date,open,high,low,close,volume
2014-01-02,17.189008849514835,17.23076850299422,17.075792907895675,17.11012840270996,234684800.0
2014-01-03,17.10177090007874,17.12775379341941,16.717269343850347,16.734283447265625,392467600.0
2014-01-06,16.62509135054919,16.914316289127452,16.505997562653175,16.825538635253906,412610800.0
2014-01-07,16.837603900374656,16.888333990100758,16.639631327673506,16.705209732055664,317209200.0
2014-01-08,16.66716551959907,16.875965464131422,16.663455091835864,16.811006546020508,258529600.0
2014-01-09,16.91431420089853,16.91617106594318,16.560128757738035,16.59632110595703,279148800.0
2014-01-10,16.69871602749191,16.72872159028717,16.428978193318883,16.485586166381836,304976000.0
2014-01-13,16.391854389063184,16.781303784698217,16.390925956453184,16.57188606262207,378492800.0
2014-01-14,16.648905165604816,16.91214712832343,16.631582137596162,16.901630401611328,332561600.0
2014-01-15,17.122191204624826,17.328825308868378,17.064654807258385,17.24097442626953,391638800.0
2014-01-16,17.16488207507778,17.225202128436123,17.065275433684636,17.144775390625,229278000.0
2014-01-17,17.059082624792985,17.077332435276144,16.70087454505423,16.724693298339844,426739600.0
2014-01-21,16.734601093360816,17.015475193347736,16.716969127114925,16.984542846679688,328526800.0
2014-01-22,17.04145623669857,17.238809325533982,16.945563338584186,17.060016632080078,379985200.0
2014-01-23,17.011450343350262,17.214372372825956,16.85276268298744,17.2044734954834,403239200.0
2014-01-24,17.137038427658833,17.18715066880616,16.850906022067754,16.891738891601562,429354800.0
2014-01-27,17.01546816450075,17.16178220079994,16.88183664941904,17.02876853942871,554878800.0
2014-01-28,15.73761673683839,15.930639879910524,15.530672059145113,15.667708396911621,1065523200.0
2014-01-29,15.588827622120018,15.694619388430667,15.423953174739786,15.489840507507324,502810000.0
2014-01-30,15.545212171195026,15.667709126245523,15.364562615810978,15.45983600616455,678501600.0
2014-01-31,15.31755032571986,15.513976724469565,15.26712913400373,15.485208511352539,464797200.0
2014-02-03,15.547378132768216,15.705756867878947,15.444989510209618,15.513969421386719,401464000.0
2014-02-04,15.647603849840216,15.759273516615464,15.552019861883101,15.738547325134277,376681200.0
2014-02-05,15.669565018119837,15.939302829214096,15.659975067278927,15.85609245300293,328344800.0
2014-02-06,15.8722807710554,15.979329054268018,15.80226305382393,15.94852066040039,257765200.0
2014-02-07,16.224540242983043,16.27277370655865,16.100066895814045,16.17163848876953,370280400.0
2014-02-10,16.139891850764933,16.55470147970671,16.11935403853627,16.461345672607422,345559200.0
2014-02-11,16.511757158898586,16.733942108827314,16.477214481389154,16.678241729736328,282256800.0
2014-02-12,16.70905511101978,16.790274060544117,16.593605908311496,16.677001953125,308100800.0
2014-02-13,16.637787558413855,16.95488554532398,16.623473576729733,16.941816329956055,307398000.0
2014-02-14,16.88081830649988,16.990045275369283,16.8416106707874,16.928117752075195,272924400.0
2014-02-18,16.990669128723837,17.15217296708488,16.978532243237616,16.990358352661133,260251600.0
2014-02-19,16.95177580174137,17.01836998050353,16.628144811717426,16.722122192382812,313768000.0
2014-02-20,16.585825877405007,16.710611668863795,16.461663300284403,16.528568267822266,305858000.0
2014-02-21,16.57959183430819,16.63498309057782,16.324732226928262,16.344959259033203,278784800.0
2014-02-24,16.27961322742303,16.49028449445839,16.256896660948797,16.416532516479492,288909600.0
2014-02-25,16.473486218084194,16.479397612672606,16.21271344674393,16.245698928833008,231952000.0
2014-02-26,16.293930507859294,16.33718489335932,16.044671440166667,16.09912872314453,276217200.0
2014-02-27,16.092595118582246,16.454813850097363,16.0586756479131,16.420272827148438,301882000.0
2014-02-28,16.464149482520614,16.578355564127506,16.24756509408559,16.375774383544922,371968800.0
2014-03-03,16.288021932418292,16.513008948415315,16.2690396552799,16.423076629638672,238781200.0
2014-03-04,16.523893691088276,16.57492744226712,16.423380069066408,16.531360626220703,259140000.0
2014-03-05,16.521401786558304,16.64058356025087,16.46569809284958,16.566211700439453,200062800.0
2014-03-06,16.57959852591875,16.630944728871757,16.433653392214477,16.516117095947266,185488800.0
2014-03-07,16.526694855092263,16.554390488393842,16.369857633013865,16.506467819213867,220729600.0
2014-03-10,16.441746587141495,16.596405099394058,16.441123372883162,16.52140998840332,178584000.0
2014-03-11,16.662370711353038,16.764748992990302,16.573370758160493,16.68228530883789,279224400.0
2014-03-12,16.633119521433244,16.721494598584513,16.55501168814004,16.698467254638672,199326400.0
2014-03-13,16.724298825517096,16.79338086667553,16.466637170849946,16.513004302978516,257742800.0
2014-03-14,16.455125767974344,16.520475180918808,16.274950380039492,16.32754135131836,237199200.0
2014-03-17,16.42120702185171,16.491844611232658,16.36363698764916,16.391332626342773,199544800.0
2014-03-18,16.365187621316085,16.554076307689048,16.343405045410382,16.536338806152344,209647200.0
2014-03-19,16.56311112821871,16.686961268466597,16.461663466273382,16.531991958618164,224756000.0
2014-03-20,16.489344910334562,16.575855296364775,16.410304780479663,16.452314376831055,208398400.0
2014-03-21,16.55283728776205,16.60947333430082,16.378574958118694,16.582088470458984,374046400.0
2014-03-24,16.754797661239046,16.819523862190422,16.650238929299334,16.778759002685547,355700800.0
2014-03-25,16.85064542765194,16.982898157755027,16.791207398873784,16.959247589111328,282293200.0
2014-03-26,17.006854307968403,17.084028162275896,16.768487360850298,16.797115325927734,299768000.0
2014-03-27,16.804585575090133,16.850641936063564,16.65210583203408,16.72492218017578,222031600.0
2014-03-28,16.751686204965882,16.770979257698063,16.62503410266017,16.706253051757812,200564000.0
2014-03-31,16.779999270722026,16.8291667070271,16.677306885250907,16.7025146484375,168669200.0
2014-04-01,16.734253279650414,16.862151763227875,16.703446561916614,16.855304718017578,200760000.0
2014-04-02,16.878030011005634,16.912260269039287,16.81205902868278,16.883319854736328,180420800.0
2014-04-03,16.8472102308991,16.88175123842606,16.73051633532941,16.76630210876465,162344000.0
2014-04-04,16.79804928955545,16.803960683472724,16.510825677541288,16.54941177368164,275251200.0
2014-04-07,16.43116294342298,16.520784465054323,16.240407887989388,16.289573669433594,289850400.0
2014-04-08,16.343098259965622,16.372038663524293,16.14113864921217,16.28864097595215,243888400.0
2014-04-09,16.26375062186686,16.50803070337001,16.24445756756195,16.50274085998535,206169600.0
2014-04-10,16.513933923716007,16.56247980452374,16.280235306583265,16.28988265991211,239652000.0
2014-04-11,16.15048207449361,16.269667274619557,16.092602898789632,16.169466018676758,271717600.0
2014-04-14,16.240718751803282,16.248808902741715,16.094773625445207,16.23387336730957,205674000.0
2014-04-15,16.18998892005201,16.232620075377415,15.911789553953364,16.118104934692383,266490000.0
2014-04-16,16.12091105335715,16.215511635350616,15.999238049308042,16.150785446166992,214765600.0
2014-04-17,16.181595000554328,16.423074732334726,16.15669966885388,16.33531951904297,284334400.0
2014-04-21,16.347762571197965,16.5593678452182,16.30481896708664,16.529184341430664,182548800.0
2014-04-22,16.440188282875038,16.549726075498064,16.383864674831056,16.54568099975586,202563200.0
2014-04-23,16.463533187144776,16.527948628596164,16.320075877507904,16.32941246032715,394940000.0
2014-04-24,17.681809950732323,17.737511989065055,17.449043668282144,17.66811752319336,759911600.0
2014-04-25,17.567292895000023,17.799435960352344,17.54955705512144,17.797882080078125,390275200.0
2014-04-28,17.824646328169063,18.53881479238126,17.816865292331496,18.487157821655273,669485600.0
2014-04-29,18.476273550492323,18.54597883130957,18.344642366096124,18.432395935058594,337377600.0
2014-04-30,18.44204260823477,18.653337200271576,18.353665828186532,18.362689971923828,456640800.0
2014-05-01,18.42211367534383,18.509245628705138,18.24660666459264,18.405933380126953,244048000.0
2014-05-02,18.432695724714236,18.49057651184019,18.35085360794598,18.440162658691406,191514400.0
2014-05-05,18.36423717873237,18.70218369913256,18.35987966639403,18.700937271118164,287067200.0
2014-05-06,18.72707270912053,18.808291600274515,18.497108459472656,18.497108459472656,374564400.0
2014-05-07,18.523262252059375,18.58674369870499,18.28925107292113,18.432395935058594,282864400.0
2014-05-08,18.40766765454905,18.600429003280038,18.349777750262387,18.399532318115234,230297200.0
2014-05-09,18.291575374903985,18.34508510408532,18.15983405065607,18.32286834716797,291597600.0
2014-05-12,18.383885072532273,18.57695724520641,18.381067452146844,18.55098533630371,213208800.0
2014-05-13,18.525009902496528,18.604491522971966,18.48433155674395,18.5800838470459,159737200.0
2014-05-14,18.538466414802144,18.693988684167728,18.51687468765325,18.583526611328125,166404000.0
2014-05-15,18.609502079915185,18.668956210186177,18.401095098535187,18.42550277709961,230846000.0
2014-05-16,18.419558814822313,18.698060402844366,18.318485444783647,18.69743537902832,276256400.0
2014-05-19,18.708076801322434,19.004727518610988,18.6918044543753,18.918987274169922,317755200.0
2014-05-20,18.916480435076267,18.975622058017066,18.79819551800805,18.922739028930664,234836000.0
2014-05-21,18.895200135025007,18.985008027121378,18.839813671565366,18.97280502319336,196859600.0
2014-05-22,18.981882633298074,19.08358270506476,18.90365270873197,19.00284767150879,200760000.0
2014-05-23,19.00222527812729,19.236291731556808,18.977817591761887,19.21751594543457,232209600.0
2014-05-27,19.27226767897648,19.584563910252356,19.264444856502138,19.577367782592773,348866000.0
2014-05-28,19.589574861213066,19.708798978772784,19.51948028498331,19.52667808532715,315481600.0
2014-05-29,19.646840461280643,19.929097190232213,19.644337023780825,19.882471084594727,376474000.0
2014-05-30,19.96382963725765,20.157528503538853,19.679696187050464,19.807994842529297,564020800.0
2014-06-02,19.838043511235274,19.865267148801102,19.47943350243078,19.6718807220459,369350800.0
2014-06-03,19.665933973256674,19.987619092604117,19.65936286587249,19.9500675201416,292709200.0
2014-06-04,19.946933539157968,20.273937956332677,19.90531430899055,20.17786979675293,335482000.0
2014-06-05,20.22105055365511,20.320247161216756,20.10871173671859,20.257036209106445,303805600.0
2014-06-06,20.336841956007156,20.379400408136743,20.16692567304857,20.201345443725586,349938400.0
2014-06-09,20.30554375194616,20.564017847014735,20.0974509231242,20.52458953857422,301660000.0
2014-06-10,20.750206103040288,20.820300681159253,20.49611221286743,20.645063400268555,251108000.0
2014-06-11,20.618776782217232,20.75677668054344,20.47420744966897,20.559635162353516,182724000.0
2014-06-12,20.59907624359084,20.61660031634157,20.13031816022796,20.21574592590332,218996000.0
2014-06-13,20.196019003294236,20.24859119050979,19.906878658354987,19.994497299194336,218100000.0
2014-06-16,20.04488156853126,20.31649789182114,20.031737684161854,20.196022033691406,142244000.0
2014-06-17,20.220118370425293,20.305546103408165,20.10840620956272,20.16973876953125,118904000.0
2014-06-18,20.211352263469433,20.21573411469076,20.009830558139473,20.191638946533203,134056000.0
2014-06-19,20.21573937786515,20.217930304046224,20.007644841525714,20.121549606323242,142112000.0
2014-06-20,20.11935789406134,20.27269096819223,19.911265037039293,19.913455963134766,403592000.0
2014-06-23,20.00325938715904,20.06897378577167,19.845546167437995,19.89592742919922,174776000.0
2014-06-24,19.878407273023818,20.095262157160835,19.755742154107836,19.775455474853516,156144000.0
2014-06-25,19.760122987244184,19.867454969838555,19.637457864279188,19.792980194091797,147476000.0
2014-06-26,19.795168511672554,19.944119714724856,19.670312479054207,19.91126251220703,130516000.0
2014-06-27,19.89373894723539,20.152213051041876,19.882785989059023,20.1478328704834,256116000.0
2014-06-30,20.174112425389342,20.53115805301802,20.171921500045688,20.355920791625977,197929200.0
2014-07-01,20.485166549682617,20.605642432087688,20.3997388044089,20.485166549682617,152892000.0
2014-07-02,20.561826181089355,20.603443739261163,20.390969083759266,20.476398468017578,113860000.0
2014-07-03,20.51801952333523,20.612209283440958,20.415067730756085,20.59687614440918,91567200.0
2014-07-07,20.6209715734705,21.026205971103284,20.612209540887644,21.021825790405273,225872000.0
2014-07-08,21.08753280480913,21.203628451633314,20.572775646376744,20.886011123657227,260888000.0
2014-07-09,20.90572834735013,21.017440484250994,20.756777160295755,20.894775390625,145744000.0
2014-07-10,20.53772932146877,20.929821401787486,20.48515713992053,20.81810760498047,158744000.0
2014-07-11,20.888204496984223,21.004298486227583,20.778681613367983,20.8575382232666,136072000.0
2014-07-14,20.997724571188215,21.223341413861178,20.95172516676632,21.12696075439453,171240000.0
2014-07-15,21.2036306818981,21.21458196741624,20.815918742689004,20.87944221496582,181911600.0
2014-07-16,21.240872667495392,21.269348021442127,20.752399771172474,20.76116180419922,213585200.0
2014-07-17,20.815915670800372,20.870677103869376,20.27706336994372,20.390966415405273,229192000.0
2014-07-18,20.507073136380814,20.752403419511914,20.375644289060904,20.684499740600586,199952000.0
2014-07-21,20.807158862839724,20.8093497886445,20.528971448355797,20.57716178894043,156316000.0
2014-07-22,20.739250512674083,20.785249917049587,20.616585434339406,20.74801254272461,220788000.0
2014-07-23,20.901342995607372,21.440195286742473,20.846581563526332,21.28905487060547,371672000.0
2014-07-24,21.256207802479747,21.317540368236376,21.120398784599296,21.254016876220703,182916000.0
2014-07-25,21.21459515103088,21.43145012481664,21.16859571242103,21.39421272277832,173876000.0
2014-07-28,21.427064176401228,21.738108870648688,21.367922534442062,21.689918518066406,221272000.0
2014-07-29,21.757821011315464,21.78191618444589,21.521251132136882,21.549726486206055,172572000.0
2014-07-30,21.562869262478966,21.6198199676885,21.394203059240013,21.499345779418945,132040000.0
2014-07-31,21.282491326277988,21.346013139412783,20.88163709996549,20.940778732299805,227372000.0
2014-08-01,20.787446025494408,21.164205055676305,20.767731035168403,21.05687141418457,194044000.0
2014-08-04,21.109438547526473,21.1554379523451,20.846582657037548,20.938581466674805,159832000.0
2014-08-05,20.888204748403698,20.958299327914318,20.66915897853469,20.835634231567383,223732000.0
2014-08-06,20.754587287995264,20.914491439889805,20.7458252564078,20.800586700439453,154232000.0
2014-08-07,20.897445841591345,21.121983127365723,20.71473312425091,20.798385620117188,186844000.0
2014-08-08,20.74995921443282,20.873234476873492,20.53422582566215,20.855623245239258,167460000.0
2014-08-11,20.972291104681585,21.150601855152562,20.877632850320193,21.130788803100586,146340000.0
2014-08-12,21.14179986494667,21.326712758466858,21.0471415943591,21.12639045715332,135180000.0
2014-08-13,21.16600770963444,21.405954360961914,21.14179269424373,21.405954360961914,127664000.0
2014-08-14,21.425771291775163,21.478603298791523,21.309099839843558,21.463193893432617,112464000.0
2014-08-15,21.551251683483123,21.615091138248793,21.322310711754355,21.568862915039062,195804000.0
2014-08-18,21.681130852304406,21.874851041448032,21.568863029413794,21.828622817993164,190288000.0
2014-08-19,21.883650879721387,22.163221970471444,21.86383782947191,22.13020133972168,277596000.0
2014-08-20,22.110398202846678,22.253484856882487,22.00253065692781,22.139015197753906,210796000.0
2014-08-21,22.13901445408045,22.220465146926085,22.037752383772137,22.141216278076172,133912000.0
2014-08-22,22.077372360424388,22.3371321159829,22.05535916341081,22.30411148071289,176736000.0
2014-08-25,22.40757480077317,22.491225619158733,22.29530531542733,22.352540969848633,161080000.0
2014-08-26,22.326125040380145,22.343736270076786,22.202849791502256,22.209453582763672,132608000.0
2014-08-27,22.238073397626046,22.57928387849078,22.16763014938617,22.482423782348633,209476000.0
2014-08-28,22.363550417147426,22.625512032997896,22.35694662506708,22.508840560913086,273840000.0
2014-08-29,22.643122151080608,22.651927766587765,22.49783201446166,22.563873291015625,178380000.0
2014-09-02,22.687148911094557,22.836841018105734,22.612303697338696,22.73998260498047,214256000.0
2014-09-03,22.69595755214121,22.717970754445,21.700946364312667,21.780195236206055,501684000.0
2014-09-04,21.760375881415044,22.03334320588942,21.527032981420756,21.59967803955078,342872000.0
2014-09-05,21.74937205810935,21.87925110132135,21.641504533289947,21.786794662475586,233828000.0
2014-09-08,21.859435497022403,21.861635640736306,21.584266377873075,21.652507781982422,185426800.0
2014-09-09,21.811014345664432,22.691555885534616,21.163815776419938,21.57106590270996,759385200.0
2014-09-10,21.575463235528538,22.2578823932756,21.520429405395724,22.233667373657227,403478400.0
2014-09-11,22.103786099066834,22.330525187499607,21.92987901194387,22.328323364257812,249412400.0
2014-09-12,22.27989014861977,22.495623449037407,22.251273168558768,22.378952026367188,250504400.0
2014-09-15,22.63211235222859,22.684946039763165,22.330528030173518,22.372352600097656,245266000.0
2014-09-16,21.969503646174207,22.290900983137195,21.769179716701224,22.20284652709961,267632400.0
2014-09-17,22.293107907261593,22.409781062709026,22.14341579031915,22.361351013183594,243706000.0
2014-09-18,22.43839441936688,22.530850855568108,22.35694374204715,22.407575607299805,149197600.0
2014-09-19,22.517647313739282,22.53085489856681,22.123604797888678,22.22486686706543,283609600.0
2014-09-22,22.409773272654665,22.48461846535852,22.141207949189806,22.246871948242188,211153600.0
2014-09-23,22.145615913878046,22.660733507143007,22.132408330294144,22.59469223022461,253608800.0
2014-09-24,22.4890218382445,22.64091404497278,22.277690483711396,22.398765563964844,240687200.0
2014-09-25,22.125798527551034,22.16982491386962,21.511620865262547,21.544641494750977,400368000.0
2014-09-26,21.689935804337203,22.17863655090332,21.661318813407448,22.17863655090332,249482000.0
2014-09-29,21.716354710985367,22.11039722708592,21.711951063040335,22.037752151489258,199065200.0
2014-09-30,22.19184413448637,22.35254367924438,22.130206505099554,22.17863655090332,221056400.0
2014-10-01,22.143409158177377,22.165424031913158,21.727353572956858,21.833019256591797,205965200.0
2014-10-02,21.852833594410182,22.061963166799195,21.58206807748978,21.991519927978516,191031200.0
2014-10-03,21.890253815410247,22.059757250043297,21.80219936334806,21.92987823486328,173878400.0
2014-10-06,22.00252160427803,22.156617315261602,21.885850169082698,21.92987823486328,148204800.0
2014-10-07,21.8880591946013,22.039953132402417,21.733965112411422,21.738367080688477,168376800.0
2014-10-08,21.740569414931482,22.25788719385516,21.64150749162722,22.189645767211914,229618800.0
2014-10-09,22.352546593992493,22.537459506265392,22.147820624261975,22.238075256347656,309506000.0
2014-10-10,22.16542305500648,22.460403539675646,22.079570425617757,22.17422866821289,265326400.0
2014-10-13,22.306314963421556,22.40537519710047,21.971708297729492,21.971708297729492,214333600.0
2014-10-14,22.099388941390075,22.128005933939754,21.69874264819686,21.738367080688477,254754400.0
2014-10-15,21.566662211925294,21.82642201262556,20.952484335367043,21.472003936767578,403734400.0
2014-10-16,21.03393162451261,21.511624891421132,21.003112812421694,21.190227508544922,288618000.0
2014-10-17,21.463197280742197,21.793400315830535,21.311303347161722,21.500619888305664,272718800.0
2014-10-20,21.64370557616282,22.004727382965225,21.62169237906497,21.96070098876953,310069200.0
2014-10-21,22.678343487354812,22.678343487354812,22.29310661688223,22.557270050048828,378495600.0
2014-10-22,22.638709416481284,22.918282138240897,22.585877424144343,22.671730041503906,273052400.0
2014-10-23,22.91169212576561,23.12522372587494,22.81263019113254,23.076793670654297,284298800.0
2014-10-24,23.153832096584384,23.222073505608964,23.0107438084207,23.16263771057129,188215600.0
2014-10-27,23.081190168106158,23.21987650781669,23.04816953105606,23.138425827026367,136750800.0
2014-10-28,23.202265238289865,23.49724578857422,23.191257799458626,23.49724578857422,192243600.0
2014-10-29,23.477435523892613,23.635933245358466,23.41359607055223,23.62932777404785,210751600.0
2014-10-30,23.545669977419987,23.631522604557773,23.31232711181461,23.550073623657227,162619200.0
2014-10-31,23.77681806507058,23.78342185641776,23.600709124815626,23.774616241455078,178557200.0
2014-11-03,23.82304398807894,24.280925845014465,23.776815773604557,24.08280372619629,209130400.0
2014-11-04,24.074003480755767,24.102620473383844,23.71298161906517,23.906700134277344,166297600.0
2014-11-05,24.01676213447372,24.06079020444703,23.803230613725788,23.963930130004883,149743600.0
2014-11-06,24.010360145579398,24.05236776170096,23.833489257221746,24.032468795776367,139874000.0
2014-11-07,24.043519816828745,24.169540956673274,23.99930252406216,24.101003646850586,134766000.0
2014-11-10,24.103220381402817,24.171759398056096,24.025839253035006,24.061214447021484,108782000.0
2014-11-11,24.03246923299312,24.264614281239382,23.966143281195556,24.253559112548828,109769200.0
2014-11-12,24.18281557852745,24.636050603037642,24.180605893743387,24.596254348754883,187769600.0
2014-11-13,24.717846556885277,25.082643469584976,24.673627573649558,24.943357467651367,238091600.0
2014-11-14,25.016322926772116,25.24625662890309,24.587407974067983,25.24404525756836,176254400.0
2014-11-17,25.2639388907577,25.92941987670985,25.049483132158237,25.20203399658203,186986800.0
2014-11-18,25.190983820514273,25.577891146662264,25.17992865076864,25.529251098632812,176896000.0
2014-11-19,25.522615175300427,25.588941124342366,25.160027922835926,25.352375030517578,167476800.0
2014-11-20,25.40543377108037,25.836558274983865,25.392167233957633,25.71495819091797,173582000.0
2014-11-21,25.98027126945699,25.99353612197536,25.653057517488325,25.750337600708008,228717200.0
2014-11-24,25.83435408323888,26.258846279930598,25.783504351613146,26.227893829345703,189803200.0
2014-11-25,26.32517408124625,26.47551527932245,25.96700783932828,26.000171661376953,275361600.0
2014-11-26,26.075339569867698,26.33180293960322,26.05101954944685,26.309694290161133,163073200.0
2014-11-28,26.3693878088039,26.398130571178417,26.09965958679559,26.294218063354492,99257600.0
2014-12-01,26.267692702974326,26.36497280698003,24.600674513435685,25.44081687927246,335256000.0
2014-12-02,25.09370160287839,25.591153837296684,24.927884191405624,25.34353256225586,237395600.0
2014-12-03,25.591152775811693,25.72380636213123,25.4496553921666,25.630949020385742,172253600.0
2014-12-04,25.595573411548724,25.911731991932133,25.489451218945277,25.533668518066406,168178000.0
2014-12-05,25.64421535215996,25.664114318985703,25.345744344029505,25.425336837768555,153275600.0
2014-12-08,25.22635993140458,25.34796006403,24.678057865778914,24.850507736206055,230659600.0
2014-12-09,24.36189444365549,25.270573986393384,24.176178067125463,25.230777740478516,240832000.0
2014-12-10,25.29489932081608,25.392177741542184,24.66037062401034,24.75101661682129,178261200.0
2014-12-11,24.819550289844862,25.160028905932492,24.616146319202365,24.67805290222168,165606800.0
2014-12-12,24.421587536211593,24.733325071482163,24.227029052288938,24.26019287109375,224112400.0
2014-12-15,24.47464893391686,24.673630162400315,23.512908297492405,23.928558349609375,268872400.0
2014-12-16,23.51733531489035,24.35526631115576,23.493015288833345,23.601348876953125,243162800.0
2014-12-17,23.683143846556245,24.284506783757326,23.61681622102402,24.18943977355957,213647200.0
2014-12-18,24.733325235400784,24.90577507019043,24.46580668569096,24.90577507019043,236024800.0
2014-12-19,24.819552390404407,25.036219545572564,24.686898789128506,24.713428497314453,353719200.0
2014-12-22,24.79743887064607,25.09148709494301,24.75543125855434,24.96988868713379,180670000.0
2014-12-23,25.0340108577416,25.056119511037437,24.86377068512118,24.881458282470703,104113600.0
2014-12-24,24.89029766138569,24.919038736888528,24.7642765045166,24.7642765045166,57918400.0
2014-12-26,24.784174274114413,25.319211358669097,24.7642769953216,25.20203399658203,134884000.0
2014-12-29,25.15782147787498,25.37448864866453,25.137922508518777,25.18435287475586,110395600.0
2014-12-30,25.12465066056697,25.186555549276957,24.786383456700463,24.877029418945312,119526000.0
2014-12-31,24.94335608999563,25.011893401748413,24.366311463198915,24.40389633178711,165613600.0
2015-01-02,24.627201352876586,24.638256521479203,23.733998044162465,24.171756744384766,212818400.0
2015-01-05,23.941822492452886,24.02141498148551,23.30508426697377,23.490798950195312,257142000.0
2015-01-06,23.55492402155403,23.751693946673704,23.132641397607483,23.493019104003906,263188400.0
2015-01-07,23.700833368573225,23.921923238379996,23.590288433669837,23.822433471679688,160423600.0
2015-01-08,24.149648973158683,24.79523103500176,24.032469916763375,24.737747192382812,237458000.0
2015-01-09,24.91019493978416,25.038427467624796,24.366314068729043,24.7642765045166,214798000.0
2015-01-12,24.894720676810472,24.901353103465542,24.05458012712268,24.154069900512695,198603200.0
2015-01-13,24.63604307861509,24.93893679296652,24.078897375604033,24.3685245513916,268367600.0
2015-01-14,24.10764031957575,24.428219965569937,23.988251583933135,24.27566909790039,195826400.0
2015-01-15,24.31989111435514,24.33315596973811,23.581451593811096,23.616825103759766,240056000.0
2015-01-16,23.663245096385996,23.784845182025002,23.258650287930678,23.433311462402344,314053200.0
2015-01-20,23.842335547833613,24.09216823052668,23.5460758723348,24.036895751953125,199599600.0
2015-01-21,24.087733182241237,24.55423279802975,23.93739204985279,24.220388412475586,194303600.0
2015-01-22,24.377375434907194,24.865983963378177,24.257986673815576,24.850507736206055,215185600.0
2015-01-23,24.828397578453714,25.14897727337954,24.658157403082065,24.97873878479004,185859200.0
2015-01-26,25.146765502192924,25.283841851514538,24.938942137018884,25.005268096923828,222460000.0
2015-01-27,24.85491990316115,24.86818644083696,24.105425465571376,24.129745483398438,382274800.0
2015-01-28,26.006796214620515,26.115131446298776,25.493867874145508,25.493867874145508,585908400.0
2015-01-29,25.717177667453264,26.351706301682732,25.54914886745016,26.28759002685547,337745600.0
2015-01-30,26.177042138049725,26.530785608810817,25.83435214922315,25.902891159057617,334982000.0
2015-02-02,26.09966297125774,26.347282575936884,25.66411560502197,26.227893829345703,250956400.0
2015-02-03,26.199143623784238,26.329585807699033,26.00237381927386,26.23230743408203,207662800.0
2015-02-04,26.199151274509653,26.643542413996485,26.15714365674654,26.43350601196289,280598800.0
2015-02-05,26.639930924608485,26.68654452657153,26.46902059335366,26.622175216674805,168984800.0
2015-02-06,26.63993325962992,26.69098536969141,26.291452270981495,26.397994995117188,174826400.0
2015-02-09,26.31364763164002,26.599977685665074,26.287011529513478,26.57334327697754,155559200.0
2015-02-10,26.673220765989218,27.11270705592525,26.671002361301323,27.083850860595703,248034000.0
2015-02-11,27.250327115569267,27.727546684528846,27.190398003857585,27.71866798400879,294247200.0
2015-02-12,27.980586855420736,28.29577483213937,27.871825725389765,28.069372177124023,297898000.0
2015-02-13,28.251381102112592,28.251381102112592,27.889582908811555,28.206989288330078,217088800.0
2015-02-17,28.29799075277954,28.606520099632363,28.171472230828833,28.373458862304688,252609600.0
2015-02-18,28.32907060671682,28.584327796449173,28.289117292728804,28.57101058959961,179566800.0
2015-02-19,28.51773266825435,28.63981268474202,28.484439657793157,28.51107406616211,149449600.0
2015-02-20,28.54881066804694,28.744138717651367,28.422293826373803,28.744138717651367,195793600.0
2015-02-23,28.85956221196255,29.52100944519043,28.779655584756064,29.52100944519043,283896400.0
2015-02-24,29.507688768942803,29.6541847994094,29.114814282465368,29.336776733398438,276912400.0
2015-02-25,29.20137905755122,29.21025945210493,28.44448629856083,28.5865421295166,298846800.0
2015-02-26,28.586535853706835,29.04821804967619,28.102659449982003,28.948335647583008,365150000.0
2015-02-27,28.855124510690715,28.981644759247157,28.464471736591616,28.513303756713867,248059200.0
2015-03-02,28.688642469948732,28.917263489087855,28.477778850639933,28.653127670288086,192386800.0
2015-03-03,28.62428056375755,28.748579000464154,28.431170918915576,28.713064193725586,151265200.0
2015-03-04,28.65534962054463,28.75745043653652,28.48221920483862,28.531047821044922,126665200.0
2015-03-05,28.5399294716474,28.577662678078546,27.913995490824327,28.058271408081055,226068400.0
2015-03-06,28.49997423841772,28.71527806330388,28.02497647411228,28.10044288635254,291368400.0
2015-03-09,28.40230594361667,28.759667204355857,27.758614702882966,28.22029685974121,354114000.0
2015-03-10,28.058276112295825,28.238065167678325,27.478953941130857,27.636547088623047,275426400.0
2015-03-11,27.68981472769633,27.69425323143729,27.103834014425015,27.132688522338867,275756000.0
2015-03-12,27.148224784716703,27.723108369874826,26.997290261725283,27.62322425842285,193450800.0
2015-03-13,27.612127532964454,27.83408997021748,27.208155964901504,27.432336807250977,207309200.0
2015-03-16,27.496709293114733,27.734209060668945,27.27252842487255,27.734209060668945,143497200.0
2015-03-17,27.945073516375672,28.260259797101323,27.889582902440626,28.198110580444336,204092400.0
2015-03-18,28.189236864578394,28.668676666622158,28.049401102368687,28.515522003173828,261083600.0
2015-03-19,28.57766207526712,28.688643287209903,28.27801314170938,28.300209045410156,183238000.0
2015-03-20,28.466685524269383,28.49997853855227,27.780822335014985,27.9450740814209,274780400.0
2015-03-23,28.215864038377056,28.377895660087294,28.0826852288018,28.23583984375,150838800.0
2015-03-24,28.240286116320142,28.420073483673672,28.09156997275746,28.120426177978516,131369200.0
2015-03-25,28.08712909527531,28.149278311362963,27.385726928710938,27.385726928710938,206620800.0
2015-03-26,27.248110901421946,27.718670212747906,27.21259609648612,27.576614379882812,190291600.0
2015-03-27,27.649861003464096,27.67871551094298,27.2814042347131,27.356870651245117,158184800.0
2015-03-30,27.534438061462257,28.056049394298906,27.523339263415995,28.04939079284668,188398800.0
2015-03-31,27.987250350887713,28.076035688112327,27.60325618054248,27.618793487548828,168362400.0
2015-04-01,27.705358811305725,27.77194823778993,27.323583045467135,27.578840255737305,162485600.0
2015-04-02,27.751966360889373,27.869606194832926,27.565518705606575,27.816335678100586,128880400.0
2015-04-06,27.62766506018275,28.302431078124016,27.596590454190107,28.266916275024414,148776000.0
2015-04-07,28.33128438729237,28.43782540520699,27.962827634632472,27.969486236572266,140049200.0
2015-04-08,27.933973429983475,28.056053452395012,27.738647087564086,27.878482818603516,149316800.0
2015-04-09,27.933976748683424,28.096010098276487,27.669842558672887,28.091569900512695,129936000.0
2015-04-10,27.95616863659895,28.235841785121607,27.80301570455954,28.21142578125,160752000.0
2015-04-13,28.493319382710112,28.53771458339684,28.102666679566266,28.15593719482422,145460400.0
2015-04-14,28.189236132714974,28.253605457805556,27.947297832300855,28.033863067626953,102098400.0
2015-04-15,28.05827490784861,28.218086453862202,27.9694895866594,28.140399932861328,115881600.0
2015-04-16,28.029417072356306,28.211426208146708,27.991683863416124,28.005001068115234,113476000.0
2015-04-17,27.86737464038928,27.99833161836464,27.625434790309594,27.689804077148438,207828000.0
2015-04-20,27.87182516731625,28.43782840664329,27.783039847390697,28.32240867614746,188217200.0
2015-04-21,28.4333978515665,28.455592069631777,28.11598971263419,28.169261932373047,129740400.0
2015-04-22,28.187003337272138,28.604292019432776,28.038288942896862,28.54880142211914,150618000.0
2015-04-23,28.477784309108728,28.948343640734574,28.442269502640794,28.781871795654297,183083600.0
2015-04-24,28.963878538604966,28.99495314314599,28.68420371085787,28.917264938354492,178103600.0
2015-04-27,29.367847188836276,29.549857998569063,29.110369969306948,29.443313598632812,387816800.0
2015-04-28,29.845069485394777,29.862823499138404,28.759673350630607,28.979413986206055,475696000.0
2015-04-29,28.89063130070376,29.20803595648382,28.477781036868112,28.553247451782227,253544400.0
2015-04-30,28.553249161739682,28.553249161739682,27.652082165186428,27.778600692749023,332781600.0
2015-05-01,27.989453132476875,28.88396286177555,27.811884261331898,28.622045516967773,234050400.0
2015-05-04,28.74413902280673,28.981640484449706,28.468904348794748,28.56656837463379,203953200.0
2015-05-05,28.444482187559743,28.51107158957588,27.918432346699838,27.92287254333496,197085600.0
2015-05-06,28.091566948029953,28.13374035515713,27.381287790009118,27.747526168823242,288564000.0
2015-05-07,27.809934179606117,28.10192070708128,27.64276698239626,27.919151306152344,175763600.0
2015-05-08,28.235660267995307,28.44517707824707,28.108613238494627,28.44517707824707,222201600.0
2015-05-11,28.393902541464577,28.4317933607156,28.00161641721362,28.155410766601562,168143200.0
2015-05-12,27.994933601416427,28.280232019184268,27.821079984371192,28.05511474609375,192640000.0
2015-05-13,28.117517649279666,28.349322990095366,28.055108846081662,28.086313247680664,138776800.0
2015-05-14,28.39835547589199,28.74160385131836,28.342633094093767,28.74160385131836,180814000.0
2015-05-15,28.76836559947997,28.861978834078926,28.57668038548427,28.70149803161621,152832000.0
2015-05-18,28.614564345788143,29.136125128096882,28.61010560206051,29.017993927001953,203531600.0
2015-05-19,29.1294376182623,29.171787179520763,28.89540289621937,28.991247177124023,178532800.0
2015-05-20,28.97565418862332,29.194085090988704,28.828546204957888,28.98902702331543,145819600.0
2015-05-21,28.991245175901085,29.338952327037514,28.93775045994756,29.285457611083984,158921600.0
2015-05-22,29.3322728259551,29.63763049072573,29.287692184974375,29.541786193847656,182384000.0
2015-05-26,29.55516466607012,29.624259903389834,28.77950634777134,28.89095115661621,282790400.0
2015-05-27,29.051428192419124,29.47937579485799,28.986791708108267,29.430339813232422,183332800.0
2015-05-28,29.390216597389056,29.410275840915023,29.220821761461984,29.372385025024414,122933200.0
2015-05-29,29.249799849537247,29.298835831261886,28.95335628766564,29.038055419921875,203538000.0
2015-06-01,29.03805632278588,29.285463910625356,28.986792667943565,29.096006393432617,128451200.0
2015-06-02,28.944439800307737,29.122752137153824,28.82408092852597,28.96673011779785,134670400.0
2015-06-03,29.122759841881248,29.18516866613454,28.953361546600167,29.002397537231445,123934000.0
2015-06-04,28.88203616955327,29.104925780306708,28.732700538471533,28.83300018310547,153800400.0
2015-06-05,28.86419923940893,28.90654880176201,28.610105266315358,28.674741744995117,142507200.0
2015-06-08,28.73046896160397,28.799567596586602,28.269089243973,28.485292434692383,210699200.0
2015-06-09,28.240104431441605,28.547693089257,27.999385017275454,28.400585174560547,224301600.0
2015-06-10,28.51203766781097,28.828540496615886,28.496435463588547,28.72601318359375,156349200.0
2015-06-11,28.79287335531546,29.015762927910345,28.636851334704033,28.66136932373047,141563600.0
2015-06-12,28.572216031997122,28.603420437404722,28.331494875556302,28.344867706298828,147544800.0
2015-06-15,28.106380817168155,28.36047484860761,28.01945400117639,28.28915023803711,175955600.0
2015-06-16,28.31366687282689,28.496436284919938,28.166560614563103,28.44071388244629,125976400.0
2015-06-17,28.46745736198288,28.503118810431552,28.249024825876823,28.373844146728516,131672400.0
2015-06-18,28.358239752616896,28.598959187451726,28.356010380850975,28.503116607666016,141628800.0
2015-06-19,28.465230620681456,28.489748612730004,28.17324578875584,28.217823028564453,218867600.0
2015-06-22,28.416190490661805,28.54323747614416,28.324806652233242,28.44293785095215,136157200.0
2015-06-23,28.413966729522002,28.44294176510625,28.280231610178866,28.31366539001465,121075600.0
2015-06-24,28.353773799707344,28.931058503404127,28.333714560451643,28.55437469482422,221123600.0
2015-06-25,28.721558460219097,28.797340119762264,28.418428421020508,28.418428421020508,127752400.0
2015-06-26,28.456307282890617,28.527631867968932,28.19775629967382,28.251249313354492,176267200.0
2015-06-29,27.963724665436832,28.188843602589348,27.745293843675427,27.756437301635742,196645600.0
2015-06-30,27.988249011637773,28.110838980636498,27.829997588347577,27.95704460144043,177482800.0
2015-07-01,28.284690588790067,28.29360637685433,28.081860236481678,28.217823028564453,120955200.0
2015-07-02,28.17992814465645,28.23787990846841,28.032820213559727,28.182157516479492,108844000.0
2015-07-06,27.847819284826983,28.135346991493343,27.82775834223936,28.084081649780273,112241600.0
2015-07-07,28.059572816666325,28.117524591306235,27.587046232126976,28.014995574951172,187787200.0
2015-07-08,27.74529812250506,27.780959574195116,27.312891754866524,27.319578170776367,243046400.0
2015-07-09,27.604878270746532,27.651684885484176,26.572899973215907,26.76235580444336,314380000.0
2015-07-10,27.179152078806016,27.604870232026634,27.016441960232164,27.47782325744629,245418000.0
2015-07-13,27.86789066759022,28.03060084863973,27.70963923150807,28.008312225341797,165762000.0
2015-07-14,28.093000630326042,28.166554593992238,27.87011106807386,27.99715805053711,127072400.0
2015-07-15,28.021677052619474,28.340409206196515,27.990472648815775,28.266855239868164,134596800.0
2015-07-16,28.47191330005847,28.6569137524723,28.38498650348072,28.643537521362305,144889600.0
2015-07-17,28.77059225951504,28.89095115661621,28.598966301606755,28.89095115661621,184658800.0
2015-07-20,29.19183763419015,29.63761662727419,29.13165651783714,29.4370174407959,235600800.0
2015-07-21,29.6108918995178,29.62649240676691,29.046981346880727,29.142822265625,307025600.0
2015-07-22,27.190296618307492,27.97263944055738,27.190296618307492,27.91023063659668,461802400.0
2015-07-23,28.128669554648045,28.32704118175297,27.874575522165046,27.896865844726562,203998000.0
2015-07-24,27.932519507964106,28.026132714762245,27.61601674182999,27.7497501373291,168649200.0
2015-07-27,27.435479418016175,27.551382959642904,27.2192779394094,27.364154815673828,177822000.0
2015-07-28,27.500110626220703,27.618243509962646,27.31511360180114,27.500110626220703,134472400.0
2015-07-29,27.448850173498315,27.526861180871986,27.252706268658887,27.41318702697754,148046800.0
2015-07-30,27.263860178582807,27.319582587523705,27.12789736472597,27.275005340576172,134513200.0
2015-07-31,27.32626015786236,27.335175944468048,26.949577951718467,27.0365047454834,171540000.0
2015-08-03,27.08108956306064,27.319581394895884,26.19398810322195,26.3990478515625,279904000.0
2015-08-04,26.17169774277363,26.23410656183663,25.242248472058005,25.552064895629883,496554400.0
2015-08-05,25.175379798653793,26.176155333337917,24.98592397756085,25.721460342407227,397250400.0
2015-08-06,25.965507100240163,26.084173021789667,25.55129525226573,25.77743148803711,211612000.0
2015-08-07,25.65428840489449,26.028198458805463,25.63637611641484,25.8647518157959,154681600.0
2015-08-10,26.09088021262389,26.865568469677257,26.09088021262389,26.805116653442383,219806400.0
2015-08-11,26.377477660792525,26.460320707941776,25.374413492449477,25.410236358642578,388331200.0
2015-08-12,25.195307563062396,25.842374338758933,24.546001323210984,25.802072525024414,404870000.0
2015-08-13,25.981185216574417,26.061788822760462,25.645337426869283,25.78191566467285,194143200.0
2015-08-14,25.596074898960804,26.041632408633568,25.526666914798433,25.963268280029297,171718000.0
2015-08-17,25.981181919757336,26.341658638289204,25.86027652582025,26.231948852539062,163538800.0
2015-08-18,26.0684984708707,26.294636399882883,25.974461525098807,26.084171295166016,138242800.0
2015-08-19,25.994611172196148,26.088648116539442,25.67667576520136,25.75056266784668,193146000.0
2015-08-20,25.54233904929411,25.602790887378635,24.99378674748932,25.222164154052734,274006400.0
2015-08-21,24.72510991580904,25.054240964055126,23.654875424376108,23.67950439453125,513102000.0
2015-08-24,21.241250669242508,24.360156748493395,20.598661378669732,23.08841323852539,648825200.0
2015-08-25,24.87736060051428,24.87736060051428,23.17349300701332,23.22722816467285,414406400.0
2015-08-26,23.977289788865253,24.604206278523865,23.5205383474457,24.55942726135254,387098400.0
2015-08-27,25.12812497808205,25.35426119331706,24.63330787706283,25.28261375427246,338464400.0
2015-08-28,25.114690636761168,25.36993475251835,24.973635217487907,25.36545753479004,212657600.0
2015-08-31,25.0833527856398,25.643099127221372,25.076636102854465,25.24679946899414,224917200.0
2015-09-01,24.662414750878053,25.049758115006753,24.03773786680285,24.11834144592285,307383600.0
2015-09-02,24.680331491377068,25.152755737304688,24.43404178394238,25.152755737304688,247555200.0
2015-09-03,25.186335436288882,25.251266189902623,24.637784932882873,24.711671829223633,212935600.0
2015-09-04,24.398216919917026,24.729585703954335,24.295223827137335,24.46538543701172,199985200.0
2015-09-08,25.020651656008656,25.20200885292849,24.70047680586289,25.146034240722656,219374400.0
2015-09-09,25.470695969461797,25.5289083544213,24.577339649802433,24.66242218017578,340043200.0
2015-09-10,24.68928317884413,25.363218042113143,24.60644183939437,25.20425033569336,251571200.0
2015-09-11,25.0296134146864,25.571447372436523,25.022896733028254,25.571447372436523,199662000.0
2015-09-14,26.102080012193714,26.171487980549426,25.716974429943633,25.81772804260254,233453600.0
2015-09-15,25.95655179487588,26.09089054609967,25.618464599531592,26.034915924072266,173364800.0
2015-09-16,26.028199393312086,26.09313016022468,25.84684216352134,26.064023971557617,148694000.0
2015-09-17,25.89610010440373,26.08193455236949,25.461736488332857,25.506515502929688,256450400.0
2015-09-18,25.123651498552046,25.59160027079234,25.047526825406674,25.40128517150879,297141200.0
2015-09-21,25.450535774855613,25.831164155409084,25.448298020321634,25.795339584350586,200888000.0
2015-09-22,25.385610108649438,25.564729583421176,25.193057271143285,25.39008903503418,201384800.0
2015-09-23,25.441582658931672,25.685632880726555,25.367697461699983,25.596073150634766,143026800.0
2015-09-24,25.356506762297254,25.86027841982634,25.159476684530407,25.748329162597656,200878000.0
2015-09-25,26.070742458195273,26.126717084422445,25.528906778076614,25.68339729309082,224607600.0
2015-09-28,25.490838214734715,25.65204537219925,25.175142288208008,25.175142288208008,208436000.0
2015-09-29,25.262471521665464,25.41472259022389,24.14969555549422,24.418373107910156,293461600.0
2015-09-30,24.666895064629845,24.973636596352218,24.344482415888265,24.696002960205078,265892000.0
2015-10-01,24.420601363001158,24.543746181127062,24.026539653207696,24.5347900390625,255716400.0
2015-10-02,24.18327653973538,24.854972014083216,24.080283438653904,24.71391487121582,232079200.0
2015-10-05,24.60196544381129,24.93557542351823,24.420608213703833,24.80347442626953,208258800.0
2015-10-06,24.769892872875147,25.018420368941634,24.577340007306336,24.922143936157227,192787200.0
2015-10-07,25.018416771488347,25.025133452868637,24.496734588503575,24.80347442626953,187062400.0
2015-10-08,24.671374349752824,24.671374349752824,24.228054602494883,24.516883850097656,247918400.0
2015-10-09,24.628833061271347,25.13932132777321,24.514644356961238,25.103498458862305,211064400.0
2015-10-12,25.240076459852247,25.244553677850178,24.95124721500519,24.987070083618164,121868800.0
2015-10-13,24.812433567575923,25.177387535065,24.78108791187552,25.02961540222168,132197200.0
2015-10-14,24.917660669581448,24.969156360543135,24.53031556893734,24.67584991455078,177849600.0
2015-10-15,24.837060506657778,25.099021339929475,24.738544620691677,25.045286178588867,150694000.0
2015-10-16,25.02737877890036,25.076636731508046,24.74750560109335,24.8616943359375,156930400.0
2015-10-19,24.807961931997472,25.02066488757859,24.653471373983717,25.01618766784668,119036800.0
2015-10-20,24.928850033070333,25.56248299121754,24.812423602685307,25.472923278808594,195871200.0
2015-10-21,25.524430660803066,25.87819072379164,25.45726042314849,25.47069549560547,167180800.0
2015-10-22,25.59831822458685,25.860279083251953,25.546820813328083,25.860279083251953,166616400.0
2015-10-23,26.128953305791157,26.695417924855107,26.046111957092148,26.661832809448242,237467600.0
2015-10-26,26.437934453562765,26.44912835328263,25.730414396005532,25.811017990112305,265335200.0
2015-10-27,25.837888773055862,26.093132941527404,25.522191049403634,25.64757537841797,279537600.0
2015-10-28,26.180450754337446,26.711090795666422,25.985658451219486,26.70437240600586,342205600.0
2015-10-29,26.576744248767543,27.022303376022826,26.480467850862226,26.986478805541992,204909200.0
2015-10-30,27.08947524439327,27.140972643796445,26.744671397677827,26.75586700439453,197461200.0
2015-11-02,27.04693442912581,27.17231701906884,26.78049471728719,27.132015228271484,128813200.0
2015-11-03,27.04469827373439,27.649223501416767,27.024546521766375,27.4432373046875,182076000.0
2015-11-04,27.568621294076515,27.723111803484766,27.23053579384363,27.315616607666016,179544400.0
2015-11-05,27.39881233945184,27.58769302350806,27.023301736159723,27.189695358276367,158210800.0
2015-11-06,27.232419678827696,27.389818824830183,27.12224027662596,27.221176147460938,132169200.0
2015-11-09,27.19869029971431,27.38981832077774,26.994071413676664,27.11099624633789,135485600.0
2015-11-10,26.28576706591504,26.548849178276132,26.09688641296129,26.256534576416016,236511600.0
2015-11-11,26.16660423355046,26.40270300484508,25.90576934466603,26.10814094543457,180872000.0
2015-11-12,26.14186590486939,26.267785230646265,26.004703046924377,26.020442962646484,130102400.0
2015-11-13,25.903516496024874,25.98671417400718,25.24468565184891,25.260425567626953,183249600.0
2015-11-16,25.044560019694394,25.687650868218494,24.959115018300725,25.67416000366211,152426800.0
2015-11-17,25.840553113619983,25.869785606944667,25.4807824365316,25.563980102539062,110467600.0
2015-11-18,26.029433820390178,26.418435275716188,25.970970549197364,26.373464584350586,186698800.0
2015-11-19,26.4521669807997,26.92661520218859,26.254293515899754,26.70850372314453,173183200.0
2015-11-20,26.802937135826262,26.964834350174375,26.724237577607514,26.825424194335938,137148400.0
2015-11-23,26.818679903531073,26.92211558023021,26.38470604711246,26.476898193359375,129930000.0
2015-11-24,26.382456619557942,26.836666736115248,26.33523688334568,26.73098373413086,171212800.0
2015-11-25,26.805189057323886,26.809687155716535,26.515123469785976,26.539857864379883,85553200.0
2015-11-27,26.598315183683518,26.625298621436436,26.443163418766883,26.49038314819336,52185600.0
2015-11-30,26.530865778854082,26.850163888211174,26.476900601922452,26.60057258605957,156721200.0
2015-12-01,26.70175553371693,26.715246398072217,26.276776151306265,26.384706497192383,139409600.0
2015-12-02,26.384712014941304,26.557852816144788,26.101393511099324,26.146364212036133,133546400.0
2015-12-03,26.20707112760899,26.26103630068144,25.68315416394497,25.903512954711914,166278000.0
2015-12-04,25.92374906366475,26.814182073839056,25.88327475795129,26.764713287353516,231108000.0
2015-12-07,26.7534740057645,26.951347454917414,26.49039013596013,26.596073150634766,128336800.0
2015-12-08,26.42517943806766,26.668025277025105,26.27677479127488,26.584829330444336,137238000.0
2015-12-09,26.452157741467275,26.463401269344825,25.87652479698384,25.997947692871094,185445600.0
2015-12-10,26.092395120589035,26.294766675544988,25.9732212369822,26.121625900268555,116850800.0
2015-12-11,25.901263557714888,25.9462342457726,25.37509758672638,25.44930076599121,187544800.0
2015-12-14,25.22444859662869,25.336877053252007,24.687040711210994,25.291906356811523,257274800.0
2015-12-15,25.17048015678753,25.363857214368085,24.81295681897348,24.844436645507812,213292400.0
2015-12-16,24.974859527456996,25.18172749448732,24.46443504340053,25.03557014465332,224954000.0
2015-12-17,25.18847112712789,25.240188972948975,24.504907608032227,24.504907608032227,179091200.0
2015-12-18,24.48915868215851,24.626319772998293,23.79210112241236,23.841569900512695,385813200.0
2015-12-21,24.122642808471436,24.142880817223016,23.738137797407738,24.133886337280273,190362400.0
2015-12-22,24.149633498233573,24.221587643855155,23.936018395387947,24.111408233642578,131157600.0
2015-12-23,24.120399910081744,24.475674238564384,24.10465999504882,24.421709060668945,130629600.0
2015-12-24,24.509399823075448,24.509399823075448,24.273299413800387,24.291288375854492,54281600.0
2015-12-28,24.19235369291601,24.21484075593349,23.87530634752975,24.019214630126953,106816800.0
2015-12-29,24.05069228904836,24.606089071221,24.02820694358233,24.450937271118164,123724800.0
2015-12-30,24.414971198651408,24.441952938204793,24.100171084855262,24.131650924682617,100855200.0
2015-12-31,24.06193753581308,24.066433919018245,23.569500372029918,23.668437957763672,163649200.0
2016-01-04,23.072571194352893,23.693176841034074,22.935408321073314,23.688678741455078,270597600.0
2016-01-05,23.778619886268466,23.80110523572787,23.02759857808662,23.095054626464844,223164000.0
2016-01-06,22.61160946546592,23.018601623728564,22.456459369988686,22.643089294433594,273829600.0
2016-01-07,22.1888762678676,22.514918047091673,21.682948304264993,21.68744468688965,324377600.0
2016-01-08,22.15964349622422,22.285562784635363,21.75714952445672,21.802120208740234,283192000.0
2016-01-11,22.254085126159012,22.27432142139755,21.887567323079747,22.155147552490234,198957600.0
2016-01-12,22.6093567245852,22.640836546024453,22.224850005322768,22.4766902923584,196616800.0
2016-01-13,22.557644030110175,22.753270149750488,21.878576950229252,21.898813247680664,249758400.0
2016-01-14,22.02698744198462,22.593627937921937,21.52780471978542,22.377763748168945,252680400.0
2016-01-15,21.631224663867417,21.97075893089338,21.442345764926145,21.840341567993164,319335600.0
2016-01-19,22.128172189622163,22.18213737463392,21.473837673705663,21.73467254638672,212350800.0
2016-01-20,21.383890151871395,22.07869884236,21.00613050352855,21.763898849487305,289337600.0
2016-01-21,21.824612792458826,22.008995404035435,21.347917205004382,21.653722763061523,208646000.0
2016-01-22,22.1776322715049,22.813977619619987,22.119170721005172,22.804983139038086,263202000.0
2016-01-25,22.82747279854689,22.829721847998016,22.30805388427223,22.359771728515625,207178000.0
2016-01-26,22.469945722059563,22.683559049368025,22.051711832036922,22.483436584472656,300308000.0
2016-01-27,21.59525392611128,21.727918655502844,20.9881393498941,21.006128311157227,533478800.0
2016-01-28,21.08932801960842,21.253472589399497,20.774528029001694,21.156784057617188,222715200.0
2016-01-29,21.314179800006055,21.887563705444336,21.215242242689943,21.887563705444336,257666000.0
2016-02-01,21.691943547249263,21.745908718250337,21.451346753613898,21.68294906616211,163774000.0
2016-02-02,21.455844447191097,21.595256339276258,21.19950772487338,21.24448013305664,149428800.0
2016-02-03,21.361406285496777,21.77514217326002,21.154538341615158,21.664962768554688,183857200.0
2016-02-04,21.671744236953774,22.004077747075282,21.520273040791043,21.839040756225586,185886800.0
2016-02-05,21.820950772345686,21.91138191520352,21.18115418813304,21.25575828552246,185672400.0
2016-02-08,21.05455024976029,21.635568066922946,21.034204147813604,21.479576110839844,216085600.0
2016-02-09,21.316798683574508,21.689826046107488,21.235410832664385,21.475051879882812,177324800.0
2016-02-10,21.685304214332465,21.782517387893716,21.273844166316813,21.31227684020996,169374400.0
2016-02-11,21.20376037719903,21.414012039734246,20.932466963536864,21.183412551879883,200298800.0
2016-02-12,21.29419027516161,21.36427358364902,21.027419382584206,21.248973846435547,161405600.0
2016-02-16,21.48183997106786,21.89556137572281,21.38914927990064,21.848085403442383,196231600.0
2016-02-17,21.85486738201881,22.2030262360018,21.73730807831995,22.182680130004883,179452800.0
2016-02-18,22.34545201182724,22.356756552852104,21.72374020173718,21.762174606323242,156084000.0
2016-02-19,21.70339720157561,21.87521624570744,21.658182480671407,21.712440490722656,141496800.0
2016-02-22,21.773470421231348,21.906856718144883,21.685300549047078,21.902334213256836,137123200.0
2016-02-23,21.79382570024182,21.816433057926353,21.375583546170017,21.40723419189453,127770400.0
2016-02-24,21.24672141606341,21.789304943382405,21.097509738669007,21.726003646850586,145022800.0
2016-02-25,21.71469724744798,21.875211715698242,21.53383495162281,21.875211715698242,110330800.0
2016-02-26,21.97468901706924,22.160072132847002,21.834522347109864,21.909128189086914,115964400.0
2016-02-29,21.897824853578705,22.207551056392386,21.850348876475493,21.859392166137695,140865200.0
2016-03-01,22.07641701285967,22.781776072857877,22.024418549544972,22.72751808166504,201628400.0
2016-03-02,22.722996116250552,22.80890474156228,22.526308536790392,22.777254104614258,132678400.0
2016-03-03,22.738825064766097,22.994291453723786,22.70943395088638,22.946815490722656,147822800.0
2016-03-04,23.14349981293119,23.45548540753342,22.917422845147737,23.288188934326172,184220400.0
2016-03-07,23.148021534114374,23.24749595592753,22.824731388052065,23.03046226501465,143315600.0
2016-03-08,22.784041658436184,23.00559789558876,22.698133012307633,22.840560913085938,126247600.0
2016-03-09,22.90385814664647,22.96489989676454,22.66873788195745,22.860904693603516,108806800.0
2016-03-10,22.92647500614705,23.114117651176542,22.64161743351319,22.872215270996094,134054400.0
2016-03-11,23.114105043673117,23.12314832793232,22.94680859695318,23.118627548217773,109632800.0
2016-03-14,23.039512345350563,23.26558938899134,23.010121225785447,23.177417755126953,100304400.0
2016-03-15,23.5029704901053,23.778784773873998,23.47810187600609,23.643138885498047,160270800.0
2016-03-16,23.6499173154633,24.034247561404328,23.645394809136018,23.957382202148438,153214000.0
2016-03-17,23.855642308875673,24.070416476018195,23.72903975128799,23.9189453125,137682800.0
2016-03-18,24.04103119537041,24.077204349071888,23.781043983672387,23.94607925415039,176820800.0
2016-03-21,23.948339827689416,24.337192594788167,23.76973876722751,23.943819046020508,142010800.0
2016-03-22,23.7946043981686,24.255801688020146,23.785561111132616,24.126937866210938,129777600.0
2016-03-23,24.072687238247955,24.206071881993157,23.94156212333048,23.993558883666992,102814000.0
2016-03-24,23.844345980833857,24.020685798250415,23.713220882046333,23.88956069946289,104532000.0
2016-03-28,23.964165853851004,24.007121042704743,23.751652887729456,23.781044006347656,77645600.0
2016-03-29,23.71321622003621,24.3688398602475,23.710954967100033,24.343971252441406,124760400.0
2016-03-30,24.563262331284133,24.96341779615798,24.551957793222076,24.768991470336914,182404400.0
2016-03-31,24.805166040480007,24.845859965083974,24.615260484051355,24.64012908935547,103553600.0
2016-04-01,24.59265983674843,24.86847409817385,24.461534741180458,24.866212844848633,103496000.0
2016-04-04,24.963426251062174,25.363583576296314,24.929514350220664,25.121681213378906,149424800.0
2016-04-05,24.757693679430663,25.033507905725035,24.737345851757283,24.825515747070312,106314800.0
2016-04-06,24.920469282378427,25.090027037913124,24.68760851591967,25.08550453186035,105616400.0
2016-04-07,24.8571722245574,24.96342871944634,24.443452512841343,24.53840446472168,127207600.0
2016-04-08,24.622048122439764,24.816472765264848,24.454749892241516,24.565528869628906,94326800.0
2016-04-11,24.635618339352387,25.006384592335355,24.603967687865875,24.646921157836914,117630000.0
2016-04-12,24.719259012369672,24.981509167293467,24.5655283041007,24.967945098876953,108929200.0
2016-04-13,25.04933303960668,25.397490112175344,25.04933303960668,25.329668045043945,133029200.0
2016-04-14,25.234720905280778,25.40879947460225,25.1691583538963,25.343236923217773,101895600.0
2016-04-15,25.345492997748178,25.38844818035454,24.807430350412904,24.834558486938477,187756000.0
2016-04-18,24.61752523713194,24.63108930565179,24.17667576192985,24.298757553100586,243286000.0
2016-04-19,24.389190358549207,24.416320224181874,24.016164623877835,24.169897079467773,129539600.0
2016-04-20,24.108848239312596,24.43665915991197,23.97772318114068,24.21962547302246,122444000.0
2016-04-21,24.17441593542663,24.17441593542663,23.85564650775408,23.957382202148438,126210000.0
2016-04-22,23.74035160475451,24.072685145645565,23.65218169286476,23.891822814941406,134732400.0
2016-04-25,23.73808751165138,23.88503792216586,23.627310252882967,23.756174087524414,112126400.0
2016-04-26,23.49166231613834,23.805909213746393,23.49166231613834,23.591135025024414,224064800.0
2016-04-27,21.703387203160826,22.316055530770424,21.6310426481435,22.11484718322754,458408400.0
2016-04-28,22.067376626555074,22.128416659063998,21.30775775071809,21.43888282775879,328970800.0
2016-04-29,21.248980273172936,21.414017269485193,20.91438722355462,21.192461013793945,274126000.0
2016-05-02,21.24445330301094,21.269321907880144,20.889512526495484,21.16984748840332,192640400.0
2016-05-03,21.29645296422147,21.644611755356102,21.178893681743983,21.518009185791016,227325200.0
2016-05-04,21.522525941262998,21.68078084844939,21.21054035683375,21.294189453125,164102000.0
2016-05-05,21.380624970491734,21.396546643077752,21.080386476489608,21.207759857177734,143562000.0
2016-05-06,21.237326423641814,21.255521378366904,20.891596253887002,21.089481353759766,174799600.0
2016-05-09,21.153174647026425,21.328313071417906,21.059917882827285,21.105409622192383,131745600.0
2016-05-10,21.22823683436877,21.282825191723187,20.9507432702072,21.248706817626953,134747200.0
2016-05-11,21.262351491200416,21.282821470879867,21.03034797617292,21.04172134399414,114876400.0
2016-05-12,21.089483696513835,21.103130347906575,20.35026000031779,20.54814338684082,305258800.0
2016-05-13,20.470811496382066,20.85065835989076,20.470811496382066,20.589086532592773,177571200.0
2016-05-16,21.014427313211556,21.469334282624654,20.846112220421773,21.35333251953125,245039200.0
2016-05-17,21.505731278245694,21.539847918404913,21.155452644838842,21.264629364013672,187667600.0
2016-05-18,21.417021320337167,21.655846442176664,21.355607906626723,21.50800132751465,168249600.0
2016-05-19,21.526198945289668,21.526198945289668,21.282823771465388,21.426118850708008,121768400.0
2016-05-20,21.526191984100123,21.705880397930738,21.498896948404816,21.65811538696289,128104000.0
2016-05-23,21.805962881211684,22.106201365867136,21.760471150002004,21.93333625793457,152074400.0
2016-05-24,22.113029836530032,22.31091327350232,22.026596394788104,22.267698287963867,140560800.0
2016-05-25,22.44282895707906,22.686204051643767,22.315455594789317,22.658910751342773,152675200.0
2016-05-26,22.672562175159538,22.91138901506927,22.436010355864525,22.838603973388672,225324800.0
2016-05-27,22.617975124751148,22.85225193686595,22.574758407254578,22.8249568939209,145364800.0
2016-05-31,22.65436449782062,22.83632796179195,22.47695107488128,22.713502883911133,169228800.0
2016-06-01,22.522440595846764,22.64071736552092,22.365498890213363,22.39506721496582,116693200.0
2016-06-02,22.19946200391749,22.254050359871055,21.978831823800608,22.226757049560547,160766400.0
2016-06-03,22.242680887647182,22.351857610166164,22.16534578514125,22.272249221801758,114019600.0
2016-06-06,22.288170498218324,23.175239595545445,22.1880921269331,22.433740615844727,93170000.0
2016-06-07,22.57475737303988,22.715779152130132,22.508795657110518,22.524717330932617,89638000.0
2016-06-08,22.522440715899357,22.645265791831612,22.445107372904335,22.50424575805664,83392400.0
2016-06-09,22.40416344628129,22.743068580032585,22.395065100601336,22.665735244750977,106405600.0
2016-06-10,22.41098652715373,22.59749827322753,22.39961489667688,22.479223251342773,126851600.0
2016-06-13,22.447375660216185,22.54518068752905,22.085723867005676,22.14031219482422,152082000.0
2016-06-14,22.135774446827423,22.39962133855026,22.006126021848438,22.167617797851562,127727600.0
2016-06-15,22.249501827096797,22.38370029764535,22.069813349604768,22.094833374023438,117780800.0
2016-06-16,21.937887249421912,22.233577464826187,21.851455552539154,22.188087463378906,125307200.0
2016-06-17,21.976554986775636,21.983378313250622,21.676316474550408,21.68313980102539,244032800.0
2016-06-20,21.83552774031049,21.96517611685531,21.614897651114674,21.63081932067871,137647600.0
2016-06-21,21.59442766543706,21.915136076581305,21.535289291945308,21.8150577545166,142185600.0
2016-06-22,21.892393901115703,22.037963965891365,21.687685455233666,21.733177185058594,116876400.0
2016-06-23,21.82188662145151,21.901494989448125,21.664943170735132,21.858278274536133,128960800.0
2016-06-24,21.132696572465253,21.530740028973007,21.073558201605493,21.24414825439453,301245600.0
2016-06-27,21.153171470640384,21.164544837606925,20.811991285630054,20.934816360473633,181958400.0
2016-06-28,21.130428958218253,21.303294091522243,20.957563824914264,21.287370681762695,161779600.0
2016-06-29,21.373802149958266,21.50572557469528,21.29646707033125,21.471607208251953,146124000.0
2016-06-30,21.480709358789877,21.78322119864781,21.448866007225885,21.74455451965332,143345600.0
2016-07-01,21.719530809980615,21.942435968436794,21.683139158082344,21.81051254272461,104106000.0
2016-07-05,21.696786177642384,21.699061198215826,21.485254382950593,21.605804443359375,110820800.0
2016-07-06,21.51710393229468,21.758205857945924,21.46479059135107,21.728635787963867,123796400.0
2016-07-07,21.767297883971878,21.94926136663653,21.749102923971318,21.821887969970703,100558400.0
2016-07-08,21.946985234678728,22.037966971404515,21.846906886079424,21.990201950073242,115648400.0
2016-07-11,22.006120385162472,22.21082882883504,22.001572079895098,22.058435440063477,95179600.0
2016-07-12,22.101656369381995,22.222206447769825,22.090284735483287,22.158519744873047,96670000.0
2016-07-13,22.1562418216382,22.21537847033125,22.02659168673724,22.033416748046875,103568800.0
2016-07-14,22.15169568117808,22.51562092515798,22.135774005983098,22.470130920410156,155676000.0
2016-07-15,22.49970262335273,22.586136074798013,22.404172557859976,22.467859268188477,120548000.0
2016-07-18,22.449660537981696,22.774919123726548,22.426915534255787,22.706684112548828,145975600.0
2016-07-19,22.645268497534165,22.74534858662166,22.595228452990415,22.71578025817871,95119600.0
2016-07-20,22.745346363142545,22.849974748173135,22.686207976705354,22.736248016357422,105104000.0
2016-07-21,22.706685337909654,22.972805540062225,22.547466832571022,22.615703582763672,130808000.0
2016-07-22,22.577031117300013,22.586129464017173,22.360949287264944,22.44055938720703,113254800.0
2016-07-25,22.347295613105818,22.48149228052049,22.044782187308858,22.14031219482422,161531600.0
2016-07-26,22.02204294034227,22.283614754680112,21.931061213355353,21.987924575805664,224959200.0
2016-07-27,23.716572664616915,23.734769358782028,23.37084415214117,23.41633415222168,369379200.0
2016-07-28,23.389044621634927,23.757518193627863,23.386769600664,23.732498168945312,159479200.0
2016-07-29,23.698374515782017,23.78025789317055,23.582372775259596,23.702922821044922,110934800.0
2016-08-01,23.748424851530423,24.144193523690237,23.748424851530423,24.121448516845703,152671600.0
2016-08-02,24.12144519959996,24.125993506210257,23.655164814413595,23.76434326171875,135266400.0
2016-08-03,23.83939648237703,24.073673267492833,23.83029813577721,24.062301635742188,120810400.0
2016-08-04,24.14462799807037,24.240675539017396,24.076021614689463,24.210947036743164,109634800.0
2016-08-05,24.302424706416335,24.618012038856754,24.28184383416143,24.57913589477539,162213600.0
2016-08-08,24.588275371476584,24.78265953063965,24.505950159200445,24.78265953063965,112148800.0
2016-08-09,24.750647271588278,24.91301386456508,24.70033615226784,24.883283615112305,105260800.0
2016-08-10,24.860414223228336,24.903865050535522,24.643163576158123,24.698047637939453,96034000.0
2016-08-11,24.816968693744894,24.910730658006244,24.663749710166492,24.682044982910156,109938000.0
2016-08-12,24.647737433289596,24.798670789690842,24.647737433289596,24.739212036132812,74641600.0
2016-08-15,24.7300631952653,25.050223417235557,24.71634261616451,25.036502838134766,103472800.0
2016-08-16,25.070807047570803,25.208019832624814,24.974759493819427,25.013635635375977,135177600.0
2016-08-17,24.949607870960957,25.011353982927975,24.775806261930317,24.97705078125,101424000.0
2016-08-18,24.979335317571383,25.063947894830854,24.931309793782944,24.945032119750977,87938800.0
2016-08-19,24.87413637804353,25.084528493542,24.780376172592096,25.009061813354492,101472400.0
2016-08-22,24.894713986665746,24.949598040886347,24.66374104741897,24.814674377441406,103280800.0
2016-08-23,24.832968699375346,24.999909956623046,24.81924812156115,24.892427444458008,85030800.0
2016-08-24,24.828398820745715,24.869562304003725,24.624868749284683,24.70490837097168,94700400.0
2016-08-25,24.558550794094852,24.670606269416346,24.396184198705306,24.599714279174805,100344800.0
2016-08-26,24.563127145006252,24.686615863863906,24.31157152765486,24.455644607543945,111065200.0
2016-08-29,24.382469049717127,24.569991246910746,24.30700235280505,24.428205490112305,99881200.0
2016-08-30,24.19494235533743,24.355021611699517,24.12633596276337,24.240678787231445,99455600.0
2016-08-31,24.16292739451736,24.371030435457087,24.15835270431955,24.263547897338867,118649600.0
2016-09-01,24.272692142709676,24.42362549295995,24.15377638517271,24.407617568969727,106806000.0
2016-09-02,24.629440913728413,24.698047298562003,24.428198193473584,24.636302947998047,107210000.0
2016-09-06,24.6751765670676,24.766651155933022,24.585989322725293,24.629438400268555,107521600.0
2016-09-07,24.65917711863844,24.87185486932278,24.48537551454301,24.780380249023438,169457200.0
2016-09-08,24.526535907357516,24.531108852664694,24.066877263365704,24.130908966064453,212008000.0
2016-09-09,23.929666407859465,24.176647329951983,23.5843505859375,23.5843505859375,186228000.0
2016-09-12,23.4745861238092,24.176651113238844,23.447143213260162,24.112619400024414,181171200.0
2016-09-13,24.585994491587748,24.878711841710718,24.524248389610946,24.686614990234375,248704800.0
2016-09-14,24.864989328027217,25.848336490600545,24.835259079485677,25.560192108154297,443554800.0
2016-09-15,26.03814698558614,26.46578975844702,25.953532671086496,26.42919921875,359934400.0
2016-09-16,26.326288172101272,26.557259383053502,26.079307293432148,26.280550003051758,319547600.0
2016-09-19,26.342295522370065,26.56869378386153,25.89864488826544,25.974111557006836,188092000.0
2016-09-20,25.85290699791749,26.097600512745842,25.729416568275244,25.97182273864746,138057200.0
2016-09-21,26.035851633009578,26.067867473031107,25.7134058885835,25.967247009277344,144012800.0
2016-09-22,26.150202295608366,26.285127728976082,26.070162671440883,26.21194839477539,124296000.0
2016-09-23,26.166215967099763,26.250830299650183,25.509889160050122,25.775163650512695,209924800.0
2016-09-26,25.530458153998588,25.930657921230402,25.50987728915542,25.814027786254883,119477600.0
2016-09-27,25.84147586320979,25.882639345878555,25.690542511846697,25.862056732177734,98429600.0
2016-09-28,25.999272158841745,26.216522828883264,25.939813401197508,26.05872917175293,118564400.0
2016-09-29,25.878068157050905,26.024426828753022,25.567055543500654,25.653955459594727,143548000.0
2016-09-30,25.717989362218418,25.926094152296972,25.56705773242428,25.852914810180664,145516400.0
2016-10-03,25.775157447782696,25.852911470148342,25.67682255594942,25.731706619262695,86807200.0
2016-10-04,25.855198928409468,26.1410559897787,25.75686402950913,25.84147834777832,118947200.0
2016-10-05,25.932954443005826,25.992413203704434,25.770587832208175,25.852914810180664,85812400.0
2016-10-06,26.00155877943059,26.147917461887886,25.87120802334415,26.04500961303711,115117200.0
2016-10-07,26.141048960376857,26.198220357277155,25.958101537135455,26.083877563476562,97433600.0
2016-10-10,26.303419476318798,26.699046370084726,26.234814836554424,26.53896713256836,144944000.0
2016-10-11,26.91630032966746,27.142700379565017,26.57327185437994,26.596141815185547,256164000.0
2016-10-12,26.83625836838792,26.980331432114724,26.69904733914617,26.83397102355957,150347200.0
2016-10-13,26.708191404904703,26.856837393692825,26.463497882954783,26.75164222717285,140769600.0
2016-10-14,26.957464764778777,27.023783815035245,26.78595052110163,26.900293350219727,142608800.0
2016-10-17,26.831685037682202,26.948313451257732,26.70590724492482,26.881996154785156,94499600.0
2016-10-18,27.02606361465004,27.032923903324484,26.85912236306391,26.863697052001953,98214000.0
2016-10-19,26.813389391663282,26.930019548331323,26.024424687413664,26.783660888671875,80138400.0
2016-10-20,26.724202994273142,26.843118754782015,26.602999888927684,26.769939422607422,96503200.0
2016-10-21,26.712765284375394,26.735635240937782,26.59156219141872,26.66474151611328,92770800.0
2016-10-24,26.779087467944834,26.92544613453879,26.756219253426952,26.904865264892578,94154800.0
2016-10-25,26.97346782051524,27.067229760933547,26.827109165250445,27.04207420349121,192516000.0
2016-10-26,26.141051919961637,26.458924783136965,25.91236630646959,26.43376922607422,264536800.0
2016-10-27,26.388032733760703,26.495515250984237,26.093028083742734,26.179929733276367,138248000.0
2016-10-28,26.040433412078734,26.34687131993518,25.944384121128103,26.00613021850586,151446800.0
2016-10-31,25.990127105986986,26.122765215168037,25.88721750621552,25.9649715423584,105677600.0
2016-11-01,25.94667730250362,26.017569305696814,25.276628183624002,25.496166229248047,175303200.0
2016-11-02,25.475578628218926,25.692829271127486,25.436702491232396,25.519027709960938,113326800.0
2016-11-03,25.509841594934596,25.62017331781611,25.181142007961093,25.245502471923828,107730400.0
2016-11-04,24.94668073850706,25.34203982636608,24.85014005529243,25.01793670654297,123348000.0
2016-11-07,25.302962463940972,25.401802229569288,25.160448783314564,25.378816604614258,130240000.0
2016-11-08,25.355833910218443,25.679937069138873,25.215619292291446,25.528228759765625,97016800.0
2016-11-09,25.2569852974336,25.587983854040637,24.836343344384396,25.486845016479492,236705600.0
2016-11-10,25.535124739590028,25.535124739590028,24.326063435338263,24.776588439941406,228538000.0
2016-11-11,24.622571339730776,25.024825808921438,24.49155138277057,24.923686981201172,136575600.0
2016-11-14,24.758190903293574,24.781176525179863,23.92380072835661,24.298471450805664,204702000.0
2016-11-15,24.4961586253534,24.751303141664508,24.40191702000566,24.620283126831055,129058000.0
2016-11-16,24.526031732711335,25.33743802767343,24.503046111158728,25.282270431518555,235362000.0
2016-11-17,25.240904408375506,25.3650289124489,25.015642783483557,25.27308464050293,110528000.0
2016-11-18,25.220213162607894,25.408698095771,25.206422138180844,25.298364639282227,113715600.0
2016-11-21,25.312155667203456,25.741992266573043,25.286870955041636,25.68222999572754,117058400.0
2016-11-22,25.732796037947203,25.840830391494627,25.606374238828955,25.698318481445312,103862000.0
2016-11-23,25.597185751873575,25.631665070299782,25.360430454339802,25.567304611206055,109705600.0
2016-11-25,25.5443156508187,25.71441314355612,25.50294082200296,25.69602394104004,45903600.0
2016-11-28,25.61326846444556,25.85232278177229,25.6040738652764,25.645448684692383,108776000.0
2016-11-29,25.4638639786802,25.75118867920456,25.300663759225262,25.620168685913086,114115200.0
2016-11-30,25.652349384804452,25.790264892859526,25.34663547692697,25.40410041809082,144649200.0
2016-12-01,25.369626606856894,25.500646621932145,25.061613564764404,25.167348861694336,148347600.0
2016-12-02,25.093784962687124,25.30525548210449,25.02022992316411,25.26158332824707,106112000.0
2016-12-05,25.2845749809842,25.29147049357029,24.882320379013997,25.079999923706055,137298000.0
2016-12-06,25.169648430620665,25.367328001512607,25.09839245286582,25.27308464050293,104782000.0
2016-12-07,25.114478860122706,25.55810828458429,25.09149323395342,25.521329879760742,119994800.0
2016-12-08,25.48225349606858,25.84313325425005,25.422489466585745,25.77187728881836,108273200.0
2016-12-09,25.81555025835451,26.364914969441042,25.81555025835451,26.192520141601562,137610400.0
2016-12-12,26.040808898127786,26.433868824113034,25.8569204135273,26.043107986450195,105497600.0
2016-12-13,26.16722706855217,26.64533565926807,26.146540537590482,26.4775390625,174935200.0
2016-12-14,26.44305975720687,26.70969609384707,26.429268736565746,26.4775390625,136127200.0
2016-12-15,26.521215662599765,26.83152770861694,26.48673810521173,26.62235450744629,186098000.0
2016-12-16,26.771773093611554,26.778668607512163,26.583288114332937,26.656843185424805,177404400.0
2016-12-19,26.61776873007472,26.980945924775238,26.606275037221426,26.810850143432617,111117600.0
2016-12-20,26.833832618647765,27.00852655805679,26.820041591799274,26.882102966308594,85700000.0
2016-12-21,26.84762449632404,26.985540021244297,26.843026318401776,26.907386779785156,95132800.0
2016-12-22,26.74418348086327,26.78096188527395,26.580983257095284,26.730392456054688,104343600.0
2016-12-23,26.569490683491168,26.783260345458984,26.569490683491168,26.783260345458984,56998000.0
2016-12-27,26.783258305133447,27.07748026929318,26.77636279296477,26.95335578918457,73187600.0
2016-12-28,27.01312066806544,27.128050558465752,26.709705827556252,26.838428497314453,83623600.0
2016-12-29,26.767163608115254,26.91887186460829,26.755671674365786,26.831525802612305,60158000.0
2016-12-30,26.813138508882915,26.939560311250457,26.532709350856184,26.62235450744629,122345200.0
2017-01-03,26.617768710476515,26.739594138389965,26.378714279572765,26.698219299316406,115127600.0
2017-01-04,26.629251595063298,26.780959871312433,26.606265970880596,26.66832733154297,84472400.0
2017-01-05,26.645343649037947,26.861412390220124,26.620058934487233,26.80394744873047,88774400.0
2017-01-06,26.843023377261122,27.160230978882005,26.771767410492767,27.102766036987305,127007600.0
2017-01-09,27.111960706154942,27.45215395665387,27.109663370982208,27.351015090942383,134247600.0
2017-01-10,27.300442124142183,27.440656713931567,27.192409513205952,27.37859535217285,97848400.0
2017-01-11,27.29355027919452,27.56708398351671,27.261370049708496,27.52570915222168,110354400.0
2017-01-12,27.330323672002628,27.422267919532228,27.17171988885633,27.41077423095703,108344800.0
2017-01-13,27.378596979992935,27.49582595216352,27.309638348435918,27.362506866455078,104447600.0
2017-01-17,27.201603792195478,27.63833769713795,27.174021742713133,27.583171844482422,137759200.0
2017-01-18,27.583168763112923,27.698098632959226,27.51650922815919,27.580869674682617,94852000.0
2017-01-19,27.445254329705012,27.603856363706946,27.4383588178385,27.53260040283203,102389200.0
2017-01-20,27.686608037422893,27.686608037422893,27.521110479456304,27.583171844482422,130391600.0
2017-01-23,27.58317139083835,27.76935723654545,27.53030287404862,27.601560592651367,88200800.0
2017-01-24,27.47973609703981,27.60615791782872,27.468242407108608,27.576276779174805,92844000.0
2017-01-25,27.67971143894819,28.065875899766148,27.647531213354256,28.01530647277832,129510400.0
2017-01-26,27.967039202349472,28.144032216222865,27.950949087787432,28.029102325439453,105350400.0
2017-01-27,28.075078422450606,28.123348774462023,27.95095390855356,28.031404495239258,82251600.0
2017-01-30,27.796942639617125,27.957843780517578,27.73488127203864,27.957843780517578,121510000.0
2017-01-31,27.847509052397502,27.90267490134263,27.725683665535442,27.89348030090332,196804000.0
2017-02-01,29.19908896851109,29.994405388574847,29.194492544315402,29.59444808959961,447940000.0
2017-02-02,29.417456722896123,29.74155811517505,29.3714837126392,29.54387855529785,134841600.0
2017-02-03,29.493304629106387,29.695582336048417,29.45882706877832,29.670297622680664,98029200.0
2017-02-06,29.681788758133777,29.99669547330766,29.62891849367094,29.948423385620117,107383600.0
2017-02-07,30.00588754108574,30.362170823232386,29.98520100720538,30.233449935913086,152735200.0
2017-02-08,30.19209050292023,30.39206743550235,30.162207602232712,30.350690841674805,92016400.0
2017-02-09,30.392227928366967,30.57691365734262,30.269874381470395,30.569988250732422,113399600.0
2017-02-10,30.579222414450598,30.69003243533569,30.48457050037162,30.500728607177734,80262000.0
2017-02-13,30.722373258973928,30.893208280478806,30.646190216515922,30.770851135253906,92141600.0
2017-02-14,30.812398984391912,31.18638516441006,30.761610302835308,31.17022705078125,132904800.0
2017-02-15,31.285647456911654,31.458789685755665,31.077874668746244,31.283336639404297,142492400.0
2017-02-16,31.32027492739609,31.37337089198569,31.12866376877793,31.246402740478516,90338400.0
2017-02-17,31.188697339946398,31.357221505579854,31.188697339946398,31.33182716369629,88792800.0
2017-02-21,31.44956073676202,31.569607029524473,31.391846647128517,31.558063507080078,98028800.0
2017-02-22,31.4957429136598,31.65503442337918,31.42187068344474,31.652727127075195,83347600.0
2017-02-23,31.71504145494616,31.738124972728265,31.465716213820023,31.51881217956543,83152800.0
2017-02-24,31.37567828327093,31.54882049560547,31.23023769768197,31.54882049560547,87106400.0
2017-02-27,31.659641664770813,31.728899278590717,31.46110505053433,31.611160278320312,81029600.0
2017-02-28,31.645776217765267,31.72888461141327,31.558049712640447,31.625,93931600.0
2017-03-01,31.832789944474264,32.35452415819691,31.765843136122427,32.27141571044922,145658400.0
2017-03-02,32.31988870396161,32.38452819956247,32.03362556445187,32.07979965209961,104844000.0
2017-03-03,32.0382514149663,32.28065134330321,31.994388134660955,32.269107818603516,84432400.0
2017-03-06,32.17444402347953,32.266788664550965,31.996687194269274,32.167518615722656,87000000.0
2017-03-07,32.102876664601666,32.315264038884955,32.040544476985474,32.20907211303711,69785200.0
2017-03-08,32.07748007132938,32.27370932246198,32.04747114966208,32.08902359008789,74828800.0
2017-03-09,32.02901394806746,32.040553948462716,31.638866120296644,32.015159606933594,88623600.0
2017-03-10,32.1467436716985,32.1721380086802,32.00592117072506,32.1213493347168,78451200.0
2017-03-13,32.05441050857954,32.18830411217798,32.04748509882751,32.13520812988281,69686800.0
2017-03-14,32.15828058159084,32.239078166222065,32.052085142611126,32.08671569824219,61236400.0
2017-03-15,32.18368653915024,32.49303322137834,32.09595999363327,32.42608642578125,102767200.0
2017-03-16,32.486100975279875,32.55535857439694,32.379905520288666,32.47917556762695,76928000.0
2017-03-17,32.55074866053692,32.55074866053692,32.2944979450717,32.31758499145508,175540000.0
2017-03-20,32.412229772933976,32.66617316416422,32.37298461657809,32.65694046020508,86168000.0
2017-03-21,32.806988506076536,32.966279914613274,32.257549392013594,32.28294372558594,158119600.0
2017-03-22,32.28526243499958,32.689261053486796,32.26448268602448,32.647705078125,103440800.0
2017-03-23,32.610754994799294,32.68463069105053,32.46069983034619,32.532264709472656,81385200.0
2017-03-24,32.666168867296385,32.72157565152801,32.40068551168565,32.46763229370117,89582400.0
2017-03-27,32.17906357298683,32.60153107795881,32.00130321325164,32.523040771484375,94300400.0
2017-03-28,32.529976325778776,33.2525544658913,32.463025996807076,33.19715118408203,133499200.0
2017-03-29,33.16943020616903,33.35642676088705,33.05631287801409,33.2710075378418,116760000.0
2017-03-30,33.28718250695198,33.358747422236675,33.127891038691786,33.22715759277344,84829200.0
2017-03-31,33.178676257404064,33.30564795960182,33.014766692278144,33.164825439453125,78646800.0
2017-04-03,33.17635637991859,33.271004774217744,33.023990395065574,33.17404556274414,79942800.0
2017-04-04,33.070163735012486,33.44876791191297,33.051694808994476,33.42106628417969,79565600.0
2017-04-05,33.29409535946504,33.58035843522584,33.19944343248918,33.2479248046875,110871600.0
2017-04-06,33.310262550526474,33.3633620494564,33.11634405403635,33.164825439453125,84596000.0
2017-04-07,33.1809762021365,33.28486083634301,33.07478427297881,33.0909423828125,66688800.0
2017-04-10,33.15097829874287,33.21561780474298,32.98937601115369,33.05170822143555,75733600.0
2017-04-11,32.99860347139208,33.09325540952474,32.33373613194622,32.69618225097656,121517600.0
2017-04-12,32.68925729558643,32.816225457301364,32.55304938555892,32.73542785644531,81400000.0
2017-04-13,32.760830639555884,32.86933342297136,32.562294006347656,32.562294006347656,71291600.0
2017-04-17,32.661550412813725,32.753895052233354,32.52072791996312,32.74235153198242,66328400.0
2017-04-18,32.645393762219754,32.79083085160347,32.57613616020524,32.5969123840332,58790000.0
2017-04-19,32.75390579168043,32.78160743129531,32.4237793217176,32.47687530517578,69313600.0
2017-04-20,32.60153746712404,32.9939925989966,32.5876866482774,32.883182525634766,93278400.0
2017-04-21,32.883189719074096,32.93859300658053,32.746985273834795,32.84394454956055,69283600.0
2017-04-24,33.12788228211742,33.23176692273539,33.054006568067706,33.16020202636719,68537200.0
2017-04-25,33.222539435282336,33.45108497600299,33.21330320828219,33.36566925048828,75486000.0
2017-04-26,33.35181589062088,33.381828342201196,33.10018332416687,33.169437408447266,80164800.0
2017-04-27,33.22484811796265,33.28025491451147,33.08402559233279,33.1948356628418,56985200.0
2017-04-28,33.26408726556515,33.31256864410618,33.07478690943521,33.16250991821289,83441600.0
2017-05-01,33.49725799424165,33.98205421858617,33.46493824595202,33.838924407958984,134411600.0
2017-05-02,34.060544793553,34.187516492302215,33.898946050866904,34.053619384765625,181408800.0
2017-05-03,33.61037839972,34.0490076206691,33.30564982001212,33.949737548828125,182788000.0
2017-05-04,33.82507765307137,33.96820748088925,33.66116807396638,33.82738494873047,93487600.0
2017-05-05,33.880468588027576,34.39296984476421,33.880468588027576,34.38835525512695,109310800.0
2017-05-08,34.40451889529334,35.48261754362255,34.40451889529334,35.323326110839844,195009600.0
2017-05-09,35.5218668325263,35.755034009575716,35.42490758445576,35.5495719909668,156521600.0
2017-05-10,35.466461724236616,35.53802662820742,35.11555909039869,35.38104248046875,103222800.0
2017-05-11,35.3393131644345,35.71484648783434,35.30686001669652,35.68702697753906,109020400.0
2017-05-12,35.86088217624112,36.25959427924951,35.85392818328043,36.18541717529297,130108000.0
2017-05-15,36.16455744038748,36.312915209144016,35.942022555816784,36.09269714355469,104038800.0
2017-05-16,36.14833738689896,36.176153366846144,35.865529800340305,36.03938674926758,80194000.0
2017-05-17,35.60588483831159,35.83073998404707,34.70414743736656,34.829322814941406,203070800.0
2017-05-18,35.06576579846865,35.54560882696693,35.03331266387034,35.36016082763672,134272800.0
2017-05-19,35.55489734948363,35.6939807515945,35.381040443999204,35.480716705322266,107843200.0
2017-05-22,35.698624955149626,35.83307474631924,35.44595371833895,35.69630813598633,91865600.0
2017-05-23,35.90725553809136,35.90725553809136,35.53867963713025,35.65226745605469,79675600.0
2017-05-24,35.66152455835698,35.73802201469214,35.39030823342003,35.54561996459961,76712000.0
2017-05-25,35.63602677342156,35.77975088044138,35.47376104336142,35.668479919433594,76942400.0
2017-05-26,35.6986131398825,35.754248615544256,35.538664242341355,35.60820770263672,87710400.0
2017-05-30,35.56415998566432,35.798285957861246,35.543298010712775,35.62211227416992,80507600.0
2017-05-31,35.69167317336722,35.73803431940695,35.32309728722757,35.41118240356445,97804800.0
2017-06-01,35.50622047347229,35.54331080037268,35.286002405334635,35.50853729248047,65616400.0
2017-06-02,35.60125836366381,36.03474044799805,35.44130944521617,36.03474044799805,111082800.0
2017-06-05,35.77744240074244,35.80294156229667,35.57345264543738,35.68239974975586,101326800.0
2017-06-06,35.6754331617929,36.11818956652802,35.647617190689985,35.80292892456055,106499600.0
2017-06-07,35.935062294156516,36.15759713991396,35.809883348431306,36.01619338989258,84278400.0
2017-06-08,35.98838497453833,36.055608098669595,35.79134570314363,35.92811584472656,85003200.0
2017-06-09,35.97446776937545,35.97446776937545,33.84877798018618,34.53493118286133,259530800.0
2017-06-12,33.78387837463687,33.86500948267044,33.035132016753906,33.70969772338867,289229200.0
2017-06-13,34.11303271385111,34.180255805795035,33.647094094772505,33.980899810791016,136661600.0
2017-06-14,34.191869833366376,34.191869833366376,33.34344699401391,33.649436950683594,126124800.0
2017-06-15,33.222905985162065,33.491802047804654,32.965597556215656,33.447757720947266,128661600.0
2017-06-16,33.32953433255747,33.49643727878537,32.963275285953394,32.9795036315918,201444400.0
2017-06-19,33.30171888912925,34.01569182899518,33.30171888912925,33.92296600341797,130165600.0
2017-06-20,34.04581597861936,34.04581597861936,33.59842592166932,33.61465072631836,99600400.0
2017-06-21,33.732875707856564,33.86037147503061,33.52192848736202,33.81400680541992,85063200.0
2017-06-22,33.790822587045554,34.006403410215725,33.640144509237814,33.75836944580078,76425200.0
2017-06-23,33.642474603462084,34.11304705629635,33.637837428477,33.909053802490234,141757600.0
2017-06-26,34.11535418907318,34.37266250220342,33.70041734248586,33.80241394042969,102769600.0
2017-06-27,33.61465144213694,33.88123414935827,33.292436789645436,33.317935943603516,99047600.0
2017-06-28,33.49411360250508,33.869643386073044,33.18580693265038,33.80473709106445,88329600.0
2017-06-29,33.545113643075645,33.642473090615525,32.98181540151095,33.30634689331055,125997600.0
2017-06-30,33.48482713456645,33.603052051144424,33.32951544649734,33.38515090942383,92096400.0
2017-07-03,33.58452342864035,33.681882883841496,33.171903269256724,33.264625549316406,57111200.0
2017-07-05,33.308671605490986,33.563659657502356,33.08381635064818,33.40139389038086,86278400.0
2017-07-06,33.15334724304407,33.264614650084305,33.01194351315096,33.08612060546875,96515200.0
2017-07-07,33.125537127404115,33.55438561225656,33.125537127404115,33.4222526550293,76806800.0
2017-07-10,33.40603312765104,33.83256132387614,33.23449299917569,33.626251220703125,84362400.0
2017-07-11,33.54973949092153,33.80936816120686,33.468608405373175,33.73518753051758,79127200.0
2017-07-12,33.81401112095547,33.88587141604451,33.570614260074045,33.783878326416016,99538000.0
2017-07-13,33.72824004014765,34.42135085110845,33.714332053494225,34.25444793701172,100797600.0
2017-07-14,34.300813153683656,34.616073858148916,34.152455383178136,34.54884719848633,80528400.0
2017-07-17,34.497855047042286,34.9800151850504,34.439902733258485,34.66939163208008,95174000.0
2017-07-18,34.585920019872354,34.80150434092334,34.46306146915971,34.789913177490234,71475200.0
2017-07-19,34.8826640092749,35.10056532680844,34.75980535783652,35.007843017578125,83692000.0
2017-07-20,35.11909637903669,35.17473186448836,34.81542687067658,34.850196838378906,68974800.0
2017-07-21,34.76906663143788,34.87338007436318,34.51175825242053,34.8339729309082,105010400.0
2017-07-24,34.90583254315868,35.33699783101642,34.74820043528581,35.255863189697266,85972800.0
2017-07-25,35.188631111775315,35.661520240715255,35.188631111775315,35.406532287597656,75415600.0
2017-07-26,35.54794902279812,35.68239527179852,35.48072236116956,35.573448181152344,63124000.0
2017-07-27,35.640663606834835,35.69629908680656,34.14549501172972,34.90119171142578,129905200.0
2017-07-28,34.74588106353463,34.824695343116254,34.583615329946674,34.65547561645508,68854800.0
2017-07-31,34.74820230717305,34.847882115795706,34.3379025150929,34.476985931396484,79383600.0
2017-08-01,34.56275998166212,34.82238520521248,34.402811036036134,34.78297805786133,141474400.0
2017-08-02,36.92256997140216,37.03152058096427,36.19932638207736,36.42649841308594,279747200.0
2017-08-03,36.405641531663086,36.44273185865014,35.93506906154069,36.062564849853516,108389200.0
2017-08-04,36.17846647449858,36.4867696228177,36.09037783947713,36.25264358520508,82239600.0
2017-08-07,36.40795916021411,36.8391244939229,36.31755369687816,36.81362533569336,87481200.0
2017-08-08,36.76495168223776,37.51369463486603,36.68845419858787,37.108028411865234,144823600.0
2017-08-09,36.91793631689721,37.383875128169116,36.88316634760592,37.3351936340332,104526000.0
2017-08-10,37.21184832748684,37.23512169895586,35.98541906326039,36.14599609375,163217200.0
2017-08-11,36.44388322040585,36.90234102138387,36.32054214207355,36.64867401123047,105028400.0
2017-08-14,37.076865728016436,37.28398590345592,36.94421393255778,37.2002067565918,88490800.0
2017-08-15,37.388718367124,37.747104860028465,37.267703224278414,37.60747528076172,117862000.0
2017-08-16,37.68660856251723,37.81925687380376,37.270038534488236,37.456214904785156,110686400.0
2017-08-17,37.35614114509254,37.400358425370186,36.73245093820814,36.73710632324219,111762400.0
2017-08-18,36.73710711923103,37.11876702687097,36.47180698283519,36.65332794189453,109712400.0
2017-08-21,36.65332923983164,36.74408972257525,36.09712965562986,36.58584213256836,105474000.0
2017-08-22,36.82320209730548,37.23511656863084,36.77433299537892,37.18391799926758,86418400.0
2017-08-23,37.01870426625459,37.344510248792105,36.97448697912045,37.23047637939453,77596400.0
2017-08-24,37.335171684719384,37.407317681664246,36.89766162685723,37.06521987915039,79275600.0
2017-08-25,37.15368012038072,37.365455793809865,37.065249093260334,37.202552795410156,101920400.0
2017-08-28,37.26771109773419,37.70056963184427,37.21883842650392,37.57722854614258,103864000.0
2017-08-29,37.25840821357058,37.96121882682648,37.23513483389173,37.912349700927734,118067600.0
2017-08-30,38.11945542733169,38.1403993304265,37.84251864968543,38.014732360839844,109078400.0
2017-08-31,38.08221739265257,38.28701168120585,38.0449814218215,38.16599655151367,107140400.0
2017-09-01,38.35216715591762,38.384747737799266,38.079885817831624,38.17762756347656,66364400.0
2017-09-05,38.10781838765025,38.22417813845223,37.36544260937073,37.71917724609375,117874000.0
2017-09-06,37.86579516412337,37.93095634650661,37.35613884039739,37.67961883544922,86606800.0
2017-09-07,37.721508469706514,37.75641853046921,37.318904669575105,37.528350830078125,87714000.0
2017-09-08,37.43525370168723,37.50274078484636,36.89301691603528,36.916290283203125,114446000.0
2017-09-11,37.35148987902946,37.71220591205249,37.209530803492086,37.58420944213867,126323200.0
2017-09-12,37.84253148653965,38.15670434360597,36.94888914117721,37.435272216796875,286856000.0
2017-09-13,37.20487366489882,37.22582112336586,36.74874533126742,37.1536750793457,179629600.0
2017-09-14,37.00007509160223,37.09548738913932,36.79062540811455,36.834842681884766,95042800.0
2017-09-15,36.879063711510014,37.460862528753474,36.76968524978679,37.20719909667969,196458400.0
2017-09-18,37.26072245054061,37.35148292120562,36.769684121809895,36.92560577392578,113077600.0
2017-09-19,37.12109233670527,37.18160168941418,36.872084276845705,36.939571380615234,83242400.0
2017-09-20,36.74641116825446,36.83019033836307,35.79924455857201,36.32053756713867,211805600.0
2017-09-21,36.257716386209836,36.257716386209836,35.54792085693137,35.696861267089844,150046800.0
2017-09-22,35.26631362582871,35.43620142795852,35.0382494961563,35.3477668762207,186581600.0
2017-09-25,34.90560824749289,35.333811387669186,34.712450585659106,35.03593063354492,177549200.0
2017-09-26,35.32216180134491,35.820181338200065,35.30121790073832,35.6386604309082,146640000.0
2017-09-27,35.79225867763542,36.00636018473851,35.73174933689874,35.89232635498047,102016800.0
2017-09-28,35.81320078569129,35.90396124123209,35.536264035164464,35.671241760253906,88022000.0
2017-09-29,35.65496147322591,35.869063019024054,35.373369273795674,35.86673355102539,105199200.0
2017-10-02,35.899309247767675,35.94352652149234,35.54092277566186,35.794586181640625,74795200.0
2017-10-03,35.841137272488844,36.09247481720678,35.81786744767447,35.95051574707031,64921200.0
2017-10-04,35.75269875271151,35.80622324467119,35.48041735750207,35.71778869628906,80655200.0
2017-10-05,35.88069646391643,36.173925352810144,35.850445338837886,36.162288665771484,85135200.0
2017-10-06,36.064551908552986,36.18556707877376,35.9691360329747,36.14134979248047,69630400.0
2017-10-09,36.26003224743813,36.47413380572226,36.185563838522064,36.26701354980469,65051600.0
2017-10-10,36.318211320930025,36.7696878026188,36.09480254816797,36.280975341796875,62468000.0
2017-10-11,36.29726939341171,36.53231486634605,36.24607080706663,36.432247161865234,67622400.0
2017-10-12,36.38570207050026,36.6230734482927,36.241413538743075,36.30424880981445,64500400.0
2017-10-13,36.4741357221856,36.602132190661905,36.39966730935674,36.534645080566406,65576800.0
2017-10-16,36.746411876689784,37.23512430358156,36.688231994965435,37.20719909667969,96486000.0
2017-10-17,37.18393205568885,37.43759553095936,37.05593558389495,37.34450912475586,75989200.0
2017-10-18,37.33287127406661,37.40036193482916,37.142043081984205,37.17927551269531,65496800.0
2017-10-19,36.47879376275703,36.55559164943248,36.076189888081764,36.299598693847656,170336800.0
2017-10-20,36.44620210761689,36.71150220336914,36.29493584858067,36.362422943115234,95896400.0
2017-10-23,36.51136939218465,36.69754573899603,36.187889365619526,36.34381103515625,87937200.0
2017-10-24,36.371735886154255,36.63471010659891,36.35079197948656,36.56024169921875,71028800.0
2017-10-25,36.51601795426265,36.66495829367814,36.13435811257186,36.399658203125,84828400.0
2017-10-26,36.59048626766541,36.73011938912939,36.48576320207633,36.63237762451172,68002000.0
2017-10-27,37.069895618770204,38.07291986379571,36.932591936286045,37.944923400878906,177816800.0
2017-10-30,38.14040684945362,39.113176413503815,38.10084495213601,38.79900360107422,178803200.0
2017-10-31,39.073612806807134,39.480872037882925,38.85020401718745,39.33891296386719,144187200.0
2017-11-01,39.5320768615587,39.5483689378608,38.540692655313926,38.83857345581055,134551200.0
2017-11-02,38.77106572888228,39.21323130839192,38.46387431918874,39.12247085571289,165573600.0
2017-11-03,40.49319471276325,40.5537005069561,39.82296138808833,40.14411544799805,237594400.0
2017-11-06,40.113858735493494,40.72358623496925,39.9625924821947,40.55137252807617,140105200.0
2017-11-07,40.47225170238434,40.78409500021298,40.40010922090348,40.681697845458984,97446000.0
2017-11-08,40.6467947443134,41.01449203491211,40.569996871813196,41.01449203491211,97638000.0
2017-11-09,40.75151861425842,40.981912236223316,40.293060838370266,40.93071365356445,117930400.0
2017-11-10,40.89801903354742,40.96108019416508,40.701832715830456,40.79525375366211,100582000.0
2017-11-13,40.52198417452118,40.75554027927347,40.49862713853262,40.63175582885742,67928400.0
2017-11-14,40.41455034592742,40.51731561124466,39.980135810403205,40.01750564575195,99130000.0
2017-11-15,39.69753844200202,39.77928451865942,39.32618502497111,39.48967361450195,116632400.0
2017-11-16,39.98014528654126,40.14129962136904,39.77461827097618,39.961463928222656,94550000.0
2017-11-17,39.94743541264098,40.029181476503545,39.62045828475755,39.73957061767578,87598000.0
2017-11-20,39.77227289530339,39.83533404998422,39.60177791360881,39.69987106323242,65049600.0
2017-11-21,39.886715563706446,40.568699035095165,39.886715563706446,40.43790817260742,100525200.0
2017-11-22,40.4892886753747,40.87232056555196,40.416886849149655,40.862979888916016,102355600.0
2017-11-24,40.89568555462902,40.98910659428749,40.79058243028295,40.86532211303711,56106800.0
2017-11-27,40.88399400801354,40.89100040556646,40.484611528581425,40.6597785949707,82867200.0
2017-11-28,40.70882756081835,40.84195268013187,40.138950125958594,40.42155456542969,105715200.0
2017-11-29,40.3187879090918,40.38651760536671,39.04123584489696,39.58308410644531,166665600.0
2017-11-30,39.80497053343879,40.20435309391894,39.34019610378886,40.13662338256836,166108800.0
2017-12-01,39.69285874389665,40.094575523647414,39.35420310942091,39.949771881103516,159037200.0
2017-12-04,40.283757966117385,40.31645567986797,39.61812517252679,39.65782928466797,130169600.0
2017-12-05,39.485001333095546,40.05955101829121,39.33085342197184,39.62046432495117,109400800.0
2017-12-06,39.120655316755084,39.75125621208925,38.877758487629464,39.473323822021484,114240000.0
2017-12-07,39.477993500762025,39.80730850881267,39.44996790476923,39.54572677612305,102693200.0
2017-12-08,39.818977353275365,39.938089671086914,39.42893912741636,39.55739212036133,93420800.0
2017-12-11,39.51769265176879,40.379515258115376,39.42193379244509,40.32813262939453,141095200.0
2017-12-12,40.206681105510164,40.262735852355064,40.04553039042469,40.10158157348633,77636800.0
2017-12-13,40.28843523854579,40.53133206264366,40.171657165390585,40.234718322753906,95273600.0
2017-12-14,40.26507229458504,40.43557082231696,40.08990521053588,40.2230339050293,81906000.0
2017-12-15,40.552347608549645,40.67846633705121,40.27908739364348,40.63175582885742,160677200.0
2017-12-18,40.84428942929417,41.38613769523844,40.83961730971844,41.20396423339844,117684400.0
2017-12-19,40.879324908825325,40.963405249455924,40.659781599190794,40.7648811340332,109745600.0
2017-12-20,40.841962836989474,40.970419432330885,40.463603014151154,40.720516204833984,93902400.0
2017-12-21,40.67846658865148,41.110546810628996,40.66211951438505,40.87465286254883,83799600.0
2017-12-22,40.79757891984987,40.97041172139755,40.75554053135045,40.87465286254883,65397600.0
2017-12-26,39.89138628266804,40.04786845648848,39.629801003099054,39.837669372558594,132742000.0
2017-12-27,39.727902710632755,39.88671918269649,39.63681595429407,39.84468078613281,85992800.0
2017-12-28,39.938090750728314,40.13661484956386,39.81664058801304,39.9567756652832,65920800.0
2017-12-29,39.82600107882872,39.84234815837053,39.522377330033464,39.52471160888672,103999600.0
2018-01-02,39.74190661487655,40.24171652360329,39.531703987751335,40.23237228393555,102223600.0
2018-01-03,40.29545515339358,40.76723972504212,40.162329958512586,40.22538757324219,118071600.0
2018-01-04,40.297772401850075,40.514981452143,40.19033857963591,40.41221618652344,89738400.0
2018-01-05,40.507975095875025,40.95873670879751,40.4168883492139,40.87232208251953,94640000.0
2018-01-08,40.720516204833984,41.014795671065556,40.622419485639426,40.720516204833984,82271200.0
2018-01-09,40.767218198682784,40.886330527395515,40.500964385725915,40.71583557128906,86336000.0
2018-01-10,40.44258118326222,40.70883503455394,40.405211346362094,40.70649719238281,95839600.0
2018-01-11,40.77656694044623,40.98676961148585,40.753213463964485,40.937721252441406,74670800.0
2018-01-12,41.14791003371474,41.42350807179687,41.024125591694585,41.36044692993164,101672400.0
2018-01-16,41.54963996826612,41.89763993406561,41.13858240438722,41.15026092529297,118263600.0
2018-01-17,41.1409054898702,41.86493082363039,40.88866803861023,41.829898834228516,137547200.0
2018-01-18,41.89296655774629,42.06346511753635,41.631384803459454,41.86727523803711,124773600.0
2018-01-19,41.71545572653174,41.942005431691854,41.43518911550599,41.680423736572266,129700400.0
2018-01-22,41.4094993089481,41.52160524468248,41.24601074354723,41.33943176269531,108434400.0
2018-01-23,41.40950464867814,41.90931464951579,41.297398698487754,41.348777770996094,130756400.0
2018-01-24,41.397829918542136,41.40950843945654,40.451926745023115,40.690155029296875,204420400.0
2018-01-25,40.75787255580819,40.8606378070579,39.82832030240219,39.963783264160156,166116000.0
2018-01-26,40.171656622698116,40.171656622698116,39.71855713477156,40.057212829589844,156572000.0
2018-01-29,39.74190727721749,39.74190727721749,39.020219775428046,39.228084564208984,202561600.0
2018-01-30,38.66055051084549,39.09029298583721,38.466698472240886,38.99687194824219,184192800.0
2018-01-31,38.97351819285742,39.34020310209103,38.8871035476071,39.10430908203125,129915600.0
2018-02-01,39.04358102152163,39.38223672499564,38.947822145072344,39.18605041503906,188923200.0
2018-02-02,38.770318479924185,38.95716410101793,37.392338706452456,37.48575973510742,346375200.0
2018-02-05,37.15877588220961,38.275173723461506,36.43475056721955,36.5491943359375,290954000.0
2018-02-06,36.16149312762015,38.237806813801605,35.96764112765475,38.07665252685547,272975200.0
2018-02-07,38.09066824510716,38.163070074933216,37.151775171913954,37.26154327392578,206434400.0
2018-02-08,37.43671114354451,37.60253756671725,36.208207161904596,36.23623275756836,217562000.0
2018-02-09,36.834223524000194,37.02651848559396,35.232531269697944,36.679447174072266,282690400.0
2018-02-12,37.16957849038807,38.43357852431035,36.93741390436866,38.1568603515625,243278000.0
2018-02-13,37.97862208504854,38.63524610322422,37.90826887268811,38.53909683227539,130196800.0
2018-02-14,38.23424264640194,39.28953029970094,38.19672402713639,39.249664306640625,162579600.0
2018-02-15,39.81717816518889,40.59105657176893,39.63191811060933,40.56760787963867,204588800.0
2018-02-16,40.419861757422765,40.99675390725299,40.2815026814743,40.436275482177734,160704400.0
2018-02-20,40.34716340675717,40.86542487019202,40.19942199726563,40.300262451171875,135722000.0
2018-02-21,40.53008115148343,40.83259536786897,40.10327420960197,40.117347717285156,149886400.0
2018-02-22,40.288534996190876,40.792726514243476,40.26743010361679,40.45269012451172,123967600.0
2018-02-23,40.72706495529602,41.19139048910668,40.696577724555915,41.15621566772461,135249600.0
2018-02-26,41.35555980989889,42.06846380658239,41.32272877541309,41.969970703125,152648800.0
2018-02-27,42.00043341868747,42.32405240443321,41.77999506799937,41.83393096923828,155712400.0
2018-02-28,42.037969282526205,42.35690081010692,41.75421615757141,41.7706298828125,151128400.0
2018-03-01,41.86912523610617,42.1599169199814,40.49021837370537,41.03896713256836,195208000.0
2018-03-02,40.52304520982578,41.34382446752006,40.44096585273092,41.32271957397461,153816000.0
2018-03-05,41.08821967144869,41.68152565643168,40.92640829766891,41.46577835083008,113605600.0
2018-03-06,41.7213870796777,41.80111907072272,41.30396244619029,41.43059539794922,95154000.0
2018-03-07,41.02490416440903,41.238307688510396,40.867783950120035,41.0460090637207,126814000.0
2018-03-08,41.15152794699737,41.53612153235945,41.05538223439218,41.49391174316406,95096400.0
2018-03-09,41.73310572752255,42.21150116628257,41.599434256238936,42.206809997558594,128740800.0
2018-03-12,42.27951549540932,42.77198453917445,42.260757973375576,42.614864349365234,128828400.0
2018-03-13,42.81889011225261,43.03229362608752,42.033289078601506,42.2044792175293,126774000.0
2018-03-14,42.286545617307205,42.333446569678834,41.69792739335634,41.84566879272461,117473600.0
2018-03-15,41.85976076968188,42.267806784705854,41.75892384788401,41.894935607910156,90975200.0
2018-03-16,41.894911121852736,42.005130321635804,41.65336783168469,41.74717330932617,157618800.0
2018-03-19,41.58303340390642,41.61820823444028,40.72473175573631,41.10932540893555,133787200.0
2018-03-20,41.09524917602539,41.46108167074591,41.02489594742979,41.09524917602539,78597600.0
2018-03-21,41.04833949755598,41.06006563057241,40.16189823187742,40.16424560546875,148219600.0
2018-03-22,39.86641240172156,40.49489295022914,39.5381022015031,39.59672927856445,165963200.0
2018-03-23,39.48886269872853,39.847660204185324,38.6798095703125,38.6798095703125,164115200.0
2018-03-26,39.413821710118775,40.59339847247877,39.031571938963225,40.51601028442383,150164800.0
2018-03-27,40.729408432396,41.07413599250078,39.14413327762529,39.477134704589844,163690400.0
2018-03-28,39.22152704663509,39.87111626930547,38.7384403503099,39.04095458984375,166674000.0
2018-03-29,39.35284108524669,40.27680444981325,39.13943765265633,39.34580612182617,153594000.0
2018-04-02,39.07847753168714,39.61784753834901,38.56959476044656,39.08785629272461,150347200.0
2018-04-03,39.31298361843127,39.57328805633437,38.66574179530286,39.48886489868164,121112000.0
2018-04-04,38.66572546272906,40.3377670274448,38.63992940938948,40.24396514892578,138422000.0
2018-04-05,40.47144484197435,40.85838212475716,40.35419068618406,40.52303695678711,107732800.0
2018-04-06,40.09389852773458,40.4480048978712,39.44430930489733,39.48652267456055,140021200.0
2018-04-09,39.8382773227664,40.59104707856743,39.83124235894121,39.878143310546875,116070800.0
2018-04-10,40.5699434707003,40.80445181446158,40.22521591910616,40.628570556640625,113634400.0
2018-04-11,40.389377001781156,40.785696733727676,40.26508784751927,40.43862533569336,89726400.0
2018-04-12,40.66610159129438,41.03896908014141,40.57933105198561,40.8372917175293,91557200.0
2018-04-13,40.98736929116872,41.235947570635815,40.76927824238423,40.975643157958984,100497200.0
2018-04-16,41.04599100081229,41.31802151105579,40.99909005243207,41.23125457763672,86313600.0
2018-04-17,41.388385056399805,41.962929868710894,41.369623956700956,41.79877471923828,106421600.0
2018-04-18,41.697928719918146,41.93478444114706,41.47983767421081,41.70496368408203,83018000.0
2018-04-19,40.74816293204926,41.13041262498573,40.49020593629834,40.52303695678711,139235200.0
2018-04-20,40.00713798588537,40.15253206159745,38.794726302460546,38.862735748291016,261964400.0
2018-04-23,39.123031478455985,39.14413637278911,38.48047726168653,38.75016403198242,146062000.0
2018-04-24,38.851007116089285,39.00578352253982,37.807445427107865,38.21080017089844,134768000.0
2018-04-25,38.135753093228,38.79237729841982,38.08650833536919,38.377296447753906,113528400.0
2018-04-26,38.487518797197225,38.86507747741873,38.3116374910999,38.51097106933594,111852000.0
2018-04-27,38.45935993932582,38.53674810518661,37.66906813929116,38.06538772583008,142623200.0
2018-04-30,38.02083978086763,39.223865178378034,37.95283035577987,38.75484848022461,169709600.0
2018-05-01,39.02454068518083,39.678817496129916,38.757201272985704,39.65536880493164,214277600.0
2018-05-02,41.09290629028131,41.68386846538951,40.75756099293259,41.40715026855469,266157600.0
2018-05-03,41.24533699153512,41.62523944023905,40.9076443356587,41.4821891784668,136272800.0
2018-05-04,41.80112655585403,43.20817709910858,41.78236545254622,43.109683990478516,224805200.0
2018-05-07,43.42624596981667,44.01017293433306,43.32540911679665,43.42155838012695,169805600.0
2018-05-08,43.38170505375531,43.67014934958215,43.072152284915745,43.63028335571289,113611200.0
2018-05-09,43.74753354962685,43.946863500783344,43.43563701372067,43.93748474121094,92844800.0
2018-05-10,44.026597421096504,44.64335192738503,44.00548895079558,44.56596374511719,111957200.0
2018-05-11,44.608342648435915,44.74252598594442,44.1280988490821,44.39646911621094,104848800.0
2018-05-14,44.49533983182012,44.61775540501517,44.22461674459871,44.292884826660156,83115200.0
2018-05-15,43.97036687867035,44.03863854695123,43.57487541925094,43.89032745361328,94780800.0
2018-05-16,43.80322864340894,44.36586467071861,43.78674803552611,44.29994583129883,76732400.0
2018-05-17,44.2575828606732,44.471809256839805,43.87150621770076,44.01981735229492,69176000.0
2018-05-18,44.06689787877009,44.212852583391616,43.81736102553501,43.85973358154297,73190800.0
2018-05-21,44.25758417828784,44.556559289964575,44.000985217233485,44.17048263549805,73603200.0
2018-05-22,44.3470257353987,44.46473203273898,43.97036414706536,44.05982208251953,60962800.0
2018-05-23,43.86914520823956,44.37528092786658,43.73024902599362,44.342323303222656,80233600.0
2018-05-24,44.43884309966214,44.455320115837665,43.83618734256598,44.292884826660156,92936000.0
2018-05-25,44.31173101118196,44.646016610326086,44.175191215681515,44.394126892089844,69844000.0
2018-05-29,44.16341457064285,44.43413768126005,43.991560749846364,44.23403549194336,90056400.0
2018-05-30,44.19166839609295,44.257583658854166,43.970379903060696,44.13987731933594,74762000.0
2018-05-31,44.073950112432165,44.31171556066353,43.81970405692057,43.991554260253906,109931200.0
2018-06-01,44.255222240202905,44.78960633163015,44.19872191503412,44.7849006652832,93770000.0
2018-06-04,45.11447741480749,45.5335116194763,45.04620933090354,45.15920639038086,105064800.0
2018-06-05,45.45112883436461,45.65593672091612,45.28398424742185,45.507625579833984,86264000.0
2018-06-06,45.58294054369262,45.68887548982342,45.18038343786237,45.66533279418945,83734400.0
2018-06-07,45.70302095723401,45.71714514434853,45.279277383234806,45.54294204711914,85388800.0
2018-06-08,45.00383647011967,45.199229403281045,44.674260192565555,45.128604888916016,106627200.0
2018-06-11,45.04621918925717,45.19217390602885,44.77784886919592,45.017967224121094,73234000.0
2018-06-12,45.05563482605106,45.34283859669024,44.999134487001314,45.26515197753906,67644400.0
2018-06-13,45.298106191637146,45.406397601947454,44.83199010402392,44.89319610595703,86553600.0
2018-06-14,45.0932884397997,45.097997698028564,44.780189221644086,44.91672897338867,86440400.0
2018-06-15,44.73545620568878,44.76606099324307,44.31877489682595,44.45531463623047,246876800.0
2018-06-18,44.229341949434755,44.54479412475549,44.069259435677104,44.43179702758789,73939600.0
2018-06-19,43.584294155203395,43.864435759517136,43.186446235941816,43.71377182006836,134314000.0
2018-06-20,43.86915425660373,44.06925287888817,43.72319595269414,43.90446472167969,82514800.0
2018-06-21,44.08102457013798,44.33997995639365,43.537221851113515,43.659637451171875,102847600.0
2018-06-22,43.814995646030056,43.822057737254866,43.48071015698018,43.532501220703125,108801600.0
2018-06-25,43.174676934564935,43.532505154775784,42.546125613973516,42.8851203918457,126652400.0
2018-06-26,43.07815364344223,43.91151267999617,42.97221509809014,43.417144775390625,98276800.0
2018-06-27,43.60548924535381,44.08808595262717,43.32299475079041,43.353599548339844,101141200.0
2018-06-28,43.339475808988986,43.836196707291755,43.268851286592344,43.66905212402344,69460800.0
2018-06-29,43.855021380811685,44.06689492297677,43.05932905932024,43.57723617553711,90950800.0
2018-07-02,43.27356150413788,44.09279664258604,43.17939427481984,44.064544677734375,70925200.0
2018-07-03,44.20814210255842,44.24580899048829,43.20763829163599,43.297096252441406,55819200.0
2018-07-05,43.61255780584322,43.8832845803696,43.381854353483995,43.64551544189453,66416800.0
2018-07-06,43.65021202345311,44.358802788798194,43.59842095439938,44.25051498413086,69940800.0
2018-07-09,44.610698358210996,44.88848356836496,44.56361654538464,44.86494445800781,79026400.0
2018-07-10,44.89555498516725,45.02973834846083,44.77078295668372,44.81080627441406,63756400.0
2018-07-11,44.375282843511165,44.67661073672415,44.16576573663476,44.22932815551758,75326000.0
2018-07-12,44.61776719274296,45.06034420283532,44.56597611317417,44.97088623046875,72164400.0
2018-07-13,44.98265836167209,45.16157071738776,44.940282208513345,45.04151153564453,50055600.0
2018-07-16,45.086224977091796,45.352238789090364,44.8272696640545,44.942623138427734,60172400.0
2018-07-17,44.669547166635304,45.168620799732764,44.54006949990387,45.06974792480469,62138000.0
2018-07-18,45.147433749220426,45.15214300759659,44.711918948272675,44.82256317138672,65573600.0
2018-07-19,44.655431831739946,45.32871224004053,44.655431831739946,45.17098617553711,81147200.0
2018-07-20,45.147433688320305,45.30045046027843,44.76841921206279,45.0673942565918,82704800.0
2018-07-23,44.888478631479195,45.189810103073654,44.62481763495967,45.10741424560547,63957600.0
2018-07-24,45.30515750434939,45.590008351958474,45.21099389422537,45.434635162353516,74791600.0
2018-07-25,45.448754424978695,45.87014497613146,45.300443342581666,45.86308288574219,66839600.0
2018-07-26,45.813653669717006,46.13146216817286,45.578241031486534,45.71949005126953,76304000.0
2018-07-27,45.90311735619619,45.950199171301655,44.75194955512328,44.959110260009766,96096000.0
2018-07-30,45.17568705463297,45.24631156955065,44.50947240208614,44.707218170166016,84118000.0
2018-07-31,44.799029246561446,45.2321876723777,44.57303151581136,44.79667282104492,157492000.0
2018-08-01,46.877719260424044,47.49685204920368,46.449266539565365,47.435646057128906,271742800.0
2018-08-02,47.21906796740019,49.05528728580015,47.16492406575627,48.822227478027344,249616000.0
2018-08-03,48.73748795931409,49.14004523178112,48.372597578609025,48.96348571777344,133789600.0
2018-08-06,48.9658343850344,49.260100216675234,48.74690233050748,49.21772766113281,101701600.0
2018-08-07,49.27658070828396,49.318953263723905,48.67392126916684,48.756317138671875,102349600.0
2018-08-08,48.50678163593179,48.921106644226434,48.146600536240406,48.789276123046875,90102000.0
2018-08-09,49.32600565675037,49.384858811363216,48.77749382470525,49.17298889160156,93970400.0
2018-08-10,48.986374954988406,49.39743090242757,48.82336994816407,49.02653503417969,98444800.0
2018-08-13,49.44703548083893,49.83446612894163,49.06669169299889,49.34309005737305,103563600.0
2018-08-14,49.6478419970933,49.74233587521669,49.19898706423124,49.55098342895508,82992000.0
2018-08-15,49.42576875498392,49.78485191739147,49.21551684900846,49.66673278808594,115230400.0
2018-08-16,50.023456126869974,50.51010641019358,49.95730969640134,50.394351959228516,114001600.0
2018-08-17,50.42269622366473,51.48812950883822,50.35654979736229,51.40072250366211,141708000.0
2018-08-20,51.523559686073504,51.778693803721694,50.817206076823226,50.8998908996582,121150800.0
2018-08-21,51.216456087953674,51.308588866242836,50.5620750907815,50.80067443847656,104639200.0
2018-08-22,50.57861771807685,51.11251493875671,50.51719345762094,50.803043365478516,76072400.0
2018-08-23,50.708543349660324,51.27551736200739,50.696734319896585,50.906986236572266,75532800.0
2018-08-24,51.16920342685341,51.24007201397918,50.817207157054575,51.06525802612305,73905600.0
2018-08-27,51.29913711900238,51.6747586949245,51.10542361873389,51.48576736450195,82100400.0
2018-08-28,51.738545300195106,52.09998958647139,51.717284719757714,51.90155029296875,91107200.0
2018-08-29,52.00785967623927,52.79689832830849,51.83304564336104,52.676414489746094,109019200.0
2018-08-30,52.740194102199645,53.92374654449071,52.5393901295794,53.16069793701172,195175200.0
2018-08-31,53.51032829361586,54.067850745143865,53.38984807574226,53.77491760253906,173360400.0
2018-09-04,53.9591736245769,54.141074461718866,53.53866987411202,53.94736099243164,109560400.0
2018-09-05,54.09620264370011,54.25684293673854,53.177235919309275,53.595375061035156,133332000.0
2018-09-06,53.44418099923575,53.70877030386008,52.27952809791721,52.70475769042969,137160000.0
2018-09-07,52.40945751605054,53.241013565604675,52.140146053637395,52.27952575683594,150479200.0
2018-09-10,52.19683916241394,52.40945574431646,51.13849284121695,51.57789611816406,158066000.0
2018-09-11,51.50230096312733,52.98824161403199,51.15975621240195,52.881935119628906,142996000.0
2018-09-12,53.13943780306241,53.15361152271487,51.93462116666355,52.225196838378906,197114800.0
2018-09-13,52.80398111284486,53.94501243257914,52.579555468815734,53.48670959472656,166825600.0
2018-09-14,53.330789785670724,53.588288636449,52.56774117812255,52.879573822021484,127997200.0
2018-09-17,52.48033447784941,52.66932583005766,51.327494078328534,51.47159957885742,148780400.0
2018-09-18,51.450326714380196,52.4094570342222,51.29204751995925,51.556636810302734,126286800.0
2018-09-19,51.61806488301106,51.88265060670735,50.86210309765727,51.58735275268555,108495200.0
2018-09-20,52.029134343546694,52.51105898074632,51.77163180819813,51.979522705078125,106435200.0
2018-09-21,52.15668660065999,52.29370523412945,51.332213714764634,51.41962432861328,384986800.0
2018-09-24,51.221183555265625,52.27007844864043,51.17629770710372,52.1590461730957,110773600.0
2018-09-25,51.9133660310406,52.638619336797795,51.90155339518817,52.48978805541992,98217600.0
2018-09-26,52.208650996905945,52.85830615636971,51.91571428185233,52.071632385253906,95938800.0
2018-09-27,52.87486071483223,53.49380393867976,52.8087106711476,53.141807556152344,120724800.0
2018-09-28,53.103997129259895,53.35204802436929,52.922096263594824,53.328426361083984,91717600.0
2018-10-01,53.85050878521809,54.197779303794704,53.47252974510527,53.687503814697266,94403200.0
2018-10-02,53.685147592248526,54.33480284363987,53.53868101635113,54.164710998535156,99152800.0
2018-10-03,54.34661210049897,55.15454651217673,54.28282676137159,54.823814392089844,114619200.0
2018-10-04,54.519057903231584,54.88995365100147,53.56229236005204,53.859954833984375,128168000.0
2018-10-05,53.85287945813357,53.95918596232943,52.10943981236538,52.98588180541992,134322000.0
2018-10-08,52.49450978403178,53.10636606409156,52.01966853422493,52.863040924072266,118655600.0
2018-10-09,52.83232645968275,53.689872531684166,52.50395540918603,53.595375061035156,107564000.0
2018-10-10,53.262284289555225,53.47253621494058,51.03928120567304,51.11251449584961,167962400.0
2018-10-11,50.67783906976985,51.854304746732204,50.15811555179249,50.66130065917969,212497600.0
2018-10-12,52.07163159044692,52.652779237568915,51.2258982722889,52.47087478637695,161351600.0
2018-10-15,52.246461106178046,52.40474032798749,51.32749430183293,51.3487548828125,123164000.0
2018-10-16,51.71964012658048,52.67877048262682,51.20700353895954,52.48032760620117,116736000.0
2018-10-17,52.515764645492226,52.59608478681421,51.81649782677638,52.2535400390625,91541600.0
2018-10-18,51.46686978304842,51.9109988853349,50.31875164361143,51.03219223022461,130325200.0
2018-10-19,51.51411607530205,52.27007781096182,51.36528481315141,51.80941390991211,132314800.0
2018-10-22,51.9228076917488,52.76618004452115,51.72200732540533,52.125972747802734,115168400.0
2018-10-23,50.987308828331614,52.74019644792127,50.720358416207795,52.61735153198242,155071200.0
2018-10-24,52.58664026806459,52.97170619640665,50.68255678665356,50.8124885559082,163702000.0
2018-10-25,51.431441351031665,52.29843547056509,51.20465099928753,51.92517852783203,119423200.0
2018-10-26,51.003853031879004,52.017317466878524,50.24080424985826,51.098350524902344,189033600.0
2018-10-29,51.78106493819332,51.89918406854014,48.68634228122267,50.13920974731445,183742000.0
2018-10-30,49.881695982485795,50.833735668630545,49.43757060438259,50.389610290527344,146640000.0
2018-10-31,51.23535895942081,52.07872773863771,51.17393470003853,51.70310974121094,153435600.0
2018-11-01,51.7479932575457,52.52994134683256,51.218818240233645,52.49686813354492,233292800.0
2018-11-02,49.50373206968647,50.47230685045314,48.530427909312415,49.01471710205078,365314800.0
2018-11-05,48.26347537336716,48.284735950815005,46.815333742036444,47.623268127441406,264654800.0
2018-11-06,47.70122910815629,48.362696958228696,47.64689531758217,48.13827133178711,127531600.0
2018-11-07,48.658004808488826,49.624218627473745,48.22332718492194,49.59823226928711,133697600.0
2018-11-08,49.778395614446815,49.81158422834098,49.01268455420354,49.425174713134766,101450400.0
2018-11-09,48.72820356356081,48.83725030122931,47.9458964943367,48.47217559814453,137463200.0
2018-11-12,47.175450083987386,47.37695470965315,45.940352537920646,46.03043746948242,204542000.0
2018-11-13,45.42829458759235,46.743988758610655,45.38562145044577,45.57052993774414,187531600.0
2018-11-14,45.966421139033315,46.10391783458197,44.07703256697884,44.28327941894531,243204000.0
2018-11-15,44.660218236508925,45.50890268674513,44.30699369850852,45.37614822387695,185915200.0
2018-11-16,45.160412515171664,46.22008232656418,44.913869072574464,45.87871170043945,147713200.0
2018-11-19,45.04188654984463,45.207829618939165,43.854204422517,44.060447692871094,167701200.0
2018-11-20,42.28484285652294,43.01973815578726,41.60684386740584,41.955326080322266,271300800.0
2018-11-21,42.60725469548126,42.73527050896908,41.85339745914007,41.907920837402344,124496800.0
2018-11-23,41.47171992481934,41.865244596069026,40.798463202121155,40.843502044677734,94496000.0
2018-11-26,41.30577746097213,41.474089835387204,40.362265965846845,41.39585876464844,179994000.0
2018-11-27,40.65859140621429,41.43141753463873,40.50924447872487,41.3057746887207,165549600.0
2018-11-28,41.89606521990837,42.97706991484424,41.46935188841063,42.894100189208984,184250000.0
2018-11-29,43.30183975998431,43.335028367317676,42.126008096640945,42.5645751953125,167080000.0
2018-11-30,42.74000012754947,42.7494846540276,41.96717761478334,42.334625244140625,158126000.0
2018-12-03,43.72855352828848,43.842342523740484,42.958100347142334,43.81389617919922,163210000.0
2018-12-04,42.89647046140482,43.237841134153726,41.78701939225855,41.8865852355957,165377200.0
2018-12-06,40.71785665095758,41.43378646572274,40.400193746066954,41.41956329345703,172393600.0
2018-12-07,41.127973766354074,41.36503626254481,39.89761883235829,39.94266128540039,169126400.0
2018-12-10,39.115325064377515,40.32197270882044,38.719430996285325,40.205814361572266,248104000.0
2018-12-11,40.69415597889754,40.724971648959276,39.589443688075356,39.97585678100586,189126800.0
2018-12-12,40.39545486304984,40.75579093217634,40.06831102170334,40.087276458740234,142510800.0
2018-12-13,40.41680542913052,40.909896088930765,40.193965998353754,40.52585220336914,127594400.0
2018-12-14,40.063568031120994,40.08253346781374,39.1816951199879,39.22910690307617,162814800.0
2018-12-17,39.22200742213319,39.90949114960628,38.5771968447114,38.864044189453125,177151600.0
2018-12-18,39.20540286647577,39.71508586552915,38.97070965657398,39.36897659301758,135366000.0
2018-12-19,39.35238091263852,39.69612086582762,37.714277923367106,38.1409912109375,196189200.0
2018-12-20,38.02482382326648,38.430202292752995,36.815807235047956,37.17851257324219,259092000.0
2018-12-21,37.18563172221628,37.493813760545514,35.47167049927005,35.73243713378906,382978400.0
2018-12-24,35.12082020348033,35.926835155569904,34.751003152988105,34.807899475097656,148676800.0
2018-12-26,35.156384456910665,37.27335174785261,34.78182511320118,37.25912857055664,234330000.0
2018-12-27,36.943826100791895,37.16429614836959,35.575977822212685,37.01731491088867,212468400.0
2018-12-28,37.33735588609049,37.57916072752673,36.63802200723716,37.036285400390625,169165600.0
2018-12-31,37.58151528901407,37.77827758475544,37.095536473487684,37.39423751831055,140014000.0
2019-01-02,36.71860965250056,37.65737872294249,36.56214753787914,37.43690872192383,148158800.0
2019-01-03,34.13226039084803,34.54475047514119,33.66287761719509,33.70792007446289,365248800.0
2019-01-04,34.262646525522236,35.215638890994725,34.089591894725444,35.146888732910156,234428400.0
2019-01-07,35.2511922404592,35.282011522303684,34.58741653180372,35.06865310668945,219111200.0
2019-01-08,35.455070009455085,35.99083362118485,35.20852657958671,35.73717498779297,164101200.0
2019-01-09,35.86518409738925,36.63326790098298,35.47166309582496,36.344051361083984,180396400.0
2019-01-10,36.15203830332984,36.50052053570231,35.76325587216913,36.46022033691406,143122800.0
2019-01-11,36.24212260924212,36.43651201285764,35.917344466671175,36.10225296020508,108092800.0
2019-01-14,35.76089952074768,35.860465392215026,35.37448627265947,35.55939483642578,129756800.0
2019-01-15,35.62339447087061,36.36302855383263,35.57124041452966,36.28717041015625,114843600.0
2019-01-16,36.28953230223316,36.95330810558897,36.27056686587589,36.73046875,122278800.0
2019-01-17,36.55504553898602,37.37528357720768,36.33220615680434,36.948570251464844,119284800.0
2019-01-18,37.33735590651915,37.42744084338128,36.97701977635849,37.17615509033203,135004000.0
2019-01-22,37.07895085520432,37.154808983139375,36.18048184882576,36.3416862487793,121576000.0
2019-01-23,36.54318226620148,36.77787543917383,35.96237987517853,36.4886589050293,92522400.0
2019-01-24,36.53371051743065,36.621422505300714,35.971873419279106,36.1994514465332,101766000.0
2019-01-25,36.85848072889009,37.48669859655838,36.58349094638172,37.398983001708984,134142000.0
2019-01-28,36.93196750675945,37.059983290146754,36.42702681111613,37.05287170410156,104768400.0
2019-01-29,37.04101693130822,37.4866956045575,36.53370330810849,36.668827056884766,166348800.0
2019-01-30,38.70046213932008,39.38794210253695,37.98453220972156,39.17458724975586,244439200.0
2019-01-31,39.378464472826245,40.06357516979574,39.01101675816641,39.456695556640625,162958400.0
2019-02-01,39.5799665216834,40.058830287377425,39.33578875751876,39.47565841674805,130672400.0
2019-02-04,39.68663891563872,40.69415466560486,39.655819629284345,40.59695816040039,125982000.0
2019-02-05,40.97863281022283,41.50491196410588,40.85773221114225,41.29155349731445,144406400.0
2019-02-06,41.40296757255128,41.62106827364478,40.97625793139639,41.3057746887207,112958400.0
2019-02-07,40.86958496796045,41.23466334560738,40.381236660330636,40.523475646972656,126966800.0
2019-02-08,40.23301855889848,40.630610517833716,40.09731162648508,40.57109069824219,95280000.0
2019-02-11,40.723455587227264,40.7615491383027,40.29491221963111,40.337764739990234,83973600.0
2019-02-12,40.497290350510035,40.71156026721677,40.40205645090563,40.68537139892578,89134000.0
2019-02-13,40.80440440861806,41.06390993130662,40.454427604228414,40.516326904296875,89960800.0
2019-02-14,40.40442352373039,40.77344338564878,40.32585695005733,40.6639289855957,87342800.0
2019-02-15,40.77107347735558,40.87820841832707,40.41395458558312,40.57346725463867,98507200.0
2019-02-19,40.40442811793749,40.816304172692135,40.35205039619982,40.694881439208984,75891200.0
2019-02-20,40.75678995456549,41.26389995148661,40.70917482812812,40.9567756652832,104457600.0
2019-02-21,40.902013836844844,41.037717113521,40.54489497965377,40.725833892822266,68998800.0
2019-02-22,40.84964624668983,41.18771841275426,40.80203111381347,41.18057632446289,75652800.0
2019-02-25,41.46389282566573,41.87100640476121,41.41389457294777,41.48055648803711,87493600.0
2019-02-26,41.35675221185204,41.735297384970416,41.22818736975056,41.50436019897461,68280800.0
2019-02-27,41.237702941244116,41.663863142959855,41.12342230100702,41.632911682128906,111341600.0
2019-02-28,41.501990460612625,41.64245639313976,41.1686772196439,41.22343444824219,112861600.0
2019-03-01,41.49245157272372,41.69957935859273,41.1615215591532,41.6567268371582,103544800.0
2019-03-04,41.82814408844058,42.3185867630682,41.41864748708526,41.86623764038086,109744800.0
2019-03-05,41.887667694676146,41.90195186974716,41.55435453421323,41.79005432128906,78949600.0
2019-03-06,41.58530913421484,41.78053589569321,41.41151226975844,41.549598693847656,83241600.0
2019-03-07,41.39483575753706,41.53054266631523,40.95439134895012,41.068668365478516,99185600.0
2019-03-08,40.549662045743496,41.2043800226722,40.35443530524196,41.16628646850586,95997600.0
2019-03-11,41.78052922098767,42.64475443502301,41.747198271035906,42.592376708984375,128044000.0
2019-03-12,42.85426604222394,43.48993721924746,42.704274948579794,43.070919036865234,129870400.0
2019-03-13,43.389951908070735,43.639935896652894,43.0733060069069,43.261390686035156,124130000.0
2019-03-14,43.78277497966139,43.83039373846659,43.46374963935355,43.74230194091797,94318000.0
2019-03-15,44.00895177597191,44.59938731167194,43.744683657393075,44.311309814453125,156171600.0
2019-03-18,44.23512044945754,44.85174476640295,44.23273733223031,44.76365661621094,104879200.0
2019-03-19,44.842226248059674,44.99459681614695,44.26369180656518,44.40892028808594,126585600.0
2019-03-20,44.33749463127132,45.113635257364436,43.98037578107166,44.79698944091797,124140800.0
2019-03-21,45.23982042355803,46.74209992048173,45.18982218227039,46.44688034057617,204136800.0
2019-03-22,46.50640098152946,47.06588868608585,45.42076015573601,45.485042572021484,169630800.0
2019-03-25,45.59457003798258,45.70646761090283,44.42560331790427,44.93509292602539,175381200.0
2019-03-26,45.630261966761935,45.920718891716376,43.94466073487566,44.4708137512207,199202000.0
2019-03-27,44.93746574322131,45.17792451700558,44.41369203462886,44.87080383300781,119393600.0
2019-03-28,44.98507795541089,45.13030645740991,44.647005823321656,44.930320739746094,83121600.0
2019-03-29,45.194583813551674,45.254103625195796,44.88745955109944,45.22315216064453,94256000.0
2019-04-01,45.6255113221176,45.63503289451936,44.849374206925575,45.53028106689453,111448000.0
2019-04-02,45.494572070792294,46.296901773379574,45.48505049732856,46.19214630126953,91062800.0
2019-04-03,46.00881357119078,46.78257110861055,45.98500419384211,46.50878143310547,93087200.0
2019-04-04,46.37545200589024,46.75161762841101,45.98262272618478,46.589725494384766,76457200.0
2019-04-05,46.770674624732635,46.92542833904499,46.64687237984307,46.90161895751953,74106400.0
2019-04-08,46.76352259873422,47.670603896938765,46.744475824121956,47.63965606689453,103526800.0
2019-04-09,47.69202998328842,48.2943701052345,47.43252087860452,47.496803283691406,143072800.0
2019-04-10,47.301576367384655,47.792022598466595,47.18253676070273,47.763450622558594,86781200.0
2019-04-11,47.81821268200921,47.85392311180823,47.24444089123429,47.36585998535156,83603200.0
2019-04-12,47.42539124332817,47.64918634491624,46.71353653021887,47.346824645996094,111042800.0
2019-04-15,47.277767978469825,47.580129579695694,47.14206109070693,47.432518005371094,70146400.0
2019-04-16,47.487276976038274,47.94200546935276,47.27300352472555,47.437278747558594,102785600.0
2019-04-17,47.50633845193266,48.420565658052794,47.28492646285772,48.361045837402344,115627200.0
2019-04-18,48.35865586347392,48.6038771991631,48.21581049384585,48.53483581542969,96783200.0
2019-04-22,48.28962096019007,48.79196838798587,48.17296080479051,48.69435501098633,77758000.0
2019-04-23,48.67054404461103,49.46096897486131,48.5443623205219,49.39668655395508,93292000.0
2019-04-24,49.368125999825615,49.634773665246875,49.294321994775224,49.32051086425781,70162400.0
2019-04-25,49.24192927700253,49.46334122480281,48.83481218121374,48.87290573120117,74172800.0
2019-04-26,48.78243276062449,48.80624213673832,48.12057279202839,48.63958740234375,74596400.0
2019-04-29,48.66340354702817,49.03718976166445,48.534842333816606,48.713401794433594,88818800.0
2019-04-30,48.34438091958181,48.42532700777185,47.40396843365186,47.77537155151367,186139600.0
2019-05-01,49.96807087208278,51.260839370967766,49.81331719006175,50.12044143676758,259309200.0
2019-05-02,49.958544811914926,50.627546867778136,49.551431362489616,49.79426956176758,127985200.0
2019-05-03,50.2085397880018,50.434714380027714,50.05140658953269,50.41328811645508,83569600.0
2019-05-06,48.63719794163775,49.720459023121286,48.44911697295129,49.63475036621094,129772400.0
2019-05-07,49.01575709573647,49.382397541879435,47.81345615806851,48.296756744384766,155054800.0
2019-05-08,48.06819897946514,48.88719217828683,48.03248854519136,48.306278228759766,105358000.0
2019-05-09,47.71107486773577,48.015815982753914,46.820660898117396,47.787261962890625,139634400.0
2019-05-10,47.18260069191322,47.52436694654239,46.07127049602343,47.125240325927734,164834800.0
2019-05-13,44.861959909569315,45.28498038440615,43.70043870801492,44.386356353759766,229722400.0
2019-05-14,44.551259529371606,45.33755501706482,44.31226345269041,45.0890007019043,146118800.0
2019-05-15,44.51780099992997,45.82749850185416,44.458051979718945,45.62913131713867,106178800.0
2019-05-16,45.38775397079813,45.99958345378855,45.132026372240446,45.428382873535156,132125600.0
2019-05-17,44.675530176376924,45.62434479299866,44.63490128521863,45.17025375366211,131516400.0
2019-05-20,43.860567465632776,44.05893467607337,43.08621875043243,43.75779724121094,154449200.0
2019-05-21,44.26685628541341,44.93126512693006,44.14257729693959,44.59667205810547,113459200.0
2019-05-22,44.133018185582294,44.38396480563618,43.62873629745547,43.6837043762207,118994400.0
2019-05-23,42.971508631637576,43.148363449235205,42.49590497882846,42.93804931640625,146118800.0
2019-05-24,43.067096506223606,43.53074952387793,42.68948223047205,42.77313232421875,94858800.0
2019-05-28,42.76117939821549,43.16030242542194,42.51979466347363,42.59627151489258,111792800.0
2019-05-29,42.16370097349173,42.86396159975517,42.063323026611435,42.39313888549805,113924800.0
2019-05-30,42.52934888124325,42.83526355157683,42.22343421090967,42.612998962402344,84873600.0
2019-05-31,42.118281900211706,42.53891737233829,41.8219290686219,41.84104919433594,108174400.0
2019-06-03,41.96771387923834,42.522182898713545,40.69386431177502,41.41802215576172,161584400.0
2019-06-04,41.92947519408972,42.978667897856404,41.70959922585788,42.933258056640625,123872000.0
2019-06-05,44.0422011159206,44.21188995189266,43.29175350609404,43.626346588134766,119093600.0
2019-06-06,43.75540941879875,44.32660999100133,43.53314113426265,44.26686096191406,90105200.0
2019-06-07,44.575153373485605,45.868122919848474,44.398298624873526,45.445098876953125,122737600.0
2019-06-10,45.84183945170739,46.69266494884902,45.796429611108664,46.0258674621582,104883600.0
2019-06-11,46.57079224277287,46.84324772140322,46.26965839169468,46.558841705322266,107731600.0
2019-06-12,46.353291785136825,46.83606491698479,46.21945455574318,46.41065216064453,73012800.0
2019-06-13,46.532537291474256,47.032038236807054,46.26964378451583,46.40108871459961,86698400.0
2019-06-14,45.779700067531756,46.26725046842475,45.48095496613412,46.06410598754883,75046000.0
2019-06-17,46.10234367212921,46.59467867410405,45.92787754991537,46.338951110839844,58676400.0
2019-06-18,46.855197906055636,47.86853929069686,46.654442006848456,47.42878723144531,106204000.0
2019-06-19,47.72273582766585,47.77053796142273,47.15631628119662,47.29015350341797,84496800.0
2019-06-20,47.88764970557996,47.94501008519834,47.32839967976791,47.670166015625,86056000.0
2019-06-21,47.51242178135948,48.002364478306184,47.35707214014717,47.50764083862305,191202400.0
2019-06-24,47.45028461027407,47.837460776342034,47.361857219276544,47.45984649658203,72881600.0
2019-06-25,47.42398077656219,47.622347920307256,46.67353338357955,46.740455627441406,84281200.0
2019-06-26,47.26625730093694,48.03582499532506,47.16587938168513,47.75141906738281,104270000.0
2019-06-27,47.86852837567722,48.17444674582689,47.69645453473033,47.737083435058594,83598800.0
2019-06-28,47.48374832133551,47.67972689411709,47.09418711775815,47.3021125793457,124442400.0
2019-07-01,48.556846508935166,48.87232317187957,47.95457520036334,48.169673919677734,109012000.0
2019-07-02,48.136202478362335,48.547276037358415,48.12425194472356,48.45167541503906,67740800.0
2019-07-03,48.58312842208585,48.86036478190862,48.44212159394522,48.85319519042969,45448000.0
2019-07-05,48.59984754932282,49.01330968896287,48.49229641088853,48.81016159057617,69062000.0
2019-07-08,47.99280233879046,48.133809151047075,47.419213204341766,47.80399703979492,101354400.0
2019-07-09,47.60802314605108,48.160103562324515,47.51481481144376,48.095577239990234,82312000.0
2019-07-10,48.24137007294178,48.69068031541606,48.17205915336362,48.57118225097656,71588400.0
2019-07-11,48.59030547775813,48.84842175102384,48.207913835239545,48.217472076416016,80767200.0
2019-07-12,48.38476534582828,48.755210073292474,48.32501631387571,48.587913513183594,70380800.0
2019-07-15,48.77671351837103,49.202126287633234,48.75520474444894,49.04439163208008,67789600.0
2019-07-16,48.89621122738501,49.25948632051337,48.63570635359561,48.87470245361328,67467200.0
2019-07-17,48.7671576951322,49.01571204861512,48.580741018322186,48.59986114501953,56430000.0
2019-07-18,48.75520876999739,49.20452264524316,48.68350920421264,49.15194320678711,74162400.0
2019-07-19,49.18300345934316,49.35269228680589,48.36324862605585,48.418216705322266,83717200.0
2019-07-22,48.67155855676903,49.52716510710405,48.66200031652238,49.524776458740234,89111600.0
2019-07-23,49.821129303572306,49.92867682071002,49.54150065350668,49.91194534301758,73420800.0
2019-07-24,49.63233029526973,49.98604357803794,49.512832219638,49.8713264465332,59966400.0
2019-07-25,49.923892185802046,50.0075422744963,49.407659765565704,49.47697067260742,55638400.0
2019-07-26,49.58691034563834,50.12465157648066,49.50565254598537,49.649051666259766,70475600.0
2019-07-29,49.821129523719435,50.34213928080888,49.8163485805303,50.112701416015625,86693600.0
2019-07-30,49.89283258151694,50.227429363633455,49.5462889099037,49.897613525390625,135742800.0
2019-07-31,51.72352978870497,52.906559623159254,50.499871059371,50.91572189331055,277125600.0
2019-08-01,51.12125839181598,52.108313337109216,49.410049286192155,49.81394958496094,216071600.0
2019-08-02,49.12086200109132,49.33595700548776,48.18877878631925,48.759979248046875,163448400.0
2019-08-05,47.318834399217735,47.4765690378139,46.02586475285165,46.20750045776367,209572000.0
2019-08-06,46.91732172907666,47.337957180388806,46.37479958500888,47.08222961425781,143299200.0
2019-08-07,46.702228891752036,47.69406125048899,46.32222596704192,47.56978225708008,133457600.0
2019-08-08,47.84702393793063,48.642881479152365,47.65343765837779,48.618980407714844,108038000.0
2019-08-09,48.292703895357675,48.64296188820883,47.81049423332828,48.21833419799805,98478800.0
2019-08-12,47.889667686680966,48.47263670436005,47.776912437595854,48.095985412597656,89927600.0
2019-08-13,48.22553694677137,50.893270127420344,48.09598664589979,50.132774353027344,188874000.0
2019-08-14,48.738921717537906,49.52580693537661,48.60217461253329,48.640560150146484,146189600.0
2019-08-15,48.81089743333585,49.213934627282455,47.90165870212019,48.39826202392578,108909600.0
2019-08-16,49.00761940403555,49.69854452652455,48.90206099247231,49.54020690917969,110481600.0
2019-08-19,50.528619610011084,51.034817600178286,50.387077015671984,50.46384811401367,97654400.0
2019-08-20,50.590994943201196,51.18355856408945,50.456649187325645,50.466243743896484,107537200.0
2019-08-21,51.09718202117652,51.2555159650545,50.76371542654577,51.013214111328125,86141600.0
2019-08-22,51.14516072362289,51.44504087828492,50.559794076019166,50.97003173828125,89014800.0
2019-08-23,50.243125301638166,50.87167667544053,48.220735037045706,48.61417770385742,187272000.0
2019-08-26,49.38666288108543,49.70573580378424,49.19473885065766,49.537803649902344,104174400.0
2019-08-27,49.86647686959799,50.03201131914729,48.82769145865033,48.97883224487305,103493200.0
2019-08-28,48.96443397138166,49.35307748719448,48.777309044460935,49.3074951171875,63755200.0
2019-08-29,50.02002231545943,50.21674550325925,49.578599495883154,50.142372131347656,83962000.0
2019-08-30,50.418258218749706,50.4878288131881,49.70814030749895,50.07759475708008,84573600.0
2019-09-03,49.52342234580476,49.655370388192495,48.99323611272985,49.34829330444336,80092000.0
2019-09-04,49.99362663387558,50.255121283851096,49.73693109197349,50.185550689697266,76752400.0
2019-09-05,50.859678663980254,51.332290121775586,50.74212431527314,51.16675567626953,95654800.0
2019-09-06,51.35148311214848,51.4402464746383,50.982028677859134,51.161956787109375,77449200.0
2019-09-09,51.5410149078116,51.92486307314199,50.63657875407816,51.380279541015625,109237600.0
2019-09-10,51.30590525316312,52.00642498087169,50.79011275885333,51.98723220825195,127111600.0
2019-09-11,52.31589526281973,53.668954406402584,52.234325076720765,53.64016342163086,177158400.0
2019-09-12,53.930455617643666,54.31909918340094,53.46504096397798,53.52021789550781,128906800.0
2019-09-13,52.77891078404018,52.968433443898334,52.06399747203743,52.47903060913086,159053200.0
2019-09-16,52.234333171895095,52.810105368157046,52.19354990284835,52.75492477416992,84632400.0
2019-09-17,52.76932307922049,52.97564081276649,52.567800793429946,52.94684982299805,73274800.0
2019-09-18,53.033220772901906,53.462651332010914,52.644577148321865,53.443458557128906,101360000.0
2019-09-19,53.26112037335412,53.68095264649306,52.86767770380978,53.00922393798828,88242400.0
2019-09-20,53.10997768332739,53.39306280074984,52.171951652718704,52.23432540893555,221652400.0
2019-09-23,52.52702447584751,52.7405390699336,52.215148280048794,52.47184753417969,76662000.0
2019-09-24,53.026012342649935,53.37627400150818,52.1047813136798,52.22233200073242,124763200.0
2019-09-25,52.43104739925435,53.13876383787783,52.092781703491944,53.02600860595703,87613600.0
2019-09-26,52.77890348366572,53.00441392970841,52.49821611805286,52.75251388549805,75334000.0
2019-09-27,52.90846232712596,53.00922529663117,52.1263760760949,52.49583053588867,101408000.0
2019-09-30,52.99482716237936,53.877676369428805,52.96843755851151,53.7313346862793,103909600.0
2019-10-01,53.995230177972914,54.75092680553321,53.78651107289727,53.88007354736328,139223200.0
2019-10-02,53.51303162326038,53.6377828354051,52.28232187464526,52.52942657470703,138449200.0
2019-10-03,52.402261102678956,53.00922196273818,51.61058034563439,52.97563552856445,114426000.0
2019-10-04,54.131972438434296,54.57579658165948,53.71214017454711,54.46063995361328,138478800.0
2019-10-07,54.283118305032474,55.161164797015786,54.17995760700077,54.47264099121094,122306000.0
2019-10-08,54.17516269518079,54.712545705751026,53.817704155676886,53.834495544433594,111820000.0
2019-10-09,54.4654426574707,54.64776850627761,54.13197601227896,54.4654426574707,74770400.0
2019-10-10,54.681364290991986,55.28352619499082,54.53022712941724,55.19955825805664,113013600.0
2019-10-11,55.88568038276659,57.010831620665336,55.73214184744304,56.66777038574219,166795600.0
2019-10-14,56.35347815849409,57.128371126988384,56.29830123407863,56.586185455322266,96427600.0
2019-10-15,56.71094205880496,57.01321997096741,56.34868810894503,56.454246520996094,87360000.0
2019-10-16,55.98643327019431,56.4350565436216,55.945650001818564,56.22633743286133,73903200.0
2019-10-17,56.39906255635208,56.65336035527154,56.02241496568268,56.444644927978516,67585200.0
2019-10-18,56.279116685052266,56.99643144981467,56.20714470406706,56.71574401855469,97433600.0
2019-10-21,56.98204111833702,57.81450890497435,56.93406101508978,57.6993522644043,87247200.0
2019-10-22,57.85528613606384,58.10478484329185,57.48583169226944,57.56740188598633,82293600.0
2019-10-23,58.080803860863966,58.3542944816092,57.869687009535255,58.33989715576172,75828800.0
2019-10-24,58.65897263620099,58.72854690180575,58.01123205028258,58.43586349487305,69275200.0
2019-10-25,58.33509163394323,59.19154751127854,58.26791876751091,59.15556335449219,73477200.0
2019-10-28,59.35708964228901,59.796114715182654,59.18915745445604,59.74813461303711,96572800.0
2019-10-29,59.728937090643406,59.91606203658459,58.19355198019087,58.36627960205078,142839600.0
2019-10-30,58.718945163935885,58.84849546974143,57.86728826237409,58.35908889770508,124522000.0
2019-10-31,59.313902865640614,59.77691611414118,56.91965683308477,59.67855453491211,139162000.0
2019-11-01,59.865682443755965,61.3986698789117,59.77452135224457,61.372283935546875,151125200.0
2019-11-04,61.73454265573505,61.859297521506406,61.26673387297728,61.77532958984375,103272000.0
2019-11-05,61.66735752356005,61.940851762991464,61.492232183395174,61.686553955078125,79897600.0
2019-11-06,61.60018116678881,61.772912434200514,61.26431684718079,61.71293640136719,75864400.0
2019-11-07,62.259143320569045,62.64655235097991,62.1075488018549,62.425174713134766,94940400.0
2019-11-08,62.24713806630478,62.668230843713935,61.804389970107614,62.596046447753906,69986400.0
2019-11-11,62.153279546974815,63.156686525438744,62.14846970255619,63.09172058105469,81821200.0
2019-11-12,62.93533583988324,63.23371521711482,62.78374857130371,63.033992767333984,87388800.0
2019-11-13,62.83424348708343,63.71252097695285,62.81980661221337,63.6379280090332,102734400.0
2019-11-14,63.46468706949581,63.73659382314395,63.06765826833198,63.19759750366211,89182800.0
2019-11-15,63.44785744152943,63.95317028885658,63.286643161521,63.948360443115234,100206400.0
2019-11-18,63.95797391868933,64.3501929351306,63.580199124620194,64.27079010009766,86703200.0
2019-11-19,64.46328376817914,64.4873476799983,63.859321438185184,64.07588195800781,76167200.0
2019-11-20,63.89539809731908,64.02532997165318,62.65858529465471,63.32992935180664,106234400.0
2019-11-21,63.45025634251373,63.52725792226711,62.84628667519004,63.0460090637207,121395200.0
2019-11-22,63.18555533818893,63.32752284181442,62.76446267135501,62.99065017700195,65325200.0
2019-11-25,63.214422014951836,64.11195349940043,63.168702800207086,64.09510803222656,84020400.0
2019-11-26,64.23229986300308,64.28523754281572,63.16392657462165,63.59464645385742,105207600.0
2019-11-27,63.90503892603565,64.48254348721751,63.84007296737668,64.4488525390625,65235600.0
2019-11-29,64.15046511887911,64.48733780292622,63.98202510521868,64.30686950683594,46617600.0
2019-12-02,64.31168141512865,64.54749597316658,63.3925017784307,63.5633430480957,94487200.0
2019-12-03,62.15567738264708,62.44923939339836,61.66961882263412,62.42999267578125,114430400.0
2019-12-04,62.819815271136704,63.35881158930754,62.72596822827263,62.98102951049805,67181600.0
2019-12-05,63.47432445651237,63.97963726009609,63.21926313205803,63.90503692626953,74424400.0
2019-12-06,64.36220755924087,65.20920267737617,64.31888959281135,65.13941955566406,106075600.0
2019-12-09,64.96859806309656,65.16109467560312,63.74382055858157,64.22747802734375,128042400.0
2019-12-10,64.63172562536087,64.98544384355337,63.97240967069265,64.60285186767578,90420400.0
2019-12-11,64.68224783580021,65.23327979738657,64.60765485527283,65.15386962890625,78756800.0
2019-12-12,64.43441196912849,65.58459649359327,64.3237267833271,65.31990814208984,137310400.0
2019-12-13,65.31988967330359,66.24388637643624,65.19235905044793,66.20779418945312,133587600.0
2019-12-16,66.65298869674035,67.56495763791446,66.64817885016154,67.34117126464844,128186000.0
2019-12-17,67.27137184882572,67.80074117462817,67.08608634301142,67.47349548339844,114158400.0
2019-12-18,67.32672325758145,67.83203610940059,67.16310038160984,67.31228637695312,116028400.0
2019-12-19,67.25450901811797,67.6587561829255,67.12216855664366,67.37963104248047,98369200.0
2019-12-20,67.91141049674324,68.01246860786885,67.02831593302761,67.24006652832031,275978000.0
2019-12-23,67.50235913145113,68.39748214667952,67.46385834825841,68.33732604980469,98572000.0
2019-12-24,68.5033787375967,68.55150656735154,68.0774760830421,68.40231323242188,48478800.0
2019-12-26,68.53464495904811,69.77626777302233,68.50577120530262,69.7594223022461,93121200.0
2019-12-27,70.050581938303,70.73636302317358,69.32870865807601,69.73295593261719,146266000.0
2019-12-30,69.6511344086115,70.4283538378636,68.6308893370176,70.14682006835938,144114400.0
2019-12-31,69.76423208192604,70.66657360200388,69.66557519453796,70.65935516357422,100805600.0
2020-01-02,71.28256018375274,72.33168624316235,71.02990753552221,72.27153015136719,135480400.0
2020-01-03,71.5015494021164,72.32688945190185,71.34514498799838,71.56892395019531,146322800.0
2020-01-06,70.69307295930554,72.1777219920811,70.44282142655737,72.13922119140625,118387200.0
2020-01-07,72.14881244029856,72.40387369288733,71.58094243439095,71.79991149902344,108872000.0
2020-01-08,71.50393800505775,73.25568310862707,71.50393800505775,72.95490264892578,132079200.0
2020-01-09,73.92943603722999,74.6970284371342,73.6791919560673,74.50453186035156,170108400.0
2020-01-10,74.73793165436904,75.23602586841082,74.17246290967955,74.67295837402344,140644800.0
2020-01-13,74.98818677177965,76.29477541829935,74.87027582985212,76.26830291748047,121532000.0
2020-01-14,76.2057563300334,76.4150983993522,75.11572800719021,75.23844146728516,161954400.0
2020-01-15,75.03872116096186,75.91699875877144,74.48528063092401,74.91600036621094,121923600.0
2020-01-16,75.4574175522418,75.96513894112196,75.09648089083629,75.85444641113281,108829200.0
2020-01-17,76.10229529679785,76.69663800654283,75.79670487627278,76.6942367553711,137816400.0
2020-01-21,76.32364730468942,76.7639866868858,76.03730370643434,76.1744613647461,110843200.0
2020-01-22,76.65813158547017,76.99741293025565,76.35254118737379,76.4463882446289,101832400.0
2020-01-23,76.49932724037184,76.89394751401544,75.95310504727735,76.81454467773438,104472000.0
2020-01-24,77.05996684733118,77.80108679471296,76.40305956833261,76.59315490722656,146537600.0
2020-01-27,74.60798611282112,75.01945169928203,73.36155372985573,74.34089660644531,161940000.0
2020-01-28,75.21919235562906,76.61481100227473,75.12053546591517,76.4439697265625,162234000.0
2020-01-29,78.07060092433913,78.8887225352215,77.33188214601793,78.04412841796875,216229200.0
2020-01-30,77.12974662934549,77.98396030536023,76.69902690059489,77.93102264404297,126743200.0
2020-01-31,77.22359674590982,77.64468949943712,74.18210776179268,74.47566986083984,199588400.0
2020-02-03,73.22200714636392,75.4333461257712,72.7215115901091,74.27113342285156,173788400.0
2020-02-04,75.87128624120515,76.91319410520111,75.46703897288427,76.72309875488281,136616400.0
2020-02-05,77.84681134417079,78.14519062464261,76.74716330264357,77.34872436523438,118826800.0
2020-02-06,77.61824181203315,78.25589522799689,77.06239983969527,78.25348663330078,105425600.0
2020-02-07,77.7542084112417,78.00263953374633,76.70018503361815,77.18981170654297,117684000.0
2020-02-10,75.77878713871854,77.556396484375,75.69919587638071,77.556396484375,109348800.0
2020-02-11,78.05086843646208,78.1232241451145,76.87141886050789,77.08849334716797,94323200.0
2020-02-12,77.53711376977571,78.9239878248454,77.53711376977571,78.9191665649414,113730400.0
2020-02-13,78.19317418101016,78.68280077942906,77.99057083277162,78.35718536376953,94747600.0
2020-02-14,78.32580087480906,78.62488821058194,77.86994534379362,78.37645721435547,80113600.0
2020-02-18,76.06339028176376,77.12224179450247,75.88249370210502,76.94134521484375,152531200.0
2020-02-19,77.18255286966328,78.28481796940162,77.18255286966328,78.05567932128906,93984000.0
2020-02-20,77.81693368936773,78.30414612699346,76.750845952311,77.25494384765625,100566000.0
2020-02-21,76.84970141309908,77.29109325633112,74.89119532498566,75.50624084472656,129554000.0
2020-02-24,71.69777437412706,73.36684305832843,69.76097486599113,71.91967010498047,222195200.0
2020-02-25,72.58780502811709,72.96889076529182,69.0132851459726,69.48361206054688,230673600.0
2020-02-26,69.10975340191128,71.8473240795573,69.10251783059799,70.58586883544922,198054800.0
2020-02-27,67.80006808151072,68.98192476086734,65.83673284364053,65.9718017578125,320605600.0
2020-02-28,62.04996979820484,67.15125422909904,61.83530222470277,65.93321228027344,426510000.0
2020-03-02,68.08467075383604,72.70597777742344,66.98481977694166,72.0716323852539,341397200.0
2020-03-03,73.24382523248129,73.32341649193845,68.93365637610123,69.78266906738281,319475600.0
2020-03-04,71.4999874378904,73.17870588852956,70.70163100181635,73.01951599121094,219178400.0
2020-03-05,71.27808809920204,72.25010562325896,70.28677817477744,70.65098571777344,187572800.0
2020-03-06,68.0171041190759,70.1444493549,67.83138630732601,69.71270751953125,226176800.0
2020-03-09,63.61529369770825,67.07403522816881,63.43439712795174,64.19898986816406,286744800.0
2020-03-10,66.84488764569501,69.08800161794447,64.97079493039324,68.82268524169922,285290000.0
2020-03-11,66.90521300673807,67.82898839120944,65.5713950302336,66.43246459960938,255598800.0
2020-03-12,61.73158259822545,65.12279105466,59.81648956131734,59.87196350097656,418474000.0
2020-03-13,63.89027874713733,67.51544677339488,61.01040024313374,67.04511260986328,370732000.0
2020-03-16,58.35724302986641,62.488918914128035,57.88691260105301,58.41995620727539,322423600.0
2020-03-17,59.69828839419459,62.1343603897057,57.50099755431687,60.988685607910156,324056000.0
2020-03-18,57.83144573834236,60.298874658885616,57.19227545874743,59.49569320678711,300233600.0
2020-03-19,59.66934960367585,60.98386423258545,58.51643550459872,59.03982925415039,271857200.0
2020-03-20,59.6187005747609,60.74026183260014,54.99257275597992,55.291656494140625,401693200.0
2020-03-23,55.01185635438383,55.1131579974636,51.280562606035616,54.11701965332031,336752800.0
2020-03-24,57.00897443311412,59.74172017285772,56.5121122404974,59.54635238647461,287531200.0
2020-03-25,60.47977424301287,62.288740571318336,58.924063936740446,59.21832275390625,303602000.0
2020-03-26,59.45951435519265,62.392448772259634,59.42092219277503,62.334564208984375,252087200.0
2020-03-27,60.96215304640848,61.714681710456084,59.587339648494336,59.75376510620117,204216800.0
2020-03-30,60.477355032834254,61.63026911474741,60.154150297630075,61.45901870727539,167976400.0
2020-03-31,61.6495682716932,63.31140135824747,60.781263041812586,61.33359909057617,197002000.0
2020-04-01,59.45468128316464,59.990135502333565,57.67707190892179,58.10639953613281,176218400.0
2020-04-02,57.96891771690177,59.12906732554458,57.13920472068674,59.07600402832031,165934000.0
2020-04-03,58.56226275717802,59.26172817079223,57.63848363538416,58.22700119018555,129880000.0
2020-04-06,60.51596063267101,63.460956169520685,60.14934605494643,63.30659484863281,201820400.0
2020-04-07,65.31572482522255,65.53280661848255,62.46962146344631,62.573333740234375,202887200.0
2020-04-08,63.371695937944736,64.48843215066613,63.00749578061629,64.17488098144531,168895200.0
2020-04-09,64.80920875044319,65.13964528004216,63.84442712325803,64.63795471191406,161834800.0
2020-04-13,64.7151857459473,66.01523346060927,64.11701805524406,65.90669250488281,131022800.0
2020-04-14,67.5347058394519,69.52456770793576,67.06437190807621,69.2351303100586,194994800.0
2020-04-15,68.11361434863234,69.0615109892011,67.68670092198845,68.60324096679688,131154400.0
2020-04-16,69.31477144908467,69.51255354700056,68.10155824756667,69.14834594726562,157125200.0
2020-04-17,68.66593834588957,69.21104245877268,66.7773737102237,68.21007537841797,215250000.0
2020-04-20,67.04028985944329,67.93994433259655,66.77497334644413,66.79426574707031,130015200.0
2020-04-21,66.6374787843657,66.87143866583018,64.02050667372501,64.72962188720703,180991600.0
2020-04-22,65.99348871174,67.02821933430408,65.65340957801277,66.59407043457031,116862400.0
2020-04-23,66.53860187329087,67.95683260093587,66.29740637160167,66.33599853515625,124814400.0
2020-04-24,66.85938066911224,68.26072562347866,66.81113863556433,68.2510757446289,126161200.0
2020-04-27,67.96888006089833,68.62976064968919,67.52267433285353,68.29932403564453,117087600.0
2020-04-28,68.76000857373481,68.94090519524222,67.10058974876348,67.1922378540039,112004800.0
2020-04-29,68.67558356725064,69.86708968672151,68.47298027123995,69.399169921875,137280800.0
2020-04-30,69.93704563014794,71.0393108397726,69.54872440544703,70.86323547363281,183064000.0
2020-05-01,69.04221610297073,72.11745891629081,68.94573936920324,69.7223892211914,240616800.0
2020-05-04,69.74651734637497,70.83671853428713,69.05910858714758,70.7088851928711,133568000.0
2020-05-05,71.16715277417963,72.5998548168976,71.02243398346705,71.7701416015625,147751200.0
2020-05-06,72.46960600947763,73.14012928036907,72.08610600468356,72.51061248779297,142333600.0
2020-05-07,73.1352926720061,73.6056267954184,72.83379832640894,73.26071166992188,115215200.0
2020-05-08,73.91855094713767,75.05765488198482,73.59205412028582,75.00444793701172,133838400.0
2020-05-11,74.51349610684939,76.67803493373073,74.30550263769149,76.1846694946289,145946400.0
2020-05-12,76.86668877782286,77.31653072784458,75.19310165522488,75.31402587890625,162301200.0
2020-05-13,75.49296546688427,76.41199367992591,73.33084049882564,74.40464782714844,200622400.0
2020-05-14,73.6452582213304,74.92221747074527,72.92454733645849,74.86175537109375,158929200.0
2020-05-15,72.63916594421597,74.46511834982786,72.60530362666714,74.4191665649414,166348400.0
2020-05-18,75.73965078498989,76.54500254054776,75.0503815134759,76.17255401611328,135178400.0
2020-05-19,76.18950390013767,77.03355248472863,75.70097277157296,75.73241424560547,101729600.0
2020-05-20,76.58855099973772,77.27539958314759,76.54985436932522,77.20526885986328,111504800.0
2020-05-21,77.06740654244075,77.60673109306647,76.39264748790822,76.6296615600586,102688800.0
2020-05-22,76.3684584887372,77.20525917779025,76.26688630469137,77.12303161621094,81803200.0
2020-05-26,78.23793461869505,78.41690002078316,76.54499631164447,76.60062408447266,125522000.0
2020-05-27,76.45796813210207,77.07951300360745,75.72032597361274,76.93440246582031,112945200.0
2020-05-28,76.61029301491585,78.22342462723567,76.33458975600101,76.96823120117188,133560800.0
2020-05-29,77.21009317848531,77.66960361164463,76.53775499591495,76.89327239990234,153532400.0
2020-06-01,76.84733299745191,77.95983717000007,76.71673278825261,77.83891296386719,80791200.0
2020-06-02,77.57288559423814,78.22345847540862,77.13271967080152,78.19927215576172,87642800.0
2020-06-03,78.51848967465142,78.8909382167243,77.94772370544388,78.6297378540039,104491200.0
2020-06-04,78.45320362768672,78.75067242701921,77.58012709236915,77.95257568359375,87560400.0
2020-06-05,78.20168176339025,80.23320685109042,78.172661136236,80.17274475097656,137250400.0
2020-06-08,79.87044290894595,80.68063661442805,79.16182879014318,80.64677429199219,95654400.0
2020-06-09,80.32752306209885,83.58521359796022,80.29608159235194,83.19342041015625,147712400.0
2020-06-10,84.13906188270568,85.80055930851739,83.70131684314876,85.33379364013672,166651600.0
2020-06-11,84.48006542527774,84.90330013235034,81.13530524486026,81.23687744140625,201662400.0
2020-06-12,83.36998591557237,84.11487578630992,80.83057755802524,81.93824005126953,200146000.0
2020-06-15,80.59595305752349,83.60212591934682,80.43391143480905,82.95155334472656,138808800.0
2020-06-16,85.00004904742227,85.42087034388683,83.36999295446795,85.14999389648438,165428800.0
2020-06-17,85.89248172353878,85.95294384039057,84.91057753631593,85.03150177001953,114406400.0
2020-06-18,84.98795249991922,85.4813253336703,84.45830388000144,85.06534576416016,96820400.0
2020-06-19,85.7691132840755,86.2334580419222,83.47396713214061,84.57921600341797,264476000.0
2020-06-22,84.97102639518768,86.93483446322153,84.92507460309979,86.79214477539062,135445200.0
2020-06-23,88.03280774958151,90.05949829570565,87.61440740737248,88.64468383789062,212155600.0
2020-06-24,88.27466483721669,89.19127232771852,86.70748456883423,87.0799331665039,192623200.0
2020-06-25,87.23471346059793,88.27465854046778,86.47772685166568,88.2359619140625,137522400.0
2020-06-26,88.13199005971511,88.35207302367702,85.37733281186723,85.52486419677734,205256800.0
2020-06-29,85.43295161300391,87.59024269738883,84.9565099457261,87.49591827392578,130646000.0
2020-06-30,87.08477823143156,88.51168985334573,87.06543360477359,88.22630310058594,140223200.0
2020-07-01,88.30368697136247,88.84542502767371,88.01105247279727,88.05941772460938,110737200.0
2020-07-02,88.96393576296241,89.59757739253234,87.94575606156859,88.05941772460938,114041600.0
2020-07-06,89.48392866078487,90.88181244031466,89.45248718062501,90.41504669189453,118655600.0
2020-07-07,90.79230361416894,91.56863486785247,90.02322751685155,90.13447570800781,112424400.0
2020-07-08,91.10912534007682,92.26516034352021,91.02205608216732,92.23371887207031,117092000.0
2020-07-09,93.12372124513385,93.17692818708905,91.58556900054663,92.63035583496094,125642800.0
2020-07-10,92.22645698371295,92.85042991453263,91.61700174534108,92.7923812866211,90257200.0
2020-07-13,94.09354889207897,96.69584034150665,92.15150630871287,92.36433410644531,191649200.0
2020-07-14,91.74760549870197,94.08386192882043,90.8164950630273,93.89280700683594,170989200.0
2020-07-15,95.76230381558776,96.01140740726693,93.34381947671102,94.5385513305664,153198000.0
2020-07-16,93.413925503642,94.22895326500017,92.77786316008923,93.37522888183594,110577600.0
2020-07-17,93.82509068603153,93.97986982567868,92.71500002379474,93.18660736083984,92186800.0
2020-07-20,93.27368244127173,95.28827651192833,92.93025444088441,95.15042114257812,90318000.0
2020-07-21,95.93885992065711,96.0138323479092,93.58809274779549,93.83719635009766,103433200.0
2020-07-22,93.53970946249737,94.78039302096889,93.4526475751938,94.10079956054688,89001600.0
2020-07-23,93.83476371071059,93.91215697447913,89.00989228366163,89.81766510009766,197004400.0
2020-07-24,88.02074077604965,89.93859709219083,86.23831161228436,89.59516906738281,185438800.0
2020-07-27,90.65445070078177,91.81048572351438,90.43195431248509,91.71858215332031,121214000.0
2020-07-28,91.29051773530753,91.46706972799262,90.20703422382543,90.21187591552734,103625600.0
2020-07-29,90.69314722395283,92.12489295560428,90.6568714411887,91.94108581542969,90329200.0
2020-07-30,91.11638090213245,93.15758190350233,90.71007737841838,93.0535888671875,158130000.0
2020-07-31,99.53030380101023,102.9452024123297,97.537467741964,102.79525756835938,374336800.0
2020-08-03,104.67196614624173,107.99738106099281,104.37449739019563,105.38542175292969,308151200.0
2020-08-04,105.57407228357705,107.17752821259879,104.85336145922079,106.0892105102539,173071600.0
2020-08-05,105.81108506672477,106.79298888024711,105.34673293855269,106.47374725341797,121776800.0
2020-08-06,106.8050811008857,110.6819103626939,106.2173913049504,110.18853759765625,202428800.0
2020-08-07,109.71124638392962,110.1667423327947,106.88863402123575,107.6833267211914,198045600.0
2020-08-10,109.12489907394888,110.26363878240565,106.60514263588735,109.24846649169922,212403600.0
2020-08-11,108.51436454798494,109.01104473075696,105.74020453823464,105.99945068359375,187902400.0
2020-08-12,107.08730692473522,109.77909114067742,106.89348231283336,109.52227020263672,165598000.0
2020-08-13,110.89843907131024,112.46117673591529,110.41144495933911,111.46054077148438,210082000.0
2020-08-14,111.28607559185257,111.45082721405979,109.55616137687677,111.3611831665039,165565200.0
2020-08-17,112.48053926454652,112.50476918474725,110.4453516645563,111.07044219970703,119561600.0
2020-08-18,110.82333108852379,112.41998472569632,110.48897736471524,111.99598693847656,105633600.0
2020-08-19,112.40300419709797,113.54658690439616,112.04200279341177,112.13648986816406,145538000.0
2020-08-20,112.17771170545525,114.73866037573767,112.16075001769396,114.62478637695312,126907200.0
2020-08-21,115.58178541828921,121.01380564130231,115.56967415425338,120.53166198730469,338054800.0
2020-08-24,124.72560677695705,124.81041520723647,120.11251616944286,121.97325897216797,345937600.0
2020-08-25,120.84908093113634,121.31668821491573,119.25484487147963,120.97264099121094,211495600.0
2020-08-26,122.28580069310276,123.07322510919757,121.22216847119705,122.61772918701172,163022400.0
2020-08-27,123.21861029302171,123.55053882206776,120.0107589966192,121.15192413330078,155552400.0
2020-08-28,122.12346328551597,122.54019279849011,120.73275303132817,120.95565795898438,187630000.0
2020-08-31,123.64260037932992,126.9570498293378,122.11136090455392,125.05753326416016,225702700.0
2020-09-01,128.66273593650766,130.6397854362347,126.50156266667052,130.03890991210938,151948100.0
2020-09-02,133.34364518172669,133.7216082722021,123.08048105831436,127.34468078613281,200119000.0
2020-09-03,122.99327511596653,124.86370387094604,116.78109860380435,117.14936828613281,257599600.0
2020-09-04,116.36435863736114,119.88232568427512,107.46767461539385,117.22689056396484,332607200.0
2020-09-08,110.4332501967872,115.3177056334054,109.20244843470786,109.33812713623047,231366600.0
2020-09-09,113.64108811318515,115.46306431680152,111.7028127244271,113.69923400878906,176940500.0
2020-09-10,116.64542916296256,116.78110786689479,109.02800526992252,109.9874496459961,182274400.0
2020-09-11,111.03413361469418,111.6737682049014,106.60517351967947,108.54344940185547,180860300.0
2020-09-14,111.17948842899139,112.35214426737836,109.31874564711791,111.79973602294922,140150100.0
2020-09-15,114.67805403318874,115.16262283340274,110.1037233761393,111.97415924072266,184642000.0
2020-09-16,111.67375141580924,112.41998426492623,108.58219948246469,108.66941833496094,154679000.0
2020-09-17,106.33380115819288,108.73725877422822,105.35496990474392,106.93466186523438,178011000.0
2020-09-18,106.99280653960918,107.45798850796619,102.81581790836313,103.54267120361328,287104900.0
2020-09-21,101.31366904715068,106.78929923364105,99.91810821399545,106.68269348144531,195713800.0
2020-09-22,109.20243590478516,109.37688098586045,105.7910744674542,108.35928344726562,183055400.0
2020-09-23,108.17516907584385,108.65004455027305,103.47484460570544,103.81404876708984,150718700.0
2020-09-24,101.92422311648544,106.8474450340975,101.75947146104525,104.88009643554688,167743300.0
2020-09-25,105.08360984198643,108.96985441233768,104.34706305845842,108.81478881835938,149981400.0
2020-09-28,111.46053870423745,111.76096905147743,109.29935819072301,111.41207885742188,137672400.0
2020-09-29,111.01474914862773,111.75128862730942,110.06499075546874,110.56893920898438,99382200.0
2020-09-30,110.2781623638948,113.64107083512054,110.11341075544343,112.2358169555664,142675200.0
2020-10-01,114.00938127075119,114.0869140768239,112.25524404848423,113.18561553955078,116120400.0
2020-10-02,109.40596665096126,111.80943167027127,108.75664609356778,109.53195190429688,144712000.0
2020-10-05,110.39450032404892,113.0499360657336,110.04561009300302,112.9045639038086,106243800.0
2020-10-06,112.12923647353072,112.53627995429564,108.78571414124006,109.66763305664062,161498200.0
2020-10-07,111.08257884073628,111.98387730301256,110.6076959885073,111.52838134765625,96849000.0
2020-10-08,112.66228646720481,112.80765863820771,111.05351392426137,111.42179107666016,83477200.0
2020-10-09,111.72220870495784,113.38912696820374,111.37331849200241,113.36005401611328,100506900.0
2020-10-12,116.35467592893329,121.31666387202866,115.59874966676792,120.56073760986328,240226800.0
2020-10-13,121.4038819645373,121.52018115565947,115.95733257416443,117.36257934570312,262330500.0
2020-10-14,117.26568290980406,119.23303161360833,115.9282753037238,117.44982147216797,150712000.0
2020-10-15,115.0560370517392,117.45949457685697,114.50362881948811,116.984619140625,112559200.0
2020-10-16,117.53704016435405,117.79871153091253,115.1432684327753,115.34678649902344,115393800.0
2020-10-19,116.257768515436,116.70357101200219,112.09048045069933,112.40060424804688,120639300.0
2020-10-20,112.613816705773,115.30802617540574,112.06140841970505,113.88339233398438,124423700.0
2020-10-21,113.0693210528945,115.04636332670981,112.8561095242572,113.26315307617188,89946000.0
2020-10-22,113.82523521136082,114.39703037608496,111.05350042518317,112.17770385742188,101988000.0
2020-10-23,112.79795869932553,112.9530243111908,110.75307715494814,111.4896240234375,82572600.0
2020-10-26,110.49140153597219,112.95301241046303,109.39627110087882,111.49930572509766,111850700.0
2020-10-27,111.9257439755482,113.6605018584225,111.0050658460713,113.0014877319336,92276800.0
2020-10-28,111.49931413026005,111.86758385649746,107.67121513386326,107.76812744140625,143937800.0
2020-10-29,108.90203237848063,113.32129899442697,108.73727331019896,111.760986328125,146129200.0
2020-10-30,107.63244356202665,108.53374202736012,104.39552680317541,105.5003433227539,190272600.0
2020-11-02,105.74262715568275,107.26417322328109,104.00786958662283,105.41311645507812,122866900.0
2020-11-03,106.27564420820605,108.0491605877784,105.37434584740238,107.03157043457031,107624400.0
2020-11-04,110.61739783333208,112.02264481194184,108.88264012828803,111.40239715576172,138235500.0
2020-11-05,114.30980518907859,115.92827100011738,113.26314194201399,115.35647583007812,126387100.0
2020-11-06,114.86621579666993,115.72052575840337,112.74013995422038,115.22541809082031,114457900.0
2020-11-09,116.982584063866,118.42908863111414,112.66248329970261,112.92459869384766,154515300.0
2020-11-10,112.17708523408758,114.15753088265224,110.79852956756876,112.58482360839844,138023400.0
2020-11-11,113.76922430724672,116.13799562982668,113.04111681980898,116.00208282470703,112295000.0
2020-11-12,116.12825248994538,117.01168541609098,115.10889939924142,115.73021697998047,103162300.0
2020-11-13,115.95351649440437,116.17679858450585,114.42934551492606,115.77877044677734,81581900.0
2020-11-16,115.44869182782028,117.45826768159665,114.7011715913371,116.78841400146484,91183000.0
2020-11-17,116.06031664652185,117.14761890185565,115.48753500270898,115.90498352050781,74271000.0
2020-11-18,115.1477501072869,116.32242906767756,114.55555554119123,114.58467864990234,76322100.0
2020-11-19,114.15753414064645,115.58462589815453,113.40030359340344,115.17688751220703,74113000.0
2020-11-20,115.17687350645622,115.3030761134196,113.86628176431465,113.9148178100586,73604300.0
2020-11-23,113.75948583985478,114.18664449638574,110.42960812922888,110.52668762207031,127959300.0
2020-11-24,110.58496654102227,112.46833283440283,109.30349027827336,111.80818176269531,113874200.0
2020-11-25,112.17706662745255,113.34203533416394,111.80815419186463,112.64305114746094,76499200.0
2020-11-27,113.16728597859581,114.060429121406,112.8275040662974,113.18669891357422,46691300.0
2020-11-30,113.5556343004744,117.43887387012144,113.40030116247651,115.57492065429688,169410200.0
2020-12-01,117.47768785199075,119.86587890611962,116.50687811909167,119.13777160644531,127728200.0
2020-12-02,118.45821072635326,119.76880990592802,117.36119829848747,119.48727416992188,89004200.0
2020-12-03,119.91442821402666,120.16684084637635,118.64266969338425,119.35136413574219,78967600.0
2020-12-04,119.02127760834182,119.27369022514605,117.97280126779268,118.6814956665039,78260400.0
2020-12-07,118.73975719573221,120.93378965648249,118.68151097153174,120.13772583007812,86712000.0
2020-12-08,120.73964110499028,121.33183579133878,119.496998096351,120.74934387207031,82225500.0
2020-12-09,120.89495455654684,122.27350282433629,117.46799682595132,118.22522735595703,115089200.0
2020-12-10,116.98258416090866,120.25421594451468,116.64280220277539,119.6426010131836,81312200.0
2020-12-11,118.85625070668806,119.1766197360741,117.03113084780422,118.83683776855469,86939800.0
2020-12-14,119.02129117041069,119.74939858875337,117.99223505596105,118.22522735595703,79184500.0
2020-12-15,120.71049556577894,124.16658373624205,120.50662638207584,124.14716339111328,157243700.0
2020-12-16,123.69088274191743,124.62285187377786,122.86568846942772,124.0792007446289,98208600.0
2020-12-17,125.13735048404548,125.7975087095656,124.30245364238635,124.94319152832031,94359800.0
2020-12-18,125.1956339798523,125.33154675459895,122.43853039208297,122.9627685546875,192541500.0
2020-12-21,121.37064729644923,124.56461267355205,119.84647608918172,124.48694610595703,121251600.0
2020-12-22,127.76831840829334,130.48658966277313,125.86552408614152,128.0304412841797,168904800.0
2020-12-23,128.30222155804168,128.56432952785477,126.96249934769376,127.13725280761719,88223700.0
2020-12-24,127.48676208852152,129.56429466422506,127.27318272727676,128.11778259277344,54930100.0
2020-12-28,130.07879843395568,133.33100207588342,129.61279910731304,132.69998168945312,124486200.0
2020-12-29,134.0203193956025,134.73870929323533,130.41860788701317,130.93313598632812,121047300.0
2020-12-30,131.62238763508645,132.02042318765425,129.50601467789232,129.81668090820312,96452100.0
2020-12-31,130.16613600158848,130.80687380939315,127.87502505129235,128.81671142578125,99116600.0
2021-01-04,129.62251281946894,129.70988213559124,123.05983729876496,125.63248443603516,143301900.0
2021-01-05,125.12767140195429,127.89448518815179,124.68109238722828,127.18578338623047,97664900.0
2021-01-06,123.99182776037331,127.22462614380248,122.69093878823239,122.9045181274414,155088000.0
2021-01-07,124.61314843344341,127.7877006759222,124.12774352599207,127.09841918945312,109578200.0
2021-01-08,128.56436281946557,128.75853667263522,126.42858375506596,128.19546508789062,105158200.0
2021-01-11,125.41894161275994,126.37033122968266,124.74908036749336,125.2150650024414,100384500.0
2021-01-12,124.74904496331433,125.90431086268742,123.15691766682359,125.04029083251953,91951100.0
2021-01-13,125.00147562190729,127.61295658608566,124.73936761825328,127.06930541992188,88636800.0
2021-01-14,126.98194013638121,127.17609915715049,125.00147960973679,125.14710998535156,90221800.0
2021-01-15,125.02085327351696,126.4188214024738,123.29281345116149,123.42872619628906,111598500.0
2021-01-19,124.05008935422954,124.95295027523217,123.2346125834672,124.0986328125,90757300.0
2021-01-20,124.90438601399495,128.6225891348087,124.79759634893936,128.17601013183594,104319500.0
2021-01-21,129.8943322047019,135.59298002533745,129.6904556633409,132.8747100830078,120150900.0
2021-01-22,132.30196087543968,135.76775903778582,131.07874583699044,135.01052856445312,114459400.0
2021-01-25,138.89376878953092,140.8547939706266,132.55436700322258,138.74813842773438,157611700.0
2021-01-26,139.40829883611298,140.08786276088446,137.2433822290361,138.98114013671875,98390600.0
2021-01-27,139.24327402981456,140.08788882014454,136.31143843564914,137.91326904296875,140843800.0
2021-01-28,135.44740902267984,137.8453107957744,132.70971784009862,133.0883331298828,142621100.0
2021-01-29,131.8651231963266,132.7485638456348,126.40917577307293,128.10809326171875,177523800.0
2021-02-01,129.84581103922318,131.42823575703017,127.1081202867018,130.22442626953125,106239800.0
2021-02-02,131.7680267032869,132.33109823624255,130.68072432979122,131.0496368408203,83305400.0
2021-02-03,131.7971241921303,131.80684177003687,129.70988918879502,130.03025817871094,89880900.0
2021-02-04,132.32136807732365,133.38924988354398,130.66127693474024,133.37954711914062,84183100.0
2021-02-05,133.5399993993488,133.6080499269068,132.09132576396362,132.9663543701172,75693800.0
2021-02-08,132.25661898979965,133.16082913582426,131.1774090425887,133.11221313476562,71297200.0
2021-02-09,132.8302469559109,134.055304885325,132.08161692740265,132.23716735839844,76774200.0
2021-02-10,132.69409868188646,133.1899609934861,130.67179521713933,131.63433837890625,73046600.0
2021-02-11,132.13020650092022,132.60661952451218,130.05930155973675,131.38157653808594,64280000.0
2021-02-12,130.62320365664934,131.77046392162595,129.98150816834826,131.61489868164062,60145100.0
2021-02-16,131.73162524010934,132.23719019029642,129.10650912984167,129.49542236328125,80576300.0
2021-02-17,127.60917107594058,128.55226480330498,125.8785488379043,127.21054077148438,97918500.0
2021-02-18,125.61606083959396,126.39387225132121,123.87572097237708,126.11192321777344,96856700.0
2021-02-19,126.62721780066286,127.08418144033098,125.22716025236211,126.26747131347656,87668800.0
2021-02-22,124.45905227095189,126.12162413344431,122.11590849249929,122.50481414794922,103916400.0
2021-02-23,120.32696020598745,123.1951256816812,115.10591870921408,122.36870574951172,158273000.0
2021-02-24,121.47424078389619,122.07703760379697,118.83941546871539,121.87286376953125,111039900.0
2021-02-25,121.22144819930787,122.952070827566,117.19629003176654,117.63380432128906,148199500.0
2021-02-26,119.18941742406001,121.38672834698384,117.83797585116562,117.89631652832031,164560400.0
2021-03-01,120.31723727022785,124.38128647028813,119.38386807729292,124.24517059326172,116307900.0
2021-03-02,124.84796091823391,125.14935926708763,121.54227409073543,121.64922332763672,102260900.0
2021-03-03,121.34781889971498,122.2228547486705,118.46020430704087,118.67410278320312,112966300.0
2021-03-04,118.37271017337518,120.17139052818686,115.32953762534804,116.79764556884766,178155000.0
2021-03-05,117.62407506080334,118.55744422295456,114.30866329373481,118.05186462402344,153766600.0
2021-03-08,117.57546286579684,117.6435208042625,112.98639210708664,113.13223266601562,154376600.0
2021-03-09,115.72817134912674,118.67411961018901,115.4948308955723,117.73102569580078,129525800.0
2021-03-10,118.31436639995009,118.78104722203169,116.13649783770954,116.65180206298828,111943300.0
2021-03-11,119.1408172366033,119.79223007158603,117.89632483014077,118.576904296875,103026500.0
2021-03-12,117.06016228897577,117.80879958845243,115.85456138090896,117.67268371582031,88105100.0
2021-03-15,118.04214884674406,120.56029993815383,117.07960562741921,120.55057525634766,92403800.0
2021-03-16,122.21313740579694,123.69097746560344,121.26032630464678,122.08674621582031,115227900.0
2021-03-17,120.60892835870807,122.368717641283,118.94635623317845,121.29923248291016,111932600.0
2021-03-18,119.47136458953443,119.76304569936237,116.98238014530207,117.18655395507812,121229700.0
2021-03-19,116.5740372845451,118.0615946863235,116.36013878430732,116.66153717041016,185549500.0
2021-03-22,116.99209444423333,120.43389711306004,116.9240365136813,119.96720886230469,111912300.0
2021-03-23,119.90889482634996,120.79364806529563,118.75190240381558,119.14080810546875,95467100.0
2021-03-24,119.41304854895056,119.49083117848545,116.73933185520713,116.75877380371094,88530500.0
2021-03-25,116.22402681020739,118.28522184257633,115.69900522410137,117.2448959350586,98844700.0
2021-03-26,117.0115497729694,118.11020888610055,115.62121696029041,117.84769439697266,94071200.0
2021-03-29,118.27550253849374,119.17970518605573,117.3810245738276,118.02271270751953,80819200.0
2021-03-30,116.7782247452838,117.06018121783144,115.56289895900598,116.57405090332031,85671900.0
2021-03-31,118.27551971867928,120.09364254303199,117.78938935190934,118.76165008544922,118323800.0
2021-04-01,120.229761723605,120.73533402379493,119.09221106709683,119.58806610107422,75089100.0
2021-04-05,120.43392024929994,122.66039785902176,119.65610882120376,122.40760803222656,88651200.0
2021-04-06,122.99095607539735,123.60347753407522,122.16453611496429,122.70899963378906,80171300.0
2021-04-07,122.33954801322936,124.37156902257611,121.66868585332091,124.35212707519531,83466700.0
2021-04-08,125.3729752462817,126.77303259187028,124.95491039655207,126.74386596679688,88844600.0
2021-04-09,126.19939309739704,129.34950705430177,125.8785454100243,129.3106231689453,106686700.0
2021-04-12,128.8439334710132,129.1647811362329,127.00636217785619,127.59944152832031,91420000.0
2021-04-13,128.7661695536294,130.9245888251844,128.2703072556539,130.70095825195312,91266500.0
2021-04-14,131.19683535032675,131.25516860713591,128.00782207026887,128.3675537109375,87222800.0
2021-04-15,130.107867375951,131.25512729346974,129.93285282509277,130.7689971923828,89347100.0
2021-04-16,130.57457716887737,130.9343087763494,129.5828673880838,130.43846130371094,84922400.0
2021-04-19,129.80650105955348,131.71213827061115,129.6412185458448,131.099609375,94264200.0
2021-04-20,131.27463922976452,131.77048682845773,128.15367596540483,129.41761779785156,94812300.0
2021-04-21,128.68837675651753,130.03981801008018,127.657783189335,129.7967529296875,68847100.0
2021-04-22,129.3495375220918,130.42874732999832,127.7647629078915,128.28005981445312,84566500.0
2021-04-23,128.4939686507075,131.37185181275385,128.4939686507075,130.59405517578125,78657500.0
2021-04-26,131.08988992627178,131.3135056957382,129.85511489088012,130.98294067382812,66905100.0
2021-04-27,131.2648602486865,131.65377327736235,130.38983189631728,130.6620635986328,66015800.0
2021-04-28,130.5842881537486,131.27459954530588,129.3884120504617,129.87454223632812,107760100.0
2021-04-29,132.68440835234537,133.2677706601101,128.775916495569,129.77734375,151101000.0
2021-04-30,128.12447774341382,129.8551001147441,127.43418114888645,127.81336212158203,109839500.0
2021-05-03,128.3772426558717,130.35094470080776,128.17307630207762,128.86337280273438,75135100.0
2021-05-04,127.55086673903944,127.84254787757098,123.18541143255057,124.30351257324219,137564700.0
2021-05-05,125.61604742001238,126.83137298490321,124.42017121810461,124.54656982421875,84000900.0
2021-05-06,124.34238738168023,126.15079239791494,123.60346736850425,126.14107513427734,78128300.0
2021-05-07,127.43639054602403,127.835683170004,126.10212100699981,126.8130874633789,78973300.0
2021-05-10,126.03393749535272,126.16053593199283,123.50176071253134,123.54071807861328,88071200.0
2021-05-11,120.2781354744355,122.97586852300613,119.56717642454035,122.6252670288086,126142800.0
2021-05-12,120.18073848547931,121.38838724678817,119.06073823482639,119.56716918945312,112172300.0
2021-05-13,121.32994515958939,122.85898653118865,121.0182936516952,121.70977020263672,105861300.0
2021-05-14,122.95637735686638,124.55359227820217,122.56681111085221,124.12506866455078,81918000.0
2021-05-17,123.5115304740433,123.61866139795352,121.90457404574953,122.97587585449219,74244600.0
2021-05-18,123.25828391420353,123.67706631560182,121.52472197411315,121.5928955078125,63342900.0
2021-05-19,119.94701893329513,121.66109889559455,119.65484232839697,121.43710327148438,92612000.0
2021-05-20,121.96301512916867,124.38805416925351,121.83640180117781,123.9887466430664,76857100.0
2021-05-21,124.4854481634368,124.6607526440569,121.94353690962528,122.15779876708984,79295400.0
2021-05-24,122.72264215777629,124.60229244585756,122.65446862112498,123.7842025756836,63092900.0
2021-05-25,124.48542900111524,124.9723924215316,123.02456103094238,123.58943176269531,72009500.0
2021-05-26,123.64784897774915,124.06663137518274,123.12193568117969,123.54071807861328,56575900.0
2021-05-27,123.1414373640431,124.3101288080937,121.81691643126096,122.0116958618164,94625600.0
2021-05-28,122.29412358918856,122.51812660764142,121.30073666690714,121.35916900634766,71311100.0
2021-06-01,121.81689796777825,122.07985090220888,120.70663903510166,121.03776550292969,67637100.0
2021-06-02,121.03778177713107,121.97273640244447,120.81378617886122,121.79743194580078,59278900.0
2021-06-03,121.42735201359653,121.59291527515944,119.91778539724056,120.31709289550781,76229200.0
2021-06-04,120.83327704379282,122.86875724869951,120.61901518744897,122.60579681396484,75169300.0
2021-06-07,122.87848491269204,123.02457321024367,121.57344629671239,122.61553192138672,71057600.0
2021-06-08,123.29723905566723,125.1087231263275,122.91741402757391,123.43358612060547,74403800.0
2021-06-09,123.89135316418162,124.41726657205889,123.21935146016743,123.81343841552734,56877900.0
2021-06-10,123.70630923030153,124.84579201187799,122.65448983014099,122.82005310058594,71186400.0
2021-06-11,123.22907955985254,124.1153430132604,122.81029711830921,124.0276870727539,53522400.0
2021-06-14,124.48541004880167,127.13444398991092,123.75497617492034,127.07601165771484,96906500.0
2021-06-15,126.5501263983375,127.19291187851302,126.01447183152456,126.25794982910156,62746300.0
2021-06-16,126.96890813933193,127.47534656209021,125.10874743356234,126.75464630126953,91815000.0
2021-06-17,126.41376207268152,129.09201968074376,126.26766637763058,128.35183715820312,96721700.0
2021-06-18,127.30004232774398,128.07916002857564,126.84230250511071,127.05656433105469,108953300.0
2021-06-21,126.90074760795298,128.955702701089,125.83918700220758,128.84857177734375,79663300.0
2021-06-22,128.68295251941402,130.5820772861633,128.18624806146317,130.48468017578125,74783600.0
2021-06-23,130.28020184164183,130.81585637036997,129.75428108226635,130.21202087402344,60214200.0
2021-06-24,130.9424270743005,131.12747267781475,129.4620771068999,129.9295654296875,68711000.0
2021-06-25,129.97832637994586,130.3971014851615,129.34527454506005,129.637451171875,70783700.0
2021-06-28,129.929615432019,131.72161011019884,129.87118308436172,131.2638702392578,62111300.0
2021-06-29,131.28333809814853,132.92925172484664,130.84508067855094,132.77342224121094,64556100.0
2021-06-30,132.61756426840589,133.8252202160753,132.32538776453424,133.386962890625,63261400.0
2021-07-01,133.03636937045857,133.74732088516166,132.21827209331306,133.6888885498047,52485800.0
2021-07-02,134.30245986108,136.34768102067733,134.1563790042736,136.30873107910156,78852600.0
2021-07-06,136.4158466947496,139.41548226335163,136.4158466947496,138.31497192382812,108181800.0
2021-07-07,139.79530375392193,141.11009072715532,138.9382714107099,140.79844665527344,104911600.0
2021-07-08,137.88644602005195,140.3017433261173,137.00018264096806,139.50314331054688,105575500.0
2021-07-09,139.02595342720224,141.85029259632174,138.92855627210733,141.3243865966797,99890800.0
2021-07-12,142.39565084398657,142.50278173643568,140.24329922685985,140.73025512695312,76299700.0
2021-07-13,140.2725768916885,143.61310355848642,139.8830179451055,141.840576171875,100827100.0
2021-07-14,144.23637643322533,145.66802829472786,143.82732030646622,145.25897216796875,127050800.0
2021-07-15,145.3466125845258,146.08678025462487,143.25269315111336,144.60643005371094,106820300.0
2021-07-16,144.58694253237246,145.85301589768642,142.0742484759921,142.57093811035156,93251400.0
2021-07-19,139.99980705584846,140.31146593339338,137.97406893394609,138.7337188720703,121434600.0
2021-07-20,139.71737873604005,143.26241672238854,139.23042288703223,142.33718872070312,96350000.0
2021-07-21,141.73342485019364,142.31777804675525,140.85690991607032,141.6068115234375,74993500.0
2021-07-22,142.13271101540525,144.33374665171397,142.00609770767423,142.97027587890625,77338200.0
2021-07-23,143.70069581628857,144.84017089255983,143.0871265980212,144.68434143066406,71447400.0
2021-07-26,144.40193160847764,145.92123190033908,143.84679465375743,145.1031494140625,72434100.0
2021-07-27,145.22973937162135,145.3174027377309,141.7528815779119,142.94105529785156,104818600.0
2021-07-28,141.03216017207177,143.13581314895694,138.82137630671426,141.19772338867188,118931200.0
2021-07-29,140.9153625281995,142.72683986518072,140.808231588781,141.840576171875,56699500.0
2021-07-30,140.61342392407167,142.51254941417247,140.35046351445212,142.0548095703125,70440600.0
2021-08-02,142.54173040964227,143.1163348001012,141.46068772656318,141.72364807128906,62880000.0
2021-08-03,142.00610422671278,144.17792379335657,141.3925349204239,143.5156707763672,64786600.0
2021-08-04,143.42803778640976,143.93446137395492,142.46385946656952,143.1163787841797,56368300.0
2021-08-05,143.14558074057953,143.98314564998552,142.35671440302508,143.22349548339844,46397700.0
2021-08-06,142.74554489782116,143.4868214640887,142.04327662115523,142.54071044921875,54126800.0
2021-08-09,142.59925003312128,143.08693557693016,141.93600483737242,142.49195861816406,48908700.0
2021-08-10,142.83337693150492,144.0721026616934,141.72145423409515,142.01406860351562,69023100.0
2021-08-11,142.45296206335397,143.10645895995768,141.94576488875748,142.26763916015625,48493500.0
2021-08-12,142.58950812317931,145.37907015513477,142.24812227389452,145.22300720214844,72282600.0
2021-08-13,145.30105342277125,145.75947909182239,144.61829653790267,145.4278564453125,59375000.0
2021-08-16,144.88165713815187,147.46640020534528,142.86264613601338,147.3981170654297,103296000.0
2021-08-17,146.53002087530285,147.94430623200614,145.41809822926902,146.4910125732422,92229700.0
2021-08-18,146.1106357649157,147.0079756489524,142.55052129655687,142.75535583496094,86326000.0
2021-08-19,141.45809163231115,144.35494544436725,140.94114605885855,143.0869598388672,86960300.0
2021-08-20,143.8086939620168,144.8425847784855,143.16494556886403,144.54022216796875,60549600.0
2021-08-23,144.65729855503196,146.4910011515847,144.24764444190524,146.0228271484375,60131800.0
2021-08-24,145.76920152361467,147.1444782861979,145.47658722985506,145.9350128173828,48606400.0
2021-08-25,146.12033978338724,146.6177885615759,144.15984926147306,144.7060546875,58991300.0
2021-08-26,144.6963131171606,145.44733817166107,143.87699005673284,143.90625,48597200.0
2021-08-27,143.84774439339665,145.08647001894514,143.2137590490284,144.94017028808594,55802400.0
2021-08-30,145.3303363510765,149.709759227182,144.9499421062824,149.34886169433594,90956700.0
2021-08-31,148.90018188960238,149.03673327230263,147.56391312712373,148.0906219482422,86453100.0
2021-09-01,149.06598641010868,151.16302859498964,148.58804915099893,148.7538604736328,80313700.0
2021-09-02,150.08036655286702,150.9094380524186,148.64656965264444,149.86578369140625,71115500.0
2021-09-03,149.9730471583683,150.82163009154993,149.31955034140017,150.499755859375,57808700.0
2021-09-07,151.15329277694906,153.38688652354213,150.58757563240493,152.8309326171875,82278300.0
2021-09-08,153.11379568242873,153.17231558418686,150.18768153063237,151.28985595703125,74420200.0
2021-09-09,151.660415414906,152.26514056575823,150.15833600520642,150.275390625,57305700.0
2021-09-10,151.18249570977798,151.650669593774,145.03765581078468,145.30101013183594,140893200.0
2021-09-13,146.9201475258426,147.69068411470718,145.0864451705449,145.8667449951172,102404300.0
2021-09-14,146.64704249063803,147.34931083330153,143.29176371635268,144.47195434570312,109296300.0
2021-09-15,144.90114769505237,145.7594791408811,142.76508231790012,145.3595733642578,83281300.0
2021-09-16,144.7840715894616,145.30101702156867,143.5941177955223,145.1254425048828,68034100.0
2021-09-17,145.15471031932145,145.15471031932145,142.17006274358968,142.46267700195312,129868800.0
2021-09-20,140.2583908056045,141.27277037212733,137.79070269716544,139.41957092285156,123478900.0
2021-09-21,140.3851770808151,141.03868891632874,139.26350609481372,139.89749145507812,75834000.0
2021-09-22,140.89236024826914,142.82359096635926,140.16083188261564,142.2578887939453,76404300.0
2021-09-23,143.0382010544173,143.45761846975984,142.05308135891542,143.21377563476562,64838200.0
2021-09-24,142.0725514999574,143.8379707289355,141.97500844122595,143.301513671875,53477900.0
2021-09-27,141.8872464401241,142.36518367517027,140.2778899497781,141.78970336914062,74150700.0
2021-09-28,139.72192610299075,141.18498292082313,138.20034939372246,138.41493225097656,108972300.0
2021-09-29,138.9611368887371,140.89236770909372,138.53197117688373,139.31227111816406,74602000.0
2021-09-30,140.1217888739592,140.82405712165914,137.80040133945224,138.01498413085938,89056700.0
2021-10-01,138.40515987182454,139.40004260947205,135.68388091891475,139.13668823242188,94639600.0
2021-10-04,138.26861784072736,138.70754679310303,134.8645818313905,135.71315002441406,98322000.0
2021-10-05,136.0545317412187,138.73680249578317,135.92772872481194,137.63462829589844,80861100.0
2021-10-06,136.03499804431914,138.6489852474294,134.96208396365105,138.502685546875,83221100.0
2021-10-07,139.53657886179528,140.66801284222436,139.2049562794912,139.7609100341797,61732700.0
2021-10-08,140.48271316225515,140.62901288949595,139.04891630336158,139.3805389404297,58773200.0
2021-10-11,138.76606124094116,141.2434974770439,138.31738395190774,139.29275512695312,64452200.0
2021-10-12,139.70238912610083,139.72190071402855,137.56632417893402,138.02474975585938,73035900.0
2021-10-13,137.76141892529833,137.91746698955632,135.77165355544514,137.43954467773438,78762700.0
2021-10-14,138.6099736345154,140.33638447460456,138.02474508035556,140.21932983398438,69907100.0
2021-10-15,140.22914177699147,141.3313012712168,139.9755357033759,141.2727813720703,67940300.0
2021-10-18,139.9170017643,143.2235096811566,139.63415065247935,142.94065856933594,85589200.0
2021-10-19,143.38932223477877,145.4961277086073,142.94065979384268,145.09622192382812,76378900.0
2021-10-20,145.037656955219,146.0617994269622,144.47194001956103,145.5838623046875,58418800.0
2021-10-21,145.14498028007083,145.95454013073487,144.2281290062348,145.79847717285156,61421000.0
2021-10-22,146.0032792710822,146.48120150945985,144.97913680130506,145.0279083251953,58883400.0
2021-10-25,145.01813426297446,145.69114254666354,143.98424351880567,144.9791259765625,50720600.0
2021-10-26,145.6521586308098,147.12496353769075,145.34003275537546,145.6424102783203,60893400.0
2021-10-27,145.68147030213953,146.04235295115012,144.8329019618233,145.1840362548828,56094900.0
2021-10-28,146.1301073675776,149.39759166799496,146.03256430303534,148.8123779296875,100077900.0
2021-10-29,143.59415144162946,146.24716233667445,142.8041031388741,146.11061096191406,124953200.0
2021-11-01,145.3205654883688,146.01307072992742,144.1598713388164,145.2913055419922,74588300.0
2021-11-02,144.9986596105235,147.83699285465968,144.98889637520205,146.32516479492188,69122000.0
2021-11-03,146.68605801297326,148.22714612515688,146.1301042293714,147.75897216796875,54511500.0
2021-11-04,147.8467296178319,148.67578599123124,146.92987854832478,147.24200439453125,60394600.0
2021-11-05,148.36536141475236,148.6681654176707,146.57782514412813,147.76951599121094,65463900.0
2021-11-08,147.8964665160418,148.0527572213007,146.67547332752292,146.948974609375,55020900.0
2021-11-09,146.71454897260128,147.91600218212633,146.57779832196186,147.31039428710938,56787900.0
2021-11-10,146.53874739869644,146.64619541359409,144.41910465453822,144.4874725341797,65187100.0
2021-11-11,145.5033467129879,145.96242651484354,144.25303577054234,144.43862915039062,41000000.0
2021-11-12,144.9856329096499,146.9099196974308,144.0576809080353,146.5094451904297,63804000.0
2021-11-15,146.88062009926887,148.35558969382197,145.96243066007273,146.5192108154297,59222800.0
2021-11-16,146.46058703081326,147.97462166575806,145.87450429964008,147.49598693847656,59256200.0
2021-11-17,147.49598349597346,151.40316186672771,147.48622091573952,149.92820739746094,88807000.0
2021-11-18,150.14313374583702,154.9880275581461,149.49844560723523,154.2065887451172,137827700.0
2021-11-19,153.99170308898834,157.2835118889617,152.89769761975694,156.8244171142578,117305600.0
2021-11-22,157.9282122061308,161.8549323729475,157.26399874457564,157.28353881835938,117467900.0
2021-11-23,157.3811499145866,158.04537802988585,155.36895531169498,157.6644287109375,96041900.0
2021-11-24,157.01978632136363,158.37753068932273,155.93554334373385,158.1821746826172,69463600.0
2021-11-26,155.86710492688786,156.72667394842426,152.73158803573577,153.171142578125,76959800.0
2021-11-29,155.67175446958956,157.44952783966656,155.10521179906075,156.52157592773438,88748200.0
2021-11-30,156.2773947152438,161.67906839694083,156.2090119296681,161.46417236328125,174048100.0
2021-12-01,163.59356203535145,166.34813007275002,160.71202083002768,160.9464569091797,152052500.0
2021-12-02,155.05637149837315,160.38966136948252,154.13818224096923,159.95986938476562,136739200.0
2021-12-03,160.21386222018816,161.13205157338396,156.01364225594332,158.08444213867188,118023100.0
2021-12-06,160.47763687195487,163.98434209395026,160.4678742880832,161.48374938964844,107497000.0
2021-12-07,165.15645786646198,167.5984447377344,164.43362438687151,167.2077178955078,120405400.0
2021-12-08,168.1356556285786,171.87678065417452,166.73883163036436,171.01719665527344,116998900.0
2021-12-09,170.85114615502485,172.64844463234323,169.8841141404718,170.50926208496094,108923700.0
2021-12-10,171.14418244016858,175.46161263264923,170.63624509261138,175.28578186035156,115402700.0
2021-12-13,176.91705651666257,177.90362873179458,171.45677755961725,171.6619110107422,153237000.0
2021-12-14,171.18322551173574,173.61544903163167,168.2137769739084,170.28457641601562,139380400.0
2021-12-15,171.0465102933484,175.33463817394934,168.31148231582245,175.1392822265625,131063300.0
2021-12-16,175.11973661793166,176.9365751900634,166.78767978084602,168.26263427734375,150185800.0
2021-12-17,165.98669687061619,169.444558052229,165.75227570894924,167.1686248779297,195432700.0
2021-12-20,164.374993320752,166.62162387110183,163.57402950297322,165.81088256835938,107499100.0
2021-12-21,167.57889907243998,169.18084181030284,165.1955175809284,168.97572326660156,91185900.0
2021-12-22,169.02455200604697,171.7791202742142,168.15520530032774,171.56422424316406,92135300.0
2021-12-23,171.76937746561768,172.74617229930396,171.20283467351487,172.18939208984375,68356600.0
2021-12-27,172.9805506410723,176.23327841950962,172.96102548062714,176.14537048339844,74919600.0
2021-12-28,175.9793381325386,177.12218615208815,174.38715798933583,175.1295166015625,79144300.0
2021-12-29,175.16861028282216,176.43844648209003,174.00622210590865,175.2174530029297,62348900.0
2021-12-30,175.30532209148024,176.3798020768136,173.95734081982604,174.06478881835938,59773000.0
2021-12-31,173.9573548573712,175.0709001571645,173.14661351296067,173.44943237304688,64062300.0
2022-01-03,173.70338274431063,178.63619837680892,173.5861721636794,177.786376953125,104487900.0
2022-01-04,178.39199939810527,178.69480333397306,174.96344087400894,175.5299835205078,99310400.0
2022-01-05,175.44210103848545,175.9891036993743,170.58743006603996,170.86093139648438,94537600.0
2022-01-06,168.6924202141222,171.23209207239668,167.65702034880644,168.0086669921875,96904000.0
2022-01-07,168.8780676820412,170.09906129270573,167.06122859318413,168.17477416992188,86709100.0
2022-01-10,165.15645789652865,168.4970941484729,164.26757109809446,168.1942901611328,106765600.0
2022-01-11,168.3212489833143,171.1148671703379,166.85605711502512,171.01719665527344,76138300.0
2022-01-12,172.03309245435602,173.06849253983535,170.76327115991117,171.456787109375,74805200.0
2022-01-13,171.7009797317892,172.52148374355693,167.80356331883507,168.1942901611328,84505800.0
2022-01-14,167.36399798657283,169.74737940608347,167.11979931497876,169.05386352539062,80440800.0
2022-01-18,167.53005178287384,168.53614912039677,165.47879187832885,165.8597412109375,90956700.0
2022-01-19,166.0551095373263,167.11004966883394,162.08932518842298,162.37258911132812,94815000.0
2022-01-20,163.10514273299674,165.74248492301732,160.37011513031928,160.6924591064453,91420500.0
2022-01-21,160.60457194151562,162.470253269675,158.5337720868401,158.64122009277344,122848900.0
2022-01-24,156.30670516297684,158.53379607319022,151.11014976934194,157.86956787109375,162294600.0
2022-01-25,155.29081165334586,158.98309429431202,153.37630245676536,156.07225036621094,115798400.0
2022-01-26,159.70592982008216,160.57527648713483,154.15774320444362,155.98434448242188,108275300.0
2022-01-27,158.68032713963194,160.03807144259784,154.60709423073425,155.52528381347656,121954600.0
2022-01-28,161.86465470605705,166.39698147337538,159.0221785798324,166.37744140625,179935700.0
2022-01-31,166.2113952349244,170.93907816240107,165.57646971606974,170.72418212890625,115541600.0
2022-02-01,169.97202274767105,170.78276405312576,168.31147491088436,170.55810546875,86213900.0
2022-02-02,170.69487983616585,171.79866265554188,169.30783310188434,171.75958251953125,84914300.0
2022-02-03,170.43110878285196,172.15027672857178,168.12587305039293,168.8877716064453,89418100.0
2022-02-04,167.90975737649003,170.27662529840396,166.93171820745542,168.6041717529297,82465400.0
2022-02-07,169.0638570704662,170.1299162190593,167.19579861278513,167.8902130126953,77251200.0
2022-02-08,167.95862803498034,171.49913925228722,167.6652133594248,170.9905548095703,74829200.0
2022-02-09,172.18382283840776,172.7706374679008,171.05906868207904,172.4087677001953,71285000.0
2022-02-10,170.31574652168356,171.6263154743887,167.78262856301606,168.34010314941406,90865900.0
2022-02-11,168.54550592037077,169.2790353586412,164.34970917619486,164.93653869628906,98670700.0
2022-02-14,163.69440078491326,165.85587378073802,162.90219149496014,165.17124938964844,86185500.0
2022-02-15,167.21536820889426,169.15188170406051,166.51117876998032,168.99539184570312,62527400.0
2022-02-16,168.07601104878276,169.5332796330186,166.31553783336227,168.76063537597656,61177400.0
2022-02-17,167.274027503072,168.13470669398032,164.77024977354867,165.17124938964844,69589300.0
2022-02-18,166.0906242687398,166.79479876362558,162.54033719370844,163.62596130371094,82772700.0
2022-02-22,161.35690506054718,163.02935867994262,158.58905229899906,160.71141052246094,91162800.0
2022-02-23,161.90460945584556,162.50121399005073,156.24176881453315,156.55474853515625,90009200.0
2022-02-24,149.22923948055748,159.27370735740539,148.66197489078866,159.16612243652344,141147500.0
2022-02-25,160.2418922142568,161.49378083126743,157.33711544349427,161.22972106933594,91974200.0
2022-02-28,159.479061922758,161.78723492110947,158.86289248069977,161.4938201904297,95056600.0
2022-03-01,161.08305614073245,162.9413396082361,158.4130132555384,159.61599731445312,83474400.0
2022-03-02,160.77986315221446,163.68464076398826,159.37148431939156,162.90220642089844,79724800.0
2022-03-03,164.77026570160976,165.20060533866413,161.91439302006907,162.57945251464844,76678400.0
2022-03-04,160.87764280753723,161.9143617747294,158.54013016070306,159.5866241455078,83737200.0
2022-03-07,159.7724722055909,161.3960207362876,155.54733601828758,155.8016357421875,96418800.0
2022-03-08,155.33215089914594,159.302986589477,152.37846913530916,153.98245239257812,131148300.0
2022-03-09,157.9337716080875,159.82139509337992,155.90923815043413,159.37149047851562,91454900.0
2022-03-10,156.681840375499,156.8676701680238,152.55451471855633,155.0387420654297,105342000.0
2022-03-11,155.4397780469511,155.7820977698025,151.1070711319146,151.33201599121094,96970100.0
2022-03-14,148.1240148231261,150.73537736075448,146.80367102699051,147.31224060058594,108732100.0
2022-03-15,147.58609577139651,152.1535515492418,147.0775261791108,151.68408203125,92964300.0
2022-03-16,153.60103819497576,156.48625045296393,151.06792059745445,156.0852508544922,102300200.0
2022-03-17,155.1268130175759,157.46432633327734,154.16833868809496,157.09266662597656,75615400.0
2022-03-18,156.9850782628136,160.8678953686917,156.25154880840884,160.37887573242188,123511700.0
2022-03-21,159.91914959524135,162.69679166385907,159.43013010111937,161.7480926513672,95811400.0
2022-03-22,161.8752272476192,165.69936326568208,161.28841281006214,165.112548828125,81532000.0
2022-03-23,164.30079784879288,168.84867380689857,163.9682532045546,166.4720458984375,98062700.0
2022-03-24,167.30339150441574,170.31575418142768,166.47206709718986,170.24729919433594,90131400.0
2022-03-25,170.06143114397722,171.430679815148,168.95624226558783,170.8829803466797,80546200.0
2022-03-28,168.38898581373743,171.87080253422522,168.22272096176943,171.74366760253906,90371900.0
2022-03-29,172.8097389298353,175.0787819860724,172.46741925958432,175.02989196777344,100589400.0
2022-03-30,174.6288971925018,175.66561632731086,172.81951875433577,173.86602783203125,92633200.0
2022-03-31,173.93446796182153,174.120297776475,170.5700111087268,170.77540588378906,103049300.0
2022-04-01,170.20816010667752,171.0394993928561,168.1640617684755,170.4820098876953,78751300.0
2022-04-04,170.73630961524591,174.57022147286082,170.60915974417932,174.5213165283203,76468400.0
2022-04-05,173.60197924086432,174.38441368133695,170.58961634544698,171.21556091308594,73401800.0
2022-04-06,168.57480173407063,169.81691543605135,166.39377895438548,168.0564422607422,89058800.0
2022-04-07,167.4011451773804,169.55282781726584,166.1199165795996,168.359619140625,77594700.0
2022-04-08,168.00751761158273,168.00751761158273,165.4841755103539,166.35462951660156,76575500.0
2022-04-11,165.00497220353915,165.31793693449984,161.8654603339608,162.10997009277344,72246700.0
2022-04-12,164.3301525745867,166.13951616252308,162.98045368647982,163.97805786132812,79265200.0
2022-04-13,163.71400490158922,167.28384253130827,163.10762528497952,166.65789794921875,70618900.0
2022-04-14,166.8730302686766,167.5087646523774,161.41557017548345,161.6600799560547,75329400.0
2022-04-18,160.3201618914843,162.94131434841603,159.97785717263437,161.44491577148438,69023900.0
2022-04-19,161.3960167105301,164.13452917950872,160.31039271090148,163.72373962402344,67723800.0
2022-04-20,165.05387853639598,165.17125338034182,162.45230578739907,163.55747985839844,67929800.0
2022-04-21,165.2006123983915,167.76307044383682,162.26649466439048,162.76528930664062,87227800.0
2022-04-22,162.80440987833427,164.18343379206294,157.95332893712188,158.23695373535156,84882400.0
2022-04-25,157.58165071304833,159.58663379803306,154.9800781201004,159.30300903320312,96046400.0
2022-04-26,158.6868628689345,158.7748828167284,153.2783071958642,153.35655212402344,95623200.0
2022-04-27,152.48608239761126,156.28086402556207,151.96772285920957,153.131591796875,88063200.0
2022-04-28,155.7527344180899,160.9070049099631,155.43975472715812,160.04632568359375,130216800.0
2022-04-29,158.28583697775457,162.55008785176082,153.7966412998766,154.18785095214844,131747600.0
2022-05-02,153.2685246478865,154.7551334388098,149.9040675207667,154.49107360839844,123055300.0
2022-05-03,154.67686742533908,157.18065989099466,152.88706912402677,155.9776611328125,88966500.0
2022-05-04,156.16352911233957,162.82397418149506,155.76252942825218,162.37408447265625,108256500.0
2022-05-05,160.25174474333807,160.47668960295778,151.5471860479713,153.3272247314453,130525300.0
2022-05-06,152.8080631040653,156.16767394547392,151.0156200226824,154.052001953125,116124600.0
2022-05-09,151.75022430191655,152.63176175523802,148.38083908771665,148.9391326904297,131577900.0
2022-05-10,152.32814774676658,153.5231099451531,149.7912929478581,151.3388671875,115366700.0
2022-05-11,150.3495886480442,152.25956414663153,142.81741468212965,143.49325561523438,142689800.0
2022-05-12,139.83979077150929,143.19938623116693,135.95126990961808,139.63409423828125,182602000.0
2022-05-13,141.62245981596948,145.0604308345469,140.17283922837782,144.0907440185547,113990900.0
2022-05-16,142.56275232444813,144.49232147743598,141.22085987637433,142.55294799804688,86643800.0
2022-05-17,145.80484195458106,146.69616897048812,143.6695758585412,146.1770477294922,78336300.0
2022-05-18,143.8360642275501,144.33559163369299,137.02869370903522,137.92982482910156,109742900.0
2022-05-19,137.00912503429328,138.7525913397019,133.7964445425997,134.5310516357422,136095600.0
2022-05-20,136.23534285932448,137.81230015984903,129.8883411847853,134.76612854003906,137426100.0
2022-05-23,134.96201586760006,140.31975175202894,134.82488980062982,140.17283630371094,117726300.0
2022-05-24,137.92002455292192,139.05622039365426,134.51145197634384,137.47926330566406,104132700.0
2022-05-25,135.58886991195646,138.87991021944293,135.50072064953915,137.635986328125,92482700.0
2022-05-26,134.57023400738558,141.37759058232152,134.3253649583187,140.82908630371094,90601500.0
2022-05-27,142.4060433122878,146.6079896103765,142.27870662441157,146.56881713867188,90978500.0
2022-05-31,146.01053811087894,147.567901829154,143.8262952175465,145.78524780273438,103718400.0
2022-06-01,146.82346195823692,148.62570934761555,144.649023812494,145.65789794921875,74286600.0
2022-06-02,144.7959487531145,148.16534881431244,143.84585577263883,148.10658264160156,72348100.0
2022-06-03,143.88506398253034,144.93311080828775,141.4951543400914,142.39627075195312,88570300.0
2022-06-06,144.0123427084728,145.52074398839235,141.9260542251629,143.14060974121094,71598400.0
2022-06-07,141.3873815394989,145.94193944320352,141.1425125135875,145.65789794921875,67808200.0
2022-06-08,145.5305644824367,146.79408210793065,144.4335560047601,144.9232940673828,53950200.0
2022-06-09,144.06135517233236,144.91349464755012,139.60473566244548,139.7124786376953,69473000.0
2022-06-10,137.40091085996173,137.87105521943323,134.24699651333503,134.31556701660156,91437900.0
2022-06-13,130.14301182018457,132.4251934035628,128.7423678783914,129.17333984375,122207100.0
2022-06-14,130.39766413988795,131.1420606306549,128.7815195311164,130.03524780273438,84784300.0
2022-06-15,131.5338494146611,134.52125474775525,129.4475753177957,132.65045166015625,91533000.0
2022-06-16,129.36923235910814,129.67286762283086,126.39161601772796,127.39068603515625,108123900.0
2022-06-17,127.40043848521918,130.3486555868999,127.1457651840292,128.85984802246094,134520300.0
2022-06-21,130.68172228241795,134.24701531100777,130.58378362269173,133.08143615722656,81000500.0
2022-06-22,132.0235937967665,134.93263938077834,131.16166488175563,132.57211303710938,73409200.0
2022-06-23,134.0119221215175,135.74558399228505,132.84634321517927,135.43215942382812,72433800.0
2022-06-24,137.02873655581266,138.99749360130787,136.90141479225005,138.75262451171875,89116800.0
2022-06-27,139.77127334833523,140.54506804098577,138.07678343315314,138.75262451171875,70207900.0
2022-06-28,139.2129786588069,140.47649657650823,134.50169979812208,134.61923217773438,67083400.0
2022-06-29,134.63880492913648,137.7829151592785,133.8650103621575,136.37246704101562,66242400.0
2022-06-30,134.4330767564404,135.53008505921423,131.02450456880948,133.91395568847656,98964500.0
2022-07-01,133.2478979449589,136.18632571299105,132.87570725736074,136.07858276367188,71051600.0
2022-07-05,134.94243962271915,138.70362462604172,134.11966825992553,138.65464782714844,73353800.0
2022-07-06,138.44895512148898,141.16209320483665,138.18449238511542,139.98672485351562,74064300.0
2022-07-07,140.34911940865916,143.54222096010838,140.33933002838788,143.34632873535156,66253700.0
2022-07-08,142.27867446652914,144.52168281438622,142.02401609395528,144.0221405029297,64547800.0
2022-07-11,142.68029721118097,143.63039032716094,140.8290877786715,141.89671325683594,63141600.0
2022-07-12,142.7684709448625,145.4032647831643,142.07305108862295,142.86642456054688,77588800.0
2022-07-13,140.05530730128564,143.44428658574307,139.20315284375937,142.50399780273438,71185600.0
2022-07-14,141.12292146669557,145.8929653987599,140.30995449187216,145.42282104492188,78140700.0
2022-07-15,146.70592606919652,147.7637620290884,145.15835206929646,147.08792114257812,76259900.0
2022-07-18,147.6462037187318,148.4591705156607,143.6891126817675,144.05152893066406,81420900.0
2022-07-19,144.88410592104603,148.1261694879342,143.8948404199678,147.90089416503906,82982400.0
2022-07-20,148.01844006316782,150.56508418725386,147.28383290571463,149.89903259277344,64823400.0
2022-07-21,151.3290755894941,152.37712231601844,148.82161886422966,152.16163635253906,65086600.0
2022-07-22,152.20081233549695,153.0725455912705,150.26145356507448,150.927490234375,66675400.0
2022-07-25,150.8490788607654,151.85793784801606,149.1545897286283,149.8108367919922,53623900.0
2022-07-26,149.13499865872834,149.9479654683096,147.70497218066316,148.48855590820312,55138700.0
2022-07-27,149.4484808165071,154.10099277980115,149.0371026048061,153.5720672607422,78620700.0
2022-07-28,153.7581586202447,154.40461645264705,151.24091273921562,154.12057495117188,81378700.0
2022-07-29,157.93072824104914,160.2716754702952,156.22643448443253,159.17465209960938,101786900.0
2022-08-01,157.7054523459462,160.2325026515257,157.58791998844677,158.1951904296875,67829400.0
2022-08-02,156.81413161603723,159.07671904499605,156.35377664743476,156.72596740722656,59907000.0
2022-08-03,157.53894532472003,163.17093336402678,157.45079605540153,162.7203826904297,82507500.0
2022-08-04,162.6027983303137,163.75858773192834,161.05522452393103,162.4069061279297,55474100.0
2022-08-05,160.0823608155598,162.67176904705062,159.87637852795464,162.1813507080078,56697000.0
2022-08-08,163.18179581085533,164.59420304327227,161.05338198319762,161.71054077148438,60276900.0
2022-08-09,160.87680514822912,162.6423138220542,160.12155686096395,161.75955200195312,63135500.0
2022-08-10,164.46667794890814,166.0948703368816,163.70162657940335,165.99679565429688,70170500.0
2022-08-11,166.80105976160058,167.713245527213,164.96690021924013,165.2611541748047,57149200.0
2022-08-12,166.56569547580565,168.87065273956517,166.1537308916434,168.802001953125,68039400.0
2022-08-15,168.2331135298216,170.06727335382837,168.0663730882192,169.87110900878906,54091700.0
2022-08-16,169.46896318920653,170.38114909928223,168.3704308785935,169.71417236328125,56377100.0
2022-08-17,169.45912928634104,172.77434653771422,169.26296497615442,171.20501708984375,79542000.0
2022-08-18,170.42036968678258,171.54832585930868,169.80243780169835,170.8126983642578,62290100.0
2022-08-19,169.7141510996703,170.41055165199725,168.02711099609633,168.23309326171875,70346300.0
2022-08-22,166.43816395511286,166.6049043800519,163.9370276482697,164.35879516601562,69026800.0
2022-08-23,163.87817957003261,165.4769480040651,163.4564120530002,164.02529907226562,54147100.0
2022-08-24,164.1135822617859,164.88843656775538,163.0640799468379,164.31954956054688,53841500.0
2022-08-25,165.5456215718219,166.87956011908489,165.1238689631101,166.77166748046875,51218200.0
2022-08-26,167.3013082441995,167.7721056277997,160.42563400937078,160.48448181152344,78961000.0
2022-08-29,158.06182659509352,159.7782908024648,156.7573269679059,158.2874298095703,73314000.0
2022-08-30,159.02305667853338,159.44480926961938,154.6975633016655,155.86476135253906,77906200.0
2022-08-31,157.23791969354875,157.50274977749038,154.12866933419335,154.20713806152344,87991100.0
2022-09-01,153.6382262791269,155.38411402360973,151.70597720803465,154.9329376220703,74229900.0
2022-09-02,156.6886409081276,157.2869518100939,152.0002433352291,152.8241424560547,76957800.0
2022-09-06,153.47147432266516,154.07958810783353,150.7447502992397,151.5686492919922,73714800.0
2022-09-07,151.85316012640948,153.6676992214009,150.66634101658914,152.9713134765625,87449600.0
2022-09-08,151.6765739248584,153.36361410419434,149.75412756943635,151.50003051757812,84923800.0
2022-09-09,152.49066452851048,154.79563648166842,151.7844609924952,154.354248046875,68028800.0
2022-09-12,156.53173198406338,161.11223777090294,156.24729591423596,160.2981414794922,104956000.0
2022-09-13,156.83580616608484,157.4635411507797,150.430942739526,150.89193725585938,122656600.0
2022-09-14,151.82370097735972,154.08944624806267,150.66632089509483,152.333740234375,87965400.0
2022-09-15,151.68634859779593,152.26505346855464,148.4790242330061,149.45004272460938,90481100.0
2022-09-16,148.312339619677,148.44965617349064,145.52675172371437,147.81210327148438,162278800.0
2022-09-19,146.44871449211215,151.59810678770754,146.2427471814607,151.51963806152344,81474200.0
2022-09-20,150.46035140561636,155.05067517637016,150.14649142825516,153.89328002929688,107689800.0
2022-09-21,154.3248240736869,155.69800426701255,150.65650483896582,150.77420043945312,101696800.0
2022-09-22,149.45987128233378,151.50981598394938,148.01804042401267,149.81297302246094,86652500.0
2022-09-23,148.29268659863374,148.5673196468233,145.71308157487604,147.5472412109375,96029900.0
2022-09-26,146.79200808789446,150.82324708343862,146.77238716545008,147.8807373046875,93339400.0
2022-09-27,149.81299153282302,151.75504386028683,147.0764489671257,148.8517608642578,84442700.0
2022-09-28,144.81075922673622,147.75326992489508,142.06441291517794,146.96859741210938,146691400.0
2022-09-29,143.30025780798485,143.9083718149734,137.98410935439225,139.74961853027344,128138200.0
2022-09-30,138.5725835278908,140.35771319334796,135.35544091221504,135.55160522460938,124925300.0
2022-10-03,135.5614611189966,140.32832857992096,135.05142179088293,139.72019958496094,114311700.0
2022-10-04,142.25072959734777,143.41792753527417,141.4954812316815,143.30023193359375,87830100.0
2022-10-05,141.30911612057122,144.55568241187106,140.26941690015158,143.59445190429688,79471000.0
2022-10-06,143.0157891213956,144.71263233032042,142.43709909152813,142.64306640625,68402200.0
2022-10-07,139.80845770678545,140.3577388347644,136.7776758724346,137.40541076660156,85925600.0
2022-10-10,137.72906494140625,139.17089585032406,135.91452632499212,137.72906494140625,74899000.0
2022-10-11,137.2190642395612,138.64128959242282,135.57126557653487,136.3166961669922,77033700.0
2022-10-12,136.46377294476207,137.6701975246167,135.51236044068241,135.68890380859375,70433700.0
2022-10-13,132.40316808901153,140.83835578471064,131.79503908177543,140.24986267089844,113224000.0
2022-10-14,141.5445499741852,141.75053227831364,135.5418338120233,135.7281951904297,88598000.0
2022-10-17,138.36662131640782,140.1615390587515,137.58194907165392,139.68093872070312,85250900.0
2022-10-18,142.7019309504816,143.88873492707052,137.91544326382163,140.99526977539062,99136600.0
2022-10-19,138.974750883936,142.1722730567363,138.78838952105372,141.10316467285156,61758300.0
2022-10-20,140.2792613677454,143.09425775385319,139.91634163141597,140.6421661376953,64522000.0
2022-10-21,140.1321395849877,145.0167173026428,139.9163543059083,144.4478302001953,86548600.0
2022-10-24,144.36929860759156,147.351034399501,143.2021010061408,146.5859832763672,75981900.0
2022-10-25,147.2137417287175,149.56775822916157,146.49773529844836,149.42062377929688,74732300.0
2022-10-26,148.06707758643762,149.07733793610197,145.20302197217626,146.48793029785156,88194300.0
2022-10-27,145.23251764978033,146.19373355952823,141.36801811707775,142.02517700195312,109180200.0
2022-10-28,145.35999154749908,154.48177557471033,144.98728378991743,152.75550842285156,164762400.0
2022-10-31,150.22494584357278,151.28425122815005,149.00870300208484,150.4014892578125,97943200.0
2022-11-01,152.10817643552318,152.47108127109797,146.27220032701106,147.7630615234375,80379300.0
2022-11-02,146.0956258102425,149.25392123210702,142.2213237765035,142.25074768066406,93604600.0
2022-11-03,139.3376507448135,140.06347524662803,136.0910838596121,136.21859741210938,97918500.0
2022-11-04,139.59827074317496,140.16810151754257,132.0234836201314,135.95333862304688,140814800.0
2022-11-07,134.70559929239224,136.70981865595215,133.29084915754692,136.48385620117188,83374600.0
2022-11-08,137.9477566640864,138.94985902565782,135.07896394018204,137.0537109375,89908500.0
2022-11-09,136.07123106652006,136.12035725287217,132.2297941583769,132.5048828125,74917800.0
2022-11-10,138.7632027049217,144.29446411132812,137.05371017047622,144.29446411132812,118854000.0
2022-11-11,143.26287971945007,147.3793904835366,141.83829520447486,147.0748291015625,93979700.0
2022-11-14,146.3576203774582,147.64464544159856,144.84461786588682,145.67971801757812,73374100.0
2022-11-15,149.5506380930854,150.89660867721872,145.95481705312972,147.4088592529297,89868300.0
2022-11-16,146.51483522710427,147.2418488642614,144.70709039322372,146.1807861328125,64218300.0
2022-11-17,143.86218666008645,148.82363252503697,143.58709795786277,148.07696533203125,80389400.0
2022-11-18,149.63904958366277,150.02220984195606,147.34008803390304,148.63693237304688,74829600.0
2022-11-21,147.52678083863384,147.73308985978306,145.12956655626695,145.4144744873047,58724100.0
2022-11-22,145.53236323934706,147.7821986794849,144.3533947208252,147.54640197753906,51804100.0
2022-11-23,146.82920540527334,149.16747394284351,146.72113379241404,148.42080688476562,58301400.0
2022-11-25,145.70916976960694,146.26918120067512,144.5400357218998,145.51268005371094,35195900.0
2022-11-28,142.59476743015247,144.06846284178744,140.86563687733454,141.69090270996094,69246000.0
2022-11-29,141.75967888062996,142.2705641956943,137.88878454429147,138.69439697265625,83763800.0
2022-11-30,138.9203582971881,146.1119996275474,138.08527316426236,145.43409729003906,111380900.0
2022-12-01,145.61099111367253,146.51485616417156,144.03904277032873,145.709228515625,71250400.0
2022-12-02,143.40039263183445,145.4046117654443,143.09581632538948,145.2179412841797,65447400.0
2022-12-05,145.1787089175549,148.27346450913342,143.21378092513402,144.05870056152344,68826400.0
2022-12-06,144.49096870660432,144.71693119940028,139.431270776129,140.40391540527344,64727200.0
2022-12-07,139.69653991914743,140.85584008868295,137.5449416476374,138.4684600830078,69721100.0
2022-12-08,139.86354485762612,141.0032064446931,138.62564588690643,140.14845275878906,62128300.0
2022-12-09,139.84388950557997,143.01725827820258,138.42913927736055,139.66705322265625,76097000.0
2022-12-12,140.1975885864345,141.9660265170688,138.58634846990296,141.95620727539062,70462700.0
2022-12-13,146.87833415604433,147.34009332894186,141.71058010364294,142.91900634765625,93886200.0
2022-12-14,142.80112620848055,144.08815144991274,138.68460028950005,140.6986541748047,82291200.0
2022-12-15,138.63546667684503,139.3133690938159,133.64454880056923,134.10630798339844,98931900.0
2022-12-16,134.2929782040358,135.23613504981998,131.38487878191776,132.1511993408203,160156900.0
2022-12-19,132.74069295008061,132.82911109974094,129.01716151047765,130.04873657226562,79592600.0
2022-12-20,129.08591954394805,130.91330283228723,127.6122238272619,129.97996520996094,77432800.0
2022-12-21,130.64802045895354,134.41085828161889,130.42205800232537,133.07470703125,85928000.0
2022-12-22,131.9940429577661,132.20035200043924,128.01506080289434,129.9112091064453,77852100.0
2022-12-23,128.62419559928406,130.0978917197954,127.3666427757447,129.54771423339844,63814900.0
2022-12-27,129.07609558176017,129.1055682957193,126.46273834186272,127.74976348876953,69007800.0
2022-12-28,127.39607559848972,128.73222692892008,123.66271775984323,123.8297348022461,85438400.0
2022-12-29,125.74553370652504,128.19186635387044,125.49009852746012,127.33712768554688,75703700.0
2022-12-30,126.15817044916967,127.67115798862761,125.19535270118398,127.65150451660156,77034200.0
2023-01-03,127.9953746812147,128.6044974020352,121.99252063798394,122.87673950195312,112117500.0
2023-01-04,124.66483917038782,126.40380440814197,122.88658197418445,124.14413452148438,89113600.0
2023-01-05,124.90060516942826,125.5293813261351,122.57217104073682,122.82760620117188,80962700.0
2023-01-06,123.80025946812165,128.0051956310965,122.69989736764362,127.3469467163086,87754700.0
2023-01-09,128.18203319703136,131.07047871721036,127.61220248294386,127.86763763427734,70790800.0
2023-01-10,127.97572556898378,128.95818934117645,125.87325369613974,128.43748474121094,63896200.0
2023-01-11,128.94835439070522,131.1687168485226,128.17221470136022,131.14907836914062,69458900.0
2023-01-12,131.5322547782573,131.90558081812333,129.13504077259947,131.07049560546875,71379600.0
2023-01-13,129.7146531663583,132.55397204801548,129.35114647285715,132.3967742919922,57809700.0
2023-01-17,132.46557135226192,134.88242345634274,131.77784981822288,133.5561065673828,63646600.0
2023-01-18,134.42067999537736,136.17928328311848,132.66206171643108,132.8389129638672,69672800.0
2023-01-19,131.7287538123279,133.86069855178562,131.42419241972087,132.89788818359375,58280400.0
2023-01-20,132.90770800117681,135.59966433835268,131.86629872212012,135.45228576660156,80223600.0
2023-01-23,135.6978953680963,140.80671912517695,135.4817521326256,138.63546752929688,81760300.0
2023-01-24,137.84950755371702,140.64953566811175,137.8396883115422,140.03057861328125,66435100.0
2023-01-25,138.41932337339787,139.93231102042415,136.37579688239575,139.372314453125,65799300.0
2023-01-26,140.65934626942868,141.72040901629467,139.41161299424252,141.4355010986328,54105100.0
2023-01-27,140.64952711543583,144.64814715401417,140.57092820918845,143.37094116210938,70555800.0
2023-01-30,142.41796049282078,142.99761054282715,140.34496125408572,140.49232482910156,64015300.0
2023-01-31,140.19756045993424,141.8088002532181,139.78492752410364,141.75967407226562,65874500.0
2023-02-01,141.44528077834974,144.03898399261212,138.84175832526216,142.87966918945312,77663600.0
2023-02-02,146.2888275489756,148.52884341135578,145.57163330132713,148.1751708984375,118339000.0
2023-02-03,145.43410775063012,154.62014981197694,145.23761799882098,151.7906494140625,154357300.0
2023-02-06,149.8945101165513,150.41521473457135,148.13589150827315,149.06922912597656,69858300.0
2023-02-07,147.9983592694092,152.5078649107581,147.9983592694092,151.9380340576172,83322600.0
2023-02-08,151.18150996746658,151.86923151834947,148.5190269025848,149.25587463378906,64120100.0
2023-02-09,151.0832773681269,151.62363543992853,147.782198500911,148.22430419921875,56007100.0
2023-02-10,147.06327712026294,148.9131193699711,146.82712033740432,148.58840942382812,57450700.0
2023-02-13,148.52933886882354,151.78625678187208,148.49982115470684,151.38284301757812,62199000.0
2023-02-14,149.68057287811524,151.30412220458746,148.44078385852455,150.74325561523438,61707600.0
2023-02-15,150.6546952720313,153.00636811059493,150.42838780610393,152.83909606933594,65573800.0
2023-02-16,151.0482818929642,153.82306709582505,150.8908590911332,151.24508666992188,68167900.0
2023-02-17,149.90690894964015,150.5464794908576,148.4309630722788,150.10369873046875,59144100.0
2023-02-21,147.79135689260553,148.87372305726493,146.03006833094608,146.09893798828125,58867200.0
2023-02-22,146.4826819914061,147.54536466728035,144.80011234851025,146.5220489501953,51011300.0
2023-02-23,147.6831183102613,147.92910925221886,144.8788305804024,147.00418090820312,48394200.0
2023-02-24,144.75094042273577,144.8296593421339,143.38323110315275,144.35736083984375,55469600.0
2023-02-27,145.34131909727375,146.77789803104127,145.08547886576312,145.54794311523438,44998500.0
2023-02-28,144.6918692589824,146.689314426437,144.47539603761436,145.0460968017578,50547000.0
2023-03-01,144.4754113339038,144.86899086128216,142.68458995191014,142.9797821044922,55479000.0
2023-03-02,142.0647116163666,144.35734928778834,141.59239813777418,143.57017517089844,52238100.0
2023-03-03,145.66600535471582,148.68678165578146,144.96739941181147,148.60806274414062,70732300.0
2023-03-06,151.32379221822697,153.79355106354063,150.99909736370918,151.3631591796875,87558000.0
2023-03-07,151.2352451910372,151.55995507278075,148.70646582947896,149.16893005371094,56182000.0
2023-03-08,150.35951315538156,151.00893289820618,149.39523278864294,150.41854858398438,47204800.0
2023-03-09,151.09746808583355,152.0617483379844,147.8208670608722,148.1750946044922,53833600.0
2023-03-10,147.80123737088158,148.51952687879202,145.2429249942403,146.11865234375,68572400.0
2023-03-13,145.43967499711258,150.68420342446277,145.33143838738883,148.05702209472656,84457100.0
2023-03-14,148.85404568502526,150.94004418166887,147.6929755826584,150.14303588867188,73695900.0
2023-03-15,148.7654682431246,150.7924309816341,147.51583019026035,150.53660583496094,77167900.0
2023-03-16,149.71995500240442,153.9510028988609,149.20828955550553,153.3507843017578,76161100.0
2023-03-17,153.57710247425993,154.2265223157517,151.80596427660015,152.51441955566406,98944600.0
2023-03-20,152.5832627325511,155.28916298853815,151.6780028890537,154.87588500976562,73641400.0
2023-03-21,154.79717806171172,156.8438093660786,154.0296725549558,156.72573852539062,73938300.0
2023-03-22,156.74540844255807,159.53986153376988,155.27929723644732,155.29898071289062,75701800.0
2023-03-23,156.28297554136526,158.9593583364734,155.15140813839363,156.38136291503906,67622100.0
2023-03-24,156.31251228008384,157.76877470893055,155.31871410467124,157.6802215576172,59196500.0
2023-03-27,157.37518971960662,158.19188156427322,155.33837722493854,155.74180603027344,52390300.0
2023-03-28,155.4367475403247,155.9484128704115,153.4786543640599,155.1218719482422,45992200.0
2023-03-29,156.81432081388166,158.4673879613573,156.79465234617297,158.19187927246094,51305700.0
2023-03-30,158.93965597985908,159.86458426430409,158.68383082177425,159.75634765625,49501700.0
2023-03-31,159.8350728342002,162.3540176143248,159.31357325147573,162.255615234375,68749800.0
2023-04-03,161.63575413574327,163.62335040456196,161.58655293789977,163.50527954101562,56976200.0
2023-04-04,163.92835343175463,164.16449510354033,162.46224215834394,162.97390747070312,46278300.0
2023-04-05,162.09819114468434,162.4032175003463,159.2053353608918,161.13389587402344,51511700.0
2023-04-06,159.8252203026454,162.31466233453045,159.40212310856722,162.01947021484375,45390100.0
2023-04-10,158.8314525568901,159.43167114257812,157.51294452082058,159.43167114257812,47716900.0
2023-04-11,159.7465367378167,159.75637097122245,157.93603184667685,158.2213897705078,47644200.0
2023-04-12,158.6346426672523,159.4611686435216,157.21773241416443,157.53260803222656,50133100.0
2023-04-13,159.03805912639,163.14118599216286,158.8314201412513,162.905029296875,68445600.0
2023-04-14,161.95057076563972,163.65283866101953,161.19292957831368,162.56063842773438,49386500.0
2023-04-17,162.44258319038994,162.7377753387549,161.39958394505072,162.58033752441406,41516200.0
2023-04-18,163.43641422586148,164.72540456754612,162.99361844758067,163.80047607421875,49923000.0
2023-04-19,163.14117819260926,165.46333303592274,162.88533803142178,164.94183349609375,47720200.0
2023-04-20,163.42656743390464,165.1780220485777,162.90506774605808,163.9775848388672,52456400.0
2023-04-21,162.4032359760057,163.78077935638615,161.85221862385353,162.37371826171875,58337300.0
2023-04-24,162.35403159020615,162.9444158925364,161.26183114076272,162.67874145507812,41949600.0
2023-04-25,162.54096443175132,163.64299896057264,161.10437083745688,161.14373779296875,48714100.0
2023-04-26,160.44512426219072,162.62952495549953,160.18929909610858,161.13389587402344,45498800.0
2023-04-27,162.54097091629146,165.85692388096987,162.54097091629146,165.70933532714844,64902300.0
2023-04-28,165.78806481489534,167.12625617335198,165.1878463008649,166.95896911621094,55275900.0
2023-05-01,166.5654112090663,167.71664719399982,165.93567490070697,166.8704376220703,52472900.0
2023-05-02,167.36241202489828,167.6182522416185,164.8533011388869,165.83726501464844,48425700.0
2023-05-03,166.78186884038578,168.17909567440717,164.47939708632646,164.76473999023438,65136000.0
2023-05-04,162.24580144031648,164.36131774887434,161.67510059572527,163.13136291503906,81235400.0
2023-05-05,168.23812815446027,171.504895212846,168.02165491497223,170.78660583496094,113453200.0
2023-05-08,169.7140651629481,171.06210572406735,169.35000337616833,170.71771240234375,55962800.0
2023-05-09,170.27492954930042,170.75706217667226,168.84818511789587,169.0154571533203,45326900.0
2023-05-10,170.24544525293916,171.23924342814053,169.14339542958015,170.7767791748047,53724500.0
2023-05-11,171.06211698775132,171.79024060925457,169.40904995436452,170.96371459960938,49514700.0
2023-05-12,171.07210045600348,171.50564580777203,168.49055408757272,170.0375213623047,45533100.0
2023-05-15,170.61883064941935,170.66809989196608,168.95362948142878,169.54483032226562,37266700.0
2023-05-16,169.46600254116325,170.5991199454283,169.27878844040285,169.54483032226562,42110300.0
2023-05-17,169.19011716888295,170.39219951568867,167.91903983890595,170.15573120117188,57951600.0
2023-05-18,170.46119076780954,172.6683237371227,170.04735615510018,172.48110961914062,65496700.0
2023-05-19,173.80145343851697,173.80145343851697,172.37273538217633,172.58950805664062,55809500.0
2023-05-22,171.42681253611994,172.14611049896482,170.90459157041087,171.64358520507812,43570900.0
2023-05-23,170.58929510312979,170.83562631420236,168.7664381272472,169.04232788085938,50747300.0
2023-05-24,168.57922839342694,169.8897122746601,168.0176010356781,169.31822204589844,45143500.0
2023-05-25,169.8798495430277,171.3479738482291,169.17041449607095,170.4513397216797,56058300.0
2023-05-26,170.77652387763237,173.19056694623742,170.5695990272421,172.8555450439453,54835000.0
2023-05-30,174.36308277683443,176.36329091292328,173.978806707213,174.69808959960938,55964400.0
2023-05-31,174.72764675708407,176.71800704198733,174.16600441023556,174.64881896972656,99625300.0
2023-06-01,175.0922027756249,177.47668683522244,174.33349851829678,177.44712829589844,68901800.0
2023-06-02,178.37332240607034,179.11231590276506,176.6292935441097,178.29449462890625,61996900.0
2023-06-05,179.949884959394,182.2358308287415,175.4272324012079,176.94464111328125,121946500.0
2023-06-06,177.3288889732544,177.4766816655694,174.82615579439974,176.58004760742188,64848400.0
2023-06-07,175.82136104700194,178.5507149734009,174.71780207381394,175.21046447753906,61944600.0
2023-06-08,175.2892595209165,178.1861165677113,174.85572927872582,177.9200897216797,50214900.0
2023-06-09,178.83646640490514,179.5557493602978,177.97923856717878,178.3043975830078,48900000.0
2023-06-12,178.60984190485868,181.19138823156914,178.31424143935143,181.0928497314453,54274900.0
2023-06-13,180.11734763302488,181.44752687931387,179.76263016037564,180.61985778808594,54929100.0
2023-06-14,180.67901332162722,181.684048880549,179.34883379218707,181.25050354003906,57462900.0
2023-06-15,181.26036948430115,183.78279874291368,181.08300318978328,183.2802734375,65433200.0
2023-06-16,183.98970387223915,184.245897953939,181.56581317602513,182.20626831054688,101256200.0
2023-06-20,181.7037512704965,183.36895259993452,181.7037512704965,182.29493713378906,49799100.0
2023-06-21,182.1865227468729,182.68904794337553,179.91042519875955,181.2603302001953,49515700.0
2023-06-22,181.04356888160584,184.304991288712,180.97458893469445,184.25572204589844,51245300.0
2023-06-23,182.8270228675936,184.8075203379306,182.29493904669715,183.9404296875,53117000.0
2023-06-26,184.08822111663613,185.2903184900679,182.51169553463515,182.55111694335938,48088700.0
2023-06-27,183.1620330683905,185.6253451571229,182.94526040179295,185.30018615722656,50730800.0
2023-06-28,185.17209649255778,187.11318769857849,184.84695251457532,186.4727325439453,51216800.0
2023-06-29,186.30524420235466,187.28072131986815,186.1672993101183,186.80775451660156,46347300.0
2023-06-30,188.81778728912292,191.62595381515632,188.45320690668942,191.12344360351562,85213200.0
2023-07-03,190.93621032527898,191.0347488046626,188.9458503136462,189.63558959960938,31458200.0
2023-07-05,188.75868490984942,190.1479814937267,187.82261429340878,188.52220153808594,46920300.0
2023-07-06,187.05405664400223,189.20207252866174,186.42344937265386,188.99514770507812,45094300.0
2023-07-07,188.601042385603,189.84254634486774,187.4482140588147,187.88174438476562,46815000.0
2023-07-10,186.48257243692333,187.20187038994513,184.29515010539157,185.8421173095703,59922200.0
2023-07-11,186.38402246734722,186.52196732292174,183.86159365977753,185.3198699951172,46638100.0
2023-07-12,186.8964167558296,188.88677723101014,185.70418206587038,186.985107421875,60750200.0
2023-07-13,187.70438329432415,188.38425984411805,186.99494820191867,187.74378967285156,41342300.0
2023-07-14,187.43834550769154,188.37440112570727,186.8471596075647,187.8916015625,41616200.0
2023-07-17,189.08384794751433,191.46834750746484,188.9951723122315,191.1431884765625,50520200.0
2023-07-18,190.5125649317522,191.47817907078496,189.5962050071137,190.88697814941406,48288200.0
2023-07-19,190.26622781119138,195.32093388898534,189.82281961650222,192.23687744140625,80507300.0
2023-07-20,192.22705072486576,193.58680403661177,189.67506258212867,190.2958221435547,59581200.0
2023-07-21,191.25155042374644,192.10877819186132,188.4236580132484,189.1232452392578,71951700.0
2023-07-24,190.57167418096722,192.04966138875844,189.4286937985748,189.92135620117188,45377800.0
2023-07-25,190.49284214012596,191.58655325087184,190.08885537064708,190.77857971191406,37283200.0
2023-07-26,190.82785426220883,192.7689453418544,190.48299959942145,191.6456756591797,47471900.0
2023-07-27,193.1433729163405,194.30604897209747,189.72429463258098,190.38446044921875,47460200.0
2023-07-28,191.8131659299023,193.7444090416655,191.29094501886246,192.95614624023438,48291400.0
2023-07-31,193.18277106210203,193.6064685292723,192.394508242959,193.56704711914062,38824100.0
2023-08-01,193.36013930235927,193.8429388199064,192.41422090280528,192.7393798828125,35175100.0
2023-08-02,192.17775117305615,192.31569604997566,189.03457754647138,189.7538604736328,50389300.0
2023-08-03,188.7586713954234,189.54691917513858,187.89158079590146,188.36453247070312,61235200.0
2023-08-04,182.79747042079737,184.6301752435833,179.25029494609427,179.31927490234375,115956800.0
2023-08-07,179.45723692919626,180.4425618735659,174.7473848978987,176.22537231445312,97576100.0
2023-08-08,177.05302113799038,177.62451134366992,174.97398514494694,177.16140747070312,67823000.0
2023-08-09,178.21570618554995,178.2748232727554,174.41235154839882,175.57504272460938,60378500.0
2023-08-10,176.8460961883882,178.09746293161143,174.99369573264087,175.35826110839844,54686900.0
2023-08-11,174.95373578240464,176.2363757071569,174.1940069392339,175.41744995117188,52036700.0
2023-08-14,175.59504844195268,177.2920967961584,174.9438523177461,177.06517028808594,43675600.0
2023-08-15,176.4929258073929,177.08491002448199,174.68734458769583,175.08200073242188,43622600.0
2023-08-16,174.7662850202376,176.15745776554937,174.14468726786023,174.21376037597656,46964900.0
2023-08-17,174.77615243783515,175.1412101505236,171.1649897406694,171.6780548095703,66062900.0
2023-08-18,170.00075151281027,172.76339001893962,169.66529224450343,172.16152954101562,61172200.0
2023-08-21,172.7337706675176,173.77962299820936,171.42151715942626,173.4934844970703,46311900.0
2023-08-22,174.69719959083847,175.30892111024494,173.89801113995804,174.86492919921875,42038900.0
2023-08-23,176.1377232252428,179.12728783194132,175.9502562936072,178.70301818847656,52722800.0
2023-08-24,178.25903609639087,178.68330576322634,173.66121814414575,174.0262908935547,54945800.0
2023-08-25,175.0129348306344,176.7593040006282,173.4737548580186,176.2265167236328,51449600.0
2023-08-28,177.6867593505913,178.1800870283186,176.1673167274641,177.78543090820312,43820700.0
2023-08-29,177.30194937146643,182.4325537749521,177.1046213280948,181.6629638671875,53003900.0
2023-08-30,182.4720614420058,185.34323241647965,182.27473336292013,185.14588928222656,60813900.0
2023-08-31,185.33333184264131,186.59624944883035,184.9781353249528,185.36293029785156,60794500.0
2023-09-01,186.96131537308187,187.3855699191495,185.76745585396847,186.9317169189453,45766500.0
2023-09-05,185.76745412260553,187.44476508042712,185.10639689444145,187.1685028076172,45280000.0
2023-09-06,185.88587535630464,186.32988234003622,179.04836051297525,180.46914672851562,81755800.0
2023-09-07,172.8422616393004,175.83184093509863,171.22414761118458,175.1905059814453,112488800.0
2023-09-08,175.96999075471308,177.8347687964352,175.417451102765,175.80224609375,65551300.0
2023-09-11,177.66702357259294,177.89395007164453,174.9734438173143,176.96649169921875,58953100.0
2023-09-12,177.09477490699047,177.72623373133553,172.487096210491,173.9473419189453,90370200.0
2023-09-13,174.15453395453247,174.93400012779577,171.65829707262085,171.88523864746094,84267900.0
2023-09-14,171.6780505009118,173.75003299454158,171.2636570132194,173.39483642578125,60895800.0
2023-09-15,174.12492983939754,174.14466716160445,171.50043808217407,172.67454528808594,109259500.0
2023-09-18,174.12494029407293,176.98624997924455,173.8190795297471,175.59506225585938,67257600.0
2023-09-19,175.15107052586188,177.23291401853146,174.7662755227223,176.68038940429688,51826900.0
2023-09-20,176.86785847407558,177.3019893003594,173.05936766417838,173.14817810058594,58436200.0
2023-09-21,172.22071489897561,173.9473619674597,171.53992021743218,171.60897827148438,63149100.0
2023-09-22,172.33911043282527,174.71695374662696,171.7273888544839,172.45750427246094,56725400.0
2023-09-25,171.87536866413782,174.60840835340898,171.82603288281885,173.73028564453125,46172700.0
2023-09-26,172.48711848209095,172.86203732750283,169.36928354767613,169.665283203125,64588900.0
2023-09-27,170.31643241476104,170.730825832551,166.79408083596385,168.15565490722656,66921800.0
2023-09-28,167.08024048447163,169.7343462157436,165.38319180250966,168.4122314453125,56294400.0
2023-09-29,169.7244355134215,170.7604265076125,168.06684691168314,168.9252471923828,51861100.0
2023-10-02,168.93512915166482,171.9740294168616,168.6489906711008,171.43136596679688,52164500.0
2023-10-03,169.96124934298015,171.31297744317223,168.54047825044546,170.09938049316406,49594600.0
2023-10-04,168.80686354725646,171.88523853747708,168.68846972057472,171.3425750732422,53020300.0
2023-10-05,171.47083294671847,173.10868450108188,170.3756448658088,172.57589721679688,48527900.0
2023-10-06,171.48068444244805,175.6147723242181,170.86894795356997,175.12144470214844,57266700.0
2023-10-09,174.45052401213385,176.6606373398207,173.45400756283908,176.6014404296875,42390800.0
2023-10-10,175.7233217666065,177.3216985969386,175.5753144327677,176.0094451904297,43698000.0
2023-10-11,175.82199530812358,177.44998580714199,175.23001108089,177.40065002441406,47551100.0
2023-10-12,177.6670336186698,179.906730392158,176.6507647716162,178.29849243164062,56743100.0
2023-10-13,178.9990143278533,179.50220314362676,175.7627859383901,176.46331787109375,51427100.0
2023-10-16,174.39134016768617,176.69024903281087,174.15453745424634,176.33505249023438,52517000.0
2023-10-17,174.29266779074965,176.03905203817294,172.467364361049,174.78599548339844,57549400.0
2023-10-18,173.23695950912395,175.21027033840411,172.77323025982977,173.4934844970703,54764400.0
2023-10-19,173.69080766680926,175.46679037407037,172.85215962113486,173.11856079101562,59302900.0
2023-10-20,172.97054807703984,173.07908076842247,170.33618008275127,170.57298278808594,64244000.0
2023-10-23,168.62929981085605,171.68792291287053,167.6623665542272,170.69140625,55980100.0
2023-10-24,170.74069333750268,171.3524147723922,169.16203892177992,171.12548828125,43816600.0
2023-10-25,169.58634726553433,170.7505934954682,168.37275019582236,168.81675720214844,57157000.0
2023-10-26,168.09644349231945,169.09297489080478,163.45916701132384,164.6628875732422,70625300.0
2023-10-27,164.68267291441106,166.70531969794123,164.60373866788856,165.97518920898438,58499100.0
2023-10-30,166.76447575317525,168.88577853365425,166.61646843152695,168.01751708984375,51131000.0
2023-10-31,167.09010101577766,168.61940486913602,165.65943861592592,168.49114990234375,44846000.0
2023-11-01,168.71805482147735,171.9049471971035,167.84979334743332,171.64842224121094,56934900.0
2023-11-02,173.17776232760195,175.40759814141026,173.118565411641,175.20040893554688,77334800.0
2023-11-03,171.91485064572058,174.46042350768224,171.0367278993792,174.2926788330078,79829200.0
2023-11-06,174.02628274488598,177.0355696443862,173.85855313497558,176.83824157714844,63841300.0
2023-11-07,176.7889073081916,180.00541354681909,176.58171810512866,179.39369201660156,70530000.0
2023-11-08,179.91661457451394,181.00192645947115,179.16674685036813,180.44940185546875,49340300.0
2023-11-09,180.51847829944086,181.6629871195562,179.3838155582821,179.97581481933594,53763500.0
2023-11-10,181.75415237279827,184.32284238950194,181.31944959381738,184.15487670898438,66133400.0
2023-11-13,183.58184574005094,183.78930789371245,181.99123723697815,182.57412719726562,43627500.0
2023-11-14,185.4391901985185,185.84425545326624,184.0560589323069,185.1823272705078,60108400.0
2023-11-15,185.5874067506803,187.21752694473682,185.51824264456812,185.74546813964844,53790500.0
2023-11-16,187.286705162902,188.65996251273407,186.37777296409004,187.42501831054688,54412900.0
2023-11-17,187.95848017105547,188.08691917335904,186.29872264128753,187.4052276611328,50922700.0
2023-11-20,187.6028350817968,189.59850904887813,187.592960955599,189.14404296875,46505100.0
2023-11-21,189.10452557023848,189.21320125507725,187.45464204586924,188.3437957763672,38134500.0
2023-11-22,189.18356183514956,190.60620477415247,188.53150773289747,189.00572204589844,39617700.0
2023-11-24,188.57102324664504,188.60066069963858,186.97054048498805,187.68186950683594,24048300.0
2023-11-27,187.6324520630897,188.37341847212542,186.62473352580105,187.50401306152344,40552600.0
2023-11-28,187.4941619704054,188.77850691885152,187.11873411970524,188.106689453125,38415400.0
2023-11-29,188.6006511365786,189.77632029571453,186.69390474066958,187.08908081054688,43014200.0
2023-11-30,187.55343368717286,188.02766309314677,185.92331344476767,187.662109375,48794400.0
2023-12-01,188.0375263099119,189.25270705783993,186.95076949469112,188.9365692138672,45704800.0
2023-12-04,187.69172432124148,187.7608884211111,185.19219887595256,187.14834594726562,43389500.0
2023-12-05,187.91898862751913,192.05850876803487,187.88933609882633,191.09031677246094,66628400.0
2023-12-06,192.10788966712872,192.4141533735728,189.79607806848605,190.00355529785156,41089700.0
2023-12-07,191.29777821822415,192.6512720749557,191.2582515665674,191.93006896972656,47477700.0
2023-12-08,191.86090014217592,193.62934842275146,191.33728508312288,193.35272216796875,53406400.0
2023-12-11,190.78404615931,191.15947399253523,189.11439931154695,190.8531951904297,60943700.0
2023-12-12,190.75440470261375,192.3746507369947,189.4107849369075,192.36477661132812,52696900.0
2023-12-13,192.74018081786602,195.61513413450965,192.50308121236986,195.57562255859375,70404200.0
2023-12-14,195.63490356313392,197.21562292408947,193.79730618821,195.72381591796875,66831600.0
2023-12-15,195.1508114803035,196.01032777733312,194.62719637119332,195.19033813476562,128538400.0
2023-12-18,193.7281513997374,194.26165570440122,192.04863040265064,193.5305633544922,55751900.0
2023-12-19,193.79731295132126,194.5777909959987,193.53056080250687,194.5679168701172,40714100.0
2023-12-20,194.5283816611859,195.2989855460905,192.4833221435547,192.4833221435547,52242800.0
2023-12-21,193.73800782299358,194.7061996333918,191.16931844438724,192.33509826660156,46482500.0
2023-12-22,192.8291141147171,193.05635469466722,190.64574127695036,191.26815795898438,37149600.0
2023-12-26,191.27801448490152,191.55464074590694,190.5074106042434,190.72476196289062,28919300.0
2023-12-27,190.1715235726757,191.16935301152336,188.7883770898652,190.8235626220703,48087700.0
2023-12-28,191.80161980345068,192.3153607227681,190.8433020640508,191.2483673095703,34049900.0
2023-12-29,191.56452296375952,192.0585006042798,189.4206618129017,190.21102905273438,42672100.0
2024-01-02,184.895844683247,186.17031557472808,181.67511554799748,183.40403747558594,82488700.0
2024-01-03,182.00112426612563,183.6411336613478,181.22063114701328,182.03076171875,58414500.0
2024-01-04,179.95603270422265,180.88471299934187,178.70134046081682,179.71893310546875,71983600.0
2024-01-05,179.79798286255345,180.55869755734878,177.99989705667167,178.9977264404297,62379700.0
2024-01-08,179.89677561800764,183.36450834315934,179.313885613353,183.32498168945312,59144500.0
2024-01-09,181.7047275700206,182.9199083051763,180.52905841182087,182.9100341796875,42841800.0
2024-01-10,182.12955368013527,184.1548498527509,181.70472508990332,183.9473876953125,46792900.0
2024-01-11,184.293153408918,184.7970202008086,181.40832608034748,183.35459899902344,49128400.0
2024-01-12,183.81896194364214,184.49077939116623,182.95944565085554,183.68064880371094,40477800.0
2024-01-16,179.9659175831278,182.04061439740983,178.75072186869164,181.418212890625,65603000.0
2024-01-17,179.08665457169852,180.72664884969066,178.12833676151584,180.4796600341797,47317400.0
2024-01-18,183.8485869578717,186.86185345428623,183.59172402252184,186.35800170898438,78005800.0
2024-01-19,187.0495648712278,189.63800274105876,186.5457131326349,189.25270080566406,68903000.0
2024-01-22,189.98376623580117,192.9772689432648,189.94423959032406,191.5546112060547,60133900.0
2024-01-23,192.67105542323813,193.392258603415,191.49538615178406,192.82911682128906,42355600.0
2024-01-24,193.06620457832125,194.0146482092326,191.999211146671,192.15728759765625,53631300.0
2024-01-25,192.86863967517039,193.90599578100486,190.78405333725613,191.83128356933594,54822100.0
2024-01-26,191.93007928184088,192.41416772814074,189.6281416366758,190.10235595703125,44594000.0
2024-01-29,189.6972652775173,189.8849791703456,187.2965414692382,189.42063903808594,47145600.0
2024-01-30,188.6402109991027,189.48985326642097,185.21200447312103,185.77513122558594,55859400.0
2024-01-31,184.7871410441138,184.846431021382,182.12955411744667,182.17893981933594,55467800.0
2024-02-01,181.77390231724044,184.69824158324056,181.6059517240919,184.6093292236328,64885400.0
2024-02-02,177.6936236133024,185.07365019396582,177.09097033579843,183.61148071289062,102551700.0
2024-02-05,185.88377376602236,186.97053056814926,183.60159955655655,185.41943359375,69668800.0
2024-02-06,184.60931480628852,187.02980210381148,184.5204024536245,187.01992797851562,43490800.0
2024-02-07,188.3437817688575,188.74884702540382,186.33823388644547,187.12860107421875,53439000.0
2024-02-08,187.1088468471974,187.25703410679802,185.09342474162452,186.05174255371094,40962000.0
2024-02-09,186.61557552858977,187.94113632063826,185.97259122428568,186.8134307861328,45155200.0
2024-02-12,186.38806813077576,186.63537211912902,184.7756412965565,185.1317596435547,41781900.0
2024-02-13,183.76663306878044,184.20189045877694,181.53099558275042,183.04449462890625,56529500.0
2024-02-14,183.32148884677065,183.52921572281525,180.4725423642709,182.16409301757812,54630500.0
2024-02-15,181.57058851615943,182.50045391335385,179.39431647047905,181.8772430419922,65434500.0
2024-02-16,181.44199396902647,182.8565806751117,179.71086599707365,180.34396362304688,49752500.0
2024-02-20,179.82953567385852,180.4626331892475,178.05884601330092,179.60202026367188,53665600.0
2024-02-21,179.9779444437335,180.91769653606136,178.71174929095213,180.35385131835938,41371400.0
2024-02-22,181.50132758611662,182.9653779737103,180.49233824441416,182.38172912597656,52292200.0
2024-02-23,183.01485026342843,183.04452553646294,180.26483093781445,180.5517120361328,45119700.0
2024-02-26,180.27474556873526,180.78912706737802,178.70188051494486,179.20639038085938,40867400.0
2024-02-27,179.1470231922399,181.93660445629962,177.6236221032545,180.6605224609375,54318900.0
2024-02-28,180.54178846123017,181.14521076395337,178.1874648834917,179.4635467529297,48953900.0
2024-02-29,179.3151930681472,180.60117691942332,177.59395175081718,178.80079650878906,136682600.0
2024-03-01,177.61373507516265,178.58316252471684,175.46713817545924,177.72254943847656,73563100.0
2024-03-04,174.25036500096815,174.9922768844708,171.91581500377694,173.21170043945312,81510100.0
2024-03-05,168.91851326517738,170.18470849670402,167.79080766540406,168.28541564941406,95132400.0
2024-03-06,169.21526961759642,169.39333632878757,166.86093094295472,167.2961883544922,68587700.0
2024-03-07,167.32586658446218,168.88882954707424,166.67299554984157,167.177490234375,71765100.0
2024-03-08,167.17750030588184,171.82681238429842,167.11814976227143,168.8888397216797,76267000.0
2024-03-11,171.07499261235472,172.49946586057737,170.1945911039721,170.8870391845703,60139500.0
2024-03-12,171.2826925976477,172.15320724471903,169.16577160118817,171.36183166503906,59825400.0
2024-03-13,170.90682879160028,171.32229764254458,168.91849524765144,169.28451538085938,52488700.0
2024-03-14,171.0453430786352,172.43023944819464,170.19461671040915,171.13436889648438,72913500.0
2024-03-15,169.3240932528417,170.75845336914062,168.45357838204507,170.75845336914062,121752700.0
2024-03-18,173.67664359575858,175.79356502758816,171.64874797271588,171.84658813476562,75604200.0
2024-03-19,172.45986577296577,174.70538969378728,171.16399558905152,174.1811065673828,55215200.0
2024-03-20,173.82499582678088,176.74317932128906,173.2017850632652,176.74317932128906,53423100.0
2024-03-21,175.14068113790177,175.57593855649498,168.99764365136926,169.5219268798828,106181300.0
2024-03-22,169.90770741812418,171.18380430580046,168.22604350725265,170.42210388183594,71160100.0
2024-03-25,168.73057383883838,170.085794876263,167.6226416976105,169.00755310058594,54288300.0
2024-03-26,168.16671829054096,169.57140318495337,167.75124938607289,167.87985229492188,57388400.0
2024-03-27,168.5722593701728,171.72786002382026,168.2754916266955,171.44097900390625,60273300.0
2024-03-28,169.89782982249778,170.37264922530974,168.67119667981044,169.6307373046875,65672700.0
2024-04-01,169.3438746978549,169.40322523760474,167.65230884379906,168.19638061523438,46240500.0
2024-04-02,167.25662806803024,167.51381877100314,166.41578850586058,167.0192108154297,49329500.0
2024-04-03,166.969723660667,168.83934086761522,166.76199680113655,167.82044982910156,47691700.0
2024-04-04,168.4535689105981,170.06599565718972,166.9994354248047,166.9994354248047,53704400.0
2024-04-05,167.76110742740823,168.55248310289795,167.12800990586356,167.751220703125,42104800.0
2024-04-08,167.20716991074772,167.37533481002382,166.4256959559663,166.6334228515625,37425500.0
2024-04-09,166.8806999592474,168.24582257310013,166.5344834909376,167.84024047851562,42373800.0
2024-04-10,166.97963118021664,167.26649712267962,165.307854051912,165.9706268310547,49709300.0
2024-04-11,166.5246002673459,173.5678277091418,166.34654865134516,173.15234375,91070300.0
2024-04-12,172.38075949507746,176.43655077441642,172.33131077483722,174.6460723876953,101670900.0
2024-04-15,173.46890241983837,174.72521085075485,170.63974431610336,170.82769775390625,73531800.0
2024-04-16,169.89781183493915,171.88613013777277,166.45534511410173,167.55337524414062,73711200.0
2024-04-17,167.78093187309736,168.8097099054139,166.18829345703125,166.18829345703125,50901200.0
2024-04-18,166.21794611620325,166.8213684176903,164.75391081370103,165.23861694335938,43122900.0
2024-04-19,164.41758473594675,164.60552308162337,162.31054999578998,163.2206268310547,68149400.0
2024-04-22,163.73501821268977,165.45624419964858,162.99310629576294,164.0515594482422,48116400.0
2024-04-23,163.5668404824781,165.24850434331734,163.1414698344962,165.10011291503906,49537800.0
2024-04-24,164.74402954196006,167.47427542099652,164.4176015378687,167.19729614257812,48251800.0
2024-04-25,167.70177351115603,168.77012851479734,166.33665071301928,168.05789184570312,50558300.0
2024-04-26,168.04799015720317,169.49223681731962,167.35552700029277,167.4742431640625,44838400.0
2024-04-29,171.50034913417457,174.1316669492416,171.2332717193323,171.6289520263672,68169400.0
2024-04-30,171.46081207960546,173.1029142716877,168.1667209693098,168.4931640625,65934800.0
2024-05-01,167.75122238913238,170.84747276952126,167.28628974114312,167.4742431640625,50383100.0
2024-05-02,170.64962025703286,171.5498103000238,169.04709541575278,171.1640167236328,94214900.0
2024-05-03,184.63712970012278,184.98336128032037,180.69016817589636,181.40240478515625,163224100.0
2024-05-06,180.38352481626606,182.21356516877455,178.47433028646978,179.75042724609375,78569700.0
2024-05-07,181.47164781905605,182.9060078076493,179.36462828599997,180.43296813964844,77305800.0
2024-05-08,180.87813197889614,181.09576068278213,179.4932206728727,180.76931762695312,45057100.0
2024-05-09,180.5912561815798,182.66861565405213,180.14611203583203,182.57958984375,48983000.0
2024-05-10,183.15411695720846,183.34232534295325,180.41028294678514,181.32159423828125,50759500.0
2024-05-13,183.68899242379732,185.33332156582821,182.87672798687535,184.52105712890625,72044800.0
2024-05-14,185.73947897801656,186.52202806777518,184.5309973091758,185.6602325439453,52393600.0
2024-05-15,186.13568203158255,188.849800179078,185.6007724639543,187.9285888671875,70400000.0
2024-05-16,188.67151097089564,189.29556710780693,187.86916171755817,188.04745483398438,52845200.0
2024-05-17,187.72057759120682,189.00830557822601,187.39369174809892,188.07717895507812,41282900.0
2024-05-20,187.54226949481966,190.10781001398533,187.22528381236822,189.23611450195312,44361300.0
2024-05-21,189.28564024416437,190.91015403566988,189.11724727296848,190.53375244140625,42309400.0
2024-05-22,190.45451683728567,190.99932654838926,188.47340160760692,189.09744262695312,34648500.0
2024-05-23,189.17667916140735,189.1964945447871,184.86776283091424,185.1154022216797,51005900.0
2024-05-24,187.0370913918068,188.7804673088457,186.26444256610336,188.18612670898438,36327000.0
2024-05-28,189.70169698060212,191.17763337385156,187.31446444482384,188.19606018066406,52280100.0
2024-05-29,187.81963788738682,190.43470949642946,187.72057607583483,188.4932098388672,53068000.0
2024-05-30,188.9587703074631,190.36536034504638,188.83000809203267,189.4837646484375,49889100.0
2024-05-31,189.63238875486044,190.75172391208795,188.11683652121016,190.4347381591797,75158300.0
2024-06-03,191.07857147290113,193.14884852262287,190.7021698304424,192.19790649414062,50080500.0
2024-06-04,192.80214765697744,193.47573474401025,191.20734917579057,192.514892578125,47471400.0
2024-06-05,193.5549597642067,195.04079624688396,193.02996541617088,194.02052307128906,54156800.0
2024-06-06,193.8422122853953,194.64456149457678,192.3365605546928,192.6436309814453,41181800.0
2024-06-07,192.8120142553044,195.08039942896673,192.3068353639325,195.03086853027344,53103900.0
2024-06-10,195.04078477848907,195.4370168860641,190.3356361933404,191.29647827148438,97010200.0
2024-06-11,191.82150120872504,205.20394601258087,191.8017009364241,205.19403076171875,172373300.0
2024-06-12,205.41193016487838,218.1207863262847,204.94636687125956,211.05812072753906,198134300.0
2024-06-13,212.71235034689784,214.70336573665497,209.60200000148347,212.21707153320312,97862700.0
2024-06-14,211.8307711431916,213.13829945342002,209.30484597389386,210.48361206054688,70122700.0
2024-06-17,211.35527186274084,216.88258512602053,210.71141546378874,214.62411499023438,93728300.0
2024-06-18,215.53544497511416,216.56563344094587,210.9887887879192,212.2666015625,79943300.0
2024-06-20,211.90998899500866,212.2170745602359,206.87796947703916,207.7001190185547,86172500.0
2024-06-21,208.40341856791886,209.88925500861833,205.1543907600995,205.5308074951172,241805100.0
2024-06-24,205.75865018980198,210.69162338847192,204.63931513285507,206.1746826171875,80727000.0
2024-06-25,207.1751175381149,209.38407188516823,206.64022308060072,207.09588623046875,55549700.0
2024-06-26,209.5029135164035,212.8311873569971,208.65103345259956,211.23638916015625,66213200.0
2024-06-27,212.66284034706985,213.70292898101007,210.34493889866226,212.0784149169922,49772700.0
2024-06-28,213.7326216506115,214.0297919592074,208.31427026634478,208.63124084472656,82542700.0
2024-07-01,210.0873668962765,215.4561875080808,209.91897391071575,214.703369140625,60402900.0
2024-07-02,214.10903193760322,218.29910171758146,213.068958487467,218.1901397705078,58046200.0
2024-07-03,217.92268618597842,219.4580535888672,216.9618440422543,219.4580535888672,37369800.0
2024-07-05,219.55708698216947,224.3117665065084,219.55708698216947,224.2028045654297,60412400.0
2024-07-08,224.9457357840812,225.69856928044194,221.14199799041046,225.66885375976562,59085900.0
2024-07-09,225.77780318070188,227.23392416937492,224.23253562897796,226.52072143554688,48076100.0
2024-07-10,227.13486087511765,230.8791673967792,227.0853299721382,230.7801055908203,62627700.0
2024-07-11,229.2051258414663,230.19568345608255,223.63819688403007,225.42120361328125,64710600.0
2024-07-12,226.7584454352943,230.44332094014862,226.5207061684713,228.36314392089844,53046500.0
2024-07-15,234.24706826366577,234.9899864993383,230.88907844301437,232.18670654296875,62631300.0
2024-07-16,232.781045805997,234.03905824310993,230.1362587163494,232.60275268554688,43234300.0
2024-07-17,227.28342096445022,229.27445126202855,224.4999567390704,226.71881103515625,57345900.0
2024-07-18,228.10560948409145,228.26410233218343,220.17124832102243,222.06320190429688,66034600.0
2024-07-19,222.6971801635164,224.65848009632384,221.1717129043359,222.19198608398438,49151500.0
2024-07-22,224.86647978572938,225.62921338494564,220.98349573063444,221.8452911376953,48201800.0
2024-07-23,222.25140445670337,224.7971447504236,220.57735968997056,222.88536071777344,39960300.0
2024-07-24,221.88492258576645,222.67737176080064,215.07979609138368,216.47647094726562,61777600.0
2024-07-25,216.86276105080302,218.7646448818125,212.59346035218633,215.43637084960938,51391200.0
2024-07-26,216.6349653026102,217.41751434744816,213.97036267942912,215.90196228027344,41601300.0
2024-07-29,214.91139345300462,217.22929471632008,213.71281205128278,216.17930603027344,36311800.0
2024-07-30,217.1203409396055,218.24957609355639,214.07932159795172,216.73402404785156,41643800.0
2024-07-31,219.34907597117163,221.70660788092644,218.5467267386139,219.9830322265625,50036300.0
2024-08-01,222.2514024343897,222.36036437427163,214.97081319041698,216.29815673828125,62501000.0
2024-08-02,217.08069402896655,223.46980270062375,215.65430376795194,217.78399658203125,105568600.0
2024-08-05,197.21012147966275,211.4840610296135,194.14930192882554,207.29400634765625,119548600.0
2024-08-06,203.36150053141452,208.00721860156926,199.17144565753833,205.2732696533203,69660500.0
2024-08-07,204.94639470682978,211.62275945732517,204.4412156900116,207.83883666992188,63516400.0
2024-08-08,211.0977289070064,212.1774330540979,206.85814362500793,211.29583740234375,47161100.0
2024-08-09,210.09728825409005,214.7330909034816,209.96851092003678,214.1981964111328,42201600.0
2024-08-12,214.27755355785243,217.68900361003634,213.81145133020567,215.72543334960938,38028100.0
2024-08-13,217.19311098226797,220.04922365215182,217.19311098226797,219.4343719482422,44155300.0
2024-08-14,218.7401920302427,221.1797757696837,217.87739912826086,219.88064575195312,41960600.0
2024-08-15,222.73674376019267,223.480521824665,220.91199674154595,222.85574340820312,46414000.0
2024-08-16,222.0624088054674,224.94827173921567,221.7946444270254,224.17474365234375,44340200.0
2024-08-19,223.84747960195193,224.115243980586,221.18970440160442,224.0160675048828,40687800.0
2024-08-20,223.8970689622142,225.28544883578485,223.57971634413767,224.63092041015625,30299000.0
2024-08-21,224.64081959285892,226.08869912173634,223.1830133382552,224.5218048095703,34765500.0
2024-08-22,225.90029338876204,226.4457337259973,222.04256465043304,222.66734313964844,43695300.0
2024-08-23,223.78797197411373,226.32673228874265,222.46900358067504,224.9581756591797,38677300.0
2024-08-26,224.87883517993083,225.39452559231563,222.0326490158817,225.29534912109375,30602200.0
2024-08-27,224.12514736512034,226.95151036486342,223.02435510684418,226.1383056640625,35934600.0
2024-08-28,226.02921369079436,227.95312221094204,223.80779089178384,224.611083984375,38052200.0
2024-08-29,228.19113851748892,230.98773644426686,226.98125820388418,227.88369750976562,51906300.0
2024-08-30,228.28038060324323,228.4886300006117,225.59285569982603,227.10025024414062,52990800.0
2024-09-03,226.65400042223428,227.10026429068756,219.335218503661,220.9219512939453,50190600.0
2024-09-04,219.82114598403248,219.94014563997789,215.67581475954933,219.0178680419922,43840200.0
2024-09-05,219.79139340374425,223.60944526365165,219.6823053430495,220.53517150878906,36615400.0
2024-09-06,222.09215251756703,223.37145940933704,217.94683622588397,218.98812866210938,48423000.0
2024-09-09,218.98814282610013,219.4344067184307,214.91223769602945,219.077392578125,67180000.0
2024-09-10,217.10388142289187,219.6426417511051,214.9320468059923,218.2840118408203,51591000.0
2024-09-11,219.6228241682371,221.2392917639212,216.08243282408242,220.8128662109375,44587100.0
2024-09-12,220.6541869199912,221.69547936785247,217.9964268983011,220.9219512939453,37455600.0
2024-09-13,221.72521710949164,222.18139254741286,220.06907298412548,220.6541748046875,36766600.0
2024-09-16,214.74362792854853,215.4179946756504,212.14536768072225,214.5254669189453,59357400.0
2024-09-17,213.96016573653907,215.10061943149995,212.7205355758407,214.9915313720703,45519300.0
2024-09-18,215.745241460142,220.86243852013078,215.7353147340035,218.85919189453125,59894900.0
2024-09-19,223.12354184254357,227.91347512552952,222.76652771175563,226.97134399414062,66781300.0
2024-09-20,228.0622053540531,231.1563174701668,225.73169454082358,226.306884765625,318679900.0
2024-09-23,225.45401003818398,227.54650632766106,223.93670395169437,224.5912322998047,54146000.0
2024-09-24,226.75314473243895,227.44734973367454,223.85737047004787,225.4837646484375,43556100.0
2024-09-25,223.06400902085235,225.40443143928672,222.16156973744518,224.4920654296875,42308700.0
2024-09-26,225.41436171300208,226.60440369502516,223.54004142995942,225.63253784179688,36636700.0
2024-09-27,226.56473891662026,227.61594290444046,225.41435845997736,225.90028381347656,34026000.0
2024-09-30,228.1316114938428,231.0670623779297,227.7448474882838,231.0670623779297,54541900.0
2024-10-01,227.6159583693189,227.74486962890148,221.88390914906273,224.3334197998047,63285000.0
2024-10-02,224.0160654907427,225.48378349827837,221.16987922367838,224.898681640625,32880600.0
2024-10-03,223.27228007150777,224.928424248049,221.46738631978812,223.79788208007812,34044200.0
2024-10-04,226.00939895190598,226.10857543260985,222.27068471823083,224.9185333251953,37245100.0
2024-10-07,222.63759275105315,223.81772316941647,219.49389225502094,219.8509063720703,39505400.0
2024-10-08,222.43925780658088,224.10531361949606,221.3979653574062,223.89706420898438,31855700.0
2024-10-09,223.36151510273743,227.84402197002447,222.96483950692257,227.63575744628906,33591100.0
2024-10-10,225.89038125247495,227.59611368544336,225.28544108575701,227.13992309570312,28183500.0
2024-10-11,227.39777482080956,227.5068628874906,225.4540279414576,225.66229248046875,31759200.0
2024-10-14,226.80274288926017,229.8076053434174,226.70358155060512,229.3811798095703,39882100.0
2024-10-15,231.67201972311165,235.51983687729248,230.44230106244424,231.9100341796875,64751400.0
2024-10-16,229.67867825777722,230.1943535005289,227.93326933706737,229.857177734375,34082200.0
2024-10-17,231.49351658619665,231.91004568892726,228.6076687095473,230.22413635253906,32993800.0
2024-10-18,234.2206797118992,234.2206797118992,232.0686835146529,233.05047607421875,46431500.0
2024-10-21,232.5050454306036,234.88514457730523,232.5050454306036,234.51820373535156,36254500.0
2024-10-22,231.94969236544068,234.26036494372266,230.67040061866737,233.90335083007812,38846600.0
2024-10-23,232.13812257917175,233.18932661738793,225.87054472777703,228.8456573486328,52287000.0
2024-10-24,228.07212485007065,228.90516786821388,226.51515714412935,228.65724182128906,31109500.0
2024-10-25,227.83412074973037,231.28524701350278,227.665532857223,229.49026489257812,38802300.0
2024-10-28,231.38442210065006,232.78271346714027,230.62080565968694,231.4637451171875,36087100.0
2024-10-29,231.1662428522856,232.38603471678388,230.39271482775456,231.73150634765625,35417200.0
2024-10-30,230.68031899274527,231.53318522639518,227.64570650368097,228.19114685058594,47070900.0
2024-10-31,227.43742665071557,227.92336713292326,223.5003599556127,224.035888671875,64370100.0
2024-11-01,219.13688241025088,223.4805517303345,218.44269248362247,221.060791015625,65276700.0
2024-11-04,219.1567312107691,220.94178678396568,217.88735096075072,220.1682586669922,44944500.0
2024-11-05,219.9599923572388,222.09215031274817,219.3054639601429,221.59629821777344,28111300.0
2024-11-06,220.76327216240406,224.19457534628128,219.35505401685137,220.8723602294922,54561100.0
2024-11-07,222.76650205936048,225.98954046008802,222.70700223311508,225.5928497314453,42137700.0
2024-11-08,225.5332770864524,227.0125473442273,224.7787582103861,225.32479858398438,38328800.0
2024-11-11,223.37892800863307,224.07388164377818,219.90414468405433,222.61447143554688,42005600.0
2024-11-12,222.9321731823864,223.96467356190874,221.75074442821315,222.61447143554688,40398300.0
2024-11-13,222.39605879884869,225.01703765642938,221.15506473467502,223.49806213378906,48566200.0
2024-11-14,223.398802697962,227.22105551450989,223.3789425502784,226.57574462890625,44923900.0
2024-11-15,224.76884409236825,225.28510187679902,222.65420045885568,223.37893676757812,47923700.0
2024-11-18,223.62711979019133,228.08477571151616,223.54769435597734,226.37716674804688,44633700.0
2024-11-19,225.34466282087314,228.50175961033486,225.02697621656037,226.6352996826172,36211800.0
2024-11-20,226.4168677573381,228.2733899080337,224.2625040209905,227.35009765625,35169600.0
2024-11-21,227.23101840393122,228.50179531746866,224.08385877049426,226.8736114501953,42108300.0
2024-11-22,226.41689485035167,229.05773399756174,226.41689485035167,228.21385192871094,38168300.0
2024-11-25,229.79240040372403,231.5694972757357,228.08479132337303,231.19223022460938,90152800.0
2024-11-26,231.6489234928732,233.87279036398945,231.6489234928732,233.366455078125,45986200.0
2024-11-27,232.78071887838198,233.99193037541463,232.125470334311,233.23739624023438,33498400.0
2024-11-29,233.11825362062933,236.0966394139658,232.28430923421996,235.62010192871094,28481400.0
2024-12-02,235.56052304560976,239.05515126765505,235.45131496686756,237.86380004882812,48137100.0
2024-12-03,238.0822139315433,241.01095673492534,237.17876666593097,240.90174865722656,38861000.0
2024-12-04,241.12019505186365,242.35126670496282,239.5118714775545,241.25918579101562,44383900.0
2024-12-05,242.2321233137982,242.77814859306412,240.38552350615552,241.28895568847656,40033900.0
2024-12-06,241.15989600483465,242.86750503393802,240.33587413565135,241.09039306640625,36870600.0
2024-12-09,240.08766321596437,245.4586888430206,240.00823778270345,244.9722137451172,44649200.0
2024-12-10,245.11121388943334,246.4217108653419,243.57237825215392,245.98487854003906,36914800.0
2024-12-11,246.17352158557497,248.9930565140259,244.48575750906295,244.714111328125,45205800.0
2024-12-12,245.11122473397327,246.9479020514793,243.9099357862414,246.17352294921875,32777500.0
2024-12-13,246.03453629863122,247.4939314395242,244.46591792091505,246.34230041503906,33155300.0
2024-12-16,246.20329464964811,249.56886987487528,245.86573275817128,249.23130798339844,51694800.0
2024-12-17,248.2782345553336,252.0012166921119,247.98039295462073,251.6537322998047,51356400.0
2024-12-18,250.34326772719038,252.4479889260113,245.95511429725673,246.26287841796875,56774100.0
2024-12-19,245.71684652457995,250.18442555229956,245.3097967996626,247.99034118652344,60882300.0
2024-12-20,246.2529371403228,253.16279902630112,243.919877297432,252.65647888183594,147495300.0
2024-12-23,252.93444954402884,253.80809906094288,251.62395254537785,253.43084716796875,40858800.0
2024-12-24,253.64924013847912,256.34962902881983,253.45066898797964,256.3397216796875,23234700.0
2024-12-26,256.329771467171,258.2260137599804,255.77380863027113,257.1537780761719,27237100.0
2024-12-27,255.97238682838486,256.836144148833,251.2367643772991,253.74853515625,42355300.0
2024-12-30,250.4127477342041,251.67360197393796,248.9434149702759,250.38296508789062,35557500.0
2024-12-31,250.62123433005314,251.45517870098834,247.63291094425557,248.61578369140625,39480700.0
2025-01-02,247.1365264348607,247.3053149666319,240.07776640397734,242.0931396484375,55740700.0
2025-01-03,241.60665893554688,242.42074318433572,240.14724866814672,241.60665893554688,40244100.0
2025-01-06,242.54980162717402,245.54804748087855,241.4477983095151,243.23483276367188,45045600.0
2025-01-07,241.22939201717418,243.78088314896328,239.61114601786818,240.46495056152344,40856000.0
2025-01-08,240.17702168463396,241.95413364050106,238.32049944087447,240.95140075683594,37628900.0
2025-01-10,238.28077607985776,238.42970445265777,231.32128701842691,235.1435546875,61710900.0
2025-01-13,231.84748509521594,232.9792711307645,228.06493742769467,232.71121215820312,49630700.0
2025-01-14,233.05869925952226,234.41882398797216,230.79512716232853,231.5992889404297,39435300.0
2025-01-15,232.94947976770305,237.2383625727966,232.74098609709984,236.1562042236328,39832000.0
2025-01-16,235.63995285298606,236.29518618874627,226.38709407905125,226.6154327392578,71759100.0
2025-01-17,230.44764042021458,230.6164138035219,226.833866130533,228.32305908203125,68488300.0
2025-01-21,222.38615194982364,222.80312416686704,217.79944241349193,221.03594970703125,98070400.0
2025-01-22,218.2064601780486,222.5052654056773,218.2064601780486,222.2173614501953,64126500.0
2025-01-23,223.12080464680741,225.39429904989126,220.69838187044374,222.048583984375,60234800.0
2025-01-24,223.16054806888465,224.0044302156618,219.814832429481,221.17495727539062,54697900.0
2025-01-27,222.40601266103107,230.47742834163907,222.36629236472388,228.2039337158203,94863400.0
2025-01-28,229.18676497700815,238.45946798321202,229.14704468790418,236.54336547851562,75707600.0
2025-01-29,232.43321505583046,238.1318651456976,232.3240069742682,237.63546752929688,45486100.0
2025-01-30,236.95045561956258,239.05517683623282,235.50098294542886,235.87823486328125,55658300.0
2025-01-31,245.40906406001392,245.40906406001392,231.75812916176676,234.2996826171875,100959800.0
2025-02-03,228.33297872450572,230.15971829856622,224.0738787357251,226.3672332763672,73063300.0
2025-02-04,225.61273982041166,231.45038123633566,225.01705656002386,231.1227569580078,45067300.0
2025-02-05,226.88350440739822,230.99367626573292,226.625383087866,230.7951202392578,39620300.0
2025-02-06,229.62360070928509,232.11552641696264,228.76979621063217,231.53970336914062,29925300.0
2025-02-07,230.9241838961893,232.31409120281862,225.62264568638093,225.989990234375,39707200.0
2025-02-10,228.16660736242451,229.1803610121675,225.81108525741098,226.25833129882812,33115600.0
2025-02-11,226.8049592810601,233.7919821040532,226.7353950927951,231.19793701171875,53718400.0
2025-02-12,229.7866449882993,235.5114431570428,229.2698195612854,235.42198181152344,45243300.0
2025-02-13,235.46171484030373,240.85851264219508,234.12991022790982,240.053466796875,53614100.0
2025-02-14,239.77519417214083,244.04891051069433,239.51678905976664,243.10472106933594,40896200.0
2025-02-18,242.65748906255496,243.68119139214684,240.36161266967392,242.9755401611328,48822500.0
2025-02-19,243.16433914739287,244.50607717853558,241.67350900245088,243.373046875,32204200.0
2025-02-20,243.4426355672204,245.27138364211797,242.7966000469895,244.3271942138672,32316900.0
2025-02-21,244.44646835255205,247.16972378813352,243.72093519653038,244.04891967773438,53197400.0
2025-02-24,243.43269920852308,247.33868242018207,242.92582237394555,245.58944702148438,51326400.0
2025-02-25,246.48393846255715,248.47171215983582,243.41283173998391,245.52980041503906,48013300.0
2025-02-26,242.83635669602367,243.48237703128345,237.66814851741972,238.890625,44433600.0
2025-02-27,237.94643641845556,240.97779411500133,235.61079643123784,235.84933471679688,41153600.0
2025-02-28,235.5014815283524,240.61005923211764,228.7927454203557,240.36158752441406,56833400.0
2025-03-03,240.31186830369816,242.53818006191796,234.66659889731284,236.57485961914062,47184000.0
2025-03-04,236.2568645897131,238.60243830930253,233.24537329325,234.48773193359375,53798100.0
2025-03-05,233.98083809185871,235.1039350742086,227.82867612475383,234.29888916015625,47227600.0
2025-03-06,233.00682927336524,236.4059203890797,231.73465535282332,233.89138793945312,45170400.0
2025-03-07,233.67273718007357,239.89446338205195,233.32487071745646,237.60853576660156,46273600.0
2025-03-10,234.10008031193473,234.71630041445476,222.84929009717774,226.08935546875,72071200.0
2025-03-11,222.4418047589131,224.4593937721428,216.1206840338927,219.48995971679688,76137400.0
2025-03-12,218.79423505763873,220.39439337943787,213.59621144659917,215.65354919433594,62547500.0
2025-03-13,214.62983690242842,215.51439548794804,207.14587101812543,208.39816284179688,61368300.0
2025-03-14,209.9585940343847,212.64208545758027,208.2988048386841,212.18490600585938,60107600.0
2025-03-17,212.00600336087763,213.9043309003415,208.68642489319868,212.69178771972656,48073400.0
2025-03-18,212.85080057479257,213.83473880015984,210.19712464056028,211.38978576660156,42432400.0
2025-03-19,212.91042558181826,217.42266485537363,212.44329758558237,213.9241943359375,54385400.0
2025-03-20,212.6818400591608,216.16044383082547,210.9226561911479,212.79116821289062,48862900.0
2025-03-21,210.26669685360034,217.5021918152461,209.9884097524224,216.93568420410156,94127800.0
2025-03-24,219.64899945464327,220.1260609084734,217.24379503613238,219.38064575195312,44299500.0
2025-03-25,219.42039321145907,222.7300380772677,218.73460889257407,222.38217163085938,34493600.0
2025-03-26,222.1436270366165,223.64440576884627,219.12221792138408,220.1757354736328,34466100.0
2025-03-27,220.03659916949772,223.61459773398053,219.21167130142226,222.4815673828125,37094800.0
2025-03-28,220.31488968867507,222.44180687800483,216.34927581514728,216.56793212890625,39818600.0
2025-03-31,215.683368745432,224.24073468961828,214.90813825561798,220.77207946777344,65299300.0
2025-04-01,218.46626491168394,222.31260214779184,217.5618242432653,221.8256072998047,36412700.0
2025-04-02,219.9670353213626,223.8133724100327,219.66886624627372,222.5213165283203,35905900.0
2025-04-03,204.2835010267849,206.22159255986557,200.01973301812973,201.9478759765625,103419000.0
2025-04-04,192.70471987275084,198.65810753704542,186.19475800144227,187.22840881347656,125910900.0
2025-04-07,176.1167553732534,192.96313526897592,173.55252535537636,180.35072326660156,160466300.0
2025-04-08,185.55866963100107,189.17641711488596,168.175598539417,171.365966796875,120859500.0
2025-04-09,170.89883496621582,199.38363475051753,170.83920418374143,197.6343994140625,184395900.0
2025-04-10,187.9141974958541,193.5892830219747,181.88129692496375,189.2559356689453,121880000.0
2025-04-11,184.96233608452022,198.32016168749274,184.92257212057936,196.93865966796875,87435900.0
2025-04-14,210.14743595954587,211.63826622013798,199.9302804535287,201.28196716308594,101352900.0
2025-04-15,200.6259945192588,202.26590170954893,198.57859009217825,200.90428161621094,51343900.0
2025-04-16,197.1473909296092,199.47308245703653,191.19400339685228,193.0823974609375,59732400.0
2025-04-17,195.99447418061752,197.61451451967758,193.2314700862815,195.77581787109375,52164700.0
2025-04-21,192.08851517151226,192.6152739871965,188.64966000796989,191.97918701171875,46742500.0
2025-04-22,194.92107095045932,200.35763286451953,194.7719939992729,198.51895141601562,52976400.0
2025-04-23,204.7406939661261,206.72846769395255,201.56025903470575,203.34925842285156,52929200.0
2025-04-24,203.63746952607698,207.55338601533765,201.69939326414854,207.09619140625,47311000.0
2025-04-25,205.10841141990002,208.46775361357263,204.9394524859384,208.00062561035156,38222300.0
2025-04-28,208.71621839949725,210.2070485309222,206.19175271644127,208.85536193847656,38743100.0
2025-04-29,207.41425458581946,210.94255602883885,207.096203506044,209.91885375976562,36827600.0
2025-04-30,208.02050829648644,212.2743425468257,205.40658118436113,211.20094299316406,52286500.0
2025-05-01,207.80187477964563,213.2483707428857,207.62296725165953,212.01596069335938,57365700.0
2025-05-02,204.8301167579532,205.72462393265195,200.92414910817757,204.0946502685547,101010600.0
2025-05-05,201.85841873478097,202.85230555244996,196.99831280299983,197.6741485595703,69018500.0
2025-05-06,196.9983091053983,199.42338015596502,195.81558138809015,197.2964630126953,51216500.0
2025-05-07,197.95242524507105,198.22077891807172,192.0686174137577,195.05027770996094,68536700.0
2025-05-08,196.51130456752412,198.82706269335065,193.48988012199126,196.28271484375,50478900.0
2025-05-09,197.7834732241415,199.31405222350435,196.3323918231404,197.31634521484375,36453900.0
2025-05-12,209.95526516858178,210.2538252478288,205.75556156059073,209.776123046875,63775800.0
2025-05-13,209.41787763911134,212.37359390520234,207.9947628663851,211.90585327148438,51909300.0
2025-05-14,211.4082104531309,212.91095711473224,209.5671180117484,211.30870056152344,49325800.0
2025-05-15,209.9353425862246,211.9356843489774,208.5321209406448,210.4329376220703,45029500.0
2025-05-16,211.33858120774948,211.54757782116647,208.7610423595207,210.24386596679688,54737900.0
2025-05-19,206.9100072183761,208.47244800462508,203.27755371752323,207.77581787109375,46140500.0
2025-05-20,206.6711222878563,207.46727738969238,204.04382108157407,205.86502075195312,42496600.0
2025-05-21,204.1831685508297,206.04416933851562,199.74462882701684,201.11798095703125,59211800.0
2025-05-22,199.7446272097534,201.77480849030061,198.7394754118135,200.39149475097656,46742400.0
2025-05-23,192.73846975457602,196.74908474491085,192.52948833207407,194.33078002929688,78432900.0
2025-05-27,197.34620772495165,199.77447409530296,196.48038197740732,199.2470245361328,56288500.0
2025-05-28,199.6252046868552,201.75491117265972,198.93852099816252,199.45602416992188,45339700.0
2025-05-29,202.60079553265004,202.8296849960031,197.55517460719432,198.98825073242188,51396800.0
2025-05-30,198.41106448584634,200.98861863398105,195.8335255231089,199.8839569091797,70819900.0
2025-06-02,199.31670530145792,201.15781336810346,199.1574712143689,200.72987365722656,35423300.0
2025-06-03,200.38153417950807,202.78989241693247,199.99341064507593,202.29229736328125,46381600.0
2025-06-04,201.93404589483336,205.24803106286797,201.12794426741362,201.844482421875,43604000.0
2025-06-05,202.52119947175674,203.76518718349973,199.18730633012683,199.66500854492188,55126100.0
2025-06-06,202.023590138985,204.71060036976428,201.0781625818177,202.9391632080078,46607700.0
2025-06-09,203.4069099948636,205.0091667110405,199.05793398755327,200.48104858398438,72862600.0
2025-06-10,199.63515466910712,203.36711781582227,199.60530017876516,201.6951904296875,54672600.0
2025-06-11,202.5211970741936,203.51638723180633,197.45568281643992,197.8238983154297,60989900.0
2025-06-12,198.12246436103902,198.71956936233477,196.4107360236097,198.24188232421875,43904600.0
2025-06-13,198.769334334526,199.40625545491926,194.7587190445596,195.50511169433594,51447300.0
2025-06-16,196.35101387226533,197.73432753277095,195.61456771612566,197.4656219482422,43020700.0
2025-06-17,196.25149936947125,197.4357781067605,194.27108064091922,194.69900512695312,38856200.0
2025-06-18,194.9975394291991,196.61970405840015,194.1317289512304,195.63446044921875,45394700.0
2025-06-20,197.28651411005004,200.72986375748766,195.9131467510872,200.03323364257812,96813500.0
2025-06-23,200.6602023375907,201.3269779408771,198.00304635957568,200.53082275390625,55814300.0
2025-06-24,201.61558786363426,202.4615056450935,199.2370837881713,199.33660888671875,54064000.0
2025-06-25,200.4810436177515,202.6903668657116,199.65503400834336,200.59051513671875,39525700.0
2025-06-26,200.461158146952,201.66534499125092,198.5006473897771,200.03323364257812,50799100.0
2025-06-27,200.91895566349635,202.24256049649406,199.03804672932017,200.11285400390625,73188600.0
2025-06-30,201.03836190454115,206.39248990855162,198.3015889216639,204.18316650390625,91912800.0
2025-07-01,205.6759415551798,209.17901505124104,205.1484920031366,206.82041931152344,78788900.0
2025-07-02,207.90519262679368,212.31387801499196,207.13889190503232,211.418212890625,67941800.0
2025-07-03,211.12959751601144,213.61757304735917,210.79123648824356,212.5228729248047,34955800.0
2025-07-07,211.65705062020388,215.18997897032483,207.7957228576545,208.940185546875,50229000.0
2025-07-08,209.08944131875765,210.41303075844314,207.447368579945,208.99986267089844,42848900.0
2025-07-09,208.52217876921287,210.3135239719546,206.22329208627588,210.1244354248047,48749400.0
2025-07-10,209.49748097232364,212.45319704499605,209.0197939340788,211.3883514404297,44443600.0
2025-07-11,209.55718962168862,211.1096837700706,208.85059795908091,210.14434814453125,39765800.0
2025-07-14,208.92027389637033,209.89557123752414,206.54176989733165,207.6165771484375,38840100.0
2025-07-15,208.2137043224775,210.8708604550018,207.915144211828,208.10423278808594,42296300.0
2025-07-16,209.28849593835915,211.37838618562168,207.63647661047767,209.149169921875,47490500.0
2025-07-17,209.55721484346458,210.78129457926272,208.5819174807461,209.00985717773438,48068100.0
2025-07-18,209.85573909301036,210.77131219576944,208.69136845628208,210.16424560546875,48974600.0
2025-07-21,211.07983063398711,214.74212298846783,210.61209006251647,211.45799255371094,51377400.0
2025-07-22,212.11484021935428,213.91613206526756,211.20921348603295,213.3687744140625,46404100.0
2025-07-23,213.96588230147148,214.11515474984876,211.38834345684663,213.11996459960938,46989300.0
2025-07-24,212.87116805528336,214.65256693634578,212.50295255730364,212.73184204101562,46022600.0
2025-07-25,213.6673206036272,214.2047317845148,212.37357038101962,212.8512725830078,40268800.0
2025-07-28,213.00055398053098,213.81661722083774,212.03521828670327,213.0204620361328,37858000.0
2025-07-29,213.14982178903043,213.7767964509494,209.80599741985404,210.2538299560547,51411700.0
2025-07-30,210.88077731884883,211.36842593737322,206.72088996610802,208.04449462890625,45512500.0
2025-07-31,207.4872131893059,208.83071086700429,206.1636083824018,206.57164001464844,80698400.0
2025-08-01,209.85574027592583,212.5527122409286,200.53081350952442,201.40658569335938,104434500.0
2025-08-04,203.52634207300898,206.88014336875773,200.70995198839026,202.37193298339844,75109300.0
2025-08-05,202.42165671427045,204.35232790405936,201.18763073057525,201.9439697265625,44155100.0
2025-08-06,204.6409599471833,214.3440641251077,204.60114383647723,212.22430419921875,108483100.0
2025-08-07,217.82723230897543,219.78775818606874,215.53829184895108,218.97169494628906,90224800.0
2025-08-08,219.76784743364436,229.88892965735022,218.19544514014734,228.2468719482422,113854000.0
2025-08-11,227.08115402328403,228.71511750604432,223.9327805410339,226.3438720703125,61806100.0
2025-08-12,227.17083074525974,229.95057099439725,226.23430307406312,228.80479431152344,55626200.0
2025-08-13,230.21959074533873,234.13511970527446,229.5819315694875,232.4712677001953,69878500.0
2025-08-14,233.1985820425246,234.2546784716922,230.00040438081015,231.9232940673828,51916300.0
2025-08-15,233.13880497436926,233.41777326838445,228.4959516198378,230.7376708984375,56038700.0
2025-08-18,230.8472385776313,232.26201052585682,229.26309412883964,230.04022216796875,37476200.0
2025-08-19,230.42880766374827,232.0129522601839,228.50591803460907,229.71145629882812,39402600.0
2025-08-20,229.1335667246527,229.6217687789582,224.93906991665554,225.1781768798828,42263900.0
2025-08-21,225.43724912794482,225.68632903786573,222.9564077521854,224.07228088378906,30621200.0
2025-08-22,225.3376235225593,228.24687520672327,224.58042602754637,226.92176818847656,42477800.0
2025-08-25,225.6464693442017,228.45609804536198,225.3973894325087,226.323974609375,30983100.0
2025-08-26,226.03501179732243,228.64537936019502,223.8630424721864,228.46603393554688,54575100.0
2025-08-27,227.7686378094015,230.05020313892598,227.41991984776428,229.6417236328125,31259500.0
2025-08-28,229.9704999102399,232.55096405412047,228.4959359400532,231.70408630371094,38074700.0
2025-08-29,231.65426265633033,232.52107103838586,230.51845893056873,231.28562927246094,39418400.0
2025-09-02,228.4062708029861,230.00038826150748,226.1346633063032,228.87454223632812,44075600.0
2025-09-03,236.33697373754433,237.9709372370204,233.49745685978084,237.5923309326172,66427800.0
2025-09-04,237.57239985348932,239.0170601981439,235.8687018920251,238.8975067138672,47549400.0
2025-09-05,239.1167027112504,240.43185187342493,237.61226559630578,238.80784606933594,54870400.0
2025-09-08,238.41928864081726,239.2661511981365,235.47017586985078,237.0045166015625,48999500.0
2025-09-09,236.12774389612645,237.90119155812317,232.5011411802574,233.4875030517578,66313900.0
2025-09-10,231.3354417686907,231.56459101144756,225.11840222253522,225.95530700683594,83440800.0
2025-09-11,226.04500979013486,229.60186307827533,225.81584532196928,229.18341064453125,50208600.0
2025-09-12,228.37638560886936,233.6469097348115,228.17712472443904,233.2085418701172,55824200.0
2025-09-15,236.12775635652346,237.31337916896246,234.16500543557729,235.828857421875,42699500.0
2025-09-16,236.30708253667353,240.33222235518573,235.45026224943368,237.2735137939453,63421100.0
2025-09-17,238.09051246512186,239.21635855568803,236.85507060288438,238.11044311523438,46508000.0
2025-09-18,239.08682096339746,240.31228984200703,235.77903252032195,237.0045166015625,44249600.0
2025-09-19,240.34217704154452,245.3935247988757,239.32594197772087,244.59646606445312,163741300.0
2025-09-22,247.38616206443075,255.69547916115815,247.2068166293636,255.13751220703125,105517400.0
2025-09-23,254.9382669065294,256.3928850249964,252.64672876089196,253.49359130859375,60275200.0
2025-09-24,254.2807025242173,254.79879299943292,250.11607847800005,251.38140869140625,42303700.0
2025-09-25,252.27808820484515,256.22352044118514,250.7836088309123,255.9246063232422,55202100.0
2025-09-26,253.16481067495934,256.6519291955366,252.84598111295833,254.51980590820312,46076300.0
2025-09-29,253.62311772285494,254.06150078407975,252.07881928540593,253.49359130859375,40127700.0
2025-09-30,253.92202035086734,254.97811672142575,252.17846100632588,253.69287109375,37704300.0
2025-10-01,254.10134722927504,257.83756097799323,253.9917514638179,254.5098419189453,48713900.0
2025-10-02,255.63566078088252,257.229778167004,253.21461153357077,256.18365478515625,42630200.0
2025-10-03,253.73271197999827,258.2858846694617,253.01536064819075,257.07037353515625,49155600.0
2025-10-06,257.0404883747525,258.1165305885388,254.1113214696764,255.7452850341797,44664100.0
2025-10-07,255.86485915808862,256.4526841311554,254.48993311029045,255.5360870361328,31955800.0
2025-10-08,255.5758888188916,257.56852798749276,255.16739414069707,257.1102294921875,36496900.0
2025-10-09,256.86113993459566,257.0504430809132,252.20832947523735,253.10501098632812,38322000.0
2025-10-10,254.00171816056968,255.436420799504,243.10197943699816,244.3673095703125,61999100.0
2025-10-13,248.46219085423505,248.7710475029622,244.6562426215344,246.74851989746094,38142900.0
2025-10-14,245.69241642712313,247.93413549962378,243.79940008876653,246.8581085205078,35478000.0
2025-10-15,248.57178982967116,250.89321639065437,246.559219921403,248.42233276367188,33893600.0
2025-10-16,247.33635013275978,248.1234359576197,244.22783772705108,246.53929138183594,39777000.0
2025-10-17,247.1072067041429,252.4474806979352,246.3599669580113,251.36148071289062,49147000.0
2025-10-20,254.94822099113512,263.4069798400544,254.68918336894043,261.27484130859375,90483000.0
2025-10-21,260.9161783410852,264.3136317818121,260.86634411857244,261.8028869628906,46695900.0
2025-10-22,261.68336485657886,261.882640960004,254.48993535873984,257.49884033203125,45015300.0
2025-10-23,258.9833552231903,259.66084534801524,257.06046542540827,258.6246643066406,32754900.0
2025-10-24,260.2287163700197,263.15789839957887,258.22610426270086,261.85272216796875,38253700.0
2025-10-27,263.90514984178776,268.1295353654346,263.67598537979285,267.8206787109375,44888200.0
2025-10-28,268.00000632210845,268.89671830922975,267.1631014853557,268.0099792480469,41534800.0
2025-10-29,268.28892986747474,270.4110953948544,266.1269030442272,268.7073974609375,51086700.0
2025-10-30,270.98897852374654,273.131090148023,267.49191714200913,270.4011535644531,69886500.0
2025-10-31,275.97053891965146,276.29934139392066,268.1693703205502,269.3749084472656,86167100.0
2025-11-03,269.42476736726525,269.8531775103368,265.2701011373342,268.0597839355469,50194600.0
2025-11-04,267.3424445625432,270.49081837885313,266.6350661079627,269.0461730957031,49274800.0
2025-11-05,267.6213843438783,270.70003856307255,265.94757476828966,269.1457824707031,43683100.0
2025-11-06,266.90407480138714,272.3937751745226,266.90407480138714,268.7771301269531,51204000.0
2025-11-07,268.8069946610708,271.28785094446636,265.78814772800683,267.4819030761719,48227400.0
2025-11-10,268.2298525605972,272.98692304032335,266.733924572705,268.6985778808594,41312400.0
2025-11-11,269.07757258136417,275.16101963639426,269.0675899882029,274.5028076171875,46208300.0
2025-11-12,274.2535373864602,274.9815668240292,270.96250711171905,272.7276916503906,48398000.0
2025-11-13,273.3658696206449,275.9488654308047,271.3513641926929,272.20904541015625,49602800.0
2025-11-14,270.31420819279356,275.21088338895913,268.8681625557137,271.6705322265625,47431300.0
2025-11-17,268.09027174019775,269.7557213346742,265.00866346949266,266.73394775390625,45018300.0
2025-11-18,269.25705465795,269.97510130800674,264.59974924229334,266.7139892578125,45677300.0
2025-11-19,264.80921977983166,271.47107967039307,264.77930243197466,267.83099365234375,40424500.0
2025-11-20,270.09480618650156,274.68232536305425,265.1981613886433,265.5272521972656,45823600.0
2025-11-21,265.2280517805383,272.5879921198442,264.9488130991126,270.75299072265625,59030800.0
2025-11-24,270.164627965921,276.24807542504453,270.164627965921,275.1710205078125,65585800.0
2025-11-25,274.52274228722064,279.6188865292943,274.5028075356392,276.2181396484375,46914200.0
2025-11-26,276.2082055022192,278.7712367451818,275.8791146523587,276.7966003417969,33431400.0
2025-11-28,276.50736791500816,278.242634823177,275.2407959413455,278.0930480957031,20135600.0
2025-12-01,277.2553332443013,282.65065109438723,275.3904143522869,282.3315124511719,46587700.0
2025-12-02,282.231773534172,286.619823290159,281.86278279875575,285.4131164550781,53669500.0
2025-12-03,285.4231155973949,287.8365294074879,282.5309633672564,283.378662109375,43538700.0
2025-12-04,283.3287830094401,283.95707766942763,277.83373081751637,279.9380187988281,43989100.0
2025-12-05,279.77845592816414,280.37683325787106,277.2951945750906,278.0232238769531,47265800.0
2025-12-08,277.374989388386,278.9108174051644,275.4003533668138,277.1356506347656,38211800.0
2025-12-09,277.40493251311347,279.2698514894354,276.16830825817004,276.4275817871094,32193300.0
2025-12-10,276.9960211276047,278.9905919368044,275.68957968235776,278.0232238769531,33038300.0
2025-12-11,278.34237127554803,278.8310314000742,273.0667227973629,277.2752685546875,33248000.0
2025-12-12,277.14559334691864,278.4620173164318,276.06853855760204,277.5245666503906,39532900.0
2025-12-15,279.3894873363706,279.3894873363706,272.0993337942639,273.3658752441406,50409100.0
2025-12-16,272.07941349564567,274.752131096348,271.0522107383373,273.8645324707031,37648600.0
2025-12-17,274.2634587890498,275.41033087528734,270.9026119684932,271.10205078125,50138700.0
2025-12-18,272.8672697170699,272.88723490520505,266.22537510199504,271.4511413574219,51630700.0
2025-12-19,271.4112306527045,273.8545921928022,269.1673383776201,272.9271240234375,144632000.0
2025-12-22,272.1192896847017,273.13654030849926,269.7756932559407,270.23443603515625,36571800.0
2025-12-23,270.1048034873943,271.7603010837797,268.8282792538215,271.62066650390625,29642000.0
2025-12-24,271.60070067851706,274.6823088952694,271.46109654935304,273.06671142578125,17910600.0
2025-12-26,273.4158142002898,274.6225212124231,272.1193247047194,272.6578674316406,21521800.0
2025-12-29,271.9497734782625,273.61522314661676,271.6107000753325,273.0168762207031,23715200.0
2025-12-30,272.06942798009953,273.3359694836473,271.54086793463244,272.33868408203125,22139600.0
2025-12-31,272.3187639976345,272.9370761103812,271.0123224859311,271.12200927734375,27293600.0
2026-01-02,271.52095990203577,277.0857995993762,268.26979943372277,270.27435302734375,37838100.0
2026-01-05,269.9053759278346,270.7730094869922,265.41759095171795,266.5345458984375,45647200.0
2026-01-06,266.27524679504927,266.8237416838396,261.4084883511094,261.6478271484375,52352100.0
2026-01-07,262.485556491205,262.96423405428067,259.10474402829175,259.6233215332031,48309800.0
2026-01-08,256.3222864925608,258.58614386359903,255.00587765735156,258.3368225097656,50419300.0
2026-01-09,258.3767027680543,259.5036402038468,255.52448097015204,258.6659240722656,39997000.0
2026-01-12,258.45648066308013,260.5906555331263,256.1028713590674,259.54351806640625,45263800.0
2026-01-13,258.01770778709204,261.0993163539261,257.68861696081353,260.34136962890625,45730800.0
2026-01-14,258.78557762508564,261.1092696408236,256.0131254420647,259.2543029785156,40019400.0
2026-01-15,259.94247342351326,260.3314293980394,256.35223934409396,257.50909423828125,39388600.0
2026-01-16,257.1998957308392,258.1971811198186,254.23795690818102,254.83633422851562,72142800.0
2026-01-20,252.04394930256512,254.09835490933511,242.75922413209136,246.0303192138672,80267500.0
2026-01-21,248.02489020045314,250.87712721718017,244.51444112970407,246.9777374267578,54641700.0
2026-01-22,248.52352576906395,250.31864258405668,247.47637302553753,247.67584228515625,39708300.0
2026-01-23,246.64863719927277,248.73296007338791,244.0157890837153,247.36666870117188,41689000.0
2026-01-26,250.7973501838168,255.86356228737432,249.121917868832,254.71669006347656,55969200.0
2026-01-27,258.4664899667647,261.2389423700868,257.5090739976807,257.56890869140625,49648300.0
2026-01-28,256.9505880888889,258.1572949521919,253.81911240916085,255.74388122558594,41288000.0
2026-01-29,257.29964922744847,258.94516415300217,253.7193980705993,257.5788879394531,67253000.0
2026-01-30,254.4773517832236,261.1890792690021,251.49546251262876,258.7756652832031,92443400.0
2026-02-02,259.3241194003358,269.7557160843994,258.50633807413067,269.27703857421875,73913400.0
2026-02-03,268.4692659190308,271.1419837262723,266.88355520832346,268.7485046386719,64394700.0
2026-02-04,271.55083028665655,278.19275421850585,271.55083028665655,275.7394104003906,90545700.0
2026-02-05,277.37501624935936,278.7412924914769,272.48832346973,275.1610412597656,52977400.0
2026-02-06,276.3677049075235,280.1474248180158,276.1782182606431,277.364990234375,50453400.0
2026-02-09,277.41494619870406,277.70443813431814,271.2160169672847,274.13079833984375,44623400.0
2026-02-10,274.40031021957236,274.87943562430115,272.4537718732244,273.19244384765625,34376900.0
2026-02-11,274.2106536370846,279.6808719096702,273.9610989943363,275.00921630859375,51931300.0
2026-02-12,275.09909064411113,275.22886395053104,259.7165366668213,261.2637939453125,81077200.0
2026-02-13,261.5432690161623,261.7628783299504,254.9949421084194,255.32435607910156,56290700.0
2026-02-17,257.5903108294174,265.8156532326085,255.08478749757862,263.4099426269531,58469100.0
2026-02-18,263.13045584681157,266.3447212846438,261.9825104325609,263.8791198730469,34203300.0
2026-02-19,262.13220471573277,264.00886051677537,259.5867290635135,260.11578369140625,30845300.0
2026-02-20,258.50868117461044,264.2783836675007,257.7001265171608,264.1086730957031,42070500.0
2026-02-23,263.0206001676805,268.95002088588865,262.91081074777924,265.705810546875,37308200.0
2026-02-24,267.38283777638213,274.4003442568012,267.233111068832,271.6552429199219,47014600.0
2026-02-25,271.29586819299504,274.45024283739696,270.567157599074,273.74151611328125,33714300.0
2026-02-26,274.4602128097023,275.61811956353745,270.31758130113775,272.4637756347656,32345100.0
2026-02-27,272.3240124520744,272.3240124520744,262.4217010495403,263.7093811035156,72366500.0
2026-03-02,261.94253069595567,266.05518620599753,259.73647625260065,264.2484130859375,41827900.0
2026-03-03,263.0106738027697,265.08695529305965,259.6666350681776,263.2801818847656,38568900.0
2026-03-04,264.17854815272653,265.67587606267574,260.95432154975975,262.0523376464844,39803100.0
2026-03-05,260.3254337562426,261.09405110124777,256.79173142961054,259.8263244628906,49658600.0
2026-03-06,258.16927189629365,258.3090066542827,253.916851068475,257.0013427734375,41120000.0
2026-03-09,255.2345148744848,260.68477987096253,253.22808575123491,259.41705322265625,38218500.0
2026-03-10,257.19102845716964,262.01244158439727,256.4922936817907,260.3653564453125,30590800.0
2026-03-11,260.62486739620806,261.6630231774062,259.08760235948154,260.3453674316406,26218900.0
2026-03-12,258.1992253881205,258.48871731031414,253.72719511663234,255.30438232421875,40794000.0
2026-03-13,255.024890934378,255.87336762960538,249.07551643845036,249.6744384765625,36930000.0
2026-03-16,251.66090222791988,253.43773019062647,249.4348789230203,252.36964416503906,32074200.0
2026-03-17,252.5093881906664,254.67552076289968,251.7307636559193,253.77711486816406,32361600.0
2026-03-18,252.1799767808244,254.48585937367065,248.55643828829037,249.49476623535156,35757900.0
2026-03-19,248.95572868612365,251.38140795985734,246.85947863088072,248.5165252685547,34864100.0
2026-03-20,247.53824109812177,248.75606899357115,245.56177255944445,247.54823303222656,88331100.0
2026-03-23,253.51758537106093,254.14646797882926,249.83415620831627,251.04200744628906,40546100.0
2026-03-24,249.90403139868116,254.37604644028636,249.10545347620703,251.1917266845703,45152300.0
2026-03-25,253.6473574345128,254.5457480998694,251.15181088451408,252.16998291015625,28476700.0
2026-03-26,251.67088153367666,256.5421934269488,250.32329549316128,252.43951416015625,41796700.0
2026-03-27,253.4477020992108,255.03488128462607,247.6281009352486,248.35679626464844,47900000.0
2026-03-30,249.62453299565456,250.4230956915925,245.07264337813007,246.19065856933594,39446200.0
2026-03-31,247.46837564153284,255.02488248828539,246.65982101631488,253.337890625,49598100.0
2026-04-01,253.62737973002484,255.7236296181179,252.8787157917901,255.17462158203125,40059400.0
2026-04-02,253.74717405681358,255.6737439434535,250.20349485503914,255.464111328125,31289400.0
2026-04-06,256.053045051996,261.6929736576745,256.003115847535,258.3988342285156,29329900.0
2026-04-07,255.70368128016966,255.7436185540334,245.2623079794448,253.0484161376953,62148000.0
2026-04-08,257.98960165960847,259.2872736156141,256.0730086009651,258.43878173828125,41032800.0
2026-04-09,258.5386040524215,260.65482250105316,255.6138310165902,260.02593994140625,28121600.0
2026-04-10,259.5168819122501,261.7229364827484,258.5585701252562,260.0159912109375,31291500.0
2026-04-13,259.2673359057164,259.71651601158027,256.2027973984465,258.73828125,36234700.0
2026-04-14,258.78816168339415,261.4633801130582,256.73183388682423,258.368896484375,48370700.0
2026-04-15,257.7001261657452,266.08515659729386,257.35074355126085,265.95538330078125,49913500.0
2026-04-16,266.3246925362851,266.6840670491935,260.804545264895,262.9307556152344,43323100.0
2026-04-17,266.4844323486072,271.8149160854778,266.24486962975914,269.7486267089844,61436200.0
2026-04-20,269.84841238867654,273.7913879220191,269.80850557942483,272.5635681152344,36590200.0
2026-04-21,271.0163536236942,272.3140256362382,264.9272139873882,265.69586181640625,50209800.0
2026-04-22,267.3429346055621,273.2523721409737,266.39461467279705,272.68341064453125,43249200.0
2026-04-23,274.56001085217736,275.2787294551341,271.1660737405759,272.9429016113281,33399600.0
2026-04-24,272.2741016414235,272.5735550213531,269.16962610782736,270.5771179199219,38157100.0
2026-04-27,265.6159889280984,267.88193422863776,264.59781690250213,267.1332702636719,41466800.0
2026-04-28,271.8548539018017,272.7432830913257,268.181416710472,270.2277526855469,40018900.0
2026-04-29,267.07336249706583,270.55716597281076,266.56429174844374,269.688720703125,30047900.0
2026-04-30,270.018146234023,275.50834883767226,267.6623648300734,270.86663818359375,91848200.0
2026-05-01,278.36321169794013,286.7083346607987,277.87409435408995,279.6409606933594,79915400.0
2026-05-04,279.16182884121525,280.13010214166496,274.3703610857382,276.33685302734375,46668400.0
2026-05-05,276.43668191704,284.0630869835518,276.00745521106614,283.67376708984375,49311700.0
2026-05-06,281.4177950537395,287.5168959460148,280.5693031693742,286.9978332519531,58336100.0
2026-05-07,288.75467457606095,291.60959552514373,285.2709015174152,286.9279479980469,45224300.0
2026-05-08,289.49338424193445,294.2349225642168,289.48339230776435,292.7974853515625,52692800.0
2026-05-11,291.72841688276577,293.6267735875138,289.979924827367,292.42779541015625,42247300.0
2026-05-12,292.3078994315659,295.0155556946294,292.3078994315659,294.54595947265625,45748100.0
2026-05-13,293.24708951115105,300.6607090744109,293.24708951115105,298.6124572753906,52684300.0
2026-05-14,299.5616620172475,300.1911240450107,295.12548538387824,297.9530334472656,35324900.0
2026-05-15,297.643304079477,302.93875555297063,296.26448829773227,299.9713134765625,54862800.0
2026-05-18,299.98126929450746,300.4009207908792,294.6558756451712,297.5833435058594,34483000.0
2026-05-19,296.7140952726279,300.2510533099592,296.09463441963413,298.7123718261719,42243600.0
2026-05-20,297.9230626302997,302.5390768782648,297.82314269813475,301.98956298828125,38229800.0
2026-05-21,300.80056674721834,305.27671719779084,300.1411318265125,304.7271728515625,42965100.0
2026-05-22,305.85620846339293,311.13165741506583,305.57645096183757,308.55389404296875,43670200.0
2026-05-26,309.29325163060713,311.5513139598484,307.4048960873393,308.0643005371094,48000500.0
2026-05-27,308.0643052358437,312.9900803339556,308.0343323058515,310.5821533203125,50430900.0
2026-05-28,310.412282475935,312.5304508120942,309.30325358892543,312.24072265625,48220400.0
2026-05-29,311.5113496628706,314.7285763294451,309.2632884033746,311.7911071777344,70026800.0
2026-06-01,309.363197507879,310.67206624496237,304.7571540774977,306.0460510253906,48849900.0
2026-06-02,307.1950545511415,315.1781903378333,306.42572903356995,314.92840576171875,44534700.0
2026-06-03,313.9092501546009,316.6668815001487,308.5838566628498,309.9926452636719,50836700.0
2026-06-04,312.96009909963743,313.26982953176514,309.38316692864953,310.9618225097656,44869100.0
2026-06-05,312.5903972939029,314.8984348439246,306.8853260765596,307.0751647949219,65310500.0
2026-06-08,308.4739595974908,317.1265012321255,300.9105055796523,301.2801818847656,77949100.0
2026-06-09,300.0212482417878,300.4908444635933,287.5320194610898,290.29962158203125,70108800.0
2026-06-10,290.4894628291428,294.4960172141002,287.1323727394638,291.3287353515625,52793300.0
2026-06-11,293.4668864344149,296.7440586571729,289.3404406054596,295.375244140625,42572500.0
2026-06-12,295.7749221682621,296.88398158337014,289.3704417369658,290.879150390625,38742100.0
2026-06-15,293.8665449684006,297.5233947188816,291.4486474146935,296.1645812988281,45732600.0
2026-06-16,294.99559499590845,300.2210994929347,293.71669913987887,298.9821472167969,39874400.0
2026-06-17,300.59074812548096,301.8096980081642,294.10632015937927,295.6949768066406,42745100.0
2026-06-18,297.8530937792582,300.31099586682666,295.3652492546472,297.7532043457031,85962200.0
2026-06-22,297.05381866220307,302.1594314563154,296.5043047694293,296.75408935546875,44879900.0
2026-06-23,297.2836155142734,301.3800886038737,293.9264950024863,294.04638671875,52010900.0
2026-06-24,295.1054570720635,299.4417438827621,292.68755959702736,292.8274230957031,53081900.0
2026-06-25,287.1523472601469,288.55113481081804,273.5141152813601,274.91290283203125,107013700.0
2026-06-26,274.7630284991681,285.70360492137456,273.9737007161028,283.53546142578125,261775500.0
2026-06-29,286.4829438934296,288.12151489662153,279.6088673150861,281.4972229003906,66427000.0
2026-06-30,280.9277417485351,289.69017405322865,280.45814550695326,289.11065673828125,65100200.0
2026-07-01,293.1871503157195,296.33442991747245,288.95081360688545,294.1263427734375,50164200.0
2026-07-02,293.866538367699,309.15337194761725,293.4269150966668,308.3640441894531,75352800.0
2026-07-06,307.0951430290638,313.9292760509671,306.7354678654279,312.3905944824219,53590000.0
2026-07-07,315.0183186077797,315.20815732134815,309.88273318392555,310.3923034667969,42490000.0
2026-07-08,311.6412289475945,314.5487250421545,306.7854009831778,313.1199645996094,41323500.0
2026-07-09,310.24243869469103,316.2572401947346,307.8944576262147,315.947509765625,48124500.0
2026-07-10,314.4488202226986,316.6369356310425,311.9010296470402,315.0483093261719,34132300.0
2026-07-13,316.7468014245228,323.171283634363,315.5078797345754,317.03656005859375,43257800.0
2026-07-14,313.48965629761443,315.91755515351207,311.64124426456783,314.58868408203125,36336800.0
2026-07-15,317.34631234952286,328.44675508114506,317.0465830462295,327.2178039550781,60957600.0
2026-07-16,327.72736328456057,334.3915986652446,326.50841333986017,332.97283935546875,62970600.0
2026-07-17,331.693929977533,334.7013154010385,328.71648699084636,333.452392578125,63407100.0
2026-07-20,333.2226134619852,333.4224228207836,323.4010672140761,326.3085632324219,53468000.0
2026-07-21,322.85156758462244,329.3159936819017,321.94234806189104,327.45758056640625,41338900.0
2026-07-22,327.58746619388995,328.7164973399543,323.0613709608057,325.60919189453125,38755900.0
2026-07-23,321.4527900194849,323.0214140443725,319.0748358849152,321.3828430175781,40840800.0
2026-07-24,321.5127284115298,334.0818750563203,321.3428614810286,332.7330322265625,47489400.0
2026-07-27,334.2517370375488,339.277401491225,333.73216560461384,336.61968994140625,49604300.0
2026-07-28,339.73698155301014,342.59453283396704,335.31080637618777,339.78692626953125,51859000.0
2026-07-29,339.43727163464206,344.2730974331505,337.0593175600121,337.8985900878906,56090800.0
2026-07-30,332.8129674612056,334.4615395264105,329.30598233808786,333.1426696777344,74817800.0
2026-07-31,304.54735603914753,310.4222943774597,299.7415030462749,308.6438293457031,132489100.0
2026-08-03,309.313234694189,311.5313230344714,302.29929450581176,303.1585693359375,75052000.0
2026-08-04,302.46913991298527,310.1525156602479,301.0603512911937,309.1134033203125,68001000.0
2026-08-05,309.09342362565195,311.4414048335362,305.40663118634393,310.7320251464844,49438800.0
2026-08-06,314.06913775686996,316.0174696892129,308.96355554648414,312.14080810546875,46139900.0
2026-08-07,311.1816431226555,314.53873325457766,310.47223295908327,313.05999755859375,34437200.0
2026-08-10,306.8299865722656,308.260009765625,304.6099853515625,308.260009765625,44812500.0
2026-08-11,307.75,309.9700012207031,302.7900085449219,304.9100036621094,37476700.0
2026-08-12,305.1000061035156,305.6600036621094,300.57000732421875,302.25,41657800.0
2026-08-13,304.2099914550781,306.0,302.04998779296875,305.260009765625,40349300.0
2026-08-14,306.0,307.489990234375,304.29998779296875,305.92999267578125,28229400.0
2026-08-17,306.2099914550781,307.6600036621094,302.94000244140625,305.5899963378906,38169300.0
2026-08-18,307.5799865722656,311.489990234375,305.739990234375,310.0299987792969,53424500.0
2026-08-19,310.1400146484375,319.2799987792969,309.6000061035156,316.8299865722656,50505600.0
2026-08-20,317.4599914550781,320.2799987792969,310.6499938964844,311.29998779296875,40959200.0
2026-08-21,312.04998779296875,312.3800048828125,307.010009765625,309.3500061035156,46876800.0
2026-08-24,311.4700012207031,313.3599853515625,309.9700012207031,310.3399963378906,34673600.0
2026-08-25,310.7900085449219,313.5899963378906,308.2099914550781,309.8999938964844,25869800.0
2026-08-26,310.29998779296875,315.42999267578125,308.79998779296875,313.45001220703125,34024500.0
2026-08-27,310.54998779296875,315.3999938964844,309.3999938964844,314.5799865722656,32419200.0
2026-08-28,316.8500061035156,322.3699951171875,315.45001220703125,319.70001220703125,38649400.0
2026-08-31,319.6000061035156,321.239990234375,312.79998779296875,316.8500061035156,41242700.0
2026-09-01,316.9800109863281,327.29998779296875,314.7300109863281,325.1300048828125,53167400.0
2026-09-02,326.8699951171875,328.3999938964844,323.5299987792969,324.9599914550781,33776400.0
2026-09-03,324.8699951171875,330.80999755859375,324.1099853515625,328.2099914550781,37225800.0
2026-09-04,328.30999755859375,328.92999267578125,317.8599853515625,319.9700012207031,39606900.0
2026-09-08,317.1000061035156,320.70001220703125,314.8999938964844,316.2200012207031,35477100.0
2026-09-09,315.489990234375,319.1499938964844,309.8999938964844,315.3399963378906,65640000.0
2026-09-10,316.6700134277344,326.739990234375,316.510009765625,326.57000732421875,70011900.0
2026-09-11,327.45001220703125,336.2200012207031,326.29998779296875,332.2699890136719,50716900.0
2026-09-14,334.7900085449219,335.5,331.3399963378906,333.0799865722656,39269100.0
2026-09-15,330.1400146484375,331.7799987792969,328.3500061035156,331.3399963378906,31748200.0
2026-09-16,332.5299987792969,335.4800109863281,330.70001220703125,332.4100036621094,35981000.0
2026-09-17,334.7699890136719,338.3399963378906,330.17999267578125,337.0,36700200.0
2026-09-18,337.9100036621094,338.489990234375,332.5299987792969,336.1300048828125,86588200.0
2026-09-21,335.2799987792969,339.6400146484375,333.04998779296875,338.9800109863281,34999200.0
2026-09-22,340.1400146484375,345.3399963378906,338.75,339.75,40711800.0
2026-09-23,341.0799865722656,341.79998779296875,335.5,337.0199890136719,31658800.0
2026-09-24,336.7200012207031,338.9100036621094,334.29998779296875,335.9200134277344,24733100.0
2026-09-25,336.0400085449219,341.6700134277344,334.5299987792969,341.07000732421875,30002500.0
2026-09-28,340.3699951171875,342.989990234375,338.0400085449219,338.3999938964844,32820800.0
2026-09-29,336.9700012207031,337.0899963378906,328.70001220703125,329.3999938964844,38478000.0
2026-09-30,330.79998779296875,339.5,330.1400146484375,333.0199890136719,49988600.0
2026-10-01,330.0,332.4800109863281,325.80999755859375,330.32000732421875,36306300.0
2026-10-02,333.260009765625,334.5400085449219,330.6099853515625,333.69000244140625,33245500.0
