date,open,high,low,close,volume
2014-01-02,3.90864894676637,3.9108678608780303,3.8376500430085603,3.893857479095459,14537000.0
2014-01-03,3.879065559014159,3.9167839206056807,3.8428265908766734,3.9086484909057617,11661000.0
2014-01-06,3.904952624524883,3.9493270420851463,3.877588241667286,3.882025718688965,12634000.0
2014-01-07,3.906430931316772,3.924180836065349,3.882024988615706,3.919003486633301,13359000.0
2014-01-08,3.927876812390419,3.987782539780406,3.909387394710254,3.9774281978607178,22968000.0
2014-01-09,3.993700104751043,4.006272658166692,3.901992865176297,3.9367527961730957,12339000.0
2014-01-10,3.989262172006356,3.995178687797741,3.910127847573626,3.941929340362549,16691000.0
2014-01-13,3.9655983867581597,3.977431426190359,3.8746306177429646,3.893120050430298,13944000.0
2014-01-14,3.943408905107985,4.129781822222753,3.9005138954286998,4.087625980377197,34855000.0
2014-01-15,4.117947971459521,4.228884143552003,4.106114939640544,4.213353157043457,27187000.0
2014-01-16,4.197822444935408,4.212613912004193,4.078750835273753,4.099459171295166,24084000.0
2014-01-17,4.086889852167284,4.172680648048427,4.084670936198672,4.15197229385376,31181000.0
2014-01-21,4.186728725322585,4.2022600660413145,4.132739851016554,4.149750232696533,16597000.0
2014-01-22,4.156406238681911,4.228884535088659,4.130521258771074,4.22666597366333,25526000.0
2014-01-23,4.1956046709442605,4.226667007088445,4.122386836160556,4.145313739776611,15551000.0
2014-01-24,4.119428829823601,4.140876339868504,4.004794662276929,4.029940128326416,17426000.0
2014-01-27,4.0395558215996585,4.086149164413767,3.9744733984950735,4.026983261108398,21031000.0
2014-01-28,4.0232834425301425,4.052866380495653,3.9167847247917322,4.046949863433838,25223000.0
2014-01-29,3.989265193407823,4.137179963502394,3.9471093252353877,3.9988796710968018,23974000.0
2014-01-30,4.054344961504143,4.087625851102689,4.000356088211001,4.07135534286499,11989000.0
2014-01-31,3.9811279897672627,4.089105759253466,3.9811279897672627,4.041033744812012,15784000.0
2014-02-03,4.05286749563979,4.080231879482578,3.916785802493071,3.9389731884002686,11421000.0
2014-02-04,3.9574612294538536,4.005533592457224,3.9271387705306333,3.9944400787353516,13487000.0
2014-02-05,3.9729929992434077,4.04768987374601,3.933795231407004,3.9922215938568115,9017000.0
2014-02-06,3.9929615655447117,4.132001323700925,3.9655971852458984,4.082449913024902,18053000.0
2014-02-07,4.102418810996977,4.203740557590178,4.077273342696762,4.183772087097168,17039000.0
2014-02-10,4.1556672460397825,4.1771147531677215,4.109813796851298,4.164542198181152,12347000.0
2014-02-11,4.156406726176762,4.301363335991865,4.1556672056149155,4.294707298278809,17344000.0
2014-02-12,4.304323284365859,4.422655079623235,4.304323284365859,4.359051704406738,25864000.0
2014-02-13,4.247374139093581,4.401205689494822,4.243676183903609,4.369403839111328,22614000.0
2014-02-14,4.252552449828858,4.317634859070864,4.24811497276048,4.295447826385498,28180000.0
2014-02-18,4.3272504368449685,4.3272504368449685,4.269563572909716,4.316896438598633,15872000.0
2014-02-19,4.303582021448796,4.320592405486246,4.251812054066239,4.267343044281006,14598000.0
2014-02-20,4.292488455521605,4.365706282212038,4.267342992717282,4.363487720489502,22282000.0
2014-02-21,4.395289750774225,4.400466748073782,4.3191138326074645,4.330207347869873,17998000.0
2014-02-24,4.327249103696063,4.436706277797788,4.327249103696063,4.405643939971924,20672000.0
2014-02-25,4.437445067754114,4.437445067754114,4.3183737915565565,4.363487720489502,26929000.0
2014-02-26,4.437446091017659,4.695557521717673,4.435227528783527,4.577965259552002,49125000.0
2014-02-27,4.5254549614971005,4.601631233199998,4.495132498012906,4.539506912231445,16460000.0
2014-02-28,4.522497428763958,4.583142720492572,4.49587291598165,4.563174247741699,15225000.0
2014-03-03,4.522496224325173,4.620120352278391,4.500309195024898,4.566131114959717,15340000.0
2014-03-04,4.62233829274083,4.740670040184939,4.6060677832641925,4.685202121734619,36761000.0
2014-03-05,4.671151083728272,4.7502854376134085,4.654880571082275,4.665234565734863,24656000.0
2014-03-06,4.680766220488247,4.7266196822504165,4.663016311338224,4.706651210784912,12162000.0
2014-03-07,4.72957695117141,4.72957695117141,4.618640751665662,4.6408281326293945,15133000.0
2014-03-10,4.654139999769162,4.690378972872478,4.620119588166363,4.644525527954102,13519000.0
2014-03-11,4.657838596260899,4.707390006910906,4.57130868411613,4.58683967590332,16191000.0
2014-03-12,4.568350952276022,4.682245262243025,4.47072715725958,4.672630786895752,23598000.0
2014-03-13,4.688900955295339,4.770253870573356,4.588318739533701,4.635651588439941,35377000.0
2014-03-14,4.642307627050682,4.677807087402116,4.60089164875009,4.635651588439941,13939000.0
2014-03-17,4.661537094627705,4.73253637590331,4.6415686239125575,4.689640998840332,13968000.0
2014-03-18,4.697810044194596,4.7542581987694446,4.663644149100477,4.740146160125732,13109000.0
2014-03-19,4.754258052679545,4.818876071941315,4.7379179656721115,4.7839674949646,17558000.0
2014-03-20,4.7772834132715385,4.856756160643861,4.775797693111878,4.850814342498779,19966000.0
2014-03-21,4.875323446332476,4.889435482289263,4.7267759044614905,4.746087074279785,23267000.0
2014-03-24,4.755742928682497,4.780253233751225,4.630963354770997,4.69112491607666,24811000.0
2014-03-25,4.73049030241315,4.826303481445308,4.700038178004217,4.753515243530273,16145000.0
2014-03-26,4.782482552050893,4.8188764981111065,4.61388111571624,4.665130138397217,28414000.0
2014-03-27,4.662159195336004,4.6874121888702565,4.5930847160861425,4.662901878356934,25247000.0
2014-03-28,4.678497922791752,4.804020525078052,4.669585374969726,4.761684417724609,14330000.0
2014-03-31,4.7906519955211655,4.852299283053123,4.771340822619432,4.7839674949646,14819000.0
2014-04-01,4.79436829904229,4.847102710935547,4.76985797849074,4.831505298614502,21962000.0
2014-04-02,4.808476891401715,4.850812998009686,4.741630481844796,4.801049709320068,20979000.0
2014-04-03,4.808479304803863,4.870869294759904,4.714151813787622,4.748317718505859,21592000.0
2014-04-04,4.79510952709746,4.808478885385744,4.459392682842923,4.590114116668701,38830000.0
2014-04-07,4.530695279585926,4.60051245019954,4.369521357355213,4.483160018920898,43274000.0
2014-04-08,4.502471846647783,4.529210567445004,4.460136069965786,4.469048976898193,22055000.0
2014-04-09,4.533664457241568,4.646560388161546,4.533664457241568,4.639875888824463,19256000.0
2014-04-10,4.645819246779359,4.645819246779359,4.428197177666596,4.446022987365723,20396000.0
2014-04-11,4.402200975111586,4.453449640635429,4.342039405801553,4.347238540649414,21903000.0
2014-04-14,4.341296831516583,4.424483352115537,4.316043837539773,4.368778228759766,19419000.0
2014-04-15,4.3866051295490145,4.408887042768888,4.25365527095461,4.377692222595215,25014000.0
2014-04-16,4.416312823355496,4.416312823355496,4.3160431913303,4.405171871185303,17916000.0
2014-04-17,4.407399537033406,4.579714355897057,4.3762047320013115,4.522523880004883,19092000.0
2014-04-21,4.528465685197812,4.6183366857680594,4.517324379860227,4.596797466278076,12560000.0
2014-04-22,4.57600219499726,4.73791915656298,4.57600219499726,4.711923122406006,22830000.0
2014-04-23,4.752030079873348,4.798822650498461,4.737175357386166,4.798079967498779,26984000.0
2014-04-24,4.85972611264601,4.863439526767233,4.719348788095143,4.856012344360352,27519000.0
2014-04-25,4.816647753921274,4.830016754287157,4.619079584187639,4.630220890045166,19266000.0
2014-04-28,4.672557030968511,4.673299713920301,4.480188334039581,4.514354228973389,30708000.0
2014-04-29,4.52920906887403,4.571545185712978,4.45716350820005,4.524752616882324,21656000.0
2014-04-30,4.538121564986027,4.729004883844171,4.483901817151962,4.716378211975098,25375000.0
2014-05-01,4.673300133820506,4.820361996423428,4.648047140368165,4.715636253356934,18863000.0
2014-05-02,4.806992317337589,4.827046172673848,4.692610648632135,4.773569107055664,13407000.0
2014-05-05,4.7438596834815705,4.786938480137833,4.680727031413069,4.772083759307861,13529000.0
2014-05-06,5.0454102956841504,5.056551246418045,4.920630372472547,5.001588821411133,127802000.0
2014-05-07,5.0320416371711785,5.0959169732514225,4.928058589578953,4.96222448348999,560280000.0
2014-05-08,4.962224581238417,5.119684698669843,4.95479704346756,5.046896457672119,53700000.0
2014-05-09,5.044670442038306,5.092205714607019,4.9525713384128345,5.006791114807129,38700000.0
2014-05-12,5.045411741287227,5.138253850387677,5.006789389901644,5.13454008102417,27394000.0
2014-05-13,5.144938192255781,5.150137327537538,5.092203802256922,5.107058525085449,23021000.0
2014-05-14,5.090717935466272,5.169447994129506,5.017187011573375,5.088489532470703,30243000.0
2014-05-15,5.100372097706373,5.121168630979969,4.984505090900231,5.045409679412842,32093000.0
2014-05-16,5.057294513842334,5.119684482660095,5.000103679579012,5.08626127243042,52044000.0
2014-05-19,5.132312021405667,5.155336968003743,5.06100948650743,5.074378490447998,37789000.0
2014-05-20,5.077347384699478,5.078832750237183,4.97039327436766,5.014957427978516,29085000.0
2014-05-21,5.0149599889198,5.08329179685034,5.003819033368945,5.081063747406006,16896000.0
2014-05-22,5.082546740056288,5.141222931329298,5.04169635267133,5.1011152267456055,15679000.0
2014-05-23,5.133797712374071,5.244465283700381,5.104830947060982,5.24000883102417,32017000.0
2014-05-27,5.275658451434269,5.294226584017135,5.2229240765711475,5.26823091506958,31637000.0
2014-05-28,5.240008267487356,5.254862990088987,5.187274232458508,5.20658540725708,34927000.0
2014-05-29,5.234808064703376,5.2622894552859005,5.185044771844817,5.257833003997803,27566000.0
2014-05-30,5.336563882862659,5.347704835732845,5.155336134239515,5.248920917510986,38938000.0
2014-06-02,5.289029346263904,5.347705558754646,5.243722491523656,5.320967197418213,26599000.0
2014-06-03,5.2979408683694915,5.353646334038668,5.26154692829711,5.306853771209717,22308000.0
2014-06-04,5.29274183489101,5.337305995776545,5.283828931881009,5.318737506866455,19379000.0
2014-06-05,5.311310104338657,5.347704043600488,5.29051356761761,5.338048458099365,27288000.0
2014-06-06,5.368502224229768,5.373701359659084,5.291257521663311,5.320224285125732,15866000.0
2014-06-09,5.338792876575744,5.3848424132543595,5.308340392309314,5.332108020782471,17420000.0
2014-06-10,5.329136632754732,5.366273259915188,5.3105681420922535,5.337306499481201,16409000.0
2014-06-11,5.323195628809701,5.376672709486541,5.299428352210733,5.329137802124023,24943000.0
2014-06-12,5.298684120612185,5.350675823323926,5.288285850902736,5.329879283905029,13604000.0
2014-06-13,5.361074749034291,5.381128607951306,5.26674727298675,5.304626941680908,13508000.0
2014-06-16,5.308339262314187,5.3432478374590255,5.243721246443339,5.264517784118652,15668000.0
2014-06-17,5.264518088098308,5.341334382963209,5.264518088098308,5.330893039703369,13817000.0
2014-06-18,5.338351616108737,5.360725417266141,5.26153531369107,5.3115034103393555,13833000.0
2014-06-19,5.304790778534112,5.318960792492742,5.24587352052588,5.289875030517578,12734000.0
2014-06-20,5.307027298593165,5.365944545080741,5.285399237045669,5.337604522705078,21834000.0
2014-06-23,5.340588897248915,5.366691724921116,5.279434432548462,5.312994956970215,13349000.0
2014-06-24,5.35326745658571,5.39204847550897,5.267501987857393,5.270484924316406,15304000.0
2014-06-25,5.2637723533602765,5.347300610091454,5.2249913389187155,5.342080116271973,12827000.0
2014-06-26,5.3487925300757,5.359979252688419,5.248857049413814,5.292112827301025,8126000.0
2014-06-27,5.275704580212976,5.307773631386855,5.239161125061743,5.29062032699585,16935000.0
2014-06-30,5.2891296282547975,5.374895095825195,5.2891296282547975,5.374895095825195,17773000.0
2014-07-01,5.405472563757254,5.528527578793079,5.395777309372022,5.521069526672363,21429000.0
2014-07-02,5.487509313417234,5.563579884620798,5.487509313417234,5.542697906494141,16081000.0
2014-07-03,5.568799134520235,5.621004423788462,5.5494086289879885,5.606834411621094,7994000.0
2014-07-07,5.625480193572893,5.634429358363288,5.550901093903415,5.558359146118164,19066000.0
2014-07-08,5.543443543339485,5.556121734571238,5.377132744136178,5.473339557647705,19169000.0
2014-07-09,5.493475307166997,5.535984992980957,5.450965265733556,5.535984992980957,9798000.0
2014-07-10,5.3748951909767415,5.484526285554897,5.373403722740968,5.455440521240234,15479000.0
2014-07-11,5.464389882109451,5.480051364985654,5.419642635769083,5.459169387817383,12517000.0
2014-07-14,5.561343492649182,5.585954502207045,5.474832269863125,5.521816730499268,12242000.0
2014-07-15,5.519577430692521,5.547171722533264,5.421133429861002,5.475575923919678,14556000.0
2014-07-16,5.452457176912711,5.547172521367186,5.425608970828438,5.492729663848877,15180000.0
2014-07-17,5.463642798984527,5.494220023091025,5.3443164825869225,5.362215518951416,17816000.0
2014-07-18,5.424862051829041,5.612800520228302,5.415166799267991,5.593410015106201,33949000.0
2014-07-21,5.557614648607402,5.630701940724382,5.555377090197312,5.624735355377197,15368000.0
2014-07-22,5.6366675749620425,5.700805337901946,5.615785595311736,5.62249755859375,23997000.0
2014-07-23,5.645615475276118,5.646361209246699,5.488254227661377,5.491237163543701,24450000.0
2014-07-24,5.4964578687732955,5.510627881618729,5.389810438862073,5.407709121704102,20676000.0
2014-07-25,5.390555547184273,5.3920470150097985,5.198888062447131,5.214549541473389,36838000.0
2014-07-28,5.222008260583162,5.27645075870797,5.15637904033367,5.258552074432373,31813000.0
2014-07-29,5.250347458104088,5.3077732390016195,5.2085835124472855,5.21156644821167,19111000.0
2014-07-30,5.2913665067473765,5.298078824517774,5.199634816333795,5.258552074432373,17545000.0
2014-07-31,5.221263188365561,5.242891256916915,5.131022954631323,5.174278736114502,18476000.0
2014-08-01,5.214553484503724,5.273470775595766,5.1243128560543365,5.2533345222473145,19141000.0
2014-08-04,5.244383415823916,5.3398441568233395,5.21529764628715,5.320453643798828,15452000.0
2014-08-05,5.281672824670332,5.326420437725805,5.2085858864587715,5.229467868804932,15388000.0
2014-08-06,5.205601599367487,5.292858894728825,5.202618307193779,5.24214506149292,10354000.0
2014-08-07,5.286891226754805,5.286891226754805,5.179497716410272,5.1929216384887695,11222000.0
2014-08-08,5.200382007841786,5.2578078139163145,5.169804769134408,5.25258731842041,12822000.0
2014-08-11,5.258552344551858,5.328656328376198,5.258552344551858,5.281671524047852,14173000.0
2014-08-12,5.286891416740872,5.324180604193645,5.254822367024438,5.306281566619873,9421000.0
2014-08-13,5.342080150601954,5.379369341606532,5.301061578191604,5.36743688583374,10836000.0
2014-08-14,5.420388159522274,5.535985119177507,5.420388159522274,5.506899356842041,18997000.0
2014-08-15,5.55910590447815,5.585208380800133,5.475577624628235,5.5777506828308105,21143000.0
2014-08-18,5.616530774839776,5.6232427374589555,5.54493496588399,5.621005535125732,12531000.0
2014-08-19,5.63666693161306,5.7142289678838845,5.625480208880001,5.639649868011475,18734000.0
2014-08-20,5.643378563870823,5.705279113568959,5.641141361702937,5.696329593658447,11375000.0
2014-08-21,5.677684146729678,5.71571942403078,5.649344122245742,5.688125133514404,15550000.0
2014-08-22,5.706025727359091,5.706025727359091,5.631446975972354,5.683651924133301,15837000.0
2014-08-25,5.742568639953417,5.75823047851816,5.624734117385174,5.650836944580078,17100000.0
2014-08-26,5.657549538182939,5.679177251955158,5.6135480208364035,5.665007591247559,13544000.0
2014-08-27,5.667989292702975,5.706024572680178,5.631445836385296,5.679922103881836,13434000.0
2014-08-28,5.633683703945177,5.704533778509342,5.589682190990436,5.694838523864746,18587000.0
2014-08-29,6.10203885209687,6.3242832631667385,5.705279502125695,6.1221747398376465,62934000.0
2014-09-02,6.187803636746581,6.349639655487764,6.145293596779534,6.3406901359558105,41604000.0
2014-09-03,6.359335416956544,6.4279479275186935,6.301909272648024,6.368284225463867,32681000.0
2014-09-04,6.378724416096935,6.506999887140457,6.3742493016625925,6.420488357543945,28061000.0
2014-09-05,6.4406268969426606,6.5674109525803495,6.432423465412378,6.5539870262146,26594000.0
2014-09-08,6.568157430814436,6.687483440532948,6.527138848259027,6.577106952667236,28949000.0
2014-09-09,6.591273781794572,6.645716265178514,6.559950114839903,6.593510627746582,21896000.0
2014-09-10,6.583817704385918,6.644972166424291,6.542053750919613,6.637514114379883,18855000.0
2014-09-11,6.630801119244473,6.645717221010009,6.549510071595611,6.642733573913574,17888000.0
2014-09-12,6.638260791581393,6.64273519646064,6.518188703500119,6.551749229431152,18244000.0
2014-09-15,6.5733749032934865,6.580832953281204,6.433912355726097,6.466726779937744,15998000.0
2014-09-16,6.441372672111895,6.583072115541539,6.3891677263071385,6.55696964263916,21146000.0
2014-09-17,6.584663269838063,6.619095198644182,6.539752927370807,6.567447662353516,15653000.0
2014-09-18,6.600383520618529,6.701432885801252,6.589156289267465,6.700684070587158,18165000.0
2014-09-19,6.746343714066749,6.802482730125053,6.654277269619572,6.669247150421143,41834000.0
2014-09-22,6.63481645594374,6.674487250004818,6.468646554106303,6.525533676147461,23869000.0
2014-09-23,6.512806455631564,6.583166517394693,6.46564966687952,6.553974151611328,20829000.0
2014-09-24,6.56370564114534,6.665503093365776,6.538255921171686,6.663258075714111,14503000.0
2014-09-25,6.649784582686243,6.649784582686243,6.419991136871479,6.4716386795043945,17940000.0
2014-09-26,6.478375838540679,6.56146077622673,6.471639357021818,6.549484729766846,9834000.0
2014-09-29,6.467897344219871,6.535263593702526,6.442448332221544,6.520293712615967,9826000.0
2014-09-30,6.557717421026549,6.580921410074902,6.452177318374423,6.512058258056641,14885000.0
2014-10-01,6.521041217805443,6.521041217805443,6.35038059153447,6.40277624130249,22257000.0
2014-10-02,6.3683451042012935,6.392297197607834,6.05097522662283,6.228373050689697,34278000.0
2014-10-03,6.259061195218012,6.321187149206596,6.2163958674159225,6.247833251953125,20650000.0
2014-10-06,6.292744535015165,6.325679554631628,6.1782222092292995,6.203671932220459,19536000.0
2014-10-07,6.169238735237301,6.188700074183464,6.060704811700221,6.065195560455322,15266000.0
2014-10-08,6.062951789649866,6.269541265440692,5.935704245291027,6.235109329223633,27681000.0
2014-10-09,6.206666877160675,6.235110438362294,6.031514759473641,6.033012390136719,18880000.0
2014-10-10,5.819684291061033,5.8219296656256665,5.146023023830431,5.3413848876953125,105981000.0
2014-10-13,5.29946911344291,5.399021211444977,5.149766737268271,5.167730808258057,65240000.0
2014-10-14,5.393781434725931,5.4574050313362035,5.169227879264915,5.390787601470947,69034000.0
2014-10-15,5.2590486442683115,5.497823948608486,5.229108173948262,5.430458068847656,31955000.0
2014-10-16,5.2897381162238295,5.695432137499028,5.2770136113358275,5.658754825592041,33985000.0
2014-10-17,5.794985310532637,5.965645969344642,5.750823050496819,5.774775505065918,41607000.0
2014-10-20,5.738844771943743,5.842888312908171,5.673724269255824,5.837648391723633,14370000.0
2014-10-21,5.912500387264857,6.172234317196013,5.910254655591988,6.166245937347412,24112000.0
2014-10-22,6.173731397392956,6.211905267658145,6.042741563117799,6.0524725914001465,17307000.0
2014-10-23,6.148282016074622,6.2051691308736086,6.071934271304621,6.091394901275635,18205000.0
2014-10-24,6.115346572933473,6.16849102937861,6.045734608990145,6.126574516296387,11269000.0
2014-10-27,6.101124390263935,6.134807504270779,5.99708121574765,6.105615139007568,14977000.0
2014-10-28,6.1497776142705245,6.305468331358296,6.106364186084306,6.302474498748779,18230000.0
2014-10-29,6.330170489286963,6.37283582469336,6.254570847138862,6.353374481201172,14214000.0
2014-10-30,6.275528510250928,6.3301698871075205,6.0764243444654165,6.166994571685791,19976000.0
2014-10-31,6.370591437940754,6.580923612341723,6.324932259691274,6.4559221267700195,25461000.0
2014-11-03,6.470142748712647,6.577928599661413,6.443944922759338,6.462657451629639,15941000.0
2014-11-04,6.429721370614999,6.479123175599017,6.351876015629635,6.389301776885986,18288000.0
2014-11-05,6.421488761766863,6.4963395796203685,6.348134146496122,6.49035120010376,14789000.0
2014-11-06,6.470139171955972,6.5786730643121025,6.462653879010908,6.559211730957031,17114000.0
2014-11-07,6.574936235922986,6.5816727192684725,6.342896971347328,6.365352153778076,19751000.0
2014-11-10,6.356368219016227,6.4431958051274005,6.250080003542102,6.430470943450928,14364000.0
2014-11-11,6.425231610087251,6.45891473275679,6.390800386019889,6.449184417724609,7927000.0
2014-11-12,6.430472644985975,6.533767768471879,6.4080174626862725,6.515803337097168,10396000.0
2014-11-13,6.517296104798001,6.614602784595685,6.476876516856952,6.545739650726318,12281000.0
2014-11-14,6.553974613918793,6.665503093365776,6.4604105587076734,6.663258075714111,12955000.0
2014-11-17,6.64529246430601,6.6655019025831495,6.556219174148129,6.625831127166748,11200000.0
2014-11-18,6.613108414565304,6.86909971263775,6.612359599347569,6.842153072357178,20025000.0
2014-11-19,6.84963700477792,6.886313952560056,6.66924538463039,6.680473327636719,18763000.0
2014-11-20,6.649785288858152,6.805476034582437,6.588407426051367,6.731373310089111,15121000.0
2014-11-21,6.863858291901346,6.8661040231102,6.695442727977371,6.7523298263549805,17461000.0
2014-11-24,6.777778664642655,6.837659587645828,6.765053807891176,6.821940898895264,11876000.0
2014-11-25,6.874338506698011,6.928231067377947,6.816703298023522,6.822690963745117,25923000.0
2014-11-26,6.854878307158332,7.025538943879529,6.854878307158332,7.0195512771606445,16143000.0
2014-11-28,7.04574788563096,7.068203059619358,6.936465134693748,6.9911065101623535,8700000.0
2014-12-01,6.964907322254596,6.988111306821287,6.738107753788939,6.807719707489014,17168000.0
2014-12-02,6.788260240463399,6.917004342769629,6.7156544345042,6.901285648345947,19794000.0
2014-12-03,6.9634118592983585,7.149042346896554,6.9634118592983585,7.120598793029785,31727000.0
2014-12-04,7.601143921528984,7.76806259612571,7.448447737652838,7.71491813659668,61855000.0
2014-12-05,7.77255263181499,7.859380201578445,7.61461689799993,7.783780574798584,29596000.0
2014-12-08,7.784530759257871,7.797255621943852,7.4596762792364695,7.538270473480225,34818000.0
2014-12-09,7.476892849467978,7.711925910752495,7.279285562193374,7.682733535766602,22903000.0
2014-12-10,7.634825726875462,7.747103006201819,7.422996740320577,7.428985118865967,22194000.0
2014-12-11,7.491113716890966,7.694708646353269,7.473897391810773,7.526293754577637,15685000.0
2014-12-12,7.408776821613048,7.573449777569678,7.397549590554142,7.425244331359863,13177000.0
2014-12-15,7.48287793031894,7.5487472412580034,7.278534231389357,7.351140022277832,16749000.0
2014-12-16,7.316708552046586,7.461172041678022,7.186467552075074,7.285271167755127,22113000.0
2014-12-17,7.311566516808059,7.500872356725192,7.1740946319913235,7.436268329620361,27875000.0
2014-12-18,7.579746058695668,7.662379304637035,7.512136713646738,7.636086940765381,33281000.0
2014-12-19,7.642849082045121,7.688673026660663,7.470821052139359,7.523406505584717,65173000.0
2014-12-22,7.587261257887537,7.632333694149399,7.512139575566489,7.61806058883667,15924000.0
2014-12-23,7.687923984291784,7.699943253161163,7.554959076166422,7.57073450088501,13011000.0
2014-12-24,7.581249193967139,7.604536923452023,7.533171416387582,7.566224575042725,6358000.0
2014-12-26,7.585007718394024,7.612051611059021,7.52791529490575,7.558715343475342,5761000.0
2014-12-29,7.55871649221136,7.616559725823189,7.451292422971913,7.6090474128723145,13677000.0
2014-12-30,7.592518092196027,7.657873612144178,7.557211095401201,7.575991153717041,11730000.0
2014-12-31,7.594770581045894,7.7397554275387295,7.5444396850626365,7.556458950042725,15121000.0
2015-01-02,7.58200280839559,7.678157673734517,7.446784066332137,7.518900394439697,13500000.0
2015-01-05,7.517395331773553,7.573736214932644,7.391942783781298,7.398703575134277,15596000.0
2015-01-06,7.433260571428533,7.443026000793907,7.15005237363353,7.230432510375977,22194000.0
2015-01-07,7.290531980065163,7.466316214846186,7.251468816780491,7.425750732421875,30907000.0
2015-01-08,7.551953139031403,7.835160650342819,7.53918235462351,7.796848297119141,33265000.0
2015-01-09,7.8479337746383475,7.947845535993261,7.705954921300736,7.8802361488342285,23432000.0
2015-01-12,7.893002103058521,7.935821403122901,7.716467146385925,7.749520301818848,18692000.0
2015-01-13,7.796096298791656,8.06653298416809,7.642097541178421,7.705950736999512,24337000.0
2015-01-14,7.595523401278767,7.7743122373138025,7.5128901344029755,7.7667999267578125,20984000.0
2015-01-15,7.779571905252212,7.928312238301941,7.591016893276578,7.611299991607666,18372000.0
2015-01-16,7.563972111003398,7.805862622065536,7.535425905703147,7.799101829528809,15375000.0
2015-01-20,7.7893388582262615,7.905776836084414,7.705954052321679,7.877982139587402,12840000.0
2015-01-21,7.837415774454687,8.028975440317113,7.8208895470310855,7.916293621063232,16451000.0
2015-01-22,7.9613679008430145,7.999680272711698,7.626327004070583,7.902773857116699,20639000.0
2015-01-23,7.889999201609685,8.07554882628882,7.83140447017206,8.03648567199707,15088000.0
2015-01-26,8.018456718577168,8.042495969431924,7.859199457766243,8.017705917358398,9611000.0
2015-01-27,7.893005507593984,7.961365683847613,7.723982070332208,7.871971607208252,15242000.0
2015-01-28,8.047003121927576,8.138651021785336,7.877228908612908,7.8877458572387695,23302000.0
2015-01-29,7.859951403774653,8.007940206649215,7.68266487426369,8.002681732177734,15842000.0
2015-01-30,7.909531609430393,8.017706454490334,7.70895734292202,7.728488922119141,16938000.0
2015-02-02,7.756281982818943,7.774311239273436,7.44903597122119,7.6939311027526855,21581000.0
2015-02-03,7.699943913875814,7.791591831937464,7.614305272557759,7.752528667449951,15390000.0
2015-02-04,7.732244708378695,7.908779713989755,7.696186189609886,7.872721195220947,16658000.0
2015-02-05,7.86821146403922,7.979390902487007,7.793841332613498,7.977888584136963,16585000.0
2015-02-06,7.983151213287998,8.046253631738399,7.8321570360842845,7.868215560913086,10682000.0
2015-02-09,7.808866860115574,7.838915379862075,7.648858116348519,7.680408954620361,20346000.0
2015-02-10,7.740507710001824,8.072544535756645,7.729239243943974,8.040993690490723,20398000.0
2015-02-11,8.022209323894518,8.135642585695477,7.987653856374973,8.108598709106445,17169000.0
2015-02-12,8.173205809510629,8.266356012159408,8.147664243596644,8.240815162658691,21072000.0
2015-02-13,8.263352543903434,8.278377165134403,8.119870706649179,8.27462100982666,14614000.0
2015-02-17,8.27837489643759,8.364764295600454,8.19499013413215,8.328705787658691,15312000.0
2015-02-18,8.287392840838947,8.307675940532135,8.21001803099989,8.263354301452637,16681000.0
2015-02-19,8.26335565395571,8.345988952586357,8.237063273319306,8.330965042114258,13196000.0
2015-02-20,8.370774335620562,8.425612903561186,8.297906512058562,8.41810131072998,19283000.0
2015-02-23,8.488717884413985,8.505995627809467,8.410591563861509,8.477449417114258,23854000.0
2015-02-24,8.526275611114102,8.533787203489895,8.384296127220257,8.502236366271973,23213000.0
2015-02-25,8.510503435570417,8.556327390384102,8.436884070928215,8.464678764343262,38216000.0
2015-02-26,9.257957146174704,9.757514186901027,9.243684046930342,9.709436416625977,89263000.0
2015-02-27,9.668122257695849,9.668122257695849,9.475811836907276,9.586991310119629,33825000.0
2015-03-02,9.556190377847825,9.831134755867515,9.556190377847825,9.692160606384277,27893000.0
2015-03-03,9.633566900914337,9.686151642358253,9.583235279522752,9.632063865661621,18682000.0
2015-03-04,9.592250667285324,9.756766414019934,9.342847809903361,9.720707893371582,36143000.0
2015-03-05,9.717702377366114,9.881467308030624,9.674132265864197,9.808599472045898,21688000.0
2015-03-06,9.765779548431578,9.802588864714469,9.577976095577124,9.60727310180664,22329000.0
2015-03-09,9.599764387273407,9.659861452897736,9.535159647699809,9.549432754516602,17835000.0
2015-03-10,9.444260472873921,9.535157569293364,9.353364092867855,9.399188041687012,17688000.0
2015-03-11,9.4127075200201,9.500599959056002,9.354112799467234,9.364629745483398,17742000.0
2015-03-12,9.230911705892218,9.481065942673888,9.131000028068403,9.474305152893066,22305000.0
2015-03-13,9.44350825619338,9.521634556048156,9.310543386218995,9.390172004699707,18414000.0
2015-03-16,9.530649589265918,9.799583977896164,9.517878805782813,9.756013870239258,23077000.0
2015-03-17,9.676381442150301,9.735727668133055,9.577972793466495,9.698166847229004,19006000.0
2015-03-18,9.693651203210218,9.891050347787074,9.620568245243941,9.82776165008545,21250000.0
2015-03-19,9.832283119608578,10.016873786572617,9.79611814769475,9.948311805725098,24461000.0
2015-03-20,10.053040865780625,10.109548107344583,9.960368644722022,10.042492866516113,55522000.0
2015-03-23,10.171322331414446,10.267761731181565,10.087691412925908,10.129130363464355,23849000.0
2015-03-24,10.169067576830972,10.199204816437677,10.011600625628429,10.029683113098145,25819000.0
2015-03-25,9.992008098375488,10.045501806830012,9.372687058090062,9.374947547912598,48853000.0
2015-03-26,9.060766998685308,9.42844149781496,8.812134667686328,9.39604377746582,45058000.0
2015-03-27,9.417140826719633,9.71926690154345,9.406592830794953,9.659746170043945,24297000.0
2015-03-30,9.781802577521308,9.862420025316966,9.666527631579731,9.836050033569336,19523000.0
2015-03-31,9.74262419552628,9.75693943669264,9.548239272411408,9.5670747756958,16402000.0
2015-04-01,9.542963614830203,9.565566358547345,9.313166778366405,9.465359687805176,21830000.0
2015-04-02,9.501525363323577,9.561799830096883,9.390017671645792,9.419401168823242,14508000.0
2015-04-06,9.29508339334886,9.54823668509926,9.229534939964676,9.480427742004395,14227000.0
2015-04-07,9.531662895905198,9.581389368480485,9.448031944889637,9.466867446899414,16132000.0
2015-04-08,9.453309997423904,9.60399623371591,9.440501505670136,9.552762985229492,13607000.0
2015-04-09,9.48118251710796,9.639403174149697,9.466867277166987,9.585156440734863,13961000.0
2015-04-10,9.61076998927229,9.64166095058955,9.498509309998825,9.55501651763916,11669000.0
2015-04-13,9.587416809524248,9.603991820856828,9.425428910492583,9.44426441192627,10483000.0
2015-04-14,9.422414886064358,9.443511596579485,9.202413005598299,9.341044425964355,16047000.0
2015-04-15,9.400562929812734,9.515837831910023,9.391521690576857,9.485700607299805,16893000.0
2015-04-16,9.423171224057436,9.50529544305815,9.402828244151506,9.442760467529297,15456000.0
2015-04-17,9.319194377942308,9.363646847112568,9.112000288176256,9.180562973022461,26817000.0
2015-04-20,9.229537997017355,9.328990954890266,9.20693524800854,9.26947021484375,13295000.0
2015-04-21,9.36666346385169,9.421663946097292,9.262689516383924,9.274744987487793,20616000.0
2015-04-22,9.335772257915249,9.643926129332579,9.248374046461265,9.636391639709473,22580000.0
2015-04-23,9.43446733825513,9.452549098085578,9.233301023940374,9.347822189331055,28053000.0
2015-04-24,9.322209438736971,9.322209438736971,8.73001200237909,9.003507614135742,55059000.0
2015-04-27,9.041177060287692,9.187342940038896,8.94473764287162,9.052478790283203,27320000.0
2015-04-28,9.069808014119891,9.116520971669576,8.631311070220232,8.849052429199219,31023000.0
2015-04-29,8.741312109554576,8.854326542855564,8.645626421901133,8.817408561706543,20903000.0
2015-04-30,8.791791329616823,8.961313693022444,8.759394329145357,8.806106567382812,21339000.0
2015-05-01,8.884463648162315,9.29960483144184,8.881450140751573,9.252138137817383,25334000.0
2015-05-04,9.254399202503748,9.331249394477293,9.10597353464546,9.128576278686523,14207000.0
2015-05-05,9.048712984027157,9.091658702596705,8.78727214720804,8.79932689666748,22090000.0
2015-05-06,8.878434306615622,8.918365784192126,8.693843014782052,8.79857063293457,14475000.0
2015-05-07,9.04118093034479,9.315430326657493,9.04118093034479,9.228032112121582,23542000.0
2015-05-08,9.282275411869875,9.412619308138504,9.246864184775617,9.292070388793945,14846000.0
2015-05-11,9.310156328741845,9.332005343482498,9.237073357573031,9.25289535522461,12418000.0
2015-05-12,9.193372586805957,9.31090802571066,9.13912584805754,9.263442039489746,10264000.0
2015-05-13,9.314674055257795,9.405839489927324,9.215221115083148,9.277002334594727,11857000.0
2015-05-14,9.353101659266668,9.695160039232572,9.31543064558996,9.56406307220459,23279000.0
2015-05-15,9.628103461449475,9.756939919797524,9.536184275214262,9.634130477905273,22627000.0
2015-05-18,9.64015542772079,9.824746046124872,9.589675227581521,9.808170318603516,17984000.0
2015-05-19,9.859407356556526,9.933997076075773,9.738104665663071,9.754679679870605,16053000.0
2015-05-20,9.790090233777267,9.875227938700728,9.652211829893673,9.727555274963379,18721000.0
2015-05-21,9.75769063677634,9.79686910572967,9.631867725589833,9.763717651367188,21309000.0
2015-05-22,9.781050449804015,10.083176574300246,9.781050449804015,9.993517875671387,22856000.0
2015-05-26,10.123104105616024,10.135912588759725,9.842827822666214,9.89255428314209,26781000.0
2015-05-27,9.952077057237283,10.911195959679949,9.916665826159742,10.660303115844727,114248000.0
2015-05-28,10.92551072102613,10.960168214381154,10.246668907688113,10.727357864379883,249123000.0
2015-05-29,10.85845164998215,11.244208538051048,10.85769863255581,11.156057357788086,118244000.0
2015-06-01,11.168869414951281,11.339144816466643,10.936059057681861,11.046813011169434,83579000.0
2015-06-02,11.03098996425328,11.050579199659683,10.78461812721812,10.861468315124512,41264000.0
2015-06-03,11.000101467818315,11.000101467818315,10.759756607399039,10.778592109680176,30450000.0
2015-06-04,10.735645935864573,10.807222134866347,10.584206750699577,10.638453483581543,28017000.0
2015-06-05,10.62112413641559,10.852427731743104,10.49605422927581,10.835098266601562,38593000.0
2015-06-08,10.817019828466254,10.83208808973294,10.361946985461966,10.44482421875,54422000.0
2015-06-09,10.468933682507561,10.60304414400941,10.285096022409665,10.563865661621094,44071000.0
2015-06-10,10.542769363519055,10.847908988166376,10.535988610709724,10.763525009155273,42617000.0
2015-06-11,10.712290398793911,10.793660859098498,10.624892204251514,10.697975158691406,31517000.0
2015-06-12,10.645231522526498,10.659546758678733,10.538997855414525,10.583450317382812,19145000.0
2015-06-15,10.484753701799216,10.8509214802498,10.473451969904799,10.783112525939941,34565000.0
2015-06-16,10.751468875018837,10.81098960705574,10.652015212000817,10.697975158691406,20998000.0
2015-06-17,10.691172337331798,10.766728615841636,10.537038480308386,10.629972457885742,25429000.0
2015-06-18,10.632995909496415,10.861175065458402,10.632995909496415,10.804508209228516,25298000.0
2015-06-19,10.805265630283317,10.873266160306528,10.69873180284084,10.796198844909668,26881000.0
2015-06-22,10.892153070388312,10.96619762644771,10.72895169207417,10.825663566589355,22846000.0
2015-06-23,10.87704092818503,10.87704092818503,10.642817748120112,10.701750755310059,21497000.0
2015-06-24,10.733486416971017,10.745575222241717,10.564996126521974,10.575573921203613,22402000.0
2015-06-25,10.587662656463033,10.657174187007687,10.48944048379965,10.519662857055664,17538000.0
2015-06-26,10.490951441341949,10.505307122607846,10.181171936894332,10.211394309997559,71798000.0
2015-06-29,10.037618399385861,10.215930675043444,9.900862170513768,9.974151611328125,40473000.0
2015-06-30,10.109391889344725,10.153214071034668,9.982457654695168,10.043658256530762,28695000.0
2015-07-01,10.155479706633923,10.404059249156472,10.148679800717714,10.237835884094238,43059000.0
2015-07-02,10.245390857904388,10.407835604131627,10.226501431209627,10.399524688720703,32797000.0
2015-07-06,10.28770585853708,10.397261692003635,10.114682536481327,10.139616012573242,30188000.0
2015-07-07,10.12073056645944,10.158508005020483,9.53214887935251,10.036863327026367,59268000.0
2015-07-08,9.829837508347905,9.923526659371644,9.585035754199378,9.674947738647461,51371000.0
2015-07-09,9.835881834441643,9.92503795580598,9.34779004339507,9.420324325561523,73469000.0
2015-07-10,9.56614809994066,9.884238593976397,9.557836459100923,9.81019401550293,50948000.0
2015-07-13,9.926548133197041,9.926548133197041,9.705924724766163,9.76032543182373,25304000.0
2015-07-14,9.773168926742652,10.00965899945655,9.709701442815849,9.996058464050293,26289000.0
2015-07-15,9.948457335792973,10.085969362390403,9.884234713722233,9.952235221862793,23100000.0
2015-07-16,10.096549670139089,10.182683764646914,9.88952607351673,10.17739486694336,33977000.0
2015-07-17,10.197037849513658,10.200059870425585,9.970369708281458,10.098814964294434,29000000.0
2015-07-20,10.166057378709604,10.24690254507821,10.10561265040788,10.172857284545898,23563000.0
2015-07-21,10.20761630764828,10.304327468148038,10.135082036575707,10.16303825378418,31532000.0
2015-07-22,9.598633627186201,9.822279007183724,9.473210403169393,9.791300773620605,61346000.0
2015-07-23,9.911436722155141,10.200060637125572,9.860058759999696,9.971125602722168,30608000.0
2015-07-24,10.087481534027015,10.113170874036031,9.696856860245815,9.70743465423584,36311000.0
2015-07-27,9.622057334417173,9.633390994988716,9.376500453166363,9.41805648803711,34893000.0
2015-07-28,9.488322493503812,9.788280059567725,9.332677601145928,9.702901840209961,27869000.0
2015-07-29,9.69912106820139,9.7557879090682,9.478497745032595,9.714987754821777,33407000.0
2015-07-30,9.500411940257344,9.730857255840439,9.449789125047644,9.644723892211914,39169000.0
2015-07-31,9.696856124827415,9.696856124827415,9.441477357386553,9.455077171325684,30593000.0
2015-08-03,9.551788770767494,9.632633227764856,9.387076394990721,9.50494384765625,27273000.0
2015-08-04,9.486055031668714,9.486055031668714,8.973029920629838,9.328898429870605,47467000.0
2015-08-05,9.293391169834054,9.496636916357627,9.142279264746996,9.425614356994629,34158000.0
2015-08-06,9.447522576451641,9.474722928278341,9.112054452821853,9.313788414001465,46052000.0
2015-08-07,9.143787381159632,9.367432785779677,9.12867583515543,9.259387969970703,30527000.0
2015-08-10,9.330410849259255,9.6258346671244,9.293388568971759,9.616767883300781,28907000.0
2015-08-11,9.492855983604741,9.53743403534785,9.28734342627427,9.384810447692871,26744000.0
2015-08-12,9.18685422192272,9.571434124407443,9.113564810631276,9.499655723571777,27205000.0
2015-08-13,9.491343438671368,9.58201053798199,9.369698107525776,9.38329792022705,14571000.0
2015-08-14,9.36894425721086,9.406722403521833,9.15512077052711,9.214810371398926,26496000.0
2015-08-17,9.166453254878483,9.48378849029541,9.127164103043699,9.48378849029541,21293000.0
2015-08-18,9.502680143683035,9.502680143683035,9.201212225176107,9.235967636108398,19502000.0
2015-08-19,9.186097180279996,9.276764281041629,9.013829760888697,9.176275253295898,30891000.0
2015-08-20,9.072767807623112,9.11507899736146,8.69120979309082,8.69120979309082,41756000.0
2015-08-21,8.51893941337806,8.72596299724631,8.411650455224043,8.420717239379883,56472000.0
2015-08-24,7.637959983694747,8.689700175182486,7.555603747209522,8.306631088256836,69040000.0
2015-08-25,8.623205633598959,8.688939267353822,8.175158280096916,8.198580741882324,43921000.0
2015-08-26,8.507605487673976,8.820406982846754,8.4003158213953,8.779606819152832,59354000.0
2015-08-27,9.10450053351986,9.595614374185756,9.09543374773123,9.539703369140625,91882000.0
2015-08-28,9.484543365259638,9.650010872628828,9.421075892469483,9.642455101013184,36322000.0
2015-08-31,9.56841097766008,9.674189631223976,9.444499478836713,9.517788887023926,30087000.0
2015-09-01,9.18156476601029,9.446010314182342,8.923163259293348,9.019119262695312,49749000.0
2015-09-02,9.229170121110284,9.374237286935674,9.0788133351448,9.371971130371094,36700000.0
2015-09-03,9.474722679406263,9.588056394869932,9.309255137783703,9.351566314697266,29954000.0
2015-09-04,9.160410137654154,9.354589055861128,9.11583208124341,9.153610229492188,24923000.0
2015-09-08,9.474722974427666,9.771657808167925,9.430900785625266,9.758813858032227,35477000.0
2015-09-09,9.835882831476585,9.957528219012294,9.542725813198407,9.60845947265625,31502000.0
2015-09-10,9.711966098600259,9.758811015458482,9.429386307877694,9.725565910339355,36224000.0
2015-09-11,9.683254877507121,9.914456003597097,9.591076773213132,9.903878211975098,39606000.0
2015-09-14,10.011169416649238,10.104103400758817,9.867613342059842,9.912191390991211,34643000.0
2015-09-15,9.983213897330401,10.196281493084,9.897835685934828,10.153214454650879,30804000.0
2015-09-16,10.147908053015824,10.147908053015824,9.872779978597205,9.966005325317383,27317000.0
2015-09-17,9.967521913997823,10.0850006785302,9.868233568333597,9.899308204650879,19918000.0
2015-09-18,9.74241837416726,9.814421823712939,9.595379979142615,9.670414924621582,44021000.0
2015-09-21,9.729534985198388,9.806085690862593,9.566580126288025,9.645404815673828,16515000.0
2015-09-22,9.473352528389233,9.537776510495252,9.375579925044047,9.451373100280762,22483000.0
2015-09-23,9.460466059102545,9.68632833758018,9.38391466674562,9.515036582946777,21879000.0
2015-09-24,9.40589714050293,9.500638249045977,9.053460101072028,9.40589714050293,44995000.0
2015-09-25,9.546875696716944,9.77198061017656,9.489273640188413,9.60599422454834,35087000.0
2015-09-28,9.546870127137975,9.714372886349095,9.15653729141909,9.159568786621094,39887000.0
2015-09-29,9.239909229114287,9.283111288593567,8.948106491643289,9.070133209228516,47991000.0
2015-09-30,9.230817163498607,9.491544633934865,9.170941137138017,9.474870681762695,43955000.0
2015-10-01,9.330863448498672,9.46653265891396,9.057251044152464,9.257344245910645,45674000.0
2015-10-02,9.094385565319808,9.349808162243859,8.95947464726064,9.3475341796875,35207000.0
2015-10-05,9.395285147839127,9.464257089387411,9.167906367815142,9.187612533569336,39085000.0
2015-10-06,9.152748188478757,9.171696119016012,8.453179664046932,8.876104354858398,115846000.0
2015-10-07,8.992823895722829,9.06028008234403,8.778330078363073,8.992066383361816,37284000.0
2015-10-08,8.907180854762448,8.94052947970447,8.624473248314285,8.84427261352539,41409000.0
2015-10-09,8.834420210552011,8.949625015416013,8.757111276071988,8.860947608947754,34479000.0
2015-10-12,8.91248838700888,8.942048010112204,8.773787652990691,8.919309616088867,24184000.0
2015-10-13,8.817746887357925,8.842758541509351,8.580515290701145,8.596431732177734,32475000.0
2015-10-14,8.56459728009808,8.925371333104742,8.517605477023743,8.902633666992188,33530000.0
2015-10-15,8.943563582567554,9.24597742264476,8.920067676229447,9.236882209777832,49316000.0
2015-10-16,9.239151285215547,9.24521499865226,9.087565677469632,9.176243782043457,19866000.0
2015-10-19,9.17093611011566,9.190642270549692,8.895808099093893,9.016318321228027,18593000.0
2015-10-20,8.979184054453832,9.100452566633672,8.913244319026477,9.086810111999512,21920000.0
2015-10-21,9.228544804131099,9.298274289790756,9.103486526742453,9.13304615020752,28197000.0
2015-10-22,9.217932574606836,9.52110461823402,9.18685792984387,9.499882698059082,34344000.0
2015-10-23,9.661321821626938,9.84095136698142,9.402868305090058,9.821245193481445,35498000.0
2015-10-26,9.706038271618835,9.706038271618835,9.302820369059212,9.368760108947754,58129000.0
2015-10-27,9.329347859655416,9.485481478741406,9.1663930127235,9.20807933807373,32280000.0
2015-10-28,9.45819451997979,9.69012057116585,9.375580116306237,9.63251781463623,30966000.0
2015-10-29,9.170940722877639,9.410446263136132,8.99813243392988,9.101968765258789,61582000.0
2015-10-30,9.159567090350283,9.399830749634951,9.10802806737496,9.332374572753906,25516000.0
2015-11-02,9.372549631968884,9.490028418124448,9.281598243704831,9.383160591125488,26068000.0
2015-11-03,9.2073209454711,9.470322390500883,9.2073209454711,9.257344245910645,26222000.0
2015-11-04,9.284629515093773,9.46350079119589,9.099694524127187,9.406656265258789,43098000.0
2015-11-05,9.46729131168425,9.474112539714438,9.140624096356156,9.175488471984863,28308000.0
2015-11-06,9.341471652101756,9.837157266057186,9.339955904477607,9.828062057495117,45287000.0
2015-11-09,9.729535837737405,9.772737918146015,9.52792685198141,9.58780288696289,28250000.0
2015-11-10,9.33086038103875,9.404379559457825,9.07771246591918,9.08453369140625,44759000.0
2015-11-11,9.11106340023972,9.299788116053259,9.081504507999016,9.091357231140137,25953000.0
2015-11-12,9.111064971438482,9.202016370009385,9.013292344467818,9.083779335021973,26588000.0
2015-11-13,9.019352760399741,9.086808958057768,8.732097954441178,8.908695220947266,39824000.0
2015-11-16,8.903392833241279,9.229302573594936,8.873833934086672,9.206564903259277,27796000.0
2015-11-17,9.205806628659566,9.374066978628512,9.17094224914722,9.251282691955566,19868000.0
2015-11-18,9.240670070560485,9.557483817128187,9.216415933554938,9.543841361999512,20270000.0
2015-11-19,9.55748194664957,9.559755929665103,9.323281934932163,9.490026473999023,32780000.0
2015-11-20,9.565821439381779,9.600685812351859,9.377854951059213,9.580222129821777,28057000.0
2015-11-23,9.606750264951357,9.606750264951357,9.414235794960883,9.429394721984863,16003000.0
2015-11-24,9.353604317472527,9.746212115044374,9.353604317472527,9.727263450622559,35659000.0
2015-11-25,9.777284063223119,9.790169006901701,9.675721707600216,9.731050491333008,21396000.0
2015-11-27,9.749239887426423,9.887183075880518,9.690879613503192,9.856107711791992,13262000.0
2015-11-30,9.809875203616452,9.906132079476496,9.63479364013174,9.887184143066406,32615000.0
2015-12-01,9.941750308602627,10.13881194078928,9.92204414538396,10.072113990783691,43255000.0
2015-12-02,10.08576156904187,10.232041748156256,9.969798521750064,10.02057933807373,54364000.0
2015-12-03,10.979357018395003,11.130942639013586,10.829287145560018,10.97329330444336,120661000.0
2015-12-04,10.974810657684388,11.209010710715816,10.856574362277698,11.183999061584473,60329000.0
2015-12-07,11.118058012372593,11.347710794273794,11.031654603731235,11.280255317687988,44769000.0
2015-12-08,11.129430734204732,11.262068469102061,11.04833205583235,11.200675964355469,34560000.0
2015-12-09,11.152167622074519,11.217349854424523,10.946011410437428,11.039236068725586,30803000.0
2015-12-10,11.074096877961669,11.326487287426062,11.004367428026335,11.166563987731934,33078000.0
2015-12-11,10.961167838291846,11.196126118920791,10.936914425378426,10.946009635925293,27777000.0
2015-12-14,10.92478746542484,11.017255322820779,10.704988100537374,10.80124568939209,36993000.0
2015-12-15,10.814131698781315,10.931611224994922,10.710295352640813,10.85884952545166,35398000.0
2015-12-16,10.884696847948488,10.969086174038845,10.674103455800395,10.938674926757812,29644000.0
2015-12-17,11.018503435533297,11.06183859456577,10.674864448192128,10.68018627166748,24378000.0
2015-12-18,10.661179570922279,10.788904063322995,10.533455078521564,10.658899307250977,51964000.0
2015-12-21,10.879376310549638,11.099852804087618,10.785103172941708,11.084647178649902,26627000.0
2015-12-22,11.193365001580672,11.193365001580672,10.853527382726934,11.031429290771484,21684000.0
2015-12-23,11.10137238052035,11.150029363172736,10.977449297759762,11.138625144958496,16170000.0
2015-12-24,11.131022080843918,11.19792552110697,11.078563693307615,11.12417984008789,7436000.0
2015-12-28,11.092249099612456,11.130262435106552,10.942476746277174,11.126461029052734,13873000.0
2015-12-29,11.17587931401015,11.311206631993265,11.024587248591123,11.247344017028809,22533000.0
2015-12-30,11.214648885594887,11.319564910580898,11.18499821600405,11.204005241394043,17396000.0
2015-12-31,11.14394810617093,11.213892389928805,11.032949647712144,11.03523063659668,19673000.0
2016-01-04,10.801067344264865,10.822354637279549,10.634569681005123,10.817032814025879,30970000.0
2016-01-05,10.882417203384726,10.89458126877299,10.431580412372329,10.455148696899414,38173000.0
2016-01-06,10.230870565601665,10.344150008014957,10.056770072571487,10.133557319641113,50824000.0
2016-01-07,9.983023444654778,10.17004855644869,9.74582165962304,9.811203956604004,50056000.0
2016-01-08,9.885712675408445,10.146482807305647,9.735940289339327,9.746583938598633,64641000.0
2016-01-11,9.845415399361299,9.88114774334233,9.535227795732848,9.734416961669922,38941000.0
2016-01-12,9.87278764678656,10.010395235368179,9.644708318032524,9.877348899841309,41112000.0
2016-01-13,9.712370652467923,9.881909895758762,9.357327419259292,9.3748140335083,48470000.0
2016-01-14,9.441715490126564,9.631021586079157,9.145213084485585,9.517742156982422,63942000.0
2016-01-15,9.139132310282637,9.411306636804747,9.069948596713441,9.120885848999023,75916000.0
2016-01-19,9.33299761840221,9.488091054756204,9.047898718078374,9.128486633300781,54773000.0
2016-01-20,8.958189950745584,9.547394211039638,8.90801254257781,9.414348602294922,103988000.0
2016-01-21,9.488091303962875,9.579323592501455,9.377853436631783,9.467564582824707,48475000.0
2016-01-22,9.615817016198198,9.615817016198198,9.444758084597366,9.466045379638672,58428000.0
2016-01-25,9.459966104762549,9.501780862410538,9.427274580147653,9.46452808380127,61359000.0
2016-01-26,9.503297570994071,9.618097423052737,9.427270900408493,9.456921577453613,119134000.0
2016-01-27,9.400659885164815,9.53446674037547,9.130006065592069,9.301825523376465,58156000.0
2016-01-28,9.346681631565387,9.621136872293397,9.2752169485297,9.607452392578125,49969000.0
2016-01-29,9.840857388095403,10.213386573573132,9.739741992016933,10.16549015045166,259449000.0
2016-02-01,10.137356430697329,10.544098140632455,10.10846632737253,10.467310905456543,45619000.0
2016-02-02,10.264322712243995,10.460470347888908,10.01267512440965,10.129755973815918,59005000.0
2016-02-03,10.434622892055968,10.461991860330427,9.905479113116316,9.98682689666748,56234000.0
2016-02-04,9.989865493219618,10.436140213483766,9.921441642745432,10.348710060119629,60833000.0
2016-02-05,10.415613566978884,10.415613566978884,9.653829375038741,9.758746147155762,70953000.0
2016-02-08,9.654590723570868,9.654590723570868,9.063865398326554,9.264575004577637,91242000.0
2016-02-09,9.110242272156178,9.558037523215235,9.029654338392104,9.101119041442871,63400000.0
2016-02-10,9.312469015791049,9.402180148482104,9.020527911537888,9.062342643737793,45473000.0
2016-02-11,8.857072577475607,8.943742890351707,8.686013665275759,8.84262752532959,66673000.0
2016-02-12,8.952866479797787,9.30030686638676,8.798532876994537,9.249369621276855,39965000.0
2016-02-16,9.371769317073243,9.639382289083818,9.347441194637682,9.597567558288574,38521000.0
2016-02-17,9.655350155524852,9.945770905142643,9.634823433063001,9.935127258300781,32742000.0
2016-02-18,10.017236803677722,10.034723418488547,9.585407033307302,9.660673141479492,39202000.0
2016-02-19,9.659151787749526,9.79143753019294,9.50329776244889,9.78231430053711,31118000.0
2016-02-22,9.883428062012483,10.068172163603814,9.84465488607804,9.932085037231445,24204000.0
2016-02-23,9.89559240895747,9.921441677019319,9.73593699898083,9.743539810180664,22352000.0
2016-02-24,9.618098469820513,9.978463535531208,9.534469703110048,9.909279823303223,25680000.0
2016-02-25,9.942730339106022,10.072735093344104,9.783835478360793,10.07121467590332,25652000.0
2016-02-26,10.202741010151804,10.261281071874832,10.05448979017867,10.119872093200684,27142000.0
2016-02-29,10.13735601343094,10.485556931225426,10.103904659663128,10.185253143310547,35911000.0
2016-03-01,10.291691717976965,10.540298471749589,10.234672073090369,10.524333000183105,44906000.0
2016-03-02,10.480240219049612,10.509890906771465,10.267366479819305,10.413336753845215,43834000.0
2016-03-03,10.472635291388949,10.556264787283267,10.210344758931809,10.440704345703125,59437000.0
2016-03-04,11.099853686912754,11.241262679527463,10.774460382097988,11.104414939880371,72399000.0
2016-03-07,11.005579283340348,11.11733830627566,10.687028981968888,10.91054630279541,41363000.0
2016-03-08,10.817796317155773,10.85808992555599,10.59884020816989,10.61556625366211,33216000.0
2016-03-09,10.70071244539325,10.836039739023736,10.679425152583876,10.792704582214355,31152000.0
2016-03-10,10.906744767453553,11.084646661537187,10.795746317095306,10.979730606079102,54546000.0
2016-03-11,11.09908777965613,11.405473903866346,11.08084132646931,11.314242362976074,55822000.0
2016-03-14,11.184240563141785,11.342374840140693,11.175877180312652,11.262547492980957,28444000.0
2016-03-15,11.289916791647075,11.402435644983715,11.105932526349324,11.287635803222656,30891000.0
2016-03-16,11.247971266222827,11.386034470689987,11.201441714148277,11.3372163772583,34906000.0
2016-03-17,11.241108791949541,11.572918262443974,11.241108791949541,11.559950828552246,44708000.0
2016-03-18,11.589697500534086,11.670552265333352,11.508079646113911,11.6316499710083,70568000.0
2016-03-21,11.639280497597436,11.670554812318008,11.505031253380677,11.662163734436035,28207000.0
2016-03-22,11.624783649578296,11.869636455387205,11.559947227760427,11.804800033569336,33945000.0
2016-03-23,11.809379668384068,11.84751814921295,11.620209806399854,11.669790267944336,27577000.0
2016-03-24,11.575968859845695,11.692675034333512,11.527151484632812,11.670554161071777,25651000.0
2016-03-28,11.691908579127395,11.708690001679459,11.599611846258144,11.678178787231445,17224000.0
2016-03-29,11.691146773751013,11.817768727712952,11.608004196273042,11.756746292114258,26765000.0
2016-03-30,11.82310787592304,11.997021740270208,11.788020303684531,11.970324516296387,26794000.0
2016-03-31,11.977190080607443,12.003888033514587,11.781155336561534,11.784969329833984,24968000.0
2016-04-01,11.74988065973589,12.045839381114693,11.5301996143572,12.036685943603516,25671000.0
2016-04-04,12.051942111523942,12.077113883228382,11.873451168316619,11.900148391723633,17760000.0
2016-04-05,11.781154799791949,11.979478076254345,11.781154799791949,11.825396537780762,56915000.0
2016-04-06,11.80022579603231,12.034399755143548,11.724710471949782,12.016855239868164,28149000.0
2016-04-07,12.012276302830669,12.048126960451865,11.799460170715042,11.820817947387695,22975000.0
2016-04-08,11.920744164248744,11.968036078219729,11.795647664120327,11.91082763671875,18526000.0
2016-04-11,12.008467641466044,12.036690326392474,11.868878941622038,11.869641304016113,18568000.0
2016-04-12,11.900148449554342,11.92760876266848,11.670551599693477,11.855907440185547,16537000.0
2016-04-13,11.93523716465865,12.177801453676022,11.86963764672924,12.164834022521973,21730000.0
2016-04-14,11.997785083228896,12.136611378269285,11.899386533520325,12.114490509033203,27549000.0
2016-04-15,12.061860243144329,12.077878580285244,11.786496152863949,11.860486030578613,27685000.0
2016-04-18,11.849808571281994,11.929900994111215,11.73234002394014,11.891761779785156,15297000.0
2016-04-19,11.933710822066393,11.95811950334446,11.50197672519433,11.523334503173828,24560000.0
2016-04-20,11.553084684632898,11.7544588870649,11.472229913275953,11.68809700012207,19435000.0
2016-04-21,11.662922905449088,11.69190866851301,11.476041624595696,11.544692039489746,16117000.0
2016-04-22,11.472229780466138,11.665975993606756,11.344845453500104,11.466890335083008,25699000.0
2016-04-25,11.460788482439503,11.507318769200063,11.34789703299787,11.373068809509277,10870000.0
2016-04-26,11.555374009348084,11.755222773403192,11.444770371984465,11.499691009521484,26309000.0
2016-04-27,11.228901452753615,11.698012427856598,11.174743913718233,11.558423042297363,38930000.0
2016-04-28,11.471466054902292,11.748356292137057,11.238055195441248,11.288398742675781,25520000.0
2016-04-29,11.160254980480072,11.273147181281658,10.92684404473679,11.117539405822754,35067000.0
2016-05-02,11.148811313775072,11.199917228848467,11.022189342053386,11.142708778381348,19525000.0
2016-05-03,11.067956846737522,11.135844190448188,10.856666100567502,10.923027992248535,23986000.0
2016-05-04,10.870392982348868,11.01608415032643,10.775807713746653,10.836830139160156,20888000.0
2016-05-05,10.970316962993287,11.052697164522876,10.838355586182862,10.875732421875,16841000.0
2016-05-06,10.813187375427205,10.869633464834058,10.616390243403043,10.823103904724121,30027000.0
2016-05-09,10.831490207733557,10.97794445860272,10.775044866860542,10.862001419067383,17300000.0
2016-05-10,10.869634271417508,11.071008501889397,10.793355845201498,11.0305814743042,18461000.0
2016-05-11,10.990913533967868,11.153385413128989,10.94667179806563,10.972606658935547,16716000.0
2016-05-12,10.98939072399108,11.039734282041994,10.642325263869019,10.758268356323242,26452000.0
2016-05-13,10.750639955547653,10.917688961992232,10.6499528433101,10.68275260925293,21716000.0
2016-05-16,10.74530043991491,10.95506574068102,10.73157064376962,10.881075859069824,20373000.0
2016-05-17,10.870396036878121,10.907009065947493,10.669784193190623,10.768182754516602,21248000.0
2016-05-18,10.71936261240951,11.064139396526382,10.704106641989261,10.974893569946289,22620000.0
2016-05-19,10.910062235440119,11.03439495228865,10.764371005983774,10.887941360473633,17478000.0
2016-05-20,10.993966056106467,11.263990683980442,10.961929383805122,11.192289352416992,25889000.0
2016-05-23,11.30365311156861,11.467651161622543,11.280006793125656,11.296788215637207,17609000.0
2016-05-24,11.334929784579169,11.56986685414376,11.315860543177498,11.550034523010254,19907000.0
2016-05-25,11.58207075803876,11.74683120892684,11.47909511251126,11.714032173156738,21737000.0
2016-05-26,11.729285619651117,11.76589937087008,11.580543528352456,11.672077178955078,18431000.0
2016-05-27,11.670555292188748,11.741493547538743,11.629365173207619,11.693438529968262,18693000.0
2016-05-31,11.746828819121502,11.819293228355347,11.693434374130645,11.77428913116455,32058000.0
2016-06-01,11.70182709884813,11.847518309012013,11.696487653264477,11.80556583404541,30777000.0
2016-06-02,11.839128314020703,11.862774638726352,11.700301997243775,11.816245079040527,46746000.0
2016-06-03,12.644622833393566,12.66216734683474,12.296032744995513,12.399770736694336,82985000.0
2016-06-06,12.46384287328058,12.505032248203154,12.282300314126413,12.421127319335938,34010000.0
2016-06-07,12.45926874870361,12.658354411978896,12.418841726250722,12.573685646057129,32340000.0
2016-06-08,12.516473929125045,12.556900938672202,12.459264771266573,12.486725807189941,25620000.0
2016-06-09,12.367734064472025,12.589702202906699,12.36620788530341,12.520289421081543,29143000.0
2016-06-10,12.370019179283371,12.431805420086333,12.20449641823616,12.267045021057129,26657000.0
2016-06-13,12.21517775825099,12.376124924611062,12.177038553798596,12.20526123046875,21568000.0
2016-06-14,12.148814442423415,12.244924440653007,12.06185715383449,12.127456665039062,25669000.0
2016-06-15,12.152710786474348,12.252184543325916,12.103738675403205,12.120573043823242,30884000.0
2016-06-16,12.017271557422148,12.154240066007302,11.906319731583354,12.138171195983887,22804000.0
2016-06-17,12.164189449862754,12.223874144689967,11.855053394327431,11.936928749084473,43333000.0
2016-06-20,12.120570921197507,12.212393339722976,11.989723482224404,12.008088111877441,20265000.0
2016-06-21,12.060121346597018,12.120571528086757,11.907083974725166,11.922388076782227,16126000.0
2016-06-22,11.916267490536173,12.026454555332842,11.845104722332978,11.871121406555176,16039000.0
2016-06-23,12.040227848944616,12.138172070204192,11.934632305508382,12.137407302856445,24435000.0
2016-06-24,11.630852988589492,11.850462362335534,11.355385677056796,11.379871368408203,64177000.0
2016-06-27,11.209998445214326,11.267388101039144,10.886324551819659,10.990389823913574,37864000.0
2016-06-28,11.225304706600602,11.47246032265526,11.21612238909251,11.460217475891113,37233000.0
2016-06-29,11.631618770336754,11.910146617669119,11.537500569248168,11.8604097366333,47860000.0
2016-06-30,11.860407578556467,12.031809580242497,11.79689686883223,11.89101505279541,42626000.0
2016-07-01,11.819851518687654,11.926978036384396,11.754811278707852,11.800722122192383,19779000.0
2016-07-05,11.598713996373068,11.60866107937001,11.441850591864451,11.535968780517578,26321000.0
2016-07-06,11.428845123013465,11.574995984225366,11.260503599129713,11.526023864746094,20603000.0
2016-07-07,11.488526909296954,11.707370761826777,11.488526909296954,11.553567886352539,19248000.0
2016-07-08,11.680589987083764,11.879538225690675,11.626261586891392,11.871121406555176,26741000.0
2016-07-11,12.021098792782604,12.125929571870001,11.958353570700034,12.040993690490723,25201000.0
2016-07-12,12.134346311672402,12.31263489276492,12.109095123583336,12.135111808776855,20306000.0
2016-07-13,12.159596733256196,12.272079556649576,12.039462587999848,12.044818878173828,15734000.0
2016-07-14,12.208567857239597,12.324111929799173,12.15576972707444,12.303451538085938,23550000.0
2016-07-15,12.327936064775576,12.363134328411643,12.216983525150367,12.331761360168457,19259000.0
2016-07-18,12.428177681644003,12.52612189481486,12.392213186554578,12.421290397644043,14626000.0
2016-07-19,12.355483512801523,12.396039529207266,12.226932558252159,12.28355598449707,14797000.0
2016-07-20,12.365433187422042,12.531479654869075,12.313399816374748,12.447308540344238,18064000.0
2016-07-21,12.473323919312412,12.509286955374156,12.229228880342621,12.274374961853027,19530000.0
2016-07-22,12.211627809194667,12.265956930783725,11.9897234492665,12.21774959564209,19664000.0
2016-07-25,12.215454145907398,12.296563987269936,12.187142433563224,12.226166725158691,9627000.0
2016-07-26,12.350893185842958,12.510817108353148,12.271313608209256,12.5062255859375,28631000.0
2016-07-27,12.697521118862854,12.82454252257179,12.450365594330616,12.676095962524414,30493000.0
2016-07-28,12.62559916040891,12.776341547808622,12.54295902678124,12.566679954528809,19512000.0
2016-07-29,12.543724531886458,12.598818444037905,12.327177099434026,12.394513130187988,26030000.0
2016-08-01,12.455721815719727,12.53989290629432,12.388385818947636,12.511580467224121,17876000.0
2016-08-02,12.480212626819222,12.548314878203175,12.416701899220229,12.464143753051758,22689000.0
2016-08-03,12.386857642088918,12.560556151794925,12.340946791098094,12.557494163513184,15019000.0
2016-08-04,12.569737717871254,12.77863449768304,12.564381427606326,12.777868270874023,19978000.0
2016-08-05,12.85132618737502,13.023493694455457,12.796232293213366,13.01737117767334,25594000.0
2016-08-08,13.008188910344753,13.102306364229708,12.844438230502549,12.881932258605957,19084000.0
2016-08-09,12.927082132530481,13.174237759354142,12.908718956194036,13.0977201461792,32743000.0
2016-08-10,13.101542192432579,13.175000717472296,12.995945927557873,13.149748802185059,19523000.0
2016-08-11,13.166584173888893,13.249989053848557,13.077056777061664,13.168113708496094,15745000.0
2016-08-12,13.17117169927516,13.208665722641193,13.11378351349175,13.197188377380371,16530000.0
2016-08-15,13.26605672001921,13.452762088722693,13.199485483658563,13.432103157043457,25807000.0
2016-08-16,13.376246497990183,13.390019607660218,13.168879247672542,13.191835403442383,19069000.0
2016-08-17,13.18035397483812,13.259167312236983,13.14285995365746,13.24003791809082,16613000.0
2016-08-18,13.223973534676402,13.328038816829583,13.210200424601375,13.30890941619873,21120000.0
2016-08-19,13.328034969148224,13.395372424821536,13.270646783823105,13.385424613952637,15349000.0
2016-08-22,13.390786567443632,13.491026566727031,13.318859018963916,13.461949348449707,15393000.0
2016-08-23,13.522393382595165,13.57978156603532,13.476481084467947,13.569833755493164,19741000.0
2016-08-24,13.587435275479146,13.596616860538607,13.342575493473758,13.413738250732422,21802000.0
2016-08-25,13.430576676226032,13.554537605353802,13.367065946939825,13.470366477966309,18735000.0
2016-08-26,13.530813196007838,13.670076736523011,13.400731241463959,13.556063652038574,22586000.0
2016-08-29,13.566773647401961,13.672369893091798,13.536166907182457,13.57442569732666,16726000.0
2016-08-30,13.632583462409762,13.728996688113233,13.462711706943848,13.543822288513184,27838000.0
2016-08-31,13.551474971240825,13.644829141997588,13.4175676926633,13.499443054199219,32753000.0
2016-09-01,13.53463989902199,13.59509008959269,13.377011710697612,13.550708770751953,39128000.0
2016-09-02,13.543826177806979,13.56984141004546,12.916370884776361,13.24616813659668,80668000.0
2016-09-06,13.28518499847013,13.31426220519462,12.980641284251785,13.092358589172363,36132000.0
2016-09-07,13.116845797361858,13.161227109512662,12.83296098011153,12.924017906188965,31437000.0
2016-09-08,12.884996840595113,12.918664120253124,12.74496705271632,12.884230613708496,18680000.0
2016-09-09,12.727367068598234,12.782460970457388,12.294270825121632,12.302687644958496,45022000.0
2016-09-12,12.176431557146438,12.606467240772426,12.147354343758078,12.585806846618652,35673000.0
2016-09-13,12.585806527456796,12.806180654056059,12.572033418196774,12.643960952758789,36003000.0
2016-09-14,12.643195805324131,13.002833467321945,12.629421236998601,12.978347778320312,40324000.0
2016-09-15,12.996003538824281,13.277673407562226,12.909275867755385,13.256183624267578,36322000.0
2016-09-16,13.233158836596306,13.276905474363229,13.035912501902468,13.142594337463379,83067000.0
2016-09-19,13.166387885453059,13.322188817040649,13.001376210075662,13.103452682495117,28306000.0
2016-09-20,13.217039042640291,13.217039042640291,12.906969946722095,12.911575317382812,18722000.0
2016-09-21,12.923856535906467,13.04895837734361,12.86399110563497,13.034375190734863,17977000.0
2016-09-22,13.121870081348936,13.143359860717466,12.899295693453263,12.958394050598145,20619000.0
2016-09-23,12.947646384305418,12.97297299146645,12.702815195676527,12.79030990600586,26875000.0
2016-09-26,12.67135055876604,12.834826592537905,12.491755726288474,12.79338264465332,32033000.0
2016-09-27,12.80872957512207,13.114960356037813,12.741957560026249,13.113426208496094,25353000.0
2016-09-28,13.18403605182818,13.255413442701208,13.030537844835152,13.101146697998047,20843000.0
2016-09-29,13.047421988214607,13.35365278605367,13.00827926551899,13.236226081848145,38570000.0
2016-09-30,13.277668992072412,13.40430642770118,13.23468943977597,13.240830421447754,34220000.0
2016-10-03,13.278441498383208,13.345980605909325,13.025935089290993,13.052797317504883,22807000.0
2016-10-04,13.094238617539323,13.116495467095133,12.900062097588632,12.974509239196777,19596000.0
2016-10-05,13.16254534319062,13.362861389444422,13.099611624407984,13.314509391784668,26149000.0
2016-10-06,13.300694715524301,13.40430676623337,13.144125296860734,13.369002342224121,21014000.0
2016-10-07,13.421960983159387,13.427333427841665,13.230854196134299,13.370537757873535,21842000.0
2016-10-10,13.410444378731423,13.500241769363173,13.335997244663929,13.413514137268066,16336000.0
2016-10-11,13.453429508744671,13.469546845661,13.011351890637274,13.137222290039062,26181000.0
2016-10-12,13.104983962965827,13.128776424716655,12.924622083473047,13.083494186401367,21740000.0
2016-10-13,12.953019297834157,13.039745473724182,12.801822331444288,12.966065406799316,22373000.0
2016-10-14,13.045888110886525,13.25004249121109,12.996769030445321,13.05433177947998,19570000.0
2016-10-17,13.02439573867446,13.12033265872213,12.94994859502907,12.961462020874023,12741000.0
2016-10-18,13.097308215448603,13.267692272385444,13.088866012751213,13.213966369628906,14167000.0
2016-10-19,13.137217374322885,13.22240939868374,13.055862182319064,13.19094181060791,20440000.0
2016-10-20,13.174824347645616,13.398932830405673,13.12570381790524,13.309135437011719,18961000.0
2016-10-21,13.223177202367067,13.308369231430964,13.101145139565078,13.271529197692871,15842000.0
2016-10-24,13.366700151477863,13.584669149304471,13.320650837419706,13.550131797790527,19772000.0
2016-10-25,13.510225038370528,13.546296545594192,13.316815533646793,13.327560424804688,21622000.0
2016-10-26,13.212439193856756,13.414290946895996,13.131852493021222,13.27767562866211,21075000.0
2016-10-27,13.378210956515181,13.45035541238737,13.184034438260072,13.219340324401855,19840000.0
2016-10-28,13.238530120768372,13.267695031348465,12.973743239991029,12.997535705566406,20651000.0
2016-10-31,13.047422727064994,13.174827253582741,12.946880424345398,13.068912506103516,20317000.0
2016-11-01,13.102681454819487,13.166383711605219,12.727375969757544,12.955321311950684,28452000.0
2016-11-02,13.270761563889732,13.365931403049823,13.032838429870619,13.24389934539795,43501000.0
2016-11-03,13.23545920770523,13.457265045230576,13.212433818028448,13.27690315246582,20654000.0
2016-11-04,13.078121124976139,13.395095314340821,13.065073552123382,13.213966369628906,21753000.0
2016-11-07,13.384355741851289,13.65221243275019,13.362865957766973,13.581602096557617,26126000.0
2016-11-08,13.590041557516358,13.662953093237883,13.439611651634056,13.58466911315918,18923000.0
2016-11-09,13.160242734254279,13.546293107876307,13.136450272173796,13.309904098510742,32506000.0
2016-11-10,13.332926190364063,13.39279159959421,12.533196345989374,12.889314651489258,51217000.0
2016-11-11,12.84403225049001,13.047418003873213,12.719697528289844,12.858613967895508,29793000.0
2016-11-14,12.776495318968086,12.876270539859417,12.511709935306545,12.570039749145508,28187000.0
2016-11-15,12.650626711360236,12.85554813840716,12.556992470275818,12.774961471557617,25380000.0
2016-11-16,12.763449315013093,12.906971181996969,12.721238292854427,12.880877494812012,13333000.0
2016-11-17,12.844037254269677,12.97220885817884,12.741959337140186,12.820244789123535,18100000.0
2016-11-18,12.797983002356832,12.982950228475831,12.797983002356832,12.906200408935547,19524000.0
2016-11-21,12.980650317793204,13.259250363137548,12.980650317793204,13.24543571472168,21384000.0
2016-11-22,13.332931082701718,13.616905050218607,13.301463487420886,13.586204528808594,31024000.0
2016-11-23,13.535551661782717,13.643000573419982,13.449592532472904,13.590811729431152,22123000.0
2016-11-25,13.567783871298795,13.586203890503109,13.474916701442444,13.565481185913086,8198000.0
2016-11-28,13.512522868616518,13.59003976466969,13.395863255747193,13.404305458068848,26570000.0
2016-11-29,13.343672862343956,13.58313160355708,13.310671127013357,13.465704917907715,18514000.0
2016-11-30,13.440380467025328,13.500245900392125,13.081193722350495,13.085030555725098,31249000.0
2016-12-01,13.048187460451947,13.085027493304626,12.372792225717008,12.49405574798584,46389000.0
2016-12-02,12.553920798995842,12.657532839398483,12.327509628608091,12.603808403015137,26945000.0
2016-12-05,12.741190755916985,12.787240069124278,12.464124875123588,12.750401496887207,21372000.0
2016-12-06,12.802590634242913,12.891620967637692,12.544711839130319,12.645254135131836,39184000.0
2016-12-07,12.645253810523968,12.936134338378906,12.561597387558637,12.936134338378906,32659000.0
2016-12-08,13.012885529291609,13.153337632466389,12.85631609164443,13.101914405822754,38361000.0
2016-12-09,13.887830463854764,13.960743472810256,13.576995725066347,13.745077133178711,75744000.0
2016-12-12,13.66525240924181,13.874010613901584,13.550895494456903,13.673694610595703,37194000.0
2016-12-13,13.718213877546841,13.963812183434566,13.66141820799631,13.77193832397461,69076000.0
2016-12-14,13.797409460264983,13.833688646585237,13.602894308255468,13.710186004638672,46795000.0
2016-12-15,13.763445546741819,13.986520868589377,13.629138067129455,13.894665718078613,38103000.0
2016-12-16,13.951787449520785,13.978030308575345,13.699380465796173,13.771937370300293,41541000.0
2016-12-19,13.822107806341824,14.0027293135822,13.748779455365971,13.929399490356445,22219000.0
2016-12-20,13.97108578812513,14.147074174780636,13.904703493388688,14.053677558898926,27352000.0
2016-12-21,14.181810128989076,14.201879846999654,14.031293132911497,14.070659637451172,21013000.0
2016-12-22,14.113881462216531,14.12545923685532,13.846037949438585,13.940207481384277,17557000.0
2016-12-23,13.897751519232328,14.046725537310888,13.867648426497494,14.043638229370117,8977000.0
2016-12-27,14.056762760591777,14.179492473476529,14.052131061775345,14.072200775146484,8283000.0
2016-12-28,14.097671791734548,14.125459039379207,13.881544010581456,13.908559799194336,14039000.0
2016-12-29,13.870736517049055,13.94560925977415,13.788146240161524,13.883858680725098,13671000.0
2016-12-30,13.922452482637377,13.963361887983373,13.586682358491565,13.644574165344238,25421000.0
2017-01-03,13.76190165474407,13.963362859904398,13.626821253435487,13.76576042175293,32098000.0
2017-01-04,13.759589751568194,13.8167086476291,13.637631478714797,13.667736053466797,23965000.0
2017-01-05,13.610615214452153,13.662332422262976,13.421504666077626,13.45237922668457,24861000.0
2017-01-06,13.44697128744154,13.654608559510638,13.377501710461148,13.630680084228516,23142000.0
2017-01-09,13.635317069816821,13.762677028838645,13.634544138395244,13.660017013549805,20265000.0
2017-01-10,13.70015207402256,13.9510131708548,13.654610964303782,13.937891006469727,30181000.0
2017-01-11,13.89775237038044,13.93017278636871,13.720991097759594,13.84912395477295,18787000.0
2017-01-12,13.746464885893095,13.824424942324514,13.538829045833188,13.805899620056152,23137000.0
2017-01-13,13.808987470885155,13.954101274146483,13.769622447737198,13.928629875183105,20902000.0
2017-01-17,13.853759311377496,13.865337087984193,13.705558176260507,13.825199127197266,26316000.0
2017-01-18,13.921685708756527,14.285243236525535,13.893898453637421,14.281384468078613,35642000.0
2017-01-19,14.287555687238344,14.424950483917161,14.255136739895592,14.3230619430542,45718000.0
2017-01-20,14.557712490221387,14.784645081655059,14.519117460479375,14.749138832092285,57623000.0
2017-01-23,14.743736203515402,14.783874152535585,14.543817917362023,14.742964744567871,33394000.0
2017-01-24,14.875732012380602,15.409876204453127,14.841770142127661,15.263989448547363,62008000.0
2017-01-25,15.431486458157876,15.637579386623454,15.28559972476085,15.629087448120117,60888000.0
2017-01-26,15.780377916161175,15.844444353300368,15.524885098928472,15.759536743164062,38820000.0
2017-01-27,15.852934172333487,15.884581660073446,15.710907679274968,15.878405570983887,25780000.0
2017-01-30,15.781144924676752,15.813563863640605,15.484742776364467,15.686203956604004,33234000.0
2017-01-31,15.628316362032038,15.628316362032038,15.349666525866093,15.399067878723145,26749000.0
2017-02-01,15.611334130379246,15.783463711369645,15.453869631638028,15.722484588623047,31184000.0
2017-02-02,15.589723781395211,15.825919827941126,15.514851024444358,15.750275611877441,22712000.0
2017-02-03,15.819749385175568,15.947109368161906,15.671546750390675,15.913146018981934,24367000.0
2017-02-06,15.912368968743436,15.951735463807806,15.769571016098299,15.944016456604004,18716000.0
2017-02-07,15.994193111029563,16.008858197666044,15.818203237889161,15.893847465515137,22840000.0
2017-02-08,15.898473733095743,16.113057105959495,15.835951695007724,15.969486236572266,21069000.0
2017-02-09,16.003451107367166,16.0312383553528,15.717855203597914,15.849846839904785,27519000.0
2017-02-10,15.900793479372389,15.9393870486881,15.734838481264292,15.86374282836914,23842000.0
2017-02-13,15.960998174563041,15.986471046814152,15.836725538641401,15.955595016479492,12463000.0
2017-02-14,15.977209597622899,15.977982529050655,15.808167285997245,15.849078178405762,17357000.0
2017-02-15,15.886896527855924,15.973347047267445,15.80816354289187,15.900018692016602,17088000.0
2017-02-16,15.936300500272193,16.072152403016684,15.83749925029896,16.06906509399414,17188000.0
2017-02-17,16.132355774655082,16.241191864013672,15.964084948368441,16.241191864013672,30945000.0
2017-02-21,16.286736892154263,16.48896963258997,16.27978934221639,16.421815872192383,30333000.0
2017-02-22,16.44111176868104,16.59008584052749,16.3253295817397,16.530651092529297,23949000.0
2017-02-23,16.601664823357154,16.66959151650335,16.181761316364813,16.254318237304688,29364000.0
2017-02-24,16.084500019456247,16.259718407157642,15.639123716356607,16.23810577392578,27651000.0
2017-02-27,16.261261527935314,16.475844944695993,16.224210878433425,16.462722778320312,26991000.0
2017-02-28,16.529100044763627,16.544538056071566,16.232697883350117,16.281326293945312,27548000.0
2017-03-01,16.446508581897174,16.6255856882485,16.252766395130138,16.60628890991211,51155000.0
2017-03-02,17.29867685787298,17.36583062549033,16.674223228838898,16.772253036499023,71171000.0
2017-03-03,16.827053724754887,16.981430958734457,16.80389817023324,16.851755142211914,30747000.0
2017-03-06,16.701233323934847,16.867961233173684,16.608608179941168,16.822420120239258,22771000.0
2017-03-07,16.776108531748896,17.087177360450937,16.756811746612982,16.923538208007812,29129000.0
2017-03-08,16.92122149136643,17.07714161375141,16.86950428876092,16.95286750793457,24532000.0
2017-03-09,16.887261269093873,17.202188880498543,16.83631698840706,17.136579513549805,25675000.0
2017-03-10,17.192153467815285,17.47620648254642,17.192153467815285,17.471574783325195,39430000.0
2017-03-13,17.433750804438333,17.579636064002482,17.39515576881946,17.479291915893555,26669000.0
2017-03-14,17.348843380198204,17.466169934109423,17.252357998514654,17.317195892333984,22165000.0
2017-03-15,17.315652503844753,17.494729638278617,17.23151635817429,17.43915367126465,20727000.0
2017-03-16,17.48335405407589,17.509717410698812,17.18017841076671,17.24143409729004,27835000.0
2017-03-17,17.331381664412334,17.346114740480655,17.124353993922117,17.14994239807129,51635000.0
2017-03-20,17.149937901895303,17.263143859038724,17.118921841837142,17.154590606689453,17215000.0
2017-03-21,17.232129769457487,17.289507707489225,16.711071185463407,16.749839782714844,30557000.0
2017-03-22,16.749839887749054,16.93205554961325,16.70099092249214,16.858394622802734,19131000.0
2017-03-23,16.845986503462488,16.939033200219715,16.781629512981876,16.814971923828125,19223000.0
2017-03-24,16.904142681068034,17.166996854521383,16.883206987193486,16.978578567504883,23794000.0
2017-03-27,16.81265164531318,17.072404574432195,16.7459682784576,16.984786987304688,15358000.0
2017-03-28,16.942907852343943,17.196458043303274,16.9305011343171,17.13210105895996,17929000.0
2017-03-29,17.120468177641325,17.16311450815655,17.03362560142222,17.16001319885254,15927000.0
2017-03-30,17.20576836334359,17.403490598016962,16.970051006031085,17.061546325683594,34168000.0
2017-03-31,17.057667298640574,17.135205968318946,16.90569126944263,16.977802276611328,25897000.0
2017-04-03,16.980901093850658,17.05766479445164,16.799461905317177,16.96539306640625,19210000.0
2017-04-04,16.916546594461977,17.090233273698612,16.894060986615365,16.977802276611328,12634000.0
2017-04-05,17.022775343111057,17.09721122532964,16.810320063857496,16.835906982421875,15690000.0
2017-04-06,16.802570477591683,16.939813474048698,16.716502810679188,16.864601135253906,14615000.0
2017-04-07,16.864599903378487,17.046039157082177,16.828932610586723,16.922754287719727,16412000.0
2017-04-10,16.831253939515413,16.984779871109122,16.768446868231404,16.90491485595703,17994000.0
2017-04-11,16.791707020588916,16.934377612037782,16.59553477248087,16.86846923828125,22219000.0
2017-04-12,16.722696208194307,16.75913992044496,16.162094245458654,16.221023559570312,61026000.0
2017-04-13,16.221800208607835,16.590882678427935,16.20551722371549,16.385406494140625,42579000.0
2017-04-17,16.467600958776323,16.62112690766423,16.452867886472173,16.583131790161133,14507000.0
2017-04-18,16.520317117975775,16.570717448764025,16.442778488823013,16.523418426513672,8486000.0
2017-04-19,16.57615016249691,16.657565082413825,16.535830181358037,16.56451988220215,12081000.0
2017-04-20,16.6707515885686,16.990210220784228,16.61027233879509,16.919649124145508,16916000.0
2017-04-21,16.85839147129765,16.928951074589463,16.760692080120528,16.87700080871582,14683000.0
2017-04-24,17.111944263573058,17.205765922643703,17.03363063453149,17.154590606689453,17531000.0
2017-04-25,17.215069028763423,17.368594969272813,17.209641366405926,17.306564331054688,14848000.0
2017-04-26,17.329049261968194,17.36316514744254,17.125897948794176,17.188703536987305,14726000.0
2017-04-27,17.282522828024323,17.375569500580603,17.218165854282624,17.298030853271484,11850000.0
2017-04-28,17.277871208323774,17.301906724302317,17.040602568464955,17.12124252319336,16490000.0
2017-05-01,17.220495679519928,17.23367735574623,17.05146171965397,17.160791397094727,15339000.0
2017-05-02,17.326730471404282,17.484907686914237,17.174754399045902,17.48103141784668,27277000.0
2017-05-03,17.408132050275782,17.538395887366434,17.333694726837464,17.438371658325195,18002000.0
2017-05-04,17.466287749650604,17.512811823812864,17.202658724030993,17.322067260742188,16245000.0
2017-05-05,17.443030937615475,17.561664542246746,17.37247133258708,17.558563232421875,23128000.0
2017-05-08,17.56399138806166,17.608962600176824,17.357738750177123,17.452335357666016,17448000.0
2017-05-09,17.494203458547055,17.787298634720084,17.423643864765534,17.714412689208984,19261000.0
2017-05-10,17.794280070953683,18.099005592949585,17.732249434107004,17.93695068359375,24433000.0
2017-05-11,17.88654924346366,17.977268094029274,17.697354571118776,17.918338775634766,14823000.0
2017-05-12,17.94858377018045,18.30293323624986,17.898958369682283,18.295955657958984,25852000.0
2017-05-15,18.268816088811487,18.601454881459226,18.221517043971076,18.53399658203125,29172000.0
2017-05-16,18.604556394051926,18.70923337270277,18.507633429996744,18.661935806274414,18128000.0
2017-05-17,18.454130718301997,18.52934302879608,17.918340615212315,17.92531967163086,31447000.0
2017-05-18,17.956337452720508,18.502206495602184,17.653936787300633,18.427770614624023,30699000.0
2017-05-19,18.354110236552753,18.37582088909811,17.992781680110223,18.151735305786133,35812000.0
2017-05-22,18.26261255756275,18.530120890271473,18.16103836584024,18.483596801757812,20419000.0
2017-05-23,18.481265630869867,18.52623831313663,18.286644791790085,18.34092140197754,13696000.0
2017-05-24,18.4897973522818,18.60998086055827,18.374265068822343,18.578189849853516,16392000.0
2017-05-25,18.695276172660147,18.73016849782196,18.510734180288853,18.675891876220703,19010000.0
2017-05-26,18.678986917747412,18.733263521134127,18.47893844271452,18.70302391052246,13120000.0
2017-05-30,18.647976308212293,18.716985997741435,18.53166905576619,18.595251083374023,29364000.0
2017-05-31,18.804605003947497,18.83329322896953,18.420014486765076,18.56888771057129,44830000.0
2017-06-01,18.733270013446482,18.754205704558817,18.129246633671116,18.189725875854492,63774000.0
2017-06-02,19.27138764562299,19.83586750821137,18.930994820881278,19.735841751098633,108613000.0
2017-06-05,19.694748774551325,19.91030538232335,19.40010357304594,19.55595588684082,39532000.0
2017-06-06,19.444293941589855,19.798644808586946,19.432663661047012,19.683887481689453,29653000.0
2017-06-07,19.669930950907467,19.838188456527693,19.61487937853156,19.716453552246094,29290000.0
2017-06-08,19.77228408937628,19.857576768508668,19.56448153263796,19.768407821655273,28273000.0
2017-06-09,19.81182967290815,19.849823309129796,18.72164006811438,18.868186950683594,58191000.0
2017-06-12,18.640221172252804,18.85035004241664,18.27966770472897,18.816232681274414,54872000.0
2017-06-13,18.993798797198227,19.2225370413185,18.73869720041453,18.83717155456543,30853000.0
2017-06-14,18.88602196724116,18.993025301626208,18.425444133628645,18.651081085205078,34509000.0
2017-06-15,18.325587342738764,18.64874109659806,18.320136567265656,18.531938552856445,27527000.0
2017-06-16,18.605135612371015,18.644070785273996,18.30923572443327,18.396448135375977,35819000.0
2017-06-19,19.063003510994065,19.063003510994065,18.7157089019564,18.778003692626953,28519000.0
2017-06-20,18.84419528908755,18.972677662418175,18.676777738061915,18.687679290771484,24429000.0
2017-06-21,18.967227766314064,19.148661395639994,18.837965643772993,19.08714485168457,34998000.0
2017-06-22,19.11751190545023,19.187593732947526,18.92829126825253,19.00304412841797,18666000.0
2017-06-23,18.964110306651534,19.223412769524465,18.905708289072493,19.09804344177246,34985000.0
2017-06-26,19.154888781848552,19.30361772719665,18.781898289023093,18.9025936126709,32103000.0
2017-06-27,18.794352573573708,18.843409545144453,18.317019180319704,18.324806213378906,33582000.0
2017-06-28,18.4229228767427,18.823167226690348,18.260177871882064,18.77021598815918,24533000.0
2017-06-29,18.587228223081738,18.608251584345922,17.95415548067456,18.2243595123291,34513000.0
2017-06-30,18.398005452655177,18.430710105543284,18.132472484567316,18.147268295288086,26534000.0
2017-07-03,18.26096072019027,18.317804747502972,17.838134904403695,17.891084671020508,21123000.0
2017-07-05,17.987636294770073,18.091201020218335,17.84046388390827,18.03513526916504,29699000.0
2017-07-06,17.719770792442,18.355956519425195,17.71509827463013,18.302227020263672,26334000.0
2017-07-07,18.32246965488786,18.703245614241766,18.320133396485893,18.65886116027832,24731000.0
2017-07-10,18.728166642234076,18.839518402696616,18.595790039213448,18.82628059387207,22499000.0
2017-07-11,18.844193248569084,18.890913971518838,18.640955059026382,18.75775909423828,20502000.0
2017-07-12,18.922060421405565,19.247551933196224,18.77099670265319,19.188371658325195,27710000.0
2017-07-13,19.24287935961107,19.457017612532304,19.198494896198937,19.257675170898438,20400000.0
2017-07-14,19.360458794387984,19.49828616731091,19.299720527642837,19.48971939086914,14417000.0
2017-07-17,19.52865647273979,19.650909790768143,19.37836953453255,19.39082908630371,18746000.0
2017-07-18,19.25378544036856,19.53956358760553,19.160343973763915,19.535669326782227,13003000.0
2017-07-19,19.62287858068562,19.82066450606616,19.50996880724526,19.809762954711914,25526000.0
2017-07-20,19.817549676349216,19.856483363363868,19.65013214878129,19.734230041503906,12135000.0
2017-07-21,19.58628126934148,19.741239259873836,19.502961626362996,19.709314346313477,15504000.0
2017-07-24,19.723333444722773,19.75370184704059,19.598743832709662,19.703086853027344,13638000.0
2017-07-25,19.685170809984154,19.810538634241205,19.481154392364854,19.801973342895508,16123000.0
2017-07-26,19.832343250175484,20.104883504619227,19.82689247479111,20.012998580932617,19971000.0
2017-07-27,20.106446315683954,20.128250909273426,19.38538425303482,19.541120529174805,32010000.0
2017-07-28,19.38304093722821,19.554351224185076,19.27246743425315,19.49595069885254,31919000.0
2017-07-31,19.543453372233326,19.657921156359837,19.113618830048843,19.207061767578125,18902000.0
2017-08-01,19.32931252771468,19.467139913950852,19.23041882721645,19.341772079467773,17582000.0
2017-08-02,19.8253328799983,20.034021813972313,19.549679616324717,19.728776931762695,36970000.0
2017-08-03,19.68594877198262,19.700743095862027,19.25144181144727,19.48971939086914,23447000.0
2017-08-04,19.524763012364428,19.54267334028905,19.320748054680546,19.402509689331055,13454000.0
2017-08-07,19.41963947952713,19.692179735768573,19.381484051584817,19.65713882446289,18730000.0
2017-08-08,19.62132063924461,19.801197722360634,19.499845572975016,19.573041915893555,20439000.0
2017-08-09,19.430541825432666,19.495172875268295,19.27402733276954,19.402509689331055,21256000.0
2017-08-10,19.207060910658843,19.233536532213027,18.724275144542972,18.743741989135742,29033000.0
2017-08-11,18.692349320019776,19.0964879770058,18.58722805895182,19.013168334960938,16976000.0
2017-08-14,19.222631512371823,19.564473816240476,19.15566421264757,19.53799819946289,16736000.0
2017-08-15,19.7100920814802,19.78328842822427,19.566035647015017,19.75447654724121,20942000.0
2017-08-16,19.803533673554508,19.83623981488621,19.608083994852986,19.73345184326172,15394000.0
2017-08-17,19.7007453997441,19.798081101294663,19.206281342865182,19.22964096069336,22793000.0
2017-08-18,19.25923474228337,19.582390045501988,19.165793282835367,19.418087005615234,20126000.0
2017-08-21,19.614314510724952,19.614314510724952,19.16968561748948,19.43755340576172,20693000.0
2017-08-22,19.609637755839888,19.949143796633177,19.545006715539785,19.871274948120117,26917000.0
2017-08-23,19.77238965478069,20.16095429017594,19.731119700175814,20.00599479675293,27928000.0
2017-08-24,20.142263595780797,20.19599309956939,19.55279854047786,19.86037826538086,52119000.0
2017-08-25,19.642342166861702,19.809759669307457,18.982795448864415,19.123737335205078,69099000.0
2017-08-28,19.236648007779202,19.283368724460242,18.883124403193964,18.941526412963867,34174000.0
2017-08-29,18.788907050260345,19.045095014178614,18.690793079697006,18.823169708251953,33536000.0
2017-08-30,18.80993525072351,19.182147581135716,18.75698399577017,19.157228469848633,21924000.0
2017-08-31,19.203942749437964,19.664145581495955,19.120623125758353,19.628326416015625,29491000.0
2017-09-01,19.648575599530965,19.88296045248851,19.64623934050148,19.679723739624023,23242000.0
2017-09-05,19.476489483062497,19.679727722282113,19.235097289390144,19.393171310424805,24306000.0
2017-09-06,19.514636740481,19.569144484446767,19.288038988945043,19.41885757446289,13996000.0
2017-09-07,19.450787627935878,19.467139954206615,19.165789304978055,19.19849395751953,16088000.0
2017-09-08,19.149443011348414,19.186820196133958,18.929853907265215,19.008501052856445,18094000.0
2017-09-11,19.23976923899158,19.33009618746289,19.156449583594377,19.291162490844727,16878000.0
2017-09-12,19.440668031294013,19.44689855098054,19.116734475701715,19.24444007873535,18396000.0
2017-09-13,19.141653708946663,19.304398745806512,19.089480718010574,19.174358367919922,29664000.0
2017-09-14,19.048207367466503,19.27324716487922,18.940748372737094,19.22964096069336,28645000.0
2017-09-15,19.28258986786815,19.55980112815535,19.08636048754173,19.509965896606445,50066000.0
2017-09-18,19.628815407040495,19.767989147779854,19.438039829934674,19.53264617919922,25743000.0
2017-09-19,19.638198181779433,19.69136438676846,19.416147142805595,19.5279541015625,22088000.0
2017-09-20,19.526391227050627,19.53733734201795,18.597529859479675,18.992374420166016,57010000.0
2017-09-21,18.957184460224422,18.975949436035094,18.62254512564317,18.7945556640625,28620000.0
2017-09-22,18.635062665743547,18.82349394934001,18.617862051398124,18.70543098449707,23100000.0
2017-09-25,18.545148877599885,18.59362496557348,18.102611079104236,18.413795471191406,38692000.0
2017-09-26,18.59909386884531,18.760941272407905,18.398153624384605,18.55139923095703,39010000.0
2017-09-27,18.72575426599215,18.973606180026685,18.653821600492023,18.810195922851562,26489000.0
2017-09-28,18.72653726732616,19.02755689363738,18.72575582812503,18.994718551635742,21932000.0
2017-09-29,18.994721131299034,19.099490667734056,18.88291267591316,18.96344566345215,17319000.0
2017-10-02,19.180023412686964,19.180023412686964,18.74530455592892,18.801599502563477,19431000.0
2017-10-03,18.7711087615047,18.83913127469705,18.599879573724188,18.72576141357422,25611000.0
2017-10-04,18.66946057764968,18.947023601641018,18.57016262280037,18.921222686767578,23271000.0
2017-10-05,19.020514781531595,19.213636098667184,18.9501464970633,19.051790237426758,22811000.0
2017-10-06,18.78830652421377,19.214425050911156,18.78830652421377,19.213642120361328,17489000.0
2017-10-09,19.23396921579902,19.331702797697087,19.186274583592844,19.266807556152344,16551000.0
2017-10-10,19.353595882449646,19.40285339516298,19.00253730599546,19.23318862915039,15348000.0
2017-10-11,19.17220087353033,19.638195108481927,19.16672781690431,19.577991485595703,26603000.0
2017-10-12,19.579553579592947,19.64679462600319,19.412233148331747,19.448200225830078,20067000.0
2017-10-13,19.558443787489487,19.61239291518389,19.348903263849166,19.38721466064453,15257000.0
2017-10-16,19.43568904473585,19.5052758972895,19.20425631444249,19.286352157592773,14899000.0
2017-10-17,19.221460070463728,19.229278936515268,18.94780572384468,18.969697952270508,26965000.0
2017-10-18,19.02520999896652,19.125289388958343,18.749209864508458,19.077594757080078,19905000.0
2017-10-19,18.828960809175467,19.106523813276034,18.636620900653796,19.100269317626953,25844000.0
2017-10-20,19.309028947813445,19.31215768726514,19.058831199820073,19.09636116027832,23548000.0
2017-10-23,19.169855027748827,19.206603545764576,18.976733676619816,19.098705291748047,23418000.0
2017-10-24,19.161256536712482,19.40128961136308,19.0861966152848,19.365324020385742,22887000.0
2017-10-25,19.2245883507227,19.463058558560515,19.095580782186882,19.219898223876953,20955000.0
2017-10-26,19.333267967847302,19.378616796647446,19.0588321685791,19.0588321685791,24446000.0
2017-10-27,19.122165454230235,19.780498231752293,18.982991712856425,19.773462295532227,44753000.0
2017-10-30,19.804726401954596,20.500588796861187,19.802380593951465,20.424747467041016,50202000.0
2017-10-31,20.52405614576245,20.852441103746507,20.430231232925696,20.634300231933594,32845000.0
2017-11-01,20.660095405048484,20.7695565301684,20.085421515576954,20.2730712890625,27333000.0
2017-11-02,20.498253096513178,20.691375973944687,19.45836767719563,20.28949546813965,67196000.0
2017-11-03,20.643680876512256,21.735951038536395,20.102628133351146,21.394275665283203,120503000.0
2017-11-06,21.759408459540634,22.033062835475704,21.11280322990056,21.698423385620117,78088000.0
2017-11-07,21.309050886779556,21.462297986420314,20.91811650809282,21.21366310119629,36789000.0
2017-11-08,21.058066488902153,21.409125009074987,20.894656245252026,21.298099517822266,30254000.0
2017-11-09,21.00412136904656,21.141730727900722,20.524053728441626,20.769559860229492,30980000.0
2017-11-10,20.781289673219398,20.847747800498396,20.610060526014312,20.716394424438477,20338000.0
2017-11-13,20.52405774053494,20.796147771959042,20.449780735102607,20.720306396484375,28064000.0
2017-11-14,20.586606176246434,20.76487277005978,20.427104565534304,20.583478927612305,19718000.0
2017-11-15,20.508417086314918,20.875896355604873,20.174559092129428,20.766433715820312,29032000.0
2017-11-16,20.860250789534632,21.474017412452785,20.80630167481017,21.275423049926758,31000000.0
2017-11-17,21.24884483671923,21.275428681634203,20.987700987804683,21.255882263183594,24069000.0
2017-11-20,21.315306408848254,21.638218304689634,21.219137179374773,21.49201011657715,28639000.0
2017-11-21,21.587394321427983,21.75236746445479,21.494350864614045,21.62570571899414,20903000.0
2017-11-22,21.659324856967153,21.713273984147943,21.436492413313687,21.530317306518555,18642000.0
2017-11-24,21.63195947194806,22.126100427476164,21.61944898914762,22.078407287597656,11572000.0
2017-11-27,21.912650380439032,22.336424543122924,21.874338983048965,22.2535457611084,26230000.0
2017-11-28,22.27231159352717,22.275438841616115,21.645252867160476,21.689037322998047,26796000.0
2017-11-29,21.7359479378053,21.746894051216216,20.709354612063915,21.227733612060547,47231000.0
2017-11-30,21.24963013694129,21.763317623292558,21.11749531012497,21.73126220703125,31452000.0
2017-12-01,21.5178095080053,21.54126610705675,20.645244603179965,21.2324275970459,47729000.0
2017-12-04,21.41616312048693,21.463856257392326,20.339529440390468,20.610837936401367,48439000.0
2017-12-05,20.536566349587673,20.80709198623873,20.363772820993965,20.457597732543945,38117000.0
2017-12-06,20.23711017821543,20.67417485973771,19.875105428214148,20.632736206054688,48751000.0
2017-12-07,21.492792204763166,21.556123089923744,20.459161232884696,20.632736206054688,79282000.0
2017-12-08,20.779729710132056,20.87120882574284,20.273861027617674,20.32155418395996,41848000.0
2017-12-11,20.27697807533065,20.60614435022945,20.23397506840809,20.32467269897461,34941000.0
2017-12-12,20.27854920432456,20.397392100947076,19.993948719522788,20.226945877075195,28541000.0
2017-12-13,20.36064293742054,20.585821204701585,20.342659396739442,20.4873046875,26943000.0
2017-12-14,20.51154327902476,20.563146602270056,20.07056996812721,20.2769832611084,37595000.0
2017-12-15,20.45759816067996,20.7977106759858,20.19254408488855,20.776599884033203,45091000.0
2017-12-18,20.784469282747565,20.97572143534667,20.667198406468028,20.808866500854492,29786000.0
2017-12-19,20.72307576772716,20.87969862217359,20.56330493396667,20.754558563232422,19094000.0
2017-12-20,20.94660677472237,20.96313479829094,20.682156896442383,20.90725326538086,19845000.0
2017-12-21,20.93164728977832,20.955259390080183,20.547566732436305,20.583770751953125,17758000.0
2017-12-22,20.60659865374717,20.72859227675366,20.361039669306972,20.648313522338867,14617000.0
2017-12-26,20.245336913131425,20.64830832697139,19.94310985393391,20.313810348510742,22256000.0
2017-12-27,20.37205329393322,20.590065519247506,20.345293215377218,20.39409065246582,35615000.0
2017-12-28,20.47594584267956,20.526316523207345,20.349229519319284,20.496408462524414,13641000.0
2017-12-29,20.445249010299783,20.61682666863129,20.198901953232397,20.2193660736084,17980000.0
2018-01-02,20.44524187877335,21.053633420182305,20.27209104153756,21.01506805419922,33135000.0
2018-01-03,21.03710857654364,21.30785429978567,20.937940477642204,21.244890213012695,31161000.0
2018-01-04,21.375540918631867,21.388920955836912,21.12683255288007,21.25197410583496,19067000.0
2018-01-05,21.40545540884636,21.58569040379427,21.20711765195815,21.37790870666504,28633000.0
2018-01-08,21.322813496940892,21.45110306577639,21.176422667605994,21.429065704345703,20971000.0
2018-01-09,21.491244276590933,21.553421764281257,21.107950291294447,21.132349014282227,26027000.0
2018-01-10,20.93400307175191,20.946596488793713,20.52080118425961,20.68608283996582,31607000.0
2018-01-11,20.744328461929484,20.7663658203896,20.58534423270079,20.738819122314453,17726000.0
2018-01-12,20.730161984387788,20.882062134933143,20.62154843035162,20.800996780395508,19881000.0
2018-01-16,20.871044982827513,21.01428932573528,20.59400323898406,20.719144821166992,33528000.0
2018-01-17,20.8946575409683,20.97729764377246,20.499556785703366,20.920629501342773,37365000.0
2018-01-18,20.893084299707045,21.255129039830845,20.815953531554886,21.234664916992188,30319000.0
2018-01-19,21.18350712281226,21.20633110435936,20.94109464160945,20.966279983520508,29963000.0
2018-01-22,20.9080357934211,20.996185228873177,20.512148452325807,20.629419326782227,27230000.0
2018-01-23,20.600298067762395,20.81044109960112,20.314599019668538,20.69159698486328,35398000.0
2018-01-24,20.5396967779753,20.72071838331346,20.14853212598776,20.216218948364258,45405000.0
2018-01-25,20.285480264409852,20.293350965282865,19.44018680626002,19.463010787963867,59520000.0
2018-01-26,19.630648868098707,19.75106771776935,19.30166173656609,19.738475799560547,49014000.0
2018-01-29,19.540921439464295,19.63615493566628,19.163925055509733,19.319761276245117,50401000.0
2018-01-30,18.98762990636911,19.285135772897092,18.65392001935957,18.966379165649414,46002000.0
2018-01-31,19.676301329253537,19.923435025438053,19.27175662196193,19.521251678466797,80482000.0
2018-02-01,19.024623062362398,19.3536102464953,18.739709100189405,18.794015884399414,66851000.0
2018-02-02,18.635032068517784,18.72869085738603,18.424102388038726,18.53350257873535,58352000.0
2018-02-05,18.470532830753186,19.20406451817785,17.913299986170948,17.952651977539062,70776000.0
2018-02-06,17.757462978159896,18.920726046258054,17.700794852086997,18.919151306152344,77744000.0
2018-02-07,18.791645001701934,19.13322543414925,18.65312494235595,18.683032989501953,40475000.0
2018-02-08,18.683828003343567,18.772764064238444,18.063630932550765,18.0683536529541,43200000.0
2018-02-09,18.321779440567358,18.662573335089988,17.807048060408608,18.535070419311523,43282000.0
2018-02-12,18.72082069536562,19.320555212119363,18.692487372205107,19.235553741455078,35063000.0
2018-02-13,18.96873562781178,19.36383627474736,18.89396624594402,19.35045623779297,23719000.0
2018-02-14,19.28277574745368,19.570049573345248,19.16314349634741,19.49213218688965,25491000.0
2018-02-15,19.61962491447564,19.82111056347276,19.2379058504057,19.820323944091797,25540000.0
2018-02-16,19.776252974304246,19.862827659201646,19.5220352563186,19.58893394470215,32639000.0
2018-02-20,19.5779174785557,20.12806632948367,19.481110724107833,19.646390914916992,41693000.0
2018-02-21,19.872272141914696,19.949402885199095,19.554302228966105,19.56768226623535,28156000.0
2018-02-22,19.60703416782011,19.920279834858263,19.540133986901534,19.62513542175293,19342000.0
2018-02-23,19.84472921418402,20.072186888565557,19.69912351675358,19.96829605102539,18280000.0
2018-02-26,19.83056651240218,20.025756322228144,19.755010474145006,19.908485412597656,28878000.0
2018-02-27,19.840791553841086,20.122555984947294,19.808522136909048,19.818754196166992,21176000.0
2018-02-28,19.997412656824476,20.0296805673108,19.35989962505578,19.39767837524414,28834000.0
2018-03-01,19.350460295167096,19.60703940833684,18.99235170493228,19.149761199951172,26044000.0
2018-03-02,18.92309472262742,19.769176404767286,18.907354820146566,19.74477767944336,27402000.0
2018-03-05,19.668429114626402,19.781765394183424,19.15841885898489,19.438610076904297,25900000.0
2018-03-06,19.62199156063329,19.778614427020464,19.465368694246116,19.751855850219727,30030000.0
2018-03-07,19.57319275216784,19.629074264177063,19.230038985917314,19.444116592407227,31549000.0
2018-03-08,19.539351081512617,19.542499061004428,19.355180020008937,19.436246871948242,33554000.0
2018-03-09,19.564538970265048,20.013158381779153,19.48976956874023,19.973806381225586,30782000.0
2018-03-12,20.51451389840066,20.801787741642396,20.43344702576073,20.686878204345703,53881000.0
2018-03-13,20.96942207358314,21.553415000143055,20.481450769333733,20.559368133544922,66855000.0
2018-03-14,20.620757682984085,20.64751625514725,20.08162612115887,20.509782791137695,39619000.0
2018-03-15,20.756922438777803,21.16382849221696,20.738821178923345,21.07410430908203,57990000.0
2018-03-16,20.699462300559016,20.74668649069013,20.023385374498247,20.059589385986328,113955000.0
2018-03-19,19.920289342474693,20.187100571701407,19.107265234393697,19.27884292602539,71267000.0
2018-03-20,19.290643593933925,19.52282398066701,18.98998977119362,19.07499122619629,61918000.0
2018-03-21,19.212348944695325,20.01173169840178,19.17082250853476,19.64518165588379,54912000.0
2018-03-22,19.32814118339547,19.702678751369245,19.285816604306735,19.45112419128418,43078000.0
2018-03-23,19.43595125679137,19.582890833758658,19.198772449627334,19.364078521728516,59070000.0
2018-03-26,19.778546624441674,19.871181824442864,19.206760319157834,19.78333854675293,48713000.0
2018-03-27,19.811289805409725,20.30401550808546,19.293806344039485,19.5150146484375,63917000.0
2018-03-28,19.491849902492515,19.71944634762008,18.814649110678854,18.900896072387695,41744000.0
2018-03-29,19.01350162163475,19.233112092025074,18.747572791468727,18.818647384643555,46874000.0
2018-04-02,18.682885934528503,18.856178026583066,18.00329061572836,18.182172775268555,53088000.0
2018-04-03,18.43612276346783,18.924856104582023,18.144639593581775,18.908884048461914,45569000.0
2018-04-04,18.371439326546383,18.99992597429485,18.327518449971787,18.925657272338867,37720000.0
2018-04-05,19.226723053694197,19.30019208160172,18.766738152218217,18.871353149414062,35798000.0
2018-04-06,18.665316666592936,18.88971904232911,18.188561576788615,18.277204513549805,30248000.0
2018-04-09,18.36584410132982,19.13887415967157,18.308347143348055,18.7459716796875,37494000.0
2018-04-10,19.130894659391256,19.290612209379297,18.979164662400006,19.146068572998047,33244000.0
2018-04-11,19.015891800471223,19.22352392559666,18.93283895042105,19.191579818725586,19922000.0
2018-04-12,19.280226093961247,19.376855053947438,18.934438540418707,19.12051010131836,41036000.0
2018-04-13,19.964613948438714,20.12433146929789,19.557335641109063,19.720247268676758,48312000.0
2018-04-16,19.891944461573882,19.95583116974945,19.61962742509473,19.914304733276367,25172000.0
2018-04-17,20.03569006926382,20.192211972224147,19.935866991875653,20.10356903076172,25084000.0
2018-04-18,20.044472432386847,20.097977146169615,19.761773429663734,19.93187141418457,20511000.0
2018-04-19,19.448732648627082,19.667544999374236,19.218740160366554,19.394428253173828,50141000.0
2018-04-20,19.263460493075883,19.29380679786687,18.767539148260095,18.9360408782959,41530000.0
2018-04-23,19.005515488087116,19.031869536442432,18.536746394358854,18.64295768737793,31337000.0
2018-04-24,18.825833086954283,18.85617938737759,18.103114991042485,18.238874435424805,44889000.0
2018-04-25,18.287588119506836,18.45529168750201,18.036833198254772,18.287588119506836,34023000.0
2018-04-26,18.44730789850259,18.51758283202928,18.231689651972232,18.400989532470703,32751000.0
2018-04-27,18.652535564985726,18.702846161375057,18.42334132492218,18.589447021484375,27211000.0
2018-04-30,18.57347965233224,18.69646266436605,18.233283670046863,18.32112693786621,39682000.0
2018-05-01,18.43532165491936,18.43532165491936,18.07675770514214,18.397789001464844,44947000.0
2018-05-02,18.630974912397978,18.642155045809126,18.111895331364614,18.266820907592773,52950000.0
2018-05-03,18.087144061680945,18.198147280453977,17.782882892533504,17.98811912536621,58011000.0
2018-05-04,17.860338408833716,18.534343475615692,17.726974971566822,18.408966064453125,51303000.0
2018-05-07,18.471256634420318,18.91846499831994,18.447300077082787,18.844196319580078,36953000.0
2018-05-08,18.825833478032948,19.082978129450293,18.752364448016163,19.074193954467773,40149000.0
2018-05-09,18.83063113404975,19.096560041425445,18.690879391365716,19.010313034057617,35031000.0
2018-05-10,19.1444658760376,19.46389937138059,19.05502480197737,19.446331024169922,25747000.0
2018-05-11,19.41199657503578,19.525395756386732,19.293805471368472,19.43595314025879,24052000.0
2018-05-14,19.667544964581474,19.83844113438655,19.46949507391831,19.546159744262695,27580000.0
2018-05-15,19.350506270842466,19.52060428521034,19.046245090771723,19.29220962524414,24984000.0
2018-05-16,19.33692979322646,19.34251986155522,19.08537519525282,19.20676040649414,29330000.0
2018-05-17,19.01589906493986,19.298598121394612,19.006315219945765,19.12211036682129,22825000.0
2018-05-18,19.154853911605493,19.21554652335801,18.837016607570895,18.845802307128906,25262000.0
2018-05-21,19.122903009717646,19.205955867595065,18.90009847905562,19.09016227722168,25720000.0
2018-05-22,19.185192338775202,19.275431550089916,18.972768284876732,19.045440673828125,19218000.0
2018-05-23,18.8649630037032,19.216340647557548,18.84899246962103,19.210750579833984,23454000.0
2018-05-24,19.23470904290779,19.514213957746062,19.166030413880467,19.44793128967285,22799000.0
2018-05-25,19.488657590425305,20.018918922333643,19.488657590425305,19.967010498046875,32214000.0
2018-05-29,19.8560064708761,20.053256647213942,19.84243037514023,19.939857482910156,28281000.0
2018-05-30,20.058844178007107,20.126723124923213,19.911106481699907,19.916696548461914,26844000.0
2018-05-31,19.905518595459544,20.387064058693387,19.88475461768098,20.129920959472656,34698000.0
2018-06-01,20.313597084021055,20.57952590721051,20.16745564852198,20.470918655395508,26360000.0
2018-06-04,20.603477974747403,20.712086726041065,20.46212849209144,20.633026123046875,25886000.0
2018-06-05,20.72007591201483,20.8710092706803,20.606678260503326,20.704105377197266,42374000.0
2018-06-06,20.822293665700112,21.065064058096024,20.74004046613321,21.044300079345703,37465000.0
2018-06-07,21.00277683561758,21.28068549102008,20.99638862111435,21.136940002441406,46077000.0
2018-06-08,20.50285888908413,20.75760754708907,20.263284141266727,20.601085662841797,73694000.0
2018-06-11,20.592302690569614,20.906945838752023,20.469321193816707,20.829483032226562,31859000.0
2018-06-12,20.789552365062594,20.901353714749682,20.635424913126126,20.877395629882812,27594000.0
2018-06-13,20.903749585146713,21.247939330062625,20.819897050064906,21.049091339111328,34868000.0
2018-06-14,21.162491911210743,21.487515514576206,21.09061917531833,21.43880271911621,37042000.0
2018-06-15,21.564980505759458,21.706330030928523,21.268705357426384,21.580154418945312,60969000.0
2018-06-18,21.481926489522934,21.481926489522934,21.101002189345653,21.1225643157959,30191000.0
2018-06-19,20.71791743571814,21.133085467058763,20.568198544939506,21.11851692199707,36221000.0
2018-06-20,21.163027630263983,21.36697027483376,21.101521142911274,21.14036750793457,24951000.0
2018-06-21,21.169499950312677,21.249619215774285,20.91538091680566,21.0133056640625,18186000.0
2018-06-22,21.137125479924666,21.163022535837825,20.957462242644787,21.018159866333008,52412000.0
2018-06-25,20.751907373867056,20.751907373867056,20.267139737318683,20.428190231323242,29705000.0
2018-06-26,20.475122783180208,20.605419998560514,20.276846760912967,20.356966018676758,24233000.0
2018-06-27,20.40148456258658,20.649938629655605,19.97741452845528,19.998456954956055,24720000.0
2018-06-28,19.931278222156738,20.015444810512857,19.606750775874396,19.819595336914062,33238000.0
2018-06-29,19.985505017255125,19.985505017255125,19.631034646064574,19.636699676513672,42794000.0
2018-07-02,19.43033215204266,19.602711170971247,19.214250583850546,19.588953018188477,33369000.0
2018-07-03,19.69496745629381,19.697395546783515,19.342114814817883,19.365585327148438,11591000.0
2018-07-05,19.567910424515578,19.87706055151973,19.478078786536702,19.860065460205078,25299000.0
2018-07-06,19.819595086902307,20.11903432267022,19.780748732211862,20.044578552246094,23112000.0
2018-07-09,20.15140604002191,20.170020369253468,19.870581121833066,20.02434730529785,17955000.0
2018-07-10,20.09799520031801,20.378011304666163,19.993596569717923,20.277658462524414,16413000.0
2018-07-11,19.823652596442376,20.033258779854705,19.634276905995673,19.701448440551758,35761000.0
2018-07-12,16.758849321303437,17.017822984670378,15.980309089774524,16.99354362487793,435083000.0
2018-07-13,17.19748479354407,17.318878495130505,16.339634219581296,16.38495445251465,161678000.0
2018-07-16,16.31535841205829,16.702201261066282,16.228763715172693,16.44889259338379,102277000.0
2018-07-17,16.364722869144085,16.921516522546085,16.348536630199852,16.85839080810547,110827000.0
2018-07-18,16.770181064131293,16.985453753809924,16.72243273226913,16.89643096923828,80834000.0
2018-07-19,16.85677702528761,17.11494188506835,16.83654499371087,17.025110244750977,63247000.0
2018-07-20,17.00325914046664,17.0930907816769,16.894813165601928,17.021873474121094,62893000.0
2018-07-23,17.028348189813435,17.694396834688025,17.027539340712032,17.539012908935547,82211000.0
2018-07-24,17.62641629084194,17.836022432831292,17.480743186549876,17.589187622070312,81158000.0
2018-07-25,17.61912868295412,18.504495659234056,17.61912868295412,18.28760528564453,92271000.0
2018-07-26,18.330501722718846,18.595140486994918,17.931519909875473,18.061817169189453,85069000.0
2018-07-27,18.1289795406727,18.556287873357935,17.81011869004701,17.889429092407227,79443000.0
2018-07-30,17.894294322241862,18.453516296349395,17.889438139836003,18.224485397338867,75275000.0
2018-07-31,18.345064895873513,18.519873518511876,17.929088076504552,17.947702407836914,63860000.0
2018-08-01,18.068286141800993,18.123317196166948,17.496925459621075,17.545482635498047,42669000.0
2018-08-02,17.34073242638261,17.66364067923786,17.258185067089236,17.509065628051758,40312000.0
2018-08-03,17.46051188293606,17.642601727298068,17.351257050155734,17.627225875854492,24832000.0
2018-08-06,17.53172584997038,17.667686570445536,17.4694105197526,17.5576229095459,22638000.0
2018-08-07,17.741331686627273,17.95336586615941,17.57299850122554,17.829544067382812,29798000.0
2018-08-08,17.848158708587572,17.903998611461304,17.719480727015767,17.760753631591797,15801000.0
2018-08-09,17.81659984175659,17.82469296377582,17.475887585854622,17.52768325805664,27563000.0
2018-08-10,17.22257386072658,17.357725717436022,17.032389407788386,17.175634384155273,37017000.0
2018-08-13,17.128701671409054,17.317266940441865,17.031585749526922,17.082571029663086,29842000.0
2018-08-14,17.123037871794782,17.123037871794782,16.739431882277415,16.77665901184082,36327000.0
2018-08-15,16.6010415577167,16.799317643759736,16.410048200937595,16.7183895111084,41132000.0
2018-08-16,16.814688765385238,16.902901137995382,16.727285241590394,16.889142990112305,29239000.0
2018-08-17,16.830882960263583,17.091474413609774,16.63179646165367,16.93609046936035,39093000.0
2018-08-20,16.953087323244706,16.995170639971168,16.660123348328213,16.72972297668457,54489000.0
2018-08-21,16.79445940412275,17.1117010737637,16.761278074176264,17.03643798828125,29952000.0
2018-08-22,17.031584376544775,17.133554928596862,16.787177665082964,16.796079635620117,26890000.0
2018-08-23,16.811458846718743,16.920713682986545,16.613181208246377,16.638269424438477,35578000.0
2018-08-24,16.699771873771855,16.93608543205797,16.564620004900206,16.914234161376953,20541000.0
2018-08-27,17.015394381762334,17.348823812285747,16.88428985620494,17.235523223876953,28213000.0
2018-08-28,17.369868170693497,17.477505294864415,17.203154193813322,17.353683471679688,24340000.0
2018-08-29,17.384436981405937,17.46455625946753,17.274371764796353,17.399003982543945,18125000.0
2018-08-30,17.397385796214767,17.556817056553,17.368251792171353,17.533348083496094,26529000.0
2018-08-31,17.48316852329792,17.74942493198946,17.468599980279595,17.725955963134766,27623000.0
2018-09-04,17.69035128467948,17.82793128243455,17.57219447255144,17.758333206176758,36663000.0
2018-09-05,17.800412645210194,17.950131522558177,17.77046825229861,17.91937828063965,37194000.0
2018-09-06,17.925852385712513,18.032679112963603,17.312408324838383,17.478313446044922,62509000.0
2018-09-07,18.144366000751372,19.05158453232974,18.128179755228995,18.822553634643555,104703000.0
2018-09-10,18.990879615456038,19.499924956557884,18.77965428612429,19.472410202026367,60880000.0
2018-09-11,19.236905114657723,19.398762873763662,18.646121283891866,18.820117950439453,60755000.0
2018-09-12,18.459980846088474,18.68253620819316,18.033484449288924,18.60484504699707,53077000.0
2018-09-13,18.912381085112223,19.359921567016183,18.704392661576005,19.05238914489746,43757000.0
2018-09-14,19.03134015114975,19.187532842659344,18.91237302170292,19.1268367767334,28095000.0
2018-09-17,19.423045511825798,19.44732487441337,18.962557276901492,19.004640579223633,36739000.0
2018-09-18,19.16119204637277,19.68302826827128,19.150591839876867,19.54686164855957,50511000.0
2018-09-19,19.607199694849506,19.77190413243373,19.550122498432128,19.714828491210938,31160000.0
2018-09-20,19.812669962982547,20.06135799286782,19.70911889748313,19.97085189819336,39986000.0
2018-09-21,20.08500574236377,20.28395712488016,19.991238392968715,20.229326248168945,135321000.0
2018-09-24,20.22524996049232,20.39240072234785,20.16491307507555,20.339401245117188,45326000.0
2018-09-25,20.30108177657775,20.331249444782603,20.041793483259582,20.192636489868164,47037000.0
2018-09-26,20.02874225830616,20.225247292568863,19.960251496565895,20.011619567871094,33428000.0
2018-09-27,20.03282312622316,20.21138902104827,19.96922344090215,20.094791412353516,29572000.0
2018-09-28,20.02059377770478,20.13719139048924,19.882795750671487,20.11762237548828,26739000.0
2018-10-01,20.211388219806462,20.558736266126772,20.194265527359345,20.34429359436035,27709000.0
2018-10-02,20.314124790174063,20.52367482404513,20.214649876513178,20.229326248168945,24888000.0
2018-10-03,20.287219342547573,20.492691665987884,20.142898829809628,20.336956024169922,19607000.0
2018-10-04,20.111920530273814,20.36223852075383,20.074413888853755,20.23504066467285,25660000.0
2018-10-05,20.252972464398614,20.38832260415738,19.764565160781498,19.91377830505371,33860000.0
2018-10-08,19.838764001989222,20.010807407143215,19.599861224803814,19.68058204650879,33397000.0
2018-10-09,19.61698054891085,20.03608054468872,19.599042937211077,19.952096939086914,24675000.0
2018-10-10,19.807780962974086,19.98227069899035,18.887228555333277,18.902721405029297,56327000.0
2018-10-11,18.91413785166777,19.21011630861709,18.52439047837247,18.663818359375,37424000.0
2018-10-12,19.14162319228869,19.215821527990023,18.68093877400205,18.994041442871094,32589000.0
2018-10-15,18.83748822930706,19.188097477571468,18.756765863525917,18.95490074157715,30099000.0
2018-10-16,19.24273010524505,19.467771440513477,19.094331874022146,19.431896209716797,30355000.0
2018-10-17,19.54767294667508,19.54767294667508,19.073127208358255,19.33812141418457,20262000.0
2018-10-18,19.19625234590811,19.309588708625053,18.4705736557285,18.592063903808594,37442000.0
2018-10-19,18.753508433759905,18.842383146700957,18.503190511626812,18.613264083862305,32231000.0
2018-10-22,18.799165518516027,18.95163989189097,18.593693228984012,18.64098358154297,25619000.0
2018-10-23,18.167255153582182,18.71599931863892,17.84192245707327,18.67604637145996,35990000.0
2018-10-24,18.459967170463596,18.460783647358433,17.76201161687482,17.832948684692383,37810000.0
2018-10-25,17.928357377855573,18.21455212869666,17.868835401499418,18.120784759521484,35193000.0
2018-10-26,17.576932355395247,17.721252898421884,17.057542318054878,17.379613876342773,53324000.0
2018-10-29,17.62747974538569,17.831322200730508,16.978445753256022,17.245071411132812,28636000.0
2018-10-30,17.430978536634992,18.065336241244637,17.204305796126956,18.020490646362305,29697000.0
2018-10-31,18.345818277620474,18.400447587265216,18.07756126022842,18.222698211669922,28146000.0
2018-11-01,18.358870113159014,19.09841031017775,18.24145602107521,18.743724822998047,36830000.0
2018-11-02,18.372730973854278,18.42491397630825,17.754679498970926,18.00092124938965,40241000.0
2018-11-05,17.858229769576997,18.027826837860804,17.42526829230922,17.94547462463379,27609000.0
2018-11-06,17.962596038856383,18.68501337151845,17.915304133317704,18.610815048217773,29464000.0
2018-11-07,18.91576529416268,19.184837291405582,18.689092567854857,19.11227035522461,29004000.0
2018-11-08,18.97446963065994,19.782500429167204,18.97446963065994,19.589258193969727,29796000.0
2018-11-09,19.161189992720647,19.488968995427765,18.960608788747717,19.486522674560547,33611000.0
2018-11-12,18.83504471704395,18.90598181018346,17.9609677868519,18.23411750793457,50306000.0
2018-11-13,18.385771251338024,18.738826792931913,18.12729951592895,18.33195686340332,26697000.0
2018-11-14,18.48933270629958,18.79672633543874,18.396380254463974,18.44367218017578,25411000.0
2018-11-15,18.44529002691864,19.5126087964152,18.41593729498712,19.270444869995117,36694000.0
2018-11-16,19.064977524496957,19.5036465843689,18.888043041052843,19.37400245666504,36005000.0
2018-11-19,19.285944976518827,19.656938234803295,18.634464572517533,18.682571411132812,35326000.0
2018-11-20,18.25939636285127,18.678498078506323,18.1485062961264,18.566791534423828,32123000.0
2018-11-21,18.771449047654205,19.023398409291826,18.550483835468185,18.753511428833008,19926000.0
2018-11-23,18.556181932639003,18.972835560511673,18.556181932639003,18.74534797668457,8066000.0
2018-11-26,19.097595318555598,19.418035416508705,18.879891384405457,19.18647003173828,28714000.0
2018-11-27,19.045411835266602,19.435974130421403,18.950829552085395,19.228870391845703,30406000.0
2018-11-28,19.28349619675015,19.405801360390665,18.88559656515225,19.179128646850586,31080000.0
2018-11-29,19.101668583350275,19.45717049248747,18.978546945734575,19.224788665771484,17920000.0
2018-11-30,19.193808561168026,19.428633628774783,19.029919033938235,19.357696533203125,40083000.0
2018-12-03,19.99286807305064,20.14289613022156,19.688734238758332,19.73765754699707,35241000.0
2018-12-04,19.608830684012453,19.661015241317223,18.882337043739756,18.919843673706055,36455000.0
2018-12-06,18.446933671643418,18.529285915249414,17.743268563071457,18.528470993041992,57859000.0
2018-12-07,19.083729038671862,19.428629152044678,18.305051010845208,18.636091232299805,78396000.0
2018-12-10,18.586355617116702,19.594967713894654,18.4689415386848,19.507722854614258,43344000.0
2018-12-11,19.850988711188,20.41196276870997,19.847725914002776,20.126583099365234,57730000.0
2018-12-12,20.583194769492955,21.215106052266137,20.547319543451085,20.790298461914062,68703000.0
2018-12-13,21.07404734976176,21.321918898162412,20.75768348497157,21.06100082397461,54355000.0
2018-12-14,20.821282731498016,21.32925901491039,20.761760773162514,20.77806854248047,42727000.0
2018-12-17,20.709579820730962,21.307245783967275,20.635381484766878,20.72099494934082,56238000.0
2018-12-18,21.017617276632446,21.059639819086048,20.500994129331197,20.571853637695312,51849000.0
2018-12-19,20.516653993308605,21.087660327214945,19.982727584765808,20.095609664916992,59728000.0
2018-12-20,20.137624528101046,20.47544870172405,19.647366307378658,19.930809020996094,75365000.0
2018-12-21,19.93081283259088,20.74241577085393,19.93081283259088,20.179649353027344,102138000.0
2018-12-24,19.939872986377733,20.07994653274584,19.24032876358922,19.264223098754883,28494000.0
2018-12-26,19.592163583204385,20.475451047854783,19.239508347641202,20.44578742980957,36741000.0
2018-12-27,20.18706384177818,20.700391370261034,19.951411348334847,20.66908073425293,37507000.0
2018-12-28,20.846230302487076,21.263155348579836,20.69462133768809,20.89484405517578,28702000.0
2018-12-31,21.24420784362586,21.299412818971774,20.677320780625866,20.95170021057129,26590000.0
2019-01-02,20.504292061987588,20.986309018937465,20.309837003373783,20.88825798034668,30346000.0
2019-01-03,20.150810917645302,20.313955329704825,18.978314475086954,19.030223846435547,68580000.0
2019-01-04,19.304602966308916,19.482578399744302,19.08872410578918,19.217262268066406,54248000.0
2019-01-07,19.251868537368875,19.794859726248486,19.01374392608036,19.608644485473633,53433000.0
2019-01-08,19.78414920910007,19.93163909544761,19.228799056314408,19.451269149780273,36795000.0
2019-01-09,19.644896981792296,20.32548962282218,19.597931811713796,20.292531967163086,52971000.0
2019-01-10,20.234026861744226,20.646007712734217,20.134328828506376,20.559492111206055,29594000.0
2019-01-11,20.552079110839202,20.839640964310124,20.543014223800355,20.64600944519043,20158000.0
2019-01-14,20.44331788992633,20.729232748970308,20.261221770100317,20.670730590820312,25498000.0
2019-01-15,20.82645990985112,21.605928723251598,20.76466371121344,21.133798599243164,39247000.0
2019-01-16,21.192294988547044,21.204655483090587,20.711101643178825,20.739116668701172,24484000.0
2019-01-17,20.603991189308786,21.204659474989494,20.493579656233695,21.038219451904297,35154000.0
2019-01-18,21.35132949790211,21.582862955870656,21.175826115233036,21.49057960510254,34634000.0
2019-01-22,21.258214303095254,21.378512653241945,21.002786579229976,21.2821102142334,37156000.0
2019-01-23,21.385111859507884,21.497993945954477,20.899797624091857,21.218671798706055,31771000.0
2019-01-24,21.512820273804085,21.97918268888715,21.423009044255846,21.71551513671875,35999000.0
2019-01-25,21.8489964842849,22.10771982560276,21.497988246744537,22.077234268188477,30333000.0
2019-01-28,21.551548876160428,22.152217213113133,21.31177564697983,22.05086898803711,31320000.0
2019-01-29,22.02861897395072,22.049217704398636,21.73858344300062,21.943750381469727,27870000.0
2019-01-30,22.24697156823747,22.555957284462988,22.030269183599486,22.314537048339844,28727000.0
2019-01-31,22.293115688128278,22.329370531635554,21.94622807561176,22.102781295776367,21063000.0
2019-02-01,22.176935082975206,22.21401185940501,21.825926826563407,21.984127044677734,22878000.0
2019-02-04,22.04097964347608,22.42329852292398,21.830870061735514,22.421649932861328,20761000.0
2019-02-05,22.4084650362762,22.628463006481777,22.239552925409143,22.24696922302246,22619000.0
2019-02-06,22.516404533820175,23.07093111910284,22.47355848116672,22.758649826049805,27064000.0
2019-02-07,22.482624082897484,22.623522751243485,21.942104957144643,22.1719913482666,28646000.0
2019-02-08,22.026976206199915,22.600454631536262,22.004728879939485,22.58150291442871,23903000.0
2019-02-11,22.60951213818724,22.741345899913384,22.517227247713016,22.71827507019043,18012000.0
2019-02-12,22.959695346975792,23.103064524024717,22.828685094008954,23.020668029785156,19809000.0
2019-02-13,23.07093408690735,23.248909537260015,22.90367054399163,23.179697036743164,19190000.0
2019-02-14,23.120373779730937,23.304942038653003,22.98442086401521,23.194530487060547,16015000.0
2019-02-15,23.407933017029354,23.407933017029354,22.971232661553056,23.229957580566406,17352000.0
2019-02-19,23.165689624424093,23.304116197661696,23.083293116570253,23.207712173461914,15152000.0
2019-02-20,23.338723851757642,23.617222462039297,23.258799438638196,23.35272979736328,16150000.0
2019-02-21,23.337893019541514,23.346956335116317,22.98276569271521,23.14838218688965,13254000.0
2019-02-22,23.06681679921796,23.070935917706837,22.630939884387068,22.782548904418945,27225000.0
2019-02-25,23.13520222540965,23.139322915125295,22.945691359639007,22.95557975769043,19245000.0
2019-02-26,22.900372951158154,22.906965740314362,22.613634556133448,22.658952713012695,27211000.0
2019-02-27,22.512287123068685,22.667191731733933,22.21236473175439,22.369741439819336,29146000.0
2019-02-28,22.244496930090488,22.7174505220828,22.13408697713683,22.68861198425293,31460000.0
2019-03-01,22.883892319315546,22.919322074245095,22.340077641429126,22.47355842590332,19035000.0
2019-03-04,22.658956125431086,22.789142907402304,22.31783620509546,22.649892807006836,17382000.0
2019-03-05,22.700148748554074,23.107187053912273,22.620224347080335,22.824567794799805,21699000.0
2019-03-06,22.795733555929477,22.817980882512682,22.286525002226114,22.35820960998535,19973000.0
2019-03-07,22.26179778747495,22.27415828213172,21.75918219959771,21.87700843811035,25411000.0
2019-03-08,21.551545245711377,21.815212773827632,21.35709020798827,21.768247604370117,22167000.0
2019-03-11,21.825923700772304,22.292286052396047,21.756711213483435,22.16951560974121,27161000.0
2019-03-12,22.227197885069792,22.2494452102149,21.77484294117196,22.21648597717285,23324000.0
2019-03-13,22.288994973643884,22.5007531675001,22.166224506040212,22.34667205810547,32089000.0
2019-03-14,22.419176797498892,22.43318431184527,22.073112771179314,22.098655700683594,43094000.0
2019-03-15,23.60321010480846,24.68177613448438,23.35931779703412,23.918787002563477,144066000.0
2019-03-18,23.91384391408172,24.470017500489845,23.912195324130657,24.211294174194336,56746000.0
2019-03-19,24.237658953692915,24.79960020910115,24.23353826488845,24.661998748779297,51556000.0
2019-03-20,24.77340011395804,24.856532648358144,24.132450794870973,24.1939697265625,41263000.0
2019-03-21,24.26462835691402,24.88728904415898,24.191472560189307,24.67363929748535,27379000.0
2019-03-22,24.600482023213967,24.64371080910962,24.22472472489829,24.32863998413086,23307000.0
2019-03-25,24.291227878963465,24.455829594264408,24.02520509693618,24.28790283203125,23878000.0
2019-03-26,24.471627854955276,24.8956022983663,24.45998939678552,24.692758560180664,28009000.0
2019-03-27,24.737652373441406,24.82992917977721,24.312847035235485,24.60464096069336,21862000.0
2019-03-28,24.69941393248238,25.214001936335226,24.57970270002328,24.86235237121582,33030000.0
2019-03-29,25.04108184747623,25.161623921775753,24.796672651788107,24.99868392944336,24493000.0
2019-04-01,25.198207380973944,25.500807336434015,24.91888275954342,25.421001434326172,27040000.0
2019-04-02,25.451750813804388,25.550679274898336,25.15663191787825,25.19321060180664,22857000.0
2019-04-03,25.45674322458422,25.55483925040961,25.090961083996785,25.288816452026367,22266000.0
2019-04-04,25.33454360945295,25.4384588813657,25.078495910116054,25.10593032836914,15228000.0
2019-04-05,25.27219617714782,25.308774876368073,25.08930585228928,25.295473098754883,18875000.0
2019-04-08,25.28383226567581,25.380266576675353,25.105930322316674,25.312097549438477,13899000.0
2019-04-09,25.154142202737493,25.281334375392497,24.963769376452145,25.22646713256836,11621000.0
2019-04-10,25.238949258141695,25.585610556154545,25.18906877113688,25.563995361328125,14992000.0
2019-04-11,25.617189151651317,25.786777655722773,25.457574203413294,25.721935272216797,16669000.0
2019-04-12,25.883215744741282,26.389490320629847,25.81837176611062,26.355405807495117,30087000.0
2019-04-15,26.355408810009227,26.39614500868357,26.034518684801192,26.303035736083984,16216000.0
2019-04-16,26.602309550642442,26.60314041615699,26.278094410392775,26.477611541748047,21116000.0
2019-04-17,26.622253261856756,26.680448717169362,26.422737765396768,26.646364212036133,18138000.0
2019-04-18,26.688761659801834,26.80597709816461,26.449340834148625,26.487581253051758,26548000.0
2019-04-22,26.379514443433436,26.42689914580438,26.120141707372873,26.186647415161133,13504000.0
2019-04-23,26.332960256086125,26.443525617227603,26.119310494277357,26.239850997924805,19777000.0
2019-04-24,26.151733665407942,26.353744983412657,26.03617993147196,26.130950927734375,23335000.0
2019-04-25,26.01622328610153,26.01622328610153,25.485839419052425,25.922283172607422,26732000.0
2019-04-26,25.70031904517366,25.849955665415656,25.364463947280043,25.805065155029297,16404000.0
2019-04-29,25.874068062874045,26.159210284241855,25.807562361985262,25.997102737426758,13404000.0
2019-04-30,26.046989992303015,26.470962954978223,25.981315139689023,26.469301223754883,18953000.0
2019-05-01,26.64387568199553,26.868333054912366,26.493406567849274,26.5108642578125,18158000.0
2019-05-02,26.60065057677972,26.784374950868326,26.122641200375153,26.25482177734375,20428000.0
2019-05-03,26.182493147361296,26.323817983494415,25.82834939868439,26.24567222595215,19214000.0
2019-05-06,25.504131693978263,25.931431207291343,25.384420473066776,25.90150260925293,14371000.0
2019-05-07,25.65875771076927,25.73939605998598,25.249746735064313,25.545698165893555,21734000.0
2019-05-08,25.380261909454198,25.576453957439952,25.198202500750902,25.221479415893555,15099000.0
2019-05-09,24.939660951625573,25.425983579084217,24.67779406765964,25.277177810668945,22282000.0
2019-05-10,25.208175306684126,25.38857296794854,24.661997131172292,25.268861770629883,21025000.0
2019-05-13,24.42591051699959,24.580537141708962,23.958707180481028,24.389331817626953,37864000.0
2019-05-14,24.581365604464605,25.322072698600994,24.56390791489308,25.10593032836914,34277000.0
2019-05-15,24.96210798580181,25.58559953417384,24.824108218656235,25.302949905395508,18166000.0
2019-05-16,24.918885787219736,25.19737799134187,24.499067145730514,24.714380264282227,34233000.0
2019-05-17,24.339451040715385,24.40512588713046,23.976163014409998,24.099199295043945,39094000.0
2019-05-20,23.110762517195816,23.272871720144337,22.332645636902594,22.66101837158203,65162000.0
2019-05-21,23.035103635839608,23.25873011669887,22.832261475861152,22.888792037963867,25060000.0
2019-05-22,22.485599777811125,22.866345440620204,22.36006933256921,22.3808536529541,31809000.0
2019-05-23,21.99512369031202,22.070773683352826,21.462245519881684,21.62186050415039,46607000.0
2019-05-24,21.838831601507795,22.091552640640543,21.26023055381303,21.276857376098633,27963000.0
2019-05-28,21.329231170865715,21.425665474933215,20.790535429550904,21.155485153198242,61965000.0
2019-05-29,21.010839785424746,21.312608915386768,20.91440704631243,21.12556266784668,28132000.0
2019-05-30,21.170451160456434,21.393245221933533,21.125560636187682,21.333391189575195,17310000.0
2019-05-31,21.03577206530713,21.2602277945475,20.8661819883706,20.91938591003418,22192000.0
2019-06-03,20.995043932309375,21.47554907030899,20.882816817458362,21.04741859436035,28911000.0
2019-06-04,21.361652244359558,22.113168459850463,21.26189447903191,22.088228225708008,36805000.0
2019-06-05,22.363393283417768,22.571223792108903,21.813890001946916,22.089889526367188,23651000.0
2019-06-06,22.197964483329798,22.861359859410385,22.05331460217256,22.677637100219727,32687000.0
2019-06-07,22.84306873781389,23.099947274239994,22.71836915682136,22.850549697875977,25963000.0
2019-06-10,23.00517771504167,23.673559836147888,23.004346849565767,23.294477462768555,23280000.0
2019-06-11,24.149081344610273,24.25382749787925,23.227976399989707,23.56632423400879,37105000.0
2019-06-12,23.415852440405377,23.539719588719866,23.06170868569018,23.254575729370117,27057000.0
2019-06-13,23.40338100849601,23.517271417503938,23.061706610229958,23.41086196899414,37735000.0
2019-06-14,21.45725584287336,22.286914643181273,21.404050326762498,22.107349395751953,100797000.0
2019-06-17,22.016735683706358,22.33762735990718,21.72577419329815,22.110675811767578,35785000.0
2019-06-18,22.291903316267373,23.528078915237433,22.151409356488784,23.114912033081055,54920000.0
2019-06-19,23.17559969402255,23.199707478837933,22.754119378782054,23.068359375,28920000.0
2019-06-20,23.485678312005316,23.730087509940645,23.040921150927648,23.198041915893555,57291000.0
2019-06-21,23.21567490336404,23.584125309801003,22.99326284899941,22.99578094482422,45399000.0
2019-06-24,23.124190444005293,23.45403215110136,23.080547189082534,23.43305015563965,20506000.0
2019-06-25,23.429685133282025,23.74190166421759,23.166146430801298,23.207271575927734,24436000.0
2019-06-26,23.3810071256126,23.838421540072464,23.34072080933471,23.621044158935547,24774000.0
2019-06-27,23.746098438906234,24.209387866135927,23.687348229065666,23.979421615600586,21813000.0
2019-06-28,24.159873962402344,24.28073293087122,23.904729919229343,24.159873962402344,49265000.0
2019-07-01,25.31977436704226,25.66136765396178,24.87075302814841,25.208148956298828,44832000.0
2019-07-02,25.08477941196525,25.235011914331228,24.6668107455428,24.78683090209961,19011000.0
2019-07-03,23.810732902882798,24.23709307738321,23.75366033741603,23.910608291625977,49411000.0
2019-07-05,23.806529300243238,23.95676336058601,23.665528788405037,23.723440170288086,24565000.0
2019-07-08,23.500191699079544,23.600067078376636,23.029347880981515,23.07718849182129,34291000.0
2019-07-09,22.950455595561344,23.162796841303344,22.86316908822727,23.125028610229492,26131000.0
2019-07-10,23.320580993511303,23.399474373852886,22.99661435498224,23.0385799407959,30134000.0
2019-07-11,23.100689188542024,23.286173412820137,22.908491110252257,23.169511795043945,20712000.0
2019-07-12,23.196369994486833,23.99789438784464,23.196369994486833,23.952571868896484,21971000.0
2019-07-15,24.43180269148568,24.716321808200856,24.11035258264963,24.200157165527344,30334000.0
2019-07-16,24.086856000233105,24.153999339105326,23.700782201923698,23.846818923950195,14617000.0
2019-07-17,23.966836232920915,24.112034116001592,23.767924321826644,23.926549911499023,15453000.0
2019-07-18,24.018878062459272,24.364667199038955,23.819125673640627,24.32102394104004,19357000.0
2019-07-19,24.49307810602439,24.604703542859575,24.300039578107505,24.339487075805664,22047000.0
2019-07-22,24.591270446049133,25.177937024868868,24.52748563541092,24.855648040771484,33905000.0
2019-07-23,25.136809847881057,25.37684690262982,25.11246932917796,25.244237899780273,19692000.0
2019-07-24,25.27948962259605,25.588349273770646,25.220737805650923,25.495187759399414,19006000.0
2019-07-25,25.35754259896094,25.35754259896094,25.128416755791726,25.211505889892578,15741000.0
2019-07-26,25.312224710690224,25.43224325250641,25.223258943528254,25.255990982055664,14996000.0
2019-07-29,25.282003709846933,25.392790278507064,24.923625824800663,25.32480812072754,12068000.0
2019-07-30,25.10240171786841,25.256831562993735,24.935381395678842,25.141847610473633,11164000.0
2019-07-31,25.18129741358927,25.248440761070842,24.06000206990567,24.338647842407227,20819000.0
2019-08-01,24.266463492870994,24.995808220432632,23.694905520569034,23.94837188720703,21911000.0
2019-08-02,23.673921570514636,23.82247636517137,23.15691649942629,23.376811981201172,20080000.0
2019-08-05,22.824559849755097,22.8489003701948,22.164037685946646,22.46450424194336,27765000.0
2019-08-06,22.671804455646356,22.84385932180987,22.204317686036816,22.362104415893555,22199000.0
2019-08-07,22.1598371379496,22.889181798231082,22.07338948286051,22.665090560913086,22244000.0
2019-08-08,22.692793602858757,22.875759737004152,22.03143093874664,22.74315071105957,29163000.0
2019-08-09,22.625644826104196,23.546348697592066,22.625644826104196,23.141809463500977,30735000.0
2019-08-12,22.94458208552386,23.34996027200067,22.874081809758103,23.134262084960938,20040000.0
2019-08-13,23.10572041953207,23.961797453545746,22.831270484807607,23.810726165771484,22340000.0
2019-08-14,23.398636298667792,23.512779814288116,22.69279161094909,22.791828155517578,27108000.0
2019-08-15,22.82875556782999,22.894219636972416,22.22866133045666,22.5467529296875,20010000.0
2019-08-16,22.84134465208806,23.143490452929445,22.82707651364181,22.9781494140625,17458000.0
2019-08-19,23.45822611373024,23.506065120488376,23.131741381087075,23.397796630859375,17489000.0
2019-08-20,23.345760072714906,23.916479226536993,23.24924162770432,23.5312442779541,17920000.0
2019-08-21,23.889622584050368,24.193446062736303,23.84010431317387,24.12965965270996,19381000.0
2019-08-22,24.204353470958782,24.2899606915795,23.882064544767946,24.139726638793945,12294000.0
2019-08-23,23.83506796813436,23.960122692135172,22.749022942607333,22.83966636657715,25742000.0
2019-08-26,23.244209238958177,23.328138822510127,23.080547431484888,23.266870498657227,14249000.0
2019-08-27,23.428849865116057,23.518652852354847,23.0729884393933,23.128381729125977,14298000.0
2019-08-28,23.02431389648288,23.198886907374384,22.70034722847892,23.169511795043945,17202000.0
2019-08-29,23.625244704269203,23.960961383833062,23.58831530922899,23.783031463623047,16429000.0
2019-08-30,23.95004871151336,23.995371220882696,23.491795431823665,23.72176170349121,16720000.0
2019-09-03,23.50019101325275,23.57153011043343,22.738953028708465,23.000812530517578,22210000.0
2019-09-04,23.398635377876296,23.86528180324415,23.349117107540714,23.7536563873291,19865000.0
2019-09-05,24.201839948437033,24.648343231976284,24.201839948437033,24.425090789794922,20938000.0
2019-09-06,24.494752093686703,24.616449895001963,24.28073320242837,24.499788284301758,13748000.0
2019-09-09,24.759127697451913,24.943771463306,24.37305393225973,24.558536529541016,21686000.0
2019-09-10,24.452784412241694,24.71296460956617,24.240443216060672,24.712125778198242,20850000.0
2019-09-11,24.86991972903578,25.076385963844633,24.721364891865576,25.011760711669922,19260000.0
2019-09-12,25.298794235245303,25.374330690408073,24.882504900363916,25.227455139160156,33109000.0
2019-09-13,24.981543857079878,25.010080138600074,23.826677694491455,24.366342544555664,62557000.0
2019-09-16,24.0709108496082,24.36214547005032,23.978588155849472,24.227018356323242,22176000.0
2019-09-17,24.173306959170663,24.28073663615135,23.814928958971826,24.241289138793945,21912000.0
2019-09-18,24.212752653401726,24.403271468975834,23.82583839892687,24.149805068969727,16510000.0
2019-09-19,24.21358473917863,24.503140025085415,24.10699393144471,24.393192291259766,19421000.0
2019-09-20,24.366094825140053,24.42792691727961,23.870589922257306,24.07726287841797,35524000.0
2019-09-23,24.02305082284403,24.322894357752386,23.892611017412396,24.17890167236328,14850000.0
2019-09-24,24.336446453462308,24.47027407068226,23.69525582985259,23.912092208862305,20292000.0
2019-09-25,23.017644187641974,23.48011583783884,22.86941713024154,23.358144760131836,55588000.0
2019-09-26,23.314942171133634,23.602927500052328,23.096412716626592,23.454700469970703,27477000.0
2019-09-27,23.430984793762924,23.824847045229333,23.120129681439987,23.220077514648438,28660000.0
2019-09-30,23.35983813079985,23.43861091200511,23.081169663380987,23.383554458618164,19826000.0
2019-10-01,23.56989078839684,23.68677929512675,23.155700099958455,23.28021240234375,19429000.0
2019-10-02,23.1624840495964,23.191281294116177,22.727118179068064,22.87534523010254,19543000.0
2019-10-03,22.86941004317754,23.2505675234518,22.633939924646896,23.244638442993164,17096000.0
2019-10-04,23.588529706209815,23.860420891760697,23.3098612738831,23.83755111694336,25884000.0
2019-10-07,23.717274211993672,23.802822612462897,23.352210835844446,23.384397506713867,18658000.0
2019-10-08,23.213305461566684,23.284454448942967,22.777093023249346,22.897369384765625,22757000.0
2019-10-09,23.18111422271614,23.285296417223627,23.04050937596601,23.13622283935547,16329000.0
2019-10-10,23.255652880697742,23.613094107415154,23.178574820012148,23.246335983276367,17340000.0
2019-10-11,23.67322838315054,24.062009682765254,23.639348613717797,23.79350471496582,23697000.0
2019-10-14,23.75200431443831,23.940888375801777,23.706266377276062,23.85703468322754,13312000.0
2019-10-15,23.940047543457666,24.615966239234943,23.90277832921593,24.59055519104004,21230000.0
2019-10-16,24.478748673560876,24.571920899522006,24.270382606087296,24.434703826904297,20046000.0
2019-10-17,24.57530460557264,24.7082856735563,24.421148475836137,24.515167236328125,13125000.0
2019-10-18,24.52109401736511,24.558361605576035,24.055234624747033,24.286470413208008,16981000.0
2019-10-21,24.431315547005592,24.72438348565389,24.314426991642527,24.527029037475586,13031000.0
2019-10-22,24.528720393092243,24.636292041494496,24.329672858592033,24.34830665588379,13046000.0
2019-10-23,23.967148015522728,24.01627538827492,23.611401473137093,23.7435359954834,20957000.0
2019-10-24,23.961217964073434,24.012886600720446,23.60631960174247,23.912092208862305,16896000.0
2019-10-25,23.992554660516237,24.679483125178542,23.989166845008608,24.54819679260254,20869000.0
2019-10-28,24.66169401762131,24.773499998687328,24.421142979231774,24.69472885131836,12999000.0
2019-10-29,24.75656750061888,24.876843859549513,24.39997279012816,24.407596588134766,13272000.0
2019-10-30,24.564294511271317,24.64560856285196,24.268686947454658,24.583776473999023,17281000.0
2019-10-31,24.54650396748301,24.909027719126424,24.37710187018148,24.80484390258789,27881000.0
2019-11-01,24.816705542672945,25.121631622314453,24.74047402276257,25.121631622314453,21234000.0
2019-11-04,25.369806276241434,25.872933333298427,25.334231782711985,25.83397102355957,34075000.0
2019-11-05,25.833965370847036,26.831748918336277,25.789073988675923,26.599666595458984,38711000.0
2019-11-06,26.43196282654229,26.620000354315426,26.14821343459127,26.525135040283203,18076000.0
2019-11-07,26.730108343315703,27.062138496855912,26.31252978975596,26.40485382080078,23981000.0
2019-11-08,26.246466883126867,26.56240457108964,25.844982393911256,26.546310424804688,17830000.0
2019-11-11,26.359123480488375,26.53191343027719,26.328629900984442,26.49040985107422,9154000.0
2019-11-12,26.596282604767705,26.799566102069765,26.533603970710146,26.725875854492188,16875000.0
2019-11-13,26.467536662905943,26.74112259966299,26.426881254724474,26.56833267211914,12625000.0
2019-11-14,26.32100269444364,26.4133267344614,25.927986976818552,26.17023277282715,17268000.0
2019-11-15,26.4497478481304,26.516662461744126,26.26425160195076,26.503957748413086,18120000.0
2019-11-18,26.411633477164944,26.546309261526975,26.090614886780152,26.348108291625977,15850000.0
2019-11-19,26.82074318434438,27.584751430416254,26.82074318434438,26.909679412841797,31743000.0
2019-11-20,26.757223204766447,26.835996005325477,26.172781982480625,26.398935317993164,19927000.0
2019-11-21,26.35403715036985,26.740275638813834,26.240536428815396,26.702159881591797,19317000.0
2019-11-22,26.81989921381422,27.06045195899448,26.571724285315444,26.674213409423828,13216000.0
2019-11-25,26.817357322831924,27.119743771085496,26.788560075166032,27.072309494018555,19636000.0
2019-11-26,27.01979317521091,27.119742642093257,26.769923546889547,26.788558959960938,30793000.0
2019-11-27,26.930010483525475,27.099412608825034,26.805498136243344,26.972360610961914,20182000.0
2019-11-29,26.837680344490998,26.91729966938634,26.680982960411825,26.783472061157227,9229000.0
2019-12-02,26.911376070435587,26.929163318486335,26.304913305152166,26.318466186523438,23158000.0
2019-12-03,25.903426235270402,26.172776195767728,25.675578233922177,25.962717056274414,18736000.0
2019-12-04,26.23630400716583,26.37351945089176,26.01438507938699,26.233762741088867,14439000.0
2019-12-05,26.3074501757101,26.4658422812511,26.177856928549936,26.3582706451416,15494000.0
2019-12-06,26.650497860868665,26.794490568997006,26.431966724533726,26.769926071166992,16937000.0
2019-12-09,26.76568268106393,26.86308924261412,26.591196450926645,26.62846565246582,24694000.0
2019-12-10,26.689459212387717,26.758066939563165,26.53276179364073,26.686071395874023,14563000.0
2019-12-11,26.69622706547135,27.218834364258505,26.69622706547135,27.080772399902344,20829000.0
2019-12-12,27.081620814283344,27.96505718408195,27.056211388309386,27.765161514282227,38935000.0
2019-12-13,26.940170460821076,27.08500968740901,26.309991469430322,26.7165584564209,70952000.0
2019-12-16,26.932552722432803,27.748226481241996,26.895283510366028,27.369611740112305,37921000.0
2019-12-17,27.421274737880406,27.5237622227432,27.25271757583755,27.42635726928711,20248000.0
2019-12-18,27.477179134257785,28.053149879869384,27.405183598833187,27.73467254638672,35155000.0
2019-12-19,27.88459508693415,27.88882783751997,27.418734033908787,27.45176887512207,31787000.0
2019-12-20,27.59037890231855,27.59037890231855,27.11466656398387,27.293485641479492,50540000.0
2019-12-23,27.425249459324704,27.57840173227077,27.174559058749782,27.33883285522461,20254000.0
2019-12-24,27.37904439748313,27.43722554570576,27.29433968250233,27.421823501586914,7024000.0
2019-12-26,27.48770448232444,27.527918211640475,27.106964901151418,27.206214904785156,15848000.0
2019-12-27,27.319153543653147,27.323430801381516,26.970069911193857,27.0821533203125,14487000.0
2019-12-30,27.08129275175673,27.15059541007045,26.75873275141964,26.819480895996094,13104000.0
2019-12-31,26.7903952563104,27.067607572487436,26.763016564327156,27.038516998291016,12487000.0
2020-01-02,27.32085772874422,27.59293760634509,27.149739714987383,27.583524703979492,20329000.0
2020-01-03,27.165993531988544,27.379037134685134,26.87252575712468,26.88193702697754,22870000.0
2020-01-06,26.596171864927616,26.858840503443478,26.491789488731552,26.84172821044922,20789000.0
2020-01-07,26.9726367658248,27.086432056541202,26.715958873701926,26.749326705932617,18565000.0
2020-01-08,26.778413899535906,26.822049755816455,26.387406338863485,26.41564178466797,31979000.0
2020-01-09,26.721944425282786,26.779268809562655,25.928807788912472,26.203453063964844,42397000.0
2020-01-10,26.13415121165556,26.14270735809839,25.5651797125928,25.601116180419922,40705000.0
2020-01-13,25.66956571790525,25.992979266257954,25.639618387065507,25.768814086914062,22054000.0
2020-01-14,25.838975153042984,26.450725838818204,25.80389543724741,26.367733001708984,28911000.0
2020-01-15,26.293294730801886,26.34206297437195,25.727745318058503,25.93651008605957,22733000.0
2020-01-16,26.095652555806797,26.340352172669423,26.028060132995698,26.27104949951172,21508000.0
2020-01-17,26.408798720495245,26.432755279786587,26.016080867610885,26.419921875,26896000.0
2020-01-21,26.33522043253515,26.481526804736323,26.209446856504044,26.358320236206055,21967000.0
2020-01-22,26.591892436247786,27.201075982604443,26.566223998852376,26.777557373046875,29264000.0
2020-01-23,26.966652397230508,27.361937334913655,26.593613772916132,27.349103927612305,30266000.0
2020-01-24,28.2774197695903,28.36982551032507,27.444926033144412,27.721284866333008,55782000.0
2020-01-27,27.071880486375857,27.368772038838337,26.40708284384835,26.44045066833496,38843000.0
2020-01-28,26.825470341826115,27.313159226328786,26.7604449396367,27.23444366455078,23166000.0
2020-01-29,27.449205376700306,27.843633504029466,27.134346322224296,27.16600227355957,23668000.0
2020-01-30,26.893067453284292,26.9957395945868,26.402811446391254,26.968360900878906,21128000.0
2020-01-31,26.87937593005547,26.915310767531338,25.977577965061617,26.10934066772461,22123000.0
2020-02-03,26.149554607540185,26.23254744239967,25.979291680070578,26.115331649780273,21288000.0
2020-02-04,26.676598430197764,26.9144537464019,26.493500491456125,26.660341262817383,22559000.0
2020-02-05,27.165139289391558,27.362782490392192,27.024822098123735,27.15487289428711,24825000.0
2020-02-06,27.27980089472368,27.368782883224057,26.88537108739185,27.35252571105957,22683000.0
2020-02-07,27.235303270775486,27.25241393215389,26.940121923124064,26.970924377441406,15883000.0
2020-02-10,26.726224756147023,26.91702210528773,26.549117568848498,26.88279914855957,19218000.0
2020-02-11,27.092411073709776,27.44662532278685,27.037652077663715,27.392723083496094,15527000.0
2020-02-12,27.553581248029726,27.814537994509415,27.518501538307092,27.781171798706055,15310000.0
2020-02-13,27.505668218916774,27.846197289010412,27.460323744720338,27.718711853027344,13857000.0
2020-02-14,27.7931540835672,27.866734013786086,27.130921656251154,27.188247680664062,19137000.0
2020-02-18,26.95124513188786,26.952100256978994,26.35660680992612,26.587617874145508,26693000.0
2020-02-19,26.780122785658733,27.107816805720176,26.668896153958368,27.010278701782227,20525000.0
2020-02-20,26.86226462026132,27.01028286495302,26.191477698974417,26.458423614501953,25521000.0
2020-02-21,26.395111353489305,26.47639230724913,25.863786504211387,26.052873611450195,24522000.0
2020-02-24,25.171608830132428,25.565181807241114,24.81739282435097,24.949153900146484,36849000.0
2020-02-25,25.16390561947682,25.302512580082897,24.048210566029855,24.18596076965332,31892000.0
2020-02-26,24.32884708593705,24.658251407105954,24.298901386914256,24.459753036499023,23074000.0
2020-02-27,23.982330862010866,24.41098353035361,23.403948074380214,23.439027786254883,34837000.0
2020-02-28,22.530388334726375,23.454431076281647,22.479908205371874,23.32523536682129,44586000.0
2020-03-02,23.67945216968029,24.41868666246847,23.199462579681022,24.381895065307617,31976000.0
2020-03-03,24.354512684906794,24.682205085635523,23.235393901451747,23.464693069458008,29930000.0
2020-03-04,23.746184296965463,24.446061712811865,23.509184107283463,24.42296028137207,23477000.0
2020-03-05,23.722231737901158,24.22104388284059,23.310691319347484,23.44672966003418,24374000.0
2020-03-06,22.842676727352405,23.180637165562096,22.459370182077645,23.05400848388672,30169000.0
2020-03-09,21.482283596827546,22.268576102044843,20.89791160619045,21.19480323791504,43934000.0
2020-03-10,21.953714191447286,22.560330781391702,20.825184087756867,22.493595123291016,55071000.0
2020-03-11,21.721852523151487,21.945162608194497,20.74732959018191,21.045076370239258,36030000.0
2020-03-12,19.421158733178135,20.77043234019214,18.50823895931724,18.71871566772461,64281000.0
2020-03-13,19.29452189414977,20.061134877808417,17.211147051816972,20.039745330810547,84714000.0
2020-03-16,17.811780662678036,18.72042132276416,15.420392132864794,16.049253463745117,76935000.0
2020-03-17,16.412028861459557,17.11276164221129,15.527344587016477,17.069982528686523,70662000.0
2020-03-18,15.88498014754279,16.040697791902353,13.319050540819939,14.362876892089844,98993000.0
2020-03-19,14.343194866354601,17.751029662078228,14.117317833244071,16.63704490661621,74438000.0
2020-03-20,17.576791420316678,18.1580430713902,16.35076641293758,16.72579574584961,74044000.0
2020-03-23,16.783229843911883,17.05210262746341,15.466709996952343,16.83456802368164,46921000.0
2020-03-24,17.89352130785871,19.0307929095849,17.51501165386972,18.513059616088867,62970000.0
2020-03-25,18.463469335088845,21.231379784560986,18.205039081444045,18.92986297607422,64442000.0
2020-03-26,19.667740502492816,21.300989463642004,19.667740502492816,21.159156799316406,60213000.0
2020-03-27,20.274224209636436,21.065180366433605,20.01318335152297,20.073223114013672,39448000.0
2020-03-30,20.204614889183993,21.00166205477109,19.87744329899202,20.892894744873047,52343000.0
2020-03-31,20.709294037038074,21.989268255902395,20.540488628293957,20.6309814453125,50191000.0
2020-04-01,19.838283636249425,20.39691261774048,19.115199227058003,19.458904266357422,41858000.0
2020-04-02,19.35188155326858,20.704947292061313,19.26921898678486,20.627504348754883,45049000.0
2020-04-03,20.590953566568764,21.105204987139356,20.061039961046795,20.383861541748047,28960000.0
2020-04-06,21.281848174525468,22.050179986508514,21.193094669128687,21.965776443481445,38868000.0
2020-04-07,22.78370327931907,23.10217324819829,21.97360466267313,22.037994384765625,45892000.0
2020-04-08,22.342538522616685,22.815022926245938,22.07018550596559,22.719308853149414,27565000.0
2020-04-09,23.127407912687794,23.276201160850015,21.86744760556963,22.12761878967285,34828000.0
2020-04-13,22.058012869123424,22.755864035378398,21.997103435354894,22.616641998291016,25729000.0
2020-04-14,23.15612578183942,23.352776940566237,22.825473875738567,23.287517547607422,23094000.0
2020-04-15,22.710612722437094,22.825470965443756,22.289464724974472,22.400842666625977,25926000.0
2020-04-16,22.776747838098796,22.776747838098796,22.11109070020939,22.474809646606445,26896000.0
2020-04-17,22.90379040080973,23.270118367539947,22.53136983031525,23.13524627685547,34089000.0
2020-04-20,22.6236025908867,23.08129466415866,22.44174395025268,22.47393798828125,23801000.0
2020-04-21,22.150240557444597,22.170254362860884,21.47501403018702,21.548974990844727,29138000.0
2020-04-22,22.168516457770146,22.81677032716222,21.817850771941824,22.620988845825195,35438000.0
2020-04-23,22.64535293934495,23.076072204436922,22.494818694663852,22.530494689941406,21659000.0
2020-04-24,22.607066048373504,23.06475802662897,22.526142820496585,23.04213523864746,23373000.0
2020-04-27,23.00210911160733,23.599894456666682,23.00210911160733,23.35886573791504,16588000.0
2020-04-28,23.862677193581398,24.051498077866107,22.982097819550273,23.035175323486328,18988000.0
2020-04-29,23.587714887662433,24.101966409084095,23.426739725756335,24.017562866210938,28871000.0
2020-04-30,23.800899123945435,23.846146366111423,23.3893223225112,23.634702682495117,23379000.0
2020-05-01,23.14568225829341,23.30665740097195,22.46697369455503,22.59749412536621,26836000.0
2020-05-04,22.554857079657523,22.835042082915777,22.21637329479359,22.820249557495117,17046000.0
2020-05-05,23.19354184660103,23.40150356306638,22.946422172382665,23.0473575592041,26462000.0
2020-05-06,23.348424372359858,23.53550426534569,22.938588592530532,22.987316131591797,22727000.0
2020-05-07,23.493741794928,23.534639078504018,23.145686692860593,23.29796028137207,18238000.0
2020-05-08,23.68516935406044,23.976666614355103,23.496350122897738,23.931419372558594,16757000.0
2020-05-11,23.786972623386735,24.08020916231491,23.646009635957896,23.963611602783203,20851000.0
2020-05-12,24.066289707684863,24.165484108643,23.338853589495262,23.35886573791504,18764000.0
2020-05-13,23.49982894642941,23.52245339573327,22.56791141580233,22.897693634033203,21927000.0
2020-05-14,22.707137594361104,23.22834976841645,22.16678126900491,23.197895050048828,19912000.0
2020-05-15,22.573134341097408,22.97687924921527,22.342548150633057,22.659278869628906,21650000.0
2020-05-18,23.373656763369723,24.07933970726684,23.31970794476211,23.80089569091797,26531000.0
2020-05-19,23.80089477620768,24.018429363077157,23.633827045093266,23.66341209411621,18702000.0
2020-05-20,24.100222560354783,24.477862621328075,24.02277963567248,24.24901580810547,18605000.0
2020-05-21,24.269901260056855,24.320369780251045,23.89835211064734,23.91140365600586,14847000.0
2020-05-22,23.819165693734657,24.124584083183098,23.5381110698458,24.072376251220703,17452000.0
2020-05-26,24.798941936173275,24.98080052505105,24.48482195187272,24.539640426635742,23573000.0
2020-05-27,24.626659054333636,25.042585801256035,24.36387719617172,25.02431297302246,22812000.0
2020-05-28,24.798946694070406,25.17310650622789,24.575321131138043,24.637100219726562,18543000.0
2020-05-29,24.61621485868024,25.408040628928546,24.530070351625696,25.344520568847656,27300000.0
2020-06-01,25.270560075240137,25.32973017878171,25.005167589064737,25.233144760131836,18444000.0
2020-06-02,25.32363817663176,25.957969143978417,25.24184528729003,25.935344696044922,31847000.0
2020-06-03,26.195522042561006,27.048257468593317,26.14853547449315,26.933399200439453,31926000.0
2020-06-04,26.604476219555814,27.235325088980815,26.28687431497505,26.87769889831543,34997000.0
2020-06-05,27.81832855297957,28.55011638026957,27.417195960272196,27.59035301208496,50958000.0
2020-06-08,27.62689442598521,27.743493649679156,27.266657510479,27.62863540649414,23916000.0
2020-06-09,27.148315652706497,27.746970564751916,27.11089868341797,27.43720054626465,22335000.0
2020-06-10,27.552929386577162,27.775683577652845,27.383251028150102,27.4128360748291,25914000.0
2020-06-11,26.76720330969584,26.848126559352323,25.529867089118195,25.560321807861328,45115000.0
2020-06-12,26.349537311252877,26.44786373203805,25.471568426893327,26.125911712646484,39439000.0
2020-06-15,25.669086683032393,26.691498793832533,25.44372012620041,26.46004295349121,29824000.0
2020-06-16,26.974291123689948,27.370204039925557,26.45220773775158,27.036941528320312,30387000.0
2020-06-17,27.27187962480073,27.558155598497397,27.1300486181965,27.27362060546875,20279000.0
2020-06-18,27.158758123108036,27.767855632774907,27.106550286743136,27.732179641723633,33625000.0
2020-06-19,27.92734383469393,27.964265999777208,26.616601943969727,26.616601943969727,58465000.0
2020-06-22,26.856593150422544,27.619654500875395,26.68341111175661,27.563392639160156,27195000.0
2020-06-23,27.697019985722854,27.906245590677244,27.365597438852603,27.36647605895996,22419000.0
2020-06-24,27.181860331245804,27.337461576751817,26.769561213165666,26.985820770263672,19096000.0
2020-06-25,26.905827197322576,27.20647959151637,26.63682021731247,27.15109634399414,15029000.0
2020-06-26,27.566032129869512,27.76031279963869,26.65000699639527,27.024503707885742,31425000.0
2020-06-29,27.082525063866633,27.288236182602784,26.76429021134168,27.232852935791016,14516000.0
2020-06-30,27.247794827584503,27.873715991693803,26.966480494162475,27.7453670501709,25125000.0
2020-07-01,27.70141501420019,27.854378752063955,27.42273985285124,27.492189407348633,15661000.0
2020-07-02,27.93349326979827,28.076787131049514,27.661850470420692,27.73305892944336,16638000.0
2020-07-06,28.131296953405563,28.21832729485611,27.89745489019204,28.024925231933594,17561000.0
2020-07-07,27.897452641604914,27.96953972811195,27.476362243790017,27.526472091674805,16150000.0
2020-07-08,27.79195984580938,28.11722698548506,27.614381352028943,28.09349250793457,18023000.0
2020-07-09,28.132176340940692,28.511948162640895,27.71372343489843,28.263164520263672,25225000.0
2020-07-10,28.299205465309054,28.3941467352483,27.73042472844987,28.08206558227539,13280000.0
2020-07-13,28.278984037661452,28.44161929634585,27.30318086933441,27.367355346679688,21549000.0
2020-07-14,27.163397574958342,27.798988524003864,26.82933757184976,27.69877052307129,18363000.0
2020-07-15,27.775260073322812,27.935257806566536,27.26713929187312,27.584495544433594,15253000.0
2020-07-16,27.30581682885233,27.593283191808716,27.190653888962625,27.369991302490234,12929000.0
2020-07-17,27.617018721574734,27.710202744704606,27.252190209094106,27.490427017211914,13354000.0
2020-07-20,27.414823941419847,27.924703565173047,27.275046229135818,27.878990173339844,14323000.0
2020-07-21,28.063605869076632,28.063605869076632,27.4869141699734,27.633724212646484,14312000.0
2020-07-22,27.69262010410917,27.751521179130453,27.284717416243318,27.58624839782715,14404000.0
2020-07-23,27.548453466993,27.787568944339544,27.109780541706524,27.22318458557129,19417000.0
2020-07-24,26.95241778403596,27.332189562190884,26.74055297972946,26.882089614868164,15631000.0
2020-07-27,27.102740444879775,27.51240201887065,27.031533664934496,27.4877872467041,20646000.0
2020-07-28,27.355925811326436,27.43768274841277,26.914615416474962,27.019229888916016,13974000.0
2020-07-29,27.122965410186072,27.36032194574479,27.0271421637616,27.15109634399414,16562000.0
2020-07-30,26.900553998157378,27.509771440118943,26.900553998157378,27.436805725097656,21259000.0
2020-07-31,27.665372624309942,27.99064149345655,27.375268682316918,27.84558868408203,24719000.0
2020-08-03,27.955473763476057,28.438101106005313,27.892179583755127,28.239425659179688,20796000.0
2020-08-04,28.175252365611385,28.886448430395426,28.165584190415007,28.868865966796875,25258000.0
2020-08-05,28.856560702410956,29.14930220353366,28.64118137611584,28.96996307373047,22299000.0
2020-08-06,28.81435679545892,29.08775852804202,28.60688845260335,28.936552047729492,14193000.0
2020-08-07,28.868858656708472,28.98665744412686,28.26139693351715,28.652597427368164,14192000.0
2020-08-10,28.50227509595224,28.946219647390272,28.48820711546182,28.77831268310547,11989000.0
2020-08-11,28.796769555531842,29.30225432153754,28.373922006352668,28.485567092895508,19316000.0
2020-08-12,28.64556842447263,29.527310575914537,28.60249256831542,29.33038902282715,18471000.0
2020-08-13,29.204680762918166,29.31017218180261,28.821391138306858,28.95941162109375,15095000.0
2020-08-14,28.836333304061327,28.99721131684557,28.658754803426305,28.818754196166992,10140000.0
2020-08-17,28.96731998037191,29.1677560058937,28.922486885871404,29.038528442382812,10594000.0
2020-08-18,29.173911898924114,29.28995346418433,28.846884145230913,28.890838623046875,8857000.0
2020-08-19,28.96380075837764,29.282035565151936,28.85567349405856,28.940946578979492,11273000.0
2020-08-20,28.807326836324552,29.009520122106302,28.664031277943746,28.907543182373047,8910000.0
2020-08-21,28.86095049861243,29.050836380733866,28.570844925072326,29.01215362548828,11508000.0
2020-08-24,29.18710071917027,29.554565152315156,29.11061717052152,29.362043380737305,11996000.0
2020-08-25,29.449952636878116,29.633684855272527,29.274131353418223,29.550168991088867,11140000.0
2020-08-26,29.427098631687798,30.022253194323284,29.31897132956095,29.860496520996094,14844000.0
2020-08-27,29.93257742161633,30.003785890355296,29.55016641494258,29.813899993896484,12552000.0
2020-08-28,29.801587739787802,30.313222885131836,29.687303431135348,30.313222885131836,14589000.0
2020-08-31,30.19895287056509,30.819597476271532,30.19895287056509,30.51806640625,22229000.0
2020-09-01,30.76860068168857,31.829678497642693,30.54179264925442,31.607263565063477,29205000.0
2020-09-02,32.16286309412109,33.31448930385219,31.961548413968945,32.96724319458008,37053000.0
2020-09-03,32.17603859798477,32.43009720577977,30.78265830679542,30.95232582092285,41795000.0
2020-09-04,31.732975183080796,32.74921650561737,31.07628391577519,31.90703582763672,58514000.0
2020-09-08,31.00244625665969,31.889463569656286,30.768605871503883,30.816078186035156,26685000.0
2020-09-09,31.31012687097965,31.810336587647704,30.865300390237937,31.65033721923828,26273000.0
2020-09-10,31.834950503934547,32.33603882705096,31.154523118674543,31.391002655029297,22851000.0
2020-09-11,31.691662479450567,32.02308334464077,31.18002388957383,31.621335983276367,17362000.0
2020-09-14,32.03539449252222,32.16550069187617,31.590567912804612,31.84111213684082,16447000.0
2020-09-15,32.2015429089685,32.625269174629594,32.118027053230804,32.25516891479492,16618000.0
2020-09-16,32.36681745600843,32.70263480116519,32.20593942148436,32.266597747802734,18498000.0
2020-09-17,31.208156938851314,32.537361605697896,31.208156938851314,32.16813659667969,22862000.0
2020-09-18,32.273629069971626,32.33692324825329,31.212551165884204,31.62397003173828,35295000.0
2020-09-21,31.050004258643884,31.222991928989053,30.47071654375508,31.20791244506836,24198000.0
2020-09-22,31.614218465504447,32.095922788876464,31.31082162821173,32.077293395996094,19500000.0
2020-09-23,31.95220734386885,32.04357765325293,31.05355666247771,31.19017219543457,15542000.0
2020-09-24,31.066864619225086,31.720669980610385,30.96839449290216,31.272674560546875,13611000.0
2020-09-25,31.230977583589382,31.73397108361179,30.896531829805184,31.65235710144043,18183000.0
2020-09-28,32.08526389759306,32.68406751101759,31.850178310285134,32.583824157714844,22192000.0
2020-09-29,32.60068476721735,32.89432182624467,32.290191580599675,32.314144134521484,13722000.0
2020-09-30,32.19793721399485,32.91206727573635,32.08793750942334,32.31947326660156,22403000.0
2020-10-01,32.732870407498005,32.88634207944131,32.363829090465046,32.699161529541016,16016000.0
2020-10-02,31.93623533848958,32.3726977358299,31.59469653289492,31.655017852783203,17100000.0
2020-10-05,32.01075407864921,32.54391334811174,31.927366830498936,32.477378845214844,18923000.0
2020-10-06,32.47825996994281,33.0007728181861,32.115428547949065,32.289302825927734,16672000.0
2020-10-07,32.676978305696,32.81093393914005,32.473828279643044,32.53415298461914,12747000.0
2020-10-08,32.81359671157147,33.20393068339656,32.67343465333653,33.11876678466797,17045000.0
2020-10-09,33.349413032316214,33.71047124830025,33.17820200327701,33.417720794677734,17253000.0
2020-10-12,33.869265850218554,34.162899548221475,33.69184164165795,33.92604064941406,18839000.0
2020-10-13,34.101696799395654,34.40242697016292,33.587166854488274,33.842655181884766,16731000.0
2020-10-14,34.0245145674386,34.04225732868674,33.519744346616115,33.73708724975586,17298000.0
2020-10-15,33.271345510101646,33.75393633257533,33.2686822352234,33.70425796508789,14361000.0
2020-10-16,34.001431280290326,34.001431280290326,33.54633966967118,33.5906982421875,10295000.0
2020-10-19,33.82047061654421,34.03071704679097,33.28021498940066,33.3352165222168,14803000.0
2020-10-20,33.44521655869703,33.81159448345026,33.3165841170234,33.443443298339844,13297000.0
2020-10-21,33.335216690947036,33.4319135350154,32.85084922442683,33.005210876464844,11896000.0
2020-10-22,32.91916063165539,33.205697876969104,32.56697213729729,33.122310638427734,13547000.0
2020-10-23,33.11255660474953,33.17288131432535,32.89077717208034,33.06465148925781,8868000.0
2020-10-26,32.78787268748464,32.819808305234595,31.724220677842688,32.20592498779297,15509000.0
2020-10-27,32.39576691154286,32.39576691154286,31.867044144511123,31.900753021240234,9620000.0
2020-10-28,31.40397233684206,31.48026317025012,30.652583431297725,30.801618576049805,22331000.0
2020-10-29,30.806056023975405,31.886564239475923,30.63838809708367,31.49357032775879,15697000.0
2020-10-30,30.995009439690108,31.31437240312031,30.554113795955693,31.01630210876465,18530000.0
2020-11-02,31.496216861585204,31.527265834489516,30.902733087951063,31.159997940063477,11757000.0
2020-11-03,31.576955516813637,31.868815966795463,30.752822418025612,31.382675170898438,15457000.0
2020-11-04,31.978814994620354,32.73286358806517,31.682518046169776,32.34696960449219,21277000.0
2020-11-05,33.032719868164996,33.945563527819544,33.00167087920008,33.78765869140625,21783000.0
2020-11-06,33.71491121867293,34.03604741274713,33.45941951849363,33.76547622680664,13545000.0
2020-11-09,34.51774610834733,34.94267552523069,33.26779704251432,33.314815521240234,24088000.0
2020-11-10,32.85174065141258,33.10722892573698,31.9681695628527,32.21390151977539,26784000.0
2020-11-11,32.899644007937276,33.4567558166604,32.69472072331672,33.34852600097656,15133000.0
2020-11-12,33.464741764761875,33.586277814297596,32.67077098996597,32.84109878540039,12160000.0
2020-11-13,33.266907637749384,33.473607539941945,32.96351427934615,33.13383865356445,10997000.0
2020-11-16,33.25006067467719,33.83201175320546,33.178206381409346,33.78233337402344,12100000.0
2020-11-17,33.591605129741,33.926934211321985,33.44700313502957,33.76370620727539,11950000.0
2020-11-18,33.70071497927252,34.14871039298991,33.67676580496103,33.76547622680664,13517000.0
2020-11-19,33.50819762938589,34.139826811046056,33.20924085447806,34.094581604003906,14555000.0
2020-11-20,34.09281941699344,34.49556957216556,33.94999409287726,34.005882263183594,16140000.0
2020-11-23,34.18685326065261,34.52218566915351,33.97660680158626,34.33145523071289,12212000.0
2020-11-24,34.475160676940035,34.84686178128359,34.25870446199505,34.79541015625,13455000.0
2020-11-25,34.849522038512795,35.085494249966644,34.50886994154479,34.67121124267578,11787000.0
2020-11-27,34.8770349869209,35.411080956796766,34.86372876141347,35.03671646118164,6846000.0
2020-11-30,34.954216403652524,35.67632957157969,34.840663401568044,35.6248779296875,15454000.0
2020-12-01,35.791647536826034,36.07729816069094,35.495350581215135,35.89011764526367,18181000.0
2020-12-02,35.90519838931076,35.964636462213754,35.58317560741015,35.81560134887695,10031000.0
2020-12-03,35.88390339840977,36.07374716526976,35.31614874229053,35.466957092285156,16120000.0
2020-12-04,35.69761945291595,36.584737195558056,35.69672943839601,36.5208625793457,20083000.0
2020-12-07,36.940464091216306,37.510882106301345,36.66811968351329,37.337894439697266,19707000.0
2020-12-08,37.195072937885776,37.853311415153826,37.095716186600036,37.56145095825195,18121000.0
2020-12-09,37.21192889268829,37.80008977743099,36.69740233143506,36.92361831665039,20908000.0
2020-12-10,36.49956594312932,36.837558195216594,36.19528256118272,36.375370025634766,26244000.0
2020-12-11,35.83955617841491,36.10569080970263,35.33212271888641,36.00101089477539,26664000.0
2020-12-14,36.06399043203827,36.75328116231733,36.016971955527865,36.53150177001953,26116000.0
2020-12-15,36.8402191867084,37.20482389369974,36.63706917728397,37.08683776855469,21207000.0
2020-12-16,37.08150937224805,37.89322266516744,36.98924907464,37.69362258911133,23160000.0
2020-12-17,37.83557631471747,38.14695282808517,37.662588610827434,37.80009078979492,17152000.0
2020-12-18,38.005864301077324,38.97658766302701,37.75535592713434,38.87907028198242,45243000.0
2020-12-21,38.30557089543647,38.650023239178246,37.907440149079214,38.37088394165039,19096000.0
2020-12-22,38.370889297929324,38.78870241109706,38.29215664007106,38.748443603515625,17929000.0
2020-12-23,38.9184232585167,39.00788953302361,38.03090375417939,38.064903259277344,10533000.0
2020-12-24,38.33599156718684,38.65002456754362,38.25368217753967,38.60171127319336,4123000.0
2020-12-28,38.859371163114,39.121514093124446,38.57397259997343,38.6392822265625,10625000.0
2020-12-29,38.99269824231669,38.99269824231669,38.18391103437366,38.38521194458008,9593000.0
2020-12-30,38.6205016537383,39.18683137915436,38.4800361004925,38.903221130371094,10553000.0
2020-12-31,39.035625133404025,39.23155742895747,38.74396044588635,39.173404693603516,10211000.0
2021-01-04,39.30582601722883,39.566177236467894,37.68735773442891,38.04343795776367,24171000.0
2021-01-05,38.02822508266367,38.416512985694396,37.791136359382136,38.30110168457031,15069000.0
2021-01-06,37.87165351252352,38.880847013673446,37.62472195331379,38.064903259277344,17226000.0
2021-01-07,38.65539928854436,39.776427621867185,38.524776583603014,39.6690673828125,21267000.0
2021-01-08,39.992046400059046,40.25955452368997,39.24499222645099,39.87036895751953,15271000.0
2021-01-11,39.42034562190137,40.15129417791959,39.40334586583016,39.881103515625,11660000.0
2021-01-12,40.06093128918988,40.68631135650445,39.86678732895658,40.205867767333984,13846000.0
2021-01-13,40.28727910411533,40.572681107632214,40.09134679257916,40.36869430541992,13118000.0
2021-01-14,40.57447487897908,41.020915524100744,40.37943332994643,40.445640563964844,19692000.0
2021-01-15,40.097613688671046,40.26044410828829,39.42481791671576,39.88915252685547,18165000.0
2021-01-19,40.10656445836632,41.10949895846025,40.10656445836632,41.089813232421875,18819000.0
2021-01-20,41.112170974847125,41.673132113042634,40.7077775291799,41.32331466674805,14710000.0
2021-01-21,41.3438998340929,42.002381878755365,41.19091226226133,41.76529312133789,15749000.0
2021-01-22,41.48794635642645,41.83060698856875,41.36805728474494,41.604251861572266,16248000.0
2021-01-25,42.010433350241605,42.049797971814456,40.80440973959493,41.58367156982422,14692000.0
2021-01-26,41.39221363864903,41.78408175589089,41.32332383864618,41.501365661621094,10742000.0
2021-01-27,40.756087541091155,40.883130054827845,39.50085672113116,39.786258697509766,21857000.0
2021-01-28,40.75520633093601,41.01913430213682,39.9947291374472,40.41612243652344,16946000.0
2021-01-29,40.25150499456761,40.98513959293123,40.04841232509346,40.30518341064453,22069000.0
2021-02-01,40.78382954758626,41.98895896477223,40.58163450473318,41.75813293457031,17027000.0
2021-02-02,42.02831741111485,42.673376241651276,41.870852135998895,42.66532516479492,16141000.0
2021-02-03,42.66981509275306,42.81206903809531,41.56578304546577,41.61946487426758,17857000.0
2021-02-04,41.15512207995877,42.15358213890565,40.929664568006984,42.106163024902344,15243000.0
2021-02-05,42.437181834043244,42.6689054098915,41.63465772664829,41.692813873291016,12488000.0
2021-02-08,41.937961317501355,42.35577440038302,41.65434766308368,42.291358947753906,17610000.0
2021-02-09,42.22873845367994,42.51414052272083,41.92633662732186,42.46403884887695,12758000.0
2021-02-10,42.694863618189146,42.71991445435593,41.64630182690441,42.05427551269531,14587000.0
2021-02-11,42.37993879939468,42.88632748840696,41.9773336145285,42.800437927246094,17123000.0
2021-02-12,42.79953103439998,43.57253002949492,42.48728642945923,43.50990295410156,13551000.0
2021-02-16,43.91788935386548,44.26681270796578,43.572542740591295,43.76131820678711,15163000.0
2021-02-17,43.32293050366526,43.49202366417647,42.502512126782655,43.16636276245117,14084000.0
2021-02-18,42.96504535976459,43.42848914542121,42.508761879741684,43.23613357543945,16715000.0
2021-02-19,43.59311781679736,44.2990189946666,43.55017303784087,43.835575103759766,17992000.0
2021-02-22,43.3023492505562,43.53585785241246,42.5257699264653,42.61881637573242,16967000.0
2021-02-23,42.151791984816256,42.46314247282278,40.8026201884695,42.21978759765625,21303000.0
2021-02-24,41.84223951229743,43.07062813897176,41.39310939806616,43.02321243286133,15125000.0
2021-02-25,42.47475856198616,42.888994833530575,40.72656224866338,40.901023864746094,23148000.0
2021-02-26,41.828806903063146,42.56512729238547,41.221324237428135,42.03816223144531,22640000.0
2021-03-01,42.917631466063206,43.83914714034841,42.39514073390835,43.801570892333984,24677000.0
2021-03-02,43.87224418971357,43.916083140873425,42.90867803619002,42.99009323120117,18546000.0
2021-03-03,42.76554434478257,43.068840365318074,41.33137706264895,41.428897857666016,23991000.0
2021-03-04,41.30452835176998,41.781391755819385,39.49370473606512,39.686954498291016,34575000.0
2021-03-05,40.640683558717946,40.797251279925355,38.739495798392866,40.272972106933594,42414000.0
2021-03-08,39.97682897349162,40.077929902914356,37.510205882561365,37.68824768066406,45243000.0
2021-03-09,38.98015775088877,39.98308858579776,38.524768456446324,39.68784713745117,37884000.0
2021-03-10,40.02335617168448,40.620999454213404,38.927375345763565,39.150150299072266,19914000.0
2021-03-11,40.1727668835729,40.92697787835746,39.55275532371403,40.590579986572266,26170000.0
2021-03-12,39.8453079782966,40.57267965408831,39.770155487477055,40.365116119384766,18906000.0
2021-03-15,40.723887659439605,42.15984307963751,40.545845856036884,42.11868667602539,31241000.0
2021-03-16,42.16342725947971,43.30235303050244,41.818084051327496,42.78165054321289,31190000.0
2021-03-17,42.07663220470778,43.59490029203118,42.050687188422096,43.26565933227539,23754000.0
2021-03-18,42.45777158177364,43.24419030483066,41.4906250827004,41.52641296386719,28728000.0
2021-03-19,41.21082704502731,42.98080285960945,40.94483261906113,42.78063201904297,108602000.0
2021-03-22,42.640865556163234,43.395561339897945,42.52905800903279,42.85456085205078,31805000.0
2021-03-23,42.71931494409074,42.86268081559947,41.71575728312734,41.842891693115234,24712000.0
2021-03-24,42.328892045292115,42.377582989056364,41.19459186432698,41.23065948486328,20882000.0
2021-03-25,41.02237865104929,41.83929355030854,40.51293631708219,41.630104064941406,17537000.0
2021-03-26,41.17386789930393,43.55066845498176,41.17386789930393,43.464107513427734,28925000.0
2021-03-29,43.316226146240105,43.38475325651737,42.222499345403065,42.61472702026367,28410000.0
2021-03-30,41.82666570468944,41.83748667956275,40.72121678747495,41.130577087402344,27935000.0
2021-03-31,41.38664973005057,42.11429662293339,40.79154773443666,41.806827545166016,28684000.0
2021-04-01,42.565141032682725,42.971794440033186,42.30635940280614,42.91498947143555,23528000.0
2021-04-05,43.30720637113117,44.1493678335801,42.99342561540867,44.04477310180664,22966000.0
2021-04-06,43.561482489170196,44.02133268843069,43.0763821996823,43.62910842895508,18063000.0
2021-04-07,43.2810639971678,43.632714769764156,43.099828122731445,43.50197219848633,12074000.0
2021-04-08,43.999690405600816,43.999690405600816,43.290978459674335,43.77427291870117,18121000.0
2021-04-09,43.28015625246975,43.75894138503933,42.96817785411399,43.739105224609375,16614000.0
2021-04-12,43.454185957013564,43.76886792770604,43.15392966165648,43.61107635498047,23247000.0
2021-04-13,43.730994612967024,44.021331084625366,43.30630744135638,43.727386474609375,15281000.0
2021-04-14,43.502866409976214,44.1087859029846,42.84645018628631,43.03670120239258,18220000.0
2021-04-15,43.42802653849746,43.48843618758838,42.98981495087113,43.2801513671875,18370000.0
2021-04-16,43.323435898328775,43.440653949066686,42.989818996564566,43.17105484008789,16263000.0
2021-04-19,42.96729551492926,42.99164099872848,41.48134390535715,41.657169342041016,26319000.0
2021-04-20,41.4777125362109,41.65984953559293,40.98449835094496,41.22975540161133,19128000.0
2021-04-21,41.04582943809597,41.50748550674899,40.80959091489323,41.45789337158203,25947000.0
2021-04-22,41.035010760226804,41.57961966310864,40.48499480776446,41.03591537475586,27057000.0
2021-04-23,41.34066897165918,42.18463287589522,41.25140451782988,42.029544830322266,22890000.0
2021-04-26,42.10978383452973,42.72382076478397,41.7987066444547,42.545291900634766,18271000.0
2021-04-27,42.712105418176996,42.762598716247304,41.93306399675056,42.04937744140625,13267000.0
2021-04-28,41.96101303744819,42.01511447231984,41.120657365442874,41.40468215942383,15940000.0
2021-04-29,42.3505476389158,42.3505476389158,41.3893655355537,42.04397964477539,14650000.0
2021-04-30,41.45066200774786,41.54263339834238,40.9213802240875,41.13417434692383,19367000.0
2021-05-03,41.45427979431529,41.462397246364155,40.420064809314795,40.58777618408203,15098000.0
2021-05-04,40.3244851100444,40.36776557193476,39.43092913832163,40.08283615112305,23497000.0
2021-05-05,40.612121468307095,40.70499406226105,39.88717797021031,40.018821716308594,16388000.0
2021-05-06,40.016117987838065,40.493100841371266,39.659056728752525,40.44711685180664,13495000.0
2021-05-07,40.98902091765753,41.330755345380936,40.50301941091283,40.80778503417969,11712000.0
2021-05-10,40.42907428535072,40.44259878290658,39.29206716173578,39.32182312011719,25239000.0
2021-05-11,38.3209812423897,39.83217922533824,38.14515583891603,39.6797981262207,17887000.0
2021-05-12,38.707795412806256,38.84935552327861,37.79260083719051,38.084739685058594,29940000.0
2021-05-13,38.76189123474734,39.20641458414067,38.378682162428575,38.82591247558594,21841000.0
2021-05-14,39.34797722194005,40.135136125484514,38.956654146519014,39.819549560546875,16964000.0
2021-05-17,39.86643259112528,39.86643259112528,39.027879329999124,39.66806411743164,15725000.0
2021-05-18,40.02692962125088,40.0738182182511,39.06755356756111,39.109031677246094,17824000.0
2021-05-19,38.4111511468461,39.89890843025452,38.384102140107444,39.82857894897461,21369000.0
2021-05-20,40.19193042966359,41.41369254747981,40.15406046466548,41.02597427368164,21886000.0
2021-05-21,41.2955771425827,41.2955771425827,40.515631211269714,40.68695068359375,13216000.0
2021-05-24,41.199101379794946,41.696821475177444,41.14860808663437,41.403778076171875,14420000.0
2021-05-25,41.64812738264227,41.743706914268536,41.161228298202296,41.435333251953125,9600000.0
2021-05-26,41.54624274031208,41.666164311481964,41.0737692918506,41.52099609375,9873000.0
2021-05-27,41.47681617977103,42.2378271856515,41.445257870261635,42.1693000793457,19098000.0
2021-05-28,42.37847904448512,42.795052100284614,42.16929306191906,42.58856964111328,19946000.0
2021-06-01,42.8689891983597,43.09981714239096,42.12601551556876,42.22610092163086,16277000.0
2021-06-02,42.54348613496428,43.07276794563879,42.3306920012671,42.714805603027344,13286000.0
2021-06-03,42.27029157687212,42.3568525043174,41.770765614421826,41.90962219238281,20389000.0
2021-06-04,42.42357442628035,43.13589457888738,42.33521114815315,42.82932662963867,23865000.0
2021-06-07,42.648990380631595,42.78243990728957,41.69953404293149,41.817649841308594,24142000.0
2021-06-08,42.2026671717714,42.59399026934407,41.79331026035877,41.79511260986328,16615000.0
2021-06-09,42.12511752221259,42.12511752221259,41.63190329046979,41.831172943115234,12126000.0
2021-06-10,41.97272963560659,42.33700363927514,41.49574690389421,42.25856018066406,15413000.0
2021-06-11,42.23783666781597,42.57055247407868,42.121519764027255,42.441612243652344,14508000.0
2021-06-14,42.422663683755665,42.91046739250104,42.02322323320848,42.90415573120117,14675000.0
2021-06-15,42.96998246080633,42.97088707507148,42.24774599862177,42.445213317871094,11131000.0
2021-06-16,42.40283575953029,42.4794768845406,41.610266365826824,41.99528121948242,20437000.0
2021-06-17,41.916834012648714,42.85096349950013,41.83207887629711,42.483985900878906,20881000.0
2021-06-18,42.13234006806962,42.35685641950923,41.52280882073355,41.79240798950195,28537000.0
2021-06-21,41.90781639881461,42.290388784830995,41.6597346967318,42.22041702270508,18591000.0
2021-06-22,42.399427950397126,42.58117422684137,41.921436179309666,42.205867767333984,13722000.0
2021-06-23,42.15226120165242,42.5175668032268,42.077744835215945,42.40670394897461,17674000.0
2021-06-24,42.70021743549235,43.04190212191772,42.58299352326858,42.715667724609375,12502000.0
2021-06-25,42.83289885657938,42.932859505463036,41.801493954918236,42.00141525268555,19100000.0
2021-06-28,42.34672153985142,43.28180546689495,42.30219406394669,42.964656829833984,13987000.0
2021-06-29,42.92557850940565,43.37448961157347,42.777457500868685,43.35995101928711,14184000.0
2021-06-30,43.44901449896307,43.490817293150684,42.94012553723026,43.331787109375,15381000.0
2021-07-01,43.42266611063101,43.42266611063101,42.61299038596427,42.67750930786133,11153000.0
2021-07-02,43.32542175226963,43.48990475957358,41.41164156180566,42.54391860961914,37054000.0
2021-07-06,42.74657344876096,43.32361430469128,42.555741367258605,43.00828552246094,13870000.0
2021-07-07,43.16458574168907,43.1972993162005,42.380354316265816,42.668418884277344,12581000.0
2021-07-08,42.20314111842282,42.80835421491861,41.94324211793782,42.755645751953125,16011000.0
2021-07-09,42.67113858850625,43.698910361161545,42.531195095708654,43.63529968261719,16782000.0
2021-07-12,43.738893219880744,44.89297812070649,43.00645872143615,44.14146041870117,33142000.0
2021-07-13,44.10330092569679,44.30321874678384,43.800694307570296,43.98334884643555,11806000.0
2021-07-14,44.4549753986961,44.7094216148344,43.68710253888478,43.76343536376953,14020000.0
2021-07-15,43.91700654945193,44.0233282537425,42.99373994329821,43.37722396850586,12624000.0
2021-07-16,43.533523214083026,43.64438953081557,42.46122733238204,42.53483200073242,13980000.0
2021-07-19,42.11773268108687,42.34400649376976,41.58249115307147,42.31674575805664,14938000.0
2021-07-20,42.51848159369526,42.91468433864578,42.09864756353005,42.58209228515625,20727000.0
2021-07-21,42.676600807153505,43.55352360155786,42.5739120036296,43.5298957824707,13660000.0
2021-07-22,43.30997839771039,43.52716295794914,43.12005456947888,43.28544235229492,12583000.0
2021-07-23,43.6216623550251,43.94426379874088,43.330869714553785,43.90518569946289,13489000.0
2021-07-26,43.81524428067979,43.947918532094455,43.5898786591458,43.822513580322266,11160000.0
2021-07-27,43.68801012376569,43.78342615346509,42.510297262220014,43.197296142578125,14715000.0
2021-07-28,43.31906142516517,43.5353412094437,43.102785107408785,43.405391693115234,8359000.0
2021-07-29,43.47990601466746,44.14872983641082,43.386306454130434,43.992427825927734,9162000.0
2021-07-30,43.797057039502306,44.195079682339646,43.57987247406414,44.10966110229492,11548000.0
2021-08-02,44.44134968616934,44.94569409377393,43.93791697407097,44.04423522949219,15619000.0
2021-08-03,44.11784154597661,44.324123911904245,43.61531361717722,44.23597717285156,11135000.0
2021-08-04,44.39408999597276,44.52585597323051,43.983345241051985,44.32775115966797,12123000.0
2021-08-05,44.56674685890681,44.56674685890681,44.063310767915254,44.31593704223633,8372000.0
2021-08-06,44.079671224382516,44.356833555261424,43.985163424563225,44.11238479614258,9964000.0
2021-08-09,44.208714805078294,44.239611923127505,43.70982323789684,44.04423522949219,5952000.0
2021-08-10,44.15510116770208,44.205081493523544,43.421758268026,43.82432556152344,9319000.0
2021-08-11,44.05604663661176,44.16146012358416,43.599866123223606,43.94154739379883,9816000.0
2021-08-12,43.82613138318564,44.07330479885715,43.32178710249552,44.00605773925781,8702000.0
2021-08-13,43.85613192463162,44.43408101986288,43.810692742633385,44.17873001098633,8582000.0
2021-08-16,44.05786731408915,44.428625782909634,44.01878920369577,44.3586540222168,9188000.0
2021-08-17,44.12692576908138,44.18417885589991,43.12096518400449,43.49990463256836,16499000.0
2021-08-18,43.31451979511143,43.353594432495555,42.56027391132533,42.616615295410156,15616000.0
2021-08-19,42.37852940827288,43.240005257221014,42.04320924254875,43.03099822998047,14044000.0
2021-08-20,42.96648643068321,43.276362374244314,42.750206603914066,43.18003463745117,10007000.0
2021-08-23,43.2854421360407,44.18144803757124,43.22819251919809,43.841583251953125,15707000.0
2021-08-24,43.83705193231357,43.89520979104977,43.63349422695216,43.748905181884766,9429000.0
2021-08-25,43.76162112491309,44.188720981063845,43.76162112491309,43.92882537841797,10017000.0
2021-08-26,43.89156297049172,44.3559244339356,43.67347018546448,44.14055633544922,10836000.0
2021-08-27,44.346838738151106,45.11289863275869,44.222345512297025,45.06746292114258,16459000.0
2021-08-30,45.43640583320118,46.149757266121526,45.277379106089505,45.33553695678711,19614000.0
2021-08-31,45.553630869604305,45.553630869604305,44.77303240401529,45.18286895751953,17378000.0
2021-09-01,45.097450141556436,45.36734320179057,44.790302361536845,44.81483840942383,12586000.0
2021-09-02,45.05382011663698,45.07108686223061,44.542206548693166,44.70032501220703,16991000.0
2021-09-03,45.064731670880725,45.981637233075915,44.98567416207582,45.22557830810547,25191000.0
2021-09-07,45.21830170225499,45.21830170225499,44.618541388139214,45.126522064208984,12398000.0
2021-09-08,45.40187271319585,45.42640529240521,44.355925834620365,44.925697326660156,13987000.0
2021-09-09,44.78666408054632,45.31826918483405,44.78666408054632,44.84482192993164,13174000.0
2021-09-10,45.16833048265039,45.980730827657105,45.11925839026139,45.268287658691406,16110000.0
2021-09-13,45.61815016910091,45.66086119296286,44.82392133044266,45.341896057128906,14927000.0
2021-09-14,45.618144778904686,45.92892888488998,45.28736577343668,45.60633087158203,14134000.0
2021-09-15,45.62905819346093,46.40874501024653,45.38370118402523,46.32150650024414,23346000.0
2021-09-16,45.90894764526519,46.267895689030325,45.45549178845699,46.10432434082031,17569000.0
2021-09-17,45.79716506505304,46.12885231489596,45.52727204109873,45.98163604736328,34470000.0
2021-09-20,45.34552644098032,45.709015543867665,44.385909940244225,44.965675354003906,30105000.0
2021-09-21,45.17347664450017,45.19727762386598,44.5793914889126,44.94462966918945,16935000.0
2021-09-22,45.243043727571845,46.04400809525445,45.057220804396664,45.82339859008789,20610000.0
2021-09-23,45.99914683358402,46.436702741053395,45.82339116593509,46.163002014160156,18370000.0
2021-09-24,45.977187483435856,46.272855976598,45.84537070872429,46.219764709472656,10605000.0
2021-09-27,45.74926196031272,46.30215639502732,45.52956730429814,46.21336364746094,9831000.0
2021-09-28,45.494777806007264,45.9021251285221,44.90343732620138,44.9473762512207,20124000.0
2021-09-29,45.186291247126256,45.244875317548356,44.63888968263266,44.8064079284668,15783000.0
2021-09-30,45.26776454474284,45.26776454474284,44.3487170553362,44.38990783691406,15735000.0
2021-10-01,44.65719981972984,44.73134741500615,43.709773456219786,44.61143112182617,16052000.0
2021-10-04,44.38989967539152,44.539106235449125,43.27770338221476,43.5678825378418,20093000.0
2021-10-05,43.56696759100441,44.834778128966825,43.5111281822073,44.43475341796875,16557000.0
2021-10-06,44.22512442123983,44.794497062705965,43.911147818044405,44.74231719970703,12042000.0
2021-10-07,45.09474658299455,45.760234557986074,45.09474658299455,45.21282958984375,13261000.0
2021-10-08,45.47829560471976,45.586311392227316,44.97116998521481,45.11488723754883,10279000.0
2021-10-11,44.96751737036332,45.7318654571517,44.93181590003884,45.06821060180664,11186000.0
2021-10-12,45.38858526294073,45.46730726750382,44.123519437038915,44.42193603515625,20991000.0
2021-10-13,44.045716534852176,44.43109263046429,43.897424852458236,44.39722442626953,16424000.0
2021-10-14,45.024271311515776,45.69158919380621,44.92907088334414,45.54970169067383,19233000.0
2021-10-15,46.172162179164104,46.30580872227485,45.86825623258372,46.06689453125,25103000.0
2021-10-18,45.80509400744457,46.13371581550282,45.64673160196529,46.076961517333984,16042000.0
2021-10-19,46.16484691838617,46.764428433270126,45.93142200050115,46.720489501953125,16383000.0
2021-10-20,46.776313555735804,46.99875281133187,46.541977304114305,46.628936767578125,13458000.0
2021-10-21,46.63169246935548,47.123254635141045,46.5566299897558,47.06467056274414,11787000.0
2021-10-22,47.11868333578928,47.72650233858771,46.96123578191727,47.180015563964844,15367000.0
2021-10-25,47.370405978473826,48.012093051805316,47.15895230866223,47.78965377807617,12416000.0
2021-10-26,48.07891111846432,48.97233118107149,47.96632090815354,48.869808197021484,24043000.0
2021-10-27,48.68215467962009,49.0711938076331,47.77042988468461,47.88485336303711,23500000.0
2021-10-28,47.97913756860201,48.51097556263244,47.91414232496006,48.476192474365234,11872000.0
2021-10-29,47.92055715392084,48.71236925667948,47.92055715392084,48.66843032836914,15564000.0
2021-11-01,48.54668293686061,48.751728935420765,48.05145774074684,48.337059020996094,16896000.0
2021-11-02,48.282141481494314,49.50601694650114,48.211656909281466,49.16274642944336,16262000.0
2021-11-03,49.343974969002254,49.7778713554194,48.860650354398885,49.647884368896484,14038000.0
2021-11-04,49.77879332170024,50.261203120027965,49.51515977154355,50.220008850097656,15956000.0
2021-11-05,50.34633264335896,51.231511844017795,50.32893935203147,51.16285705566406,18674000.0
2021-11-08,51.44204906078447,51.617804754885846,51.08779650950714,51.16560363769531,17231000.0
2021-11-09,51.1875682832692,51.435638288747924,50.81683734843347,51.06032943725586,15838000.0
2021-11-10,50.7399487106966,51.34410455089837,50.16783130550827,50.23373794555664,18450000.0
2021-11-11,50.59257100309017,50.9980885389423,50.23740007734667,50.840641021728516,14157000.0
2021-11-12,51.116175930082335,51.796309175293224,50.766497776322964,51.55647659301758,13592000.0
2021-11-15,51.96564978686201,51.96564978686201,51.24615563454345,51.789894104003906,13972000.0
2021-11-16,51.63610644510669,52.13407619327817,51.51252714698607,52.06450653076172,13194000.0
2021-11-17,52.006847826760485,52.301604939898255,51.637031726679105,52.14415740966797,12532000.0
2021-11-18,52.277808916506544,52.793172105911395,52.144162353136515,52.61741638183594,12712000.0
2021-11-19,52.751966683921125,52.83709987250015,51.80454044962777,52.0599365234375,19612000.0
2021-11-22,52.33088963735192,52.36384295598829,50.57334671875659,50.646575927734375,25898000.0
2021-11-23,50.56784734585945,50.88273883982128,50.211761590009694,50.81500244140625,17109000.0
2021-11-24,50.641995682323966,51.177496651417364,50.10740610617065,51.14545822143555,12084000.0
2021-11-26,50.5083600301409,51.014570859709124,49.7348595743893,50.0341911315918,14219000.0
2021-11-29,50.9138753804781,51.95284263021473,50.683198629190514,51.659000396728516,18703000.0
2021-11-30,51.561049797196354,51.71849731348525,50.52940872238154,50.68319320678711,22574000.0
2021-12-01,51.58027107484434,52.03796497228471,50.651153021748755,50.78205490112305,21980000.0
2021-12-02,49.986584502999676,51.18025107986484,49.79710203345161,50.57060241699219,22619000.0
2021-12-03,51.71391623070643,52.08556553719511,50.382943725390284,51.089622497558594,20305000.0
2021-12-06,51.68736641326524,52.02789214481451,50.89098009519283,51.71757507324219,22482000.0
2021-12-07,52.360180997102596,54.288901598434705,52.360180997102596,54.04449462890625,29562000.0
2021-12-08,54.09392914256056,54.09392914256056,53.31493251992586,53.87606430053711,17998000.0
2021-12-09,53.316759185801594,54.02984563736368,53.316759185801594,53.40555191040039,29080000.0
2021-12-10,57.118374000801154,59.019634391971664,56.62498206590183,57.82322311401367,57087000.0
2021-12-13,58.03559561597624,58.07404174106413,56.86664484920328,56.906005859375,26898000.0
2021-12-14,56.55632443009631,56.62772387371152,55.43955011311872,56.288116455078125,35956000.0
2021-12-15,56.348532056013795,58.663547433223016,55.869785275307265,58.5720100402832,29092000.0
2021-12-16,58.34316193613773,58.64524161245894,55.97597022095708,56.8162956237793,42748000.0
2021-12-17,56.52795283239052,58.583916261804475,56.305513523694,58.12347412109375,50661000.0
2021-12-20,57.33074241455642,59.14229506587761,57.21997847260013,59.04526138305664,32770000.0
2021-12-21,59.70578761880695,59.83199893129723,58.342351206001965,59.53443908691406,36534000.0
2021-12-22,59.265426165464774,60.54042939930241,58.89139949245708,60.359859466552734,28383000.0
2021-12-23,60.4455519351702,61.790566671295316,60.4455519351702,61.2442741394043,23596000.0
2021-12-27,61.24428137377438,62.30370595587417,61.21295520970557,62.117618560791016,19442000.0
2021-12-28,62.41885823322482,62.438207778947984,61.449715185229536,61.63119888305664,17247000.0
2021-12-29,61.70490018119916,62.36818967740968,61.64225488465971,61.963768005371094,14797000.0
2021-12-30,62.00889350022608,62.24841876185325,61.155826800668784,61.27006149291992,11473000.0
2021-12-31,61.4441808104595,61.84399877491213,61.10332518939781,61.30046844482422,12046000.0
2022-01-03,61.384301280513895,61.87992511780151,60.914465120618765,61.10792541503906,22591000.0
2022-01-04,61.06739434915518,61.92507187001162,60.54688949383882,61.808074951171875,21103000.0
2022-01-05,61.83479709453677,61.83479709453677,59.14476029317073,59.23596954345703,34961000.0
2022-01-06,58.97432308482403,59.75645792008272,58.446452356325935,58.68597412109375,28581000.0
2022-01-07,58.577278354212595,58.951305170692876,56.97523706196471,57.03880310058594,27832000.0
2022-01-10,56.09083929941208,57.30503558108438,55.60349853918892,57.223968505859375,29793000.0
2022-01-11,56.70623110696406,57.85409917825074,56.6168703625256,57.30596160888672,19037000.0
2022-01-12,57.808953628160715,58.12954599067377,57.09314699462603,57.30134963989258,18806000.0
2022-01-13,57.80527252244,57.84304033238292,54.735688234360936,55.0157470703125,30048000.0
2022-01-14,54.88584566674739,55.309616842890485,54.53761713404859,54.94020080566406,25661000.0
2022-01-18,54.19861329562409,54.44919100671096,53.062718170757805,53.22854232788086,35825000.0
2022-01-19,53.577683208854104,53.86787366173255,51.89641302861871,51.95537185668945,22692000.0
2022-01-20,52.32664085426656,52.52378765042005,50.370839489591724,50.45835876464844,25225000.0
2022-01-21,50.35886142128206,51.16587030756832,48.949356325781395,49.12347412109375,38010000.0
2022-01-24,48.90789452967699,50.07050472815743,47.29663921751502,49.892704010009766,54256000.0
2022-01-25,48.64166029802108,50.24462567273574,48.293431743109274,49.207305908203125,38158000.0
2022-01-26,50.8526403189402,52.89503622328774,50.67483959801105,51.324317932128906,49715000.0
2022-01-27,52.48508668760728,52.53483462559707,49.842039468711924,49.959957122802734,34183000.0
2022-01-28,50.05668502689004,51.635697018646844,49.046080803809375,51.598846435546875,30254000.0
2022-01-31,51.53436432789499,54.01896047104876,51.22114137177861,53.973819732666016,40288000.0
2022-02-01,53.97289333740648,54.712649629678516,53.0470426574547,54.60394287109375,25719000.0
2022-02-02,55.18248715740712,55.71680656097403,54.68777703540924,55.59059524536133,24443000.0
2022-02-03,54.875718280788284,55.184334040679545,53.443184214110474,53.510433197021484,30602000.0
2022-02-04,53.09863105621774,54.954936067894884,53.0765193013931,54.36810302734375,20548000.0
2022-02-07,54.36811723628951,55.42017948360432,53.815372420924,54.13504409790039,18671000.0
2022-02-08,54.20412929033301,55.445044467907614,54.07607649277401,55.29487991333008,14570000.0
2022-02-09,55.9517232450054,56.35430689825228,55.418321077899776,56.319297790527344,22004000.0
2022-02-10,54.84162027912719,56.623306844449694,54.22162314130336,54.47865295410156,24920000.0
2022-02-11,54.478652203049954,55.25249681437503,52.42612127831896,52.8259391784668,27281000.0
2022-02-14,52.97150472390027,53.6909943139658,52.517331620501224,53.30131149291992,19291000.0
2022-02-15,54.26401121297375,55.831046760511235,54.19215502807309,55.52980041503906,34284000.0
2022-02-16,54.72739179183396,55.349233989169356,54.09726295717395,55.01758575439453,22931000.0
2022-02-17,54.3257420738172,54.49893563626335,53.32987645405252,53.34001159667969,21424000.0
2022-02-18,53.51871737039678,54.14515966870584,52.81304245817817,53.43119812011719,19708000.0
2022-02-22,53.43120818873292,54.37271855976148,52.49338076789617,53.1981315612793,20204000.0
2022-02-23,53.453308618436175,53.89919152504384,52.026302684073926,52.0677604675293,22416000.0
2022-02-24,50.81395908915874,53.956320592726115,50.57812023231236,53.432132720947266,35316000.0
2022-02-25,53.416469460602514,54.296255274930026,52.879384270831224,54.1700439453125,22380000.0
2022-02-28,53.52424904660086,54.5652552459326,53.09863638046397,54.117530822753906,25005000.0
2022-03-01,53.87340174274403,54.134114539405836,52.07789685162223,52.52193832397461,24898000.0
2022-03-02,52.927279959770125,54.402192369743965,52.840684956531646,53.964599609375,21771000.0
2022-03-03,54.69239268743937,54.694234162618955,52.90978497108771,53.303157806396484,26454000.0
2022-03-04,54.6103956745782,55.81906746282911,53.80154535743094,54.90519332885742,44757000.0
2022-03-07,55.005603818495096,55.162213517399756,52.51087639912896,52.57536315917969,26494000.0
2022-03-08,52.710792743442646,54.91072284970941,51.922209171244994,53.059024810791016,26993000.0
2022-03-09,54.24190225603579,55.42570011618349,54.07699886796208,55.000083923339844,22560000.0
2022-03-10,53.94433997290243,54.35521383097348,53.09771828598279,54.144248962402344,19323000.0
2022-03-11,54.53762275451658,54.76148498125494,53.16681321017931,53.23406219482422,19813000.0
2022-03-14,53.152067907992645,53.43028526376395,52.02722889727409,52.30820846557617,25234000.0
2022-03-15,53.180636815520984,54.97613850338009,52.97519986151101,54.607643127441406,28260000.0
2022-03-16,54.9660028957273,55.9848974388377,53.80615467319105,55.930545806884766,29454000.0
2022-03-17,55.7094407232638,55.919484845530725,55.056279376001335,55.52058410644531,18174000.0
2022-03-18,55.64034177675933,56.49157055403622,54.905189171711335,56.23362350463867,41538000.0
2022-03-21,56.16777275753974,56.16777275753974,54.61518297112572,55.76803207397461,25789000.0
2022-03-22,55.80792212326867,56.900483393420835,55.58625394672087,56.70014953613281,19262000.0
2022-03-23,56.39037816990001,56.702938354352135,55.57049278742473,55.59089660644531,13839000.0
2022-03-24,56.2633083987423,58.17297761397556,55.83389065922847,58.099708557128906,26016000.0
2022-03-25,58.159989348404096,58.46883809251775,57.50983043983585,58.32600784301758,14538000.0
2022-03-28,58.04868957592215,58.73687517800026,57.11193973082437,58.69791793823242,14427000.0
2022-03-29,59.35828359029082,59.85077020780837,58.430810409192524,59.494625091552734,23001000.0
2022-03-30,59.25348401215062,59.75617433981287,58.18318051288668,58.53190994262695,18626000.0
2022-03-31,58.475334049566456,59.26554236611037,58.249958020463026,58.4011344909668,21731000.0
2022-04-01,58.58754798116448,58.85466210622028,57.38183363991842,58.15071105957031,16267000.0
2022-04-04,58.09876851643745,59.05406821811345,57.92254990060844,58.88063049316406,16484000.0
2022-04-05,58.3890828895888,58.640428067210465,56.854112183011196,56.95798873901367,19778000.0
2022-04-06,55.84130825560846,56.72333549316111,55.07057681471642,55.83388900756836,23742000.0
2022-04-07,55.632625536351256,56.35698045082945,55.021420340629724,55.931270599365234,16583000.0
2022-04-08,55.40539203809602,55.51761833113259,54.34714621196119,54.44267654418945,20464000.0
2022-04-11,54.03273227776777,54.65414115153698,53.74057949816272,53.85002136230469,23512000.0
2022-04-12,54.63837424812893,55.517620587821945,53.9947076065944,54.263675689697266,17350000.0
2022-04-13,54.58180269048993,55.343261020891205,54.354572720970125,54.956504821777344,20266000.0
2022-04-14,55.183725661543946,55.375713283592134,53.131226412673456,53.223045349121094,27385000.0
2022-04-18,53.130306324029526,54.8340763971779,53.130306324029526,54.39630889892578,21375000.0
2022-04-19,53.73408800730061,55.52781941883072,53.73408800730061,55.42765426635742,16581000.0
2022-04-20,56.03793318422705,56.893991322394754,55.196717080823966,55.43693161010742,13920000.0
2022-04-21,56.16221233165465,57.12029301421737,54.782133187478294,54.974117279052734,20352000.0
2022-04-22,54.73112115127777,55.531529541145595,54.37404199663072,54.43803787231445,21064000.0
2022-04-25,53.93164422936951,54.605918433849666,52.969855561318475,54.52429962158203,26959000.0
2022-04-26,54.14589098893807,54.299851892818396,51.91160749309877,51.94499588012695,35809000.0
2022-04-27,51.54802583631302,52.87338568209065,51.474756792079084,51.89582824707031,19313000.0
2022-04-28,52.489418783008,54.25903494959509,51.75022183783161,53.695133209228516,22334000.0
2022-04-29,53.108975505179394,53.633923594375304,51.32637105417715,51.418190002441406,26108000.0
2022-05-02,51.67324404550162,53.57456345418126,51.60275588208528,53.454917907714844,26725000.0
2022-05-03,53.423387168847384,54.41949109755906,53.03013517917514,53.90196228027344,17064000.0
2022-05-04,53.9594586224079,56.02586929680837,53.23510023029312,55.98784255981445,23896000.0
2022-05-05,55.11323634553211,55.450835094442034,53.263855397759635,53.79251480102539,32806000.0
2022-05-06,53.324144017539204,54.71906521930322,52.813107498182944,53.80271911621094,20745000.0
2022-05-09,53.13308185533133,53.60794908574096,51.96354024179292,52.209320068359375,30074000.0
2022-05-10,53.83888674454197,54.82757484164785,53.03291308743108,53.922359466552734,29271000.0
2022-05-11,53.29075104710288,54.22842784937183,52.481992952748094,52.59792709350586,26660000.0
2022-05-12,52.25383841216332,53.200788431516244,51.77711726055187,53.0115852355957,25518000.0
2022-05-13,53.519840059021156,54.868384694869874,53.19058397582879,54.557682037353516,19449000.0
2022-05-16,54.19967589973373,54.641154734224486,53.57548615596373,54.04107666015625,14189000.0
2022-05-17,55.2263864877697,56.483115707408295,55.055733184672214,56.40427780151367,24676000.0
2022-05-18,55.648392909076925,55.71516967857295,52.511678523739526,52.91883850097656,35024000.0
2022-05-19,51.753003248725776,52.008059790962484,49.98709491921725,50.65951156616211,34884000.0
2022-05-20,51.37274043283377,51.473836088082095,47.52743659679476,50.379417419433594,40281000.0
2022-05-23,48.599597710731835,49.67268206560066,47.69623617019671,48.8184814453125,58586000.0
2022-05-24,48.84630544136106,49.05127764776061,47.87524014931406,48.61814498901367,25060000.0
2022-05-25,48.590322889227586,49.847048715512436,48.590322889227586,49.30725860595703,17842000.0
2022-05-26,49.298915222314186,51.434887536670466,48.94462044961017,51.07224655151367,39743000.0
2022-05-27,52.13233733476901,54.29984373074346,51.93942275201544,54.097652435302734,37301000.0
2022-05-31,54.21080989317958,54.44545908714519,53.422455540973715,53.805503845214844,30009000.0
2022-06-01,54.496477697257255,54.80811091734156,52.72036541104749,53.201725006103516,18345000.0
2022-06-02,53.58476145187574,53.58661537918163,52.692530631683276,53.491085052490234,29488000.0
2022-06-03,52.76116587892607,52.82886960719018,52.02938820729554,52.24641799926758,20562000.0
2022-06-06,53.00694336129235,53.11823914338713,51.710337062702294,52.052574157714844,14557000.0
2022-06-07,51.98858822607404,53.287048700162316,51.70941644679167,53.14329147338867,15895000.0
2022-06-08,53.03477461791724,53.447499930909515,52.136981899293325,52.43562698364258,24004000.0
2022-06-09,52.04608862055604,53.203572688040346,51.56101768897855,51.58791732788086,18787000.0
2022-06-10,51.01937491379999,51.10748600463626,50.05758631493224,50.20134353637695,24018000.0
2022-06-13,48.85743552864723,49.434321861219225,47.8594741469518,48.007869720458984,31619000.0
2022-06-14,48.689563584491786,48.689563584491786,47.72684450563453,48.2443733215332,24380000.0
2022-06-15,49.077243676825006,49.51129973380604,47.81309516947275,48.8509407043457,19141000.0
2022-06-16,47.481985199501395,47.71199954787404,45.65764648431295,46.11210632324219,37244000.0
2022-06-17,45.90992575550549,46.40705076521411,45.248636169502966,46.24845504760742,43504000.0
2022-06-21,47.139663941606564,47.77837856170607,47.028380108727475,47.11067199707031,21901000.0
2022-06-22,46.41303278959493,47.11066223548965,46.2157113799908,46.393394470214844,24721000.0
2022-06-23,46.92177465442149,46.92177465442149,45.917412535315876,46.438297271728516,16707000.0
2022-06-24,47.225699223160724,47.861609913930806,46.89371701314067,47.60818099975586,21201000.0
2022-06-27,48.04864721165153,48.07108948351593,47.02183925110175,47.29209899902344,13207000.0
2022-06-28,47.93736091482315,48.08137529549924,46.58137473140957,46.6131706237793,15667000.0
2022-06-29,46.33541718680477,46.37749777364172,45.51153880011379,45.861289978027344,14444000.0
2022-06-30,45.63872414305365,46.1727009833739,44.954183271022885,45.43111801147461,18890000.0
2022-07-01,44.832624361385726,45.28710979750893,43.89933121770118,44.6858024597168,21315000.0
2022-07-05,44.139662295451096,44.60069734856447,43.38311417928453,44.54178237915039,20711000.0
2022-07-06,44.93734873920987,45.54707486913584,44.46696014487862,45.13186264038086,22975000.0
2022-07-07,45.64621215875355,46.888106984227136,45.64621215875355,46.621585845947266,21319000.0
2022-07-08,46.10256644268908,46.72351558534209,45.82295311224576,46.6356086730957,12713000.0
2022-07-11,45.77526896510811,45.974456173924516,44.97944407652712,45.15525436401367,21449000.0
2022-07-12,45.61907964990029,46.06608417241066,44.89432758450531,45.015899658203125,21159000.0
2022-07-13,44.41833441592685,45.415215505512776,44.166774846801154,45.04956817626953,17665000.0
2022-07-14,45.11691406469821,45.512488118327276,44.27339708545981,45.32171630859375,19957000.0
2022-07-15,45.90056926681538,46.26621662510548,45.46104186413234,46.24003219604492,18714000.0
2022-07-18,46.77307469621812,46.98348834596482,45.65368677937057,45.92207717895508,18042000.0
2022-07-19,46.4588628281356,47.81952210434169,46.37376343079594,47.599761962890625,27257000.0
2022-07-20,47.650254390613554,48.40493312709246,47.17612717387053,47.858795166015625,27412000.0
2022-07-21,47.9317525983216,48.4236453952106,47.32109162976432,48.41149139404297,13912000.0
2022-07-22,48.51716231259859,48.6088078308099,47.38280911966941,47.9289436340332,17867000.0
2022-07-25,47.736301946247856,48.003757740368705,47.36878166190934,47.9841194152832,15061000.0
2022-07-26,48.12625933677378,48.33012332282571,47.59227888719315,47.79521179199219,17958000.0
2022-07-27,48.46011323255576,49.581374129894314,48.34134864018007,49.35693359375,25699000.0
2022-07-28,49.431748857933115,50.17333193327424,48.682681458500845,49.90119934082031,14867000.0
2022-07-29,49.748767304759355,50.29583641090091,49.58885320521837,50.076072692871094,18482000.0
2022-08-01,49.697332062146565,50.47912638291028,49.60474833940262,50.1593017578125,11485000.0
2022-08-02,49.86472181598543,50.423948460269195,49.304560523121,49.676753997802734,13072000.0
2022-08-03,50.05830140645664,51.2468925869875,49.94888687669671,51.12906265258789,19228000.0
2022-08-04,51.28522721999381,51.72849316691133,50.96727194553775,51.695762634277344,16293000.0
2022-08-05,50.956996540262544,51.620960933300175,50.80549784669852,51.5685920715332,14357000.0
2022-08-08,51.373146919630415,51.713544543850155,50.380938858297824,51.01591491699219,13722000.0
2022-08-09,50.413665692170426,50.43798082564434,49.353192681177994,49.82544708251953,20072000.0
2022-08-10,51.06546649221691,51.52930900131226,50.42768660957153,51.47226333618164,19519000.0
2022-08-11,51.803312995749536,52.16054494484128,50.89620447644091,51.006553649902344,14268000.0
2022-08-12,51.229128722746005,52.22040213055503,51.027134019516936,52.20357131958008,18399000.0
2022-08-15,51.82949258199306,52.349442513381824,51.48067606975862,52.27182388305664,14329000.0
2022-08-16,52.13716853020299,52.176445176329025,51.06079935620946,51.58823013305664,14782000.0
2022-08-17,50.90743202633149,50.93922791656409,49.66086046893215,50.36690902709961,19022000.0
2022-08-18,50.81765825714338,52.42146187322396,50.651198041577295,52.224143981933594,23459000.0
2022-08-19,51.51433853710712,51.95573516645874,51.23472526644789,51.28709411621094,16923000.0
2022-08-22,50.73909908887544,50.78772578588423,49.287728991455246,49.44670486450195,18555000.0
2022-08-23,49.92364252288348,50.276201283185365,49.461672788288034,49.543033599853516,9003000.0
2022-08-24,49.522463072500415,49.685181136306475,48.95014411929555,49.64216232299805,11883000.0
2022-08-25,49.88623306763057,51.478813606018484,49.77494924124976,51.446083068847656,17345000.0
2022-08-26,51.32544674028717,51.52650677796355,48.628439716561374,48.7088623046875,25682000.0
2022-08-29,48.628436402916556,48.88466922955384,47.88030732557462,48.084171295166016,16580000.0
2022-08-30,48.33292523780795,48.43298971308191,46.88810123568116,47.355682373046875,18282000.0
2022-08-31,47.70823870728414,47.70823870728414,46.43454811411061,46.67488479614258,32445000.0
2022-09-01,45.960425724443546,46.13062453868044,44.96634835331715,46.01092529296875,31930000.0
2022-09-02,48.44141677808389,48.61068096224323,46.59914907921106,46.7786979675293,40426000.0
2022-09-06,46.62063631915572,47.132170810529765,45.8575422835346,46.58977508544922,24738000.0
2022-09-07,47.03025165581968,47.63997792791205,46.67208500605579,47.237857818603516,20440000.0
2022-09-08,47.00125905168431,47.94951363587238,46.63654629889833,47.8737678527832,22535000.0
2022-09-09,48.20200662602316,49.18673388633971,48.20200662602316,48.852882385253906,23019000.0
2022-09-12,49.259682603409416,49.68144107894653,49.05488393371375,49.475704193115234,18157000.0
2022-09-13,48.05237299054791,48.46665058338007,46.91521613672609,47.09944534301758,35136000.0
2022-09-14,47.424884198818305,47.97382255420156,47.01715268860548,47.76341247558594,20605000.0
2022-09-15,47.59321117154319,47.83915571874042,46.50374635531906,46.771202087402344,36574000.0
2022-09-16,46.54490459395517,47.103196687544624,45.80986756888399,46.991912841796875,59012000.0
2022-09-19,46.23629224618688,47.07513216744906,46.23629224618688,46.930179595947266,17948000.0
2022-09-20,46.384052138814084,46.6487039743082,45.796771711379975,46.10911560058594,17132000.0
2022-09-21,46.300537211868,47.13886743395138,45.43108697591936,45.465980529785156,20669000.0
2022-09-22,45.49334099494024,45.56689447074626,44.604087494368095,45.038814544677734,23540000.0
2022-09-23,44.787963381976695,45.07463733597788,43.56677521743686,44.19670104980469,29649000.0
2022-09-26,44.224996837605204,44.63237738119008,43.50171444058497,43.59130096435547,19361000.0
2022-09-27,44.278740523300634,44.310799425989146,43.04906289095871,43.82609558105469,17850000.0
2022-09-28,43.504531400657704,44.20329820345084,43.03397203884183,43.94020080566406,27605000.0
2022-09-29,43.463048318585514,43.50737033484571,41.95235500322529,42.44743347167969,39997000.0
2022-09-30,42.346526055700146,43.172600445859516,41.83541817984881,41.87031173706055,27202000.0
2022-10-03,42.363497617449184,43.46775629230007,42.149434657220525,43.07452392578125,21479000.0
2022-10-04,44.17973028896386,45.279273157134654,43.93077732248271,45.25098419189453,27277000.0
2022-10-05,44.56164536720912,46.02707047405054,44.458856859919976,45.71682357788086,18493000.0
2022-10-06,45.62159052396003,46.17890549530825,45.14348754063899,45.217041015625,17250000.0
2022-10-07,44.54561224580314,44.63614124315405,43.285760558279314,43.423439025878906,28425000.0
2022-10-10,43.37818221528366,43.387610672094844,40.72268127629112,41.27528381347656,33454000.0
2022-10-11,41.03952443935434,41.369574319440375,40.13235311608744,40.62083053588867,28046000.0
2022-10-12,40.76133684678811,41.08855927271955,40.36150344654347,40.60291290283203,15046000.0
2022-10-13,39.362866143446475,41.84767963532368,39.141259669381945,41.30073928833008,27980000.0
2022-10-14,41.80146426573027,41.865589261094065,40.21061687569874,40.27568435668945,22816000.0
2022-10-17,41.44973191376032,41.609098340194365,40.86884053398069,41.0555534362793,24120000.0
2022-10-18,42.266371493752835,42.29843399629539,40.56424938805803,41.004634857177734,20341000.0
2022-10-19,40.85375892776695,41.33186186707394,40.63215243997422,41.04895782470703,12702000.0
2022-10-20,41.03292607429556,41.698687986295326,40.373765160321014,40.57745361328125,23402000.0
2022-10-21,40.74624393753547,42.49740382669217,40.47088704731031,42.40970230102539,26980000.0
2022-10-24,42.692622058144394,43.26408517107974,42.53985657899907,43.05002212524414,25287000.0
2022-10-25,43.188632100275164,43.77989446418554,43.0792425914767,43.3847770690918,18246000.0
2022-10-26,43.18863389829674,44.487149186990756,42.9387384491345,43.48945236206055,29291000.0
2022-10-27,43.94870260395146,44.39380062342676,42.89819760579953,42.94440460205078,18512000.0
2022-10-28,43.09150423833891,44.73044399357023,42.96797024156451,44.59465408325195,23094000.0
2022-10-31,44.02413092177513,44.58615818697886,43.85061642049117,44.33249282836914,19259000.0
2022-11-01,44.868123757542115,44.9652501586659,43.677109465124566,44.12314987182617,16324000.0
2022-11-02,44.34757509209073,45.30660818293901,42.97456058278408,43.0037956237793,21070000.0
2022-11-03,42.523819217653696,42.704873634065585,41.62042131554201,41.88068771362305,23887000.0
2022-11-04,43.08207826152459,44.216511153128366,42.74448124348727,43.87797164916992,28891000.0
2022-11-07,44.01658759166569,45.051062898281934,43.526228770410185,44.81342697143555,17687000.0
2022-11-08,45.38206070330768,46.09402962391584,44.65123127385121,45.463157653808594,20743000.0
2022-11-09,45.12272670472796,45.16987976869494,44.22970350288154,44.27119445800781,23695000.0
2022-11-10,46.30148880588921,47.826326617966956,45.94220743769656,47.76974868774414,33970000.0
2022-11-11,47.60283591428153,48.94190330806656,47.33879597632717,48.85608673095703,26728000.0
2022-11-14,48.601473669236576,49.509583900799015,48.37609366282691,48.3968391418457,21608000.0
2022-11-15,49.97542806019755,50.221553549451684,48.65050886700594,49.453006744384766,23315000.0
2022-11-16,48.72689565014113,48.898521602179706,48.1196002225766,48.2563362121582,25405000.0
2022-11-17,47.62168579962123,48.35156900696562,47.44628633827887,48.29216003417969,20375000.0
2022-11-18,48.741035574055395,48.82213251601553,48.187490669340896,48.57978057861328,14536000.0
2022-11-21,48.370439710726885,49.116356123582946,48.19787126728888,48.79479217529297,18622000.0
2022-11-22,49.31626661205216,50.00560138494377,48.942837223505116,49.98391342163086,18920000.0
2022-11-23,50.01220944329192,51.061771758328845,49.86604499649353,50.32245635986328,13964000.0
2022-11-25,50.04426802965616,50.4110964439756,49.93016609706747,49.9707145690918,7455000.0
2022-11-28,49.53033008204885,49.86226854287765,48.68162881816505,49.24460220336914,23505000.0
2022-11-29,49.31910124963687,49.58785720634229,48.54866942562761,49.16727828979492,12694000.0
2022-11-30,49.42377007142718,52.021746472575686,48.831565256165796,51.962337493896484,47349000.0
2022-12-01,51.9623399659013,52.09341743899219,51.10703409320096,51.935935974121094,23006000.0
2022-12-02,50.644023701265766,51.17681958370975,50.552552212323114,50.997650146484375,19320000.0
2022-12-05,50.71191750849527,50.873172516444534,49.55390819772337,50.039554595947266,18548000.0
2022-12-06,50.04050232996644,50.31585930529493,49.20122940649641,49.58503341674805,19655000.0
2022-12-07,48.998479687877584,49.50770263547399,48.663713749348716,48.89474868774414,16524000.0
2022-12-08,49.11258175964734,50.20740850159425,49.07202968994458,50.08104705810547,27514000.0
2022-12-09,51.95386341997451,52.11417237135362,51.01651434720822,51.367313385009766,37028000.0
2022-12-12,51.370125520412195,52.513047711665386,51.13343210786816,52.490413665771484,23416000.0
2022-12-13,54.30004535999057,54.867731171178505,53.28254201775782,53.84928894042969,40414000.0
2022-12-14,53.61448053169689,55.227016163775666,53.53715352954378,54.1699104309082,35218000.0
2022-12-15,53.16466517918505,53.42021911542487,52.591320870691206,52.61960983276367,36876000.0
2022-12-16,52.56775310011086,52.78935959934913,51.947259218973116,52.42253112792969,49549000.0
2022-12-19,52.68021510798812,52.914128100479005,51.89098954460067,52.26278305053711,25092000.0
2022-12-20,51.83869167246125,52.20287875583016,51.434571763044964,51.72934341430664,29831000.0
2022-12-21,52.0764061944683,53.4304513725129,52.00794474400187,53.36579132080078,25619000.0
2022-12-22,52.61650521866194,52.767694255305166,52.03172092582953,52.59178161621094,27553000.0
2022-12-23,52.29796408841248,52.642179315028656,52.05549069381616,52.52902603149414,13761000.0
2022-12-27,52.445346291382066,53.06912029487081,52.006995673102935,52.63457107543945,16677000.0
2022-12-28,52.45390279195828,53.03678632345691,51.58004904224225,51.81206130981445,15410000.0
2022-12-29,52.47389053585065,53.496075382904685,52.345520740754615,53.04060745239258,18176000.0
2022-12-30,52.471020667335615,53.215554381467435,52.10873792325938,53.166107177734375,14376000.0
2023-01-03,53.72426537027059,53.9686394332905,52.37307496054891,52.62886047363281,20173000.0
2023-01-04,53.533135810402776,54.02473857500624,52.87132979392343,53.271644592285156,17074000.0
2023-01-05,52.84090947536214,53.233621544228065,52.40445955595786,52.775299072265625,16277000.0
2023-01-06,53.54550087311243,56.196530126121544,53.46752867769981,55.95215606689453,35261000.0
2023-01-09,56.32014478230211,57.21111205459081,53.30207743654308,54.85485076904297,37739000.0
2023-01-10,54.3898827307997,54.68750542536342,52.297013116941486,54.668487548828125,44635000.0
2023-01-11,54.48496855288055,54.99273461239842,53.90208496415202,54.973716735839844,22502000.0
2023-01-12,54.73123911544292,55.63647255870773,54.55723081794451,55.335044860839844,19514000.0
2023-01-13,54.87957596592017,55.334093377563285,54.83393379209865,55.05548858642578,19647000.0
2023-01-17,54.6656390394699,55.66024900018235,54.63140468374235,55.07831573486328,15835000.0
2023-01-18,55.455811799495656,55.869442475293276,54.55343654197479,54.607635498046875,15703000.0
2023-01-19,54.116026377502926,54.205410029065824,53.278307647497265,53.55501174926758,22692000.0
2023-01-20,53.536941209750694,54.329017666044415,53.16419742763627,54.27386474609375,22950000.0
2023-01-23,54.38987760746552,55.606042223120184,54.17878391328379,55.305564880371094,23429000.0
2023-01-24,55.00224287642077,55.786709392066335,54.73504589424126,55.62886428833008,13825000.0
2023-01-25,54.929022952311605,55.81333423072197,54.774032523444625,55.690673828125,13766000.0
2023-01-26,56.14043366845035,57.105568160661406,55.745820920935955,56.91729736328125,24525000.0
2023-01-27,56.41714197404779,56.98100768586621,56.11951927930531,56.195587158203125,19344000.0
2023-01-30,55.435836145767524,56.064361862083615,55.1277560013191,55.2884521484375,16984000.0
2023-01-31,55.34741320423344,55.83806210676063,55.22094776586304,55.62696838378906,23719000.0
2023-02-01,55.490029410411275,57.84153881565132,55.407305471181175,57.313804626464844,26553000.0
2023-02-02,57.777834192496606,58.301763402129765,57.02854516213874,57.60097122192383,24188000.0
2023-02-03,56.86214689761729,57.816823957553815,56.695745017154714,56.82601547241211,19093000.0
2023-02-06,56.41903084075223,57.358491255934915,56.31633868168444,57.175926208496094,18709000.0
2023-02-07,57.11509506573718,58.66976961748202,57.025711390082215,58.42634582519531,24025000.0
2023-02-08,57.687509056489226,58.020316474728766,57.11128150960565,57.214927673339844,15290000.0
2023-02-09,58.250420290748494,58.47197510381861,56.62252925345749,56.99622344970703,18837000.0
2023-02-10,56.70145475948029,56.9058924063281,56.06627289232369,56.41048812866211,21035000.0
2023-02-13,56.576876538900876,57.193040381929904,56.43139325815979,57.158809661865234,19847000.0
2023-02-14,56.49795983911438,57.58290365748646,56.41713659196799,57.271968841552734,17571000.0
2023-02-15,56.94392695158088,57.83964610139736,56.73853533203432,57.783546447753906,12683000.0
2023-02-16,57.123636437944924,57.90240084235154,57.00953281296161,57.103668212890625,17449000.0
2023-02-17,57.05232051630708,57.13314376648919,56.334411134169336,56.63298416137695,14215000.0
2023-02-21,56.10144684829281,56.39526449112577,55.135362018821375,55.2970085144043,22737000.0
2023-02-22,55.36452038181554,55.44439328106596,54.39938588858411,54.78639221191406,23475000.0
2023-02-23,55.69733306582422,55.715400593031056,54.54962976358321,55.51191329956055,18939000.0
2023-02-24,54.91570423425624,55.17339043660857,54.54296406796176,54.93662643432617,15353000.0
2023-02-27,55.70874424923051,56.08243482922272,55.55565088452054,55.66880416870117,18321000.0
2023-02-28,55.679264171963766,56.91730145256208,55.35786822559383,56.509376525878906,27822000.0
2023-03-01,56.48179695056617,56.88211178992172,56.1299717070181,56.4409065246582,15484000.0
2023-03-02,56.04344415643553,57.1417037855773,55.73345968057763,56.923954010009766,27525000.0
2023-03-03,58.73536002576921,60.449783464248476,58.54994028810469,60.16737365722656,46088000.0
2023-03-06,60.38036820760941,61.240906152828025,60.06943340234012,60.182586669921875,24983000.0
2023-03-07,60.36801145215871,60.45454042871589,59.287822956084774,59.443763732910156,19334000.0
2023-03-08,59.6938386848861,60.16451928074096,59.30303098397444,60.11983108520508,20912000.0
2023-03-09,59.91254722183505,61.087828793265,59.13283240958658,59.193687438964844,21775000.0
2023-03-10,59.732826947125325,59.9201473917264,58.27133790842727,58.46246337890625,26098000.0
2023-03-13,57.72649048829529,59.371498686784484,57.706522262454826,58.618408203125,22364000.0
2023-03-14,59.27641243573177,60.22538377097592,58.8114338924491,60.138851165771484,25893000.0
2023-03-15,59.68337939628911,59.91159026540328,58.59272985461577,59.52838897705078,22963000.0
2023-03-16,59.12997876375058,60.57720539069255,58.74582347297492,60.523006439208984,31716000.0
2023-03-17,60.52299918677587,60.81491611187424,59.627276560917984,59.99716567993164,79303000.0
2023-03-20,60.165469750809834,61.3065168094506,60.0570718581095,61.208580017089844,25857000.0
2023-03-21,61.58975770867783,61.924956854267904,60.750799001375235,60.982566833496094,25000000.0
2023-03-22,60.996923283680026,62.10787356201783,60.40026888968509,60.42420959472656,25799000.0
2023-03-23,61.188471981987,62.07723373560484,60.48263578846142,61.22007751464844,27162000.0
2023-03-24,61.10514934501228,61.226778212995775,60.19723288252334,60.9270133972168,17228000.0
2023-03-27,61.19805223765597,61.207627789907406,59.95206135808635,60.03346633911133,14707000.0
2023-03-28,59.87927073343209,60.004732014571786,59.26920835810486,59.828514099121094,12439000.0
2023-03-29,60.6023501231672,60.720150237887324,59.8227701244216,59.90513229370117,26395000.0
2023-03-30,60.59755567592547,60.91551804922556,60.26906056153906,60.69524383544922,21523000.0
2023-03-31,60.38781350871945,61.506424873470046,59.944389890326995,61.44129943847656,22097000.0
2023-04-03,61.19804889240071,61.66732764839566,60.952873119445755,61.53037643432617,15682000.0
2023-04-04,61.59550141975045,61.69989356513208,60.5276465668863,60.75845718383789,13429000.0
2023-04-05,60.445289740727205,60.49892160613645,59.924293432924024,60.24129867553711,16908000.0
2023-04-06,59.77679499485774,60.18286632527639,59.279739486329106,59.631221771240234,14493000.0
2023-04-10,59.19162727477243,60.132102730984315,59.03839288782518,60.08613204956055,15400000.0
2023-04-11,60.410805478143125,60.4203846834867,59.45692194679973,59.528751373291016,16518000.0
2023-04-12,60.08134851828358,60.09858524113856,59.020197697265296,59.06233596801758,14112000.0
2023-04-13,59.289320668346136,60.000903623454185,59.10160551369735,59.78445816040039,17265000.0
2023-04-14,59.42435850528818,60.14743505732569,58.919641799646065,59.33433151245117,17465000.0
2023-04-17,59.24526576522831,60.17712296476247,59.168646736472496,60.08326721191406,13201000.0
2023-04-18,60.49124875539896,60.862842981655,60.06123672516863,60.55828857421875,16806000.0
2023-04-19,60.02867571375117,60.986391613739855,59.90991841606352,60.76707458496094,19060000.0
2023-04-20,60.131151570550415,61.555278340948824,60.06219736819875,60.62533187866211,20239000.0
2023-04-21,60.393563984447425,60.70003277010393,59.568970563192536,60.61383819580078,14807000.0
2023-04-24,60.68470996218329,61.183679868222505,60.50753485536972,60.770904541015625,12338000.0
2023-04-25,60.71823063306044,60.909774549906714,59.54503007914609,59.57184600830078,23670000.0
2023-04-26,59.375503575196134,59.67813990397412,58.756819302505086,59.013484954833984,17179000.0
2023-04-27,59.013499305466674,59.387007945722544,57.772301699699156,59.226112365722656,18250000.0
2023-04-28,59.28932489214764,60.02772382860996,58.85739477849275,60.00090789794922,16183000.0
2023-05-01,60.00090683533707,61.1970909516386,59.97217287199762,61.09748840332031,17030000.0
2023-05-02,59.93002919738528,60.00090142937516,57.94372520264946,58.644775390625,28357000.0
2023-05-03,59.081492378271534,59.56513992926939,58.65052314728333,58.72713851928711,19816000.0
2023-05-04,58.42067466426025,58.79993010390737,57.58650559637299,58.435997009277344,17684000.0
2023-05-05,58.990508232560515,60.47688143083017,58.74341810158112,60.347591400146484,24876000.0
2023-05-08,60.31503634928509,60.406020534581955,59.43393576622201,60.24607849121094,13934000.0
2023-05-09,59.63983671543583,59.76817320859,58.9818856774714,59.23568344116211,16990000.0
2023-05-10,59.57567429262393,60.14455555789748,59.212698430950695,59.9788703918457,19174000.0
2023-05-11,60.00856469408836,60.19052940267318,59.18588561266316,60.112953186035156,14430000.0
2023-05-12,60.180955561021456,60.594688088054276,59.78158818857505,60.44624328613281,11942000.0
2023-05-15,60.51519778822539,61.2957349695767,60.1895742202059,61.27466583251953,14614000.0
2023-05-16,61.33787261040829,61.955603481466696,61.172191085234424,61.43172836303711,14967000.0
2023-05-17,61.997747480978916,63.29544860342764,61.7324597327962,62.966957092285156,24133000.0
2023-05-18,62.82616834066763,65.06339152095744,62.82616834066763,64.92356872558594,26389000.0
2023-05-19,65.12467196957591,65.59874390332877,64.97239843650136,65.34015655517578,22968000.0
2023-05-22,65.258756135756,65.57288973411265,64.56154205045661,64.96856689453125,17796000.0
2023-05-23,66.14367278365465,66.94336442946657,65.31812240757155,65.74717712402344,36088000.0
2023-05-24,65.26259966689001,65.53746662766811,64.74735381101705,65.07968139648438,23021000.0
2023-05-25,66.98361694638375,70.14216100032435,66.15615183752351,69.79833984375,49263000.0
2023-05-26,71.58256457528199,78.0519409411163,71.54330517468472,77.83645629882812,82500000.0
2023-05-30,79.98077153389373,88.28033790508523,76.50330093771936,76.93714904785156,116912000.0
2023-05-31,76.12882397196246,78.69263094062437,75.67199606644573,77.37960052490234,89998000.0
2023-06-01,76.67666993587679,77.17181487438715,75.19604299121623,75.65479278564453,80792000.0
2023-06-02,75.72084996912331,78.89375871152116,75.39139401658548,77.76652526855469,62815000.0
2023-06-05,77.49838167254474,77.49838167254474,76.08862351802692,76.83756256103516,26222000.0
2023-06-06,76.80880964604424,76.80880964604424,74.35514498401221,75.65955352783203,37823000.0
2023-06-07,75.64231390562696,77.13921983261946,75.42107885982861,75.91143035888672,28957000.0
2023-06-08,76.12981212574034,77.09710748591368,75.54273311783263,77.01953125,21909000.0
2023-06-09,77.17275996348857,78.31723033466658,76.98887719851187,77.05974578857422,19241000.0
2023-06-12,77.68225090153275,82.17202638995447,77.68225090153275,81.919189453125,51065000.0
2023-06-13,82.47178801567044,82.67577904657755,80.54390544805186,81.51311492919922,38990000.0
2023-06-14,81.97090857898247,85.09689353103751,81.13961471873948,84.8708724975586,43524000.0
2023-06-15,84.701361556038,85.04230383007096,83.41897552173889,84.60750579833984,33814000.0
2023-06-16,85.1677628636179,85.23193111639308,82.88552272320945,83.14027404785156,68299000.0
2023-06-20,82.6183182453072,83.99838866138296,82.46029424589769,83.13261413574219,27535000.0
2023-06-21,82.8023690131695,83.38005849062895,81.31962803540073,81.61425018310547,23229000.0
2023-06-22,81.36681077111604,81.73460364351983,80.42517022465873,81.1106948852539,23464000.0
2023-06-23,80.30001866580089,80.493541697857,78.84038708164034,79.15811157226562,37413000.0
2023-06-26,79.43251533599913,80.58789443896156,78.9722912120542,79.10804748535156,21372000.0
2023-06-27,79.78682329227915,81.8395555526779,79.04738101173652,81.68550109863281,24923000.0
2023-06-28,80.75445911433327,82.66083520594441,80.59366863695843,81.6412124633789,19445000.0
2023-06-29,82.26800000875717,83.07580147368334,81.49389336073045,83.04981231689453,23386000.0
2023-06-30,83.62268664623242,84.20519490931878,83.2192670406833,83.51773834228516,23145000.0
2023-07-03,83.63231702112584,84.4131597298401,83.27607162987553,84.38523864746094,9038000.0
2023-07-05,83.514862767223,84.42954461969632,82.97087538710501,82.98146057128906,14440000.0
2023-07-06,81.3581395110314,82.21504713834206,81.29362939750729,81.64698791503906,23939000.0
2023-07-07,81.88096299637391,82.6088578659013,81.32542078575318,81.52664947509766,19409000.0
2023-07-10,81.67395323199719,84.64809595121989,81.67395323199719,84.50945281982422,30622000.0
2023-07-11,84.83487028156085,85.01684579187939,83.24814343954026,84.92537689208984,25498000.0
2023-07-12,85.59454335957241,86.42160534770657,84.9205661813495,85.6860122680664,28197000.0
2023-07-13,86.55157139189862,86.55157139189862,84.56143234437967,85.72547912597656,25912000.0
2023-07-14,85.32110141303703,86.97618772695144,85.32110141303703,85.55410766601562,18510000.0
2023-07-17,85.78807321588197,87.9255310636802,85.66964550462276,87.6501693725586,26819000.0
2023-07-18,87.22939506391899,87.60681811909278,86.48609642423573,86.98387908935547,24513000.0
2023-07-19,86.39078636000788,87.22844084094474,85.2700719072346,86.7855453491211,24118000.0
2023-07-20,85.93538014222968,87.32761454420226,85.30569763723578,85.53099822998047,28268000.0
2023-07-21,87.08592934064218,87.72716652886257,86.05957080039279,86.34071350097656,74287000.0
2023-07-24,86.73065934015598,87.17740395762081,86.09808271301252,86.80671691894531,19992000.0
2023-07-25,86.7133277580259,88.88544975046855,86.7133277580259,88.38574981689453,20042000.0
2023-07-26,87.52016627650735,87.67613793028971,85.46454758754186,85.98831939697266,19877000.0
2023-07-27,87.47202575394527,87.60200825846401,85.30568495865688,86.03068542480469,21922000.0
2023-07-28,86.5881503367109,86.996388648736,86.07111458627999,86.6333999633789,18791000.0
2023-07-31,86.41294433169465,86.74992927498606,85.78711095374155,86.52366638183594,14952000.0
2023-08-01,86.55542073865692,88.63895309126667,86.4321742675719,88.57926177978516,19683000.0
2023-08-02,87.83789815544412,87.90529512835472,85.7187316469993,85.91226196289062,26877000.0
2023-08-03,85.36539261421,86.20400206472323,84.83199049058352,85.20748901367188,18281000.0
2023-08-04,85.2074976475531,86.03937115697235,84.08966256908784,84.88687896728516,21156000.0
2023-08-07,85.46744047691259,86.40041298060873,85.23540388543677,86.37056732177734,11146000.0
2023-08-08,85.69947550249199,85.74857428735167,84.09252604469634,85.03224182128906,14081000.0
2023-08-09,84.98988844405731,85.06787060408394,81.71630520130444,81.90982818603516,24672000.0
2023-08-10,82.13994070882873,82.94678721675808,80.59462165209027,81.15594482421875,20186000.0
2023-08-11,80.29999347838478,80.53010547689111,79.2861446651994,79.89079284667969,20331000.0
2023-08-14,80.02269354731871,82.24198938972958,79.661636787788,82.23429107666016,17688000.0
2023-08-15,81.76348605051591,82.28437107466672,80.53589866233386,81.1193618774414,14035000.0
2023-08-16,81.62677208649045,82.27282087453672,80.10263053985142,80.2018051147461,16003000.0
2023-08-17,80.54071847600672,80.82089896754653,79.62603663902793,79.63470458984375,19228000.0
2023-08-18,78.9510813020523,79.73770495372537,78.18082391203741,79.51336669921875,17759000.0
2023-08-21,80.30480104842135,83.50906235850364,80.08431929837982,83.2972412109375,30012000.0
2023-08-22,84.09350504656403,84.2225179212712,81.92426995129111,82.39701843261719,17079000.0
2023-08-23,81.9136845797164,84.55372888021228,81.83954423117646,84.39871215820312,19692000.0
2023-08-24,86.8799046456498,87.60298061642605,82.07640596471245,82.26896667480469,30934000.0
2023-08-25,82.51544770863696,83.71126478370735,80.65238951951882,82.01477813720703,24181000.0
2023-08-28,82.45479334101245,83.20001667618952,81.56129663944257,82.90635681152344,14306000.0
2023-08-29,82.64830144752561,85.96424718967894,82.45766534591475,85.68406677246094,27822000.0
2023-08-30,85.9209318835861,86.52943662990012,84.64231383803144,85.91033935546875,23234000.0
2023-08-31,86.46203804663475,88.93262397982159,86.05379966993074,88.85752868652344,55203000.0
2023-09-01,86.83368156540703,86.83368156540703,83.25104174372397,84.0078125,65017000.0
2023-09-05,83.71799000081283,85.01683797438496,83.47632319568352,83.97410583496094,24808000.0
2023-09-06,84.00588910608634,84.47478110581315,83.45130928243402,83.9837417602539,20142000.0
2023-09-07,82.75421351206904,82.96507238210054,80.9267895603806,82.51640319824219,27789000.0
2023-09-08,82.32095890963043,82.88228211568578,81.85110461101213,82.56647491455078,16810000.0
2023-09-11,83.64677325701454,83.66892060718985,81.42074051989235,82.7195816040039,15710000.0
2023-09-12,81.86265846652034,82.63580285003198,81.03655878699503,81.31192779541016,16680000.0
2023-09-13,81.56899546735826,82.71667603599522,81.28496586593661,82.12165069580078,17413000.0
2023-09-14,82.70896526099723,84.40737637445741,82.32094967421635,83.92308044433594,19648000.0
2023-09-15,83.58801608725858,83.58801608725858,81.15593668180769,82.00128936767578,50190000.0
2023-09-18,81.12513065795578,82.44900554665638,80.87672047334559,81.83953857421875,16541000.0
2023-09-19,81.45345601673701,81.93871427429846,80.73230465555655,81.76251983642578,13126000.0
2023-09-20,82.28432077344543,82.28432077344543,80.3830495958952,80.40434265136719,13681000.0
2023-09-21,76.9715780263019,79.62309826701107,76.96964296587655,78.25425720214844,53654000.0
2023-09-22,78.53308159312594,80.40531213132687,78.44982965864806,80.26010131835938,27764000.0
2023-09-25,80.15553775344796,81.1778110043983,79.67247427644881,80.72572326660156,15648000.0
2023-09-26,80.26880162254261,80.37528903996204,78.53016446776248,79.01226043701172,17641000.0
2023-09-27,79.30946641161972,79.73734381921479,77.86899085899336,79.0722885131836,15352000.0
2023-09-28,79.39753908537338,81.20685014684688,78.8660769491405,80.54275512695312,16180000.0
2023-09-29,80.97356216495788,81.70832399899514,79.66280950675731,80.40531158447266,16481000.0
2023-10-02,80.25815331339066,81.17781672337563,79.71991103176245,80.8283462524414,14676000.0
2023-10-03,80.05875008639876,80.9058046076878,78.3075271991889,78.88062286376953,18761000.0
2023-10-04,79.41304609319397,80.4053113555479,79.02291713288865,79.74993133544922,16417000.0
2023-10-05,79.39174507195277,80.21653146802005,78.94352740055382,79.75476837158203,11474000.0
2023-10-06,79.32301630007997,82.1294231444358,78.5795393565275,81.82642364501953,21103000.0
2023-10-09,81.36173319291265,82.92515857617225,81.10713242472394,82.85448455810547,15760000.0
2023-10-10,82.97743596656464,84.46825242594929,82.8390052780952,83.09941864013672,14718000.0
2023-10-11,83.22526896139355,84.73834609243879,82.91935950057417,84.662841796875,14334000.0
2023-10-12,84.84386474280788,88.86132394909643,84.84386474280788,87.6677017211914,43871000.0
2023-10-13,87.99684380210061,89.63383859714385,85.39178693527569,85.49730682373047,28312000.0
2023-10-16,86.25142647136059,88.65415871812849,86.25142647136059,87.37438201904297,21150000.0
2023-10-17,85.68801918621575,86.44600905998077,83.8341793136199,85.61541748046875,33008000.0
2023-10-18,85.18462983965968,86.70255202853214,84.72479441904963,85.8700180053711,20404000.0
2023-10-19,85.86903135189198,86.10813685448666,83.80221709537155,84.01131439208984,26620000.0
2023-10-20,84.69576317959087,84.69576317959087,82.46341189392078,82.6366958618164,26953000.0
2023-10-23,83.05584201112524,84.56989381897634,81.59019625579518,83.4682388305664,16456000.0
2023-10-24,83.64056792143866,85.47988741066936,83.55537355149252,85.29692077636719,14972000.0
2023-10-25,84.9058318009485,85.06653048012693,81.90580799853814,82.24946594238281,21432000.0
2023-10-26,82.08296292817197,82.71317237014804,79.22040227374329,80.0345458984375,27917000.0
2023-10-27,80.34916392987903,81.33755905667368,80.20782324210417,81.15846252441406,18236000.0
2023-10-30,81.42369682369214,82.23009266094186,80.07324617425253,81.43821716308594,20889000.0
2023-10-31,81.69378730109402,81.84964830265625,80.60084738680789,81.44983673095703,14747000.0
2023-11-01,81.51082363203926,82.65604715079591,80.8883619049722,82.56988525390625,18684000.0
2023-11-02,83.44694625537538,85.23786696718096,83.25333679850701,84.34724426269531,18759000.0
2023-11-03,84.94745194742401,85.91551407787898,84.32402265335888,85.44890594482422,18041000.0
2023-11-06,85.34048017965912,85.75964976615127,84.3385397537167,85.26981353759766,12870000.0
2023-11-07,85.41405143299961,87.29693179067908,84.81772043506133,86.91454315185547,19365000.0
2023-11-08,87.12558142806411,88.3753498450638,87.02877670362278,88.20303344726562,15280000.0
2023-11-09,88.33566399539916,90.0104146282649,87.95425025730098,88.22724151611328,24486000.0
2023-11-10,89.23014929600738,92.83230122274108,88.88841910048858,92.6938705444336,36272000.0
2023-11-13,91.97074076134616,92.19823595463322,91.04430458625514,91.66870880126953,16893000.0
2023-11-14,93.16047449608521,94.5573886532098,92.47411893042863,94.18855285644531,23886000.0
2023-11-15,94.82264330402579,95.03949564570807,93.60289042677944,94.42477416992188,16099000.0
2023-11-16,93.32117577177522,93.77616608127651,92.01622864440951,92.89038848876953,26198000.0
2023-11-17,92.76068412968162,95.24666854406776,92.06271065693343,94.65034484863281,19789000.0
2023-11-20,94.19243465860085,96.79361380088855,94.19243465860085,96.39089965820312,18674000.0
2023-11-21,94.38605069597229,95.93494851229919,94.0598157321167,94.98625183105469,43344000.0
2023-11-22,95.22729749469441,95.64356446509983,93.99882210471726,94.09562683105469,33743000.0
2023-11-24,94.38218525017103,94.85653361429074,93.58740708803913,94.76069641113281,23158000.0
2023-11-27,94.49735707435147,94.96783520077513,91.90101591530622,91.9891128540039,96962000.0
2023-11-28,90.99202979060418,92.04914896690892,90.43248707561189,91.61255645751953,39025000.0
2023-11-29,91.80519244463026,92.87877433802075,90.93683774784708,91.07817840576172,34843000.0
2023-11-30,91.09465602630247,91.2321192110649,88.9039306871939,89.61642456054688,49571000.0
2023-12-01,89.29985324495162,90.40731350294695,87.90003635955384,90.02976989746094,29612000.0
2023-12-04,89.12367243460278,90.1236778109646,88.71708073778458,89.44603729248047,25009000.0
2023-12-05,88.248537204406,88.79742228338479,87.69189711199924,88.39567565917969,37066000.0
2023-12-06,89.09657853842376,89.1556274393308,87.42569775029347,87.47797393798828,24813000.0
2023-12-07,87.66189766831478,89.46055873401701,87.47796350286526,89.2804946899414,43517000.0
2023-12-08,89.82065939512195,92.03655468420764,88.14494877642409,91.41409301757812,69668000.0
2023-12-11,92.64450614671027,100.63101835107996,92.5554490435495,99.63682556152344,101184000.0
2023-12-12,99.51580486622437,104.4916427474723,99.18569242921103,103.8033447265625,90242000.0
2023-12-13,103.38905137867096,106.46554718611732,102.86048430815364,105.48877716064453,71654000.0
2023-12-14,105.72979299331787,108.56427976046889,105.54585885817987,107.1150894165039,66964000.0
2023-12-15,106.02409104044781,111.31551393557784,105.9660022972747,109.36583709716797,118544000.0
2023-12-18,108.50039483739485,111.50332073431241,108.29129012867828,111.03671264648438,54741000.0
2023-12-19,111.0610286935294,111.8837756930955,110.13811589910777,110.82568359375,36020000.0
2023-12-20,110.15659137653914,110.99879280283652,107.87702562753074,107.98594665527344,34523000.0
2023-12-21,110.15173287132637,110.42111950648884,108.43524726381948,109.63046264648438,24106000.0
2023-12-22,109.6975583495892,110.08850913492678,108.29227684435774,109.11405181884766,19089000.0
2023-12-26,109.33384768245281,110.42889721358684,109.21519944749741,110.07781982421875,16793000.0
2023-12-27,110.47752780536537,110.82471730754646,109.20936941984216,109.52154541015625,20055000.0
2023-12-28,110.05837767110121,110.11186620972593,108.82912068169222,109.1558837890625,21247000.0
2023-12-29,109.06349157480562,109.3474653100476,108.40315414400415,108.55680847167969,20558000.0
2024-01-02,106.21013474596428,107.17097700561447,104.74844866349765,105.5546646118164,28831000.0
2024-01-03,104.07839719169628,104.54520696186384,102.63032605437576,102.9483413696289,34735000.0
2024-01-04,102.88802008515322,104.01029983837697,101.85813028735066,102.01762390136719,25658000.0
2024-01-05,102.2695095754662,102.64489385998425,101.28824097316786,102.04388427734375,22475000.0
2024-01-08,102.74605533340163,104.83696089473038,102.30841979562247,104.5306167602539,33110000.0
2024-01-09,103.63297874674522,105.86295887957235,103.54448411510701,105.27361297607422,23225000.0
2024-01-10,105.06549258243565,105.31931271274816,103.33927975021034,105.08688354492188,17643000.0
2024-01-11,105.45158273407843,107.10290875252869,104.49754426308466,106.97454071044922,25757000.0
2024-01-12,108.15321036723742,108.50234379285826,106.97744206579375,107.72335815429688,26882000.0
2024-01-16,108.17655881246279,109.52835187174287,106.8432407777044,108.43135833740234,26145000.0
2024-01-17,107.58818881637225,108.25144222066503,106.0243929392822,107.33338928222656,18314000.0
2024-01-18,109.39803895531894,111.50353152348481,109.10434540549986,111.24678802490234,32228000.0
2024-01-19,112.54995027199708,118.35487701939556,112.42254680306739,117.79082489013672,53077000.0
2024-01-22,118.28194554931576,119.74849894306122,117.50101590227517,118.69526672363281,31222000.0
2024-01-23,118.7438891396916,119.32545175934817,117.0439345838682,119.26029205322266,16952000.0
2024-01-24,120.81535588906068,124.92422396028728,119.71738286002169,121.9405517578125,34805000.0
2024-01-25,124.578964586665,124.578964586665,119.50243635330258,119.619140625,36356000.0
2024-01-26,118.61745256549473,118.76430302868637,116.7239704689346,117.17618560791016,25818000.0
2024-01-29,118.1516219365045,119.00354313397285,117.18689179725553,118.42976379394531,21526000.0
2024-01-30,118.33251230122806,119.42464589414362,117.1188145359527,117.49517822265625,20683000.0
2024-01-31,115.67560905745792,116.43125240430058,114.20322379114114,114.75658416748047,27400000.0
2024-02-01,115.47138999011476,117.00212379185618,114.67004130689277,116.70259094238281,19411000.0
2024-02-02,117.5525561609602,120.0752576190934,117.20245074655415,119.0687026977539,26689000.0
2024-02-05,119.32352262046884,121.3453806214622,118.85574086886378,120.89315795898438,22045000.0
2024-02-06,122.88388578888308,123.7144086651279,117.86279682272607,118.90435791015625,25354000.0
2024-02-07,120.0081549084103,122.48903160297799,119.29821686254915,122.25077056884766,25768000.0
2024-02-08,123.21744322459135,126.03481759468268,123.02391549414256,123.97211456298828,29326000.0
2024-02-09,121.76159763118307,125.04090698714626,121.46595272764189,124.81625366210938,26293000.0
2024-02-12,125.45520441881804,125.46103629374622,122.43943504994438,123.02294158935547,24778000.0
2024-02-13,120.11708289909018,122.13504535094533,119.33615322926805,121.72464752197266,31907000.0
2024-02-14,123.43530949786106,123.80097404711391,120.72005192846123,122.75260162353516,27306000.0
2024-02-15,124.4768612675163,124.48172116366129,121.06333699246866,123.0297622680664,21873000.0
2024-02-16,122.4433342562896,124.06159808150008,120.82409845183481,121.12460327148438,21268000.0
2024-02-20,120.18904011271655,120.3699321170169,117.92308210084943,119.28363037109375,26329000.0
2024-02-21,118.45214510005219,119.42951847857692,116.95836136415713,119.37117004394531,20579000.0
2024-02-22,124.64803078941827,127.4945796548575,124.13843170594568,126.90328979492188,40819000.0
2024-02-23,127.24074317983487,128.33482077205886,125.33947767217812,126.07371520996094,23115000.0
2024-02-26,127.39926562273807,128.25410283306144,126.56873531361441,127.31465148925781,16282000.0
2024-02-27,127.31463241005997,127.58791435475564,125.67011794475165,126.06009674072266,12126000.0
2024-02-28,125.74599626660917,126.28282560843859,124.77055942653638,125.39783477783203,10967000.0
2024-02-29,126.74864993089179,127.24366191074638,125.18971388761443,126.47440338134766,27536000.0
2024-03-01,128.9484592808144,136.90653437293005,128.3717566336856,136.07115173339844,44488000.0
2024-03-04,136.45824694486018,139.86398847333962,134.7116074300453,136.37168884277344,34854000.0
2024-03-05,135.6656327281182,135.6656327281182,129.57478022618852,130.58424377441406,36040000.0
2024-03-06,135.33303764380204,135.64910156198053,131.00339675854065,131.28932189941406,43196000.0
2024-03-07,134.40037560527352,137.54353348604258,133.5153849074221,136.83360290527344,62832000.0
2024-03-08,135.592696979309,137.41615978204482,126.58041608507801,127.2747802734375,74025000.0
2024-03-11,124.28041466374393,126.33143930490387,121.81314546747394,125.75765991210938,31105000.0
2024-03-12,127.1075036124978,127.1843419088727,122.46667381092469,125.63706970214844,42789000.0
2024-03-13,124.7617920976207,124.7617920976207,121.79368675677054,122.32954406738281,37838000.0
2024-03-14,122.78370456634359,123.81360183570725,121.34147295300095,122.7574462890625,38029000.0
2024-03-15,121.90066928428409,123.25343434022453,119.62596339436989,120.15403747558594,88823000.0
2024-03-18,121.95124078935153,122.81677714238572,119.7844765494607,120.32324981689453,25737000.0
2024-03-19,118.35001639961895,120.61791833164706,117.09255730182272,120.39813232421875,24491000.0
2024-03-20,121.00953158200385,125.79220768850486,119.7955454272573,124.62120056152344,40946000.0
2024-03-21,129.73104724251718,137.08427517279154,128.52781343948863,131.65310668945312,72468000.0
2024-03-22,131.84846316857045,134.40924747807875,131.47245624964705,132.18736267089844,38624000.0
2024-03-25,131.36305390770448,132.67273690369802,130.62469092829443,132.0027618408203,21237000.0
2024-03-26,133.2831521730827,134.77256028800005,129.9449454296618,130.04066467285156,23522000.0
2024-03-27,131.8484328884854,131.8484328884854,126.57645377110697,128.79443359375,25583000.0
2024-03-28,128.71337868800322,129.90393052383465,128.09125578073665,129.4468536376953,19856000.0
2024-04-01,129.47322930430977,133.11616419540968,129.44686664600601,131.8738555908203,17252000.0
2024-04-02,128.5073128096908,131.10326704907982,127.29822210499577,130.75070190429688,24694000.0
2024-04-03,129.6997968786781,134.46783064839315,129.43316002880061,133.1385955810547,28650000.0
2024-04-04,135.2979893886274,137.12042528125096,128.43015261800284,128.67431640625,27014000.0
2024-04-05,129.50446597555646,132.94521683887874,128.3520052637964,130.81610107421875,19438000.0
2024-04-08,130.25164523021306,131.11597984414587,128.50342382018084,130.4909210205078,17139000.0
2024-04-09,132.56823424479924,132.77430704244856,127.80899281878743,130.29360961914062,17986000.0
2024-04-10,129.2114655866328,130.4566948094493,128.4770220649106,129.14993286132812,17467000.0
2024-04-11,130.15689027797453,135.93770369650488,129.2749707526883,135.0186767578125,31713000.0
2024-04-12,132.04477285058914,133.4609200089681,130.5416989621774,131.26930236816406,27823000.0
2024-04-15,133.8017419157604,133.8017419157604,127.55115555371775,128.0092010498047,24370000.0
2024-04-16,128.46725407369155,130.51237904922013,128.039490581692,129.80332946777344,18923000.0
2024-04-17,131.17552107696588,131.5554323808839,125.15052986825651,125.26870727539062,24718000.0
2024-04-18,125.79317724223623,126.24731827766587,122.61513630766807,122.95989990234375,24888000.0
2024-04-19,122.9599162180219,123.05855636740736,116.96031802179947,117.65863037109375,44797000.0
2024-04-22,119.59140600004658,120.44109856256763,117.25134435232519,119.5875015258789,25162000.0
2024-04-23,119.9498431430748,122.85343815449333,119.93519391360411,122.00276947021484,22025000.0
2024-04-24,123.43943492691717,125.56072689872687,121.5896529480429,122.74796295166016,20108000.0
2024-04-25,124.27449405154981,127.74942450288069,122.76555609916683,126.42020416259766,30410000.0
2024-04-26,127.94184013458822,132.41784395630498,127.2708814227306,131.26930236816406,24100000.0
2024-04-29,131.27027362340658,132.13949613446002,129.47518391248465,130.7370147705078,13372000.0
2024-04-30,129.78573365535937,131.68728707245293,126.87237004184132,126.99151611328125,22113000.0
2024-05-01,124.84876028064538,126.21998348092346,121.23709137659654,121.38456726074219,30958000.0
2024-05-02,122.69522858532385,123.49315713485937,119.47519949552238,120.965576171875,29480000.0
2024-05-03,122.96088689664272,125.39080393641365,121.80256933931807,124.8272705078125,24898000.0
2024-05-06,125.61934808647987,128.0170385586375,124.5303869998964,127.97212219238281,16287000.0
2024-05-07,128.57078730628888,128.81983913735897,126.64872771364483,127.26891326904297,12413000.0
2024-05-08,126.33033595966505,130.66765540866658,125.84102486760536,129.44293212890625,13918000.0
2024-05-09,128.70653677437468,129.0757033215653,127.16048420406366,127.5189208984375,12170000.0
2024-05-10,128.46041639650485,131.26242794865323,128.46041639650485,130.1685791015625,16300000.0
2024-05-13,131.65312370166916,132.66786988327547,129.90588612139175,130.6286163330078,18507000.0
2024-05-14,130.12366115309828,134.9727651205535,129.48493681547836,134.78134155273438,19420000.0
2024-05-15,134.7784061425716,140.535792229861,133.79979878834786,140.2642822265625,32757000.0
2024-05-16,139.27102621218233,141.16572462871287,137.22590120887307,137.91639709472656,28395000.0
2024-05-17,137.94470545671533,138.63910570919492,134.95222425878723,136.27169799804688,18174000.0
2024-05-20,136.34107125010425,138.38618150685133,136.0636896101891,138.1019744873047,27170000.0
2024-05-21,136.60277648610062,137.6487731461576,136.09295948143395,136.653564453125,15333000.0
2024-05-22,136.34204438331767,137.22005945956374,135.19056703558604,135.97384643554688,21002000.0
2024-05-23,139.50835921873414,139.56402033820214,134.58308782330178,136.07638549804688,31039000.0
2024-05-24,136.71122098802567,138.05802635233505,135.95235203499314,137.49742126464844,16730000.0
2024-05-28,137.70835612780112,138.40959668873518,136.0031143378651,137.9476318359375,22919000.0
2024-05-29,136.6438181169433,136.6438181169433,135.0714028156018,135.82049560546875,26861000.0
2024-05-30,134.6807305567365,135.04991202148761,132.39926570380493,133.22357177734375,21717000.0
2024-05-31,132.95792063664888,133.0741458128486,127.67421295340618,129.75350952148438,73091000.0
2024-06-03,132.11214940328475,132.14144786626403,127.21227207021646,129.1040496826172,26278000.0
2024-06-04,128.95752266149617,130.08947739738923,127.64979207729604,129.97520446777344,23048000.0
2024-06-05,131.45779812149294,138.1332281818213,130.92453924671847,138.0101776123047,32947000.0
2024-06-06,138.86766594356163,138.9477523832544,135.58318305391336,136.8557586669922,20172000.0
2024-06-07,137.49155564070537,139.17335589218095,136.44067078754858,137.38021850585938,17859000.0
2024-06-10,137.68886197763175,141.52223706511373,137.62342476017517,140.68426513671875,31042000.0
2024-06-11,140.46255201012698,143.0809642509051,138.3168345472412,142.69224548339844,34844000.0
2024-06-12,146.4982765998563,147.0647383910181,144.19336978524888,146.05975341796875,56697000.0
2024-06-13,167.00800577710822,169.5326655209877,161.39419173800124,163.97940063476562,89061000.0
2024-06-14,164.74804982111874,170.64508794145226,164.28316401154345,169.4535675048828,69705000.0
2024-06-17,175.79794124356044,179.9975617093385,173.7059474118506,178.61753845214844,87528000.0
2024-06-18,179.66451366752824,180.8394327350008,174.3339368557627,176.04405212402344,86797000.0
2024-06-20,176.13584601168196,176.26184728487186,168.20150634708975,169.4066925048828,68157000.0
2024-06-21,165.6074777382119,167.39866266798077,161.2867599104448,161.99093627929688,99289000.0
2024-06-24,160.88090200086447,162.73754457112355,155.84592642906333,155.99778747558594,58575000.0
2024-06-25,156.77374529640343,157.35278461842853,153.2338793264626,154.87889099121094,53329000.0
2024-06-26,156.52779232805528,158.54217069143368,154.17343846808643,155.9771728515625,46479000.0
2024-06-27,155.9772118237386,157.31163952735378,153.91973240731426,155.4540252685547,31649000.0
2024-06-28,156.35734940617547,160.6045996400651,155.38935865156486,157.3028106689453,69377000.0
2024-07-01,157.5644225494214,161.5373273517046,156.12417952654877,160.7584228515625,47623000.0
2024-07-02,160.7584064612169,162.56115436390365,158.91645993679262,162.39263916015625,32539000.0
2024-07-03,163.61930325707675,169.42141723632812,163.0765174258442,169.42141723632812,39954000.0
2024-07-05,172.0020907446864,172.97302657282873,166.1666686452431,166.8828582763672,45240000.0
2024-07-08,167.04842969574017,172.13336669253766,167.04842969574017,171.0517120361328,36398000.0
2024-07-09,172.10004266306603,173.51285227010095,167.10328058992857,169.8220977783203,37802000.0
2024-07-10,171.06544780259185,173.07296441878992,169.14120209598192,170.9370880126953,41074000.0
2024-07-11,172.8936765923587,172.9142476472486,163.47234275130023,167.1415252685547,51026000.0
2024-07-12,167.6392295870656,169.09711333718323,165.70715015338206,166.62420654296875,30453000.0
2024-07-15,166.55857690026536,169.9975162531262,165.83355183061957,167.9498291015625,22999200.0
2024-07-16,168.90997934681334,169.31168301590162,163.03144157441992,165.9511260986328,22244900.0
2024-07-17,159.0242470390404,159.5435166963446,152.45988263829884,152.8223876953125,43343400.0
2024-07-18,155.6734698248881,158.24042641361984,150.78448075981098,157.27047729492188,37973500.0
2024-07-19,158.56375374928672,160.6310401108862,153.93930288305373,154.16465759277344,26309500.0
2024-07-22,156.98634577539465,159.69048269708966,154.7035118313107,157.79954528808594,28813300.0
2024-07-23,157.15290769211975,161.98311412194636,156.66302953229408,160.45469665527344,21570200.0
2024-07-24,157.10395179966144,158.1424912384786,148.0412046912595,148.27633666992188,37162600.0
2024-07-25,148.1979311606514,150.4415814384669,142.5741396195359,146.23841857910156,30872100.0
2024-07-26,150.39261030042192,150.47099260792115,146.88508052678932,148.5604705810547,20839900.0
2024-07-29,148.94254984196925,151.86221929140794,146.13063922851654,147.17898559570312,16625800.0
2024-07-30,150.17705613089012,150.36321223433032,140.44808249227899,140.61463928222656,31102300.0
2024-07-31,148.40369831300345,158.064096703128,147.94321162387786,157.42724609375,45827500.0
2024-08-01,154.31161945025391,155.69307944092623,143.21097861898795,144.0437774658203,40320000.0
2024-08-02,139.0567853147161,142.40756455473405,136.77396660629944,140.90853881835938,33745800.0
2024-08-05,126.98621849968681,142.47616368139182,125.89868837564458,139.2037811279297,41309300.0
2024-08-06,138.8608619835696,145.89552028384904,137.41082678528207,141.00653076171875,24751300.0
2024-08-07,145.24884167800317,147.06139644112545,133.08027272230518,133.51136779785156,29749800.0
2024-08-08,138.3415861499181,143.3089577517831,135.59826552826982,142.78968811035156,27583200.0
2024-08-09,141.28084387387483,146.5225456286007,141.1926694020868,145.25865173339844,18438700.0
2024-08-12,145.08229688349468,148.07055622154863,143.40690723826023,145.61135864257812,17778500.0
2024-08-13,148.48207159746403,153.2142963632373,146.77729023808834,152.99874877929688,22053600.0
2024-08-14,154.82110887815733,157.0059614411016,151.5879098023395,154.49778747558594,20184200.0
2024-08-15,157.93671557230567,163.2959838311738,157.0941245402927,162.7669219970703,27945000.0
2024-08-16,161.14052371191286,162.72772417191672,159.3867515210168,162.36521911621094,19296900.0
2024-08-19,161.5225998745157,164.43247684298836,157.17248016609622,164.31491088867188,20441700.0
2024-08-20,163.6682835023394,164.9615539700966,160.8269814256336,162.59054565429688,19417500.0
2024-08-21,161.77735323464805,163.10003020131327,159.58270872093266,162.4239959716797,16097700.0
2024-08-22,167.3815632191861,168.92957997193787,158.2208507559284,159.0536346435547,30044500.0
2024-08-23,161.68918607996142,164.87339415514077,160.15097641451257,162.9922637939453,18848000.0
2024-08-26,161.62061261631257,162.34562274084067,155.4481446770024,156.38870239257812,18521200.0
2024-08-27,154.4096089857667,158.7499225034445,152.67543603507332,158.1228790283203,16683100.0
2024-08-28,156.83939017677946,158.99485104513474,153.08692175669205,154.97784423828125,18063600.0
2024-08-29,155.2815756400691,159.89621927087734,152.2639245534137,153.75314331054688,23519300.0
2024-08-30,157.85832813389422,159.93542162768907,155.4971268447959,159.52392578125,25158500.0
2024-09-03,157.13333824180197,157.48605114834515,148.31553052811873,149.6969757080078,37179100.0
2024-09-04,147.25739912684836,154.59576545422453,146.13067022638845,151.00006103515625,20324100.0
2024-09-05,147.52194254087377,153.19472606561456,147.07124797548528,149.7263946533203,31548500.0
2024-09-06,140.35011684111436,140.5950559630011,133.8347421788855,134.2266387939453,76634600.0
2024-09-09,136.29387919733387,138.7236702735763,132.16909921054489,137.96926879882812,39516700.0
2024-09-10,138.3611989712416,146.82629360606094,138.18483504661197,145.20970153808594,36067500.0
2024-09-11,145.38604262080935,155.65388487282692,142.10385290351718,155.0660400390625,39700800.0
2024-09-12,154.89948123190055,162.95307943340111,153.6551865110155,161.22869873046875,43530700.0
2024-09-13,163.36458355365951,164.67745350982554,160.71922937793627,164.29534912109375,29850000.0
2024-09-16,161.84595916929223,162.14968125579404,157.16272485831897,160.69964599609375,26126900.0
2024-09-17,162.13988337081884,162.65915303913377,157.44684209316333,159.18101501464844,19844300.0
2024-09-18,160.4546957780634,164.07979115097595,158.09347947263768,158.39720153808594,26557600.0
2024-09-19,164.82586631144767,167.1063841654927,162.84026007539634,164.57029724121094,32453100.0
2024-09-20,164.3343630904912,169.09199114370844,163.63645665023773,168.18765258789062,91758500.0
2024-09-23,169.07235069344816,170.3698898866937,165.48448413475427,169.99635314941406,29431100.0
2024-09-24,169.86856786275519,172.9944483168331,168.75779699397953,171.864013671875,34223400.0
2024-09-25,171.6772232618486,174.1248456146242,170.80237282234535,172.5324249267578,16613800.0
2024-09-26,175.46169490372372,177.18190759885826,172.02126951345463,175.0586700439453,24340000.0
2024-09-27,175.13731420044869,175.43221081198135,168.83641709692867,169.75059509277344,20580900.0
2024-09-30,168.94454612750292,169.9766767730572,166.74268341598952,169.56382751464844,16902000.0
2024-10-01,169.2296340376841,169.3180985300284,162.9778882612281,164.6194610595703,23770400.0
2024-10-02,164.69810793174787,169.8980594049125,164.17713034555607,167.7551727294922,14317800.0
2024-10-03,166.73283710161436,171.96229082230062,166.31016347332903,168.96420288085938,13072300.0
2024-10-04,173.29915264884963,173.88893088587923,169.662134357106,173.63336181640625,17921400.0
2024-10-07,171.8443607216712,175.27494712840203,170.9006944756959,172.0999298095703,15588300.0
2024-10-08,172.43413272922527,178.5089492813897,171.91315518499118,177.65374755859375,20774200.0
2024-10-09,176.189103082912,183.24688276890973,173.41709602023485,182.78488159179688,25504100.0
2024-10-10,180.43559292875275,183.13878473063585,179.42312592651825,182.5293426513672,16318000.0
2024-10-11,178.05678201349264,179.48209829594452,174.38043584439998,178.3909912109375,23070000.0
2024-10-14,180.1800024775441,181.80191136683385,177.06396173327255,179.20684814453125,17195800.0
2024-10-15,177.7127138029078,178.607228025872,170.4190135983345,172.98458862304688,27657500.0
2024-10-16,175.47152415537238,176.19893380057223,172.34565905653676,173.810302734375,15285100.0
2024-10-17,178.2828290725757,182.3523599950878,177.61441080466662,178.4401092529297,25232400.0
2024-10-18,179.21667942975066,179.6000405134749,175.63862264957214,176.82803344726562,17835200.0
2024-10-21,176.32672820395612,178.62689481694647,175.21595744680852,176.9263458251953,13695100.0
2024-10-22,175.61897533877718,177.61442086800335,174.39025198338845,176.32672119140625,12062600.0
2024-10-23,174.56719579806884,175.93353568553798,169.63265318235486,170.556640625,19513700.0
2024-10-24,171.29386733696447,171.333194885468,166.61489400240114,168.43341064453125,20485200.0
2024-10-25,171.22507551326444,173.79065072041467,169.78009551158982,170.05532836914062,19977700.0
2024-10-28,170.05532548312624,171.008816080269,168.43341652872263,169.09201049804688,13195800.0
2024-10-29,169.5048588983671,177.16225679961016,168.29579922955304,176.18911743164062,23702300.0
2024-10-30,174.44923596007567,176.139960571211,172.63071931467132,173.63336181640625,17911500.0
2024-10-31,171.48062782531306,171.48062782531306,164.5309763532092,166.8802947998047,26086600.0
2024-11-01,165.39598451067482,168.413736206985,164.64892612612385,166.0447540283203,17847000.0
2024-11-04,166.39863103320923,169.51467167294246,165.55326876192993,165.68106079101562,13621300.0
2024-11-05,167.15552824788887,171.4314765247168,167.15552824788887,170.9399871826172,13441800.0
2024-11-06,176.57246028257717,177.1425897013485,172.96493042504594,176.4938201904297,24300800.0
2024-11-07,178.89229157156896,181.72325991044977,178.6956838404952,180.68130493164062,18970600.0
2024-11-08,179.87527578409347,181.90020948453238,178.73501690454347,180.5142059326172,13503200.0
2024-11-11,180.2782801580577,180.50437604907555,173.8102937775309,175.86471557617188,17036700.0
2024-11-12,175.8548959231266,176.50366551099077,170.25191993490347,173.22052001953125,15862000.0
2024-11-13,171.73621322229656,172.60122426858544,169.662127590144,170.6254425048828,17472500.0
2024-11-14,171.79521107462975,172.58159712359284,166.97860589914734,167.4799346923828,20638900.0
2024-11-15,165.60241219880558,166.26100608580137,160.64819146814716,162.03419494628906,20836200.0
2024-11-18,162.84025800994513,163.5185157251584,159.45880882045944,162.85008239746094,17856900.0
2024-11-19,163.8232528256704,163.96086925973887,161.5132466119502,162.53555297851562,18003400.0
2024-11-20,162.72228225241992,162.72228225241992,158.12194928145365,160.4712677001953,17196700.0
2024-11-21,163.42021460964344,163.50867909597227,157.86639075937788,161.1495361328125,24835300.0
2024-11-22,161.50341654422564,162.1030341999527,159.635747862897,161.43460083007812,17332500.0
2024-11-25,162.58470195779134,164.3835551214163,160.117430350363,162.01458740234375,26850600.0
2024-11-26,161.79832716239213,163.5381889539392,159.9208339306544,161.93594360351562,16308800.0
2024-11-27,160.42212313333155,160.42212313333155,154.8584600120266,156.95220947265625,19722700.0
2024-11-29,156.85394127081406,159.92083046310577,156.3722762377921,159.3212127685547,11024000.0
2024-12-02,160.1763794070253,165.51396165556721,159.97978666285937,163.67578125,21472400.0
2024-12-03,161.6803271433132,165.40582469520987,161.23798974244283,165.28785705566406,17024400.0
2024-12-04,170.48781303913398,172.40461833467768,165.69087260797787,167.65682983398438,32748200.0
2024-12-05,167.8436227445913,169.46553169388795,166.32000267154766,167.56838989257812,18490000.0
2024-12-06,167.20467036320903,177.60457103215023,166.44777262108465,176.47415161132812,27830800.0
2024-12-09,175.90405046239866,177.7127278258554,173.0239298237593,175.89422607421875,20886300.0
2024-12-10,174.7834625522708,175.4617203416775,166.84099184279876,168.88558959960938,27762600.0
2024-12-11,176.9460060844076,181.72328359016763,173.42694022633972,180.0817108154297,41295200.0
2024-12-12,177.85033914353363,178.90213361212338,172.99443668756246,177.58494567871094,46967200.0
2024-12-13,210.25914058880278,224.80722853255565,207.51663658071615,220.97361755371094,121336600.0
2024-12-16,227.84465427382383,247.59271018300205,226.88133922917768,245.7447052001953,111623200.0
2024-12-17,236.55384050405414,238.34286910662556,229.82044477234805,236.1409912109375,70382100.0
2024-12-18,235.33496479569607,235.7674778798381,215.48861985983763,219.813720703125,53960100.0
2024-12-19,224.0306902124113,224.1683066372645,213.87651793861477,214.6039276123047,40845200.0
2024-12-20,216.60918671054557,226.37015799201694,215.18387059681547,217.0318603515625,131910400.0
2024-12-23,223.42850948272036,230.0419612154998,221.89095632395953,229.007080078125,40643800.0
2024-12-24,236.66528509552683,236.7737030796136,231.4218340524082,236.2316131591797,22827200.0
2024-12-26,236.5470111685306,243.72226930416903,234.18154707254686,241.82989501953125,28459000.0
2024-12-27,242.10585206271858,242.2438372101022,232.94951862441576,238.27182006835938,29282200.0
2024-12-30,231.32323850869878,235.33468839039617,228.28755036452972,232.19058227539062,27316800.0
2024-12-31,232.48627738597972,234.04354691438857,227.98202111821288,228.50439453125,17927700.0
2025-01-02,232.76224776307393,236.0541898492545,226.92742366420353,228.6423797607422,31525800.0
2025-01-03,230.2292235124186,233.0875088262799,225.70526568303964,229.20419311523438,24973200.0
2025-01-06,233.09736851243298,238.27183440964345,229.94341135436503,233.0086669921875,34028400.0
2025-01-07,236.0541853188746,236.0541853188746,224.32540300349172,225.35043334960938,25928600.0
2025-01-08,226.3951762168798,229.12532690785525,222.8075475090114,226.0107879638672,18756500.0
2025-01-10,224.02971988591767,224.55209329758333,218.06676136943398,221.08273315429688,23864000.0
2025-01-13,216.8249105301166,225.9615280505295,216.3518056773268,222.04864501953125,23772100.0
2025-01-14,223.31022284108445,226.94712019463327,219.890146393167,221.4671173095703,18143100.0
2025-01-15,225.26170956085767,227.02594908110578,222.3344396267509,224.71961975097656,21745600.0
2025-01-16,231.83578141538916,235.1671565923641,225.9122555010807,226.109375,23471900.0
2025-01-17,233.669013127215,234.67434208744228,229.31260768523452,234.02383422851562,31196600.0
2025-01-21,238.02542035167284,239.25743598496308,233.98440305877955,236.8525390625,30903200.0
2025-01-22,243.19989765508308,243.43645008213136,237.22708798521458,237.4439239501953,29610500.0
2025-01-23,234.97987698839665,236.9412362153537,232.72281596779132,236.82296752929688,17653900.0
2025-01-24,241.17935180664062,245.99899585175163,238.42949982181727,241.17935180664062,25387800.0
2025-01-27,210.32968891723075,215.28731829287523,193.4067251080777,199.2218475341797,90569400.0
2025-01-28,205.01725956861821,206.9293503075104,196.02847799281986,204.37661743164062,50316000.0
2025-01-29,205.83531483894635,208.4077641148616,199.85265466959763,203.3811492919922,32533700.0
2025-01-30,215.42532585271917,218.76655154098228,210.62538287337597,212.55718994140625,42449500.0
2025-01-31,216.49965005541677,223.53692285648893,213.18799138201496,218.08648681640625,41104700.0
2025-02-03,212.360067393128,217.7612194666063,210.4381110634203,214.59739685058594,24507300.0
2025-02-04,216.19410882590344,219.8211556227516,212.20237517578556,219.2297821044922,23768500.0
2025-02-05,230.57420010967502,234.5067845207864,224.22685294315733,228.662109375,29196000.0
2025-02-06,231.12613371661456,231.42182047762083,225.27159299785347,228.03131103515625,21169500.0
2025-02-07,231.61894927624738,232.2595914181184,220.88562920710123,221.6346893310547,22117500.0
2025-02-10,224.15784397563067,232.42714730009928,223.85230650647574,231.65835571289062,23901600.0
2025-02-11,229.13519011557509,234.46735735759532,226.66130815118046,231.65835571289062,18476200.0
2025-02-12,227.04568467498427,233.07762805885207,226.6908635912713,232.9495086669922,16397300.0
2025-02-13,232.6636940320864,233.5408885920436,227.41037738362223,232.40744018554688,20962000.0
2025-02-14,231.15571720632335,232.34831504550914,225.6067135678323,229.68714904785156,16988800.0
2025-02-18,226.78942310765453,228.85920015925808,221.07286808271013,225.24200439453125,26080500.0
2025-02-19,224.57181915653905,225.77426763653614,221.17144392418868,225.43914794921875,16375500.0
2025-02-20,225.3602916444092,225.68554557344862,219.5451839221063,223.477783203125,16104000.0
2025-02-21,222.40344425632077,224.47323642567235,212.52761829430713,215.51402282714844,24883600.0
2025-02-24,215.45491493849417,216.32224377791306,204.55402722461432,204.93841552734375,33050400.0
2025-02-25,204.0217687494053,205.6381724992798,198.02924349543719,199.6259307861328,33100800.0
2025-02-26,203.93308536095833,210.4676859892886,203.03617437927957,209.87632751464844,21368300.0
2025-02-27,214.15389058489274,216.09554848364436,194.55990855976665,194.95416259765625,27572900.0
2025-02-28,192.943503285743,198.29538713925828,190.3710539831784,196.56069946289062,39747200.0
2025-03-03,201.064950307342,201.12408465115186,181.87507369986866,184.67420959472656,37435600.0
2025-03-04,186.49759441804133,191.15953723118372,177.88333594028998,184.78262329101562,37910500.0
2025-03-05,189.09962448572443,191.28768555034094,184.40811416083486,188.8236541748047,25644500.0
2025-03-06,178.43528436303654,184.1419892873163,175.05464063146698,176.8681640625,56864100.0
2025-03-07,185.0290397346486,192.6675369944297,178.94781210802364,192.155029296875,74528900.0
2025-03-10,186.8721321660563,189.21787964104072,177.83405249270172,181.7962188720703,44217100.0
2025-03-11,185.3444291869852,192.80550781260428,182.683278508669,187.35507202148438,42153200.0
2025-03-12,193.39687527951523,197.10277266085458,189.68111214859826,191.4355010986328,30409700.0
2025-03-13,190.37105130849739,193.49545621644305,186.7440044711493,188.6068115234375,27236100.0
2025-03-14,193.3771618865705,194.65846109402727,190.42032450286374,192.72665405273438,25900900.0
2025-03-17,185.34441732217925,193.88967514046945,184.80232748703358,191.7016143798828,26830600.0
2025-03-18,187.70004367707145,190.11479125267726,184.21096706511602,185.95550537109375,24951000.0
2025-03-19,186.61587900971332,195.41740701491935,184.21098195047665,192.75625610351562,37962700.0
2025-03-20,189.33570093595006,191.6292332776112,186.785124264054,188.3668670654297,31430000.0
2025-03-21,186.06347136478132,189.8794486636083,185.2330401013549,189.47412109375,43086500.0
2025-03-24,192.0839887722243,194.44672993906084,188.4953845200281,189.0687713623047,33180300.0
2025-03-25,188.7128941322785,189.41480320166735,185.53949762594078,186.11288452148438,23417300.0
2025-03-26,184.53111816390788,185.915144918823,175.554675123395,177.22540283203125,30578500.0
2025-03-27,175.6337736589807,176.34556319418564,168.51589339169226,170.0284423828125,32151700.0
2025-03-28,169.96912683473903,171.32351220831598,164.57140671795403,167.19117736816406,30391500.0
2025-03-31,162.61399026851032,166.0246398607809,158.7881175187873,165.52044677734375,35656400.0
2025-04-01,164.47253430249697,166.78585791191372,161.55618226485782,166.5980224609375,20472400.0
2025-04-02,164.18583903615547,171.45200233363107,163.6124521971362,170.12728881835938,19523700.0
2025-04-03,158.70901771662903,161.56605635817968,151.94703225897965,152.2534942626953,44354900.0
2025-04-04,146.48009942937986,151.05729848434368,137.58274563876122,144.6215362548828,72302200.0
2025-04-07,142.8420698781585,158.6002585170542,136.52494963013737,152.3820037841797,68503500.0
2025-04-08,165.70826879094545,167.84363734992917,151.3439864058486,154.25045776367188,58888200.0
2025-04-09,158.66947310818617,185.1934746908972,155.7135690820745,183.038330078125,72708300.0
2025-04-10,173.30070005046852,174.93187570569833,164.5021958279154,170.3349151611328,51212200.0
2025-04-11,171.63984285336272,180.57674925631565,171.3333808458846,179.86495971679688,33964100.0
2025-04-14,182.9691494695821,183.87865498514373,173.81476594761,176.32579040527344,25748300.0
2025-04-15,177.68014512140124,180.1812888422518,176.04896968076304,176.90904235839844,17242400.0
2025-04-16,168.48622615245898,174.07179654035315,165.0162633895216,172.61856079101562,34638600.0
2025-04-17,174.23987569249726,174.23987569249726,167.98206728298663,169.0398712158203,22501800.0
2025-04-21,165.08547970195335,166.08395519253696,159.76683392878275,164.3143768310547,23469800.0
2025-04-22,165.520431779272,168.57520139080626,163.3356455648846,167.6459197998047,18504900.0
2025-04-23,175.75242208656084,178.39196898936726,173.81478428779707,174.89234924316406,24380500.0
2025-04-24,177.64063024280424,186.41935828838024,176.26648385591898,186.00413513183594,27576900.0
2025-04-25,184.7881580199928,191.1645921467628,184.7585013795936,190.11668395996094,21242300.0
2025-04-28,188.35698009864592,190.89767616500126,185.53947867440698,190.2748565673828,16385800.0
2025-04-29,189.5333999673843,191.0459488341677,187.9318811872042,188.9896697998047,14630000.0
2025-04-30,183.77978100582092,190.99652660152503,181.92123290071106,190.2748565673828,22768900.0
2025-05-01,195.88021204843668,199.10302630725778,194.00188758855714,195.07945251464844,24939700.0
2025-05-02,201.57448834262055,203.3341860077878,198.7866586479918,201.3174591064453,17766800.0
2025-05-05,197.96614528416606,200.91215410885616,197.71899653849295,198.4307861328125,14025400.0
2025-05-06,194.1995874757645,199.6072028664705,193.70529001836732,197.80795288085938,16348800.0
2025-05-07,197.01707296708068,203.8779240557108,196.16688074113134,202.47412109375,20253700.0
2025-05-08,205.62773270350527,208.75169610915108,201.36689123268184,205.40036010742188,18460900.0
2025-05-09,206.94257177358907,207.5653913863475,204.16462252423963,205.82545471191406,13289200.0
2025-05-12,216.9867118707107,219.2703638007492,213.4178834835984,219.05287170410156,25437700.0
2025-05-13,219.46806897140777,232.5966081067003,219.46806897140777,229.76922607421875,28790500.0
2025-05-14,227.604197252896,230.8369067662463,225.74564911772595,229.47264099121094,19751400.0
2025-05-15,227.53501364081004,231.78597487416837,225.4688538489927,229.98672485351562,18803700.0
2025-05-16,229.67037934195108,229.98672187267027,223.80800361495287,226.002685546875,23094600.0
2025-05-19,219.31978693998133,228.61257306527054,219.07263821234318,227.99964904785156,15355500.0
2025-05-20,223.906878759773,229.12665896134777,223.75858046436025,229.0376739501953,11787200.0
2025-05-21,225.78519547168733,233.8027009578173,225.2315847244188,227.1099090576172,17642900.0
2025-05-22,225.73576204945343,231.02475094371277,224.83613704538678,227.90078735351562,14340200.0
2025-05-23,224.3517371574748,228.01941592204633,223.60039535197427,226.11143493652344,15385600.0
2025-05-27,230.21410949031505,233.7829379920435,228.4939638694638,232.96240234375,17941700.0
2025-05-28,234.44528452357935,238.24150056628514,231.7563050738452,236.69927978515625,20443000.0
2025-05-29,243.1053782536607,243.26355705980848,234.69242590440504,239.21031188964844,20743700.0
2025-05-30,238.46884668373218,240.39660359000402,232.22092010213728,239.3091583251953,27088600.0
2025-06-02,240.4757088256733,247.14872438404245,240.4163955453829,245.87344360351562,19197000.0
2025-06-03,247.22783161654732,254.93887539041646,246.5555791936629,253.92062377929688,30380200.0
2025-06-04,255.11674974355162,262.40268796609934,254.6521090207133,258.102294921875,31536000.0
2025-06-05,259.9510607522301,261.8689374173523,256.1054118179875,256.9654846191406,41970900.0
2025-06-06,248.27573030949708,252.40806496418017,243.32287513686728,244.11373901367188,41146700.0
2025-06-09,242.25519511228993,245.3396065240458,238.36012860219415,241.4939727783203,25334100.0
2025-06-10,241.43463830671402,243.47114130804817,238.64679355631722,241.8399658203125,25491300.0
2025-06-11,243.550258375623,251.864345726541,241.0194576559778,250.0255584716797,24599000.0
2025-06-12,247.33657763098194,254.94877095773134,246.65444468902152,253.14952087402344,20410900.0
2025-06-13,247.80120860699117,251.10311205062112,245.5175567337934,245.86355590820312,19028400.0
2025-06-16,247.49473616821436,252.27953180431297,246.72363336259355,249.2247772216797,20363000.0
2025-06-17,248.08790655705218,251.06358709321972,245.09246498236578,246.5259246826172,22014300.0
2025-06-18,248.02857286012582,252.72439861624085,246.56545663774304,248.39434814453125,30435500.0
2025-06-20,250.9113199982691,251.21850334237325,241.95337830299817,247.72055053710938,42134900.0
2025-06-23,246.84853303005255,251.90224031604112,244.22259627808347,251.4662322998047,19747000.0
2025-06-24,256.4208482809736,263.45639979451244,256.4208482809736,261.3754577636719,32764900.0
2025-06-25,263.58521761461043,267.4200804158561,261.03854114910166,262.2474670410156,18894200.0
2025-06-26,262.67352780275456,269.20372883688265,261.7321702716056,267.71734619140625,23569600.0
2025-06-27,267.8461733199072,269.382120385409,264.4572374091648,266.9048156738281,27477600.0
2025-06-30,272.2359519035795,275.1888794583511,269.6595492237102,273.1475830078125,24708400.0
2025-07-01,271.90894804987573,272.00804628242076,260.27553527382094,262.3366394042969,28847600.0
2025-07-02,261.5934468803679,269.5307404962165,260.3449059254563,267.4497985839844,17582100.0
2025-07-03,268.2722403488857,273.29619034053644,267.66776239216966,272.68182373046875,10592700.0
2025-07-07,272.63230572680953,275.04023831991105,270.1847277963866,271.69091796875,16760600.0
2025-07-08,273.84123163769186,273.84123163769186,268.6884264419103,269.33251953125,14869400.0
2025-07-09,270.48204053054957,276.9131443956843,270.2442289452138,275.377197265625,20133000.0
2025-07-10,277.2500022652105,278.62736775954517,270.2243707533372,272.89984130859375,17891600.0
2025-07-11,271.65131808249134,273.9601525818335,269.42174402169826,271.8891296386719,14274700.0
2025-07-14,271.641396729026,275.8329765714404,267.1326844136851,273.0980529785156,11934200.0
2025-07-15,277.2698104767424,280.7875705680168,275.3276123279013,278.3895568847656,17918400.0
2025-07-16,277.5670544048685,278.95436893497526,273.16739001236016,278.2607116699219,15031000.0
2025-07-17,278.5877262969963,285.6628911300782,277.3688817848411,283.8495178222656,17231100.0
2025-07-18,284.5035562146376,284.91975669509816,278.4490382611421,280.7677917480469,15012400.0
2025-07-21,281.3821491946319,287.9024316505868,281.05515830259225,285.59356689453125,17726800.0
2025-07-22,285.03866257967115,285.3854912734229,273.92051827252266,276.0609130859375,16564800.0
2025-07-23,274.26732058865787,281.4217768289301,270.52163758555605,281.1145935058594,20556200.0
2025-07-24,287.1592322367496,288.5564355809759,280.9263257483868,286.0890197753906,16413800.0
2025-07-25,285.4548240060708,289.93377924473583,284.66206849445047,287.545654296875,12476200.0
2025-07-28,289.80497294938414,292.7678496109974,287.9519540743725,291.6282653808594,13683400.0
2025-07-29,294.7992311401181,299.44665673262847,292.1931020061756,294.719970703125,19210800.0
2025-07-30,294.4523983986542,300.50694614853245,293.11464795881585,299.87274169921875,16738900.0
2025-07-31,300.0510854039647,304.1634347437665,287.5952223379664,291.0337219238281,25488500.0
2025-08-01,283.93871170717665,289.98334011084546,279.0534447550417,286.0196533203125,21428100.0
2025-08-04,289.54736492798173,295.77035268408076,288.754609335799,295.0172424316406,17164600.0
2025-08-05,295.1064247549772,298.46566423977845,288.8041764960874,290.2707214355469,18477500.0
2025-08-06,290.24099283475994,300.0610316255537,289.2500710222544,298.931396484375,17392100.0
2025-08-07,303.39050525809813,307.5226317451636,297.15759939917075,301.00238037109375,16319400.0
2025-08-08,301.2897850990344,305.07511393310193,299.80340228110026,302.2014465332031,12458700.0
2025-08-11,302.2806978768283,305.5111127808512,298.55485228894594,301.1411437988281,12396400.0
2025-08-12,303.84632438309075,310.5944987113902,301.9041263269176,309.9900207519531,17609600.0
2025-08-13,313.8744607292407,314.4690198205595,301.9833998649916,306.28399658203125,17371200.0
2025-08-14,304.2229108539708,311.3179145558856,304.212991959021,308.40460205078125,15717600.0
2025-08-15,308.20638530645857,308.67211973044033,297.0387082657238,303.5589599609375,22806900.0
2025-08-18,299.95203470413253,303.3905344880831,296.2856120243406,302.9842529296875,14724700.0
2025-08-19,299.6745901136142,300.1502132332778,289.7356454685235,292.2327575683594,20149600.0
2025-08-20,292.77773546862284,292.8074619118753,279.31111234567646,288.5267028808594,23600500.0
2025-08-21,287.42676280711595,289.7356274387643,283.5720928922198,286.970947265625,14946300.0
2025-08-22,289.1014500053561,297.3657346131489,286.3863338108117,291.3310241699219,16301300.0
2025-08-25,290.151807194349,295.6910563770009,289.0617871761766,291.5589294433594,15124700.0
2025-08-26,291.6777886252429,297.52422020990474,291.3210411124061,295.3045654296875,25689100.0
2025-08-27,294.8289530502972,298.44581146308104,291.11299641239617,297.5242614746094,13830300.0
2025-08-28,300.17988837442795,308.17663335292036,299.5853293359307,305.84796142578125,18907100.0
2025-08-29,304.2229093937038,304.2229093937038,290.9940974069685,294.69024658203125,21610700.0
2025-09-02,286.71333305665485,295.998266231383,284.56304951230754,295.53253173828125,19693000.0
2025-09-03,299.54573820468306,301.6861327701727,293.7091947000028,299.64483642578125,18529400.0
2025-09-04,302.2905998597554,305.97683014063443,299.5061120396878,303.3211669921875,31220800.0
2025-09-05,352.55013168294823,353.10504543218013,328.4112928697648,331.84979248046875,78401600.0
2025-09-08,339.6384482952403,350.9547886018968,338.152065589353,342.5121154785156,43535600.0
2025-09-09,346.37672621232326,347.7937674637076,332.7812769992885,333.6136779785156,26972300.0
2025-09-10,348.3287806992547,369.5840629920882,347.36758545276996,366.2149353027344,51086800.0
2025-09-11,367.8103382970059,370.83266786419836,355.5031067490549,356.3652038574219,29430900.0
2025-09-12,359.6154381170266,361.08201328413594,353.91763770285525,356.60302734375,31949800.0
2025-09-15,356.60300746669805,362.181901791048,353.10505487789965,360.7846984863281,21792200.0
2025-09-16,362.11254006740637,362.3701894080732,353.7491577958688,356.7318420410156,21306500.0
2025-09-17,355.5922540219979,356.66243613991224,338.3997566757255,343.0273742675781,45197100.0
2025-09-18,346.82262399207383,347.5162813362711,340.6690081880208,342.21484375,24663900.0
2025-09-19,341.5211874471744,343.1264759017759,333.3758091578165,341.8085632324219,41240100.0
2025-09-22,339.90270066016484,344.11142809429634,335.4458486342185,336.2895812988281,28660000.0
2025-09-23,337.72886987537504,342.6721261963648,334.5326336759904,336.4384765625,21944100.0
2025-09-24,337.2524465542453,337.5700618055358,331.3463477899052,336.8057556152344,19677300.0
2025-09-25,330.5323529299087,335.5649409937913,324.88434563151765,333.6194152832031,21678200.0
2025-09-26,334.9395951693463,336.5774113081487,328.14014544341876,332.0610046386719,15464700.0
2025-09-29,333.5202057735462,338.53292293981053,325.1325575292663,325.47998046875,21336000.0
2025-09-30,327.6835698030718,328.6066987392107,322.21422624207713,327.4751281738281,20109500.0
2025-10-01,325.72809636503257,335.45578604356376,322.10504109835813,330.929443359375,21122700.0
2025-10-02,345.0444773931538,345.0444773931538,332.77571393429145,335.68408203125,19917600.0
2025-10-03,338.97958477983,341.8581754881589,333.26208633567387,335.8726806640625,14749100.0
2025-10-06,333.4407959918751,341.59019458808785,332.09081755700765,333.0139465332031,18465700.0
2025-10-07,334.54257383015096,335.6145896414922,324.1696871643973,333.9271545410156,18086700.0
2025-10-08,331.35625404969676,343.9823755029449,330.16509851374474,342.9500427246094,21478300.0
2025-10-09,343.198194923496,344.7466789327351,337.88767449672446,342.47357177734375,17643700.0
2025-10-10,342.840892595421,348.0124321452589,321.65836401946854,322.2341003417969,28941000.0
2025-10-13,350.16639539124964,356.7276265119792,340.98466435334234,354.0674133300781,45984300.0
2025-10-14,347.5458968977502,348.0819199505021,337.1432328388366,341.5901794433594,22078000.0
2025-10-15,351.85383931694753,356.7474462365865,344.93528011277596,348.73699951171875,23918500.0
2025-10-16,354.16662949397715,360.5591015697589,346.91058329019035,351.53619384765625,20317200.0
2025-10-17,347.0297328206275,348.3797112636776,338.2649148538246,346.7518005371094,20937900.0
2025-10-20,351.1887878337082,353.958204884989,345.27278374432154,346.6624450683594,15640200.0
2025-10-21,347.41686685310657,348.5087544931143,338.790999935566,340.13104248046875,16092600.0
2025-10-22,344.7367896443459,345.4415714008497,333.03382587244175,337.7884521484375,19268800.0
2025-10-23,337.8876883349711,344.01216427937095,337.8876883349711,341.7489929199219,12859200.0
2025-10-24,349.9083186372953,355.6555638796126,348.2903439639102,351.516357421875,16143700.0
2025-10-27,358.8716837936956,360.0727449780649,352.4593396329431,359.3778991699219,20065800.0
2025-10-28,359.94372691863,371.2992979576381,359.85439478663073,370.21734619140625,21056000.0
2025-10-29,370.43570420392757,383.62762692963696,370.43570420392757,383.1313171386719,24975200.0
2025-10-30,383.5482030492368,383.5482030492368,367.3288026035214,373.6914978027344,24295300.0
2025-10-31,375.4781636650765,376.0241225601102,362.40538194242396,366.9019470214844,21598400.0
2025-11-03,369.254473428452,372.08344521076793,359.3084364203813,359.87420654296875,17198900.0
2025-11-04,355.8739526529837,366.2269976541692,348.40946448995305,349.342529296875,24047500.0
2025-11-05,348.300307949599,362.1771106487969,347.50619408971056,356.3305969238281,17087600.0
2025-11-06,357.4522364621433,360.8172315109209,350.1068573399226,352.9656066894531,19896900.0
2025-11-07,351.5759224747198,351.8836321132648,334.780786281895,346.8510437011719,21903200.0
2025-11-10,355.25852990508065,357.34303701279083,351.9928031127462,355.74493408203125,16409000.0
2025-11-11,356.3206695350522,359.21913218118834,347.0893190996685,349.3623962402344,16446800.0
2025-11-12,355.397522116269,356.22138303720845,349.08444584946085,352.59832763671875,12190500.0
2025-11-13,348.98518841294657,350.94065025218157,331.693771807236,337.4708251953125,22616600.0
2025-11-14,329.02361555490245,342.1956665627553,326.63139871631194,339.9324951171875,18500800.0
2025-11-17,337.3119936612734,349.6006289345155,335.0289504470232,340.12109375,14799600.0
2025-11-18,340.6670539929708,345.4018385124019,333.03380695412073,337.9869689941406,21726800.0
2025-11-19,338.1953940695411,357.03532379262293,335.30686758093464,351.8042297363281,21851900.0
2025-11-20,363.2987503825476,373.3043419824847,342.6324043611155,344.26031494140625,28867000.0
2025-11-21,342.6125628864552,346.027176515732,329.35115012551756,337.6891784667969,30280300.0
2025-11-24,345.16363009421,379.1806934408441,345.09413945090324,375.1705017089844,47262400.0
2025-11-25,382.08902544633315,385.2654200346103,369.0063074126653,382.18829345703125,33507600.0
2025-11-26,382.7044364012596,396.9187549223118,380.4313595550052,394.6357421875,28693000.0
2025-11-28,396.4026501541744,400.0257056981824,394.22881076930025,399.9859924316406,13365500.0
2025-12-01,391.93585354693045,392.50165398682486,382.25781248573634,383.2305603027344,23252000.0
2025-12-02,385.444091222075,390.5957890589722,376.98698364502553,378.75384521484375,22207000.0
2025-12-03,377.1954504183348,379.47846339603353,367.91445104036177,377.8009338378906,21336400.0
2025-12-04,377.87041156383543,381.05674220183573,373.75104639670536,378.21783447265625,15845900.0
2025-12-05,383.3199245286088,390.62559024939,382.3074331487994,387.35986328125,24779900.0
2025-12-08,399.50952930500006,404.2840269400075,394.46700500310675,398.13970947265625,30410600.0
2025-12-09,395.8070523365675,403.9266731243686,392.590974633076,403.2914123535156,24546000.0
2025-12-10,399.2316169090932,411.54999953942325,396.6110866137911,409.922119140625,31531000.0
2025-12-11,401.8421764369809,406.2791872286275,391.28071972128316,403.3708190917969,45681600.0
2025-12-12,377.1557286245446,379.18068105759903,352.5288391708667,357.2735595703125,95588500.0
2025-12-15,359.2190881632978,359.32826176881434,335.01901972004856,337.3020324707031,65894900.0
2025-12-16,333.54000642530747,344.9352896326606,332.58710015019307,338.7810363769531,58061100.0
2025-12-17,344.05183201752686,344.05183201752686,319.04777456063437,323.6138000488281,73300900.0
2025-12-18,333.5202009194128,333.5499782970867,321.24150075019696,327.44537353515625,54501900.0
2025-12-19,330.8798132684081,340.91521315942816,330.1254126801353,337.8479919433594,159095200.0
2025-12-22,344.13337442773263,344.3422148990558,335.37166532957815,339.5784912109375,28739600.0
2025-12-23,338.94196928599365,348.190982517604,336.6844224063155,347.40533447265625,28232600.0
2025-12-24,348.7678095838049,350.9258984404609,345.23727989096074,348.3003845214844,11424400.0
2025-12-26,349.135778221545,351.31377688845333,345.84392332048026,350.1999206542969,15028100.0
2025-12-29,346.808634563918,348.40979543650565,342.8007245815547,347.4749755859375,21946900.0
2025-12-30,348.05174096279717,350.7468783764163,347.38540002163654,347.9324035644531,16633600.0
2025-12-31,347.81308061349677,347.96225236762314,343.52670689319933,344.2029724121094,15346100.0
2026-01-02,350.84635092137546,358.6831641419203,343.6659237693353,345.7146301269531,25398600.0
2026-01-05,352.79561993308556,353.08403890813264,334.65560516323063,341.5376892089844,31136000.0
2026-01-06,341.71669097519174,347.13680062511486,336.1473792140105,341.8857421875,27135500.0
2026-01-07,339.8270962641587,347.78324690212264,334.03898939096644,341.6172180175781,20249300.0
2026-01-08,340.90115484482556,341.796215699477,328.6884651305382,330.6576232910156,24385200.0
2026-01-09,336.06784686795146,345.48594225625305,331.67205988653376,343.0791931152344,22482500.0
2026-01-12,339.0812182295673,351.9602192857221,339.0812182295673,350.27947998046875,20949600.0
2026-01-13,350.9458225853505,357.519577726993,348.98661920367016,352.66632080078125,18308000.0
2026-01-14,347.05725670078334,348.76783039792383,332.5870190563046,338.02703857421875,30094700.0
2026-01-15,347.2064334189842,347.7633615748104,339.797285826153,341.1398620605469,22218800.0
2026-01-16,344.37204143074337,352.5668976348996,342.1642083045463,349.7822265625,31291200.0
2026-01-20,342.21394438179703,343.50680675433125,329.9813442441664,330.7769775390625,32293900.0
2026-01-21,333.6710152765439,333.95940387889675,322.4230099762328,326.9977722167969,32006600.0
2026-01-22,333.5119043161702,335.1428994572956,323.10924558403605,323.7059326171875,24275400.0
2026-01-23,317.5498567119987,320.22511484692023,312.38830145170823,318.2957458496094,30259500.0
2026-01-26,318.04711955048145,326.87845189062244,315.85919626685916,323.0694580078125,25006400.0
2026-01-27,327.9525514285784,332.92514576561865,325.22754909367137,330.9659423828125,25537600.0
2026-01-28,336.9927186839207,338.12645439174145,324.9093207160349,331.4134521484375,23001700.0
2026-01-29,330.7371925034721,334.10862603607046,318.52450201145007,328.917236328125,20447500.0
2026-01-30,330.6178664590828,336.34630505103615,326.5303779866095,329.4841003417969,28313000.0
2026-02-02,324.3225109852917,334.21798517581607,323.9644987857854,329.29510498046875,17278200.0
2026-02-03,334.8942771756315,337.0424415935712,306.95824554215517,318.57421875,36914800.0
2026-02-04,317.7587187922393,317.7587187922393,293.6813962394769,306.36151123046875,43330300.0
2026-02-05,312.6170690037724,324.7402568856127,305.0189603505634,308.8080749511719,42775800.0
2026-02-06,318.3455057862166,333.1638313180629,314.56631575809547,331.0952453613281,33003400.0
2026-02-09,328.95698319627917,350.40876169061943,328.83764579246576,342.0548095703125,30091000.0
2026-02-10,345.56547154005125,346.10252022571046,337.97728773736594,338.5740051269531,19542700.0
2026-02-11,344.89912087434743,345.29695268978793,331.91070727823995,340.88128662109375,17004700.0
2026-02-12,341.9454100801238,344.3919483551362,327.75363671630373,329.3548278808594,22007300.0
2026-02-13,328.04206702337723,332.48756774462413,322.91034582936476,323.3877258300781,18397200.0
2026-02-17,317.9277578030805,333.909681956994,314.57623435475085,330.71728515625,23469700.0
2026-02-18,327.71382564879144,336.0280186395147,325.4363994378997,331.6819763183594,13565300.0
2026-02-19,331.18472325218454,336.5849531817764,327.8729585724948,332.1593322753906,15180900.0
2026-02-20,330.5382717081164,338.2457928257029,327.77351050833636,330.8266906738281,17658900.0
2026-02-23,330.4288925825397,336.6446354828884,323.5368841387067,328.52935791015625,16472400.0
2026-02-24,320.77212020317,326.5104830742268,312.72646630290467,323.7059326171875,23614400.0
2026-02-25,328.92715403297103,334.0688298306024,327.47516501316426,330.4885559082031,20182300.0
2026-02-26,324.7104155626931,324.7899637192622,306.24219260633987,319.9367370605469,33025300.0
2026-02-27,308.9970247217124,318.24603806278935,308.30084937332714,317.7984924316406,28004200.0
2026-03-02,307.6643395115613,318.28582398706305,305.51620548537267,317.072509765625,20567200.0
2026-03-03,311.2844197668416,314.1486390923111,305.71510778401847,312.11981201171875,20826200.0
2026-03-04,313.94971528593044,320.871588598768,310.0313084391089,315.7895812988281,34895800.0
2026-03-05,328.37021432122083,334.2776584971872,321.2594108798705,330.9460144042969,57076600.0
2026-03-06,326.48065594813926,341.62718938119394,325.60547447973875,328.6686096191406,39152200.0
2026-03-09,325.4562903767639,346.57986082540674,321.83622723116406,343.8548889160156,40605800.0
2026-03-10,346.818554941469,351.2043865280695,338.9319977254884,340.7022399902344,29531700.0
2026-03-11,340.71221325442815,343.914565203741,336.36617068399795,339.69781494140625,20104100.0
2026-03-12,335.88879701399503,337.96733783236414,330.37918426781965,334.1285095214844,21982700.0
2026-03-13,335.8291171439231,336.4656237744782,319.66818587184616,320.3941955566406,34725000.0
2026-03-16,324.23304564702573,327.3956388620321,318.30572141345186,323.13909912109375,31363100.0
2026-03-17,323.97447979506984,325.6452642280251,315.5111144211158,319.5488586425781,38026500.0
2026-03-18,318.67363762356877,323.6561863020152,313.8203812394195,314.19830322265625,25460600.0
2026-03-19,310.7573147931039,321.4981065274462,306.81902853721937,318.0869140625,23524800.0
2026-03-20,318.36538706154465,319.7477829078554,308.22131243916857,308.8080749511719,43325900.0
2026-03-23,316.92040164996087,325.37162330965646,313.86081688813783,321.41510009765625,27369200.0
2026-03-24,318.9135976425845,323.2986535273759,313.77111223092135,317.20941162109375,19799000.0
2026-03-25,321.49482709507237,323.1990132552922,315.6447601783276,317.7276611328125,19900000.0
2026-03-26,312.9538960947588,315.84407497159225,308.1203860995797,308.3695373535156,20343700.0
2026-03-27,306.01755552521263,306.45606419653046,297.85535743105544,299.6592102050781,23593900.0
2026-03-30,299.84854424713643,303.73529770016216,288.9755799472559,292.41387939453125,28054500.0
2026-03-31,298.37362013050296,309.25653096001935,295.33395627982037,308.4592590332031,29289500.0
2026-04-01,312.3061324701711,314.7179301723059,309.4259595727266,312.42572021484375,19171000.0
2026-04-02,303.4562719971277,313.6216560095492,300.72558380211683,313.48211669921875,14021100.0
2026-04-06,313.99038435775833,315.3258314739668,309.2266134392941,313.3625183105469,12111300.0
2026-04-07,325.6207709872223,333.01556324589296,320.70748509603504,332.836181640625,33310900.0
2026-04-08,350.55582902880246,352.9377297152957,341.3671291806997,349.43963623046875,31573100.0
2026-04-09,351.1039535975596,357.48225036951055,350.3066817080523,353.7051086425781,20514900.0
2026-04-10,359.7146098064539,375.2715992003721,359.59502207313034,370.28857421875,29958100.0
2026-04-13,368.40504315095495,379.5670019691029,368.22566153316797,378.4607849121094,24115800.0
2026-04-14,376.6170164392877,380.9821511246463,375.0423939506093,379.48724365234375,24423000.0
2026-04-15,388.556363849632,395.7319016304903,384.26099871524576,395.3731384277344,29559300.0
2026-04-16,393.65899725550884,398.3231016198409,391.01799993899425,397.1172180175781,18872900.0
2026-04-17,399.5389836393108,405.34920847876896,398.4526877160341,405.15985107421875,20581700.0
2026-04-20,404.32265394330676,405.0402107479355,394.5559068573064,398.27325439453125,16922000.0
2026-04-21,398.0540173761743,402.2297948712935,393.2304526964744,400.8046569824219,16275500.0
2026-04-22,405.5983343025051,421.7632694342278,403.485506048224,421.2151184082031,23702500.0
2026-04-23,420.95603789392266,427.8525280739227,416.38159377380526,418.51434326171875,19501600.0
2026-04-24,423.53723253280276,423.5571536851224,407.4719332970556,421.32476806640625,22491100.0
2026-04-27,419.05250121106235,421.3147837192593,413.22235560193394,416.7802429199219,17451600.0
2026-04-28,398.95097660162656,404.43230453420654,393.31018820678565,398.47259521484375,25519200.0
2026-04-29,402.1301248943796,404.2628742323027,395.4329379546727,404.0735168457031,15962500.0
2026-04-30,414.10932856321773,416.95963488436803,402.8576791985395,416.0128479003906,21821600.0
2026-05-01,413.6807744507737,421.73336005098446,411.87692179617113,419.8497619628906,11882600.0
2026-05-04,416.80016041793476,422.39110008521186,408.1396602002539,415.08599853515625,15140400.0
2026-05-05,420.2284881279572,431.9186762883192,417.92633290053135,425.90911865234375,21175200.0
2026-05-06,434.0813050195725,436.1941029171344,416.36166796239456,423.99566650390625,20707000.0
2026-05-07,420.38796617222715,425.0420949085881,404.92063571750873,411.1593933105469,22791700.0
2026-05-08,418.37477770314314,433.52318626226383,412.5944807185683,428.5401611328125,22561400.0
2026-05-11,426.1682467271705,432.1777739636967,423.6069644486416,426.9754943847656,16825500.0
2026-05-12,421.9924791831712,427.8824188201699,407.0234819207675,417.8764953613281,19004300.0
2026-05-13,414.3983466119951,417.2087801740821,403.4257151941707,415.3750305175781,16981200.0
2026-05-14,415.3152264043486,440.85818785567585,414.17908206787644,438.29693603515625,19733800.0
2026-05-15,431.34061585736106,431.34061585736106,418.37477482718646,423.7464904785156,18957100.0
2026-05-18,419.9793434737352,420.57731259465044,412.96323531054014,419.2817077636719,17863300.0
2026-05-19,408.4286821845161,416.53108597422136,404.4821043532533,409.6744384765625,20652100.0
2026-05-20,411.40852867178563,422.7299778664552,410.023263466156,416.34173583984375,16312600.0
2026-05-21,412.14601051224605,420.816486702251,409.1063772439882,413.1625671386719,16865300.0
2026-05-22,416.07264196819784,418.5641546493439,408.8173582572594,412.7340393066406,14086400.0
2026-05-26,417.0792378798915,433.8321673195596,415.58433021723954,420.57733154296875,22562900.0
2026-05-27,423.62688879643747,431.33062587505964,415.0760009827545,420.4277648925781,17601000.0
2026-05-28,419.7102713339756,428.2212566841442,412.6044723600264,425.13177490234375,17855600.0
2026-05-29,431.4801759510723,447.37600852236386,430.0051895027869,445.25323486328125,41798400.0
2026-06-01,448.56195418793766,464.46776194674464,440.7186774700855,458.4084167480469,30586000.0
2026-06-02,487.1306095823453,487.16050651843267,468.86282128362075,479.93511962890625,38306700.0
2026-06-03,493.1002545088062,493.3195088404053,471.03543411048315,477.6030578613281,50126400.0
2026-06-04,407.6014880474626,425.0321309842049,401.64180933708525,417.4878234863281,80979400.0
2026-06-05,406.2261638146785,409.10636696522306,384.28093188776637,384.42047119140625,51146100.0
2026-06-08,401.2531220335625,401.47237636203323,390.0213940223802,395.2535705566406,37099000.0
2026-06-09,400.2465433630962,406.48530076828695,369.07273831724825,390.8286437988281,37026900.0
2026-06-10,380.20484327325255,384.5002087942833,369.909926036757,370.8367614746094,38193500.0
2026-06-11,371.55430244438566,388.17766739710873,369.29198951348326,384.2610168457031,35187600.0
2026-06-12,382.41731103702546,383.6730431982832,375.72012353360753,380.7729187011719,27600900.0
2026-06-15,394.1672773425175,394.85493726761007,387.28073272248497,392.60260009765625,32394200.0
2026-06-16,388.88522828230475,390.459881213109,375.18190954117694,375.4310607910156,31573700.0
2026-06-17,387.39035385489547,399.2898209961697,381.35092947633603,391.5661315917969,40005500.0
2026-06-18,408.1894808169158,411.2989141040468,404.0037578776532,409.9534912109375,45076100.0
2026-06-22,412.90813255974655,413.8863622717574,391.19766550064395,391.4172668457031,26403700.0
2026-06-23,377.183160349269,390.30925218122655,375.97536823314596,379.4590148925781,33122200.0
2026-06-24,385.9172669615024,388.03340873360276,376.27482151325444,381.37554931640625,29938700.0
2026-06-25,385.8773246272315,388.0932906923914,372.0225790118633,378.2212829589844,23353700.0
2026-06-26,369.77665959861986,373.010760628504,363.1686669274986,364.35650634765625,34839300.0
2026-06-29,372.9408971009337,375.5261858177169,359.8048132838477,371.7730407714844,24285200.0
2026-06-30,374.1087737651548,378.92998114170064,369.96632307983845,377.0633850097656,28517400.0
2026-07-01,371.194070816664,373.07065853487035,367.3610541944611,368.6686706542969,23712600.0
2026-07-02,365.0652317664685,373.3201886070083,355.7821178901531,359.7948303222656,26749500.0
2026-07-06,372.93088602628916,382.46354556366265,370.5053102731043,373.2203674316406,24544000.0
2026-07-07,365.89371787047224,372.28207878472796,361.35200038650567,370.1060485839844,24116700.0
2026-07-08,376.8337800267437,394.3718507720338,376.2049507507325,387.9834899902344,31624100.0
2026-07-09,401.4589744409262,406.7792731308406,387.2248839332701,400.38092041015625,28074000.0
2026-07-10,397.77568214382535,401.70852319471294,394.98078363857434,399.2430114746094,14595900.0
2026-07-13,392.7648116529152,395.0306746764883,382.72309940322447,383.3519287109375,21294500.0
2026-07-14,395.00071097121594,396.6077698930765,383.9408642106386,388.4027099609375,20118700.0
2026-07-15,395.37003153713226,398.2747457442537,386.0370207512052,393.5633239746094,16324100.0
2026-07-16,383.84106586787965,386.03704885483813,371.22402580070786,373.7694091796875,23407200.0
2026-07-17,365.38463444351294,376.66411319585035,357.1496301143668,370.15594482421875,23272200.0
2026-07-20,378.07157177640937,382.89277931668107,375.27664280720205,377.47265625,14420500.0
2026-07-21,389.50073340859984,389.87005601093693,378.53071892875477,385.7974853515625,17291100.0
2026-07-22,379.508950518278,397.8655085231995,379.3093018587721,396.0887451171875,16966200.0
2026-07-23,391.47713247908143,396.8872636770856,386.1168982129943,391.7566223144531,16348700.0
2026-07-24,386.97533990444083,388.5624462419521,378.0615785127236,381.225830078125,15149400.0
2026-07-27,389.11144703550383,389.1912882193654,372.8211039380672,382.5234375,18502100.0
2026-07-28,373.67953854656076,385.098747331019,370.8447042626021,380.2176513671875,20328400.0
2026-07-29,379.94816124265327,385.41818126845186,368.83838631856355,369.64691162109375,21374400.0
2026-07-30,379.6586642041889,387.9735098045975,376.8537742281325,387.1350402832031,23639800.0
2026-07-31,394.11231798818983,399.1930928808125,379.0198059544965,388.5724182128906,20391000.0
2026-08-03,383.711296242093,391.89637356382457,373.929090541636,391.51708984375,17315100.0
2026-08-04,402.23754061032366,421.3028294840543,399.9516945118655,417.3999328613281,29564200.0
2026-08-05,420.9335114139147,426.2238657121497,416.13225672190106,417.51971435546875,16880400.0
2026-08-06,419.7855893663379,427.25200456430525,410.01340576062785,419.8055725097656,13907500.0
2026-08-07,427.62130376058394,430.05687108093565,420.8436372155499,426.98248291015625,14698300.0
2026-08-10,426.2138861504802,431.9434737455699,419.39631387502,421.6322326660156,13854100.0
2026-08-11,425.29556236991266,425.98431063031575,412.4789046153681,415.3236999511719,12882700.0
2026-08-12,425.4852261215809,425.7247801421332,413.85637715950065,415.29376220703125,15859200.0
2026-08-13,415.0541906513136,424.1476474839718,410.66219450812633,417.060546875,13180500.0
2026-08-14,411.21118535799303,411.75021234718304,387.7938363560742,392.2756652832031,29513600.0
2026-08-17,396.5379432918287,398.6341019268295,390.5987459270362,391.7167053222656,20042600.0
2026-08-18,383.621450747378,385.07878845918583,376.32474015478635,379.3092956542969,22878200.0
2026-08-19,371.7230879797279,373.2303530231148,356.95996301283236,361.8211364746094,35091400.0
2026-08-20,363.7276781337182,366.452696430959,361.591553300552,363.3683166503906,19729800.0
2026-08-21,370.01622270107055,374.44815483124006,364.38645955005757,367.7803039550781,19037100.0
2026-08-24,364.3066140294019,365.5044450359923,358.05798276141246,358.10791015625,18717200.0
2026-08-25,360.44364350998103,362.3301922632029,354.66415932108487,356.091552734375,18014900.0
2026-08-26,356.470882355204,358.81661701222157,349.4237172747059,354.94366455078125,19196300.0
2026-08-27,361.13240698312484,371.0443505736964,359.95452863919905,370.86468505859375,21330000.0
2026-08-28,372.9209447716948,375.905500352115,364.6859401033222,368.11968994140625,16596100.0
2026-08-31,368.8483227799572,372.0724626649145,365.6341744661516,369.6668395996094,21948000.0
2026-09-01,363.587933602968,370.72493156068,361.3420232375413,369.008056640625,19288900.0
2026-09-02,369.00804663749904,370.4154874171331,363.98719059738005,366.5724792480469,38874600.0
2026-09-03,351.1006416122112,358.7467218851038,341.7077422687547,356.51080322265625,60242600.0
2026-09-04,359.0461971592287,359.5053525027556,353.05710316466013,357.24945068359375,32863300.0
2026-09-08,363.01894105811454,372.02256513560684,362.0806472345784,367.89007568359375,30464900.0
2026-09-09,365.56432528568376,367.341088612672,358.5970016634835,363.7176818847656,25918200.0
2026-09-10,359.3755995848867,364.60606548684575,357.0997449862678,360.17413330078125,23994300.0
2026-09-11,364.1868487070648,366.1133333962855,360.98269178546724,361.33203125,21166900.0
2026-09-14,348.994493206532,349.6133613777174,343.2848890556265,344.0934143066406,32662800.0
2026-09-15,345.4110344253917,346.6288181302739,337.2858153451545,338.6533203125,24783900.0
2026-09-16,341.7477008390364,343.52446427916436,335.1996267813441,338.8929138183594,23152500.0
2026-09-17,345.98997497549743,350.3021302090554,344.6823584822176,346.6687316894531,24389600.0
2026-09-18,351.4400440322907,362.61969903490007,350.6914072364582,356.9599914550781,44032800.0
2026-09-21,358.6600036621094,363.9700012207031,353.5,362.6600036621094,26498600.0
2026-09-22,363.2300109863281,366.54998779296875,359.2900085449219,364.5400085449219,20570800.0
2026-09-23,362.20001220703125,362.8999938964844,354.010009765625,354.989990234375,23387700.0
2026-09-24,349.2099914550781,351.44000244140625,346.8900146484375,350.3599853515625,20930400.0
2026-09-25,352.6199951171875,354.42999267578125,349.42999267578125,352.80999755859375,16255500.0
2026-09-28,352.8699951171875,355.8599853515625,347.32000732421875,349.57000732421875,21527900.0
2026-09-29,357.0,361.8599853515625,354.0,355.1000061035156,19187400.0
2026-09-30,356.8999938964844,357.8999938964844,350.69000244140625,351.19000244140625,19760700.0
2026-10-01,352.1499938964844,354.45001220703125,343.2900085449219,343.6400146484375,24574100.0
2026-10-02,349.8599853515625,357.3500061035156,347.4200134277344,355.1400146484375,24639600.0
2026-10-05,357.7900085449219,363.8699951171875,356.1400146484375,362.510009765625,21481600.0
2026-10-06,367.0299987792969,380.8399963378906,364.010009765625,375.80999755859375,30834300.0
2026-10-07,372.6000061035156,376.9700012207031,369.1199951171875,376.510009765625,18046100.0
2026-10-08,370.6199951171875,373.3500061035156,357.4100036621094,360.1400146484375,27145200.0
2026-10-09,365.5899963378906,366.6300048828125,361.1000061035156,361.5400085449219,16825700.0
