date,open,high,low,close,volume
2014-01-02,94.18079172367648,94.64888237473853,93.41122316463921,93.46675872802734,1618400.0
2014-01-03,93.78412759890632,93.90313413263453,92.9272878195717,93.05422973632812,1293500.0
2014-01-06,93.21289835664048,93.41917593888252,91.9435094907733,92.34812927246094,2120200.0
2014-01-07,92.3401927410798,92.47506398232355,91.53888857046806,91.91970825195312,2292500.0
2014-01-08,92.06253669822613,92.06253669822613,90.38059229011097,90.48373413085938,4600000.0
2014-01-09,92.18943197167235,94.49020219894561,90.48369426715466,94.0221176147461,5759400.0
2014-01-10,93.77619013866563,94.13320973194202,92.55440750802904,93.4985122680664,2790200.0
2014-01-13,92.87175464329269,93.24463896724238,90.90420330613213,91.05493927001953,3164200.0
2014-01-14,91.39607433855883,92.68926922908196,91.3326094410305,92.21324920654297,2320600.0
2014-01-15,92.08628968446332,92.57818037695087,91.43572769913301,92.22116088867188,1847500.0
2014-01-16,92.37987011662916,92.4036702134773,91.47543011885645,91.68170166015625,1938200.0
2014-01-17,91.71345298283633,92.51475734837639,91.57858170878329,92.26087951660156,2708100.0
2014-01-21,91.72138351561885,92.11806798509114,91.11048604299371,91.18189239501953,2110800.0
2014-01-22,91.24534336023319,91.36434988557146,90.19809683251839,90.24569702148438,2501600.0
2014-01-23,90.0473754951159,90.07117559506077,89.17467086389796,89.49201965332031,2162300.0
2014-01-24,89.40473223446425,89.54753886094143,88.79383486728602,88.96044158935547,3183100.0
2014-01-27,89.30154872465961,90.22979438985865,88.88106442437564,89.71410369873047,3784900.0
2014-01-28,90.07115927316751,91.04700556454526,89.99975898627147,90.74552154541016,2362100.0
2014-01-29,90.4836873220855,90.59475843702869,88.94455036798456,89.03975677490234,2356000.0
2014-01-30,89.45233474490325,90.03942597878729,88.92870841660286,89.43647003173828,1625800.0
2014-01-31,88.29400193567359,89.87280392857696,88.1670600403031,89.14290618896484,2143600.0
2014-02-03,89.61894800291313,89.65068348447977,87.31024770848825,87.41338348388672,3111900.0
2014-02-04,87.84971059074208,88.32573055559766,86.87386451780424,87.97664642333984,2529600.0
2014-02-05,87.44509326439476,87.90524853248026,87.11187988526626,87.6751708984375,2374200.0
2014-02-06,89.65861094756599,90.90419973763038,89.65067556464429,90.65032196044922,3738900.0
2014-02-07,90.50750451793985,90.92798896869182,89.95214278532997,90.47576904296875,2194100.0
2014-02-10,90.47578474365034,90.5233849379058,89.31746694435007,90.32504272460938,1871700.0
2014-02-11,90.37264322200696,91.35641884254774,90.04735910749287,91.22947692871094,1768900.0
2014-02-12,91.38858670199068,91.82612154516315,90.92719349471069,91.33290100097656,1737700.0
2014-02-13,90.79989682034075,92.22386650062217,90.79989682034075,92.12840270996094,1583300.0
2014-02-14,91.61132190678931,92.6693500681981,91.08628017331934,92.35910034179688,1517900.0
2014-02-18,92.51821609917133,92.60572306368118,91.42040366051526,91.77043151855469,2056500.0
2014-02-19,91.57155295872546,91.72270245514858,90.90331851021591,91.4124526977539,1802600.0
2014-02-20,91.14195374294748,91.92155940641516,90.59304765265611,91.53175354003906,1837100.0
2014-02-21,91.80225050679516,91.87384380182537,89.82937454127921,90.0441665649414,3654300.0
2014-02-24,90.2589285745063,91.33287020005372,90.05209343936961,90.64077758789062,2281900.0
2014-02-25,90.68850416223584,92.19202361411966,90.68850416223584,91.8499526977539,1920800.0
2014-02-26,91.88179675669085,92.93983102445702,91.77838220069538,92.18408966064453,1924500.0
2014-02-27,92.30341746962416,92.61366720550576,91.70678242842334,92.4545669555664,1374400.0
2014-02-28,92.67729817541205,93.44894703688516,92.19203458354309,92.91595458984375,2103000.0
2014-03-03,92.45455015461177,93.1307351979051,91.57152996855521,92.08065795898438,1667000.0
2014-03-04,92.76480959796332,93.00346602390842,92.16021776971144,92.796630859375,1808300.0
2014-03-05,92.73300014122023,93.03529305918475,92.12840823600538,92.65345001220703,2305700.0
2014-03-06,90.01233893008416,91.197652150677,89.3122832809136,90.09984588623047,8921900.0
2014-03-07,90.52941263451277,90.69646969304772,90.00437096258756,90.29075622558594,2905600.0
2014-03-10,90.0600838594959,91.15789031982422,89.89302675048637,91.15789031982422,2319100.0
2014-03-11,91.13399821173373,91.28514767510977,90.62487020479658,91.25332641601562,2201800.0
2014-03-12,90.99876424852273,91.9772482602345,90.8873928740885,91.65108489990234,2173400.0
2014-03-13,92.00907057340062,92.11248511676364,90.8396650591678,91.01467895507812,2519600.0
2014-03-14,91.44426190831864,91.44426190831864,90.15553409866943,90.25099182128906,2290000.0
2014-03-17,90.79989863242356,91.05446267664837,90.20326358477615,90.25894927978516,2189200.0
2014-03-18,90.60898433852084,90.78399827086584,89.90892860914087,90.56920623779297,2501000.0
2014-03-19,90.3225801262444,90.88739383665254,89.46342431212297,89.77367401123047,1635600.0
2014-03-20,89.54297373195425,90.06801541515514,89.2009027754313,90.0202865600586,1408200.0
2014-03-21,91.01467521055886,91.1499110084585,90.13165500427485,90.55327606201172,4442300.0
2014-03-24,90.68056945804386,90.688526291329,89.80550594452849,90.1873550415039,2501700.0
2014-03-25,90.54532843493257,91.05445648878293,90.52146400573415,90.6328353881836,2199400.0
2014-03-26,90.91124346260685,91.06239290602373,89.46340974607368,89.48727416992188,1905900.0
2014-03-27,89.49524536781405,89.84527315853484,88.95429608637498,89.12135314941406,2039500.0
2014-03-28,89.37591879229245,89.72594658940537,88.42130525198344,88.82701873779297,2795500.0
2014-03-31,89.04977647812457,89.32024813465672,88.75543432017555,88.84294128417969,2119500.0
2014-04-01,89.26455823798393,89.53503595107993,88.70770128350044,88.98612976074219,2566200.0
2014-04-02,89.01795332574599,89.10546028789572,88.2542611673095,88.7395248413086,3296800.0
2014-04-03,88.89066220547596,89.21682560021672,88.52472678383278,88.85884094238281,2328900.0
2014-04-04,89.05772335633617,89.09750145434253,88.0076459033957,88.0235595703125,2716200.0
2014-04-07,88.08718935761546,88.40538981849626,87.79284725508748,88.13491821289062,3119400.0
2014-04-08,87.95196032503591,89.6861797948561,87.80876766902193,89.62254333496094,3863900.0
2014-04-09,89.67026417675397,90.00437832114028,89.18500055640405,89.93278503417969,2899600.0
2014-04-10,90.78398068540713,91.0385447006111,89.04976143517857,89.1611328125,3305100.0
2014-04-11,88.65200478209206,89.71798969910716,88.62018352153095,89.1611328125,3097800.0
2014-04-14,89.48730593967372,89.89301949698051,88.72361375898714,89.5429916381836,2519000.0
2014-04-15,89.55891886689938,89.86121183754238,88.65998465147028,89.14524841308594,2123700.0
2014-04-16,89.73389115821233,90.40211933124694,89.31226406509207,90.28279113769531,2455000.0
2014-04-17,90.30666382051491,90.71237728797671,89.98846336765858,90.29075622558594,1659000.0
2014-04-21,90.29869370220902,90.7680435180664,90.21118677564523,90.7680435180664,1826800.0
2014-04-22,90.68852881944052,90.87149957438649,90.29872894759905,90.3385009765625,2315100.0
2014-04-23,90.27485790506827,91.47607869736322,90.15552968834564,91.31697845458984,1991200.0
2014-04-24,91.40447425568983,91.73063153436296,90.79988248221017,91.50788879394531,1939300.0
2014-04-25,91.36472694692662,91.72271167402185,90.84764194286898,91.49201202392578,1721200.0
2014-04-28,91.56359215781657,92.76481910475111,91.56359215781657,91.9533920288086,3018800.0
2014-04-29,91.78631717106266,92.23975948361216,91.61130935317286,91.80223083496094,1580300.0
2014-04-30,91.51585061206286,92.08862115822058,91.29310785950926,92.02497863769531,1633800.0
2014-05-01,92.02498343908901,92.27954746518708,91.43630526672817,91.92951965332031,1168000.0
2014-05-02,92.39091955051907,92.39091955051907,91.53176367991658,91.60336303710938,1321100.0
2014-05-05,91.53175040430602,91.53175040430602,90.63282263833999,91.07830810546875,1398000.0
2014-05-06,90.91127403102058,91.07833112341369,89.71004704939111,89.75778198242188,1945300.0
2014-05-07,89.75777388742586,89.96460299119114,88.78724661690235,89.08158874511719,2950600.0
2014-05-08,89.95665072613039,91.3408422503681,89.86914377242658,91.26924896240234,2556900.0
2014-05-09,91.1260830294022,92.0170543547826,90.92720463437452,91.7943115234375,1954600.0
2014-05-12,92.10452957428942,93.00346349418427,91.94542934084362,92.68525695800781,1940500.0
2014-05-13,92.53410307441114,92.75684581832569,92.34318158952502,92.51023864746094,1229400.0
2014-05-14,92.34667146478975,92.64190879771465,91.65245340999297,91.8678970336914,1255300.0
2014-05-15,91.57261484265378,91.60453352828252,90.6629536097687,91.24545288085938,1883200.0
2014-05-16,91.42901363103189,92.41846885687661,91.25346384673212,92.25090026855469,2145300.0
2014-05-19,91.83597309187749,93.00098431400858,91.66042937674445,92.85735321044922,2212800.0
2014-05-20,92.39454647275167,92.64988999499823,91.7482095137866,91.8678970336914,2126900.0
2014-05-21,91.84395366959909,92.0195034714182,91.09388554528473,91.38114166259766,1712700.0
2014-05-22,91.38912019259921,91.76415728774734,91.28538898903727,91.54871368408203,1059900.0
2014-05-23,91.82004746509139,91.88388488530705,91.37319769932463,91.71631622314453,1100300.0
2014-05-27,91.76416059342444,91.93971039644488,90.66299285793633,90.86248016357422,2583900.0
2014-05-28,90.96622396721176,91.72427339845709,90.93430526334551,91.15773010253906,2388800.0
2014-05-29,91.42903391161641,91.91578348046504,90.57522838866181,91.07793426513672,2976700.0
2014-05-30,91.45296628962554,92.63392779960388,90.97419794536756,92.57807159423828,2622400.0
2014-06-02,92.43444668012495,92.67383391224031,92.19506553587978,92.30677795410156,1082100.0
2014-06-03,92.13919336260375,92.56210545657906,91.97959987288816,92.17111206054688,1127400.0
2014-06-04,91.99555048579485,92.95308694999957,91.9795880949327,92.80945587158203,1293000.0
2014-06-05,93.36008740078871,94.11016184597369,93.13666252465819,93.95854949951172,2614300.0
2014-06-06,93.91065936211454,94.34952784447349,93.82288444806869,94.341552734375,1664800.0
2014-06-09,94.32558609414276,94.83627315950127,93.7351053162976,93.98246765136719,1623100.0
2014-06-10,93.65530719313456,93.94256941485393,93.28027006545263,93.43985748291016,1089100.0
2014-06-11,92.9291584929666,93.31217676863466,92.54614630516751,92.75360870361328,1117100.0
2014-06-12,92.66588411941898,92.90527143266412,91.82005949826474,92.11530303955078,1423400.0
2014-06-13,92.32271483087982,92.32271483087982,91.50082817499927,92.0035400390625,1230000.0
2014-06-16,92.01951726122968,92.1312296813338,91.7242738150286,92.10729217529297,1503100.0
2014-06-17,92.08332854827945,92.39452821427402,91.87586007499355,92.12322235107422,1505800.0
2014-06-18,92.29080633806203,92.83340594349839,91.82001314975746,92.77754974365234,2113100.0
2014-06-19,93.01696228300774,93.02494348169466,92.38658151989952,92.76959991455078,1635800.0
2014-06-20,93.08077733915637,93.08077733915637,91.83597242143975,92.05142211914062,2958000.0
2014-06-23,91.92378064266642,92.01953677500624,91.37319962335927,91.93974304199219,1501600.0
2014-06-24,92.18705656106212,92.96904934086173,91.82798190895244,92.80945587158203,1906600.0
2014-06-25,92.5621061407802,92.9211808415235,92.30676264321696,92.77754974365234,1188700.0
2014-06-26,92.75360959186199,92.96107808016353,91.987579121059,92.27484130859375,1252100.0
2014-06-27,92.26685612947102,92.36261221713883,91.77213156285929,92.15514373779297,2477300.0
2014-06-30,92.25890165614463,92.63393271901874,91.84396460464757,91.891845703125,1386600.0
2014-07-01,92.19509678134173,92.32276555063281,91.68440952843288,92.11530303955078,1501700.0
2014-07-02,91.96362771019822,92.49027700364373,91.96362771019822,92.36260223388672,1122200.0
2014-07-03,92.45042188731442,93.032921564782,92.40254686940504,92.84141540527344,976000.0
2014-07-07,92.82543267372095,92.95310138109708,92.46635187799511,92.81745147705078,1576900.0
2014-07-08,92.92121167914058,93.87875467868294,92.64991178638653,93.72714233398438,2584200.0
2014-07-09,93.81117189264681,94.43545821746743,93.73113628034366,94.37943267822266,2328100.0
2014-07-10,94.04328456930428,94.95570403321527,94.04328456930428,94.50749969482422,2266400.0
2014-07-11,94.54748680258805,94.64353317829735,93.71510319874729,94.45144653320312,1684700.0
2014-07-14,94.61153281908945,94.83563495851863,93.88320086594463,93.93122100830078,1695500.0
2014-07-15,94.57151344560701,94.64354365561967,93.78714988962732,94.29938507080078,2634200.0
2014-07-16,94.51551202073149,94.79564587719724,94.17135943222311,94.32342529296875,1531200.0
2014-07-17,93.923179693373,94.07525156110562,93.30689904564919,93.4749755859375,1433300.0
2014-07-18,93.89917557247105,94.28335490766815,93.33091501278292,94.2353286743164,2148600.0
2014-07-21,93.98723005831516,94.37140944875746,93.53102046697234,93.67508697509766,1334400.0
2014-07-22,93.8672024770947,94.47548415467911,93.72313592467538,94.08330535888672,1769000.0
2014-07-23,93.97121975818824,94.251347366576,93.85916260850925,94.11528015136719,1155200.0
2014-07-24,94.04325348150056,94.66753963398291,94.01123802415222,94.55548858642578,1347700.0
2014-07-25,94.41145321886472,94.46747876112079,93.69912585032652,94.08330535888672,1543700.0
2014-07-28,93.99523039842781,94.17131235515497,93.49099459392293,93.7391128540039,1402600.0
2014-07-29,95.18780554403207,95.72405085855974,94.86765699139627,95.1637954711914,2544900.0
2014-07-30,95.07574955770126,95.29985170107797,93.99525359137755,94.5875244140625,2024900.0
2014-07-31,94.07528686523438,94.71557781523859,93.8671894059785,94.07528686523438,2476800.0
2014-08-01,94.28339491100783,94.70758916326812,94.01126649429828,94.34741973876953,2089500.0
2014-08-04,94.08332531921367,94.74762657366341,93.731161203847,94.56354522705078,1683800.0
2014-08-05,94.04327734351017,94.60353272345188,93.87520072952766,94.48348236083984,1798600.0
2014-08-06,94.40343804831824,96.02018542539771,94.28338768900706,95.7160415649414,2859800.0
2014-08-07,94.61954710058683,95.24383343516654,94.01927083944082,94.28339385986328,2698200.0
2014-08-08,94.41144160692187,95.56397388452297,94.29138514361752,95.37188720703125,2319900.0
2014-08-11,95.5639756787334,95.6520166797212,95.00371420823603,95.38789367675781,1227600.0
2014-08-12,95.05972304222637,95.45990711955655,94.88364717751361,95.25181579589844,1082100.0
2014-08-13,95.24383683950659,95.32387245592162,94.64356055690465,94.95570373535156,1449700.0
2014-08-14,94.85162062171254,95.45989595153763,94.69154334571354,95.45189666748047,1067900.0
2014-08-15,95.97216249303156,96.00417185036746,94.26737416444253,94.89966583251953,2019900.0
2014-08-18,95.24382321442245,95.78807387704359,95.20380235877705,95.61199188232422,1232900.0
2014-08-19,95.54796919247386,96.64447600463393,95.43591811459773,96.53242492675781,1708900.0
2014-08-20,96.40434722716799,97.02863955234933,96.11621418672269,96.77252197265625,1287200.0
2014-08-21,96.67647509753598,97.54887349986882,96.6204495680864,97.34078216552734,1544300.0
2014-08-22,97.56490058452616,97.6929563419531,96.96462433741831,97.07667541503906,1401400.0
2014-08-25,97.47684099690606,97.64491758129525,96.94059578390375,97.15669250488281,1097300.0
2014-08-26,97.18872385892152,97.31677961287825,96.73251416773552,96.91659545898438,1385400.0
2014-08-27,97.3087570580107,97.3087570580107,96.70848097070711,97.03662872314453,1028200.0
2014-08-28,96.85257210618184,97.04465879319717,96.60445377469776,96.820556640625,799400.0
2014-08-29,97.38882730236537,97.38882730236537,96.50842328230976,96.90860748291016,1047300.0
2014-09-02,96.84455089501662,97.34878065594519,96.76451529736006,97.29275512695312,1469900.0
2014-09-03,97.40483016754547,97.59692297680714,96.93261575067781,97.12470245361328,1901000.0
2014-09-04,98.44529138952579,100.18208896722139,98.09312741752302,100.16608428955078,4440300.0
2014-09-05,100.07805102933592,101.67078220576272,99.8139280299257,101.65477752685547,2910600.0
2014-09-08,101.68678373894248,101.90288046931839,101.05449211894094,101.32661437988281,2057400.0
2014-09-09,100.95845831451813,101.2385860022514,100.6383097686834,100.9344482421875,1500500.0
2014-09-10,101.09450344992405,101.23856996741519,100.74234560097601,100.98245239257812,1014900.0
2014-09-11,100.97446762306654,101.27059998591272,100.55827268767251,100.79838562011719,1511200.0
2014-09-12,101.04649258417635,101.04649258417635,100.06203693993949,100.34217071533203,1598300.0
2014-09-15,100.50223726764308,101.27059002705117,100.40619088284522,100.61428833007812,1615300.0
2014-09-16,100.52622952775977,101.47866949604565,100.4621986159051,101.19053649902344,1684400.0
2014-09-17,100.87039768170169,101.2945918271933,100.5822646571556,100.8543930053711,1594000.0
2014-09-18,101.01447272170806,101.48669314870558,100.81438066589936,101.23057556152344,1401500.0
2014-09-19,101.87887367155595,101.87887367155595,101.22257196113998,101.24658203125,3018500.0
2014-09-22,101.14254967447752,101.24659536076068,100.5102579509279,100.7103500366211,1453700.0
2014-09-23,100.8143869130564,100.83839698422929,100.21411070843301,100.4542236328125,1563100.0
2014-09-24,100.91841412028415,102.27103820783738,100.51023077239971,102.14298248291016,2076300.0
2014-09-25,102.0069336155441,102.08697532764089,100.52625353663312,100.57427978515625,1819900.0
2014-09-26,100.3741724176025,100.58226373962407,99.54978809547315,100.47821807861328,2045300.0
2014-09-29,100.07004700257728,100.52625668672837,99.86995492871583,100.30215454101562,1171000.0
2014-09-30,99.93398585786962,100.52625668672837,99.86194953599023,100.30215454101562,1665300.0
2014-10-01,100.24612159711184,100.59028018297568,99.60582456553838,99.85394287109375,1408700.0
2014-10-02,100.03802480260222,101.01447503431538,99.90196366705533,100.6783218383789,1545800.0
2014-10-03,101.00646096170864,102.16699847602752,100.85439516118204,101.71878814697266,1770300.0
2014-10-06,102.09499197709775,102.18303299031712,100.79039367280602,101.01449584960938,1907500.0
2014-10-07,100.32616166457679,100.7103411218841,99.84594192268665,100.26213073730469,2334100.0
2014-10-08,102.60723877945725,103.20751515166077,101.77486091690282,103.03143310546875,4262500.0
2014-10-09,102.62320428287283,104.64013542297887,102.59919421559229,102.77527618408203,2962700.0
2014-10-10,102.65522241369612,105.17638960759102,102.65522241369612,103.1674575805664,3353000.0
2014-10-13,102.9033587595119,103.12746090773341,101.55873365753176,101.62276458740234,2445200.0
2014-10-14,102.04694615732325,102.43112558258079,100.26212237304362,101.0464859008789,4003500.0
2014-10-15,100.1260620849082,100.60628179077116,98.66939218353981,99.48577117919922,3784300.0
2014-10-16,98.18918431042813,99.12561376565849,97.68495447445616,98.40528106689453,3542900.0
2014-10-17,99.06157171786873,100.6463034772962,98.58935739998537,99.76589965820312,3198900.0
2014-10-20,99.90996060589745,103.14344265464325,99.76589409035337,102.78327941894531,3499800.0
2014-10-21,103.19947460169553,104.56809734402597,102.58318768642934,104.27196502685547,2105600.0
2014-10-22,104.49607517638837,105.32045348433596,104.30399461540648,104.48006439208984,1880000.0
2014-10-23,104.87225983950547,105.23242314044947,104.32801524477256,104.52009582519531,1763600.0
2014-10-24,102.91133915266731,104.4800539022199,102.89532836997627,104.4000244140625,2490300.0
2014-10-27,103.43957480778872,105.05630953240674,103.43957480778872,104.78418731689453,1629600.0
2014-10-28,104.82424053371786,105.24843476908303,104.17594414429755,104.89627075195312,1439700.0
2014-10-29,105.08033230045953,105.64859907815767,104.79219926901314,105.59256744384766,1705800.0
2014-10-30,105.24845998090012,106.69712504258212,105.1123987985346,106.44901275634766,1302100.0
2014-10-31,107.60951642450492,107.64953728238176,106.21688338653962,106.7451171875,2373900.0
2014-11-03,107.10529081230666,107.48145267431097,106.74511531039988,107.4654541015625,1947000.0
2014-11-04,107.73755937675877,109.42633669651214,107.24133502159631,109.29027557373047,2802500.0
2014-11-05,110.04263599941784,110.29874749095845,108.87409297118455,109.2502670288086,2116800.0
2014-11-06,109.96260133823006,110.18670348743885,109.33031574853054,109.72248840332031,1685900.0
2014-11-07,109.69048108770589,110.37879833385406,109.26628685361298,110.2187271118164,1589400.0
2014-11-10,110.33075959501531,110.36276894896791,108.83406277893303,110.20269775390625,1958000.0
2014-11-11,110.27473322000998,110.4107943529351,109.3783247147856,109.69046783447266,1495500.0
2014-11-12,109.6944630576798,110.21606076698546,109.25311491730271,109.85494995117188,1910200.0
2014-11-13,110.44880230311922,111.3475390063105,110.20806575923035,111.30742645263672,2235900.0
2014-11-14,111.48390125873496,111.48390125873496,110.79380893114596,111.122802734375,1598600.0
2014-11-17,110.1037210293497,111.13887192182281,110.1037210293497,111.11479949951172,1228100.0
2014-11-18,111.12280044874203,111.8129050065001,110.76972198974535,111.7085952758789,1574600.0
2014-11-19,111.61232110111148,112.4548926796256,111.61232110111148,112.35057067871094,1362600.0
2014-11-20,111.58827103526603,112.35059318976239,111.55617854475166,111.74073791503906,1518300.0
2014-11-21,112.98453358403286,113.0086060131059,111.72468598882249,112.11788940429688,1849200.0
2014-11-24,111.80490167870103,112.3345194464464,111.69255962897005,112.18205261230469,1645800.0
2014-11-25,112.42280176784328,112.62341346818249,111.33147362822328,111.43578338623047,1865800.0
2014-11-26,111.94134079279755,113.04872141561216,111.57220983707008,112.14195251464844,1631900.0
2014-11-28,113.38573928671794,114.72582402064373,112.59131251873548,114.04373931884766,1442600.0
2014-12-01,115.00670763695874,115.00670763695874,113.36168887070205,113.9314193725586,1952100.0
2014-12-02,114.292481681341,115.03074344672126,113.75484384248338,114.79802703857422,1765400.0
2014-12-03,114.73380274165139,114.99059151147877,113.93135620248457,114.5010986328125,1793900.0
2014-12-04,115.14311172125535,115.14311172125535,113.96351378198379,114.76596069335938,1315900.0
2014-12-05,114.89429283408647,114.99861480531008,113.91531929356513,114.95046997070312,1198000.0
2014-12-08,114.79004307929885,114.79004307929885,113.90734650246367,114.2122802734375,1945100.0
2014-12-09,114.05178789783413,114.85423484063041,113.04872921933877,114.7820053100586,2090300.0
2014-12-10,116.30662102595888,117.8152246671146,111.86105966635228,112.54314422607422,4910300.0
2014-12-11,113.21721779562982,114.49310528839086,112.8801916038269,113.47400665283203,2401300.0
2014-12-12,112.33453597932186,113.4338842166552,110.60124789034795,110.64137268066406,3663400.0
2014-12-15,111.25921715412498,111.94130166776718,109.98332998774175,110.89009857177734,2451200.0
2014-12-16,111.16297675246388,111.78086434210604,109.57413519489579,110.18399047851562,2470100.0
2014-12-17,110.18394782817343,112.03759763521454,109.75865208215812,111.80489349365234,2428500.0
2014-12-18,112.48696480461662,113.59434509277344,111.77278778043126,113.59434509277344,2903400.0
2014-12-19,113.54620675362573,114.34865344446406,113.40979228550698,113.76287078857422,4030000.0
2014-12-22,114.22023629967728,114.96651794067883,113.82704533582485,114.91837310791016,1776900.0
2014-12-23,115.97763267061782,116.33071121455053,115.28752794684924,115.67269897460938,1459700.0
2014-12-24,116.00171394252524,116.25047050535169,115.23137182824772,115.271484375,738700.0
2014-12-26,115.23938842820422,115.44802019364623,114.81409259271723,115.10297393798828,1233100.0
2014-12-29,115.03079079087277,115.43201432032211,114.54129759516977,115.02275848388672,1356400.0
2014-12-30,114.74990118315426,115.62456532345462,114.74990118315426,115.14310455322266,1158800.0
2014-12-31,115.14307247088955,115.65663782932928,113.69866607391408,113.74681091308594,1477900.0
2015-01-02,113.84313036862787,114.87026135416721,112.99253866913752,113.6344985961914,1471000.0
2015-01-05,113.6986969598835,114.07584796166712,112.18207289216308,112.34255981445312,1748500.0
2015-01-06,112.83206405346611,114.70176688189282,112.22220879065857,113.82710266113281,3185200.0
2015-01-07,114.42890325806056,115.89736993042047,114.2363116438727,115.80911254882812,2171600.0
2015-01-08,116.80416107177736,117.23748922593454,116.30664794491341,116.80416107177734,2937700.0
2015-01-09,115.93752773114683,116.39492835346684,114.92644901854177,115.00669860839844,1727000.0
2015-01-12,115.21530718202293,115.68072777179093,114.04372952579781,114.36471557617188,1344800.0
2015-01-13,114.10794831160004,115.88136137268494,112.6555213615818,113.21723175048828,2198500.0
2015-01-14,112.35055912340161,112.51105826041407,110.93023726688868,111.78884887695312,2207900.0
2015-01-15,112.30241428004389,112.47895353526556,111.23515868960926,111.78884887695312,1819600.0
2015-01-16,111.57221910844734,112.31048108125003,110.91421897316947,112.11788940429688,1784800.0
2015-01-20,112.9202997400162,113.36164787051408,111.02652505272383,111.84502410888672,1836100.0
2015-01-21,111.41974637016834,112.10181882370351,111.04259538347432,111.65245056152344,1682000.0
2015-01-22,111.94130694057239,113.36966098865207,111.05059067514166,113.36164093017578,1897500.0
2015-01-23,113.61844079648866,114.19620347876626,113.04067811421103,113.9875717163086,1696800.0
2015-01-26,113.67462998079654,114.79003067405576,113.60241269896062,114.67768859863281,1482800.0
2015-01-27,114.54928782670328,114.58941261807294,113.04068383064796,113.1369857788086,1786500.0
2015-01-28,113.62645858105739,114.30853093522096,111.98946044233475,112.03760528564453,2016300.0
2015-01-29,112.47094621368707,112.89624203733247,111.46788771558634,112.85611724853516,1873400.0
2015-01-30,114.82211202985106,115.39185465706515,113.41783010103092,114.74187469482422,5169000.0
2015-02-02,115.55237819723887,117.34183173673067,112.44691195138665,117.15727233886719,4797500.0
2015-02-03,117.44611634144832,123.48853987927465,116.17022884415644,123.3761978149414,10302900.0
2015-02-04,122.03613737863198,125.86381287627809,122.02811731685806,125.1175308227539,11006300.0
2015-02-05,123.94029375600388,125.26675012042612,122.29881380880104,123.60038757324219,6986700.0
2015-02-06,123.69986058647524,124.31333612235586,122.82937452472679,123.27704620361328,2927400.0
2015-02-09,123.27706413158707,123.65842444315523,121.71849246915372,122.31538391113281,2740200.0
2015-02-10,122.68845367909412,123.09467127448507,121.86770742203882,122.8791275024414,1703400.0
2015-02-11,123.31542446545832,123.39021344485698,121.78634615590144,122.5425796508789,2295800.0
2015-02-12,122.99961808310418,123.3154106457037,122.04394741683072,122.79186248779297,1712200.0
2015-02-13,123.1824780186146,123.65616699324757,122.11046443031702,122.2434310913086,1926800.0
2015-02-17,122.16030525232077,122.66722947520954,121.04673816610506,122.60074615478516,1541500.0
2015-02-18,122.29327544787347,122.55919605690374,121.76972720956141,122.3514404296875,1541000.0
2015-02-19,122.07717895454157,122.58410309862793,121.711539769642,121.88604736328125,1273700.0
2015-02-20,121.886084214052,122.81682547591251,121.24619325632358,122.60906982421875,1595600.0
2015-02-23,122.99133902532749,123.37361498275429,122.18524612674317,123.31543731689453,1587300.0
2015-02-24,124.13812718248664,124.15473850020214,122.99131224035685,123.16583251953125,1844200.0
2015-02-25,122.74200715761836,123.48993493325132,122.31819029436996,122.5591812133789,1602700.0
2015-02-26,122.21849406435032,122.66724066766368,121.49549581401499,121.86945343017578,1892600.0
2015-02-27,122.62565045721573,122.62565045721573,121.18798540647293,122.12704467773438,3036200.0
2015-03-02,122.42622221226415,123.3985168681014,122.42622221226415,122.94145202636719,2108600.0
2015-03-03,122.94148529358414,123.10768727726206,121.87777738156717,122.4677963256836,1514300.0
2015-03-04,122.85831225241617,122.97465484680629,121.14640864336515,122.30152893066406,2208600.0
2015-03-05,125.29321419023724,126.10761235377498,123.82230142149899,125.62561798095703,4471100.0
2015-03-06,124.06333204058319,124.77801183209912,123.13259098387252,124.27108764648438,3014900.0
2015-03-09,124.4788202522957,125.47605712067757,124.27938302293416,125.21842956542969,1727900.0
2015-03-10,124.44556686410264,124.77797065168315,123.11592635299729,123.1242446899414,2128100.0
2015-03-11,123.26558681786817,123.81406479068258,122.44286985864656,122.49272918701172,1734300.0
2015-03-12,123.3070914240942,124.35417494435005,122.49268045016804,124.18797302246094,1564000.0
2015-03-13,123.8971269080687,124.57857136450308,123.11596382109097,124.05502319335938,1470100.0
2015-03-16,124.42067045804383,125.48437807898374,124.05501858577165,124.64505004882812,2532700.0
2015-03-17,124.14646027546854,124.81958652315599,123.34867303499577,124.67831420898438,1972500.0
2015-03-18,124.65331065088398,126.00788068434855,123.19902202662367,125.42615509033203,2772500.0
2015-03-19,125.48436662359933,125.89987777135958,124.91927754923444,125.74198150634766,1862900.0
2015-03-20,126.42348465319571,127.27111865883258,126.10769197635072,126.80574798583984,5859300.0
2015-03-23,127.27107514848711,127.61179737487355,126.89711760556334,127.08824920654297,1665900.0
2015-03-24,127.10484483966184,128.1685522570117,127.05498553578491,127.26274108886719,1637000.0
2015-03-25,127.60343227444758,127.94415434211577,125.55911254882812,125.55911254882812,2266800.0
2015-03-26,124.08829847289665,125.29327868500974,123.96363747691358,124.7032470703125,1554800.0
2015-03-27,124.82787643071632,125.66720446386911,124.6699801507263,125.04393768310547,1329900.0
2015-03-30,125.40956320019825,126.80567440910785,125.31815025101542,126.62284851074219,1463800.0
2015-03-31,126.18240870349571,127.14639750565632,125.69210864529751,125.89986419677734,1886100.0
2015-04-01,126.17410549286262,126.2073408023711,124.40402410220742,124.852783203125,1795000.0
2015-04-02,125.04388494418862,126.3153476262586,124.95247201434877,126.00787353515625,1095300.0
2015-04-06,125.79182162887005,127.01342523139215,125.15194368879999,126.73088073730469,1767600.0
2015-04-07,126.7558964442527,127.10492447044865,126.08277005941763,126.13262939453125,1391700.0
2015-04-08,126.50653076289208,126.87218263145769,125.64227308478745,126.31539916992188,1483000.0
2015-04-09,125.1270052228014,125.48433864360939,123.21565183321125,123.66439819335938,3401800.0
2015-04-10,124.15476754649224,124.67831582610553,123.50657095287491,124.35421752929688,1572900.0
2015-04-13,124.1879713167367,124.93588629516198,123.76414183928786,123.83894348144531,1120200.0
2015-04-14,123.82229001638237,124.73641937725017,122.75858276758564,124.25442504882812,1540800.0
2015-04-15,124.30430229204855,125.21011344744227,123.86386154014545,123.88048553466797,1404700.0
2015-04-16,123.62284461845832,123.73918720673659,122.08546132195185,122.25166320800781,2680600.0
2015-04-17,121.8112731179467,121.93592141418388,118.91931852167694,120.14092254638672,4369300.0
2015-04-20,121.86944340776087,122.3680619752347,121.12152823694707,121.58689880371094,2881900.0
2015-04-21,122.14366438637553,123.0577940654908,121.82788450845895,122.44283294677734,1616700.0
2015-04-22,122.93309948091847,122.93309948091847,121.56191801764358,122.14363098144531,1423500.0
2015-04-23,121.82793932532338,122.94981242132421,121.5537002981941,122.40965270996094,1351800.0
2015-04-24,122.43450146354583,123.32368861804717,122.05222567462134,123.09100341796875,1421100.0
2015-04-27,123.24061153367632,123.41511911835683,122.0439373742904,122.12704467773438,1717000.0
2015-04-28,122.06885158556764,122.31816078396378,121.37079597437253,121.83616638183594,1302100.0
2015-04-29,121.56122373253268,121.86953918163418,119.88629064612377,120.37794494628906,1719000.0
2015-04-30,119.86962697100992,120.7445775426262,118.77799860059525,119.20298767089844,2523200.0
2015-05-01,119.54464557526877,121.44455937163934,119.34464996482913,121.15290069580078,1504700.0
2015-05-04,121.15289381828867,121.83620257885235,120.50292401511612,121.452880859375,1288800.0
2015-05-05,120.92790958479975,121.44456174308563,120.23627238966375,120.41127014160156,1769600.0
2015-05-06,121.11956651417377,121.5278733754849,120.00294032292187,120.6362533569336,1737300.0
2015-05-07,120.42799271018828,121.33628268495295,120.00300343174194,120.46131896972656,2564500.0
2015-05-08,121.66119443637875,122.96113393155923,121.49453780893509,121.56120300292969,1728700.0
2015-05-11,121.27790423265743,121.9362152473189,120.16129055232483,120.2196273803711,1905800.0
2015-05-12,119.99458830397515,120.82788405608609,119.51127524194071,120.05292510986328,1923900.0
2015-05-13,119.89461408608791,121.06955160169083,118.92798782331896,119.3613052368164,2135900.0
2015-05-14,120.1029292438378,120.1029292438378,117.93635505036588,118.82798767089844,3023400.0
2015-05-15,119.34467202716243,120.79461186194236,118.94469344742961,120.686279296875,2357000.0
2015-05-18,120.6112282605943,121.0695307389746,120.03625217380159,120.87787628173828,1451700.0
2015-05-19,120.66956829849127,121.244544461278,120.25292037938034,120.61124420166016,1332700.0
2015-05-20,120.8779168631419,120.8779168631419,119.37798150600877,119.56964874267578,1640900.0
2015-05-21,119.46964104083297,120.48626315752932,119.03633628443832,119.94462585449219,1539400.0
2015-05-22,119.91127716844306,120.62791216446035,119.49462921064432,119.72795104980469,1189500.0
2015-05-26,120.06125830465368,120.33624743968801,119.2279625191259,119.36962127685547,2477400.0
2015-05-27,119.68629291239877,121.361213076147,119.25297548878497,121.17788696289062,2954100.0
2015-05-28,120.26129689784327,121.63623034985561,119.29467038916991,120.21128845214844,3206200.0
2015-05-29,119.81126511667037,119.95292387214248,118.13634519188145,118.81964111328125,3027100.0
2015-06-01,119.20295521623034,119.36961181711185,118.2446575097653,118.6529769897461,2182700.0
2015-06-02,118.3029799057969,118.88628429538606,117.40301911253846,117.82799530029297,1963500.0
2015-06-03,118.0530110510689,118.75297645123503,117.64469154342977,118.43633270263672,1858200.0
2015-06-04,117.80303803371531,118.74466647529442,116.93641588705997,117.20306396484375,2898600.0
2015-06-05,117.27807923115107,117.33640333712401,115.61148729348275,115.64481353759766,3203200.0
2015-06-08,115.75315702114459,115.75315702114459,115.01152404740075,115.0365219116211,1879700.0
2015-06-09,114.92816865634337,115.62813415861628,114.83650559901575,115.02816009521484,2039100.0
2015-06-10,115.26150842264828,116.61144386912842,115.21149998214825,116.18645477294922,1725600.0
2015-06-11,116.36143566624659,117.05307276943536,115.98645506490199,116.09478759765625,1342300.0
2015-06-12,115.87813539166423,116.0781310016159,115.41982006578796,115.64481353759766,1290700.0
2015-06-15,114.94481787984857,115.26147433392461,114.28650711638355,114.3531723022461,1939500.0
2015-06-16,114.32817971580367,115.19481445687188,114.28651238333381,114.9781494140625,1553600.0
2015-06-17,114.94482642759989,116.09477871784654,114.89483071325613,115.7281265258789,1508100.0
2015-06-18,116.23644732960393,117.57805421021253,116.01145388090691,117.07807159423828,2074100.0
2015-06-19,117.15303473122918,117.89466736599834,116.81138045625795,116.91138458251953,2758200.0
2015-06-22,117.36137747964976,117.63636661959882,116.72807724876047,116.81974029541016,1415700.0
2015-06-23,117.02806176539119,117.41137070501397,116.26975955145824,116.3697509765625,1489400.0
2015-06-24,116.11141763278651,116.54473494897282,115.22812624158281,115.27812194824219,1965900.0
2015-06-25,115.36981014854335,116.58642770800365,114.51151642344392,114.53651428222656,1660900.0
2015-06-26,114.94482363721642,115.52812814887514,114.60316931071462,115.04481506347656,2248900.0
2015-06-29,114.16986738379947,114.84484774762366,113.04492554093206,113.0699234008789,1963200.0
2015-06-30,113.64491688720553,113.91990610351374,112.26997080566443,112.54496002197266,2454300.0
2015-07-01,113.15324732047911,113.80322983560453,112.94492334059267,113.73656463623047,1707000.0
2015-07-02,114.16152444689827,114.3281810636578,113.5615504544961,113.65321350097656,1148400.0
2015-07-06,112.61995621225071,114.02822857292537,112.54496261927824,113.228271484375,2450400.0
2015-07-07,113.57823142767684,117.38638700220693,113.35323797897982,117.07807159423828,3790000.0
2015-07-08,116.6447291470088,117.10304432746638,116.05309631730451,116.57806396484375,2917100.0
2015-07-09,117.7863563670004,117.91134564030291,114.75316042238323,116.20308685302734,3317600.0
2015-07-10,118.08642250715639,119.51968042390368,117.6364353914132,118.92804718017578,2846000.0
2015-07-13,119.8779295712269,120.88622304411908,119.57794258644846,120.04458618164062,1847800.0
2015-07-14,119.70293460575408,120.23624340033722,119.29462780815605,119.9362564086914,1512800.0
2015-07-15,119.93625021837921,120.14457415418416,119.0946260951575,119.68627166748047,1306700.0
2015-07-16,120.11962289891942,120.40295322499458,119.52798981215922,120.26962280273438,1148100.0
2015-07-17,120.09458229436258,120.73622359743699,119.29462547567118,120.56122589111328,1842100.0
2015-07-20,120.47788193220453,121.01951899767369,120.01123842070825,120.86119079589844,1243600.0
2015-07-21,120.9862705104558,121.16125558216704,120.35295729640303,120.77794647216797,1587800.0
2015-07-22,121.01118020633706,122.06112801685933,120.84452364015462,121.9778060913086,1612000.0
2015-07-23,122.36944680773055,122.49443604419262,121.14450143008223,121.32782745361328,1356100.0
2015-07-24,121.41954649074826,121.60285988378371,120.73623777591682,120.81957244873047,1272700.0
2015-07-27,120.6445877348917,120.73625079883938,119.60296778779872,120.20294189453125,1431300.0
2015-07-28,120.43618850222785,120.57784720071989,119.0862539630031,120.4528579711914,1376500.0
2015-07-29,120.66123342282498,122.29448605738045,120.61956609013959,121.14454650878906,1840500.0
2015-07-30,120.95290934786534,121.54455510266985,120.0112935138612,121.07791137695312,1392700.0
2015-07-31,121.81954430855747,121.81954430855747,120.83624841643616,121.07791137695312,1386700.0
2015-08-03,121.4778904818169,121.75287968902873,120.53626192819044,121.26123809814453,1328100.0
2015-08-04,120.9195658970041,121.5112115676241,120.15293521168269,120.69457244873047,1315300.0
2015-08-05,121.51951770460371,122.52779841640216,121.36951786151705,122.4028091430664,1687800.0
2015-08-06,122.61950322700375,122.98615550713811,121.64454841760362,122.02787017822266,1948000.0
2015-08-07,121.67786867424644,122.02785142009677,120.2862660722632,121.0445556640625,1228300.0
2015-08-10,121.91116653561322,122.31947330128418,121.39451454229271,121.86949920654297,1072600.0
2015-08-11,121.06120051856654,121.90282461370758,120.83620711518057,121.56951141357422,1260700.0
2015-08-12,121.1182873277038,122.59727932878495,119.78135628297612,122.40509796142578,1963800.0
2015-08-13,122.29645989123655,122.81451952273208,121.31046103608683,121.38567352294922,1114000.0
2015-08-14,121.0598468483678,122.34664519930345,121.0598468483678,122.0708999633789,1210400.0
2015-08-17,121.28544615499604,122.19624566155129,121.14339789710381,122.0708999633789,912600.0
2015-08-18,122.12939878558036,122.3967799951309,121.26038116693822,121.68653869628906,1099100.0
2015-08-19,121.48596940589256,121.94554471505757,120.02369244494054,121.30213928222656,1436100.0
2015-08-20,120.56682827899452,121.05983424038804,119.73124137838454,120.08219909667969,1785100.0
2015-08-21,118.83717932979884,119.76468137210183,116.13823699951172,116.13823699951172,3611400.0
2015-08-24,110.27239958526194,114.60909745427318,97.7887297831502,111.10798645019531,5205800.0
2015-08-25,114.29160283490124,115.62854729862721,110.84062402231731,110.8907699584961,4645100.0
2015-08-26,113.73176880933836,115.5449914157631,111.42555283873439,115.4447250366211,3094900.0
2015-08-27,117.37489418563133,117.60885750026418,114.96839980649982,117.15764617919922,2603100.0
2015-08-28,116.7732690814187,117.23284442566569,115.8457671139545,116.94038391113281,1850900.0
2015-08-31,116.35549176662781,117.17436347080735,115.73715278589452,117.02396392822266,3005700.0
2015-09-01,114.96004482061217,116.89859975792618,114.89319634000907,115.5616683959961,2968200.0
2015-09-02,116.84009860565733,117.70910322919867,115.66191820976314,117.33309173583984,1809900.0
2015-09-03,117.76761531571871,118.40265674592106,117.06572540601445,117.38323974609375,1615600.0
2015-09-04,115.97947586393104,116.53096633307158,115.46140326411168,115.71208190917969,2124500.0
2015-09-08,117.43336832603019,118.21882199190794,116.24683654886881,118.17704010009766,1638000.0
2015-09-09,118.9458033860913,118.9458033860913,116.47246048821233,116.71477508544922,1390800.0
2015-09-10,116.18001150693935,117.78434977577545,116.13824235674697,116.99053192138672,1350700.0
2015-09-11,116.85682591921474,117.98486051520881,116.38053529531871,117.85952758789062,1452300.0
2015-09-14,117.96814367253967,118.16033782531692,117.18270275483128,117.94307708740234,1123300.0
2015-09-15,118.08510722249167,119.45546876887313,117.18267214316144,119.0125961303711,1349600.0
2015-09-16,118.82882534200019,120.20753870452188,118.44444973636328,119.99864196777344,1374300.0
2015-09-17,120.24098055916811,121.19354935876643,119.62265425507204,119.78141784667969,1535300.0
2015-09-18,118.77032835290044,120.60861708963961,118.4026680555436,118.49458312988281,2833900.0
2015-09-21,118.9541215197262,120.14065308773904,118.72850954375359,119.66437530517578,1004800.0
2015-09-22,118.50294622619663,119.44715080056025,117.65899525480675,119.19647216796875,1787200.0
2015-09-23,119.87329949622107,121.6865214970471,119.19646341292454,121.51939392089844,2310200.0
2015-09-24,120.63369726238366,121.51106620713921,120.03207357169678,121.0514907836914,1974900.0
2015-09-25,121.9539272904889,122.74773243728312,121.16847342417061,121.61969757080078,1845700.0
2015-09-28,121.48600932577824,121.82860310064395,119.73127129601761,119.94853210449219,2553500.0
2015-09-29,119.52237792067926,120.44152886720126,118.8622696954846,120.09058380126953,2513100.0
2015-09-30,119.94013032692348,121.11831084040394,119.39700397675962,120.80079650878906,2549200.0
2015-10-01,121.03478495641102,121.03478495641102,119.0711503592402,120.7924575805664,2657300.0
2015-10-02,119.69781803554129,121.92048214947526,118.81209800142838,121.87870025634766,2591500.0
2015-10-05,122.19619383979774,123.85065180366622,122.00399973411612,123.7253189086914,2273000.0
2015-10-06,123.79217683736492,124.2517521181568,123.132068888622,124.00943756103516,2091000.0
2015-10-07,124.26850254325277,124.76985985490346,123.19058814821761,123.63346099853516,2340800.0
2015-10-08,123.3409537013583,126.75850025555238,123.3409537013583,126.72508239746094,2370900.0
2015-10-09,125.97309452878513,128.89764909840443,125.70571331244389,128.65533447265625,3715500.0
2015-10-12,128.65531229809864,129.08145701477784,127.91999176731674,128.3712158203125,1200100.0
2015-10-13,128.03696901727446,128.73887165890523,127.19303089167855,127.2431640625,1493700.0
2015-10-14,127.26823873735616,127.65261432149148,124.58601192757241,125.20433807373047,3044900.0
2015-10-15,126.03157810661365,126.92564949115628,125.52186956961636,126.81703186035156,1697000.0
2015-10-16,127.27659454132319,127.81972089137047,126.40757708119544,127.05933380126953,1647500.0
2015-10-19,127.05100549022899,128.17068900660666,126.9423751005647,128.0286407470703,1543700.0
2015-10-20,128.4464558116941,129.41573995132023,127.97852905464643,129.14834594726562,1875700.0
2015-10-21,129.3488583276689,130.30142691060337,128.93941614507497,129.6914520263672,1797300.0
2015-10-22,129.875273760818,132.30683484986594,129.5828259777993,132.1480712890625,2192400.0
2015-10-23,132.60763793514107,132.69120172481544,129.4407692071724,130.13430786132812,2273400.0
2015-10-26,127.05935806440628,131.52975364554138,126.39088590974414,130.9615478515625,2500000.0
2015-10-27,131.41275989586697,132.27341341274666,129.9839006372353,131.8221893310547,1675100.0
2015-10-28,131.60494131952743,131.9642375789815,129.94211874077573,131.8221893310547,1778800.0
2015-10-29,131.23725124875983,132.34023186477614,130.7943912968859,132.2566680908203,1547000.0
2015-10-30,132.02273474719354,133.19255134746726,131.4378264470567,132.1230010986328,2050000.0
2015-11-02,132.84997361510466,133.11735480876845,131.7302774133803,132.98365783691406,1260700.0
2015-11-03,132.35695024121694,133.0421375694436,131.50466084518715,132.69119262695312,1531100.0
2015-11-04,132.85831026794688,132.8833768536543,131.1035727681641,131.31246948242188,1653100.0
2015-11-05,128.80577106965214,131.0284362419659,128.69715339585167,130.5772247314453,2550300.0
2015-11-06,130.76096290683904,131.98927633482833,130.07577571569803,131.6466827392578,1749800.0
2015-11-09,131.02837140025986,131.27069872584428,128.588459337729,129.649658203125,2291100.0
2015-11-10,129.9595918515678,131.07379600089584,129.5155873207146,131.0319061279297,1701800.0
2015-11-11,130.67170334156154,131.8864332829435,130.00150354469628,131.0151824951172,1864200.0
2015-11-12,130.78898679876988,131.50944934035383,130.1858082624206,130.68846130371094,1657400.0
2015-11-13,129.909379471952,130.06016773348443,128.3679159170682,128.7365264892578,2459900.0
2015-11-16,128.85373456451185,131.08214241353676,128.37622590143047,131.0653839111328,1778400.0
2015-11-17,131.81940373117786,133.9724053741262,131.54294587981173,133.10952758789062,2500000.0
2015-11-18,133.10958698565184,135.21232682720637,132.21320456728455,135.086669921875,2152000.0
2015-11-19,135.45529317815578,136.72028634738396,135.24585646108474,136.4103240966797,2959300.0
2015-11-20,137.524530027702,137.78422951359562,136.3433038663768,136.6365203857422,2051100.0
2015-11-23,136.9966782335006,137.30664033461767,136.32647850570999,136.92965698242188,1174300.0
2015-11-24,135.93276586694955,137.32342836404638,134.87720969728534,135.87413024902344,2799500.0
2015-11-25,135.74842487385382,136.55266706513603,134.99445820571097,136.04164123535156,1828000.0
2015-11-27,136.64481712554587,137.73389001258764,136.12541844312418,137.03855895996094,866300.0
2015-11-30,137.53286826693753,137.75906344541139,134.70128045263377,135.22906494140625,3063800.0
2015-12-01,135.73171194591728,136.58620430081746,134.65939728710217,135.12014770507812,1939700.0
2015-12-02,135.47195655200804,136.08350775711872,134.5671890357243,134.95254516601562,1585700.0
2015-12-03,137.81773323483532,139.14976047566287,136.81243954559028,137.11402893066406,3440000.0
2015-12-04,137.49099234402428,140.1047708931302,137.3988396903218,139.7361602783203,2578600.0
2015-12-07,140.18014384098075,140.3225592328094,138.6889558759526,140.00421142578125,2791900.0
2015-12-08,139.68586910035887,142.190723188944,138.95702088462818,141.4702606201172,3158500.0
2015-12-09,136.31809453383295,137.29825628286326,132.54823575310306,133.8048553466797,9527000.0
2015-12-10,134.81856048730816,136.89618135592443,134.5504882099701,135.59767150878906,3653300.0
2015-12-11,133.8132749396143,135.0447635940249,133.50331275551096,134.0562286376953,2511200.0
2015-12-14,134.11481541150843,135.6143885958349,133.5451540068002,135.58087158203125,2427300.0
2015-12-15,136.82078511649487,137.17263716551244,134.6426387753397,135.12014770507812,2378700.0
2015-12-16,135.67308124233597,136.7621545549634,134.0394776648952,136.35165405273438,2196300.0
2015-12-17,136.0835577763285,137.03858837516242,134.54210712259624,134.60911560058594,1703900.0
2015-12-18,133.8635123004947,134.6091062002973,132.02885813893374,132.1126251220703,4295800.0
2015-12-21,133.04253257275704,133.56193136276667,131.80267121128318,133.52842712402344,1453500.0
2015-12-22,133.95565043886486,135.20389723444313,133.22681512773323,135.06985473632812,1742100.0
2015-12-23,136.07518120398007,136.07518120398007,134.69290435503794,135.47201538085938,1581000.0
2015-12-24,135.58930346172252,135.99141828351623,135.24582425958636,135.50552368164062,491000.0
2015-12-28,134.91910833818122,135.93277468479715,134.37456531440392,135.01126098632812,1124700.0
2015-12-29,135.6311572432773,136.74536165515,135.31282225631188,136.26785278320312,1169600.0
2015-12-30,136.51917478344166,136.92966238587698,136.14217863337242,136.3097381591797,889900.0
2015-12-31,135.7819608116058,137.39043263532798,135.2960662841797,135.2960662841797,1873400.0
2016-01-04,133.88024783772616,134.12320144802806,132.25501780437963,133.654052734375,2640800.0
2016-01-05,134.1818835061863,135.06989293710382,133.57870487707254,133.98081970214844,2127700.0
2016-01-06,132.66551165861415,133.87186844026678,132.0539604062189,132.74090576171875,2033400.0
2016-01-07,129.72505202692614,131.5764646532674,128.63597900866802,129.69992065429688,3826000.0
2016-01-08,130.08529703434473,130.10205554635849,127.17831517542365,127.42964172363281,3156200.0
2016-01-11,127.58880474364011,130.65496024757127,127.43800371438213,129.61614990234375,2164500.0
2016-01-12,130.44553535852828,131.04870118090918,129.80046686441347,130.73873901367188,2215600.0
2016-01-13,130.66334075509553,130.7052306425065,127.23696016265914,127.4380111694336,2157500.0
2016-01-14,127.30399532289455,129.14703552318068,126.77621080649887,128.32603454589844,2281500.0
2016-01-15,125.06716699156063,126.93535085493295,124.1959162725819,125.98869323730469,2975400.0
2016-01-19,127.1615439026075,127.33747630359869,125.31013117535642,126.05572509765625,2242600.0
2016-01-20,124.37189544319114,125.6620198895363,121.3978917492051,124.6734848022461,3796800.0
2016-01-21,124.7991132646367,126.70080164477139,124.07865067015828,125.98033905029297,2211800.0
2016-01-22,127.48827505676255,128.77003915136189,127.04427036884866,128.75328063964844,2544100.0
2016-01-25,129.07163871597598,129.41510514393389,126.12276678675168,126.31544494628906,1820600.0
2016-01-26,126.31544163020685,127.10292554372977,124.23783347195466,124.40538024902344,2828600.0
2016-01-27,125.06721315251825,125.31853974711917,122.91421054080715,123.76033020019531,2189500.0
2016-01-28,124.44723081009558,125.63682916923582,123.82729386955953,125.3184814453125,2076100.0
2016-01-29,125.24312761263353,127.01914646882132,123.0733667974985,126.60027313232422,3221300.0
2016-02-01,126.36568832218893,127.49665129389152,125.82115817018284,126.70916748046875,2142000.0
2016-02-02,125.65362738673528,126.3238144950104,124.07865955968941,124.40538024902344,1931400.0
2016-02-03,125.05877171927544,125.64519159648775,121.85020172603464,122.89738464355469,2546900.0
2016-02-04,121.47325856725422,121.59054258144748,118.78408632203897,120.03233337402344,5340500.0
2016-02-05,120.02397284484607,121.64081783403302,119.29512452609846,120.62715148925781,4079300.0
2016-02-08,119.57993533951594,123.60949380178891,118.64165060373962,123.16548919677734,3782000.0
2016-02-09,122.51206686318372,125.42742143950579,122.50368121610036,123.93623352050781,3228300.0
2016-02-10,125.4734561257843,126.14547293703528,123.96982988627865,124.36463928222656,2189600.0
2016-02-11,123.59181638388759,124.6502341407388,121.60096558870882,123.1885986328125,2198100.0
2016-02-12,124.30580392899597,125.38943383764278,123.48259024960772,124.86861419677734,1951800.0
2016-02-16,125.45664425572896,126.54026141124801,124.07060740837619,125.25503540039062,2186400.0
2016-02-17,125.79269639813316,127.66593296256357,125.08708434933303,126.76712036132812,2174600.0
2016-02-18,125.27183188344446,125.86823721628892,123.33139323034632,124.86861419677734,2894300.0
2016-02-19,125.1626065665333,125.28020850295023,123.35657408206268,124.91059875488281,2471700.0
2016-02-22,125.69186856382136,126.15386810355054,124.73424877654173,126.05307006835938,2161300.0
2016-02-23,125.91029002535277,127.4811194903593,125.26347261484437,126.30509948730469,1850600.0
2016-02-24,126.02785975417333,129.70714153505048,125.71705729387851,129.25352478027344,2590100.0
2016-02-25,129.94236030494002,130.10196574362624,128.4051261363668,129.96755981445312,1746900.0
2016-02-26,128.59834334059732,128.86715523383535,124.96106412278102,125.73387908935547,3800800.0
2016-02-29,125.99425222372977,127.9346909488082,125.74224436462755,126.02784729003906,3115800.0
2016-03-01,126.33867278993716,127.01068959770743,125.48186385724323,126.43948364257812,2681400.0
2016-03-02,126.95190876891809,128.4807346749964,126.33029091130267,128.34632873535156,2947600.0
2016-03-03,124.79304130647917,127.64910949394059,123.80182646298113,127.3467025756836,5552600.0
2016-03-04,127.4643222956835,127.48952180757455,126.02788602961279,126.75869750976562,2155600.0
2016-03-07,125.96910108304792,126.7503116467785,123.98665815072215,124.46546173095703,3159600.0
2016-03-08,124.03706651085142,127.61553873674545,123.56665846061085,126.80072021484375,3156300.0
2016-03-09,127.13673025501303,128.94276383971143,127.10312235690598,128.56475830078125,2395300.0
2016-03-10,128.69912896855752,129.94235168681763,126.88468749802392,128.41351318359375,1413000.0
2016-03-11,129.23682570955285,129.362823332487,127.17877053876961,128.27920532226562,1829900.0
2016-03-14,127.90111876515343,128.774744544871,127.38870734175823,128.2455291748047,1218400.0
2016-03-15,127.51472778061628,129.71557071499223,127.51472778061628,129.5139617919922,1398500.0
2016-03-16,129.11072481303117,130.20275044480866,128.21191249126943,129.4131317138672,1485500.0
2016-03-17,129.2115108789877,129.98432551788423,129.01829760602524,129.22830200195312,1583200.0
2016-03-18,129.8499441953577,129.9507422228253,128.32951413200445,128.64871215820312,3611700.0
2016-03-21,128.37151639193968,129.65674250084479,128.07750505768152,129.3123321533203,1367400.0
2016-03-22,128.6990961896511,129.20309903577447,127.68266930084512,127.87586975097656,1943100.0
2016-03-23,127.83385552204288,129.30388613007548,127.3802517170444,128.95108032226562,2127300.0
2016-03-24,128.72440811387403,129.4300204052911,126.71676490194046,127.20396423339844,2506500.0
2016-03-28,127.51471771530798,129.312355479445,127.49791376863686,128.2455291748047,1767400.0
2016-03-29,128.32947669485844,130.58912581418352,128.11947232046242,130.42111206054688,1655400.0
2016-03-30,130.96711779037443,132.92435989859,130.74870505994403,132.38674926757812,2642700.0
2016-03-31,132.68917536430715,134.23480455125895,132.31956559837295,132.36996459960938,2692400.0
2016-04-01,132.61357424492942,133.6383967410632,131.8827630354895,132.9327850341797,1531500.0
2016-04-04,133.29397048077143,133.55438667207613,131.4291434267413,132.49595642089844,1458400.0
2016-04-05,132.63045303984072,132.72285554058163,130.80761535945936,131.034423828125,1855600.0
2016-04-06,130.88316774862892,132.22720131853197,130.3875603365681,131.68959045410156,1572600.0
2016-04-07,129.71550421903126,129.84991009879758,127.24585065333858,127.7078628540039,4050100.0
2016-04-08,128.5058968909471,128.5058968909471,126.77546257761551,127.388671875,2008500.0
2016-04-11,127.12827043455735,127.6322861609739,125.1374326687515,125.20463562011719,2279000.0
2016-04-12,125.66666879982141,126.57387675000858,124.75103965062786,126.43948364257812,2268300.0
2016-04-13,127.32150570921785,127.749910178282,126.49827902609202,127.5819091796875,2078800.0
2016-04-14,128.17827282162878,128.44708458578796,126.96024995720222,127.17864990234375,2420000.0
2016-04-15,127.64908268773641,129.20310758821375,127.54827185771806,128.66549682617188,2675900.0
2016-04-18,128.33793684832455,129.11916017944753,127.9095323232934,128.77474975585938,1335800.0
2016-04-19,129.17797055241056,129.27876861352075,128.0943529425026,129.09396362304688,1579000.0
2016-04-20,129.12755048735386,129.27035198988395,128.1867345564941,128.30433654785156,1308700.0
2016-04-21,128.0943131338326,128.30431757431964,126.58227859879513,127.19548797607422,2097600.0
2016-04-22,126.88470251031059,127.52311148059248,125.46507025154094,125.93547821044922,2233900.0
2016-04-25,125.98583882747133,127.41386621532054,125.55743445641205,127.27106475830078,1249000.0
2016-04-26,127.74990895546959,128.90072924336363,127.40549858017206,128.1867218017578,1552900.0
2016-04-27,128.2625772153295,128.49004362011055,126.88087371586843,127.8666000366211,1492800.0
2016-04-28,128.068758707316,129.4504618433133,127.33578588469925,127.58853912353516,2198100.0
2016-04-29,126.38376897918525,127.20099726180668,124.2353983377103,124.79987335205078,3588800.0
2016-05-02,125.33063090114823,127.571689986131,124.47970825108975,127.15885925292969,3361500.0
2016-05-03,126.44272589301762,128.5068536168035,126.03832845520733,127.5632553100586,2201300.0
2016-05-04,126.4764820581853,128.06039100812046,125.90358647961158,127.6475601196289,2111600.0
2016-05-05,125.51599413887111,126.69550511998992,123.31706253257371,124.5555419921875,4869300.0
2016-05-06,123.89836191940617,124.26906491570571,121.94376365104819,123.37601470947266,3692200.0
2016-05-09,123.70462416720433,125.50757871949745,123.43501723892287,125.18742370605469,2843800.0
2016-05-10,125.85300205268128,126.35849573687415,125.3222214714917,126.00464630126953,1943900.0
2016-05-11,125.01889491618903,125.2716481351156,123.4939680646011,123.94891357421875,2812700.0
2016-05-12,124.11741435637757,124.4965377266416,123.27491226443004,123.61190795898438,2860400.0
2016-05-13,123.28336556024678,123.6119409495768,121.57308688558473,121.74158477783203,2993600.0
2016-05-16,121.74158495380131,123.49399131794945,120.81482726175392,122.82840728759766,2615000.0
2016-05-17,122.58408665631704,123.20754299652442,120.66318240932306,120.98333740234375,2928900.0
2016-05-18,118.10198456843369,119.34889742191564,116.74556799630977,119.03716278076172,5717000.0
2016-05-19,120.01444919459202,120.5452297535282,119.14667286032274,120.2250747680664,2830500.0
2016-05-20,120.25031582499113,120.89904601291025,119.65214655951195,120.21662139892578,2088400.0
2016-05-23,120.34298549491035,121.32029092379771,119.55946478669658,119.64370727539062,1828400.0
2016-05-24,120.11555480957031,120.88222210507325,119.95547732137334,120.11555480957031,2813100.0
2016-05-25,120.15769590288767,122.73575135582027,120.06502011870401,121.77529907226562,4156700.0
2016-05-26,125.54127291051145,129.64426817409054,124.4375968681103,126.13103485107422,7679400.0
2016-05-27,126.57751759894506,127.0240426745643,124.78298404807732,125.60021209716797,3349800.0
2016-05-31,126.01303158270092,126.27420514844768,124.37857562931234,125.33902740478516,3738900.0
2016-06-01,126.79661561428681,128.90287168761384,126.64497134767934,128.49847412109375,3487300.0
2016-06-02,126.41751356301167,127.6475601196289,125.1537597043789,127.6475601196289,3957600.0
2016-06-03,126.62808593814829,127.87498562124658,126.60281190005306,127.8160171508789,1964200.0
2016-06-06,127.91712894643567,128.47318356365886,127.81603278169153,128.26255798339844,1961600.0
2016-06-07,128.12775703091313,129.61898976786094,127.97609992526762,128.58270263671875,2113000.0
2016-06-08,128.6332404683561,129.29882446105896,128.1024727798112,129.21456909179688,1528300.0
2016-06-09,128.9028304879811,129.86328243621807,128.8354287725094,129.78746032714844,1812100.0
2016-06-10,128.90285726671894,130.71423214490747,128.85230918350481,130.47833251953125,3266500.0
2016-06-13,130.38560737451564,131.39662007821337,130.2255427901387,130.54568481445312,2576600.0
2016-06-14,130.20875006110265,131.7336773665988,129.383101298706,131.3208465576172,3274700.0
2016-06-15,131.1776085307743,132.08751257819512,130.30141177523865,130.46990966796875,2228500.0
2016-06-16,130.46992376081542,131.85162719935275,129.83804695315078,131.7842254638672,1937400.0
2016-06-17,132.29811369525382,132.48346519965384,131.22813234813782,131.33766174316406,2858200.0
2016-06-20,132.5929610064311,133.4354629564416,131.80942750803038,131.83470153808594,2090800.0
2016-06-21,132.33178293050327,133.03104821219114,131.98635405748504,132.44129943847656,1909700.0
2016-06-22,132.78675921227293,133.46918387034665,132.40763583062778,133.2164306640625,2094800.0
2016-06-23,133.6208609131924,133.78092554072595,131.71679761600728,132.29812622070312,2912400.0
2016-06-24,129.0376463694474,132.85418049428662,128.98709829185705,131.0596466064453,3996100.0
2016-06-27,129.94752994136093,130.5288455979937,128.52369932002873,129.96437072753906,2790800.0
2016-06-28,130.30141427810813,131.37138298805746,129.5010396305924,131.09336853027344,2156300.0
2016-06-29,131.80103961179248,132.5087383389486,131.33766085392978,132.34024047851562,1942500.0
2016-06-30,132.23914495343755,132.9636973267032,131.00908614093996,132.30653381347656,3091100.0
2016-07-01,132.43292947672197,132.43292947672197,130.92484326442784,131.5230255126953,2317200.0
2016-07-05,131.4977862790434,131.55675476669796,130.33512876356912,130.7985076904297,2807400.0
2016-07-06,130.75635691896701,131.89374018820084,130.30983171977212,131.43878173828125,2133200.0
2016-07-07,133.39337000384054,138.30515919337628,133.11534274531255,137.9176025390625,6497900.0
2016-07-08,138.87805373963414,139.9396146946844,138.58318569533571,139.38356018066406,3932000.0
2016-07-11,139.0634636083628,141.1107514126486,139.0634636083628,140.46202087402344,2634300.0
2016-07-12,140.26817865528196,140.63044838605822,139.70370379337083,140.09124755859375,1642100.0
2016-07-13,140.69787899353838,140.85795648161894,139.8722303690625,140.5125274658203,1479800.0
2016-07-14,140.82428771061976,141.54041997773427,140.0913146495168,140.64736938476562,2150100.0
2016-07-15,141.0685819726529,141.0685819726529,139.5183808830899,140.2008056640625,1962300.0
2016-07-18,140.32714330150407,141.42239856813697,139.787942488701,141.1275177001953,1993800.0
2016-07-19,141.11913219128996,142.012182553043,141.02645642607607,141.6414794921875,1487800.0
2016-07-20,141.75095144964405,141.75937184104532,140.65569635618724,141.5740203857422,1336900.0
2016-07-21,141.06010173057038,141.32970853749555,140.1080832255711,140.73995971679688,1384600.0
2016-07-22,141.2708056457368,141.28765929441496,140.66421570456302,141.09388732910156,1335100.0
2016-07-25,140.84110181938937,141.7088781221814,140.1923714770618,141.51510620117188,1732200.0
2016-07-26,141.20337462362872,142.23122834161623,140.445114926202,141.1781005859375,1593900.0
2016-07-27,140.83265532654477,141.11910295766128,139.64472427004392,139.98171997070312,1440000.0
2016-07-28,140.07444882484836,140.57995542305795,139.68690490771223,140.15028381347656,1866500.0
2016-07-29,140.39452603170864,141.27072241323506,140.17548015021697,140.8831787109375,1359700.0
2016-08-01,140.82420305537744,141.54033489199554,140.61357755702625,141.1696319580078,986800.0
2016-08-02,140.75687435782842,141.15283863681896,138.66745926532053,140.27664184570312,2107300.0
2016-08-03,139.78795355908838,140.13338252190482,139.09710848901798,139.95645141601562,1837100.0
2016-08-04,139.88907171683383,141.32133586502053,139.76270151814182,140.31875610351562,1638300.0
2016-08-05,140.57992935203328,141.81840871795646,139.92277860957174,141.28762817382812,1526500.0
2016-08-08,140.9084808972533,141.16123410674646,140.2513302659084,141.03485107421875,1294400.0
2016-08-09,141.32131291508114,142.0458652662351,140.59676056392715,141.4224090576172,1286700.0
2016-08-10,141.44778830481033,142.3432392608867,141.1183296909686,142.16583251953125,1104300.0
2016-08-11,142.85856369996904,143.26404829562196,141.35487930472172,141.8195037841797,1497800.0
2016-08-12,141.2112094975537,143.11193463759219,141.2112094975537,142.7993621826172,1399100.0
2016-08-15,142.7993664761424,142.99367211051742,142.4192240147285,142.53749084472656,918600.0
2016-08-16,141.81942559738945,142.5966093481378,141.81942559738945,142.26715087890625,1023000.0
2016-08-17,141.45621507393045,142.22495604790132,141.0084896473584,141.88705444335938,1382500.0
2016-08-18,142.27564807100174,142.5206377047951,141.24503136152504,141.70965576171875,1353400.0
2016-08-19,141.253484985151,142.19961982826365,141.1605601066224,141.937744140625,1764800.0
2016-08-22,142.20804929106367,142.50372284639047,141.5998161241943,141.87014770507812,955000.0
2016-08-23,141.9969101881085,142.3010268842205,141.33799282821988,141.38023376464844,1003700.0
2016-08-24,141.19433022302732,141.81946232994494,140.87331469648595,141.55758666992188,1363800.0
2016-08-25,141.2449851744985,141.42239184751358,139.08238455362496,139.2682342529297,1817700.0
2016-08-26,139.71600087726122,139.93563563679461,138.09404993194008,138.48263549804688,2009900.0
2016-08-29,138.93884285391584,139.25140254907052,138.03493588991776,138.52490234375,1819200.0
2016-08-30,138.60089412042487,138.77828792875184,136.63258594300007,136.8184356689453,2010700.0
2016-08-31,136.74238820086399,137.33373523148515,136.13415511631237,136.92823791503906,1933200.0
2016-09-01,134.31792278082116,134.31792278082116,131.39502394676873,131.96102905273438,6038500.0
2016-09-02,132.4678926061513,134.5544678343596,132.45944957778062,133.45626831054688,2679000.0
2016-09-06,133.58295882440152,133.59984487706592,131.80050061945215,133.52381896972656,2716900.0
2016-09-07,133.16902563266967,133.36331836963137,131.27674353363744,131.4794921875,2984100.0
2016-09-08,131.0993930968494,131.3528257754622,129.19866734243567,129.64639282226562,2993100.0
2016-09-09,128.90295167575607,129.0719024429969,127.30634307861328,127.30634307861328,2993900.0
2016-09-12,127.13742546641457,128.39613285732284,126.93467675878217,128.1427001953125,2982400.0
2016-09-13,127.71188139087862,128.0497959580734,126.77420230348525,127.34019470214844,2148600.0
2016-09-14,127.31476576063694,128.6157005079175,126.88392659300648,127.29786682128906,2188900.0
2016-09-15,127.32331805032202,129.22404431951657,126.80800952395761,128.97061157226562,2284300.0
2016-09-16,128.37078251675422,128.96211676283906,127.67806747839786,128.7002410888672,2842000.0
2016-09-19,128.5144187111525,129.2747039194477,128.06669319447073,128.22718811035156,1321300.0
2016-09-20,128.767867880449,129.0044145733142,128.12584940017345,128.54823303222656,1396700.0
2016-09-21,128.9030620034424,129.1649378503219,127.77107671493754,128.99598693847656,1535100.0
2016-09-22,129.27468494758168,130.33064363198008,128.97901135990185,129.3760528564453,2502200.0
2016-09-23,129.37603095705393,129.89979514114037,128.54816309785195,128.85227966308594,2282100.0
2016-09-26,128.4721714255073,128.64112225342544,127.56826451645631,127.72032928466797,1862200.0
2016-09-27,127.9145939370506,128.21026748841822,126.7150265657095,127.09516906738281,2569000.0
2016-09-28,127.22190372886475,127.28103071059779,125.81958754339739,126.21662902832031,2626300.0
2016-09-29,126.03072026935287,126.45310353299968,124.34963023959745,124.59461975097656,4501300.0
2016-09-30,128.2271246443752,130.81212143140505,128.06662980793126,128.83535766601562,7318100.0
2016-10-03,128.59041086425205,128.61575283852795,126.98535900622285,127.5682373046875,3197100.0
2016-10-04,127.95683007111546,128.08353993689403,126.28419539224532,127.1205062866211,2840500.0
2016-10-05,127.24724159211534,127.49221832015397,126.5714254977014,126.69813537597656,2377700.0
2016-10-06,126.90934464386073,127.25570221252,125.87028482800456,126.26732635498047,2465500.0
2016-10-07,126.52073138243594,126.87553190322363,125.69285061047916,126.70658111572266,2282100.0
2016-10-10,127.01067794193327,127.4330612900739,126.50381276811778,126.9515380859375,1587700.0
2016-10-11,126.43625281996715,127.67806111996248,126.3010870304163,127.5682373046875,2596800.0
2016-10-12,127.53441060148964,127.973692828835,127.04444444216499,127.10358428955078,1664500.0
2016-10-13,126.65585883940088,127.84698292074027,126.47846505969618,126.90084838867188,1795300.0
2016-10-14,126.86708544474705,127.5598004823058,126.10680039924479,126.84174346923828,1745000.0
2016-10-17,126.7825728036671,126.88394067077328,125.55766381237754,125.61679077148438,1988400.0
2016-10-18,126.30114331147884,126.39406822193844,125.37190709700776,125.96324157714844,1847800.0
2016-10-19,127.30640139650967,127.83016577204036,126.13217562462553,126.25044250488281,1812000.0
2016-10-20,126.5883073243229,127.37393424361605,126.37711562901379,126.7488021850586,2251200.0
2016-10-21,126.30115463316373,126.96007209726109,125.44794429891616,125.84498596191406,2188000.0
2016-10-24,126.16595563660212,128.67491463853324,126.11525878928964,128.50595092773438,2432800.0
2016-10-25,126.63051747893473,128.37919065654688,126.63051747893473,127.55132293701172,2060600.0
2016-10-26,127.01067532545679,127.90612594264954,126.95153547067933,127.5428695678711,2246100.0
2016-10-27,127.416163462228,127.94837061038113,126.56295373195758,127.4415054321289,1993500.0
2016-10-28,127.08673917057094,127.44153973480026,126.19128828607023,126.51229095458984,1843900.0
2016-10-31,125.77733043244416,126.16592883857216,124.26520350689704,124.91566467285156,3239400.0
2016-11-01,125.43099331840817,125.5577160951742,123.65699045477014,123.89352416992188,2112000.0
2016-11-02,124.079920063926,124.85102699078638,123.81723841252763,123.94435119628906,2260500.0
2016-11-03,124.30871315108762,124.30871315108762,122.1394561040613,122.40213775634766,2168200.0
2016-11-04,121.17346653949579,122.86820033725098,120.41931051668645,120.52947235107422,2702100.0
2016-11-07,121.49543549493018,121.7326971246569,120.96159036315048,121.6310043334961,3010100.0
2016-11-08,121.92761979161051,124.24940969649994,121.85135987559472,123.79182434082031,3505200.0
2016-11-09,121.63101449284812,124.89338156876677,121.63101449284812,124.38495635986328,3170200.0
2016-11-10,124.61373781474481,127.10499784119854,124.23242540717901,124.30868530273438,3944200.0
2016-11-11,124.232439800523,126.78300906464997,123.19018231781203,126.56269836425781,3218000.0
2016-11-14,127.88458602744963,128.91837447798983,126.68132681595651,128.79974365234375,3890800.0
2016-11-15,128.78282969310362,128.79978065300554,127.35077743154987,128.0795135498047,2799900.0
2016-11-16,128.96076692585177,129.26581951840026,128.63029436140695,128.91839599609375,2152300.0
2016-11-17,128.14727665889433,128.2913274623248,126.72370665102285,128.12185668945312,2098700.0
2016-11-18,127.81677415455744,128.12182664611103,126.69825697205302,127.41004180908203,2020500.0
2016-11-21,127.57105708063884,128.19810015280746,127.20668268240426,128.09642028808594,1181200.0
2016-11-22,128.74049730475772,129.689557396516,128.13040479335305,129.3675537109375,1954200.0
2016-11-23,129.43525135431813,129.93519455754563,128.1048795530849,128.46078491210938,2166900.0
2016-11-25,128.70658913351573,130.0030597705099,128.55406926083214,128.6981201171875,886800.0
2016-11-28,127.994790047421,129.16414773445115,127.96088812617693,128.1642608642578,1733500.0
2016-11-29,128.47771588624454,128.9861410028521,128.23198526874984,128.3590850830078,1496800.0
2016-11-30,128.06256770201378,128.4099783151343,127.16436082895346,127.19824981689453,2750500.0
2016-12-01,127.19822529481343,129.5454348483639,127.19822529481343,128.57943725585938,2305200.0
2016-12-02,128.7912629134222,129.53693677968036,128.31672672425364,128.87599182128906,1829200.0
2016-12-05,128.87603962346842,128.99467048231537,127.76599095930185,128.60488891601562,2432100.0
2016-12-06,128.67264383102608,128.8675345596581,127.46090267696204,127.96084594726562,2245400.0
2016-12-07,127.6134437956838,130.41822580291105,127.5117509885862,130.3673858642578,2811300.0
2016-12-08,132.73153367521957,136.34131155151923,132.69764469267486,133.53652954101562,5504300.0
2016-12-09,133.27385200293267,135.43463997320657,133.25690104624348,135.32447814941406,2614700.0
2016-12-12,134.3923811831932,136.66331802676862,134.3584792701238,135.8583221435547,2299200.0
2016-12-13,136.29893134075246,137.30728679704967,134.84992867465613,135.38377380371094,3583300.0
2016-12-14,135.62107673019622,135.96001832277574,134.09581370400252,134.72286987304688,2119100.0
2016-12-15,135.02789618636595,136.8497295188807,134.79063453180004,135.67189025878906,1811100.0
2016-12-16,135.99392310805266,136.6379173194529,135.45160879061214,135.92613220214844,3767100.0
2016-12-19,137.2818822121783,139.41725003784396,136.97682966565463,138.5105743408203,3231900.0
2016-12-20,139.23929691938042,139.7731291273017,138.5444500461833,138.84950256347656,2204600.0
2016-12-21,138.62922992825517,138.99359148873475,138.13775557497664,138.15469360351562,1313400.0
2016-12-22,138.68005857030977,138.688527583889,137.20563563064735,137.33274841308594,1965900.0
2016-12-23,137.41750748691288,137.84119099507868,136.87519311365247,137.34124755859375,1254100.0
2016-12-27,137.3242496521905,137.91740377488773,137.10393895798586,137.31578063964844,1301100.0
2016-12-28,137.2903579292268,137.99367384986942,136.04472783155472,136.43450927734375,1281000.0
2016-12-29,136.12950939538132,136.79893659565667,136.12950939538132,136.5362548828125,858200.0
2016-12-30,136.33283528647846,136.4175771330193,135.29904682167395,135.67189025878906,1472300.0
2017-01-03,136.12945987248327,136.41757438704843,134.31609558920792,135.34988403320312,2099000.0
2017-01-04,135.40923761114624,135.99392285993432,134.680501536247,135.37533569335938,2163600.0
2017-01-05,136.3836956448238,138.41738389821882,136.11254496891323,138.04454040527344,2880900.0
2017-01-06,137.84119429403825,138.0784560299059,136.53625474676608,137.97677612304688,2167000.0
2017-01-09,137.55306951797678,137.68016938021827,136.18880830081645,136.40065002441406,2318300.0
2017-01-10,136.07016334230698,137.6208461498107,136.01084145955085,136.98532104492188,1477900.0
2017-01-11,136.82429701371944,137.59540378529766,135.8752504824166,136.88360595703125,1378300.0
2017-01-12,136.72263237688537,137.23952661948778,136.14641625457563,137.1632537841797,1296900.0
2017-01-13,137.26496224432296,137.38359308747786,136.7226479713588,137.15480041503906,1250100.0
2017-01-17,137.14631258868818,139.1799876008947,136.99377985138798,138.80714416503906,2430500.0
2017-01-18,138.67158419343093,139.290171322843,137.7733773729385,139.19696044921875,1834700.0
2017-01-19,139.12066062423403,139.64603677813653,138.5952974001215,138.71392822265625,1980400.0
2017-01-20,139.29862389242916,139.6206274050803,138.31567532839267,139.17152404785156,1897100.0
2017-01-23,139.01055662576573,139.26476930749985,137.41750255470623,138.12928771972656,1421600.0
2017-01-24,138.31564844327832,138.81560457095,138.08686876750772,138.68849182128906,1347400.0
2017-01-25,139.13766246233158,139.60371691051074,138.88344976970708,139.08682250976562,1299200.0
2017-01-26,139.25626081222887,139.34100266658157,138.45973392856348,139.02748107910156,1180000.0
2017-01-27,139.44269706662487,139.45964802521866,136.18034221103898,137.32427978515625,2341100.0
2017-01-30,137.2988681299826,138.36654584979922,136.08713957787438,138.33265686035156,2149800.0
2017-01-31,137.6886632354285,138.96818270192162,137.57003237714298,138.92581176757812,1796600.0
2017-02-01,138.83258317674185,138.92579404849155,137.1124294860997,137.15480041503906,2219700.0
2017-02-02,141.37467748405797,143.1033130416791,140.79847425137868,142.48472595214844,5816300.0
2017-02-03,142.12037413859315,143.06942090659686,141.63736881072467,142.62879943847656,3227700.0
2017-02-06,142.5101263294809,142.5101263294809,141.26450916776065,141.53565979003906,2172800.0
2017-02-07,141.95939674990404,142.42545119989543,141.11202972439048,141.950927734375,2732600.0
2017-02-08,142.3162551223897,143.22538607962156,142.3162551223897,143.09793090820312,2089900.0
2017-02-09,143.12344462051263,145.64690447765213,142.88554381606906,145.25607299804688,2606900.0
2017-02-10,145.84231174328139,146.36910317790137,144.6698044079727,146.1396942138672,2070000.0
2017-02-13,146.5560566358797,146.5560566358797,145.10315019014837,146.10574340820312,2272200.0
2017-02-14,145.85078717930472,147.5330889928458,145.75732524718478,147.52459716796875,2244700.0
2017-02-15,147.14226118420916,148.68862915039062,147.04030741575573,148.68862915039062,2346500.0
2017-02-16,148.77359983184047,149.39384019998556,148.27229688426274,149.32586669921875,2206500.0
2017-02-17,149.08794884805036,149.96308650265277,148.2467914576285,149.4193115234375,2424400.0
2017-02-21,150.0055666567252,150.38790619820386,149.53825701064338,150.33692932128906,2317000.0
2017-02-22,150.44740261673522,150.46438626762702,148.74810407498654,149.97158813476562,1815200.0
2017-02-23,149.98012171932058,150.42193009047176,148.8670830351234,149.41085815429688,2599900.0
2017-02-24,148.87554755550843,150.99117892537754,148.79057744184527,150.8637237548828,1684300.0
2017-02-27,150.66834124620104,151.110162598277,150.0056157003981,150.91473388671875,2340400.0
2017-02-28,150.34547779800639,151.12715378935343,149.0964919844892,150.5408935546875,2992100.0
2017-03-01,150.70228901069848,151.84082890177243,150.5748468042368,151.11862182617188,2352300.0
2017-03-02,150.81273779701934,151.44997471728843,149.97158039500152,151.22056579589844,3190300.0
2017-03-03,145.03516376381953,146.04624872020082,144.35544158632922,144.66131591796875,10396500.0
2017-03-06,143.93908458601294,144.7207603512937,141.135239428507,141.66201782226562,5793600.0
2017-03-07,141.50058933169146,143.2678614391159,141.50058933169146,141.8914337158203,2811900.0
2017-03-08,141.89142578894976,142.23978509550898,141.1777235252324,141.24569702148438,2375900.0
2017-03-09,141.38164477917837,141.7130075026991,140.29409466277085,140.84637451171875,1993700.0
2017-03-10,141.4581162737237,141.46660809943967,140.17513753654654,140.50650024414062,2164200.0
2017-03-13,140.0646812984662,140.2855854318665,139.59737162721714,139.80978393554688,2127700.0
2017-03-14,139.52094970115238,140.46406116204503,139.42748773783427,140.39608764648438,1974400.0
2017-03-15,140.67641682225866,141.5005645751953,140.04767178027012,141.5005645751953,2079700.0
2017-03-16,141.70452779085372,142.46071524838678,141.26270646684824,141.9424285888672,2726600.0
2017-03-17,142.79201736518263,143.03842285003395,141.95087310246808,142.57960510253906,3976000.0
2017-03-20,142.53715506921873,142.98746813946659,141.72149904049837,142.26527404785156,1603300.0
2017-03-21,142.32475392767668,143.42080881837822,141.59405498874892,141.7045135498047,2241900.0
2017-03-22,142.16336164616817,142.7156286395269,141.9254478569028,142.46922302246094,1534200.0
2017-03-23,142.74106154000592,143.09791263810183,141.4071061109311,141.8064422607422,1430500.0
2017-03-24,142.20578021987805,142.28225849978546,140.75288737090324,141.0587615966797,1410400.0
2017-03-27,140.64245677776435,141.31368702879203,140.46403767329798,141.1692352294922,1212300.0
2017-03-28,141.13528836181274,141.93396101933612,140.31961908306326,141.69606018066406,1446400.0
2017-03-29,141.2796834012527,142.29925995991715,141.16922484448577,142.25677490234375,1216700.0
2017-03-30,142.14635398459694,142.89403667627334,141.6875360265517,142.64764404296875,1034000.0
2017-03-31,142.39273678515093,142.88553498235217,142.00190532970834,142.4777069091797,1720300.0
2017-04-03,142.5201935302512,142.99599511492744,141.38165349306635,141.6365509033203,1547900.0
2017-04-04,141.55156923681554,142.16331772966748,141.13523643999116,142.1038360595703,1322400.0
2017-04-05,142.13782630945713,143.08093755513508,141.65353294795736,141.8914337158203,1715200.0
2017-04-06,144.16847634959228,146.23313073765453,143.85411028049634,144.45736694335938,3313800.0
2017-04-07,144.18544173637338,145.28998809846615,143.956032861915,144.9671173095703,1510000.0
2017-04-10,144.6102981144774,145.7743263896961,144.31292865912636,145.47694396972656,2002300.0
2017-04-11,145.11158099138535,145.6638607495008,144.1259977736644,144.97564697265625,1191400.0
2017-04-12,145.65537708714714,145.6723737036853,144.1769955638208,144.58482360839844,1422300.0
2017-04-13,144.48282348614973,144.96711670285092,143.42076217408544,143.45474243164062,1422500.0
2017-04-17,143.39528785134465,144.2279403718523,143.3443109776874,144.18545532226562,1504100.0
2017-04-18,144.4828382808918,144.71224717788107,143.9900402258786,144.55081176757812,1542700.0
2017-04-19,145.18808220161165,145.23055429657444,144.28745598278542,144.49136352539062,1441300.0
2017-04-20,144.7207536602834,145.4429477208176,144.397882806975,144.56781005859375,1933600.0
2017-04-21,145.73182609703068,146.03770031015887,144.98413069502467,145.09458923339844,2257900.0
2017-04-24,146.13964293212067,146.65792939366224,145.5703795997088,146.42002868652344,1906900.0
2017-04-25,146.91286642145374,147.02331201665277,146.3860750293041,146.71743774414062,1503000.0
2017-04-26,151.28004860231457,151.46697247083517,149.04546696975743,150.21798706054688,4591300.0
2017-04-27,150.65977233746204,151.05909545442034,149.89508043110993,150.7702178955078,2148700.0
2017-04-28,151.29709804247057,151.29709804247057,150.32848513215345,150.8297882080078,2364500.0
2017-05-01,151.66239684810694,151.66239684810694,150.66830874384843,151.11862182617188,3328000.0
2017-05-02,151.8493349084353,152.03625880511524,151.18660944370484,151.73887634277344,2505300.0
2017-05-03,151.86629762683592,153.32769523942474,151.8323043997799,152.78392028808594,2900500.0
2017-05-04,152.97935582013895,155.63874925691206,152.93687076311426,155.0185089111328,3762200.0
2017-05-05,155.29037016450232,155.4178123440886,152.732918067462,153.1067657470703,3713600.0
2017-05-08,154.39743113608108,154.43278474029572,151.69242854577112,152.6117706298828,3538000.0
2017-05-09,153.46921086801586,153.7432450856366,152.3200233685753,152.6470947265625,2662100.0
2017-05-10,152.51413662747711,152.56732779130675,151.29955996082393,151.91128540039062,2554500.0
2017-05-11,151.40595432016642,152.08860587500814,150.80310304517351,151.8314971923828,2106000.0
2017-05-12,151.85806054370715,152.35454290496986,150.99811429638123,151.4945831298828,1586800.0
2017-05-15,150.9803789004549,152.46978539601645,150.9803789004549,152.10630798339844,1733600.0
2017-05-16,152.4520665097979,152.4520665097979,151.272946251077,151.60096740722656,1129200.0
2017-05-17,151.29963028269594,152.04433397796421,149.88113545838274,149.96092224121094,2201400.0
2017-05-18,150.78535771924098,151.61872203520093,150.43960162301963,151.35275268554688,1589700.0
2017-05-19,151.91123990350567,152.8687076212068,151.43249251689622,152.1683349609375,1871800.0
2017-05-22,152.7003397313908,153.58689532162185,152.15954028023927,152.84217834472656,1594100.0
2017-05-23,153.34748300603687,153.85281253110014,152.7712274282388,152.90420532226562,1788000.0
2017-05-24,153.32980442832113,153.48939148753033,152.31027079228133,153.38299560546875,1420800.0
2017-05-25,153.7907970158887,155.19155645080284,153.6400841911388,154.90785217285156,2726900.0
2017-05-26,159.80163698683788,159.8814237392248,157.3813441367529,157.68276977539062,4471300.0
2017-05-30,157.52314879095147,159.03916439836738,157.36357532057144,158.6224822998047,2086300.0
2017-05-31,158.90619209567342,159.9966514315756,158.4983706663114,159.961181640625,2456200.0
2017-06-01,160.29807750479983,160.55518614281016,159.45585259193626,160.1385040283203,2028300.0
2017-06-02,160.09421577251334,160.6882064156559,159.46475532895806,160.43997192382812,2239900.0
2017-06-05,160.55517553679573,161.5392524933646,160.11189787217484,161.4239959716797,1561100.0
2017-06-06,161.08711737098622,161.99140768863344,160.4753919657473,160.865478515625,2248900.0
2017-06-07,160.8565878654485,161.56583477603132,160.59061858300998,161.53036499023438,1246200.0
2017-06-08,161.28218607364846,161.79638992248726,160.3247044442001,160.83004760742188,1823600.0
2017-06-09,161.0959904426946,161.29102018849082,159.50904867399416,159.9168701171875,2167600.0
2017-06-12,159.20761206586764,160.351262520106,158.50722576078803,159.26080322265625,2395200.0
2017-06-13,159.49135079866167,160.2803847602008,158.72005173731586,160.0321502685547,1745400.0
2017-06-14,160.31581307519255,161.31762499651452,159.7838744291649,161.06051635742188,1440400.0
2017-06-15,159.92574364477045,160.75910796639826,158.13489777453387,159.6331787109375,1753800.0
2017-06-16,151.06904421132413,151.24636612464042,146.2816501625635,148.15228271484375,24233000.0
2017-06-19,148.09908914194273,148.39165406083848,143.96773753973602,145.69651794433594,13809100.0
2017-06-20,146.72491015673373,146.72491015673373,144.00317874388472,144.41986083984375,7337600.0
2017-06-21,144.942964421436,145.1911988806817,144.28690847756468,144.6415252685547,3421700.0
2017-06-22,144.65920421009315,144.77446071007552,140.97113148823937,141.6626434326172,8043100.0
2017-06-23,141.316929698112,141.67155998568333,138.79911553128576,139.30445861816406,9506700.0
2017-06-26,140.20880291078095,142.7266318174569,140.16448594029222,142.0262451171875,6473900.0
2017-06-27,142.43398035924463,143.2230140496181,141.13960364526994,141.1927947998047,5533800.0
2017-06-28,141.48541462381056,142.29218352159367,141.405627861023,141.99961853027344,3234400.0
2017-06-29,142.0350617369973,142.26556129559026,139.89845974842459,140.67861938476562,3664200.0
2017-06-30,141.49422235554474,142.3275729215988,140.7761012445764,141.78677368164062,4755100.0
2017-07-03,142.0350612256923,142.31875194849596,140.68749309102583,140.80274963378906,1994300.0
2017-07-05,140.90023040125166,141.4055734265714,139.9516232440481,140.09347534179688,3770400.0
2017-07-06,142.8329227134165,143.04570085211697,139.23351041556802,139.2689666748047,6963400.0
2017-07-07,139.50841186958576,139.67685962472757,136.60937081030542,136.62710571289062,7688400.0
2017-07-10,136.09510684556278,136.1749071081243,133.8344015263172,133.86985778808594,8999800.0
2017-07-11,134.26887874069394,135.7228297715333,133.80786591791016,133.9674530029297,6275600.0
2017-07-12,134.27774059870842,135.55436952252867,134.24227079296028,134.5348358154297,5112200.0
2017-07-13,135.84690725428396,136.46749345253212,135.30610781128956,136.17494201660156,5673500.0
2017-07-14,136.7600297764327,136.76890398811219,135.554313903291,135.64297485351562,4368400.0
2017-07-17,135.64293544206262,136.0330218652915,135.21739276570284,135.50108337402344,3096500.0
2017-07-18,135.2971871467338,135.5010910512443,133.8166416130542,134.3131103515625,3256900.0
2017-07-19,134.5879405051303,134.89824023106377,133.7811720399101,134.08261108398438,4100000.0
2017-07-20,134.28651988951887,134.92484072839935,133.76345555780708,133.86097717285156,3207400.0
2017-07-21,133.81672145993372,134.0738166644389,132.98335692542506,133.37344360351562,4078000.0
2017-07-24,133.38224964025923,134.28653988461411,133.0808240680613,133.86985778808594,3655600.0
2017-07-25,134.23338348140598,136.26358980537714,134.22450926784543,135.79371643066406,4605700.0
2017-07-26,136.00648721083843,136.08627396193782,134.35749338263207,134.8362274169922,3017200.0
2017-07-27,134.76531623336336,135.6341504893816,134.25998655949982,135.21746826171875,3637900.0
2017-07-28,135.3503821867633,135.90891629753102,134.8539134339738,135.54542541503906,2779500.0
2017-07-31,135.7138889508733,140.66086922123674,135.6695584796668,140.5278778076172,6937100.0
2017-08-01,141.05098688598792,141.82228584989522,139.99598366588825,141.60064697265625,4787500.0
2017-08-02,141.07758413997738,143.22304687373017,140.4658586671103,142.98367309570312,5486300.0
2017-08-03,143.27622407642235,143.93227996687426,139.24239415048953,139.9959716796875,5562600.0
2017-08-04,140.3771991162446,140.46586008018764,138.15194961001816,138.6927490234375,3117900.0
2017-08-07,138.74590450496433,139.70338585267487,137.71749710989445,139.1448516845703,2629500.0
2017-08-08,139.2778551338444,141.3523914693027,139.21578976413068,139.85411071777344,2569200.0
2017-08-09,139.31335901990784,139.69458499676213,138.47999451623045,139.06512451171875,2157600.0
2017-08-10,138.45338918860546,139.69457517000626,137.7441419889143,138.8700714111328,2764600.0
2017-08-11,138.75477378258424,139.89843776642277,138.6661263637144,138.87889099121094,1887000.0
2017-08-14,139.7122674477854,140.25306680305675,138.78138153752977,139.9959716796875,2028400.0
2017-08-15,140.07574712429027,140.4126424905614,139.00300918460448,139.0828094482422,1869100.0
2017-08-16,139.88327507271788,142.19569478146406,139.73208038290988,142.08895874023438,3381800.0
2017-08-17,140.95047744904187,142.257881408498,140.2033933496412,141.03053283691406,2650000.0
2017-08-18,140.50587491372536,141.137347994017,139.56312337299556,139.70542907714844,2747900.0
2017-08-21,139.8032251495997,140.67482360506673,138.70927918001243,139.69650268554688,1857400.0
2017-08-22,140.1055643168844,141.81319098502362,140.1055643168844,141.14614868164062,2204600.0
2017-08-23,141.07496225013182,141.8042681754253,140.32787830544615,141.74200439453125,1731400.0
2017-08-24,142.30242651344892,142.88942727986097,134.37795687993716,134.59141540527344,10301700.0
2017-08-25,135.51640207575412,136.02336108481322,133.46191255697687,135.58755493164062,5703500.0
2017-08-28,135.09838655232102,136.3257495582033,134.47581603159068,135.67649841308594,3776400.0
2017-08-29,135.52523349285434,136.95715173441982,134.70699643639017,136.57470703125,2446200.0
2017-08-30,136.70812528205101,137.62419577850602,135.96993004850725,137.3573760986328,2493500.0
2017-08-31,138.94049804867205,139.86545761859566,136.92157907719698,139.40298461914062,4567700.0
2017-09-01,140.15893378184398,141.01275395168864,139.8120723065033,140.73704528808594,2833500.0
2017-09-05,140.48807798766956,142.05339980980727,140.05227191643584,141.5375518798828,3413000.0
2017-09-06,141.58199825744356,142.2490407668007,140.60366381531395,141.2884979248047,2873700.0
2017-09-07,141.3863395913047,141.94665967447463,140.14119892983305,141.66204833984375,2479300.0
2017-09-08,140.8526785202518,140.96830355358782,137.88211941850014,139.90992736816406,3364600.0
2017-09-11,140.4258129588022,140.52364642003656,139.68761749149135,139.95443725585938,2442500.0
2017-09-12,140.23013203462403,142.88051066840603,140.03446513169226,142.33798217773438,2988400.0
2017-09-13,142.42691817890375,145.81549200560463,142.31129313283304,144.96168518066406,4202000.0
2017-09-14,144.68592595141618,144.68592595141618,143.76096653193014,144.41021728515625,2493300.0
2017-09-15,144.29469173018768,144.6771230572176,143.81441335319727,144.34805297851562,3757800.0
2017-09-18,144.24130171533997,145.37973370082247,142.97836921088773,143.11178588867188,2047100.0
2017-09-19,143.15623918478443,143.7788095523995,142.25794648128192,143.6898651123047,1790800.0
2017-09-20,143.64538049418215,145.0061461698842,143.4230329841522,144.83717346191406,2432300.0
2017-09-21,144.90829555249303,144.90829555249303,142.65814010329134,143.61868286132812,1738800.0
2017-09-22,143.10287591811294,144.0812105539852,142.63150020383375,143.44973754882812,1535900.0
2017-09-25,143.0406096902722,144.70376481453386,142.76490093395242,144.37469482421875,1799600.0
2017-09-26,144.71263985927845,146.50919772660896,144.60590384058594,145.92221069335938,2370400.0
2017-09-27,146.29576906442074,147.03396440847808,145.30854560080363,146.23350524902344,2053100.0
2017-09-28,146.27795484009735,146.70485818317073,145.45081519369182,145.77099609375,1730200.0
2017-09-29,145.77101259543016,146.81161081667724,145.6464985408129,146.1178741455078,1852300.0
2017-10-02,146.67827526243727,148.01236097269944,146.1179549214002,147.54098510742188,2267100.0
2017-10-03,147.9234362772143,148.78613258738994,146.7761149184566,146.82058715820312,2839400.0
2017-10-04,146.95391999834862,147.57649034387293,146.4736553235201,146.93614196777344,1918600.0
2017-10-05,147.51425549712917,148.63488223608007,146.9717269455937,148.59042358398438,4715400.0
2017-10-06,141.41301742099358,141.82214281370977,139.22511193493156,139.7142791748047,18001200.0
2017-10-09,139.64315229614587,140.30130593857146,137.06392610983434,137.5086212158203,7028800.0
2017-10-10,138.45135035450798,139.95442174184862,137.92661347106227,139.51861572265625,5420200.0
2017-10-11,139.901105093365,141.37749633483065,139.6876465233033,140.40805053710938,3859300.0
2017-10-12,140.40800840528368,140.51474444379645,139.0650342622214,139.8299102783203,3596300.0
2017-10-13,140.00781150119516,142.37359282281233,139.714311090226,142.16903686523438,3634500.0
2017-10-16,141.75100797731693,142.12455021582042,140.80825657951996,141.24404907226562,2453700.0
2017-10-17,141.4130662361295,141.65320543151037,140.14124454444755,140.8616485595703,2426800.0
2017-10-18,141.2707357283718,141.2707357283718,139.90996981173836,140.12342834472656,3011300.0
2017-10-19,139.75878338969164,141.19959125245586,139.63426929749005,140.9327850341797,2981700.0
2017-10-20,141.3863086552911,143.20065801802062,140.97718334403166,142.98721313476562,3993200.0
2017-10-23,143.05836718206595,144.42802162176628,142.8182281153283,144.11672973632812,2811200.0
2017-10-24,143.33409460500224,144.8727354938249,143.19178894900327,144.33909606933594,3040700.0
2017-10-25,143.19181337421912,144.9705936645821,142.8182711417649,144.2412872314453,3603900.0
2017-10-26,144.49032592773438,145.45975790861098,143.00503247393056,144.49032592773438,3038900.0
2017-10-27,143.0139361551381,144.68598037752454,142.92499171339762,144.41917419433594,3399900.0
2017-10-30,144.072246837226,144.08113584893695,141.83098092413746,142.5069122314453,2550700.0
2017-10-31,142.16009099354386,143.43192572050583,142.05336853878293,143.262939453125,2513600.0
2017-11-01,144.05452326208788,145.22851119974376,143.4497309049187,144.69488525390625,2129400.0
2017-11-02,145.61980771452178,147.23850388203886,144.62369534744246,146.70486450195312,3255700.0
2017-11-03,146.0022518913247,148.59037980434837,145.6642793804656,148.03005981445312,3112500.0
2017-11-06,147.46085041873258,148.16346247937207,146.73154417534764,146.79380798339844,1917300.0
2017-11-07,146.92725907460596,148.08346905470205,146.39363309449683,147.88780212402344,1944200.0
2017-11-08,148.1990723037726,150.47590872078123,147.65654381604668,150.3513946533203,3494300.0
2017-11-09,148.95504448803374,150.58262993770967,148.57261327365322,150.40475463867188,2094000.0
2017-11-10,149.80883640112847,152.4236448693055,149.48865549541264,152.40585327148438,2673100.0
2017-11-13,152.08570186733718,153.9445238553387,151.77440991464113,152.4948272705078,4093300.0
2017-11-14,151.9256028190817,152.82388181285185,150.99174062636203,152.47702026367188,1774300.0
2017-11-15,150.57371972090863,151.84554082241334,148.58148136756455,150.30690002441406,2439900.0
2017-11-16,151.85012787599473,152.84028083877865,150.89566370375888,152.51914978027344,2342700.0
2017-11-17,152.53699417554748,153.60742650013634,152.22477850903655,152.51914978027344,2100600.0
2017-11-20,152.63511471611827,153.90179452817208,152.4031920275851,153.6787872314453,1955000.0
2017-11-21,154.2853377453271,155.38252957512748,153.91960259829963,154.69566345214844,2360200.0
2017-11-22,155.0703532526774,155.21308119174614,152.6262019497312,153.85719299316406,1950100.0
2017-11-24,153.76800832243455,154.46379005691094,152.9830182173694,153.09005737304688,789400.0
2017-11-27,153.65201350863836,154.37455490669356,152.64401626324658,153.97314453125,2346700.0
2017-11-28,154.60649076242697,155.37362272465595,153.9196245415263,154.90084838867188,2728400.0
2017-11-29,155.21307657517582,158.549270592429,154.8116661683591,158.3619384765625,4683000.0
2017-11-30,160.94880556198956,164.93617676709502,160.76148707146686,164.5169219970703,7716600.0
2017-12-01,163.4732839001029,165.1859785152278,161.57327075512123,165.14138793945312,4034400.0
2017-12-04,167.00568802420435,169.37848868033615,166.41694555560915,169.09303283691406,5774200.0
2017-12-05,169.19116985846495,170.57381778456187,166.67565469450818,167.54092407226562,3182800.0
2017-12-06,167.3625283115793,167.68365939520672,165.48034599584668,167.00572204589844,3569200.0
2017-12-07,166.37238262270495,167.5231080612521,165.52495749580345,166.09585571289062,2240800.0
2017-12-08,166.62213657795067,168.1742723633203,165.87283527933886,167.76394653320312,1772500.0
2017-12-11,167.88879921314464,168.50428784515012,166.84511321113405,168.46861267089844,1964100.0
2017-12-12,166.77375479137646,168.7005271672401,166.63102687871014,167.9690704345703,3365700.0
2017-12-13,168.17428601573448,169.59260936280785,167.52310842559862,167.95127868652344,3062900.0
2017-12-14,168.21890652953383,169.25366390420558,166.06911240059216,166.39024353027344,3743200.0
2017-12-15,172.52737858708738,174.25791749061332,171.2696140918914,171.92079162597656,8452900.0
2017-12-18,171.8315984710239,173.36588986714017,171.18040731958058,171.546142578125,3492300.0
2017-12-19,172.0813759646334,172.16165533512742,166.80947952160014,167.99588012695312,3959900.0
2017-12-20,168.6291618475482,168.825409323057,165.3821767226972,167.2643585205078,3894400.0
2017-12-21,167.70145934631446,168.05826551743175,166.4347797441803,166.6310272216797,1908100.0
2017-12-22,167.05028342153238,167.23760189905997,165.89064293832374,166.47938537597656,1078300.0
2017-12-26,166.08688902090134,167.11271697168092,166.02444045472856,166.40802001953125,1120000.0
2017-12-27,166.6756774229817,166.8629959505968,165.73904395104606,166.18505859375,1175200.0
2017-12-28,166.42591418446358,166.82732464998006,166.08693869250936,166.4705047607422,1017000.0
2017-12-29,166.32779066557376,167.34470353167322,165.85500261021423,166.0244903564453,2028000.0
2018-01-02,167.01463151497705,170.09212968400422,166.57754589671336,167.98695373535156,2509300.0
2018-01-03,168.43297828464196,171.35883328801745,168.04048321640846,170.00294494628906,3364400.0
2018-01-04,171.2695722003754,171.53718362919503,167.3089611654365,168.6826934814453,3525800.0
2018-01-05,168.97708765512579,169.200094958864,166.55969610492315,167.47848510742188,2819000.0
2018-01-08,167.0949104393932,168.57566851508105,167.03246186415808,168.12965393066406,1961800.0
2018-01-09,168.60245298550535,168.8611491046612,166.05124864467948,166.17613220214844,2241900.0
2018-01-10,165.69438034725226,166.13147944042356,164.0262905373208,165.40000915527344,2609500.0
2018-01-11,165.40899875116006,170.0832375275716,165.05219244938914,168.93252563476562,4678600.0
2018-01-12,169.57473962867186,171.43014820362484,169.48553127296196,171.12686157226562,3499500.0
2018-01-16,171.58181223237662,172.0188978041077,170.27944368604054,170.850341796875,2006600.0
2018-01-17,171.7424122597962,171.76917205179726,170.68089513946197,171.5283203125,2585200.0
2018-01-18,171.47475105823167,172.1883770645519,170.57380656216384,170.83248901367188,1908000.0
2018-01-19,171.01095525962128,171.84053603422933,170.52033638745573,171.5283203125,2353800.0
2018-01-22,171.71563503031032,173.73161628696667,171.3231399724352,173.3926544189453,3009100.0
2018-01-23,172.70577312538072,173.1428723313401,171.33205415295672,172.53628540039062,2316400.0
2018-01-24,173.4372353494124,173.72269123427998,171.20716229120598,173.26776123046875,2799200.0
2018-01-25,173.94568048303339,177.02317826163016,173.71375780911836,176.57716369628906,3558700.0
2018-01-26,176.39877556869308,177.7189749830283,174.56119758128256,177.43353271484375,2756200.0
2018-01-29,176.95180186808537,178.29877447202128,176.22926050079218,176.90721130371094,2031100.0
2018-01-30,176.2560480261367,177.3264803539905,174.9090888214766,176.54150390625,2285000.0
2018-01-31,176.12218692762872,177.0409755991209,173.1428136897554,173.8296661376953,2682300.0
2018-02-01,172.52736726773372,174.30249662776941,171.66209787274025,172.5808868408203,2096600.0
2018-02-02,170.60060558192518,172.69687990548587,170.19919511457806,170.36868286132812,2386600.0
2018-02-05,170.07430425898502,171.35882858841617,162.82210192232225,163.03619384765625,3407200.0
2018-02-06,159.59291756436934,165.23946297674178,157.1755128959199,165.03428649902344,4067900.0
2018-02-07,164.6685766707974,166.08689966763095,163.30377324195246,163.4108123779297,2594800.0
2018-02-08,164.5882678419284,164.5882678419284,159.2539381698232,159.32530212402344,3013200.0
2018-02-09,160.3690098980669,162.41176440635942,156.80980845868936,161.20751953125,2777200.0
2018-02-12,162.206615552116,163.47329560993356,160.9042603088659,161.51083374023438,1596200.0
2018-02-13,160.76149803457622,164.66859015304416,160.60985470909807,164.2671661376953,2123900.0
2018-02-14,162.98265870186978,168.12965730934914,162.62583886039468,167.12167358398438,2191000.0
2018-02-15,168.23079184868527,171.46858877520003,166.87128863027934,171.2628631591797,2072900.0
2018-02-16,171.23596426635697,174.071261742641,170.86925037994718,171.3343505859375,1969300.0
2018-02-20,169.8228120839014,171.26282281828807,167.81932838229147,168.25758361816406,2202100.0
2018-02-21,168.6242624758962,169.16985683062165,166.08412408406568,166.13778686523438,1747200.0
2018-02-22,166.6744784669976,168.4454188718567,166.05732905301554,166.88912963867188,1360100.0
2018-02-23,167.99822448920315,169.80494933574434,166.28094673665615,169.7691650390625,1561700.0
2018-02-26,170.02853221708497,172.711780929731,169.87646944671806,172.452392578125,1852400.0
2018-02-27,173.02480464530953,174.87625266049423,170.0285186767578,170.0285186767578,2170400.0
2018-02-28,171.37021259655393,173.30214192897319,170.73517085529915,170.74411010742188,2179800.0
2018-03-01,171.11078608704503,172.61341261982074,167.5420736611592,169.07151794433594,2447700.0
2018-03-02,167.6851378771249,170.28789217851127,167.45259458866954,169.33981323242188,2275900.0
2018-03-05,168.55278232624718,171.7100713975872,167.70308940281538,171.2628631591797,2155800.0
2018-03-06,171.8531152427617,171.9515015632966,170.0016809443235,171.2449188232422,2458700.0
2018-03-07,169.23249525375928,169.71547399690118,165.27022438985608,167.57781982421875,5157100.0
2018-03-08,166.5313297377072,166.6744395839105,163.74969522277178,166.08412170410156,6061500.0
2018-03-09,166.80861903914618,168.72266913529563,164.7693512226022,168.66900634765625,3288100.0
2018-03-12,168.39179095057008,170.02857471208824,167.74781000676907,169.37564086914062,2394100.0
2018-03-13,169.98380152809722,170.04640356528475,167.0769488782929,167.66726684570312,1964300.0
2018-03-14,168.84783748089396,169.05354932259291,164.12532248168415,165.13601684570312,2866000.0
2018-03-15,165.30599057420383,166.871218753193,164.71567267124973,165.92312622070312,1811300.0
2018-03-16,166.52236871237648,166.5849843849231,164.9929249548326,166.24510192871094,3569400.0
2018-03-19,166.03048716398612,166.3435246521313,163.50822687453766,164.7067413330078,2493200.0
2018-03-20,165.5565171297988,167.77466646318422,165.1093088324711,167.56895446777344,1852500.0
2018-03-21,167.103777878298,168.05185685301728,166.4150735928535,166.4240264892578,2048300.0
2018-03-22,165.377530861372,165.95890951299376,163.23093768784733,163.3561553955078,2489800.0
2018-03-23,163.92859344407876,164.9750587182209,161.73727657184733,161.7462158203125,2351800.0
2018-03-26,163.70501496406092,167.7567197277494,163.08786553091335,167.45262145996094,2036600.0
2018-03-27,167.6493855419135,167.84615821044179,162.8374217077903,163.8123321533203,2495300.0
2018-03-28,164.2237548828125,165.1271103088364,162.0950400132758,164.2237548828125,2168700.0
2018-03-29,165.23446650455944,168.7226844957648,164.93930749796374,168.53485107421875,3016000.0
2018-04-02,167.17534957189372,167.17534957189372,161.934069643945,163.45457458496094,3599200.0
2018-04-03,164.1522223195491,164.72464820519565,162.2024013379658,163.32936096191406,2287000.0
2018-04-04,162.0055373009403,166.67438884223355,161.8355961162734,165.93202209472656,2111000.0
2018-04-05,166.9874912488693,167.25581882143982,165.4043708536399,166.5850067138672,1933600.0
2018-04-06,165.77105848357655,167.47939632231348,163.76757537425212,164.53677368164062,2259000.0
2018-04-09,165.64583738258023,167.6135498163582,164.12533294046565,164.9392547607422,1946000.0
2018-04-10,166.1378179956943,166.3345906619877,162.93580619148423,164.17010498046875,2526000.0
2018-04-11,163.00736756172228,166.69235828007555,162.98053616505152,165.15396118164062,1697300.0
2018-04-12,165.91422875155925,169.97487287342437,165.90528950145986,168.88369750976562,2841600.0
2018-04-13,169.76918750126006,169.7870796519683,167.26481866288404,168.96421813964844,1744400.0
2018-04-16,171.58480188170387,175.126696066545,171.17337806918545,174.03550720214844,3026800.0
2018-04-17,175.00148951420226,176.09267844825183,174.16967529175702,175.3055877685547,2160500.0
2018-04-18,175.573898994776,176.88869187217537,175.4128969854476,175.76171875,1663100.0
2018-04-19,175.4487111868667,175.66336237228907,173.0695604652276,174.4738006591797,2427600.0
2018-04-20,173.9013218711261,175.0104027871979,172.398709321326,173.12318420410156,2252800.0
2018-04-23,173.34678754560406,173.85661128935038,171.9604398179701,172.93536376953125,1618000.0
2018-04-24,173.99974608148912,174.7331740198214,170.96767528179674,172.18408203125,1598900.0
2018-04-25,171.93359457269747,174.1159719323253,171.182288361329,173.48988342285156,1311700.0
2018-04-26,173.6240884939466,175.69914086927554,172.92644486892974,174.6437225341797,1445800.0
2018-04-27,174.36642289333238,176.1284237721562,173.99076975413183,175.82432556152344,1563100.0
2018-04-30,176.28944634009977,178.0246023813982,175.65440480479072,176.34310913085938,2165000.0
2018-05-01,175.74388358628013,176.2715859875414,173.0785128843321,175.79754638671875,1413200.0
2018-05-02,174.8404863916227,174.92993347655704,172.1304062201627,173.51675415039062,2498100.0
2018-05-03,173.44514741355596,173.50776308385198,170.10002669256562,172.6312255859375,1815500.0
2018-05-04,172.4791867821899,175.66330571764635,171.0838999361095,174.58106994628906,1704500.0
2018-05-07,175.1087926323681,175.12668477671363,171.91573407591545,172.6759796142578,2361900.0
2018-05-08,172.6134039081572,174.59005625704006,172.10358007435528,173.94607543945312,1908600.0
2018-05-09,173.65089310413583,175.681221621546,172.75647693847412,175.34133911132812,1999100.0
2018-05-10,175.86166074138652,176.65103301533182,174.202159896288,175.3234405517578,1874200.0
2018-05-11,175.2157722959418,175.79883266297475,174.53403870044883,175.6014862060547,1296300.0
2018-05-14,175.78093108461988,176.9560310166403,175.29653017847673,175.70916748046875,1440900.0
2018-05-15,174.70449827783403,176.4447281132367,173.35896143860626,175.35035705566406,2319600.0
2018-05-16,175.8795825467678,178.82182151502937,174.91975985856652,178.2477264404297,2163200.0
2018-05-17,178.56168068619803,180.61587429406566,177.5121637465369,179.04608154296875,2391000.0
2018-05-18,178.95637202822323,178.97431634914892,177.41348892876886,178.47198486328125,1624600.0
2018-05-21,179.04611050121605,180.60692450045698,178.58861920832783,179.0640411376953,1202800.0
2018-05-22,179.1537253729708,180.99262824450904,178.3553741549624,178.48095703125,1563600.0
2018-05-23,178.58859014712704,178.58859014712704,176.5075005909525,177.73641967773438,1635100.0
2018-05-24,177.87099000609902,178.58861237556843,176.5523765248659,178.40921020507812,1176300.0
2018-05-25,178.40916813696617,179.6022121362989,177.44935922303242,177.93374633789062,1331000.0
2018-05-29,177.7005138608593,178.36430306252012,175.8167574135694,176.48056030273438,2298100.0
2018-05-30,177.75434749910065,179.8802908168554,177.38656423263095,179.08193969726562,2390900.0
2018-05-31,179.6021997968487,180.03276761241915,177.3416948119719,177.8260955810547,4822800.0
2018-06-01,175.32339066987888,178.4988642477086,174.91973248625757,176.8303985595703,4056400.0
2018-06-04,177.0008410326488,178.54371023254149,176.93804276179324,178.16696166992188,1870600.0
2018-06-05,178.70518307673333,178.82180061634543,176.70482270976035,177.46728515625,1868500.0
2018-06-06,177.6197974971985,177.96963646762987,176.44469771671135,177.30584716796875,2066900.0
2018-06-07,179.8534036581923,181.98832624620698,178.87565028490255,181.7102508544922,2735000.0
2018-06-08,180.7593444441858,183.00190497929185,180.30186702252536,182.77764892578125,2052500.0
2018-06-11,182.777649179553,183.79129092282932,182.4726642313559,183.4414520263672,1684800.0
2018-06-12,183.21727977385297,183.961811855582,182.30231082326299,183.78240966796875,1384800.0
2018-06-13,183.8182011964522,184.63449652021666,182.28429744795315,183.09161376953125,1665800.0
2018-06-14,183.77334831421075,184.54478969402905,183.25307262200738,183.9976043701172,1685000.0
2018-06-15,184.24877077486943,186.28501960292644,183.5042527113652,185.9710693359375,3879600.0
2018-06-18,184.78699120383118,186.67971287482686,184.02451513405668,184.97537231445312,1975000.0
2018-06-19,183.80032122175308,186.41066589615258,183.54915544767078,186.1595001220703,1940600.0
2018-06-20,186.36579439557312,187.11032632994028,185.64818578715318,186.56314086914062,1527700.0
2018-06-21,186.73352193343993,189.37077521299824,186.58102946531957,188.33920288085938,1825800.0
2018-06-22,188.70703970134403,189.96288221395739,188.3930893388214,189.36187744140625,1738600.0
2018-06-25,188.3841035290156,190.24095074710718,188.34822857281173,189.94493103027344,2398600.0
2018-06-26,190.51003447632766,190.58179806631725,188.34820252322137,188.45584106445312,2276700.0
2018-06-27,188.82365644120256,190.54594183132448,188.02530518712248,188.4020538330078,2211700.0
2018-06-28,188.37509656917425,189.44255763973354,186.62590198138986,187.2179412841797,1826700.0
2018-06-29,188.07014302434916,188.8505498890921,186.86813358755958,187.4601593017578,2164600.0
2018-07-02,186.95782696562614,187.31664494419485,184.8318834816935,186.57211303710938,1876100.0
2018-07-03,187.056463959484,188.29436179258636,185.59431006603722,185.79165649414062,842100.0
2018-07-05,186.7604935313766,187.7382469271293,186.17743309583787,187.60369873046875,1436700.0
2018-07-06,185.80966939182557,188.72499925231995,185.3791014295473,188.03428649902344,1523200.0
2018-07-09,188.84157416109431,189.98078525572598,188.37511765630094,189.21832275390625,1738300.0
2018-07-10,189.26319050645452,190.79709462561124,189.11966331182387,189.9000701904297,1687800.0
2018-07-11,189.46053002646977,189.9718268182619,188.3482148401497,189.227294921875,1472800.0
2018-07-12,190.65357980782696,192.1157341120951,190.3665390874382,191.98118591308594,2222000.0
2018-07-13,191.96323261691342,194.33137662132273,191.70310154848698,194.24166870117188,1951200.0
2018-07-16,194.33136036031425,194.77090723226254,191.87350864141902,192.72569274902344,2078200.0
2018-07-17,192.0170244383604,193.9007809921233,191.96320516896805,192.8602294921875,2064800.0
2018-07-18,193.16520759604796,193.64960837833365,191.60439408924935,192.83331298828125,1869500.0
2018-07-19,192.37583386794805,195.73069592834054,191.9901063085287,195.13865661621094,2790800.0
2018-07-20,194.63638532361938,196.39455948487324,193.97259590879062,196.17030334472656,1793900.0
2018-07-23,197.237707247502,197.75798298343145,195.7306993076538,196.30479431152344,1394300.0
2018-07-24,196.81614144664084,197.955352663899,195.1835503478822,196.0716094970703,1453900.0
2018-07-25,195.2014797561035,198.08093409559353,194.98618897312565,197.97328186035156,1560200.0
2018-07-26,199.13941035778046,201.48960982974884,198.0809281700256,198.88824462890625,1820000.0
2018-07-27,199.41745987282098,199.587896671215,196.23302103112778,197.0313720703125,1596800.0
2018-07-30,196.48422930645094,197.45301735397035,196.098515363345,196.54702758789062,1292700.0
2018-07-31,197.06732791759148,197.40820163063844,195.8473739676171,196.18824768066406,1888500.0
2018-08-01,196.13438708493763,196.53805903037843,193.98153391761758,194.7709197998047,1841300.0
2018-08-02,192.8692019956769,198.60118708716607,192.8692019956769,198.3500213623047,1904800.0
2018-08-03,198.24237160192476,199.6955465974668,198.24237160192476,199.1663055419922,1195700.0
2018-08-06,198.62812433316853,200.27865978134017,198.2513756935065,199.78529357910156,1285500.0
2018-08-07,200.25172585593387,202.26105169044592,200.0184907590668,200.80787658691406,1428100.0
2018-08-08,199.91089776062094,201.72289123850842,199.35474690293134,201.4537811279297,2010700.0
2018-08-09,198.79853459657568,199.4533722354119,194.57355751931868,195.7666015625,3637100.0
2018-08-10,195.67694762123713,198.88829736332605,195.32710857129638,197.6234893798828,2830800.0
2018-08-13,198.26932597474197,198.762692191809,196.50218659838862,196.95069885253906,1518900.0
2018-08-14,197.3542906814318,199.6417051447757,197.2197425255011,199.13937377929688,1450600.0
2018-08-15,197.99122859702857,199.238091977708,196.24203373744322,198.84339904785156,1844100.0
2018-08-16,200.44005424965601,201.16664165983275,199.26495474060448,200.2068328857422,1657700.0
2018-08-17,199.4354517071519,202.61989130755765,199.27398018533194,202.4404754638672,1980900.0
2018-08-20,202.72751863974963,204.71891394439723,202.70060900218735,203.93850708007812,1783700.0
2018-08-21,205.8581350601263,206.40532049315925,204.25245371462523,205.00595092773438,2066700.0
2018-08-22,204.952156879469,206.52194977707907,204.86246264068168,205.60699462890625,1267900.0
2018-08-23,205.4185601423081,206.62954839544133,205.03284627186827,205.87603759765625,1337900.0
2018-08-24,206.31561599312167,208.16348410288515,205.95681170117967,207.46380615234375,1453200.0
2018-08-27,208.77344065651064,208.88107919258496,204.61124844908,206.34249877929688,1904100.0
2018-08-28,207.15881181887622,207.9571629669233,206.1720795291525,206.548828125,1882100.0
2018-08-29,207.92128432655016,208.10966547728674,205.17639179085938,206.48605346679688,1793600.0
2018-08-30,206.48605771714884,207.87091225966964,206.32419908623532,207.57415771484375,1272000.0
2018-08-31,207.01661381883946,209.99313293766465,207.01661381883946,209.64242553710938,1881300.0
2018-09-04,209.65139898019103,211.24307725459198,209.65139898019103,211.03623962402344,1858400.0
2018-09-05,210.93732826763173,212.37612173440607,209.70534498168675,211.87254333496094,2126000.0
2018-09-06,211.7467066916628,212.91573613690758,211.37801036205346,212.8347930908203,1853200.0
2018-09-07,213.40127837751362,218.4730540809464,213.30236020671242,217.1331787109375,2722400.0
2018-09-10,218.51804249269816,219.23744619993397,217.72669704259033,218.67990112304688,2817300.0
2018-09-11,219.35433717861883,220.46042602677062,218.6709112108742,219.60614013671875,2185700.0
2018-09-12,220.31654623191497,220.4244519861331,217.825616540665,218.01446533203125,1912000.0
2018-09-13,218.06841644483438,219.40830567530196,216.76450494647142,216.96234130859375,2078200.0
2018-09-14,214.92101025913362,214.92101025913362,210.84740392390717,211.6657257080078,3875300.0
2018-09-17,210.47870625593248,210.95530823212326,208.18561325037393,208.62625122070312,2884600.0
2018-09-18,208.60831281701306,211.7467047950272,208.3565235506293,210.7395477294922,2000200.0
2018-09-19,210.98229997918753,211.0902194475698,209.0039501976376,210.28988647460938,1581400.0
2018-09-20,210.96428099192784,211.32397588782547,208.91398989805379,210.352783203125,1910100.0
2018-09-21,210.7574621983502,212.07936232702903,210.43373127456186,211.10816955566406,3717800.0
2018-09-24,210.59559136361912,211.18910030966757,209.43554990348073,209.8312225341797,1530400.0
2018-09-25,210.4517673051295,211.01829997910428,209.28273794491272,209.46258544921875,1889700.0
2018-09-26,210.03807951563624,211.91751096333883,209.93016005636647,210.25389099121094,2008500.0
2018-09-27,210.15504179180414,211.926568083088,208.93205938342777,210.42481994628906,1421400.0
2018-09-28,210.2988550405093,211.7466498069841,210.23590087951885,211.21609497070312,1602800.0
2018-10-01,212.05244264174618,212.69990466259284,210.81147148154244,211.00930786132812,1673100.0
2018-10-02,210.51470971858686,213.6351124552551,210.3078720647786,212.53802490234375,1647600.0
2018-10-03,212.78080536663674,213.4012908632857,209.28271889852067,209.7053680419922,2322300.0
2018-10-04,209.75936553640383,210.42481647696363,207.42132025288515,208.3385467529297,2862800.0
2018-10-05,202.33147343749087,204.18392828774822,195.84786774010885,196.77410888671875,7379000.0
2018-10-08,197.2417189910142,201.88185763105741,197.1697772615389,201.36927795410156,3863500.0
2018-10-09,201.5671246617248,202.46637574426023,200.13731873364927,201.58511352539062,2502800.0
2018-10-10,201.52216793888448,202.3314884039072,198.77044817054627,198.77944946289062,3021400.0
2018-10-11,200.45205842056825,202.61925678284186,198.67153143037342,199.4718780517578,3650900.0
2018-10-12,202.5113326434883,204.68751852638843,200.88369044704314,204.08502197265625,3130500.0
2018-10-15,203.45552493776628,204.07601028107965,201.65702305986338,201.8908233642578,2441900.0
2018-10-16,202.21457710827235,205.2630375870384,201.72000001312932,204.74147033691406,2541800.0
2018-10-17,205.43393193628066,205.82061708376435,202.79013123805964,205.46990966796875,2129300.0
2018-10-18,205.5148798090083,207.41230054311336,203.45560043214323,205.5508575439453,2624600.0
2018-10-19,205.83862426854907,207.39433895133885,205.67676561521077,206.5310516357422,2099800.0
2018-10-22,206.7198754992044,207.05259406078306,204.37282925871136,205.98248291015625,2007300.0
2018-10-23,204.19293916347573,206.1622874046569,201.27037329887105,205.70367431640625,2656700.0
2018-10-24,203.16778858953512,207.80792742514816,200.6139188321912,201.21641540527344,3100200.0
2018-10-25,201.48620971167543,204.66056516145343,200.3891222151052,203.5904541015625,2218900.0
2018-10-26,199.91253698690005,202.33152496975376,195.1375151930514,196.20762634277344,3995400.0
2018-10-29,197.61044510838906,202.23259558504563,196.7111939361097,200.01144409179688,3801400.0
2018-10-30,200.62293774424245,205.21811168542078,200.54199471213627,204.9573211669922,2410500.0
2018-10-31,205.61373930100788,207.33131203456642,202.83505695497752,205.59576416015625,2674600.0
2018-11-01,205.1910843559365,207.54713128084947,204.61556427107223,206.46803283691406,2095000.0
2018-11-02,206.6569514837693,208.8331381140443,204.29191603168508,206.97169494628906,2167200.0
2018-11-05,207.46623159548528,211.22509468466458,206.64790978445924,210.8294219970703,2513900.0
2018-11-06,211.3240146491075,213.56315489299584,210.58662213933908,212.8617401123047,2101300.0
2018-11-07,214.69620221384167,216.61161146635177,213.06855990244313,216.15298461914062,2603600.0
2018-11-08,214.99017196801768,216.15297086659808,213.65612080327105,215.16143798828125,2140600.0
2018-11-09,214.50347339000444,216.5676474934441,213.69222904897234,214.29615783691406,2256700.0
2018-11-12,214.2060273197726,215.61219160403942,211.04215768017227,211.35763549804688,2301400.0
2018-11-13,211.60102570943693,213.10634338987018,209.81627969517677,211.05117797851562,1548100.0
2018-11-14,213.73728249427162,213.73728249427162,208.86078011799694,210.30299377441406,1896500.0
2018-11-15,209.4106447476932,209.7080909369049,204.61524990994965,207.2653350830078,2722300.0
2018-11-16,206.68844083327477,208.32896118794605,204.1825812363973,208.23883056640625,2822400.0
2018-11-19,208.77060503474289,210.4742288638193,205.34532575423373,206.18362426757812,1949500.0
2018-11-20,202.74030768874172,202.81242042205014,196.54777285316632,197.6835174560547,3704800.0
2018-11-21,198.81031068793428,200.13535331866785,196.0069909816063,197.0165557861328,2036500.0
2018-11-23,196.59284428545124,199.36910885976448,196.1962311308072,198.35955810546875,1007500.0
2018-11-26,200.87448334267273,201.44234888797664,197.31398686722687,197.80975341796875,2205600.0
2018-11-27,197.73762264037495,201.11783005892045,196.84525668450243,201.0186767578125,2369800.0
2018-11-28,200.81131435119377,207.7339846807529,200.27949847578577,207.6258087158203,2765600.0
2018-11-29,206.41800210795878,208.7525954247025,205.84111391860705,208.2207794189453,1478700.0
2018-11-30,208.84273242674163,210.37509033621944,207.04896411409416,208.47315979003906,2764000.0
2018-12-03,207.96841615411486,209.30246766998982,205.70593531422068,209.19430541992188,2481500.0
2018-12-04,209.22128979545147,210.29394433423073,203.3171922423545,204.029296875,3418600.0
2018-12-06,205.4625276362789,210.79874670430456,204.25467016651714,210.20382690429688,4029800.0
2018-12-07,210.15877032424717,210.75369016842265,201.03672106329037,202.68626403808594,2881900.0
2018-12-10,202.39780261315437,202.99272242664767,197.50326881674886,200.7032012939453,2650000.0
2018-12-11,202.9206147457804,204.84057703081345,201.91106382795255,204.16453552246094,2466800.0
2018-12-12,205.83208543398075,207.72499317827217,204.67830916486085,205.33631896972656,2891400.0
2018-12-13,206.2737754134933,206.9768574603306,203.24510899861755,204.1735382080078,2170200.0
2018-12-14,196.5027028970918,197.4040914424913,185.24435501357686,186.64151000976562,8822300.0
2018-12-17,186.298956577518,187.4887959228406,180.87260806000805,182.28778076171875,4739400.0
2018-12-18,183.06300047714336,184.4871960612086,181.6928997604536,182.97286987304688,3308500.0
2018-12-19,183.43258976820974,186.58745003449346,180.15153564143867,181.54869079589844,3369600.0
2018-12-20,180.57520657634146,180.90871600632047,174.58096324797188,177.69076538085938,4250900.0
2018-12-21,177.71781586278294,180.90872610469293,175.1578750185273,175.33815002441406,5080200.0
2018-12-24,174.77924068255925,176.0682335079415,171.08355574597635,171.25482177734375,2031700.0
2018-12-26,172.00303226236153,179.17808002729342,170.82220127900683,179.04287719726562,3268800.0
2018-12-27,177.53750408545477,181.2962928837867,174.83333829493407,181.251220703125,2705900.0
2018-12-28,181.9182537926968,184.73959075695956,179.90814731242287,182.11654663085938,2037800.0
2018-12-31,183.3244120691616,184.23480957488232,181.52163492619917,183.6218719482422,1729400.0
2019-01-02,180.7284332294942,184.8748267254268,180.14253607976673,184.56834411621094,2143100.0
2019-01-03,183.61289571488797,185.63201157732763,180.31380940759777,180.65634155273438,2877700.0
2019-01-04,183.0540433287962,187.4257708560267,181.584775149979,185.90243530273438,2761600.0
2019-01-07,185.25336648725255,188.49835680179513,183.46860737245245,186.58741760253906,2226600.0
2019-01-08,188.07471922739566,188.46232346379927,184.04551122776857,187.98458862304688,2366500.0
2019-01-09,188.52540513717582,190.39128599217793,187.4167010988383,189.20144653320312,1862900.0
2019-01-10,187.62402204574886,190.1028405696754,185.68604215595445,189.8684844970703,2340700.0
2019-01-11,189.32765850678584,190.41834478195574,188.6696486694562,189.75131225585938,1861100.0
2019-01-14,188.8138973313633,189.8775294249249,187.63308030223632,188.39024353027344,1523100.0
2019-01-15,189.32771283766908,190.4995211234178,188.46238722186575,190.2200927734375,1681900.0
2019-01-16,190.60766288454457,190.60766288454457,188.84093495913712,189.45387268066406,1455000.0
2019-01-17,189.17447777655053,190.77894886508494,188.97617112478986,190.60769653320312,1517100.0
2019-01-18,191.59917391759205,193.04140129441632,190.8870829185236,192.52760314941406,2115400.0
2019-01-22,191.99579478106295,194.30334767261124,190.0127423745199,191.4549560546875,3310800.0
2019-01-23,191.99580417467354,193.66337886750233,189.2916379186922,191.175537109375,2220200.0
2019-01-24,191.44591955606066,191.44591955606066,188.30006846695773,189.57102966308594,1994400.0
2019-01-25,191.12142594854782,191.3828363478396,188.15586347235615,188.4533233642578,2252300.0
2019-01-28,188.10178965508584,190.00372038592064,186.8668915220287,189.98570251464844,1999400.0
2019-01-29,189.58005235148994,189.7783451849053,188.00262233978557,189.57102966308594,1636500.0
2019-01-30,189.7242512651134,191.24760005996546,188.6786510381871,190.5084686279297,1589800.0
2019-01-31,190.31920591888561,193.69040454372634,189.03923563991822,193.46505737304688,4341100.0
2019-02-01,192.89717962403455,193.79856831386647,188.7237455888007,189.53500366210938,3453700.0
2019-02-04,189.9225771869428,190.3642625568782,187.39868633063784,190.35523986816406,1630300.0
2019-02-05,190.63465089615642,191.56307991225512,188.9670767388005,190.74281311035156,2074500.0
2019-02-06,191.32871637646087,191.32871637646087,189.72424596089434,190.7338104248047,1618800.0
2019-02-07,189.86616325168654,189.89327684681552,186.4316320257776,188.9442596435547,2526600.0
2019-02-08,187.8416251563204,188.43815193016187,185.96167076652517,187.76931762695312,2013700.0
2019-02-11,188.58278285903862,188.82681908513013,186.87455685890455,188.64605712890625,2376600.0
2019-02-12,189.85714038019893,192.28842752233408,189.13407890506107,191.52017211914062,2091200.0
2019-02-13,191.81841699936572,192.97530973153658,190.97786794183108,192.33360290527344,1703000.0
2019-02-14,191.61049785296618,193.91524952406945,190.8332094326675,193.27352905273438,1411100.0
2019-02-15,194.4575965317175,196.35563116418913,193.4543520187683,195.65065002441406,2635500.0
2019-02-19,195.8314416780808,198.47965178009835,195.68682660405372,197.14198303222656,1938100.0
2019-02-20,197.24132722338928,198.0005491702155,194.37620941933122,196.2290496826172,1785600.0
2019-02-21,195.7681853789402,195.87663979114785,193.7165020700776,194.52993774414062,1615300.0
2019-02-22,194.4756678217072,195.7590953188549,193.64415199783335,195.48794555664062,1542500.0
2019-02-25,196.4640514677825,198.0186285296566,195.7229235892135,196.17483520507812,1794000.0
2019-02-26,196.03026104882662,197.85598821911847,195.34336021434842,196.68101501464844,1884100.0
2019-02-27,195.68680900633595,197.8107996174385,195.63258180626545,197.07870483398438,1482700.0
2019-02-28,197.47636045611975,198.56094567255764,196.5996507399472,197.7023162841797,2055600.0
2019-03-01,198.62419246485405,199.3563008820384,195.0179465235768,198.33497619628906,2178200.0
2019-03-04,199.22976589353337,199.8172593206382,195.1083338005334,197.404052734375,2444700.0
2019-03-05,197.85601458260663,200.2963353839756,197.84696752079887,198.67849731445312,2160200.0
2019-03-06,199.29304688366216,200.5674411056073,197.24136403605368,198.1451873779297,1985300.0
2019-03-07,197.15096822053874,198.28978054078198,195.42466251815753,195.93983459472656,3279100.0
2019-03-08,203.79407013453297,206.70438221116703,202.2485400426008,205.90902709960938,6782700.0
2019-03-11,205.64693554851152,207.79803963749646,205.22213745041364,207.5991973876953,3748400.0
2019-03-12,208.16859447773135,210.95235817767025,207.78897654558114,210.5546875,2647100.0
2019-03-13,211.72061906929008,214.61285102191195,210.5456459597484,213.64576721191406,2421200.0
2019-03-14,213.41981510411438,213.64577094484926,210.84391300323668,211.3500518798828,2300300.0
2019-03-15,211.64830505519384,212.98595970639548,210.75351500411165,211.1331329345703,5075400.0
2019-03-18,211.11502267182138,213.91686629001023,211.03368189450643,213.8355255126953,1735400.0
2019-03-19,214.67617145886086,215.1551968326008,213.56445857300912,214.25137329101562,1852300.0
2019-03-20,214.23322797923916,215.55281601785856,213.10344889493265,214.1880340576172,1499500.0
2019-03-21,213.9169259723915,216.78205842438152,213.79943830279583,216.50186157226562,1617000.0
2019-03-22,216.69165568525426,217.2249081703669,214.11575353182826,214.7122802734375,1873600.0
2019-03-25,214.14287071310997,215.1822758938361,213.1125125927492,214.1790313720703,1357100.0
2019-03-26,215.10992889061131,217.14353115953517,214.53148257465622,216.0770263671875,1193000.0
2019-03-27,215.75169525896743,217.10743039275414,215.25458961832877,216.38436889648438,1351200.0
2019-03-28,216.89950260309868,218.6800355329481,216.53797881471493,218.02024841308594,1396700.0
2019-03-29,218.41791433793807,219.1228953193932,217.6135122544189,218.85174560546875,1968000.0
2019-04-01,219.69235783739146,220.9034778690455,219.24947941182373,220.7046356201172,1610200.0
2019-04-02,220.5329193940034,220.70464805423006,217.19780869328895,217.36953735351562,1574300.0
2019-04-03,218.44505852750365,220.12617043980936,217.83949856329264,219.15907287597656,1663600.0
2019-04-04,218.87891731975412,221.21981668212743,218.04740142316308,220.89443969726562,1319700.0
2019-04-05,221.40061457777315,223.32574928906467,220.5419712044539,222.22308349609375,1616200.0
2019-04-08,222.33146067570678,223.09066880853743,221.6174326671841,222.81048583984375,1244200.0
2019-04-09,221.53613910676086,222.0513112383848,220.5419279176625,221.35537719726562,1450200.0
2019-04-10,221.68978900929545,222.94610290748446,221.17461687397684,221.98805236816406,1556600.0
2019-04-11,220.18945089598733,220.69558979017185,217.74913048974025,218.03836059570312,2719800.0
2019-04-12,218.28235400486844,219.37598623488844,217.73102125591186,218.68003845214844,2187600.0
2019-04-15,219.05966264192065,223.01841335912454,218.6891055468684,222.63880920410156,1859700.0
2019-04-16,222.9280556233919,223.0817177511542,220.75888478985922,221.74404907226562,1360500.0
2019-04-17,222.61173598172255,222.7563510549839,220.8221692716838,221.94290161132812,1363000.0
2019-04-18,223.05456629467596,223.4703311183952,221.1655787368816,222.1688232421875,1365000.0
2019-04-22,221.6084688412097,222.1326880851646,219.23140880890165,220.00869750976562,1300000.0
2019-04-23,221.12040502432893,222.81959755041217,218.9150873560899,221.96096801757812,1524600.0
2019-04-24,222.05130023120336,224.78085044040054,221.97900650398864,224.11203002929688,1156400.0
2019-04-25,222.53033666074094,223.37991896243707,220.47865394599611,221.97900390625,1278200.0
2019-04-26,221.9971104278646,222.24114661987295,218.77950116620414,220.3702392578125,1842900.0
2019-04-29,221.43673417937535,222.1146017329857,220.0719658029568,220.78598022460938,1429700.0
2019-04-30,221.22882498973672,222.15071479264694,219.64713427202489,221.9157257080078,1427600.0
2019-05-01,221.7440282808907,221.85249646627332,218.31854368413062,218.3546905517578,1350400.0
2019-05-02,218.50837492133775,219.52969993873864,217.29725468289504,219.34893798828125,1237600.0
2019-05-03,219.87312365521035,221.32827988930288,219.3760180240761,221.09327697753906,905900.0
2019-05-06,219.49348644038875,221.2830526518443,218.77945833462584,220.74075317382812,1194900.0
2019-05-07,218.4722181829287,219.39412201726282,215.3088359233776,217.080322265625,1775200.0
2019-05-08,216.5198883984903,219.67423640145844,215.28165500016445,218.12869262695312,1611900.0
2019-05-09,218.1015322912345,221.18282485052998,217.64840021907378,220.64813232421875,1919300.0
2019-05-10,220.167767333705,225.25190867193407,217.5305359070936,223.86532592773438,2036500.0
2019-05-13,221.23715565132576,221.97122725353833,218.11054772448037,219.24337768554688,1962800.0
2019-05-14,219.57878054090926,222.11632345498964,219.14377753030865,219.9775390625,1635100.0
2019-05-15,219.4156226345853,222.39722572211002,218.61810572575453,221.73565673828125,1194800.0
2019-05-16,222.6056966021155,226.3213718042883,222.2250672689268,224.24603271484375,1800600.0
2019-05-17,222.83225075843166,226.61137089505067,222.5694263907694,225.0707244873047,1672000.0
2019-05-20,223.9831904891787,226.51167533974038,223.9831904891787,225.56915283203125,1600500.0
2019-05-21,225.7594493679079,227.3182247183421,224.84412760977204,226.50257873535156,1504200.0
2019-05-22,227.48135972845782,227.48135972845782,225.78665018998242,226.12196350097656,1242300.0
2019-05-23,225.32442709916344,226.49350159721786,224.01033321097765,225.23379516601562,1822800.0
2019-05-24,225.75944588228128,226.16726195323372,223.63879125053464,224.11911010742188,1340200.0
2019-05-28,225.2791473505939,226.74729086987892,223.06786057979826,223.221923828125,3164100.0
2019-05-29,221.2462740712287,221.82628258118447,216.51557404407632,218.12872314453125,2594900.0
2019-05-30,219.45186956434878,220.7478345556486,218.18310522114788,218.8990478515625,2030300.0
2019-05-31,216.57899296104947,218.10152385543714,211.2048534307628,217.1227569580078,4058100.0
2019-06-03,217.3040406466069,218.89906074752577,215.76339418810076,218.47312927246094,2512500.0
2019-06-04,220.2221745784139,222.77784595811147,219.76904253195625,222.5875244140625,1761500.0
2019-06-05,223.03163313080265,225.44228547939292,222.05286610036597,224.71728515625,1825500.0
2019-06-06,224.75354423193068,228.32422775204566,224.5179204944621,227.66265869140625,1487800.0
2019-06-07,227.6173086266868,232.54738784543582,227.4904321980496,232.0126953125,2270200.0
2019-06-10,232.36615682591562,234.56837239778642,232.1033324396663,232.77398681640625,1839500.0
2019-06-11,234.64087472506165,235.2843145833541,232.19395024526074,233.00958251953125,1613500.0
2019-06-12,233.43547166970964,234.4958127311315,231.7951498516549,233.11830139160156,1071700.0
2019-06-13,233.55333164428416,235.51086557147548,233.40832605816024,235.36585998535156,1228500.0
2019-06-14,235.62868382603514,236.71621189110417,234.6408592011414,235.76461791992188,1287800.0
2019-06-17,236.65279913343602,237.66781071595082,236.0184030658686,236.92466735839844,1191900.0
2019-06-18,238.90032297089562,239.4350432552771,237.48655285105426,238.11187744140625,2763200.0
2019-06-19,237.7221554980138,239.3443761286386,236.48057799311212,238.94561767578125,1628400.0
2019-06-20,240.16003778312373,242.68852290600552,239.75220778824263,242.28976440429688,1745100.0
2019-06-21,241.76409199957675,243.73069749340613,241.05720702599066,241.18409729003906,2964000.0
2019-06-24,242.25341310175935,242.85155062473248,241.53745684073348,241.76402282714844,1586100.0
2019-06-25,241.70974564636256,242.04505901493147,240.4862833001581,241.39254760742188,1182400.0
2019-06-26,241.47407639344763,241.80938967961674,239.56184479339666,239.6252899169922,1334400.0
2019-06-27,240.06933973908508,241.50125241660476,238.33837209609973,240.6855926513672,1122900.0
2019-06-28,240.61310794949043,241.4196962383082,238.6736895855809,239.48934936523438,1952500.0
2019-07-01,241.45593119515982,241.97250835629342,237.29618240405273,238.84588623046875,1955800.0
2019-07-02,239.18125434382256,240.67658470810673,237.14215994062013,240.58595275878906,1201300.0
2019-07-03,240.28680984373779,243.9299805548162,240.28680984373779,243.911865234375,986500.0
2019-07-05,243.06005979308168,243.43160376208942,241.31094893764353,243.10536193847656,1081500.0
2019-07-08,243.17775203879484,244.41028518210658,242.28963121981076,244.1474609375,1236000.0
2019-07-09,244.11125759632844,245.39816464451337,243.32281234198928,244.66409301757812,1400300.0
2019-07-10,244.73665096454383,246.0779320182662,244.09321108754418,245.97825622558594,1257000.0
2019-07-11,246.80295440118743,250.82677026472902,246.33170690308526,250.61834716796875,1985600.0
2019-07-12,250.5820260104907,253.75395039037033,250.137965447543,253.24644470214844,2046400.0
2019-07-15,253.69962255703223,254.38839225409998,252.75709997004327,254.2796173095703,1568000.0
2019-07-16,254.66023082663656,254.9955441431764,253.5545874370528,254.34303283691406,1379200.0
2019-07-17,254.70558198037423,256.33687438840275,253.95339474640596,255.16778564453125,1716600.0
2019-07-18,255.7477954452312,256.52716946459145,253.01993106348743,256.3912353515625,1696100.0
2019-07-19,256.5362371092905,257.65999596945994,254.97746143696293,255.12246704101562,1607600.0
2019-07-22,254.85960155879837,255.85649764029088,253.13770523094036,253.9080352783203,1459100.0
2019-07-23,255.4305361123303,255.63895914996044,252.8657932817044,253.84457397460938,1117800.0
2019-07-24,253.59983952785768,254.87767506944743,252.85672407719483,254.506103515625,1257100.0
2019-07-25,254.8415001156225,255.51212676289376,253.15583434836188,253.5727081298828,1600200.0
2019-07-26,253.572703052667,255.35804456926624,252.95645005632502,254.99554443359375,1447700.0
2019-07-29,254.6692513512964,254.93204799399803,253.33704218666844,253.87173461914062,1257400.0
2019-07-30,253.9986098557161,254.27050565903897,252.93829642800858,253.30079650878906,978200.0
2019-07-31,252.86581547514618,253.50021144870792,247.07480188563656,249.79359436035156,1886900.0
2019-08-01,249.90236245305437,254.59680454613596,248.59733974391352,248.83297729492188,2634300.0
2019-08-02,248.5882499112141,249.16827225336857,245.14445713988138,246.9569854736328,1969200.0
2019-08-05,244.77289030006378,245.1897640810236,238.08465619258982,240.25064086914062,3329800.0
2019-08-06,241.4922074141069,244.89976944375286,239.29903601785912,244.0659942626953,2383000.0
2019-08-07,243.04195424196703,249.0957931508474,238.88220440830557,248.58828735351562,3037500.0
2019-08-08,247.44642119319292,249.07768592957777,245.59763421016217,249.0414276123047,2046700.0
2019-08-09,248.84195747020445,249.64854570723918,246.42224807306522,248.261962890625,1284300.0
2019-08-12,248.34357979089293,249.2045418512154,244.0569401309006,245.8785400390625,1638600.0
2019-08-13,245.7607552059166,252.0864902073056,244.70044142413334,250.36459350585938,1724600.0
2019-08-14,248.3164222813492,249.5489284742508,242.8788363919766,243.0147705078125,2122100.0
2019-08-15,245.17167014424317,247.38295716015608,243.5766361899478,246.06886291503906,1623200.0
2019-08-16,248.4070587158203,250.19240055458198,247.80892093838318,248.4070587158203,1230800.0
2019-08-19,250.5005407940862,251.37961834966586,248.81487466430718,249.7755126953125,1313400.0
2019-08-20,250.3826204651328,250.45510941711765,247.2741415374766,247.3828887939453,1390600.0
2019-08-21,249.594140118468,250.61822273458563,248.9507005034746,249.8388214111328,1682300.0
2019-08-22,251.04427098599413,254.6511850327508,250.91738071450504,253.68150329589844,2345500.0
2019-08-23,252.13176313420433,253.87180262108302,247.13826604455272,248.32546997070312,1984300.0
2019-08-26,249.90223301584282,252.4216451744198,249.84785940254062,252.3582000732422,1426400.0
2019-08-27,254.6601618586017,265.93408725095014,254.0620243517688,264.97344970703125,5169000.0
2019-08-28,266.21499374912435,271.83384042466247,265.00967505287883,266.8856201171875,5162100.0
2019-08-29,270.1919152109537,270.418982497185,265.9048837381788,269.3653869628906,2613100.0
2019-08-30,270.6641571491638,270.9184713558792,265.96839430732626,267.72137451171875,1801000.0
2019-09-03,265.7322052033568,267.0310229141514,263.8157436526707,265.2598876953125,1842900.0
2019-09-04,267.0310479158551,269.1200552306514,266.82213609710897,268.9565734863281,1375700.0
2019-09-05,271.05461063037177,272.217193411073,269.4651404690449,269.7285461425781,1865300.0
2019-09-06,271.7541083754077,276.6950941799185,270.92758022124514,275.89581298828125,3018100.0
2019-09-09,276.5678353197997,279.1473152524321,270.8548171016976,271.5723571777344,3397200.0
2019-09-10,270.1010671001342,270.89125677551885,267.5578970108181,269.75592041015625,2725000.0
2019-09-11,267.3035261445141,268.61143557778047,261.4088698541704,264.0246887207031,4754700.0
2019-09-12,263.7067083994173,265.89563910473356,262.1989791606376,263.2980041503906,2942600.0
2019-09-13,263.57973825656194,267.0947356967231,263.26183848649913,265.123779296875,2306300.0
2019-09-16,263.9157104287851,264.6514060468236,261.8902607303099,262.2081604003906,1508900.0
2019-09-17,262.99831652906937,265.02376597025795,262.20812709289726,264.6786193847656,1758900.0
2019-09-18,264.0337845389875,266.64051188876056,262.3080514268605,265.6050720214844,1666000.0
2019-09-19,262.9347622122907,263.1800125616531,258.593237859784,261.4270324707031,3004700.0
2019-09-20,262.26266456644277,262.86212541163206,259.89209586417377,260.0918884277344,3409500.0
2019-09-23,260.0919229319314,261.6995769585395,259.5378920925547,261.1909484863281,2025400.0
2019-09-24,262.7621434806462,265.7776024425991,260.1281695972241,261.4996643066406,2483200.0
2019-09-25,261.8175495197194,263.10727557710516,260.5550426969856,262.04461669921875,1827800.0
2019-09-26,262.88025550385413,263.2254021134467,260.3098667673176,261.8175964355469,1877300.0
2019-09-27,262.9710726297219,262.9710726297219,258.3116491077495,259.719482421875,1538100.0
2019-09-30,261.308939123781,262.144530879307,260.28259096735496,261.6813049316406,2151500.0
2019-10-01,261.617826897275,262.1991046802121,257.2036248675158,257.88482666015625,2648900.0
2019-10-02,257.24896002009035,259.5741257301393,256.33159974138135,258.95648193359375,2480600.0
2019-10-03,259.21093838121806,264.1791438757987,255.76859064311577,262.4897766113281,3590200.0
2019-10-04,261.44517104972044,265.16907855123026,257.3307146293777,264.9147644042969,4513300.0
2019-10-07,264.3425853892195,268.5660301822093,263.85211242775074,266.49517822265625,1988700.0
2019-10-08,266.0773562170205,268.46607987928667,263.8066842155718,265.1145935058594,2201100.0
2019-10-09,266.2226619377744,271.18182967836094,266.2226619377744,269.6650085449219,2235500.0
2019-10-10,271.2364298852976,272.00846423257883,269.0838363618043,269.88311767578125,1637500.0
2019-10-11,270.72763809867087,273.1708829389658,270.08274741214734,270.3007507324219,1855500.0
2019-10-14,270.6641895922048,272.7895359426877,270.2100550459092,270.22821044921875,1297600.0
2019-10-15,270.9548471272245,272.15376900292625,269.96483712504113,271.0184326171875,1580700.0
2019-10-16,269.5742066559294,271.5451624250457,268.01198299154805,271.3725891113281,1811100.0
2019-10-17,271.43617880476495,274.8512511776313,271.43617880476495,274.6605224609375,1734600.0
2019-10-18,274.2972101494984,276.11374796505805,273.3707858421033,275.07830810546875,1853900.0
2019-10-21,275.20558963910537,275.668815838018,272.63519979326014,273.4617004394531,1322900.0
2019-10-22,273.94291542849214,276.9129718835348,272.43521374475694,272.453369140625,1955600.0
2019-10-23,272.0991775998946,272.52606508022166,269.91933784173824,270.0465087890625,1798700.0
2019-10-24,267.9847923293844,270.91851156071726,267.5397493311296,269.80133056640625,2056700.0
2019-10-25,268.41158338281224,269.98289837121564,268.0391898519826,269.30169677734375,1686200.0
2019-10-28,268.5751615670826,271.6541791459454,268.13009089682885,271.5179443359375,1672600.0
2019-10-29,270.85486596528426,271.51791225320477,268.675026108216,268.7204284667969,1295300.0
2019-10-30,269.6832278636929,272.70775126036153,268.8203612770172,272.3353576660156,1264300.0
2019-10-31,271.5797885789257,272.7267023829085,268.1117687966151,270.4419860839844,2277400.0
2019-11-01,271.2430654717078,271.6344907309891,268.9765712729084,269.51361083984375,1364500.0
2019-11-04,270.4876101577796,271.4524647911882,268.67623683667324,270.1781311035156,1651600.0
2019-11-05,270.423830197985,272.7904652840455,269.2587213864701,272.32623291015625,2204500.0
2019-11-06,273.045346465637,274.5745466534949,271.1884446498744,274.5017395019531,1675000.0
2019-11-07,276.64986319577645,279.5353427543767,275.3300288731023,277.8149719238281,2399400.0
2019-11-08,275.5667136326914,276.97760570406007,274.2377678039748,275.4574890136719,1501600.0
2019-11-11,274.4835445050645,275.1935323621956,272.7996185338103,273.8372802734375,1160900.0
2019-11-12,273.8281386885079,275.5576210273321,271.8529287433676,273.52777099609375,1540800.0
2019-11-13,273.23648155278744,276.7136132279246,272.6357184011889,275.71234130859375,1517900.0
2019-11-14,277.068639611767,278.43400292664995,275.13890279288677,277.25067138671875,1336400.0
2019-11-15,277.90600764815474,278.02434356327734,274.52901730413015,276.40411376953125,1706100.0
2019-11-18,275.90350220930446,278.88001200629543,275.5758283481978,277.2051696777344,1241300.0
2019-11-19,277.1687591126638,277.2962063585259,274.39253142174124,275.1116027832031,1761400.0
2019-11-20,275.29360938021983,275.95809608069334,271.261243742741,273.5914611816406,1979500.0
2019-11-21,273.70073436366357,274.77481351256375,272.6357387476266,273.31842041015625,1302500.0
2019-11-22,274.8385829871532,274.8385829871532,270.5513492091563,272.44464111328125,1277300.0
2019-11-25,273.3366967547821,273.64617583588125,270.84261370151137,272.2079772949219,1613000.0
2019-11-26,272.3990931793589,274.30149606852365,271.998584383915,274.20135498046875,3359100.0
2019-11-27,274.72925863509204,275.61219452327737,273.5914560873472,273.764404296875,1906500.0
2019-11-29,273.818980913399,273.8827045145802,272.7630969532864,272.8996276855469,981600.0
2019-12-02,272.8451188604144,273.2547389909101,267.8569812493349,270.69696044921875,2705500.0
2019-12-03,268.63971766065293,269.60457192877345,266.4278363353416,269.1312561035156,1921400.0
2019-12-04,269.46803937864667,270.48750593597305,268.657910695326,269.9049377441406,1742000.0
2019-12-05,270.460267112278,270.460267112278,266.24584131630195,266.7919921875,1941100.0
2019-12-06,268.5032583037238,269.4225840506209,267.84788279846487,268.4759521484375,1462000.0
2019-12-09,268.5214111577748,270.5148435171151,268.11179111414685,268.66705322265625,1960000.0
2019-12-10,269.45894478294633,270.05970785114283,268.1117765895617,269.23138427734375,1565900.0
2019-12-11,269.43170583244375,269.7502961754234,266.74648008525804,268.7945251464844,1749800.0
2019-12-12,268.7671897866691,271.0337116307904,267.7204168692372,270.6513977050781,2742700.0
2019-12-13,268.1937209261401,268.5213947182747,263.15097237958554,265.6723327636719,5195600.0
2019-12-16,266.7282824482185,268.02992218446934,266.5644455118489,267.1560974121094,2410000.0
2019-12-17,267.1560788581273,269.7047458415009,266.47339722561077,269.0220642089844,2474100.0
2019-12-18,269.4225254250267,269.75931052640345,265.6268317742249,265.6723327636719,3309800.0
2019-12-19,265.8453652744862,267.43828930762777,265.33563180615215,267.3472595214844,2333600.0
2019-12-20,267.47474046118384,268.53970853584104,266.5007744057394,268.36676025390625,4866500.0
2019-12-23,268.43957814845066,268.80366953735194,266.72831806438296,266.9831848144531,1309800.0
2019-12-24,267.5292115182937,268.02074994310414,267.02856178501554,267.82049560546875,543600.0
2019-12-26,268.0572243535174,269.1859436035156,267.52018477336793,269.1859436035156,1101800.0
2019-12-27,269.63183687050406,269.7046439946553,266.86469392036076,267.7112121582031,1439100.0
2019-12-30,267.79323495613403,269.0766518626894,267.301696447812,268.64886474609375,1238900.0
2019-12-31,268.52144043543615,268.9310605237262,265.9545508464948,267.53839111328125,1550700.0
2020-01-02,267.6658368441667,268.1391528193072,264.8804977498926,265.3265075683594,2103600.0
2020-01-03,264.01578515282637,266.60998143201084,263.36040954312074,265.5450134277344,1926000.0
2020-01-06,264.47088368817924,265.85446973375645,262.7141227522976,265.6177978515625,2655100.0
2020-01-07,265.171821036566,265.5086062779931,263.31491877380773,265.1991271972656,1963400.0
2020-01-08,264.8713507912613,268.95835687931515,264.42534103281946,268.2392578125,2492800.0
2020-01-09,271.7527742723758,274.85670324021015,270.98817422369416,272.5447082519531,3261200.0
2020-01-10,273.07261015445647,273.31836550337783,270.0324050948094,270.5603332519531,2024200.0
2020-01-13,270.2691476673355,273.6643335642613,270.159895260831,272.954345703125,1778600.0
2020-01-14,272.3899716845744,273.9828954955953,271.78009720300764,272.8450927734375,1459900.0
2020-01-15,271.57082250093833,274.0193767513068,271.28864958242536,273.8191223144531,1604000.0
2020-01-16,274.3378753840595,276.7682061955777,273.9646727957323,275.8306579589844,1758600.0
2020-01-17,276.1675020772224,277.8969568527986,275.83071687831006,277.3326110839844,2506500.0
2020-01-21,278.71611906521196,285.21523267659484,278.3156103520867,285.1424255371094,3585900.0
2020-01-22,285.2698935794704,285.4155356616376,282.36621880378175,283.89544677734375,2218900.0
2020-01-23,284.0137775600631,285.2699163127689,282.839585055046,284.7966003417969,1535900.0
2020-01-24,285.8342130954479,286.0708849295817,281.3558375373036,282.6392822265625,1986100.0
2020-01-27,278.6706831622758,283.786240601107,278.21556199827455,281.67449951171875,2265100.0
2020-01-28,282.63925152301647,283.73152525294984,281.35580697318017,282.94873046875,1571700.0
2020-01-29,282.9578639783711,283.9682472187837,281.6198346730019,281.7927551269531,1713700.0
2020-01-30,281.11916997916074,281.8473803343474,279.1439601559334,281.692626953125,1232600.0
2020-01-31,280.8552621759026,281.42871929317573,277.22340413769524,278.09722900390625,1837000.0
2020-02-03,279.44433816063486,280.8825085254214,274.5927597564269,274.89312744140625,2816800.0
2020-02-04,277.23240824611867,278.45212917352745,275.5848724743039,277.53277587890625,1982300.0
2020-02-05,279.4444071391473,281.8019315402366,277.98801379381854,281.2193908691406,1731800.0
2020-02-06,282.1771116743652,284.4483844675463,280.8088696858071,283.326416015625,1917900.0
2020-02-07,282.770086838335,286.2454201947782,281.96738020242833,286.08123779296875,1903500.0
2020-02-10,286.19983963393935,289.10050691313,285.141728811217,286.2272033691406,2336300.0
2020-02-11,286.4459737870216,286.81083269105216,283.19868221833457,283.3902282714844,2047500.0
2020-02-12,283.4723697019384,287.7686696573319,283.4723697019384,287.4402770996094,1384600.0
2020-02-13,287.19394934369365,290.7878665729638,285.9990204404385,290.24969482421875,1438000.0
2020-02-14,290.8609058214727,291.71833977815885,289.1095714941255,290.35009765625,1113400.0
2020-02-18,290.9795152703504,295.066008766299,290.6237589275583,293.7615966796875,1547100.0
2020-02-19,293.78889794198733,296.0237042517753,293.46966375797786,294.6463317871094,1413600.0
2020-02-20,294.00786561673,296.5163094367648,292.8129364239608,295.6132507324219,1427500.0
2020-02-21,294.22669301567663,296.6895392110808,292.8310875948006,293.6702880859375,2239000.0
2020-02-24,287.7868891764866,291.8916150126013,285.74365677922356,286.072021484375,2300400.0
2020-02-25,287.3307734349819,288.7628731770973,277.6618593012083,278.090576171875,2881800.0
2020-02-26,280.53516849753913,283.9557730289038,277.9172702834469,278.83856201171875,2236000.0
2020-02-27,275.4545001352872,278.20921744739667,267.2632810232368,267.3818664550781,3625300.0
2020-02-28,260.19403833704064,262.0913217933934,247.45114251517165,256.445068359375,7091800.0
2020-03-02,268.5767535157151,282.3230298675575,265.78554239209524,281.98553466796875,7563800.0
2020-03-03,281.985537171203,286.57370706361746,274.587895090066,276.1385803222656,5131400.0
2020-03-04,281.2101692033571,292.7763659240471,278.22738442216587,292.5665588378906,4219300.0
2020-03-05,288.03315053501854,296.0054588623229,285.68891725708477,288.0240478515625,6407700.0
2020-03-06,284.7220553478649,289.6020962699,276.15684696386165,283.9923095703125,6185500.0
2020-03-09,269.8629147864415,283.07099203752114,267.2632496237348,275.4544677734375,5203100.0
2020-03-10,280.91827247709,282.52368502033266,268.5584999414572,282.22265625,4245500.0
2020-03-11,274.4328140006797,280.75411247385904,268.34871419182116,271.3041076660156,3622700.0
2020-03-12,255.80658933672916,269.66232561802013,252.06672138469105,255.26841735839844,7307600.0
2020-03-13,263.4595436854742,276.61292226190113,253.82712230456357,275.718994140625,6100100.0
2020-03-16,257.07442376493975,273.21969096697404,254.95823056644832,258.30584716796875,5465500.0
2020-03-17,263.6146971483922,280.20691854880687,261.1518497426708,280.02447509765625,7170600.0
2020-03-18,271.8241204982851,290.0673500619284,269.9997975419207,280.4896545410156,6701800.0
2020-03-19,283.14393903715137,286.2817755439201,276.04732657593627,278.4098205566406,5429500.0
2020-03-20,280.87273577017487,280.95482695142437,261.8085412428553,264.909912109375,6581200.0
2020-03-23,266.3601855951215,269.6986987354784,253.96391894075938,260.4493713378906,5646400.0
2020-03-24,268.71357471008656,271.23114862493594,257.9865496853737,259.9112243652344,7124200.0
2020-03-25,259.24541335498805,265.1835936560885,254.68460583327283,256.1896667480469,5639600.0
2020-03-26,256.6274457198477,267.92913710055444,256.1895982934515,266.6247253417969,5463100.0
2020-03-27,261.9089272154469,267.7102608002582,258.44269692885393,259.3548583984375,4250400.0
2020-03-30,262.23722067321927,266.0591784184354,260.7321602250656,265.5483703613281,4396000.0
2020-03-31,262.17342144688064,265.9132606264657,259.0538174532331,260.0845642089844,5618600.0
2020-04-01,257.55780462822696,263.4321245625612,256.2260571659309,261.5895690917969,3745800.0
2020-04-02,259.40047915362965,267.0626298119838,257.97750951009067,265.8768310546875,3500600.0
2020-04-03,263.7605908553671,266.6612573945055,260.69571410995275,263.2953796386719,2650100.0
2020-04-06,267.26330283175764,278.65619034839744,264.1345957627541,278.3186950683594,5272500.0
2020-04-07,279.5774321091191,282.769996586711,276.585544226454,276.95953369140625,4036500.0
2020-04-08,278.3095209472231,280.41663916071997,275.72811671587095,279.093994140625,3964400.0
2020-04-09,273.1467540769132,277.6163395611711,271.4409888027288,273.6575622558594,6487600.0
2020-04-13,272.35313270015416,277.25146269574003,271.5139598189168,273.3017883300781,3120400.0
2020-04-14,276.1568259204137,287.1027612170115,274.78858400833906,286.5463562011719,4288300.0
2020-04-15,284.2659808384404,286.1906279547399,279.869356383095,283.01629638671875,2937300.0
2020-04-16,287.08449611196374,294.2905638140944,284.6307803286773,293.3145446777344,3940000.0
2020-04-17,293.0865359661387,293.8345148897584,286.43687250148076,289.99432373046875,3688000.0
2020-04-20,290.02170778624816,290.41393047968353,284.1656197634876,284.66729736328125,3156300.0
2020-04-21,283.809806345942,284.4939271428121,273.05541962479936,274.8614807128906,3833000.0
2020-04-22,277.2970701962457,283.80078553995895,275.5092416169601,282.2409973144531,2970600.0
2020-04-23,280.06089359218157,282.44164915192323,278.01766110945675,278.5740661621094,2625200.0
2020-04-24,280.33459772026913,283.5271631544599,278.6744848505806,283.2717590332031,2019400.0
2020-04-27,285.55220802131436,285.77114575766234,280.5718129516101,281.65728759765625,2287300.0
2020-04-28,283.52705879089626,283.92841195327435,277.55241395518976,278.16357421875,2425900.0
2020-04-29,278.16365055651073,281.56599501350195,274.6700565484493,280.11566162109375,3667700.0
2020-04-30,279.8961323599482,281.4960612882353,276.62314717146404,277.0162658691406,3794300.0
2020-05-01,275.90095344369826,278.6802670476934,274.4381553415664,276.0289611816406,2525400.0
2020-05-04,277.01632348212905,279.3293629549181,274.33759147264226,278.3785400390625,2477500.0
2020-05-05,278.89958795511643,283.233100489891,277.4185154635122,281.51434326171875,2460900.0
2020-05-06,283.34288604418686,284.3668362091003,280.25273278900556,282.4012145996094,2406700.0
2020-05-07,282.8126393921521,283.29718828793676,278.41512170572327,278.8448181152344,2601800.0
2020-05-08,279.6675849796108,280.83781765213564,277.65626239587476,279.70416259765625,2337400.0
2020-05-11,279.42989784871247,285.08904959411217,278.8447675671285,283.7176818847656,1865900.0
2020-05-12,284.1839571917162,284.8330634317545,278.65278523114745,278.698486328125,2264900.0
2020-05-13,278.698579025957,280.1247996928216,274.3833393952864,276.2301330566406,2954900.0
2020-05-14,275.19696746055484,276.90660158806025,269.2817996666667,274.0358581542969,3718900.0
2020-05-15,273.42332022837974,274.1181276119913,270.48857303115165,273.5513000488281,4577200.0
2020-05-18,275.84602180378613,277.1899631637792,274.20039184893733,276.7968444824219,3987300.0
2020-05-19,278.4974709309069,282.52014571235355,277.1535288759092,278.5066223144531,3523000.0
2020-05-20,280.4630256205614,281.5144300546865,277.19919104598364,278.7625427246094,2827000.0
2020-05-21,278.6528243601461,278.88138567822415,275.416388284007,276.07464599609375,2492100.0
2020-05-22,276.11130227594623,277.8757894580319,275.03247134286846,276.4952697753906,2366400.0
2020-05-26,279.7682136905211,280.5818775007152,277.5008752981944,278.6619567871094,3234600.0
2020-05-27,278.4425521213753,280.04248142961825,273.78904679575203,279.7682189941406,2980200.0
2020-05-28,280.90188937683456,284.3303095075526,280.5818979178566,283.0137939453125,4301900.0
2020-05-29,278.1133950379513,282.3920557860924,276.42203587410125,282.0172119140625,4971800.0
2020-06-01,281.4961225907444,283.178330596476,280.17960712529316,281.8526916503906,2293700.0
2020-06-02,281.54188078301314,282.5201021520491,278.5888581105242,280.755615234375,2528900.0
2020-06-03,281.13035356360183,281.7703362603873,279.68585865730336,280.3441162109375,2165900.0
2020-06-04,284.1932367763736,288.30734178001904,282.58415566899083,284.101806640625,4553900.0
2020-06-05,286.2775907686158,286.73471334758386,280.9384023943348,285.28106689453125,4375600.0
2020-06-08,284.01941681927326,284.5953957586295,280.1795758239313,280.84698486328125,3764500.0
2020-06-09,281.1304151349615,282.13609049279023,279.0002359729455,279.3476257324219,3155800.0
2020-06-10,280.1978590240333,282.1634804842091,279.4390199376631,280.9749450683594,2713700.0
2020-06-11,280.6641019499629,282.6846037642784,274.858667727594,275.0323486328125,3443000.0
2020-06-12,276.71460705145273,278.9819172918485,270.84514058927635,273.0850524902344,4020000.0
2020-06-15,271.57651719870137,272.5090651305484,268.64179800855857,271.69537353515625,3266800.0
2020-06-16,275.5078748087993,276.77866148925307,273.56052751591596,275.5169982910156,2633800.0
2020-06-17,275.20617325684333,276.10214390045655,273.2679772405719,273.9170837402344,2188400.0
2020-06-18,274.2735814170498,275.0141178548317,272.25310717943194,273.8804626464844,1881800.0
2020-06-19,274.4381469913709,276.01065002072,273.0302293201618,274.1821594238281,3438000.0
2020-06-22,273.9992222943126,275.62657718702866,272.67355595843884,274.6849060058594,2094400.0
2020-06-23,275.8552425734708,278.7533845308332,274.940997279568,275.4529724121094,2409600.0
2020-06-24,274.97761512246933,275.4438892660454,271.1652269267704,272.46343994140625,2398100.0
2020-06-25,271.58571577895253,275.32497583445775,270.0680651815148,274.7581481933594,2274300.0
2020-06-26,274.6484512818219,276.211803031488,270.57092479823274,271.12860107421875,2866000.0
2020-06-29,271.93306131496206,275.7637504672499,271.3753573027763,275.7271728515625,1841700.0
2020-06-30,275.19705063634194,278.49746354408524,274.4016615045837,277.2083740234375,2391700.0
2020-07-01,276.5591593391099,279.37502213977615,274.9592303181399,278.6162109375,1906100.0
2020-07-02,279.7590750220992,282.42868370051445,278.47913712171663,279.5213623046875,2540500.0
2020-07-06,281.15791596441653,284.8423241932847,280.8927769587073,284.7783203125,2332400.0
2020-07-07,283.43427287091026,290.77566034855425,283.1600104846662,289.11175537109375,3346600.0
2020-07-08,289.9438102662993,290.7757490585639,287.0822175944291,289.1941223144531,2364500.0
2020-07-09,292.5585464731218,300.76848072772435,292.26598123051497,297.62347412109375,5313600.0
2020-07-10,298.0440164809697,299.32395452991767,295.40183374014407,298.2543029785156,2484100.0
2020-07-13,298.31824472416025,300.88727190993734,293.92987823116374,295.2281188964844,2583200.0
2020-07-14,293.76525516504216,300.47581114649785,292.96986635710203,299.8724060058594,1844800.0
2020-07-15,299.96386719228633,301.0792474950406,297.6965289652226,298.6839294433594,1770700.0
2020-07-16,298.61079343493435,299.78102629512546,296.2703277145522,298.2908020019531,1402000.0
2020-07-17,299.2325116659465,299.6896343711499,296.74576303361755,296.9377746582031,1768100.0
2020-07-20,297.0291505582636,299.3604647690098,294.9903736210241,298.5102233886719,1863300.0
2020-07-21,298.95817208882744,303.06312399453213,298.50104950153565,299.63470458984375,1874200.0
2020-07-22,301.3809652823405,301.3901166637516,297.13888149000087,300.146728515625,1312600.0
2020-07-23,299.9638370219288,302.0483148321103,297.43136011926975,298.14447021484375,1561700.0
2020-07-24,298.24510463907035,300.55814414567504,296.8280355759429,297.84283447265625,1423400.0
2020-07-27,297.7513205809477,300.7866208368915,297.2941980568795,299.5066833496094,2083300.0
2020-07-28,299.8450321394775,301.7009489823468,297.879410324703,299.4793395996094,1374000.0
2020-07-29,298.9764789560369,299.90902699030016,297.4862825983885,298.1719665527344,1341300.0
2020-07-30,295.65237681948565,299.0973420048368,295.02018846450227,297.6039123535156,1390300.0
2020-07-31,297.60395295317494,298.9690997225025,295.52413406718307,298.25445556640625,2149900.0
2020-08-03,298.2726710617412,302.2490539559209,297.1274065776145,301.726806640625,2480200.0
2020-08-04,301.9468131566447,311.3471568714055,301.3604520381371,311.3196716308594,3933300.0
2020-08-05,313.2161533549746,314.0132811099567,309.3039390244354,311.4845275878906,2923700.0
2020-08-06,313.7201231259406,316.20304957045045,312.98713682237616,314.5447082519531,2104300.0
2020-08-07,314.38892651423185,315.8456999026201,311.17301418934636,312.34576416015625,1759000.0
2020-08-10,312.16249591842126,312.49234668622887,310.21096042720325,311.5119934082031,1503800.0
2020-08-11,312.29077861689746,312.29077861689746,303.99904555517196,304.5762634277344,2065600.0
2020-08-12,305.78565090269535,310.5041355042875,305.2542604262457,308.54345703125,1853900.0
2020-08-13,308.7542504400227,311.0172950335839,307.0501096652427,307.5723571777344,1536500.0
2020-08-14,308.3327516773054,310.3759140288915,307.4806814256087,308.10369873046875,1522900.0
2020-08-17,309.35883424975634,311.85093086460955,309.09312506272465,311.47528076171875,1504700.0
2020-08-18,312.42824119517496,314.0774113427703,308.5893113025883,312.1991882324219,1489400.0
2020-08-19,312.53814607152174,313.28944641317526,311.46619398747583,312.3365783691406,1730100.0
2020-08-20,311.64029582796974,313.0329277015397,310.3575769364104,312.3091125488281,1717500.0
2020-08-21,311.5761967907514,316.8627295448449,310.89818095144227,315.73577880859375,2372600.0
2020-08-24,316.1938597129598,317.1100715675396,313.4452241492204,315.2959899902344,1461500.0
2020-08-25,315.3050511827091,316.01052399909736,312.84958301805443,315.8272705078125,1176200.0
2020-08-26,314.2698170040678,315.9373012222847,313.06041072315577,315.4242248535156,1757000.0
2020-08-27,316.6519220142837,318.6034574693612,313.848316362375,317.3390808105469,2220700.0
2020-08-28,318.3561400056861,319.8129135256324,316.55120150099145,319.18072509765625,1487300.0
2020-08-31,317.7880526005589,319.5288493417777,315.4425527461783,318.5301818847656,1586900.0
2020-09-01,316.7435438410934,322.0392464299773,316.46869151109837,321.9384765625,1773700.0
2020-09-02,323.98163617119445,329.7629582635891,321.8743602479794,328.791748046875,2434900.0
2020-09-03,332.64901229745163,333.1987449486774,316.56947904205845,319.1165466308594,3630400.0
2020-09-04,324.32062616212716,324.32062616212716,311.8784556745947,317.531494140625,2557000.0
2020-09-08,315.0302433394568,316.0197676828956,309.8444815026508,310.4674987792969,2144300.0
2020-09-09,312.33657891796315,320.3992590668113,311.86932994023954,317.4032287597656,2100900.0
2020-09-10,317.25668006990725,318.8417367003427,310.37594781119805,311.0814208984375,1959600.0
2020-09-11,311.7685427378733,314.4988639024533,307.9387842158964,310.71490478515625,1599600.0
2020-09-14,312.41912851191034,315.9465503895999,311.942708326158,314.18743896484375,1522300.0
2020-09-15,316.1114031213994,318.6218426091455,314.0316122830966,315.09442138671875,1362500.0
2020-09-16,318.1728741617502,319.5380488103171,314.48971264753055,314.92950439453125,1656500.0
2020-09-17,311.1271407066955,314.1598270007068,308.1861091306228,310.4858093261719,2681500.0
2020-09-18,311.6953044045124,312.62983049122,303.4493971764625,307.810546875,3409300.0
2020-09-21,305.987250413158,311.1638413971305,305.74902640209905,311.1180419921875,2427400.0
2020-09-22,312.15334785534014,316.00142034820885,311.1363382946999,315.5891418457031,2128100.0
2020-09-23,318.84162631955337,319.0706792120243,315.23175049736665,315.7539978027344,3577100.0
2020-09-24,316.0930525809956,318.22781364795264,309.96359375931905,317.92547607421875,5779300.0
2020-09-25,312.19005833685134,314.966179493099,307.2608334546692,313.8758850097656,7338500.0
2020-09-28,314.9570006449103,320.46341495759765,314.3522974568508,320.32598876953125,3459200.0
2020-09-29,319.7121391131394,324.6047070808127,318.0171415833029,322.6348571777344,2526000.0
2020-09-30,323.01962896638986,327.72897102481255,321.7461091078451,325.25518798828125,2525800.0
2020-10-01,326.4096739989482,329.55227423594107,325.0903265713031,328.4253234863281,2053000.0
2020-10-02,325.0078355829032,327.8572409799696,323.28535285258886,325.2643737792969,2125000.0
2020-10-05,325.55755915489425,328.901754927846,325.55755915489425,328.5352478027344,2093500.0
2020-10-06,331.57700318793997,332.5848416334871,327.1242278201976,328.324462890625,2760400.0
2020-10-07,330.26688145297777,334.1790959246626,329.5247521030863,332.60321044921875,1959100.0
2020-10-08,334.23398562718285,335.30596551828665,331.4395513885043,334.49969482421875,1793100.0
2020-10-09,335.3335765642572,338.7693714061041,335.05872416113743,338.503662109375,1730700.0
2020-10-12,339.9145741291065,348.7651833767925,339.7038353515789,344.9354248046875,2806900.0
2020-10-13,346.7127975952699,350.2585319278869,344.9353448973827,348.7834167480469,1823300.0
2020-10-14,350.8083680893121,351.7062378060694,345.1370145103152,346.63958740234375,1904400.0
2020-10-15,344.91703661262216,346.657833189237,341.80192253438065,345.0269775390625,1697800.0
2020-10-16,348.6185431596083,352.6223837151103,347.3541665714368,349.5714111328125,2459400.0
2020-10-19,350.0203591557449,350.99154133345013,343.3136827145424,344.09246826171875,1938100.0
2020-10-20,346.04398327514434,350.06613791343904,344.60552426184785,346.6120300292969,1282300.0
2020-10-21,346.84107359863265,349.33317035915275,345.43009985466466,346.1630859375,1466500.0
2020-10-22,345.7324848149817,346.67618173180387,340.8582319418242,344.26654052734375,1813200.0
2020-10-23,344.13824538086095,344.97200133991873,342.2600226774253,343.212890625,1108000.0
2020-10-26,335.956471980217,341.407942333771,335.44339570700714,339.6488037109375,2145000.0
2020-10-27,337.871370170922,343.49692329059354,337.871370170922,341.49041748046875,1525400.0
2020-10-28,336.55206321213706,341.2064347451931,334.11496446549074,334.3806457519531,1908300.0
2020-10-29,333.43509462283794,338.81439895091626,332.77415343435575,334.9313659667969,1838500.0
2020-10-30,331.5074011584127,334.00428738672707,326.60543155125134,328.2853088378906,2724100.0
2020-11-02,332.50792675279024,335.66575369763524,331.1217796188596,334.49993896484375,1646300.0
2020-11-03,338.67676884147676,344.05607412470033,337.7129089436818,341.44903564453125,2013100.0
2020-11-04,343.3400574563997,350.33503129766154,343.32170809191604,345.313720703125,2449800.0
2020-11-05,351.10616013865643,354.86982528008053,348.3705917833782,353.6305847167969,2255800.0
2020-11-06,350.555303496547,355.0717120023993,349.646519787967,354.0252380371094,1950200.0
2020-11-09,356.402795493766,357.5502610298052,334.83963210509245,335.0599365234375,4371300.0
2020-11-10,334.03179224535563,341.0634639984777,331.011655288073,336.5470275878906,2662600.0
2020-11-11,339.35601176551427,343.9642508935757,337.9607038780802,342.33026123046875,1688800.0
2020-11-12,346.02978457182036,347.21394906167046,342.8627678796614,344.8914794921875,1535900.0
2020-11-13,345.6350368129522,348.673523908982,344.23053984111453,347.7647399902344,1274600.0
2020-11-16,345.99295395962383,350.00448855593106,345.99295395962383,348.63671875,1691500.0
2020-11-17,355.5490865096512,356.6139378847716,350.4727001180424,350.592041015625,3299100.0
2020-11-18,351.4824520362546,356.2191647837686,350.417600731883,350.8765869140625,2134600.0
2020-11-19,352.1434604248171,353.1532359014002,349.1141620093687,352.0792236328125,1768900.0
2020-11-20,352.45551306982674,353.87835907960414,349.75667198122784,349.8576354980469,1807600.0
2020-11-23,351.5834537974602,351.6385299041699,349.1416436809111,350.3992614746094,1679600.0
2020-11-24,352.21681439648336,354.3832157029043,349.48124669914336,352.7033386230469,2061100.0
2020-11-25,354.14459898243797,356.48541752192557,353.93345523399836,355.9438171386719,2034200.0
2020-11-27,358.4315232773409,358.6243176665954,355.9438257242768,356.5313415527344,1329400.0
2020-11-30,359.615714356489,360.9008702088922,353.63054394998466,359.6340637207031,3733800.0
2020-12-01,362.2056859265899,365.56869490352517,359.07818129681107,365.0882568359375,2996800.0
2020-12-02,363.119508646346,364.4477568507544,359.44564592569213,361.26373291015625,2212800.0
2020-12-03,356.0826755933611,356.7703588346951,351.63635108682166,352.3616943359375,3976400.0
2020-12-04,353.45437788958196,353.5485853891376,350.32690164022017,351.777587890625,2839700.0
2020-12-07,352.5688788755444,354.66958824687777,351.042815127404,351.6833801269531,2652900.0
2020-12-08,352.26748267503837,357.514498704409,349.25301494431875,355.7058410644531,2685500.0
2020-12-09,357.85358143767746,358.90863634640294,351.18408201766425,352.58770751953125,2461600.0
2020-12-10,352.58777003020884,353.25659446626497,350.01605167318013,351.17474365234375,2566300.0
2020-12-11,357.75009824721053,357.75009824721053,350.93932778654727,353.35089111328125,3483900.0
2020-12-14,354.7261378126626,356.25220169337496,351.5703731683737,352.67254638671875,2778400.0
2020-12-15,352.7856478264309,353.9066512502134,347.88714402092256,350.31756591796875,2133900.0
2020-12-16,349.6392533438306,351.2218360008725,347.4631950033741,348.01898193359375,2385100.0
2020-12-17,348.79147328571054,349.46029778499616,346.6625041424012,348.8197326660156,2314200.0
2020-12-18,349.58270603307454,349.8276110385984,344.7124628248581,345.7204284667969,4140000.0
2020-12-21,343.9212345444414,344.8915116139539,340.8314176751892,343.8081970214844,2329700.0
2020-12-22,342.98867999632637,343.61041518189313,339.701018390158,341.0386962890625,2105500.0
2020-12-23,341.4342963638561,342.04660206453894,338.65533289786185,340.9067687988281,1782100.0
2020-12-24,340.4545554231975,344.1566773780188,340.4545554231975,343.44073486328125,972500.0
2020-12-28,344.3074284552526,350.1385196255189,343.9117684190832,349.5450439453125,3207700.0
2020-12-29,350.6660762305715,351.6175232727912,348.79147027429093,351.10882568359375,2072600.0
2020-12-30,352.5029599804813,354.06668373207657,351.63629123136667,352.73846435546875,1778000.0
2020-12-31,353.24713024864224,355.17828335676984,350.8638271429764,354.933349609375,1628900.0
2021-01-04,355.5457125667222,359.4268206613038,353.07763093850366,358.1080017089844,3322200.0
2021-01-05,356.8927645497586,358.1644940252155,353.4920949041962,353.95367431640625,2748400.0
2021-01-06,352.14496056192746,354.01013666384927,348.2167352522034,348.5652770996094,2661400.0
2021-01-07,349.4979278429071,350.1008041041944,345.5226127750953,346.58709716796875,2849500.0
2021-01-08,346.77554168507754,348.7914733072913,343.1676266414484,348.4900207519531,2599700.0
2021-01-11,347.2088068359444,349.48850189639734,342.76248296647617,342.90380859375,2562500.0
2021-01-12,342.8943486843505,343.9023142462337,339.36178327894856,343.082763671875,2387600.0
2021-01-13,343.24288824456363,347.35949983645844,341.9523289581077,345.6733093261719,1968800.0
2021-01-14,344.778384779195,345.2493935015709,340.5958250246493,341.34002685546875,2363900.0
2021-01-15,340.1248467457493,343.75161998228305,339.8799129888015,341.16107177734375,2340400.0
2021-01-19,341.34952757458467,341.9053433282893,332.0047278814163,333.9170227050781,4533800.0
2021-01-20,333.8415758717383,340.9161073294577,332.91838842704703,340.35089111328125,2767200.0
2021-01-21,340.35095063726135,342.88498030535476,339.0698204880893,341.76397705078125,2121600.0
2021-01-22,342.1408075978401,343.48788588117424,338.98504285336867,341.29296875,1960300.0
2021-01-25,339.93637120712935,340.97259605419987,336.1306417660171,340.8972473144531,2735900.0
2021-01-26,339.31475342553813,344.6842365347592,338.0712832851769,343.8175964355469,1807000.0
2021-01-27,341.9429397769408,344.59000678099557,334.274931902546,335.72564697265625,3120800.0
2021-01-28,336.1589043723866,340.64288750673063,335.4241319734079,336.3567199707031,2251100.0
2021-01-29,334.1806961615375,335.6314111090688,331.47711063301904,331.9952087402344,2598700.0
2021-02-01,330.84591714589953,332.334320710473,328.96188237926214,330.1959228515625,2371200.0
2021-02-02,331.36407009207863,336.95965609019345,330.3843638866874,334.9625549316406,1905000.0
2021-02-03,335.5748898791492,336.79950107701507,332.7299787532559,334.614013671875,1759800.0
2021-02-04,336.69059670495193,338.26688509316205,333.99112038622854,335.8788757324219,3411600.0
2021-02-05,336.5395263245528,336.82270687027415,334.22704362787374,335.23699951171875,2165600.0
2021-02-08,336.55841586874305,339.8336720313864,335.61453834411793,339.63543701171875,2520700.0
2021-02-09,339.8337479523185,341.3722732699503,338.19138110525387,339.38067626953125,2154000.0
2021-02-10,340.73985589587755,340.73985589587755,335.18985031018065,336.13372802734375,2162400.0
2021-02-11,335.76563355565725,336.49240903431195,331.6692076848665,332.4337463378906,2088400.0
2021-02-12,332.23549409019535,333.1699525771133,330.4515802603714,332.9528503417969,2096600.0
2021-02-16,333.264249434963,335.4162889466658,332.2826375909266,334.13262939453125,1829000.0
2021-02-17,333.2925846826511,338.06863154067196,332.1599489163431,337.9459228515625,2143000.0
2021-02-18,332.5092484490429,338.09701733312716,332.5092484490429,336.88885498046875,1914900.0
2021-02-19,336.67172433128184,337.842123410324,334.6801274932218,334.8594665527344,1839400.0
2021-02-22,332.952877480648,333.4625795327979,329.24344482330076,330.555419921875,2215600.0
2021-02-23,330.1683502535838,331.30101481763796,322.83443217565963,322.94769287109375,3692600.0
2021-02-24,322.60795527864127,323.2781003556234,318.92683814505295,321.5791320800781,3305800.0
2021-02-25,321.7207594647368,323.75009100892174,314.6416758420927,315.1607971191406,3618100.0
2021-02-26,316.6803278514941,317.03900588604307,312.36680105469804,312.4234313964844,3362200.0
2021-03-01,316.3972407155958,317.14291217565585,312.76330575261073,313.1502990722656,4653200.0
2021-03-02,314.96255276417344,315.9064304664114,309.98832764312954,310.02606201171875,4660100.0
2021-03-03,309.7523554427159,309.9883248661615,305.5898513565521,305.7408752441406,4064200.0
2021-03-04,305.22168174754904,307.32653907457444,297.3591943525759,301.13470458984375,5501200.0
2021-03-05,297.63298553935175,300.5590125937693,289.7704958346565,299.5113220214844,8102800.0
2021-03-08,301.0119545069458,304.23999918520934,293.4703830625804,293.94232177734375,4873500.0
2021-03-09,296.15111743797473,302.3051905256337,295.1600284326197,300.8893737792969,5426800.0
2021-03-10,303.1168794354247,309.0161146912534,299.51125993389593,305.6558837890625,4523500.0
2021-03-11,311.8665558170497,312.65940942890575,308.3836456763061,310.205322265625,4338900.0
2021-03-12,309.68626789326174,313.0181549011618,307.32657372888895,312.5556640625,3182100.0
2021-03-15,314.87760770044645,314.9531052425998,308.9500568736844,311.9610290527344,3243000.0
2021-03-16,311.16819958122716,311.50798175479105,308.308251067609,308.8840026855469,3066700.0
2021-03-17,307.7041158635226,311.9515653156264,305.9296212614216,310.715087890625,2672400.0
2021-03-18,308.15711718476314,309.7239571927819,304.28721391723286,304.8535461425781,2736900.0
2021-03-19,305.44823676611594,310.77172061297176,304.29673366966165,310.4508056640625,4859300.0
2021-03-22,310.0166206748636,317.3033571677812,309.77120327225833,315.7176208496094,4064900.0
2021-03-23,315.15141505071637,323.28763817728185,315.0664406889541,321.2394104003906,3641200.0
2021-03-24,323.01372953185285,323.28746204706874,317.92621644783446,319.0683288574219,3006400.0
2021-03-25,318.85125300748456,328.2617127472261,318.3415510968618,326.90252685546875,4307100.0
2021-03-26,326.7798672028559,332.6791024081543,324.7882992238797,332.2637939453125,3061200.0
2021-03-29,331.72581016950494,337.69109499982767,331.31050170092516,336.1620178222656,3012000.0
2021-03-30,333.73628548211855,334.85950232015193,329.26231412028494,330.1212463378906,2602400.0
2021-03-31,330.98013384372814,337.38907102940107,329.63039574333817,332.697998046875,2832200.0
2021-04-01,332.754657740866,337.26639206677015,331.89572556355665,335.01995849609375,2938600.0
2021-04-05,337.4362352886449,342.3160950577259,336.8132726284522,340.5699157714844,2705700.0
2021-04-06,339.60710146699455,342.4387338710157,338.85201101453066,339.9091491699219,2142000.0
2021-04-07,340.6170844092324,341.1739687031432,337.54003440081533,338.6726989746094,1808400.0
2021-04-08,342.4387932318774,345.4780803579067,339.41840209359066,340.9474792480469,2839200.0
2021-04-09,340.6548378633653,343.2976833870548,339.41836062140453,342.82574462890625,1610800.0
2021-04-12,342.4764977320479,344.75124589115666,341.06068152715613,344.3359375,1836600.0
2021-04-13,344.8362401913677,346.6862322287883,343.82628424249987,344.7135314941406,1796400.0
2021-04-14,344.3737322842558,344.3737322842558,342.2027966211756,342.78802490234375,1509400.0
2021-04-15,344.40209687679163,348.80998956785083,343.82631650612535,348.1020812988281,1850100.0
2021-04-16,348.95153142031376,351.87752869475446,347.8943643995493,349.9142761230469,2249200.0
2021-04-19,350.17857049069426,350.678824439201,347.5357248768581,348.8099365234375,1560000.0
2021-04-20,348.2908792318171,354.29392771419424,348.03604261676367,350.86767578125,2330700.0
2021-04-21,350.7543573997081,353.55767515409656,350.6222295080981,353.0951843261719,1531800.0
2021-04-22,353.33111082872756,354.3693818718323,349.26300098221134,350.4239807128906,2138000.0
2021-04-23,350.42406577449026,353.81258347030496,349.62176391893865,352.3306884765625,1404500.0
2021-04-26,352.9158347357363,352.9158347357363,347.5451687982204,347.8377685546875,2059700.0
2021-04-27,347.50740242659083,350.1407999922505,344.78903053507196,349.4328918457031,1875900.0
2021-04-28,348.809954115952,349.70664935418813,347.51684641807554,348.84771728515625,1305600.0
2021-04-29,348.6017713326073,354.4379544381119,348.5923031013526,353.3312683105469,1848300.0
2021-04-30,352.73539184526163,353.91776623982486,351.2408544452587,351.9597473144531,2118900.0
2021-05-03,353.6150145632028,359.08231172920483,352.7164274878725,358.7985534667969,2685800.0
2021-05-04,358.5242882120488,358.7134796596665,353.5299399804985,354.98663330078125,2133800.0
2021-05-05,355.98928355536856,357.0959698080691,351.9218983744965,352.3475646972656,1905300.0
2021-05-06,353.00019562744546,362.2227146790055,353.00019562744546,362.0524597167969,2641400.0
2021-05-07,362.11866639072684,365.5428465781222,361.52277399723494,363.528076171875,1817100.0
2021-05-10,364.63480387773825,366.904985863505,360.652574903087,360.8417663574219,1998700.0
2021-05-11,358.789177570893,360.3120909485606,355.65825218149286,357.7203063964844,1859700.0
2021-05-12,355.6581263913088,356.5472740166115,351.03266509373077,352.063720703125,2344600.0
2021-05-13,352.9056280347078,360.8038943430493,351.4678712394548,358.9972229003906,2023100.0
2021-05-14,361.4660614010365,364.9469647545444,359.536418271055,363.6227111816406,1876100.0
2021-05-17,364.2091180488484,366.1103562396382,362.184879449165,363.1875305175781,1830800.0
2021-05-18,365.54284977707164,368.380548094296,361.8160036777922,362.0997619628906,1698200.0
2021-05-19,356.7460220664411,361.07825832320884,355.7812148834433,359.1202392578125,1725000.0
2021-05-20,358.66620305489596,363.7173034500477,357.81489918902815,362.8281555175781,1427300.0
2021-05-21,364.218595959824,364.50238313368146,359.84854482810437,360.12286376953125,1706600.0
2021-05-24,363.5469134449558,364.89010307815073,361.2294776077178,362.705078125,1657000.0
2021-05-25,362.86599970407923,364.8713022361618,361.36202280501726,364.5307922363281,1379700.0
2021-05-26,364.98478863844724,366.77255265433763,364.1902364757949,364.7577819824219,1648000.0
2021-05-27,364.2942338241685,366.79139318351787,362.75241321194557,366.5360107421875,4452000.0
2021-05-28,363.3671900438277,364.46443663458206,356.6323920223149,357.8052978515625,4681200.0
2021-06-01,359.37558995437985,359.63100129387095,355.18526209913455,357.767578125,2117800.0
2021-06-02,357.9094785117635,361.2579710216481,357.2757131081435,359.9999084472656,1881000.0
2021-06-03,359.10134115874973,363.40517282998195,358.3635117523571,363.10247802734375,1780300.0
2021-06-04,363.4051295390112,366.7819976664186,362.9510873891421,366.5549621582031,1765900.0
2021-06-07,364.61587725024475,365.5428691416068,358.08917654819055,359.8201599121094,2515800.0
2021-06-08,359.8295699480196,360.5862778703572,357.25672259889194,359.1579895019531,1553800.0
2021-06-09,359.6404360535115,361.1255051768356,358.61887730831626,359.4039611816406,1398900.0
2021-06-10,359.6971564301312,362.6199821282665,358.95935604872386,362.2889404296875,1404000.0
2021-06-11,363.0929346626706,363.0929346626706,359.9431023200161,361.1727600097656,1404200.0
2021-06-14,360.18909032550454,363.2065121373237,358.57158134431756,362.9984130859375,1652600.0
2021-06-15,362.99837964586084,363.6983359966957,360.91738932370305,363.1402587890625,1252000.0
2021-06-16,363.603726313869,365.53336918697863,356.7175797848824,358.8836975097656,1801700.0
2021-06-17,359.8012082922122,365.56173201254614,358.6944933239881,363.9347839355469,1686500.0
2021-06-18,363.93482682748913,364.08617420906563,359.7255625729183,360.2742004394531,3415700.0
2021-06-21,361.57007034980495,366.677921685424,359.9714979452776,365.8739013671875,1631600.0
2021-06-22,366.0820453246786,371.26558541879456,365.64693960020156,370.962890625,1934800.0
2021-06-23,371.738465905636,372.15466395287035,369.45884487718945,370.7641906738281,1538000.0
2021-06-24,372.1358264107304,374.10328484084266,370.6034448393215,370.8588562011719,1487300.0
2021-06-25,371.71014621429754,373.20465479757144,370.08319783846656,373.1668395996094,2056100.0
2021-06-28,373.63022106734866,375.9193100597293,371.86139400651416,375.0869140625,1645500.0
2021-06-29,374.85999193068994,377.83013046723323,374.07490798073883,377.2153015136719,1523600.0
2021-06-30,376.4396259111763,378.80437466583436,373.63030323597997,374.2640686035156,2031700.0
2021-07-01,374.8599310552981,376.1747451136607,372.57087060917445,373.1856994628906,1523400.0
2021-07-02,374.77492212716203,379.08822256576485,374.680326381306,377.35723876953125,1676600.0
2021-07-06,378.2085167172781,379.68411787804774,375.62620025264783,377.2815246582031,2113100.0
2021-07-07,377.603110059704,384.1487187484128,377.603110059704,382.78662109375,2308600.0
2021-07-08,381.67039785883003,386.5323345028681,381.34879553527793,385.1229248046875,2235500.0
2021-07-09,386.4472343264678,391.60239821676754,385.5391788770084,390.0605773925781,2304200.0
2021-07-12,391.6402207030934,391.93344722651983,382.644707596553,385.8134765625,2491300.0
2021-07-13,382.80556321036806,387.1472387237379,382.80556321036806,385.0378723144531,1540300.0
2021-07-14,386.4755779029773,388.26334168854095,385.2270125891334,387.771484375,1265800.0
2021-07-15,388.2538450568387,389.89972958027204,385.81343739779703,389.540283203125,1894100.0
2021-07-16,389.823994342012,391.05368068710436,387.6011253309122,388.1686706542969,1413900.0
2021-07-19,387.8755372976877,392.8509777848846,387.86606906561644,391.7442626953125,2293100.0
2021-07-20,391.6022947424482,395.4521116694594,390.51451636369677,393.7210998535156,2045400.0
2021-07-21,394.5441356778997,394.5441356778997,389.9187020269589,392.5577697753906,1480000.0
2021-07-22,393.4941734552331,395.9535178126404,391.17670824282686,394.95086669921875,1339200.0
2021-07-23,395.6603385435533,401.0519487634251,394.48740344948897,400.5222473144531,1344500.0
2021-07-26,400.49379454296127,401.5342896416105,397.60881296023973,400.3330078125,1220000.0
2021-07-27,401.06139323525815,401.5910946528477,398.7912401789371,401.38299560546875,1666500.0
2021-07-28,400.37086846903867,401.8748452006451,397.7885813247884,399.377685546875,1362700.0
2021-07-29,399.6145570910218,403.56636438074764,398.36362237420644,403.02618408203125,1434200.0
2021-07-30,403.68957005909624,408.9207122117539,403.6516550586698,407.2338562011719,2283900.0
2021-08-02,408.08679520856373,408.172082277271,403.21577278700977,406.47576904296875,1366900.0
2021-08-03,407.42350692916494,413.9434715642557,406.6653513292621,412.30401611328125,1448100.0
2021-08-04,413.18523974544087,415.0710989015907,410.2379919401882,412.2754821777344,1280500.0
2021-08-05,414.8437123040534,420.2928301698405,413.87709658973927,419.9990539550781,1742600.0
2021-08-06,419.5631267203229,420.25490925214444,415.9335242408634,416.6253356933594,1789800.0
2021-08-09,417.59196086027066,419.6105082969571,416.3220829389362,417.42138671875,1472500.0
2021-08-10,417.60143256080113,420.57710963693194,417.60143256080113,419.847412109375,1893700.0
2021-08-11,422.18815255107864,424.5573341029927,418.6817522859766,421.0509338378906,2267500.0
2021-08-12,419.81889629916105,423.2589519277455,419.1081419600541,422.0553894042969,1230700.0
2021-08-13,422.4535498293073,424.8985327557512,421.27844489481083,424.3868103027344,1309300.0
2021-08-16,424.47206260986445,429.47577307424694,423.6570490873562,429.16302490234375,1515600.0
2021-08-17,429.1630369516287,430.03490854429384,426.168416726263,428.6702575683594,1936700.0
2021-08-18,427.362468227167,431.4185061839439,422.56724672894353,422.86102294921875,2030100.0
2021-08-19,419.77157176043806,431.6648508128078,418.21737488107783,430.48974609375,1953700.0
2021-08-20,431.655374968078,436.5169399393281,429.9211468687263,434.97222900390625,1911200.0
2021-08-23,433.34221459326426,435.0385565479822,430.802459111559,431.1246643066406,1835900.0
2021-08-24,431.4279872239434,431.560675280961,426.7369958934361,428.1490478515625,1541700.0
2021-08-25,427.23925496531507,429.12514323529086,423.91294357622365,427.61834716796875,1520600.0
2021-08-26,427.6183418271402,428.8029326439512,423.32538586384413,425.7987976074219,1418600.0
2021-08-27,425.79873976496657,427.98786098339906,423.42007247332344,426.77484130859375,1310200.0
2021-08-30,427.4382230593999,432.6977939960913,426.86961376121616,432.07232666015625,1219800.0
2021-08-31,432.27137529061514,432.97264373022233,428.7649752512365,431.6553649902344,1699000.0
2021-09-01,431.64591108010507,432.7831008077109,428.2058550357711,432.6314697265625,1325400.0
2021-09-02,435.3798431184135,437.2941317305088,434.4037413077923,436.8487243652344,1455000.0
2021-09-03,434.98175140487746,439.34105142967127,434.98175140487746,438.3459777832031,1302400.0
2021-09-07,438.2985681837785,438.9619505579471,433.68340734718333,435.5503234863281,1463400.0
2021-09-08,435.08595828738333,441.4543193862236,434.109856655479,441.3311462402344,1372000.0
2021-09-09,442.8853908850832,445.1882287857434,440.8952722748538,441.55865478515625,1398700.0
2021-09-10,442.72422818302744,443.8898469900055,438.9619667454291,440.81939697265625,1324800.0
2021-09-13,442.6199799889925,443.73822676086667,434.2236142982669,435.6072082519531,1679500.0
2021-09-14,436.8297039645851,438.01429473472376,433.4844207865406,434.422607421875,1383900.0
2021-09-15,434.26152168744403,438.06169840687687,432.2714321865489,436.6212463378906,1770300.0
2021-09-16,436.67806807206534,439.5021139277805,432.67888851924147,439.0661926269531,1577500.0
2021-09-17,437.4646020731043,438.60182071221135,433.1053025174222,435.46502685546875,3411400.0
2021-09-20,432.73579498750405,436.82974804316757,423.2495818884063,427.5330810546875,2602000.0
2021-09-21,427.5330557955853,432.93477258093816,426.6043261815106,428.4522705078125,1531300.0
2021-09-22,430.9067137705225,431.5226951349071,426.30101020592605,428.66070556640625,1380800.0
2021-09-23,428.6322954718099,431.7122313503866,427.4951057305847,429.0871887207031,2061200.0
2021-09-24,432.1198577511337,444.19320008015524,431.19112798710165,443.2739562988281,3353800.0
2021-09-27,441.18895994773044,445.8704648267135,433.31380308772304,436.4600830078125,2526000.0
2021-09-28,433.2190681064773,433.5602163620196,422.3492621809676,423.94134521484375,2632700.0
2021-09-29,426.32950358232495,432.13874173337325,425.4102599266353,428.1490478515625,1922000.0
2021-09-30,429.8832521425722,431.5321932578249,425.78929945573105,425.8367004394531,1836400.0
2021-10-01,426.1967597409738,427.4760944671446,417.69613634083237,424.8699951171875,1860700.0
2021-10-04,424.8795407419405,425.8366993467245,413.34638110429916,417.108642578125,2264000.0
2021-10-05,416.5779014219193,425.6092199835079,416.26518219454107,422.889404296875,1808700.0
2021-10-06,420.70026700344243,426.2441571895651,419.2313861233207,425.8271789550781,1334600.0
2021-10-07,432.58408173247943,435.540815404285,428.414328376839,429.1724548339844,1966200.0
2021-10-08,431.6080127573721,431.90178895073905,426.4526714818049,428.20587158203125,1545800.0
2021-10-11,426.490601221867,429.9496005592834,426.01676490384625,426.16839599609375,1011700.0
2021-10-12,426.5948151669305,429.15354275556587,422.4250615104682,423.4864501953125,1380900.0
2021-10-13,425.06907507403974,426.9359912483527,420.83297740545504,421.99859619140625,1621500.0
2021-10-14,423.7138700151694,428.06371257320353,423.13580362785785,427.078125,1480400.0
2021-10-15,430.1391603665639,430.1865324316066,425.6756012856362,428.7176513671875,1494800.0
2021-10-18,426.0830687963675,438.156437527885,425.0311660799655,437.7773742675781,2141300.0
2021-10-19,438.7724546899739,442.7147765438465,436.2232128447518,442.6389465332031,1365300.0
2021-10-20,444.00351969878824,447.7752667486627,443.3591093246399,445.1881103515625,1352900.0
2021-10-21,445.1881539687135,452.65581880275136,444.5342575506632,452.2578125,1423300.0
2021-10-22,453.92571980267275,459.6496707875908,453.5277134796091,456.76873779296875,1710300.0
2021-10-25,456.7687659257321,466.45398229935444,454.4090701030667,464.45440673828125,1903400.0
2021-10-26,456.90139308063465,462.70114473759554,456.0484935288473,460.12347412109375,2378600.0
2021-10-27,458.53137526727903,465.78106458812783,458.2565421262956,463.51611328125,1741800.0
2021-10-28,462.2252504449105,466.8478780779963,461.7696501979298,465.6139221191406,1362400.0
2021-10-29,462.0543122457848,469.06895570778585,461.9404122057586,466.5725402832031,2471600.0
2021-11-01,469.05005237895443,469.7524843869529,462.45308927921667,466.8858642578125,1548700.0
2021-11-02,469.610014732327,474.1187417687686,467.6926296630097,471.7457275390625,2012200.0
2021-11-03,475.87480973230026,477.41251842059586,470.5687530379824,476.81451416015625,1856000.0
2021-11-04,481.25688612788684,493.78641542562707,480.30768024070846,489.4295349121094,2615000.0
2021-11-05,488.6226702058065,491.5936888851572,482.79453290411544,487.05645751953125,2071700.0
2021-11-08,487.33174373889824,487.33174373889824,474.792771698746,478.2193908691406,2834800.0
2021-11-09,479.4628076868668,483.24065703073757,478.456651901118,482.8704528808594,1881800.0
2021-11-10,482.44332362424063,484.43663252469224,478.18137011010725,479.8330078125,1226600.0
2021-11-11,480.4879528355509,486.46793735655973,478.43766497957245,486.1641845703125,1227300.0
2021-11-12,488.1291224135117,493.26430071846204,487.1609138794646,490.9007873535156,1780200.0
2021-11-15,492.15360241339425,496.52942632625104,491.6980022644375,493.4825134277344,1392300.0
2021-11-16,493.4351246665462,501.4653679418106,491.12850379501367,499.9656066894531,1690700.0
2021-11-17,500.7060243936524,503.7814417004356,497.867908520231,499.5574645996094,1609400.0
2021-11-18,501.3323974142386,503.8383140686756,495.9504179569113,502.48095703125,1664200.0
2021-11-19,506.95175934790257,508.09081769145996,501.19007421870646,506.67645263671875,1909800.0
2021-11-22,506.2303428338475,517.7157075398945,505.28113722392914,512.2388305664062,2190500.0
2021-11-23,510.63471385844866,518.0954566776069,506.65753969987816,517.5639038085938,2147000.0
2021-11-24,517.8297707247854,522.8511070616106,515.7225614156313,521.8069458007812,2316400.0
2021-11-26,521.6359153018129,526.3819432054504,516.6620873283866,518.3896484375,1844800.0
2021-11-29,518.3897618515344,532.2956498255062,514.8586861925409,526.6953125,2919100.0
2021-11-30,523.0123712233805,528.8689545123977,508.669886163723,511.98260498046875,4244200.0
2021-12-01,515.5136355438664,520.4020684810409,502.50956271589916,502.9272155761719,2877100.0
2021-12-02,492.1727584346252,503.9428767847864,487.92977795308224,498.81719970703125,3277500.0
2021-12-03,503.06969367025897,510.19824021239816,498.1148660112922,502.06353759765625,2984400.0
2021-12-06,505.21481999265336,508.82179068086185,500.77254351118455,506.1165771484375,2432900.0
2021-12-07,510.9100617411989,515.4187896432345,507.5498938034141,514.4885864257812,2579800.0
2021-12-08,518.4657512330643,519.9654547717332,498.8551258132168,503.1835021972656,3037500.0
2021-12-09,501.9400045445579,505.29072875450163,497.1939756477014,497.69708251953125,3200500.0
2021-12-10,507.54978482236737,532.7606851081231,507.45482949438764,530.4351196289062,6333600.0
2021-12-13,522.4808574931286,531.3179614210736,520.1457903031996,528.9164428710938,3415200.0
2021-12-14,528.1949313928478,528.8688302424813,510.2644249822154,517.6397705078125,3494400.0
2021-12-15,518.4655630643838,537.7154207029648,517.8201102690372,536.7567138671875,2937100.0
2021-12-16,536.1018241881558,537.7724353580567,521.5410423414648,524.5595092773438,2683000.0
2021-12-17,521.4177796063989,528.2045668699036,513.5013770962867,519.7946166992188,5752000.0
2021-12-20,514.5928428964125,521.2467835038954,510.7011230624781,520.6962280273438,2033600.0
2021-12-21,522.5376992219956,523.752710236938,508.85017026160773,517.7252197265625,2472800.0
2021-12-22,517.6778669152172,522.0631931024842,512.3812822979622,521.7499389648438,1454500.0
2021-12-23,523.7147749276555,524.5405793011838,519.6806504617145,522.4143676757812,1757800.0
2021-12-27,523.524980046816,537.0037148684322,523.4300826346279,534.8489990234375,2262900.0
2021-12-28,534.8109739092502,537.8579451386541,532.2196608229311,535.9595336914062,1155000.0
2021-12-29,537.6302565861105,542.4616822782617,534.8775362424782,538.9306640625,1753000.0
2021-12-30,540.6013762332566,540.9335751932297,533.8050281351678,535.2667846679688,1338700.0
2021-12-31,534.7920664200267,539.3862484312502,530.6345979108726,538.8641967773438,1509200.0
2022-01-03,536.3297796886013,538.6457862174855,527.2933219552305,537.9244384765625,2714100.0
2022-01-04,535.5703735351562,539.8322983357414,533.2543090504493,535.5703735351562,2097500.0
2022-01-05,535.0577636527472,536.3486695010963,521.844836523058,521.9871826171875,2887500.0
2022-01-06,518.456052341326,525.4042435086772,515.9406346085958,521.8731689453125,2503100.0
2022-01-07,519.7374694213497,520.5158248977406,507.1035463032225,508.94500732421875,2323900.0
2022-01-10,502.4050027669086,503.46810838633985,482.67103952944103,492.4478454589844,4916800.0
2022-01-11,492.44785099594236,495.93141930708794,484.37013108205315,495.5138244628906,2457300.0
2022-01-12,495.51397098930585,503.1076179932028,495.49496833261884,499.0924377441406,1729500.0
2022-01-13,500.83895174530426,502.17730640395644,489.0592755700252,490.62548828125,2428100.0
2022-01-14,485.58521139551726,486.9235660637871,476.3684023474076,477.4410095214844,3872500.0
2022-01-18,469.34431038615,469.93281337071477,462.1303402263234,463.2789001464844,3801900.0
2022-01-19,465.0064201875057,471.03385354438655,462.3581280260545,465.2626953125,2709400.0
2022-01-20,465.82269593615996,474.4889485870454,457.3652696973727,458.2955017089844,2893700.0
2022-01-21,457.4412225550043,469.4866162080634,456.87169334292514,457.1469421386719,3295600.0
2022-01-24,451.39483784287745,465.0823991718413,445.1870523378255,464.0667419433594,4412600.0
2022-01-25,455.5238588793489,458.12470247637634,448.37634034438935,453.0749206542969,3076800.0
2022-01-26,458.684675490181,468.7842089573232,454.45119726098056,458.9124755859375,3074900.0
2022-01-27,462.1873014037656,470.6067522244822,455.91303599559797,458.0107727050781,2372300.0
2022-01-28,459.1687884829582,467.7021680266071,451.7270187453851,467.4173889160156,1918500.0
2022-01-31,467.009214299092,480.6967735289062,465.70880709732097,479.4722900390625,2480700.0
2022-02-01,479.3488983124964,483.79117421991475,471.69830237167787,482.585693359375,2347200.0
2022-02-02,485.14864707539584,497.3744245446481,484.41776891031975,495.5045166015625,2547600.0
2022-02-03,490.41845163012545,500.4572544580813,488.8308916834405,496.01776123046875,2665100.0
2022-02-04,492.53838331197454,496.2364041572999,485.5891746857768,494.1164855957031,2387400.0
2022-02-07,495.57087777735643,496.2363404131068,488.84981539945574,490.42791748046875,1863600.0
2022-02-08,490.42791576549143,497.55774821775896,485.3039289176745,495.4283142089844,1462000.0
2022-02-09,501.94031889982296,507.87233156681907,499.73481659647393,502.7293701171875,2256700.0
2022-02-10,495.1621909758173,498.5844879314928,489.3442513375279,492.89013671875,2558900.0
2022-02-11,492.81405879179437,495.6184132319634,482.33793939095426,484.5149230957031,2349700.0
2022-02-14,483.86846950521283,486.2831143326987,476.69111610287064,481.55841064453125,1749600.0
2022-02-15,488.00375233139374,490.53244054529273,485.55107388230533,488.5550842285156,1984600.0
2022-02-16,486.24514103091263,489.15411085014773,476.9478390767878,487.1102600097656,1770800.0
2022-02-17,484.4865347663665,492.63356606707254,482.00533723913253,489.59149169921875,2022800.0
2022-02-18,489.477251262179,492.3386998520422,485.1422866194349,487.3667907714844,2154700.0
2022-02-22,484.8286073767486,489.1825746462205,473.572982012346,477.3945617675781,2451800.0
2022-02-23,478.11710425156537,482.89884449706614,470.3598423462262,470.816162109375,2021400.0
2022-02-24,459.41792551957553,481.54892679923546,459.14225952169215,480.6268005371094,2859800.0
2022-02-25,483.47866931010884,492.67141253180375,480.3130365300412,491.94891357421875,2003000.0
2022-02-28,488.91642970907816,493.9833808809763,486.0644963551196,493.62213134765625,2408900.0
2022-03-01,493.821744771588,503.2330892103399,493.5650522247046,497.1204528808594,2316000.0
2022-03-02,498.1377295291785,506.7791137641832,494.1165217683848,501.9403076171875,2571500.0
2022-03-03,508.1099888024652,512.3594000505389,503.4042867443522,506.7410583496094,3851800.0
2022-03-04,493.85976278521014,503.7654611263761,486.5207869015567,499.5636291503906,4417900.0
2022-03-07,497.614796496393,518.3768366028409,497.58624931499094,502.4345703125,3896900.0
2022-03-08,500.2480341953602,513.0912484469661,496.6260815993214,497.5292053222656,3649700.0
2022-03-09,501.5789967622273,504.65907535347986,490.25684741879263,501.6075439453125,2789700.0
2022-03-10,497.29150759633796,507.9957713051141,492.56683344964654,506.42718505859375,1777700.0
2022-03-11,510.134732996225,515.8671459016535,500.44766538417593,501.3887939453125,1735100.0
2022-03-14,501.7214818066286,508.88931781222107,497.7002175951292,499.9913024902344,1950000.0
2022-03-15,503.8415807285931,517.0079837328783,501.86422393899056,515.5535278320312,2547900.0
2022-03-16,517.6544884245559,524.3945255798998,505.0394170744908,516.5707397460938,3017200.0
2022-03-17,516.5326281220291,525.8679633926092,516.3900662710877,525.5067138671875,1974200.0
2022-03-18,525.6683634261716,534.7850109915644,522.3886285473269,533.6442260742188,3597800.0
2022-03-21,532.494091071044,538.7778380802312,523.6531077145936,528.1116333007812,3136900.0
2022-03-22,529.471021799535,532.6936628018818,525.0695327886058,531.8095703125,1777500.0
2022-03-23,529.4613451425695,533.0167454781676,524.6700608206106,526.6759643554688,1546800.0
2022-03-24,528.0924348939274,530.7067067709922,522.1128449932971,530.5640869140625,1614200.0
2022-03-25,532.1899115872702,532.769790916466,523.0732035783411,528.2827758789062,1974900.0
2022-03-28,529.261672665127,537.3611802761225,526.1815945659372,537.3136596679688,2056100.0
2022-03-29,539.9659484682422,543.0269951843563,536.6672406832599,541.8482055664062,2005400.0
2022-03-30,542.7706081041996,549.7103028740215,540.5271005168487,548.0181274414062,2086500.0
2022-03-31,550.1378377162933,557.3817422415252,547.1052802453993,547.428466796875,3439800.0
2022-04-01,548.8830786261998,554.2161798849427,544.0633044649186,547.1624145507812,1933500.0
2022-04-04,545.6129932398702,551.079199982359,543.2648707804,546.7442626953125,2201800.0
2022-04-05,544.3295030053318,555.1572986335923,543.8636385098289,546.9247436523438,1826800.0
2022-04-06,545.6983624079907,557.8380503749636,542.218971859975,555.92724609375,2646200.0
2022-04-07,563.0571418507901,582.0510561167685,559.7204287988443,578.039306640625,4804200.0
2022-04-08,576.451670681729,577.9917097402059,568.2285746284748,570.424560546875,3230200.0
2022-04-11,569.2363889110135,571.337334105977,554.0355929161908,555.8132934570312,2792700.0
2022-04-12,557.7335153857881,562.5247418443271,550.1949129319501,552.6665649414062,2142000.0
2022-04-13,553.7217743408394,564.1978934114044,553.7217743408394,561.9163818359375,2211800.0
2022-04-14,562.5723250611695,566.8502245127329,558.0757379599622,561.2509155273438,2206200.0
2022-04-18,556.4882704452501,562.8860892295368,550.99351749894,553.38916015625,2161900.0
2022-04-19,554.5583288252259,565.4717648373829,553.2749822301731,564.9678955078125,2327800.0
2022-04-20,569.5786651984234,575.4061205210309,567.819938091233,573.7424926757812,1793300.0
2022-04-21,577.3073527051553,579.1135422315639,561.9734540607369,562.5343017578125,2027900.0
2022-04-22,561.212818114562,562.686363142126,542.8653954215769,543.4833374023438,2878200.0
2022-04-25,542.1620406096159,542.1810720661238,526.2102567147468,540.1657104492188,3154500.0
2022-04-26,537.3517897829602,540.2893067422941,526.0010924244417,526.4288940429688,2057400.0
2022-04-27,528.7389391263697,535.8022204292787,525.5637611324069,526.7330932617188,2261600.0
2022-04-28,528.9134521383355,537.7974095217605,519.7057823940012,535.1312866210938,2118700.0
2022-04-29,534.1124691052407,534.7314164771177,504.3755639725645,506.2989501953125,2968000.0
2022-05-02,506.78456352143013,513.4213645695492,493.49201524322854,503.6614074707031,3303400.0
2022-05-03,504.66129002990385,508.7271646810237,498.66249763976754,502.8330993652344,2398000.0
2022-05-04,506.184739724114,520.029634807711,497.81500130370205,518.4013671875,2465200.0
2022-05-05,515.6780316210157,516.4112372099786,487.68359597203926,492.58740234375,3977000.0
2022-05-06,489.80718052127503,491.74962966294595,474.97202523149423,479.2949523925781,3560800.0
2022-05-09,472.3819823619424,482.8084568502566,470.70611682710336,474.9814453125,3292700.0
2022-05-10,485.3317607987002,486.21729144821387,471.93442655194326,477.4856872558594,2729400.0
2022-05-11,479.82817398183323,483.7131010628676,464.4883595443647,465.6976318359375,2782900.0
2022-05-12,463.5171004441331,473.48654213824915,456.8231983649889,462.9362487792969,2829500.0
2022-05-13,469.5349447242484,474.9434123183999,466.1927736849823,473.4960632324219,2338600.0
2022-05-16,472.4200665783287,473.88641982686164,466.21176253087606,470.88702392578125,1579700.0
2022-05-17,465.77375028614136,469.96338484959455,457.27069168059865,467.0211181640625,2602800.0
2022-05-18,438.00790287308007,441.68334654472943,404.2527169956304,408.870849609375,9511600.0
2022-05-19,409.7944165535392,409.9467705933293,398.7013977422205,402.7101135253906,5839600.0
2022-05-20,408.2994715351486,408.34709851822873,387.07515598435475,396.5208740234375,5115000.0
2022-05-23,399.9202697382067,409.44218092244967,396.74948609962314,408.9470520019531,3687200.0
2022-05-24,404.4907488032972,417.7547922925718,404.0622802634079,416.7835388183594,3473400.0
2022-05-25,415.4695661463869,422.0682731299432,410.23251463920917,419.06884765625,3225100.0
2022-05-26,427.6290955833669,445.67310231026585,426.1151149850315,442.7593994140625,5917600.0
2022-05-27,434.9608706973307,452.17650157686836,433.36119666810515,448.25347900390625,5719600.0
2022-05-31,448.2534977828427,448.2915645052056,436.13209444980146,443.9305419921875,4424500.0
2022-06-01,446.9394458889909,448.00589523039207,434.8656701818109,435.14178466796875,2319400.0
2022-06-02,438.8648374315359,467.64958256661197,435.9892309982934,464.2978515625,4950600.0
2022-06-03,461.8411927250427,464.8120239516569,452.8525074935335,453.48095703125,2857400.0
2022-06-06,457.52780696060694,458.0039024933443,446.4919159987827,449.8817138671875,2297000.0
2022-06-07,437.92222734896944,451.0815157775972,437.6175192124341,449.2247314453125,2435500.0
2022-06-08,449.2246566552545,451.7479569252255,444.5684579017703,445.6158447265625,1697000.0
2022-06-09,444.99696922215605,461.0889924231216,444.81605059496144,449.4817810058594,3087500.0
2022-06-10,442.76887329530433,445.806365309908,435.87501884639414,441.15966796875,2549900.0
2022-06-13,428.485988028607,436.7129329468678,427.43857202393497,430.62841796875,3113400.0
2022-06-14,430.6284124262911,436.82718560539723,428.75259485161064,433.0564880371094,2224600.0
2022-06-15,436.57959986512907,442.1594255139855,429.8095353943939,436.8557434082031,2250200.0
2022-06-16,428.78117650118503,435.88451404674106,426.5530527903881,430.161865234375,2906600.0
2022-06-17,429.48573678927676,433.9039169554004,422.01106072332436,425.3341979980469,3623400.0
2022-06-21,429.00963045481484,442.597414211448,427.66706675694496,440.9691467285156,2420600.0
2022-06-22,437.42699982367725,442.502164631495,436.5795359584405,437.9697265625,1827500.0
2022-06-23,444.0732677710919,453.50948312785084,443.444818286686,452.2906799316406,2030100.0
2022-06-24,457.05169836684297,461.650768295891,453.8904171457502,461.2127685546875,2862600.0
2022-06-27,462.58397229102434,463.9455986380206,454.52844343714116,458.71807861328125,2034700.0
2022-06-28,460.3843136218032,463.9454983932716,445.52062718596966,446.2061767578125,1754600.0
2022-06-29,448.4343885868373,450.35780405518614,444.1209642737701,447.37744140625,1275600.0
2022-06-30,445.91096187445913,459.0416817865032,442.50213142912855,456.36602783203125,3852400.0
2022-07-01,458.17526480427216,467.7638352822298,455.14730435604247,462.53631591796875,2660400.0
2022-07-05,462.3459119850871,467.4306090137816,455.5853493079002,464.9168395996094,2489400.0
2022-07-06,464.91675965887686,473.2579325692611,464.4596975446328,469.09686279296875,2262300.0
2022-07-07,468.5351714710526,471.8392758994019,465.83095211212714,471.2870178222656,2125200.0
2022-07-08,473.54364240406596,481.351591289458,473.23893430530705,477.5618896484375,2607800.0
2022-07-11,477.16196093715115,481.3801601962302,471.1822024732897,475.048095703125,1891100.0
2022-07-12,473.248476122189,477.90467517798305,464.70732136654584,467.1163635253906,1775300.0
2022-07-13,461.16516616462224,473.54364954230095,460.6890706500961,468.6874694824219,2008400.0
2022-07-14,472.3725162697563,488.7311827321466,470.02060290640316,487.4647521972656,3715600.0
2022-07-15,492.206653999527,499.70992523124335,491.12120021120757,497.9483947753906,4265100.0
2022-07-18,496.9104215187649,503.2615778469917,491.01635642716906,491.6162414550781,2464100.0
2022-07-19,497.43404565175484,500.4525327895844,492.2541245899579,495.3582763671875,2391000.0
2022-07-20,496.3391968896269,501.00489892452583,492.10193440332944,499.1386413574219,1740700.0
2022-07-21,498.98614718123173,504.41364746618916,496.6627988330136,504.1470642089844,1716100.0
2022-07-22,505.3373713496171,511.43135966099095,500.91919059480574,504.3946533203125,1800800.0
2022-07-25,506.01340333956415,506.84180498853124,500.85254359283135,503.8424377441406,1452700.0
2022-07-26,490.37831114803396,494.83455756460637,484.4366492592708,487.455078125,3334800.0
2022-07-27,488.5692572999672,500.20506340916893,486.7315644075176,497.3389587402344,2060100.0
2022-07-28,496.26109715356057,514.2885362910067,496.26109715356057,511.4270324707031,2083300.0
2022-07-29,507.4400186093523,517.0928203209918,507.34465843418576,516.3106689453125,2131500.0
2022-08-01,516.425041389569,527.1938697929877,516.2629058308828,521.5662231445312,2256000.0
2022-08-02,518.9146643867376,525.6009960172557,515.8051542819128,518.3709716796875,1984200.0
2022-08-03,519.8397415727278,523.3689404525793,517.0926938772976,521.7569580078125,1693300.0
2022-08-04,521.7475164867263,521.9382950466635,515.7097272802464,518.1992797851562,2000500.0
2022-08-05,512.4380712323821,516.5967759542353,508.7276408106977,515.709716796875,1711500.0
2022-08-08,518.7334370673975,522.2244461051373,513.8020702442376,516.8829956054688,1344100.0
2022-08-09,518.5426730030993,519.8398741296579,509.24278534665126,511.08367919921875,1877300.0
2022-08-10,519.3439534404591,524.5232694200204,512.4858788975682,514.8991088867188,2336600.0
2022-08-11,518.1610493251765,518.399507952413,507.3350509356117,507.6307373046875,2340200.0
2022-08-12,511.4270073222485,513.5445503182181,509.09010100709133,512.4094848632812,1918200.0
2022-08-15,511.6368465376621,521.7474689003092,510.9500554280165,520.55517578125,1848000.0
2022-08-16,525.6582196925783,534.1187278554127,523.6265473568187,527.4896240234375,2498000.0
2022-08-17,524.6089661073423,533.6227136230376,523.664679283139,530.63720703125,1835200.0
2022-08-18,533.2508012155974,538.67812274468,530.7326637479769,535.0631103515625,1619200.0
2022-08-19,532.8597255572084,533.441550694276,527.6326723321123,528.929931640625,1617000.0
2022-08-22,527.4704259156896,527.4704259156896,519.1625072906407,520.2880249023438,1860900.0
2022-08-23,520.545661501618,520.8032154614306,512.0947013039917,517.0451049804688,1359000.0
2022-08-24,517.6936934866916,520.0496368420204,514.460180443258,518.1419677734375,1145800.0
2022-08-25,520.5456898351028,525.4769984592834,514.6414512808437,525.343505859375,1483300.0
2022-08-26,524.6090792519377,527.1558015721478,507.1252730916192,507.26837158203125,1886800.0
2022-08-29,502.69956372216694,510.7785162305866,499.8094164422547,506.5434875488281,1579900.0
2022-08-30,509.6147366061365,511.26485170041775,497.4342511246979,499.9428405761719,1872700.0
2022-08-31,501.27829470630104,502.0223137573847,496.24207748782703,497.9971008300781,2179800.0
2022-09-01,495.7269126032962,505.1317664264052,493.161153302956,504.74066162109375,2280600.0
2022-09-02,508.10775011399306,510.1489703191955,492.22637926640914,495.1451110839844,1901700.0
2022-09-06,496.146576385958,498.99859072229407,488.86887199985,494.9447937011719,1933400.0
2022-09-07,495.9940154111345,507.1157017564077,494.9448205885896,505.1889953613281,1827900.0
2022-09-08,500.12411583679943,508.4224885619782,497.4819753455758,504.6929626464844,1600800.0
2022-09-09,507.5545914667152,513.2203727568832,505.0841918277165,511.8087158203125,1930900.0
2022-09-12,512.9053311720403,517.5504998424013,512.2090507196338,514.6127319335938,1522400.0
2022-09-13,506.28588439595995,507.66895631331244,485.2061614399265,486.7418212890625,2881400.0
2022-09-14,490.1374612497019,490.28055973475665,479.8932863822588,484.5480041503906,2007300.0
2022-09-15,484.9294903660739,485.5590246763587,477.4228169451881,480.2557067871094,1749600.0
2022-09-16,476.5071493915664,483.05998831630274,474.34192625959173,480.8661804199219,3004800.0
2022-09-19,478.97760673694535,483.31754270927524,475.85857794054095,483.18402099609375,1441300.0
2022-09-20,479.77879697861795,480.1889388646934,470.6410744483736,476.4594421386719,1843100.0
2022-09-21,479.30187350706365,483.0504363973542,470.24044505270126,470.3072204589844,2082600.0
2022-09-22,471.1943041372844,471.1943041372844,462.04703358847576,464.67962646484375,3133100.0
2022-09-23,456.8295324083712,460.053497920298,442.1309381554638,444.8684387207031,5377800.0
2022-09-26,444.3629726288332,461.7609084611869,443.7334382258565,458.1268005371094,4001900.0
2022-09-27,463.07715891867423,465.8528211473476,453.4815849998105,456.2190856933594,2412400.0
2022-09-28,459.29999331950006,468.85740593908287,452.2988505506079,465.7479248046875,2419500.0
2022-09-29,463.1916671132022,466.4347284671302,452.184435338375,456.8677673339844,1963900.0
2022-09-30,458.4701236848897,461.4937629430461,450.0859097414002,450.4674377441406,2436700.0
2022-10-03,452.59445817198474,458.641765247559,448.6837310046033,455.67535400390625,2338500.0
2022-10-04,461.4937546362047,465.49032370444,458.5368908366494,463.6875915527344,2175600.0
2022-10-05,459.0806133670733,461.53197544620076,452.89978335741193,458.1458740234375,1587700.0
2022-10-06,461.1313699404454,471.0798582838321,459.67200410056563,460.2156677246094,2430700.0
2022-10-07,456.1809727354826,456.99170890760035,444.6014060180789,446.5376892089844,2568100.0
2022-10-10,448.00649677642343,448.54064172974347,440.2994982635775,444.78253173828125,1616300.0
2022-10-11,443.53312546053246,455.2176002710519,442.29315202208954,450.2290344238281,2341400.0
2022-10-12,452.42275186940174,457.59251815678897,444.7729811442671,444.84930419921875,2043900.0
2022-10-13,437.0375327054234,449.9619815185224,428.300403176778,446.3851013183594,3390900.0
2022-10-14,450.2386018011152,451.53583215709415,432.84066581986673,433.66094970703125,2301600.0
2022-10-17,440.3378034130549,445.3263695995461,439.22183306430514,442.7414855957031,2097500.0
2022-10-18,451.3545793790443,454.5212883740852,447.1862974023475,451.42132568359375,1864000.0
2022-10-19,446.2133224411826,452.94739179302917,445.3930387299022,449.66619873046875,1207600.0
2022-10-20,449.25609313779455,450.2862216900182,441.53957477630877,443.1706237792969,1709500.0
2022-10-21,442.3025970729161,457.4304276950823,440.9386206955502,456.1045837402344,2508400.0
2022-10-24,459.37630587084544,475.0096702349007,458.804028350313,474.0272216796875,2366200.0
2022-10-25,470.5456896544007,477.0985286683165,467.8558691089046,476.02069091796875,2130900.0
2022-10-26,475.0096892468021,483.9948250922013,472.8063333783915,476.39276123046875,2088700.0
2022-10-27,477.5966745239097,480.65446687696254,472.1786856967043,474.4720153808594,1576600.0
2022-10-28,475.19822228005734,490.028477401785,473.9273450021353,488.1651306152344,2369300.0
2022-10-31,486.98982217298044,486.98982217298044,478.25602188186417,479.2115783691406,2192200.0
2022-11-01,481.3138833921607,484.83988966922584,477.5680885934169,477.7400817871094,1586300.0
2022-11-02,475.67603054443623,480.87426041774904,461.7917952840169,462.0211486816406,2464400.0
2022-11-03,459.5079874086773,469.49353475067653,458.3899735383556,464.67755126953125,2010400.0
2022-11-04,468.60489739594874,470.735798869126,455.31310310560065,464.792236328125,1987300.0
2022-11-07,455.84816807169585,468.2226350922111,453.41151092092684,466.8370666503906,2036000.0
2022-11-08,468.9202070080682,476.11554560018203,462.9766449786332,470.8599853515625,1709900.0
2022-11-09,470.0382172146994,475.4657709131013,465.2222044873228,468.1940002441406,1640500.0
2022-11-10,482.5082919624513,491.9682668212862,479.1160487105488,490.3247375488281,3098300.0
2022-11-11,490.3246690718861,493.8698043761596,484.1899840419007,492.5606384277344,2393500.0
2022-11-14,492.8474414714283,497.5583284650924,486.77965128794705,487.028076171875,1820200.0
2022-11-15,496.88938523599984,506.25382737017014,496.88938523599984,503.0718078613281,2502200.0
2022-11-16,498.14113449189614,505.06891880829096,497.05178613301257,500.8166809082031,1833600.0
2022-11-17,495.93385860032896,498.5998404279026,490.16231792795554,498.1507568359375,1902500.0
2022-11-18,503.45397119426616,506.0052903272527,495.15974904637704,500.39617919921875,1584400.0
2022-11-21,502.3742834631496,503.8458778537224,498.8769722063845,500.109619140625,1268300.0
2022-11-22,506.40680128986816,509.1205493976664,503.27254761883705,508.308349609375,1809100.0
2022-11-23,510.2672601975726,512.9428072007652,506.82727952526085,510.7354736328125,1288200.0
2022-11-25,510.4200389965106,512.0444967257172,509.3785150627091,509.9422607421875,744200.0
2022-11-28,507.29527721411256,512.4170447737927,505.4319308413391,507.32391357421875,1684300.0
2022-11-29,507.4387792551031,509.99966406242555,504.53390805333794,505.4512634277344,1685700.0
2022-11-30,503.97005918968125,518.4658941839393,498.9343157823875,515.2838745117188,3601800.0
2022-12-01,496.06760583784245,496.06760583784245,473.64069404902585,481.4666748046875,6970400.0
2022-12-02,476.3640530020532,476.7940651250695,470.23893186040794,472.5513916015625,3632100.0
2022-12-05,470.6115635865205,470.8026865458857,463.18690027936475,466.9422302246094,2455300.0
2022-12-06,468.8533605730899,469.6273590130854,455.9629125881744,459.77557373046875,2995900.0
2022-12-07,457.7975835376703,464.91649149186526,457.58735993045013,460.5495910644531,2072600.0
2022-12-08,461.43822227316565,461.8491045643456,452.455997117242,460.0240173339844,2901000.0
2022-12-09,453.9848958651642,468.30867837020975,449.58933016309044,461.5528869628906,4211100.0
2022-12-12,461.2758412535297,466.13962077687154,459.3073970192899,466.0058288574219,2276400.0
2022-12-13,474.9498013369945,475.8384618653496,460.14821162114134,466.502685546875,2626700.0
2022-12-14,467.1333075417521,469.83754859888774,459.6608783390249,462.0306396484375,2145000.0
2022-12-15,454.2142405411482,455.5138125945937,442.5755689257806,443.292236328125,3437700.0
2022-12-16,440.7600312748992,444.13314478880176,436.5746888470707,440.94158935546875,4909200.0
2022-12-19,440.43508911192714,442.8144153264889,435.12216845356323,438.2468566894531,1939200.0
2022-12-20,436.2687985226735,439.79480373615354,432.4179076542372,437.4728088378906,1993700.0
2022-12-21,438.96356009774865,443.0820063780032,435.92489735403217,441.5244445800781,1462400.0
2022-12-22,438.266033194134,439.93825726106127,433.23982525692156,438.3233642578125,1906100.0
2022-12-23,437.18621661433565,442.5946701168709,434.58710166543653,442.0882263183594,1229500.0
2022-12-27,443.7603966882788,444.04708111173227,436.79438220448753,438.12261962890625,1230800.0
2022-12-28,437.20540530934926,439.99561444492014,432.6760468809509,432.85760498046875,1324100.0
2022-12-29,435.38023930482234,438.60046024034773,433.3066687424432,436.240234375,1465000.0
2022-12-30,434.4437016838017,436.4026097566265,430.7170376396388,436.21148681640625,1803200.0
2023-01-03,437.6448713428374,438.409304868448,427.99374498533746,433.1346435546875,1978100.0
2023-01-04,436.8613307682418,439.08779383068764,432.47532976094425,436.2688903808594,2097300.0
2023-01-05,434.33868367285254,436.14467039377485,429.63733260213877,430.1820068359375,2169300.0
2023-01-06,442.49904601139815,462.89064530140314,441.67728150270716,461.4095153808594,5174500.0
2023-01-09,461.4669983991599,465.23189419750753,456.88990272028326,457.4727783203125,2384800.0
2023-01-10,455.93420179716014,460.66418855409614,454.34797464909366,460.0048522949219,1649900.0
2023-01-11,458.98242771896406,462.9862116726351,457.81664765577375,462.7855529785156,1576400.0
2023-01-12,463.43538883729985,463.44495373496375,457.47272494971935,460.9891662597656,1628200.0
2023-01-13,459.5175948889599,464.0086930947285,457.7115790452127,463.6838073730469,1405900.0
2023-01-17,463.5691329609473,468.6813661062494,462.8429006839358,465.13623046875,1539900.0
2023-01-18,463.2633432464159,467.0855692366332,457.2528847116435,458.1606750488281,1925500.0
2023-01-19,455.07421284161916,456.33555440539334,447.26733265934155,448.62420654296875,1919500.0
2023-01-20,452.8573187715473,458.97287412687757,448.60508096879806,458.7721862792969,2588600.0
2023-01-23,458.61932540895936,473.2297623921204,456.3737619409114,470.7166442871094,2709400.0
2023-01-24,470.1815910587625,471.6627212152574,465.36560701936287,470.2389221191406,1510200.0
2023-01-25,467.61119487616054,470.076547398427,462.9672034887321,469.06365966796875,1329800.0
2023-01-26,471.28043319537846,476.50732792584756,469.9139653661706,476.15374755859375,1576400.0
2023-01-27,477.54891438973596,486.4738083876682,475.73333375399227,480.9220275878906,2034100.0
2023-01-30,478.13177232217976,483.12934301298804,478.13177232217976,480.9124450683594,1855900.0
2023-01-31,480.864731472447,488.6811770253991,479.6893864220006,488.4231872558594,1924100.0
2023-02-01,485.71892333881095,497.3193932738465,482.28847899499397,494.8922424316406,2080200.0
2023-02-02,501.86082330372204,507.37441952787736,498.367005563283,501.0376281738281,2287400.0
2023-02-03,496.92154219851307,499.2379978618307,490.57516996003193,492.7767639160156,1844100.0
2023-02-06,492.43219379597133,495.09323466235935,490.3550430303294,493.53302001953125,1740100.0
2023-02-07,490.0870150044107,495.8303344952476,485.683826764396,494.4328308105469,1927300.0
2023-02-08,489.4169734136443,490.26888393884894,480.1032132215325,482.2569580078125,2062900.0
2023-02-09,483.6736610230398,487.3780974354312,477.0975648538137,479.2130126953125,1517300.0
2023-02-10,477.1836751194793,479.1363825740568,474.18757232542583,478.600341796875,1536800.0
2023-02-13,480.2755003652897,485.10947835819155,479.9021997968109,484.7840270996094,1452600.0
2023-02-14,483.4057233874362,486.1242249172828,477.2986545849333,481.6922912597656,1257300.0
2023-02-15,481.22322087447463,489.5414650072569,479.89267105336603,489.4074401855469,1422600.0
2023-02-16,482.06548829446683,488.8809183576662,482.0559359598777,482.5345458984375,1456000.0
2023-02-17,482.69729195244145,485.9901309056863,480.3712544931072,485.7699890136719,1340400.0
2023-02-21,479.39488672878383,482.42925751254273,475.3075389799386,480.2755126953125,1811800.0
2023-02-22,482.3622782528329,483.8363759070936,475.35542137941775,476.11163330078125,1332000.0
2023-02-23,477.46132707353587,477.51875793690476,466.989337876075,472.0434875488281,1546300.0
2023-02-24,467.6785599575585,469.38241048092544,463.9645706954612,467.707275390625,1587600.0
2023-02-27,471.47869861211586,471.90945929628793,464.9026018958479,466.1948547363281,1501700.0
2023-02-28,464.8260621995221,467.9657427955615,463.083914697344,463.466796875,1918200.0
2023-03-01,460.5184504271538,461.9351170317777,454.69853769952226,458.1924133300781,1759300.0
2023-03-02,456.9384516984942,466.57766255931284,455.21546766037966,464.912109375,2379200.0
2023-03-03,454.51674845322094,455.63670867868893,445.4231586791715,454.9283752441406,5354200.0
2023-03-06,456.1344575830748,467.9082809476645,455.1772375962969,462.413818359375,3104700.0
2023-03-07,465.30454259827064,474.0248008041161,464.2515949940226,464.3951721191406,2659100.0
2023-03-08,462.33723555728517,466.0512536348593,460.556820473189,465.2471923828125,1548500.0
2023-03-09,466.6255954101819,469.0377791868101,458.14461139626025,459.006103515625,1629400.0
2023-03-10,458.489220007834,459.90588683145927,448.34268274321755,450.984619140625,2123000.0
2023-03-13,446.83018468287224,456.2971023937561,446.83018468287224,451.8077392578125,1799600.0
2023-03-14,455.09105913997547,464.40481946941975,452.76502174738334,461.3034362792969,2422900.0
2023-03-15,460.9110265994011,466.1852891074533,458.0680819380802,464.88348388671875,2226300.0
2023-03-16,464.1846393006226,467.2573362136402,462.10748847544596,466.41497802734375,1979600.0
2023-03-17,468.1475923532777,468.942072099884,460.9110114911311,466.2139892578125,3959300.0
2023-03-20,467.12336282760833,469.79401482314455,464.94090238287885,468.3581848144531,1623800.0
2023-03-21,471.9093962742132,471.9093962742132,465.1992756324841,469.85137939453125,1664000.0
2023-03-22,468.5208272355952,475.37452497871146,466.50110734096154,466.663818359375,1299700.0
2023-03-23,469.69826318666986,472.14874394040635,463.5720613023285,466.89361572265625,1565900.0
2023-03-24,466.10867671611607,474.75237154641025,465.7449284674913,474.0823059082031,1635200.0
2023-03-27,476.00633630078954,478.4759509222987,471.44040764858835,472.1200256347656,1452100.0
2023-03-28,471.53617624498384,472.92415706539714,464.6442090988943,465.9460144042969,1407800.0
2023-03-29,468.2719730884412,470.2821114501066,465.1131299834787,469.8705139160156,1643000.0
2023-03-30,471.90940095748994,474.53217408149254,469.9949611970133,470.4544372558594,1545500.0
2023-03-31,473.823864492051,477.040109429251,472.80921370505087,475.6138610839844,2082000.0
2023-04-03,475.25973389050034,477.84423959647165,473.82390387874653,475.7670593261719,1804700.0
2023-04-04,475.25971219925026,481.0795967279719,474.30249223510276,476.4371032714844,1913300.0
2023-04-05,477.65269783417466,482.5632402633888,473.97697717191653,475.8627014160156,1941500.0
2023-04-06,461.38001241224816,466.9797549198245,457.07252266981016,465.18975830078125,4114700.0
2023-04-10,463.1987611999422,472.7709613868063,461.05459770593643,472.7039489746094,1653600.0
2023-04-11,472.70394159451337,478.6004203230072,471.9094618447036,477.3177490234375,1547400.0
2023-04-12,478.60994382233736,478.6577931319065,467.64021208929853,468.4155578613281,2063700.0
2023-04-13,472.3784192086927,477.11666919895214,469.33446706577826,476.5902099609375,1600500.0
2023-04-14,474.9629544403277,478.96412669502746,469.19091949122645,470.2821350097656,1675300.0
2023-04-17,471.68921350965354,476.59020366460567,470.1385220313735,472.8091735839844,1411800.0
2023-04-18,474.8767224592671,476.3412675040974,472.9814168433574,475.6424865722656,1339600.0
2023-04-19,475.8627928342646,476.68598802902574,472.7039492435801,474.8098449707031,1098800.0
2023-04-20,474.54174405265456,488.81389562431133,474.3120206348514,483.9512023925781,2936500.0
2023-04-21,487.57914838569417,488.79483648553526,483.8364146675103,484.6883544921875,1508600.0
2023-04-24,484.44902569303423,489.79988174294476,484.1714237263563,489.54144287109375,1374100.0
2023-04-25,489.2638723415301,491.17831237701074,480.77333545809944,481.6444091796875,1789900.0
2023-04-26,479.01200921902193,481.35718051538186,472.28275429371996,473.4984130859375,1441900.0
2023-04-27,473.6610335117904,480.7731984174821,473.6610335117904,479.8255310058594,1361600.0
2023-04-28,480.1033024167916,483.23340157137403,479.2226762993122,481.6922912597656,1170200.0
2023-05-01,477.79629174574717,478.6577837853989,467.88906025967174,472.4741516113281,2203200.0
2023-05-02,473.82387241739116,474.4747749686116,468.85589856962787,473.6419982910156,1940800.0
2023-05-03,475.35541068449254,477.44214306658836,468.71230220656315,469.0951843261719,1426400.0
2023-05-04,468.9992964194763,470.8889540090412,466.11204551906945,470.3421936035156,1487000.0
2023-05-05,473.0855186540642,479.0326424995709,472.8744898847519,478.7065124511719,1709200.0
2023-05-08,477.08543446712736,479.84798225704844,475.48355954490404,478.7065124511719,1015000.0
2023-05-09,476.6922426155344,481.2772964970972,476.1455114362279,480.3660583496094,1571800.0
2023-05-10,481.47862643065605,484.37544907589324,474.9079890174589,479.2820129394531,1257600.0
2023-05-11,479.13826356297625,482.48591992232485,477.25817806686285,481.42120361328125,1046700.0
2023-05-12,482.6489790712029,485.39232420953255,480.75932139573024,483.51226806640625,1472800.0
2023-05-15,483.45469052935755,484.40430544396895,478.51470241190526,481.5650329589844,1135700.0
2023-05-16,479.60824200356717,479.88642298035916,474.1406963355409,475.9152526855469,1229300.0
2023-05-17,477.6897830847538,477.69938461642073,471.838556995589,474.8121337890625,2069500.0
2023-05-18,474.81218945944556,478.2653748737438,473.92969735852705,477.7857666015625,2298900.0
2023-05-19,479.02311740458157,479.02311740458157,473.7762022479125,476.2701416015625,1635000.0
2023-05-22,476.73059977430876,476.73059977430876,468.6156363930916,471.809814453125,1943800.0
2023-05-23,467.3014606174831,467.3014606174831,463.2727400787382,465.0952453613281,1800200.0
2023-05-24,467.37819185755427,467.37819185755427,461.29676338185016,463.0713195800781,1600600.0
2023-05-25,460.6252976322998,468.61558660913875,457.3064170963673,466.70672607421875,3421900.0
2023-05-26,465.84349016114436,489.9198303099718,464.37589007827097,486.5721740722656,5302600.0
2023-05-30,488.99892966978604,493.79498232735875,481.1333435945263,487.3106994628906,2544800.0
2023-05-31,488.1068507969589,492.91253440258123,484.3563403751986,490.6967468261719,3320800.0
2023-06-01,488.5577086390643,492.7878567572811,481.62259234031774,491.6943359375,2407700.0
2023-06-02,489.50737425032855,497.35375824202,488.6248821849152,491.684814453125,2284800.0
2023-06-05,491.6847828061316,497.75658074378237,491.1380224075228,497.1139221191406,2023500.0
2023-06-06,497.1138481621356,497.47835504031275,491.8477600352032,495.20501708984375,1410300.0
2023-06-07,493.5264778903324,498.1115021966782,489.7471626372194,490.3802490234375,1784700.0
2023-06-08,491.5983976057237,499.07067217279877,491.5983976057237,498.8788757324219,1530400.0
2023-06-09,497.0563633869247,500.76852628125204,494.4760688526269,496.1835021972656,1287300.0
2023-06-12,496.18359986501963,500.0108648004348,494.95577449291034,499.7230529785156,1404500.0
2023-06-13,500.730224609375,501.6222889440861,496.7878002321938,500.730224609375,1204700.0
2023-06-14,503.5885649387073,506.3223080157218,501.80443664537324,505.6988525390625,1841400.0
2023-06-15,507.42549259897686,509.59333110294807,505.18090038757595,507.59814453125,1871600.0
2023-06-16,508.48063113047004,508.7875874286764,501.3153121480409,502.2937316894531,3147800.0
2023-06-20,500.6630282310737,501.5742955503665,497.00841596816235,498.5047912597656,1684400.0
2023-06-21,496.78772795233004,500.3656448490498,495.47360619977707,498.4280090332031,1273600.0
2023-06-22,499.4544298601456,503.2816942368638,498.4856118508154,502.8212890625,1114000.0
2023-06-23,501.7948814908616,503.97232145995815,498.15947240070636,503.05145263671875,1434300.0
2023-06-26,503.0130392923815,503.463842840725,500.0010861302932,502.0729675292969,1278500.0
2023-06-27,501.3345183796017,510.69642207736706,500.80690247708174,508.7012939453125,1673600.0
2023-06-28,507.4063424621548,511.732418389672,507.0514370289197,511.070556640625,1245200.0
2023-06-29,508.94102122008627,510.73475108921707,507.37749390482395,510.0057373046875,1121800.0
2023-06-30,512.3845906141114,517.5547808857505,511.8666348522136,516.4229125976562,2221900.0
2023-07-03,515.3390171460017,519.0128323953874,512.5477231483767,518.9744262695312,951400.0
2023-07-05,519.1471487538387,523.7801810445118,515.5788913196826,519.0608520507812,1630400.0
2023-07-06,516.9025888706653,518.2646598990226,514.6964026440768,515.4541625976562,1750100.0
2023-07-07,512.1160339856463,514.5812270442946,503.23368116816016,503.63653564453125,2740600.0
2023-07-10,503.6462092455425,509.4878634454858,503.6462092455425,505.5166931152344,1955600.0
2023-07-11,505.98660021720235,509.1136547347066,504.6916816255346,508.0393371582031,1262300.0
2023-07-12,510.3031727390219,518.0824044227988,509.4494560118003,516.0584716796875,1960500.0
2023-07-13,515.8667201130307,517.132893159379,511.0610351666001,516.490234375,1647200.0
2023-07-14,516.739495704184,524.5570743543866,516.1543291964683,524.4036254882812,1828700.0
2023-07-17,523.9048701442216,531.6074068765234,523.8281164300137,530.4083862304688,1909900.0
2023-07-18,530.1301130335518,532.3651036453176,526.9839136757081,531.0126342773438,1778800.0
2023-07-19,531.8663800533002,533.2189081901463,529.5067447824388,531.511474609375,1261100.0
2023-07-20,531.2236838851337,538.1876049947906,531.127785654162,534.2452392578125,1732800.0
2023-07-21,536.3650306444536,539.1275786252777,534.715206499588,535.1084594726562,5264300.0
2023-07-24,535.2427618633143,543.4632536005969,533.2092277384752,540.930908203125,2086400.0
2023-07-25,543.6550434855783,544.4032017590042,541.2857487702427,542.1394653320312,1602500.0
2023-07-26,542.4465936774644,544.8638382657499,540.44180520535,543.0796508789062,1306400.0
2023-07-27,544.5662433521435,547.8659497273106,537.7366280598536,538.91650390625,1485300.0
2023-07-28,541.5543861348841,544.6526362270463,539.6743010024275,540.3457641601562,1371400.0
2023-07-31,540.0388235728282,541.2761916302376,536.2499071511879,537.8038330078125,1365900.0
2023-08-01,537.7655074933109,539.9237444433879,531.9238537215624,532.81591796875,1445300.0
2023-08-02,529.7368234326058,533.9285941399893,528.5474045425361,529.8231201171875,1635000.0
2023-08-03,530.9549986624721,537.4968019633465,529.6983691716099,534.9453125,1463400.0
2023-08-04,538.1875703512571,538.3985698641841,528.921506835458,529.5258178710938,1142000.0
2023-08-07,532.355482742218,536.7391085697623,532.355482742218,535.635986328125,1015400.0
2023-08-08,535.2428459952126,536.1061643264815,529.3340976849385,533.4395141601562,1020400.0
2023-08-09,535.2235913360493,539.1660155531499,534.1013244503276,536.8734741210938,1471800.0
2023-08-10,540.2307353653338,545.9956358001067,537.8326941559226,538.5904541015625,1107200.0
2023-08-11,537.4969497221923,541.9573299266865,536.2308354452596,540.0005493164062,1043100.0
2023-08-14,541.7366891252681,544.5567878088873,537.5832655351585,538.5712280273438,1247600.0
2023-08-15,538.168383361623,542.1107489625764,535.4346398680395,535.7319946289062,1124300.0
2023-08-16,538.7919472731788,541.909401057375,535.9334421459745,536.25,1340100.0
2023-08-17,536.652775753443,537.5640430503495,522.8496961353799,524.796875,1941900.0
2023-08-18,524.6147453382941,527.060736047037,520.9601323027534,522.7155151367188,1878100.0
2023-08-21,521.6794247797227,522.9168514229668,514.4277510329331,521.0559692382812,2076100.0
2023-08-22,519.8568812821336,519.8568812821336,515.5787555548602,516.4132690429688,1286000.0
2023-08-23,516.9792818160271,519.0991125487936,514.3701828156474,518.8017578125,1295800.0
2023-08-24,518.2732654816326,519.9166460522408,510.1333786791751,510.98870849609375,1587500.0
2023-08-25,512.1418686948579,514.9096365296961,509.8834743156577,513.1990356445312,1511500.0
2023-08-28,515.1115305664684,516.1109795840441,512.3437624261244,515.2941284179688,945800.0
2023-08-29,513.5162091781544,521.9059727204698,513.5162091781544,521.61767578125,1468500.0
2023-08-30,521.5790967480505,523.2032376258575,518.2923949601145,521.12744140625,1292800.0
2023-08-31,518.955526388192,530.6800889008629,518.955526388192,527.8739013671875,2086500.0
2023-09-01,531.516259951203,531.9102559907205,519.5706777812063,523.0399780273438,1437700.0
2023-09-05,524.4622495421337,527.7874304414602,522.7996884207431,523.501220703125,1714300.0
2023-09-06,520.6085435971983,527.2973258067336,519.128580218801,525.3848876953125,1476600.0
2023-09-07,527.2686051200353,529.517380221107,523.0784739356998,527.23974609375,1340000.0
2023-09-08,527.6720354691481,530.8530381206183,526.7398071285346,529.7094116210938,1075300.0
2023-09-11,531.2662900876863,537.5898755573293,530.3533010625304,537.003662109375,1388600.0
2023-09-12,537.4841979971369,538.5605455257247,534.5049736197795,537.0132446289062,1055500.0
2023-09-13,536.5424333036847,538.5990492662198,533.0058539234687,537.945556640625,1162700.0
2023-09-14,542.7987349813542,544.6150936943774,538.4164455087498,542.7603149414062,1257300.0
2023-09-15,543.2983754857786,543.4713536142966,533.8898669017505,534.6779174804688,2945300.0
2023-09-18,536.4270504465471,542.2028429400659,535.7446988797732,540.7901000976562,1003100.0
2023-09-19,539.7522169347097,543.298415471668,537.6283222190486,542.3565673828125,1144700.0
2023-09-20,542.3566287283644,547.0368347139129,540.7324875636339,541.85693359375,1311500.0
2023-09-21,542.0876394415176,542.5681539453935,532.6791865719845,533.447998046875,1687700.0
2023-09-22,533.5246648779827,541.0302966448857,533.1595279376427,536.821044921875,1527300.0
2023-09-25,537.685943801157,539.3966030608213,533.1210574267187,536.849853515625,1313300.0
2023-09-26,537.3592932593892,539.4927491048716,530.4879136686359,531.4105224609375,2425100.0
2023-09-27,526.0480237691369,544.4228923360391,523.5012736256858,541.5686645507812,4591400.0
2023-09-28,542.0874382597856,549.8813665425669,542.0874382597856,546.4697265625,2192400.0
2023-09-29,547.786558459342,548.7379678337221,538.8490000263171,542.9429931640625,1887500.0
2023-10-02,545.7778884833622,549.4586455381747,542.0202913504345,549.04541015625,1831700.0
2023-10-03,548.8434850868327,553.7351471389538,541.068795496804,543.0196533203125,2007400.0
2023-10-04,547.2964436194268,550.2948496687482,541.7897657386355,549.5164184570312,1798800.0
2023-10-05,549.8718253723885,552.35129607001,542.3661928821007,547.3251342773438,1579700.0
2023-10-06,544.0288335986698,544.8553043109722,521.4830762376381,535.8024291992188,4246700.0
2023-10-09,533.3709016348691,537.9357877299424,528.3543602286829,537.1861572265625,1781500.0
2023-10-10,538.0992176989552,544.8552781727892,535.5236676091341,540.1846923828125,2176800.0
2023-10-11,542.8372084724746,544.4229297888506,538.3684588058285,543.4811401367188,1449800.0
2023-10-12,545.9124524236103,546.9599997287137,540.4634350092987,541.8088989257812,1458000.0
2023-10-13,541.876168892005,545.3262887517058,540.0790493853573,544.7496948242188,1243900.0
2023-10-16,547.4885360764417,551.7266475593341,546.3641487289882,549.9391479492188,1428300.0
2023-10-17,549.6507221591579,553.6101554594827,548.4686757032285,551.9572143554688,1404600.0
2023-10-18,551.5535123117867,554.8017936406458,549.7083538416014,552.2454833984375,1311900.0
2023-10-19,551.3421166872145,553.4082929725627,542.1258266522174,543.5866088867188,2019600.0
2023-10-20,544.461303395009,544.5862418471731,530.4975836843381,531.3817138671875,2295400.0
2023-10-23,532.5445401259542,535.2161698230823,525.3272040894769,530.7666015625,1776500.0
2023-10-24,530.5839857010612,534.3224018718155,527.9219757679433,530.3341674804688,1678600.0
2023-10-25,527.1724513295401,532.2467126538806,524.3470236958858,528.5563354492188,1757500.0
2023-10-26,528.2296168376101,533.0443228882333,524.2701820237124,526.2594604492188,1925300.0
2023-10-27,526.2594041829113,526.6726982292495,519.1766258554434,521.8675537109375,1503100.0
2023-10-30,524.4719188080063,534.6780413508145,522.4537815178774,533.2557373046875,1696200.0
2023-10-31,530.6416503753338,532.438828242688,527.6624844794848,530.9107666015625,1394700.0
2023-11-01,533.3710507879816,536.6769926202088,528.2295695267898,535.1008911132812,1735300.0
2023-11-02,535.7939996126912,538.6920142958853,531.4710709048786,535.28369140625,2100600.0
2023-11-03,536.593218857165,542.0425991437817,534.5713191286798,540.0303955078125,1826800.0
2023-11-06,539.6356581428286,551.3432500033914,539.2890668825083,548.6185302734375,2056900.0
2023-11-07,551.1988035819143,552.5370994966394,548.3681907815107,550.0145874023438,1373100.0
2023-11-08,550.8329147732935,551.6705396602558,543.2942320264339,546.269287109375,1343600.0
2023-11-09,547.8288541857197,547.8288541857197,541.0989449750572,542.3120727539062,1288400.0
2023-11-10,546.7699311809084,556.3882196791047,543.920043981215,555.6468505859375,1908800.0
2023-11-13,553.6056533230874,558.3714876567062,552.151827335569,556.7154541015625,1650700.0
2023-11-14,560.0949121626963,569.5399044498574,559.5846626835831,568.8178100585938,2037600.0
2023-11-15,571.8890887874369,577.569587855528,571.3114368121887,574.5753173828125,2165100.0
2023-11-16,564.562259835001,564.764467411164,550.9483600472391,557.052490234375,2954700.0
2023-11-17,557.3606683262411,558.3426768338816,552.7007262134188,555.67578125,1773600.0
2023-11-20,555.8585345386684,560.6532214071116,555.8585345386684,559.1897583007812,1624100.0
2023-11-21,560.3452812030622,563.185531065092,556.2149221926036,562.5596923828125,1173700.0
2023-11-22,565.0147370332963,569.1451543351644,564.5333407987058,567.1618041992188,1068600.0
2023-11-24,569.0297390662639,572.091412685996,568.4423908804474,569.3570556640625,645800.0
2023-11-27,570.4739296117575,577.6178347438704,570.3679777576401,572.765380859375,1627400.0
2023-11-28,571.1188831045183,575.1914765584261,569.4147215819031,571.8987426757812,1286800.0
2023-11-29,573.0541671915884,573.0638045198584,565.5636125578359,565.9872436523438,1319800.0
2023-11-30,565.9583226670914,571.0033458840421,561.1443602441705,570.6856079101562,1755200.0
2023-12-01,571.2055977822849,574.1613192268138,568.6156834472275,574.0650634765625,1475300.0
2023-12-04,570.1177700565622,577.2231854974532,569.4534406856104,576.7899169921875,1624000.0
2023-12-05,576.2601625345709,586.2250403542982,574.8159739366866,582.8263549804688,2349700.0
2023-12-06,582.9709188974866,585.8400220389626,581.3919249311696,584.8291015625,2233900.0
2023-12-07,587.3034140025704,589.5659528295275,583.7891979376989,588.2180786132812,1690400.0
2023-12-08,585.9555039540465,590.7791038797698,585.1178791630853,588.054443359375,1502100.0
2023-12-11,598.8279523293689,601.7741534452068,595.7374263782731,600.6476440429688,2139300.0
2023-12-12,604.0945306530399,606.2608137855793,600.0219371684068,606.077880859375,2374400.0
2023-12-13,610.3334130144843,618.6904449705208,607.5220753322138,618.11279296875,2436900.0
2023-12-14,617.3233098283224,618.016551010104,606.8481223584564,607.310302734375,3839200.0
2023-12-15,617.6313136417863,637.2530271067862,616.6685212588684,634.306884765625,8807700.0
2023-12-18,639.7755644524593,656.5377546641141,636.5020467118138,655.8927001953125,5733400.0
2023-12-19,649.8850288704381,655.4692144027072,644.2238034733641,652.5230712890625,3437300.0
2023-12-20,646.7943943829449,649.2591409922863,636.2133135237307,636.4058837890625,3782700.0
2023-12-21,641.0850994199135,642.5100725006677,634.9136243935667,640.4111328125,2388400.0
2023-12-22,643.145481244412,648.219417243803,641.2198959712251,646.6115112304688,1641700.0
2023-12-26,647.9690221050964,650.7129573611061,645.8220135276867,649.5191040039062,1774800.0
2023-12-27,652.5519197028704,658.3418825872271,650.2871522033248,656.589111328125,1875900.0
2023-12-28,655.6536282250748,656.6481714279818,651.4589132838798,652.9457397460938,1496900.0
2023-12-29,650.8780019993063,653.0344685854426,647.0967780850685,649.9721069335938,1947500.0
2024-01-02,645.5409609016871,647.7269366537096,639.554048591731,640.6864624023438,2657700.0
2024-01-03,641.2379879808403,645.4130508871406,633.2521314184713,634.8178100585938,2612600.0
2024-01-04,632.2476858000276,639.9479434035667,630.701720389166,638.421630859375,2171100.0
2024-01-05,646.1319185386858,649.548813734321,642.2522492940753,645.9645385742188,2233500.0
2024-01-08,645.7673497001749,651.9413542294393,644.0146387149816,651.5573120117188,2245300.0
2024-01-09,648.7904899029684,657.0716800378575,648.1799888514316,656.96337890625,1886200.0
2024-01-10,659.3069367803749,663.5115689379202,658.7653710232045,662.4579467773438,1801900.0
2024-01-11,660.7248719750523,664.1811324117494,657.4163386050834,663.265380859375,1670800.0
2024-01-12,667.1252516034191,673.2499741425898,665.7565226409522,672.77734375,2388400.0
2024-01-16,672.7773399307206,676.007141196436,667.7751146023476,671.0541381835938,1626700.0
2024-01-17,670.0793937859023,674.3824704633047,668.7894564311285,673.712890625,1786800.0
2024-01-18,672.3736568602287,677.1887292948757,669.793782434955,676.7850341796875,1900600.0
2024-01-19,677.9569849543157,685.4701514111613,672.2162430393372,684.327880859375,2267900.0
2024-01-22,684.7806638406125,687.9611826460676,679.9458785929777,681.9053955078125,2452900.0
2024-01-23,680.1429278863751,681.039026649553,674.1462181350429,677.0609130859375,2208600.0
2024-01-24,678.4492973724592,679.4044148499731,672.659333393808,675.9974365234375,1946500.0
2024-01-25,675.9874337065224,675.9874337065224,665.6088573073567,669.488525390625,2751900.0
2024-01-26,669.6657754837199,676.7161061033324,669.094640345937,676.3616333007812,1825500.0
2024-01-29,679.3355196051089,683.5007259798997,675.751244847811,683.382568359375,2215400.0
2024-01-30,682.3289149636718,691.8902460075326,680.2216706597926,690.0094604492188,1610500.0
2024-01-31,690.5806440372506,694.7163411578307,682.427407419491,684.2392578125,1928500.0
2024-02-01,684.3771851120237,695.5204903534534,681.9118494307844,694.7118530273438,2039200.0
2024-02-02,693.5876984634284,704.3760096995221,692.522656607365,699.6425170898438,2377400.0
2024-02-05,700.7865064539661,702.9756957501005,695.8952585668453,701.2992553710938,2276900.0
2024-02-06,701.3682276396996,702.8375580090343,694.5738085530886,700.934326171875,1920200.0
2024-02-07,704.2478635338761,713.2906985858223,702.1276506256828,709.7998046875,2145500.0
2024-02-08,713.852864223202,718.0734882691023,710.6676090981633,714.1190795898438,1918500.0
2024-02-09,715.0854930836143,715.47009993409,710.1350792748638,713.36962890625,1426100.0
2024-02-12,713.4879654515588,713.7640517795835,705.3819095545938,712.393310546875,1572600.0
2024-02-13,711.3874490118794,711.7720558406342,699.2086540900164,704.346435546875,1951100.0
2024-02-14,706.0722613053181,712.5314298702673,701.2106257231846,712.1665649414062,1472500.0
2024-02-15,711.4861490739896,715.9632380883145,708.3206959464169,714.4642944335938,1264100.0
2024-02-16,711.9790255339379,718.9510015908096,708.5374267863062,713.9512939453125,1764900.0
2024-02-20,717.9353883785466,724.769291903038,713.6752809498646,715.6278076171875,2407300.0
2024-02-21,715.6278348939043,718.6848272864205,710.2830035994009,712.994873046875,1564200.0
2024-02-22,715.7856050752226,725.8441876404295,715.7856050752226,724.2171020507812,1801600.0
2024-02-23,729.8576343377789,732.2145095051159,726.8992317578478,727.697998046875,1265800.0
2024-02-26,731.7116110677741,736.4253616577574,728.7532083276079,735.01513671875,1707000.0
2024-02-27,735.6562469547375,736.2873874028147,731.0510162563081,734.3841552734375,1471300.0
2024-02-28,732.9049122562172,741.4546799883117,732.9049122562172,737.5890502929688,1365000.0
2024-02-29,741.0010608903277,742.125268501431,732.6879554923862,733.5755004882812,3361200.0
2024-03-01,730.1733741821341,740.9616871715239,728.9998718118387,739.048583984375,1678100.0
2024-03-04,744.6104978816026,754.1365312156519,743.2200144509674,748.6536254882812,2133400.0
2024-03-05,757.7653711903951,758.603621535303,746.4051439448328,749.412841796875,2353400.0
2024-03-06,754.2350014593482,764.411854698048,753.0713099929766,762.5184936523438,2400600.0
2024-03-07,768.3071350104261,776.166657242089,766.2362769077728,774.6973266601562,4187900.0
2024-03-08,745.5667967731085,745.7344227447738,715.0459293253814,715.4995727539062,8590200.0
2024-03-11,709.8293635689195,710.0167315028428,701.1513933327686,704.1788330078125,3762500.0
2024-03-12,707.1372112965021,729.7886876163827,706.9695251270086,726.6626586914062,3727400.0
2024-03-13,724.8087929529086,726.2879945711798,716.505558055229,724.0198974609375,2270300.0
2024-03-14,728.0925055812431,730.4098969547701,718.881985355886,721.8009643554688,1826100.0
2024-03-15,722.3632062001275,722.3632062001275,713.1921079227028,715.5687255859375,3390700.0
2024-03-18,716.0320944561776,723.1717573797428,715.9532470477939,721.3966674804688,1595200.0
2024-03-19,721.6432084812452,725.153844233998,719.8977916726647,722.0179443359375,1322700.0
2024-03-20,720.8642049295498,731.8004612795017,719.0201385227462,730.4494018554688,1398700.0
2024-03-21,733.1908235940465,741.8786640323073,730.8240772903581,732.2638549804688,2106900.0
2024-03-22,734.1079280388706,734.4629219310565,724.1972906544289,724.6114501953125,1794100.0
2024-03-25,720.8641917714265,723.980349756176,716.6632499155637,720.8247680664062,1604700.0
2024-03-26,720.8642243697092,724.5129335759746,720.0950106705608,720.844482421875,1353500.0
2024-03-27,723.822560179964,725.6863684110398,717.6592209413744,721.92919921875,1246700.0
2024-03-28,723.6746125402179,724.7101016784917,718.2213213059111,722.4715576171875,1713300.0
2024-04-01,721.6137161069997,723.1027886769527,710.2140048832114,711.2395629882812,1600700.0
2024-04-02,710.0166973587214,710.0166973587214,698.5775635323754,701.4373168945312,2326700.0
2024-04-03,700.1355846515097,700.9540929425249,687.6018566920266,695.9050903320312,3205500.0
2024-04-04,698.942522709728,707.1865921404608,694.4555628796757,695.1064453125,2252400.0
2024-04-05,696.2501660314592,706.9497581706898,696.2304842759617,703.8236694335938,1552900.0
2024-04-08,703.6167480937885,706.2102863172021,701.0133388963986,701.9403076171875,1459000.0
2024-04-09,706.3088299917802,709.0798650009265,697.1772166325054,708.6262817382812,1386400.0
2024-04-10,701.1415215169236,713.9415260951505,699.11995814104,712.5609741210938,1832000.0
2024-04-11,721.3572444861671,723.6154703778124,714.1091814161568,722.1954345703125,2107800.0
2024-04-12,717.9058802850961,722.7379631702555,716.4661023187289,721.1699829101562,1481800.0
2024-04-15,725.2327233603437,730.7254985002082,707.9951154766713,708.320556640625,1808000.0
2024-04-16,708.340251261545,712.4820273336442,702.2558195211407,706.0425415039062,1412300.0
2024-04-17,712.9751444676772,713.7640399203249,701.1415321113672,705.2734375,1376700.0
2024-04-18,705.2733719249024,708.9812464153463,699.7313021350985,701.3880004882812,1846400.0
2024-04-19,703.1434536260373,704.9579072511169,692.2663620944941,699.6722412109375,2190400.0
2024-04-22,704.9480171380994,708.3008981470089,696.3785068626266,705.5397338867188,1437100.0
2024-04-23,709.060252456791,714.2275871258178,706.3680645938304,712.6596069335938,1176200.0
2024-04-24,709.7308703575708,715.3715307091129,706.1610683445745,713.8529052734375,1206600.0
2024-04-25,718.3567659916789,718.3567659916789,705.6349646014412,712.9934692382812,1613600.0
2024-04-26,706.2177500662307,721.9718503940328,706.2177500662307,720.2235717773438,1524400.0
2024-04-29,720.5692147702574,723.255776083762,711.3735115901851,717.4085083007812,1526900.0
2024-04-30,716.5986792464873,716.5986792464873,708.2919442539146,714.020751953125,1734800.0
2024-05-01,713.3984941450885,720.8952336474948,706.533847809631,713.3490600585938,1609100.0
2024-05-02,715.8479348886115,725.3794285739256,711.7785454489567,723.4434814453125,1826900.0
2024-05-03,725.2609229071705,738.3086268877256,724.3422929760342,734.7627563476562,2323300.0
2024-05-06,740.3829053701978,747.6426021160908,737.3110592981598,747.1586303710938,1773300.0
2024-05-07,749.371194900101,762.7547514391671,746.2895219354834,761.836181640625,1897800.0
2024-05-08,760.5421632370884,763.890538658034,753.3417273164821,754.0330810546875,1511900.0
2024-05-09,754.4183908139645,770.1330053406257,754.2307221331746,769.47119140625,1716200.0
2024-05-10,769.4712591376439,777.7779953413764,768.602063095947,777.5211791992188,1652700.0
2024-05-13,778.3210464078195,779.7828483711452,764.0781832253123,765.62890625,1596800.0
2024-05-14,765.411602682297,771.2193840350266,761.9545928430755,768.3451538085938,1327700.0
2024-05-15,768.9575548650122,779.9606778122372,768.9575548650122,777.3728637695312,1661700.0
2024-05-16,782.084324151253,794.6777179751174,778.1532291352328,783.328857421875,2000000.0
2024-05-17,783.862105669685,787.8030870137304,780.898954549595,786.0350952148438,1309100.0
2024-05-20,785.4820681905085,793.117102513886,782.6572115932877,783.2597045898438,1347100.0
2024-05-21,785.7981357312726,791.5960305455222,782.2719782918372,791.09228515625,1375700.0
2024-05-22,790.2131509029765,796.4456432657469,788.2081165792155,792.0108032226562,1192800.0
2024-05-23,794.4207826016992,798.1247214055913,785.6597375070633,786.55859375,1519200.0
2024-05-24,790.7959778366038,806.8364945286172,789.2749151452819,799.7841796875,1623000.0
2024-05-28,799.7940831775727,805.2759013563184,794.8357237449758,803.1819458007812,1986300.0
2024-05-29,797.1075060311958,803.448633193382,796.386431524499,796.6136474609375,2282800.0
2024-05-30,800.2483761773694,809.4341328024766,798.3716896442393,805.3252563476562,2277800.0
2024-05-31,799.0928994281596,801.7695745384345,778.5187326497922,799.9423217773438,4360700.0
2024-06-03,801.0384806895545,817.7407485023739,797.2160207525042,805.3745727539062,2008700.0
2024-06-04,804.9696915147764,817.8396747228317,803.0535178611628,817.227294921875,1754500.0
2024-06-05,820.703992711552,824.1412892290665,811.5873831290658,824.0523681640625,2080000.0
2024-06-06,825.1586289905692,838.6607655816304,824.0721642602745,832.2899780273438,1735000.0
2024-06-07,836.2803123590334,839.9348777095734,831.9442197937024,835.19384765625,1593600.0
2024-06-10,836.7742582225467,839.0459957470646,832.3887914014058,837.9200439453125,1401600.0
2024-06-11,838.8089043229321,840.4880355380342,829.9392235913939,838.8780517578125,1690500.0
2024-06-12,841.8412116022548,845.229074232328,833.2480602391346,837.396484375,1838300.0
2024-06-13,837.3965276315263,837.3965276315263,827.262539384229,835.5692749023438,1322400.0
2024-06-14,833.0603770898944,845.6636574987184,831.5689145561036,845.159912109375,1395500.0
2024-06-17,843.9943652715624,859.8669861173528,842.8881269553258,857.24951171875,1904900.0
2024-06-18,857.3384654033879,863.2252811773598,857.0421623226695,860.0546875,1763800.0
2024-06-20,860.6077249405392,863.1165044996357,849.9897668440713,851.8466796875,1944600.0
2024-06-21,855.995129422697,856.3210326477524,837.2383920534863,837.8902587890625,3833100.0
2024-06-24,839.5596136598837,840.1818803140224,831.173904340886,837.7421875,1722900.0
2024-06-25,838.8879206396886,845.1796739391048,834.6209754010152,845.0018920898438,1564200.0
2024-06-26,842.2460410761777,849.1798339526333,839.6187402889062,846.3154907226562,1505300.0
2024-06-27,847.1748154330412,847.7871951832099,838.2162145259432,840.171875,1254900.0
2024-06-28,840.79427698554,846.7106934416479,836.40881015143,839.5497436523438,2131700.0
2024-07-01,843.0164951253503,845.4857877297011,830.1761735827263,835.2826538085938,1989000.0
2024-07-02,835.3024893483354,849.7922825446315,832.7245621468443,848.8045654296875,1377900.0
2024-07-03,844.4981392505254,852.9135084207228,844.4981392505254,852.0640258789062,814400.0
2024-07-05,853.9407480287528,876.04586295945,848.1724532712464,874.7914428710938,2620700.0
2024-07-08,875.8977433312862,877.0435290814089,866.8798801713435,870.0208740234375,1611300.0
2024-07-09,872.9936969726576,885.6562368813868,872.1245011394042,875.9568481445312,1356800.0
2024-07-10,876.5001925301108,879.3349358291504,869.8824757982518,873.4481201171875,1755800.0
2024-07-11,879.8189800311642,879.8189800311642,836.1223808822668,836.1915283203125,6021100.0
2024-07-12,839.4509472317988,839.5595816503228,828.0823131334231,832.5468139648438,3288400.0
2024-07-15,836.4581494931505,847.3625856505836,834.2950464758746,838.30517578125,2064000.0
2024-07-16,837.3865173220252,840.7842664438285,831.005903652082,840.320068359375,1687600.0
2024-07-17,837.5940463528813,839.5102200726715,832.2998967941418,835.8853149414062,1783100.0
2024-07-18,838.9964897431817,844.7943840259301,814.9752037614231,829.06005859375,2338500.0
2024-07-19,826.2352302899516,838.4532858362307,825.2968869999834,827.8353271484375,1984400.0
2024-07-22,835.3616988325302,839.1545588473655,828.2994977787611,837.0111694335938,1920200.0
2024-07-23,838.473143173968,844.0833695552838,835.1939148827216,841.6436767578125,1744100.0
2024-07-24,834.2258223296719,835.6086503569787,819.3113185237752,820.6151123046875,2511300.0
2024-07-25,825.5241318130438,826.3736144167844,804.2783856113798,805.9278564453125,2183700.0
2024-07-26,809.1028878378937,813.3363646889113,800.2106787177626,808.7072143554688,1441500.0
2024-07-29,813.6132551551399,814.7804133987344,805.2354098243532,806.6893920898438,1320400.0
2024-07-30,809.1028268627917,813.0593199036856,794.5429614505229,801.2195434570312,2017200.0
2024-07-31,811.4964945047116,816.5014558251758,802.4460528266692,813.059326171875,2135000.0
2024-08-01,809.6469231150112,815.2057916293469,800.8734036454923,808.0050048828125,1861400.0
2024-08-02,807.3223784130374,821.2590906743548,796.2540872462488,813.138427734375,2598500.0
2024-08-05,789.320466191268,802.0010353112276,784.3748492351823,793.1088256835938,2820900.0
2024-08-06,796.3036113568216,824.0287667778182,796.3036113568216,807.9950561523438,2476300.0
2024-08-07,815.1464242619991,824.7607345555373,800.4579667570326,801.4866333007812,1702000.0
2024-08-08,812.5648900355778,833.5936636172704,811.5263225181922,830.2998657226562,2345000.0
2024-08-09,829.3799959135223,848.4404237251879,828.5194633592733,845.6312866210938,1710600.0
2024-08-12,847.9259187802779,860.7845212231401,843.1286950943427,854.1771850585938,1748200.0
2024-08-13,855.5124623949914,858.6084229896277,846.847733086763,855.41357421875,1484100.0
2024-08-14,855.4630789238914,857.3028338056473,849.1623682200348,853.3265991210938,1341500.0
2024-08-15,863.3759981775661,870.7548792859766,859.548096066215,867.8072509765625,1923800.0
2024-08-16,867.8072721671003,867.8072721671003,859.1722453847739,861.120849609375,1516300.0
2024-08-19,861.1208880242314,864.1278011495009,859.2514304813741,862.8616943359375,1318400.0
2024-08-20,862.5155308418052,867.2237674814958,861.6945415862383,866.6698608398438,1104600.0
2024-08-21,871.1604722276398,881.42757722537,867.6787387863342,871.8330688476562,1465500.0
2024-08-22,872.703387925311,874.3849094408012,863.6825891644031,868.0149536132812,1440900.0
2024-08-23,872.8913876694469,874.9388800894383,862.1890666093263,869.6470947265625,1305800.0
2024-08-26,873.5639911911577,883.5343707677638,871.8528272338136,882.8024291992188,1737000.0
2024-08-27,882.9805102355309,908.9350968247815,877.4216419357583,899.0142211914062,2098900.0
2024-08-28,901.0517160656391,902.2979606190336,872.0703572347446,878.390869140625,1668400.0
2024-08-29,881.3087917802346,890.6659192044054,875.5421864856125,876.986328125,1709900.0
2024-08-30,880.814332455084,886.5809384193652,873.4947956056468,882.6738891601562,1933500.0
2024-09-03,886.9271082998564,887.1348459346971,864.9290149016429,869.0140991210938,1784200.0
2024-09-04,867.9063116247769,882.0606646108798,867.0556800171157,880.339599609375,1425200.0
2024-09-05,878.9646457261388,878.9646457261388,859.2514255385054,876.3434448242188,1998800.0
2024-09-06,881.566026651754,883.4849282351595,861.5263792836369,867.1445922851562,2074600.0
2024-09-09,875.116876755793,889.053649628348,872.1099638705841,886.7390747070312,1954000.0
2024-09-10,882.8913676140136,890.8934010778507,877.8666650919258,884.56298828125,1360800.0
2024-09-11,885.2653992088207,892.1892626663198,868.3217113752653,890.606689453125,1796100.0
2024-09-12,890.6263174128395,905.7401492701163,886.7588721661868,905.0774536132812,1867300.0
2024-09-13,903.6927089210046,913.7817784711906,899.4691331882485,906.0369262695312,1327500.0
2024-09-16,911.971740306357,912.5948928544916,895.5028121707433,897.9954223632812,1661000.0
2024-09-17,898.5492088033094,898.7173428484889,885.7104085935939,887.5106201171875,1387000.0
2024-09-18,890.15165616857,895.1368160413642,881.2594470497858,882.8123779296875,1338200.0
2024-09-19,894.4246655440141,895.2851980051555,885.7599355767868,890.9429321289062,1747500.0
2024-09-20,891.763920660877,897.936040530755,885.9577715904356,897.1150512695312,4658200.0
2024-09-23,897.1149825643263,909.4988249261802,890.9824667346145,907.1051635742188,1697600.0
2024-09-24,902.090405909964,902.8421493235527,887.7679189649141,891.7342529296875,2432600.0
2024-09-25,893.1783363152601,900.4582692849316,891.3286805813873,898.5393676757812,1728100.0
2024-09-26,895.4532551150864,899.3504030869093,888.3612584039507,891.63525390625,2738600.0
2024-09-27,883.5442821686108,883.771761207136,864.4937578902492,875.9873657226562,3459100.0
2024-09-30,881.6748484627192,900.1022207344928,871.8231584669476,876.8776245117188,2142900.0
2024-10-01,875.621308781068,877.3423734817625,863.2572688378166,867.8369140625,1836700.0
2024-10-02,865.1368057542022,871.6451942573283,857.7282207780588,868.974609375,1317100.0
2024-10-03,864.9289055782149,871.5955863804994,863.1781381707978,866.1455078125,1451900.0
2024-10-04,868.4404537090612,874.671919122268,866.1456801516599,873.5047607421875,1516400.0
2024-10-07,872.0111454125871,878.0547351310028,862.842012756097,864.0883178710938,1963200.0
2024-10-08,867.1644855985588,881.6155637958731,867.1644855985588,880.7352294921875,1697900.0
2024-10-09,882.5354305181479,900.1022713189005,878.212966198771,899.2120361328125,1956500.0
2024-10-10,900.1022222580419,900.1022222580419,882.139769309098,883.9102783203125,1765800.0
2024-10-11,884.7708886624539,884.7708886624539,875.8687779883767,879.3604125976562,1527300.0
2024-10-14,882.7431416749106,885.4335281961709,876.6204657520436,880.0823974609375,1431500.0
2024-10-15,882.3870279824589,890.853920984154,879.8746161721631,884.8795776367188,1613900.0
2024-10-16,880.2405618164497,881.635259432352,869.9339142671276,877.7282104492188,1475500.0
2024-10-17,881.862772153559,885.5917863354483,873.1980423348587,875.6609497070312,1321500.0
2024-10-18,876.1258650137163,880.9230888764748,874.1377175187077,879.884521484375,1654000.0
2024-10-21,879.3306035443985,881.7045235854996,874.0882621892026,877.1248779296875,1184900.0
2024-10-22,881.2889586194811,885.1564640920176,874.691523860275,883.7716674804688,1189700.0
2024-10-23,886.2742515361481,895.8291557591672,885.2554255900205,889.3899536132812,2193500.0
2024-10-24,891.6947093390377,893.672956059701,878.5987257076537,883.7025756835938,1649600.0
2024-10-25,885.9082975175693,891.813334571853,880.319726788875,881.5264282226562,1425800.0
2024-10-28,886.244668505446,886.244668505446,880.3198289788058,881.2694091796875,912500.0
2024-10-29,880.3198615456561,881.4771190664195,864.5829341796011,877.3425903320312,1361700.0
2024-10-30,876.7390680811304,876.9270039128212,867.827057970568,869.5283813476562,1412200.0
2024-10-31,867.6589857008407,868.1041032677265,859.2019934151966,864.6718139648438,1771900.0
2024-11-01,865.9098679368611,871.0006710698158,859.0461428763741,868.9207763671875,1625200.0
2024-11-04,872.9122347154091,878.5180845071742,868.3462717828845,877.5969848632812,1576700.0
2024-11-05,879.5085433244575,887.0160768706996,878.3200061756089,881.6577758789062,1622300.0
2024-11-06,889.6903055329636,891.2948095893441,877.8050544773965,890.6510009765625,2437400.0
2024-11-07,890.0270158183822,910.6875292871986,885.8176560914881,905.1906127929688,2145500.0
2024-11-08,905.2599359809882,952.8009391834909,905.0123265893085,934.7749633789062,3277100.0
2024-11-11,934.7750347845762,942.1835494565829,922.5332400331673,923.95947265625,2181800.0
2024-11-12,927.0000416887982,930.5755067539711,918.135613481282,923.4641723632812,1691400.0
2024-11-13,921.1069566731633,928.6244045633873,914.3719931662857,924.80126953125,1757600.0
2024-11-14,918.1356051464311,922.2459451429551,913.3517748728051,915.0553588867188,1859900.0
2024-11-15,908.9641307368105,911.7472577830313,896.9006088540004,898.3961791992188,2269900.0
2024-11-18,901.9321085005514,917.0857916554394,898.4358347638561,910.71728515625,1797300.0
2024-11-19,919.1260282929094,925.0686534758377,907.5973209296662,921.2554931640625,1690500.0
2024-11-20,916.2340703761163,919.918469385973,907.7360984851499,919.2053833007812,1452100.0
2024-11-21,926.0591580833818,949.3245276874804,921.1069700722408,946.51171875,2320500.0
2024-11-22,953.5338729667286,966.9642042302274,949.3542553657423,954.791748046875,2078700.0
2024-11-25,965.6765972048161,965.6765972048161,940.608625596975,951.7015380859375,3240900.0
2024-11-26,954.7818013582412,965.0526339495943,951.7015550759148,962.2100830078125,1438000.0
2024-11-27,962.1705563551118,962.9925760582669,949.4236289652985,952.3552856445312,1499500.0
2024-11-29,958.8326893273653,963.9631484481439,953.266374826403,962.58642578125,1095900.0
2024-12-02,962.0714892676779,967.1623532339243,955.5346250393299,965.6766967773438,1955800.0
2024-12-03,965.3695540441129,973.6000874620747,961.4771418234965,972.7582397460938,1653900.0
2024-12-04,972.6096501356033,981.6721776754134,968.2021910563977,981.4443359375,1784700.0
2024-12-05,977.2250764041415,980.6619261019755,968.8460135065393,972.8671875,2089400.0
2024-12-06,972.8672203948906,988.1694929922533,972.8672203948906,983.1182250976562,1737300.0
2024-12-09,987.4761631246337,987.4761631246337,971.1240293077003,978.4136352539062,1855500.0
2024-12-10,980.2657464322806,985.4754576675606,976.4525860087601,983.9006958007812,1556800.0
2024-12-11,985.4853779538947,998.1629667056123,984.088887584806,985.1783447265625,1903600.0
2024-12-12,992.1015539549292,992.8839779169217,977.7699505234737,978.9386596679688,2344300.0
2024-12-13,971.6192746110154,997.0537046371711,956.4952732855829,979.889404296875,2951900.0
2024-12-16,979.5923145001292,998.6087288658847,976.9379489366958,983.3757934570312,2581300.0
2024-12-17,984.4950257603929,987.3870867768459,971.3816409245193,972.6890258789062,2050200.0
2024-12-18,972.6096712070504,976.1752221958407,954.7817953600779,955.5147094726562,2725300.0
2024-12-19,965.1913464860113,965.3201082089635,944.3921570748312,945.6697998046875,2610800.0
2024-12-20,940.3116582532351,952.7416392416429,934.0322566650023,944.9468994140625,5373800.0
2024-12-23,944.7586680163864,945.135039158551,928.0400756907666,940.8265991210938,1856800.0
2024-12-24,941.6486146190778,950.2060098139344,936.4092215863038,949.6513671875,939000.0
2024-12-26,947.6704995825603,950.23569908095,944.8774583320513,946.9970092773438,969000.0
2024-12-27,939.6478779048254,941.3613759632967,923.0877911827356,930.7141723632812,1943400.0
2024-12-30,922.0973426037108,925.2370126547895,906.7455608525212,913.3914184570312,1881200.0
2024-12-31,914.8176737532712,915.8972168376134,903.8138665512558,907.5082397460938,1742900.0
2025-01-02,906.2503586564283,916.9173904191955,893.3746705006539,901.1099853515625,1765100.0
2025-01-03,905.5867012581102,915.3722282155621,902.2885275843169,907.815185546875,1612200.0
2025-01-06,909.2018469748283,918.5416658599868,904.536924781898,913.8866577148438,1970400.0
2025-01-07,915.0058604459406,922.4043999896144,907.6666842861924,912.5594482421875,1888000.0
2025-01-08,914.1540397984824,921.6021495942814,906.6663342628268,918.5020751953125,1774800.0
2025-01-10,924.4348073490942,935.2504292733898,914.6691072955363,927.9805908203125,2765800.0
2025-01-13,925.0687236576738,926.0492472150045,912.1930347844941,915.857666015625,1693800.0
2025-01-14,915.4614463799983,918.8883821816073,901.2189490925056,908.4590454101562,1683800.0
2025-01-15,918.3931834858272,923.9495239427316,909.5188407805372,914.6691284179688,1839400.0
2025-01-16,915.8873771801044,918.5318891973186,909.0434797036523,910.9550170898438,1353000.0
2025-01-17,921.1069631096422,934.7749898267729,915.7288942243771,934.1708374023438,2375000.0
2025-01-21,936.2111534983366,947.4030864326634,934.4778876759382,938.6674194335938,2042400.0
2025-01-22,942.1339691720932,942.8372016532314,930.2586316388084,935.6664428710938,2155000.0
2025-01-23,932.6851581242446,934.3689140842923,927.5348706676623,933.150634765625,1352400.0
2025-01-24,933.150662876855,936.9935656020449,924.6329236950916,930.6943969726562,1562400.0
2025-01-27,921.1069719126359,957.7432492200156,918.3139306145902,956.0198974609375,3044700.0
2025-01-28,952.6326243208161,956.4755270876425,944.9468187871634,949.5028076171875,2166400.0
2025-01-29,948.6412039681428,959.0012039307015,945.867990536455,954.8017578125,1713700.0
2025-01-30,961.0215822513785,977.3142927101452,960.8234826429183,969.6483154296875,1788200.0
2025-01-31,966.9046807413378,981.5235476930433,966.449118187175,970.5098876953125,1873800.0
2025-02-03,963.0916767735066,999.9557369283134,959.6746548056699,996.2119140625,2751000.0
2025-02-04,995.7859375821893,1014.5546808053849,990.0909216660771,1012.0885009765625,2001600.0
2025-02-05,1010.2461363461053,1033.1153017954528,1010.2461363461053,1032.9073486328125,2047600.0
2025-02-06,1039.9592959577035,1052.8349824790846,1034.2147105331157,1040.9398193359375,2218000.0
2025-02-07,1038.1338758576298,1047.7616116575086,1026.7411842668198,1034.970947265625,1632900.0
2025-02-10,1043.0915721575507,1053.9984231972207,1037.1423806813668,1052.9276123046875,2036900.0
2025-02-11,1050.9345804368675,1056.9729756476443,1040.1566338287164,1049.3778076171875,1748500.0
2025-02-12,1045.2232670426852,1057.9644264149651,1042.099917677721,1056.100341796875,1662300.0
2025-02-13,1057.9744023427033,1069.0993605814256,1055.6344017157126,1067.740966796875,1623300.0
2025-02-14,1067.3643576131492,1068.365814625104,1058.966110546254,1062.7735595703125,1410700.0
2025-02-18,1060.1558478619452,1061.9307288014631,1036.3888558375575,1047.0875244140625,2090600.0
2025-02-19,1047.1172509630073,1054.1769533476493,1044.0831052092706,1053.5423583984375,1349600.0
2025-02-20,1044.7177916303149,1044.7177916303149,1025.0953346068397,1026.0670166015625,2000500.0
2025-02-21,1025.8488938519336,1027.435320822737,1016.0030490081889,1026.265380859375,1816300.0
2025-02-24,1019.8302918366646,1029.398478148976,1016.5383380426779,1026.8304443359375,1759700.0
2025-02-25,1031.9170771355496,1048.0691721181768,1028.67474813553,1046.720703125,2083800.0
2025-02-26,1041.2473803430967,1049.92328493764,1021.4564412797183,1023.231201171875,1555700.0
2025-02-27,1025.2440110475118,1033.701807421478,1010.2024886816213,1013.05810546875,1629100.0
2025-02-28,1021.8825308897914,1040.4936013588026,1015.3185954913564,1039.7301025390625,3307100.0
2025-03-03,1042.833712760297,1056.9729668211519,1032.323499211235,1037.985107421875,2422500.0
2025-03-04,1036.8746801769623,1039.0561230751916,1020.0186371331289,1028.0897216796875,2536800.0
2025-03-05,1024.331746716839,1042.0801921947223,1019.7905741213501,1038.8775634765625,1898600.0
2025-03-06,1024.2028672682304,1037.0333534890706,1010.4206096366307,1017.926513671875,2594600.0
2025-03-07,986.7230367734217,993.9314328428545,934.7965137868335,956.1441650390625,5510700.0
2025-03-10,947.3790366719303,951.5335581098687,916.2053291606874,926.4973754882812,4459900.0
2025-03-11,923.116225634543,930.0569491355545,913.3992248367879,922.6105346679688,3204900.0
2025-03-12,930.0568810408973,936.3828591244094,915.4317861631221,919.2293701171875,2331600.0
2025-03-13,914.1924636637898,915.6797615981669,879.9548361656412,883.0781860351562,3447200.0
2025-03-14,884.2580660804148,899.2698736516536,874.0948640506812,896.2655029296875,3186400.0
2025-03-17,893.9948942569008,915.5706376595148,890.3956286892206,908.8480224609375,2256100.0
2025-03-18,905.2686041010487,909.7899870414346,889.2454755897013,890.4451904296875,2182000.0
2025-03-19,895.214483788625,902.4526546122007,888.4125894252312,896.3944091796875,1908500.0
2025-03-20,893.8661312764336,899.795473491309,886.5287699959575,887.8178100585938,1891800.0
2025-03-21,881.2240334936844,902.066054754381,876.4746171700816,901.5603637695312,3447600.0
2025-03-24,912.2092896111114,920.7860642044492,912.2092896111114,918.1981201171875,2208100.0
2025-03-25,918.7831807625422,924.3952245139429,914.6782242998212,922.3824462890625,1623000.0
2025-03-26,926.4180029976645,931.4648664017404,915.6301312480932,921.8767700195312,1644700.0
2025-03-27,921.6884172982883,934.915479856301,920.1416299101198,930.8005981445312,1547000.0
2025-03-28,929.5612350391939,930.8006500192462,918.1586172227131,921.78759765625,2100500.0
2025-03-31,914.5493367623544,986.5742275579097,914.2320392963203,937.7710571289062,3102000.0
2025-04-01,934.4395213466953,949.609948045123,930.8006160432158,946.318115234375,2041500.0
2025-04-02,942.7883089154594,962.668513314955,941.9553954114601,956.90771484375,1719900.0
2025-04-03,923.1955964266153,973.0398670202396,920.1416610375283,958.8907470703125,3096900.0
2025-04-04,946.9129435185042,956.3523463632054,906.3989655065974,908.7191162109375,5167000.0
2025-04-07,880.2324551566719,929.8784652684259,864.3283050697466,900.4398803710938,4626600.0
2025-04-08,924.1573705476449,935.0047328377033,891.9524311789785,901.0546875,3545400.0
2025-04-09,900.3109516682177,959.2674593426839,890.0684103500391,957.0166625976562,5084500.0
2025-04-10,958.3156224138417,984.9977203581161,934.9055677761135,956.1441650390625,4209100.0
2025-04-11,955.7970999370722,961.9941742331431,935.1731882651052,955.251708984375,2721800.0
2025-04-14,961.785953899299,978.7709003802428,956.828294343117,971.0270385742188,2219900.0
2025-04-15,977.0059456260957,985.5827208752396,965.9999656063402,968.6473388671875,1788200.0
2025-04-16,963.8979685345813,970.3627762757386,951.1171070535003,959.5550537109375,2531700.0
2025-04-17,965.038272719053,991.4526386224089,963.7591577355528,986.0785522460938,2711100.0
2025-04-21,984.5911960563095,988.5473987321568,934.9848250753001,949.6595458984375,2841300.0
2025-04-22,961.5380412777498,979.0881676692333,958.5932206409516,970.937744140625,2230600.0
2025-04-23,986.0983471399743,987.3179120390504,960.7944331065427,967.5765380859375,2109700.0
2025-04-24,965.3555195128899,969.7182844683332,952.5747181787923,967.2196044921875,2468500.0
2025-04-25,965.7223864970999,970.0355869790817,954.726330581298,968.8853759765625,1780900.0
2025-04-28,970.2140226175758,976.9564278402295,960.5763610175718,970.253662109375,1616200.0
2025-04-29,969.7183064784599,984.7995301480145,962.8370719033711,983.3023071289062,1523100.0
2025-04-30,981.6166583445277,989.3109561777133,968.280541135074,986.0785522460938,2212400.0
2025-05-01,981.715719398096,997.8578879336982,976.6589308669193,990.5800170898438,1829900.0
2025-05-02,1000.5976718993784,1010.6946734280118,997.4007476104294,1001.0642700195312,1547400.0
2025-05-05,1000.2799498920505,1010.4762700501984,995.3058927921276,1007.6069946289062,1952600.0
2025-05-06,1001.2131364900529,1008.9372738600957,996.3085846741385,1003.2484130859375,1381200.0
2025-05-07,1003.9235336387728,1006.8225620833248,994.2831930059408,999.9224853515625,1316000.0
2025-05-08,1006.2270051260663,1009.7018887155494,984.285621557051,1000.4785766601562,1882600.0
2025-05-09,997.400705886322,1003.4569674410807,990.8877841645015,1000.8557739257812,1176700.0
2025-05-12,1002.5435048499058,1009.612405328839,985.1194595980331,1008.85791015625,2069000.0
2025-05-13,1006.4453020927542,1016.4827966513307,980.5127495771466,991.8607788085938,2917000.0
2025-05-14,991.5927804155609,992.6848624362508,983.4119214031758,984.424560546875,2215000.0
2025-05-15,985.526621242042,1006.7233862501616,975.9458468283125,1003.2186889648438,2470700.0
2025-05-16,1005.2241483788706,1020.8809989217085,1001.7592030509785,1018.4683837890625,2033700.0
2025-05-19,1011.2903211313601,1027.5627181217797,1005.6213358883454,1026.9173583984375,1879800.0
2025-05-20,1022.6183282917527,1030.5509797990942,1022.6183282917527,1029.37939453125,2271200.0
2025-05-21,1023.5416801588563,1032.0104960109402,1016.452964488741,1017.9422607421875,1438900.0
2025-05-22,1020.3448154500563,1021.3972668191449,1006.8424364217839,1010.8236694335938,1660900.0
2025-05-23,1004.7377007351574,1007.825368256352,999.773581660379,1001.2628173828125,1413900.0
2025-05-27,1007.7161883463441,1011.6378545977639,1003.675388082991,1010.4861450195312,1868200.0
2025-05-28,1009.7514824538891,1017.2671662546471,1005.690866850119,1005.8695678710938,1674700.0
2025-05-29,1008.7190087290177,1010.2379977680172,996.3980303373625,1001.5011596679688,2016700.0
2025-05-30,995.107460529521,1044.937298384168,994.809625455704,1032.7156982421875,5403800.0
2025-06-02,1026.84795007719,1052.8897004579153,1026.84795007719,1049.265869140625,2148000.0
2025-06-03,1046.5854063129782,1059.4225523038672,1035.7735387973232,1048.0150146484375,1992900.0
2025-06-04,1047.4291272742298,1050.238775047297,1041.839524334937,1044.142822265625,1422100.0
2025-06-05,1042.4650435589738,1043.5075570802599,998.7907320486532,1003.5562744140625,3289400.0
2025-06-06,1013.3057862037917,1013.3057862037917,1001.3720244262348,1007.6566162109375,1855400.0
2025-06-09,1005.1546836515853,1006.0780025405865,989.8155433792525,998.95947265625,1696700.0
2025-06-10,999.7041612584942,1004.2513116827105,990.5602313345483,1000.041748046875,2255000.0
2025-06-11,995.2463092649327,998.2247807151175,986.2513279092612,989.626953125,2459800.0
2025-06-12,991.8309452636321,996.050446282021,988.2170522010363,995.5143432617188,1720100.0
2025-06-13,991.910407093292,996.3880520727666,981.5750775256901,983.1040649414062,1786000.0
2025-06-16,985.2089192278667,994.6605611811519,974.3970528352456,977.2960815429688,2109300.0
2025-06-17,975.9458745272166,979.0236043178888,969.1946842592783,970.7037353515625,1668200.0
2025-06-18,972.9673690749289,975.5983765056786,967.0799309398386,967.9039916992188,1509600.0
2025-06-20,976.928709308312,981.5651796201942,966.9111508131743,973.2552490234375,3255700.0
2025-06-23,976.0947786867104,997.6588833198603,974.2183270931902,997.2716674804688,2082900.0
2025-06-24,998.6219545737422,998.6219545737422,984.9507509512288,994.7300415039062,2385100.0
2025-06-25,995.8022279991717,997.767999646406,978.9242241347789,979.4603271484375,1827700.0
2025-06-26,980.6418634507903,980.6418634507903,969.4924712169283,975.8564453125,2262800.0
2025-06-27,975.1913430763017,986.0131478832691,973.2652622760739,978.070556640625,2129200.0
2025-06-30,978.0902716674318,984.6230692621605,972.7191215528384,982.8359985351562,2127600.0
2025-07-01,982.89556888465,989.6865103869654,967.50679987686,978.8845825195312,2200600.0
2025-07-02,976.8096596458773,978.6265443761241,969.8598922462661,975.3104858398438,1606100.0
2025-07-03,975.360047735556,980.5823108602552,970.3165462286087,979.93701171875,1101400.0
2025-07-07,977.9314081301181,985.764802176122,969.1945711210767,985.0598754882812,1832600.0
2025-07-08,982.3992728641767,988.7235564127096,976.8692363354646,978.7655639648438,1716200.0
2025-07-09,981.2971976841445,981.2971976841445,965.3028197099356,975.0424194335938,2922600.0
2025-07-10,979.9171899933723,980.9100138940747,962.1158647254358,963.2079467773438,2897000.0
2025-07-11,966.3054799973082,971.9546499923315,958.7699810907797,963.3667602539062,1942000.0
2025-07-14,964.1311893042955,974.4466433581821,962.6618294388275,973.8707885742188,1679300.0
2025-07-15,972.222758059573,973.2155819125826,959.7230790874332,960.7357788085938,1878000.0
2025-07-16,961.043512560407,962.6320670186911,943.3116938125838,944.5427856445312,2950300.0
2025-07-17,943.5400626356906,947.8985738947963,940.7105388927787,947.0645751953125,2280600.0
2025-07-18,953.0612691631532,953.369042133489,942.8351956035909,944.1258544921875,2115500.0
2025-07-21,944.6817980251126,948.9012992393937,939.8069991584412,940.7601318359375,1742400.0
2025-07-22,941.991250093142,950.827406534463,934.4954421981291,934.8528442382812,1799900.0
2025-07-23,935.6173148185471,941.693391739298,929.2830940094707,934.4358520507812,2401600.0
2025-07-24,934.5748079250582,936.1335485015128,926.7910429759397,927.0988159179688,2057100.0
2025-07-25,929.5809074518013,934.5350884949731,927.6448889314689,928.7667846679688,1827700.0
2025-07-28,928.7866491941312,933.4926242310078,924.2097460968445,927.2874755859375,2006300.0
2025-07-29,927.2874875162815,935.0315010055317,920.7249367681395,927.8633422851562,2065900.0
2025-07-30,928.2903059318819,931.0205715375639,918.5010772490094,920.8540649414062,1699600.0
2025-07-31,918.7194797724563,939.1617498733949,918.3620777233635,932.8970336914062,2564400.0
2025-08-01,934.0502564768314,951.1703395548275,934.0502564768314,946.9947509765625,2934500.0
2025-08-04,947.0742345398234,954.610282269351,943.1570868472836,949.8281860351562,2389900.0
2025-08-05,945.8115964172642,945.9805933002916,930.2523537684162,938.15625,2462300.0
2025-08-06,938.1563291329339,964.9201584056688,937.1919242178514,962.9417114257812,2753000.0
2025-08-07,969.0261389312618,976.3036848823828,965.3277467671932,971.7800903320312,1893300.0
2025-08-08,971.4818721803077,982.4677623307172,971.3327180125702,975.2896118164062,2189700.0
2025-08-11,977.4569287130545,983.8397317241628,970.6566396798861,983.0045776367188,2290100.0
2025-08-12,982.7659520807061,985.9970996216897,974.3649563379275,985.5,1588500.0
2025-08-13,978.2524018016996,980.6782506120226,964.4727528686992,973.1719970703125,2352600.0
2025-08-14,974.9117951056974,982.5571900385688,969.5232519689048,969.7320556640625,1808700.0
2025-08-15,973.4602793873819,974.3152761887349,961.6093805008932,966.4014282226562,1638300.0
2025-08-18,967.6541737095545,975.5879254453789,964.3733281315147,973.6690673828125,2078500.0
2025-08-19,972.9432943793875,982.7958432239907,971.1238927065757,975.1603393554688,1673400.0
2025-08-20,973.3210912403687,993.5033244077011,973.3210912403687,988.80078125,2229600.0
2025-08-21,983.1637802420959,983.5813269863494,961.9077928791316,964.0552368164062,2145600.0
2025-08-22,965.9043885641809,967.8530410827472,947.5813023203311,952.9797973632812,3136000.0
2025-08-25,949.4206170296861,952.741208820983,935.104122359888,936.1182250976562,2284300.0
2025-08-26,935.8795776367188,938.5738188516299,927.8364787557995,935.8795776367188,4341300.0
2025-08-27,935.0344971212877,946.4777408610539,931.7834459673917,944.0121459960938,1893600.0
2025-08-28,944.7776151501293,945.4835184865225,938.6533742642473,939.4785766601562,2067900.0
2025-08-29,939.5182698812159,943.1073145286197,935.0046272340744,937.8480224609375,1609000.0
2025-09-02,933.2150396466756,939.0311416575024,931.1471489007477,933.3741455078125,1793900.0
2025-09-03,933.5531927623044,944.5788902902517,931.0676943790181,944.2706909179688,1670500.0
2025-09-04,947.8696043743313,953.9341956238324,945.5928492195287,950.3551025390625,1471900.0
2025-09-05,953.148823927292,963.9259102581342,950.6732167210704,957.89111328125,1928500.0
2025-09-08,958.1396312952687,966.6997330225112,953.0294932278521,966.2125244140625,1737000.0
2025-09-09,964.3732373508105,974.1859787361701,957.5231902045134,973.569580078125,1496800.0
2025-09-10,970.726239582781,975.3094836529953,948.4263572433756,950.7427978515625,2277500.0
2025-09-11,952.244058598278,959.5613507383054,948.7445183945437,958.7262573242188,1532000.0
2025-09-12,954.7196197039573,963.9458182938397,954.4313237534394,962.2855224609375,1461600.0
2025-09-15,962.2059506490402,964.1147962683868,954.1430090835681,954.5307006835938,2199400.0
2025-09-16,953.5365530161333,954.0138099576319,945.2847107143458,946.54736328125,2012600.0
2025-09-17,947.959025977033,958.3881663213825,947.959025977033,957.4437255859375,1556800.0
2025-09-18,951.816580534296,956.9565739329436,945.1554330772422,946.8356323242188,1860900.0
2025-09-19,949.4603301311843,951.8861788469313,938.3153341490523,945.642578125,4606000.0
2025-09-22,941.8845484567781,944.4893457980693,934.1596003895061,937.7884521484375,2794300.0
2025-09-23,937.29137138679,939.5084164778733,928.085075868978,938.12646484375,3258500.0
2025-09-24,938.8024956169024,948.1280287423707,937.6392388056166,939.7867431640625,2149800.0
2025-09-25,946.9251925141294,947.4719900258755,930.1928002955735,937.8381958007812,2991500.0
2025-09-26,920.1811296166691,922.2490811056193,899.8000444176693,910.6368408203125,4812900.0
2025-09-29,911.0245585935132,911.8993980983955,898.0502099621818,911.5514526367188,4107000.0
2025-09-30,910.9350870843747,925.1123784761057,908.0717883135935,920.2606811523438,3096700.0
2025-10-01,917.6459400817009,918.6401393667298,905.8845455490982,912.018798828125,2642100.0
2025-10-02,907.2665473704967,913.1820455802886,904.731351189475,911.4521484375,2063800.0
2025-10-03,910.2789941348483,912.7743834889111,905.9144444988706,910.0701904296875,2319200.0
2025-10-06,910.1894913654356,910.4678963062222,899.0047488445605,905.6559448242188,2504000.0
2025-10-07,903.45873308962,912.3170830558148,898.6368906363464,909.4935302734375,2601800.0
2025-10-08,907.2466300902075,911.0643821974753,905.6758388472809,909.4935302734375,2376900.0
2025-10-09,926.9018873186244,938.29543240876,921.9010967155538,937.4205322265625,3742900.0
2025-10-10,938.9416185606132,939.9656728930856,923.6110834450549,924.615234375,3142500.0
2025-10-13,923.6111725337882,930.5506644013933,917.6459765863149,930.1331176757812,2169600.0
2025-10-14,934.8059072715957,941.9243480453156,930.5209104236453,941.0196533203125,1925900.0
2025-10-15,940.5124759723482,958.4080621959234,939.7767782476892,949.4503173828125,2009800.0
2025-10-16,949.9970948717305,952.3434511338452,915.8165210481483,920.2506713867188,2721400.0
2025-10-17,924.1877755247817,933.3741670818115,922.7660778486803,930.8986206054688,2502200.0
2025-10-20,930.759423538337,934.3484683647503,926.0966265020807,930.6798706054688,1523700.0
2025-10-21,930.6798770452579,937.8977735550166,929.5763304036458,932.0618286132812,1448200.0
2025-10-22,934.5473498312437,947.4719408395481,927.0908550187603,939.2001953125,2372400.0
2025-10-23,939.9855326164748,939.9855326164748,929.0692443060582,936.5853881835938,1974800.0
2025-10-24,934.5473017542614,937.5298995258175,924.7544633434281,926.73291015625,1639400.0
2025-10-27,924.8141956752468,927.7868420114111,919.753694303392,924.4562377929688,1967600.0
2025-10-28,921.4934962722537,925.321139287928,914.8622039612118,918.7991943359375,2090800.0
2025-10-29,913.6691678001249,914.5440680492427,904.0254223367415,907.1273193359375,2449600.0
2025-10-30,907.395742266431,917.6459344044191,905.0891926577009,914.84228515625,2677100.0
2025-10-31,912.1840397645716,915.957363985756,905.682704523794,907.4449462890625,2456300.0
2025-11-03,908.3908067378604,925.1070071732609,904.3884517538837,923.9620361328125,3206600.0
2025-11-04,929.1093815584379,937.0343654417408,924.8879615993136,936.6062622070312,2554500.0
2025-11-05,935.8694573698466,941.126285192148,923.3646508807745,930.9213256835938,2974800.0
2025-11-06,920.2982084442473,920.9354107719865,904.308780932225,919.5216674804688,3247700.0
2025-11-07,925.4455051291218,932.8826514210846,916.7438592359772,918.685302734375,2584000.0
2025-11-10,914.9617516975228,917.9485691676997,905.0753931632721,911.536865234375,2612700.0
2025-11-11,912.4727744167678,914.8522870159566,908.9881538925358,909.8443603515625,1663400.0
2025-11-12,911.4472149750238,914.0656630973244,907.6639250783817,909.9837036132812,1829700.0
2025-11-13,912.3233348422993,922.6776592911126,907.7136752061733,921.0150146484375,2430600.0
2025-11-14,923.0560438986494,924.8083198933047,911.0788765194511,918.9242553710938,1739100.0
2025-11-17,917.9685117903665,920.8358614576421,904.8165368287791,908.5799560546875,2481900.0
2025-11-18,908.5799177513722,914.8720928908436,890.2408152844337,891.1468505859375,2984700.0
2025-11-19,891.0672747109808,891.0672747109808,870.1296536018651,886.6865844726562,3462300.0
2025-11-20,889.5738452026396,900.5952094800058,887.0848305266389,889.36474609375,2648300.0
2025-11-21,890.5893100414995,901.3418404119623,888.2097976211331,895.0595703125,2870100.0
2025-11-24,895.0496656263625,897.3992808652937,877.4473613630315,882.2262573242188,3661200.0
2025-11-25,882.7638062945748,891.7839923547164,881.2405610290477,890.400146484375,2534700.0
2025-11-26,892.0827760133623,907.9925381017802,891.684509365306,904.2689819335938,1936200.0
2025-11-28,901.0432122255621,910.1828664987099,899.0320689934615,909.5755615234375,1092600.0
2025-12-01,909.1873003556292,914.5436648430571,902.2280249879643,907.9527587890625,2149400.0
2025-12-02,907.952696786441,918.9441630578544,901.0232584695106,917.9784545898438,2160600.0
2025-12-03,916.7637569248558,922.2495545017936,911.9948271091738,918.2073974609375,1886800.0
2025-12-04,903.0443614604421,903.9702675660149,884.1776193235453,891.9234008789062,3787800.0
2025-12-05,893.3073716181336,901.9094209648463,889.076046648084,890.7486572265625,2359800.0
2025-12-08,889.5737592365599,890.0715621236536,879.0203623369537,883.6200561523438,2407900.0
2025-12-09,882.9530317241134,885.113540190297,877.6365304666905,884.5360717773438,1899500.0
2025-12-10,883.9187345476414,885.6710104504017,867.2622692247734,870.567626953125,3318300.0
2025-12-11,872.0112667981653,882.1067240251406,868.7158140860407,880.5933837890625,3041600.0
2025-12-12,879.4185932842979,884.7152234461712,863.3096986902442,880.5834350585938,4808900.0
2025-12-15,878.2338582822865,883.590222595436,847.658841640694,856.778564453125,4771400.0
2025-12-16,853.672264615328,859.795264771658,840.3510537593472,856.6093139648438,3843300.0
2025-12-17,854.7275865879874,864.7633101523063,854.4587535742693,858.859375,2363700.0
2025-12-18,856.519647032183,859.3571599873912,848.7638998218569,853.8215942382812,2467500.0
2025-12-19,852.8060671553094,854.6778109201331,845.5879251073638,851.8602294921875,10097600.0
2025-12-22,850.2474382467832,851.7408470961627,843.5868323478717,846.2650146484375,2373300.0
2025-12-23,845.3688749818153,851.2230420476435,843.0789937559065,851.0338745117188,1903300.0
2025-12-24,854.8271869313126,872.1507536042078,854.5782854605351,868.0289306640625,1822200.0
2025-12-26,866.8142761875987,873.733748873638,865.1814680389904,869.5123291015625,1324100.0
2025-12-29,869.4526146204612,870.6573195802624,861.886034434609,864.026611328125,1792500.0
2025-12-30,860.2034784362196,864.0067001815262,857.6447640381878,861.8462524414062,1680800.0
2025-12-31,860.7808674527142,864.1858222260003,857.5551144288692,858.5507202148438,1490000.0
2026-01-02,857.3560154906329,859.3073640185239,848.7539665708771,850.7451782226562,2373400.0
2026-01-05,860.1536747646152,874.9085605564455,857.0672602106911,871.891845703125,2805600.0
2026-01-06,872.100874955472,890.1512121903676,867.4712838788643,885.1930541992188,2742300.0
2026-01-07,888.0804335157122,889.6733785964004,875.7548280187898,878.7018432617188,2680100.0
2026-01-08,897.170280582146,927.5760605554005,892.06281784629,911.2879638671875,5207200.0
2026-01-09,911.9450965080015,925.7641111015383,907.3255313683187,920.8159790039062,2895400.0
2026-01-12,916.355640925395,940.6782843439128,912.970556757135,938.9359741210938,3246400.0
2026-01-13,933.898162687959,938.7567238050707,925.5151181829934,937.7909545898438,2222100.0
2026-01-14,934.2068312635929,951.410868329552,934.16696813972,946.8012084960938,2894900.0
2026-01-15,950.345526735376,954.0691434256956,945.825498335225,952.5458374023438,2185900.0
2026-01-16,957.7728215976579,960.7397075663279,946.8211573174351,959.375732421875,3862900.0
2026-01-20,954.1687210368059,965.6381196536895,949.9373962556692,960.0228881835938,3209900.0
2026-01-21,955.3833362199402,985.2913744336598,955.3833362199402,978.5411376953125,4073700.0
2026-01-22,973.5929667325235,979.6761035638762,967.2907650271668,971.8804931640625,2074400.0
2026-01-23,967.1713408054876,980.5223883985109,966.7432375858068,978.929443359375,1680600.0
2026-01-26,982.0954178611277,988.6365552315827,972.059694424694,973.3739013671875,2458700.0
2026-01-27,973.3838648685424,973.7024660144878,957.4840695149514,966.0164184570312,2077900.0
2026-01-28,965.2497856635111,965.8371590540582,951.4108407828544,956.5581665039062,2474800.0
2026-01-29,953.7803850678829,956.0802320218186,944.3420615842438,948.7028198242188,1825000.0
2026-01-30,945.9512631165533,948.2342933416287,927.4774540008517,937.3972778320312,2396300.0
2026-02-02,941.365202225755,967.3760723685152,928.4445615967517,965.4219970703125,2451300.0
2026-02-03,961.4241064136298,987.6443600387222,961.354372343882,974.9529418945312,2960700.0
2026-02-04,980.3266260527595,991.5823501837411,972.231267074857,975.3816528320312,2631500.0
2026-02-05,992.4796327883465,997.9131095476899,984.334437772215,986.2884521484375,2988800.0
2026-02-06,985.151960201742,998.3318212858073,980.5160440419301,998.1224365234375,2358600.0
2026-02-09,998.2819569958236,1006.5567622492889,989.6681565437949,994.5632934570312,1861700.0
2026-02-10,992.9881107321103,994.4237441993664,966.0600494625904,968.2832641601562,1781500.0
2026-02-11,970.3370415451359,986.5676776564984,964.1857782026741,975.17236328125,1769400.0
2026-02-12,975.7804358356041,1006.1480409605498,975.1723012024485,995.8294067382812,2970400.0
2026-02-13,996.9659807262948,1019.7765672333104,990.7449227425586,1015.389892578125,2661600.0
2026-02-17,1019.2382502670578,1025.3196576953085,1007.414187225658,1008.9794311523438,1732200.0
2026-02-18,1006.9356722136181,1012.9174682861743,990.4857330140887,993.0579223632812,1926800.0
2026-02-19,989.2993045047693,1004.8021132505144,981.1241713374068,984.8229370117188,1750000.0
2026-02-20,980.1471179578817,984.3742437578796,974.8432519173275,982.2806396484375,1662200.0
2026-02-23,978.8212141883375,988.3023706575459,975.0925710555415,983.0284423828125,1489300.0
2026-02-24,983.3873286967852,995.8494037062743,982.0513674817787,995.4007568359375,1671100.0
2026-02-25,994.6530059311631,999.4583892292547,988.4319479875674,991.7418823242188,1554600.0
2026-02-26,993.8953223438048,1002.4692664077395,980.5459939214853,983.7462158203125,1804400.0
2026-02-27,987.5247860470829,1011.1129754268824,986.5776561532456,1007.7232666015625,3935000.0
2026-03-02,1007.8428569683352,1017.7228239541612,999.4484204139111,999.7276000976562,1986900.0
2026-03-03,999.4982290086558,1012.6681712116741,997.5940508040426,1004.71240234375,1947100.0
2026-03-04,1001.9508357610218,1010.9235298126131,993.975107715163,1003.685546875,1806600.0
2026-03-05,993.4766578436514,996.2183144508467,975.8403261800947,979.5889282226562,2766000.0
2026-03-06,964.0760781906463,999.4583909429965,957.5459632178216,995.0717163085938,2708900.0
2026-03-09,996.5970979151931,1004.3534615233565,984.9923994150885,1002.2498779296875,2348200.0
2026-03-10,997.4644109577372,1007.0352595264886,992.9780642817653,994.3339233398438,1613400.0
2026-03-11,993.2971611246434,994.3639220345076,984.8927451422288,989.2195434570312,1260500.0
2026-03-12,985.6105480944931,1003.1571863012988,981.014549413127,1000.2759399414062,1669200.0
2026-03-13,1002.8481300094999,1009.7570971306956,998.9599382452018,1005.3704223632812,1469700.0
2026-03-16,1007.4341152491746,1009.5776164301199,992.4098307410371,998.70068359375,1243400.0
2026-03-17,1003.4363102041303,1005.0414108770923,991.7319389764835,993.1376342773438,1210400.0
2026-03-18,987.365144531171,990.964176939235,975.1722706631457,976.9468383789062,1434400.0
2026-03-19,982.8489508726994,985.7899517809818,967.4657125291749,971.822509765625,1340200.0
2026-03-20,972.1216002798619,977.784359717839,967.5953358078008,969.3799438476562,2621600.0
2026-03-23,982.6794306340596,983.6465192669677,961.6036162737646,962.7999267578125,1779100.0
2026-03-24,959.1410878252898,978.3028055936963,958.0843063209951,970.8654174804688,1259300.0
2026-03-25,975.0327706314996,977.8342427225256,965.1129465312554,971.9022827148438,1067100.0
2026-03-26,972.7297272378161,984.1948358637566,969.7687066724347,976.677734375,1498300.0
2026-03-27,979.0405556292399,984.1150784146625,975.1423845536259,980.8749389648438,1540900.0
2026-03-30,984.6534973779992,1002.4891729288586,982.0214925256171,993.556396484375,2129100.0
2026-03-31,993.9750772242385,1005.5398581959852,982.8588822613299,993.4067993164062,2447900.0
2026-04-01,992.011050703501,1000.0864504955622,987.584519486008,993.536376953125,1769800.0
2026-04-02,1004.9417100920344,1012.9174379499077,996.178401014187,1011.880615234375,1828600.0
2026-04-06,1011.880582078757,1017.5931774977861,1000.9637927610012,1015.4596557617188,1448600.0
2026-04-07,1017.1645233013951,1017.7626785510582,1001.8012434311581,1010.1359252929688,1428500.0
2026-04-08,1001.3925166034772,1027.3335301602738,996.9659851952115,1027.1441650390625,2265700.0
2026-04-09,1026.3664712413427,1032.6772219242935,1021.9499802128156,1028.8988037109375,1433300.0
2026-04-10,1023.3955783764184,1025.8780139803748,992.4796529810136,995.4406127929688,2333000.0
2026-04-13,995.440558531616,997.0157817637139,976.3885539144973,977.8740234375,2255500.0
2026-04-14,970.7258102175352,974.6438791447429,963.0691189342165,971.8424072265625,2136500.0
2026-04-15,967.3660765987653,982.3903615141269,965.3621652036542,981.7622680664062,2346200.0
2026-04-16,982.0114660474678,992.7288500677828,978.6317368547425,984.2147827148438,1484300.0
2026-04-17,982.0114852720008,997.6339250606195,974.0357574728373,996.8563232421875,2346500.0
2026-04-20,1000.8042754656635,1008.2316841924668,991.1237747362767,994.8125610351562,1475400.0
2026-04-21,991.3530684357826,1003.4462707847734,983.7063563163795,1002.7583618164062,1367100.0
2026-04-22,1001.9308699927149,1005.051378436928,995.2611650268059,1000.65478515625,1215200.0
2026-04-23,1004.5229509602364,1013.5155422903074,1003.9746318675445,1011.3023071289062,1570700.0
2026-04-24,1008.9295500450844,1010.3751628549658,999.4583734389299,1008.0821533203125,1695200.0
2026-04-27,1005.5698298040464,1011.3322616899435,993.6062377046318,994.9820556640625,1620400.0
2026-04-28,1007.414171901837,1009.5776319073915,983.0084639919596,990.9841918945312,1776000.0
2026-04-29,985.3712166492191,995.9390312238905,982.131077359347,995.6399536132812,1516900.0
2026-04-30,993.4268026550495,1014.6023511807849,993.2971922044702,1011.4519653320312,2049300.0
2026-05-01,1013.7682062878171,1029.6329973715185,1004.7225904299318,1010.0940551757812,1509700.0
2026-05-04,1005.4215125381143,1023.0933674505529,1000.6191501948939,1011.1823120117188,1479400.0
2026-05-05,1008.905926897308,1019.1596438068837,1007.4682103147495,1014.8065185546875,1456300.0
2026-05-06,1009.7046705850466,1010.6231931384533,990.8446414505653,994.1693725585938,2619100.0
2026-05-07,991.9229551012324,1011.052514417975,989.087436398622,1010.4534912109375,2014000.0
2026-05-08,1010.1339891275397,1014.3872367008379,1003.5145084854244,1007.1886596679688,1805200.0
2026-05-11,1004.2233794930132,1005.4014990611479,983.5862078907894,997.8834228515625,2053500.0
2026-05-12,1000.94854701992,1024.371328576014,999.5508059415497,1020.2578735351562,2143200.0
2026-05-13,1016.32414275388,1040.8651419658145,1016.32414275388,1031.4400634765625,1654600.0
2026-05-14,1033.3071195463888,1040.1363497982506,1024.4711920018672,1039.59716796875,1606600.0
2026-05-15,1047.6942954258584,1055.8213891123912,1037.5703764171271,1047.284912109375,1967000.0
2026-05-18,1048.333277011971,1078.115882330003,1043.3412137881044,1074.76123046875,2295200.0
2026-05-19,1075.29043213977,1094.7594789612422,1070.3981857426552,1092.5828857421875,2853300.0
2026-05-20,1087.6407794000645,1088.0101872040575,1070.298356612478,1072.30517578125,2223400.0
2026-05-21,1061.7219809218534,1063.039831932931,1037.3606890186563,1048.782470703125,2149700.0
2026-05-22,1038.339136433185,1043.980192141425,1023.5625808281633,1026.6077880859375,2048300.0
2026-05-26,1024.501136400399,1025.868956801072,994.5786787900382,1001.3379516601562,2704600.0
2026-05-27,1002.2664538012281,1011.9011597260693,998.1030903394299,1002.0967407226562,2390100.0
2026-05-28,1010.0041633354696,1010.393558877613,992.6917228453493,993.6202392578125,2844300.0
2026-05-29,985.0039219405999,997.2344762390208,943.9492008767987,954.8019409179688,7028000.0
2026-06-01,953.484057160972,957.6873962512601,935.0234174693086,944.608154296875,2816300.0
2026-06-02,940.7942241638574,953.8734663046481,937.9587663930275,952.7552490234375,2218200.0
2026-06-03,951.3674175633403,967.6415310020179,950.4688218344311,960.30322265625,2174100.0
2026-06-04,985.3933117726406,988.438457984513,966.6730757099798,970.8064575195312,2345200.0
2026-06-05,975.9483384472815,995.826706947471,970.0576795995038,970.3272705078125,3092000.0
2026-06-08,961.9306412534771,977.425963620676,959.4745242795628,973.2026977539062,2086100.0
2026-06-09,972.6635641898084,980.4111948031996,963.4082598570556,967.052490234375,1998600.0
2026-06-10,975.8884414254012,983.696035487958,962.7792787463713,981.8090209960938,1715600.0
2026-06-11,985.3433342331716,987.5498479765957,972.4538546157332,974.1411743164062,1903400.0
2026-06-12,973.9714742302206,983.2167846105712,968.4602172052602,980.7905883789062,1737300.0
2026-06-15,972.6436034824163,985.4332668486661,966.4634268586715,977.895263671875,1893700.0
2026-06-16,978.8337760067219,993.7999716270218,971.615211231262,985.11376953125,1523400.0
2026-06-17,978.4443497555376,982.1484824459604,959.6342295249499,964.0572509765625,1928000.0
2026-06-18,961.1718392143634,962.4697634296748,946.8046670209701,949.939697265625,3742900.0
2026-06-22,947.0642274329521,954.7120409757252,941.033837393197,949.8397827148438,2191900.0
2026-06-23,962.9689714159962,964.845992015539,951.9764387262253,956.1597900390625,2529800.0
2026-06-24,960.5029023709275,966.4034940212789,955.4808577449501,959.5643920898438,2020200.0
2026-06-25,948.0626439932809,954.2328264451996,937.110026267083,940.7442626953125,2492700.0
2026-06-26,951.7368490136909,960.1135456878924,941.5031194544038,951.0279541015625,8239200.0
2026-06-29,957.0283989466781,968.320443173306,940.8840840412729,945.17724609375,2450000.0
2026-06-30,940.5046487380878,944.4982990512007,930.9298452995619,933.9849853515625,2870900.0
2026-07-01,938.9371405362266,938.9371405362266,919.0886934600077,923.2021484375,2909700.0
2026-07-02,925.528479984269,951.1277936674867,923.37193558161,950.1593017578125,2785800.0
2026-07-06,947.5933782782907,953.9832433205282,939.9056499765064,948.7415771484375,2327500.0
2026-07-07,965.9842121329974,967.4618433325775,943.829433324414,945.9959716796875,1940200.0
2026-07-08,957.4776814696542,964.9757698306605,946.4951428917958,951.6170043945312,1645500.0
2026-07-09,933.4559091796973,933.5158115001236,906.2391710643403,911.520751953125,4545200.0
2026-07-10,912.2895068847466,915.2747507677559,905.7699043838991,914.7955322265625,2102300.0
2026-07-13,916.9721105282216,929.5021769300105,915.424583129132,924.9594116210938,2373300.0
2026-07-14,919.9173964162345,927.944611696534,917.1018656017798,920.2868041992188,2409200.0
2026-07-15,916.2931842187085,926.1075973597352,909.0546927062207,915.0850830078125,2423200.0
2026-07-16,922.5332631819883,944.2587315975229,920.03723162576,944.0690307617188,2735300.0
2026-07-17,959.9937095573548,962.7992465460038,932.2777658318746,939.37646484375,2508000.0
2026-07-20,937.2598435659402,945.4767598979683,930.5305522820987,934.3145141601562,1507900.0
2026-07-21,928.7733283183376,930.5105565056226,922.9725535050976,927.7449340820312,1833500.0
2026-07-22,929.4023530939542,932.1180061948597,919.5080498136913,925.8380126953125,1762700.0
2026-07-23,919.048788102527,925.0592514281323,915.3047408691222,924.5899658203125,1785200.0
2026-07-24,925.010009765625,936.6599731445312,921.280029296875,935.030029296875,1586300.0
2026-07-27,938.1099853515625,956.6099853515625,936.6599731445312,951.5800170898438,2109500.0
2026-07-28,970.5499877929688,987.5499877929688,965.8699951171875,966.5800170898438,2682800.0
2026-07-29,968.0700073242188,978.7999877929688,963.0,974.030029296875,1973400.0
2026-07-30,955.0399780273438,960.760009765625,949.6799926757812,954.1699829101562,2334500.0
2026-07-31,945.739990234375,955.5599975585938,937.510009765625,951.8900146484375,1760200.0
2026-08-03,965.1500244140625,967.97998046875,948.75,954.0800170898438,2014100.0
2026-08-04,945.0,950.8599853515625,937.010009765625,947.8499755859375,2437300.0
2026-08-05,956.989990234375,956.989990234375,935.219970703125,941.989990234375,1692400.0
2026-08-06,959.5499877929688,966.1400146484375,941.780029296875,949.1500244140625,2116500.0
2026-08-07,943.510009765625,949.7899780273438,937.510009765625,947.8200073242188,1523800.0
2026-08-10,942.469970703125,952.8900146484375,940.5599975585938,952.75,1479200.0
2026-08-11,950.0499877929688,954.9000244140625,938.0900268554688,944.3200073242188,1801400.0
2026-08-12,937.4000244140625,951.3900146484375,935.0499877929688,949.5800170898438,1311800.0
2026-08-13,954.25,962.5800170898438,949.510009765625,961.8499755859375,1324900.0
2026-08-14,959.989990234375,965.3599853515625,957.75,961.0999755859375,1165100.0
2026-08-17,954.8400268554688,956.75,949.4199829101562,953.5,1242800.0
2026-08-18,966.1099853515625,971.9600219726562,955.030029296875,961.3499755859375,1845200.0
2026-08-19,960.22998046875,978.7000122070312,956.0,956.989990234375,1642300.0
2026-08-20,931.1500244140625,944.219970703125,925.77001953125,933.510009765625,2503700.0
2026-08-21,939.6400146484375,949.9000244140625,933.8200073242188,947.739990234375,2365600.0
2026-08-24,953.010009765625,974.489990234375,951.3900146484375,971.4000244140625,2204700.0
2026-08-25,965.8599853515625,969.0499877929688,959.8900146484375,960.010009765625,1359900.0
2026-08-26,960.5800170898438,964.4500122070312,954.5399780273438,956.1199951171875,1221600.0
2026-08-27,948.27001953125,948.8499755859375,933.25,934.6599731445312,2239600.0
2026-08-28,938.9400024414062,953.72998046875,937.1099853515625,945.469970703125,1401300.0
2026-08-31,945.1900024414062,949.2999877929688,940.7100219726562,943.8900146484375,2392600.0
2026-09-01,947.3499755859375,952.0999755859375,935.9299926757812,939.9600219726562,1507800.0
2026-09-02,938.489990234375,938.8800048828125,920.3099975585938,928.47998046875,2163000.0
2026-09-03,927.7899780273438,930.760009765625,915.3099975585938,925.4099731445312,2171100.0
2026-09-04,926.0900268554688,928.0399780273438,914.5399780273438,915.739990234375,2076200.0
2026-09-08,912.4000244140625,915.1300048828125,906.0999755859375,910.1799926757812,2236900.0
2026-09-09,907.0,909.22998046875,898.4299926757812,902.5999755859375,2065600.0
2026-09-10,906.6199951171875,912.0999755859375,899.0,902.3800048828125,1925700.0
2026-09-11,905.1699829101562,907.3599853515625,900.75,904.77001953125,1772000.0
2026-09-14,913.6500244140625,921.989990234375,910.7899780273438,918.9099731445312,2012800.0
2026-09-15,916.9199829101562,916.9199829101562,900.25,901.3499755859375,2198700.0
2026-09-16,901.0499877929688,902.0,892.6699829101562,893.739990234375,2096900.0
2026-09-17,895.3200073242188,896.0,888.0399780273438,893.9299926757812,2320000.0
2026-09-18,892.4299926757812,898.4000244140625,890.5499877929688,895.3099975585938,4175000.0
2026-09-21,891.0700073242188,899.4400024414062,885.5,898.47998046875,2160100.0
2026-09-22,902.260009765625,903.4000244140625,895.8400268554688,899.4099731445312,1980600.0
2026-09-23,901.3099975585938,905.5900268554688,893.3599853515625,904.7000122070312,2280700.0
2026-09-24,908.8099975585938,909.4299926757812,895.260009765625,896.47998046875,2893300.0
2026-09-25,887.0,925.1400146484375,883.0999755859375,922.77001953125,4629300.0
2026-09-28,924.3900146484375,931.0900268554688,913.0,922.9199829101562,2443800.0
2026-09-29,916.7999877929688,925.969970703125,912.6599731445312,924.5900268554688,2412900.0
2026-09-30,924.6099853515625,925.5599975585938,910.2999877929688,910.3400268554688,2218300.0
2026-10-01,910.8699951171875,923.5,903.780029296875,914.9400024414062,2125600.0
2026-10-02,921.1799926757812,921.1799926757812,909.6599731445312,920.6500244140625,2024100.0
2026-10-05,920.0,925.3400268554688,914.75,923.52001953125,1952600.0
2026-10-06,921.3200073242188,937.0399780273438,919.0,935.6799926757812,1899800.0
2026-10-07,940.8400268554688,948.77001953125,937.5999755859375,942.25,1771000.0
2026-10-08,952.9199829101562,953.25,939.5999755859375,947.9199829101562,2271800.0
2026-10-09,945.0,951.2899780273438,942.530029296875,946.9199829101562,1502800.0
