date,open,high,low,close,volume
2014-01-02,60.77116915512167,61.111623204152146,60.54173408106322,60.70455551147461,4253400.0
2014-01-03,60.623177283411785,61.04504507740389,60.56396638156599,60.60837173461914,3897900.0
2014-01-06,60.430707319179156,60.6749479033136,60.02363967895508,60.02363967895508,11188800.0
2014-01-07,60.17907391719669,60.63054695768508,60.0088497097954,60.319698333740234,4630900.0
2014-01-08,60.34929354456685,60.6453422229149,59.971831338506604,60.637939453125,4662300.0
2014-01-09,60.61576933977685,60.645374788175026,59.92745819283939,60.37152862548828,4966000.0
2014-01-10,60.482535036423336,60.71937292757289,60.26049704305655,60.69717025756836,4981000.0
2014-01-13,60.40112023049266,60.785979678138865,59.92004168593944,59.92744445800781,6952400.0
2014-01-14,60.156879997460194,60.312304332031125,59.66100155192523,59.95705032348633,5217300.0
2014-01-15,59.838626299108334,60.267896719346986,59.7572127488334,60.0014533996582,5196800.0
2014-01-16,59.87564267304621,60.230896716614104,59.78682633882362,60.142086029052734,4871200.0
2014-01-17,60.18648004809856,60.20868271581123,59.69060164698174,59.949642181396484,6178000.0
2014-01-21,60.17171010519317,60.319731728069264,59.06892812211335,59.55000686645508,6932800.0
2014-01-22,59.69799983158437,59.80901316161809,59.150307719006,59.357540130615234,5821600.0
2014-01-23,58.92827962277225,59.431560792637434,58.61002821173015,59.387149810791016,6387000.0
2014-01-24,58.92086941091221,59.20951534649362,58.58781814575195,58.58781814575195,7118300.0
2014-01-27,58.365799790737796,58.595234932767525,58.11415632980664,58.425010681152344,6591200.0
2014-01-28,58.04015094126929,58.41761334446159,57.596080515158135,58.12896728515625,10586500.0
2014-01-29,57.9365201682593,58.284377036258824,56.71532256769132,56.7523307800293,9195300.0
2014-01-30,57.15941214860277,57.551674447544734,56.730141628504796,56.937374114990234,6820900.0
2014-01-31,56.39706483722115,57.33701911761538,56.13802431978723,56.878143310546875,10592200.0
2014-02-03,56.72274103400864,56.78935470531614,55.457137745785815,55.57555389404297,9527000.0
2014-02-04,55.88640133578883,56.13803914872086,54.89463868993247,55.48673629760742,9573400.0
2014-02-05,55.309104195325595,55.916001646467755,54.73920931210215,55.70136642456055,10080300.0
2014-02-06,55.64957599938429,56.39709248085969,55.634770450182515,56.36749267578125,6107100.0
2014-02-07,56.374871281809696,56.69312272513593,56.138033392357194,56.58210372924805,6194200.0
2014-02-10,56.663530312008824,56.68573298695942,56.160248975368056,56.55251693725586,6343600.0
2014-02-11,56.57472011515184,56.98178233507614,56.37488474549599,56.767147064208984,6292900.0
2014-02-12,56.922570641429644,57.23341935164546,56.744937967025116,57.1964111328125,7345900.0
2014-02-13,57.24080869477637,57.633076562418445,56.944765571012695,57.425838470458984,6586900.0
2014-02-14,57.544260938998036,57.82550416866731,57.226009495076696,57.67748260498047,4752300.0
2014-02-18,57.670085660421535,57.788507440666216,57.04098548119017,57.41104507446289,4954700.0
2014-02-19,57.17420127620964,57.37403095147928,56.545101161725874,56.58210372924805,7767800.0
2014-02-20,56.68572915017121,57.403645707178676,56.648726576645416,57.34444046020508,5852200.0
2014-02-21,57.255610582006646,57.75889176558488,57.255610582006646,57.5368537902832,7764500.0
2014-02-24,57.61086739816137,57.91431893621143,57.32962417606127,57.63307571411133,11739500.0
2014-02-25,58.972672904033395,59.94962960506438,58.71363242396059,59.93482971191406,13421700.0
2014-02-26,59.94223621942088,61.21524180268439,59.79421467810831,60.46772003173828,9737800.0
2014-02-27,60.43812167422134,60.837780974576006,59.66099444724954,60.66755676269531,6040900.0
2014-02-28,60.608347440199324,61.5038907966609,60.23828792199239,60.71196365356445,7239600.0
2014-03-03,59.74982842873383,60.71198004788986,59.66841486101103,60.68977737426758,8359500.0
2014-03-04,61.34846002037272,61.5778950905843,61.21523838197191,61.33366012573242,6367600.0
2014-03-05,61.36328887939453,61.57791848986439,61.11904817507296,61.36328887939453,5069900.0
2014-03-06,61.26706175199669,61.34847530945681,60.85999961135706,60.993221282958984,6168400.0
2014-03-07,61.14123761323219,61.18564295107375,60.71936996375598,61.096832275390625,5287700.0
2014-03-10,61.015419145858345,61.08942992499171,60.48993527335283,60.8229866027832,4139000.0
2014-03-11,60.80811625927446,60.92721354251087,60.331715768045186,60.5103645324707,4667900.0
2014-03-12,60.093513033751215,60.18283457269395,59.72876448592974,59.96696472167969,7048700.0
2014-03-13,60.339135090024755,60.339135090024755,58.5972974463697,58.6568489074707,7665800.0
2014-03-14,58.67174737903724,59.46078454246028,58.64941699579187,59.08859634399414,6739000.0
2014-03-17,59.23002336614682,59.69153872756409,58.99182317167288,59.23746871948242,5547600.0
2014-03-18,59.28958742803724,59.966967067801384,59.26725704242791,59.41613006591797,5032600.0
2014-03-19,59.52777737687374,59.91485057848281,59.1034830862592,59.364013671875,6568400.0
2014-03-20,59.33422360413698,59.72874206407818,59.15557491417369,59.61708450317383,5097800.0
2014-03-21,60.130738470948444,60.964442274602476,59.73621979715032,59.862762451171875,10086100.0
2014-03-24,59.855306045166806,59.8925214558138,58.95460564873895,59.29702377319336,7574200.0
2014-03-25,59.58732970784959,59.61709976451474,58.9248352038022,59.15559005737305,5375500.0
2014-03-26,59.170494231472205,59.386364126559386,58.582436037091824,58.708984375,6364600.0
2014-03-27,58.53032955781237,58.82063597522073,58.33679573230195,58.56755065917969,5803300.0
2014-03-28,58.74618594018959,59.1779256285237,58.42610385113381,58.597312927246094,5132700.0
2014-03-31,58.962047806667144,59.05137500983193,58.686626522931206,58.902496337890625,5736200.0
2014-04-01,58.984384102754916,59.765981591190304,58.984384102754916,59.08859634399414,6697600.0
2014-04-02,59.20770229171439,60.115842450621756,59.170481198326456,59.51289367675781,6611700.0
2014-04-03,59.51289638702082,59.565002512651986,58.79085598302938,59.103492736816406,5505400.0
2014-04-04,59.28213787341243,59.3267986414672,58.42610385113381,58.597312927246094,6422000.0
2014-04-07,58.57500020004841,58.57500020004841,57.339332239400676,57.41376876831055,11121300.0
2014-04-08,57.24998412791612,57.64450265941776,56.88523565085871,57.39885711669922,7371000.0
2014-04-09,57.49564954715051,58.0092712412855,57.421213019673424,57.882728576660156,8027600.0
2014-04-10,57.77848871262516,58.22511334336346,57.09365822107678,57.1532096862793,6201500.0
2014-04-11,57.0341117948974,57.36163349155475,56.31206590505649,56.349281311035156,8399100.0
2014-04-14,56.79592712357797,57.212776130853854,56.20786902880418,56.5502815246582,8677200.0
2014-04-15,56.788470507336775,56.8703523574059,55.537918054356346,56.490718841552734,7022900.0
2014-04-16,56.88524199256878,57.00434494018555,56.42373226840663,57.00434494018555,6104700.0
2014-04-17,56.76613277042429,57.82314565180491,56.505602226300894,57.38396072387695,6875000.0
2014-04-21,58.32188437862705,58.32188437862705,57.81570824654975,58.031578063964844,6253300.0
2014-04-22,58.612169579290345,59.72129400155033,58.5302877580728,59.304439544677734,11188400.0
2014-04-23,59.45332233245211,59.58731026027916,58.38886426114249,58.44841003417969,7497000.0
2014-04-24,58.783408504180954,59.40868198916218,58.597314393773466,59.37890625,7271600.0
2014-04-25,59.110932406380726,59.32679656384682,58.82806574089608,59.08859634399414,6381400.0
2014-04-28,59.20024680399417,60.406138466169956,59.05137381420776,59.6766471862793,14562400.0
2014-04-29,59.78831346261866,59.78831346261866,59.19281005859375,59.19281005859375,5146500.0
2014-04-30,59.35655566844053,59.35655566844053,58.60473980719299,59.18535232543945,8524700.0
2014-05-01,59.185345194210555,59.289557393691126,58.76849071714933,59.05135726928711,3936700.0
2014-05-02,59.04394125634028,59.66922044305608,58.924843974529786,59.103492736816406,3738400.0
2014-05-05,58.8355046345489,58.93971686434502,58.4782015044332,58.574974060058594,3521000.0
2014-05-06,58.53774809177735,58.62707528664335,57.57750204374341,57.629608154296875,6475800.0
2014-05-07,57.94969697701522,58.03157882880843,56.959675081072405,57.376529693603516,5378600.0
2014-05-08,57.272308986737336,57.860366890275145,57.06388455087886,57.354190826416016,5485100.0
2014-05-09,57.36163613937962,57.87525760620012,57.17554206347544,57.845481872558594,4345800.0
2014-05-12,57.92736204627124,58.388877385667065,57.87525593368948,58.2623291015625,4324200.0
2014-05-13,58.329321185422124,58.56752134919514,57.346744799965975,57.517948150634766,5455500.0
2014-05-14,57.562630942230484,57.5924066810554,56.699151553732364,56.80336380004883,6870000.0
2014-05-15,56.60981977111005,56.78846849258608,56.066422574397365,56.75124740600586,6304700.0
2014-05-16,57.16065902742917,57.59239866156033,57.06389214907868,57.58495330810547,7039400.0
2014-05-19,57.00433371916605,57.36907648594762,56.84801539054538,56.94478225708008,7733800.0
2014-05-20,58.00180232923786,58.671742162743215,57.6147291360685,58.031578063964844,15432200.0
2014-05-21,58.24744180046281,58.440981216412716,57.87525367394228,58.12089920043945,6693900.0
2014-05-22,57.882698866858526,58.84294491212774,57.882698866858526,58.64196014404297,5265900.0
2014-05-23,58.634519326613415,59.103480035657476,58.440985575368465,58.93971633911133,5003100.0
2014-05-27,59.0886020731416,59.550117528478346,59.029056271760865,59.31936264038086,4760600.0
2014-05-28,59.364014840072365,59.550108930480114,59.00671168766747,59.31190872192383,4002200.0
2014-05-29,59.46077915393156,59.542661004505014,59.133257430778464,59.475669860839844,4408900.0
2014-05-30,59.37892192823789,59.75111024732439,59.23749422880229,59.72134017944336,4528000.0
2014-06-02,59.73620139139249,60.33914441054131,59.67664992109264,60.17538070678711,6817700.0
2014-06-03,60.04061080771327,60.557230195493034,60.010660947032264,60.39999771118164,5477700.0
2014-06-04,60.13793291796618,60.56470836045674,59.94326171419919,60.30265426635742,4961600.0
2014-06-05,60.40001648948821,60.542276943863655,60.10801239750443,60.182884216308594,5666400.0
2014-06-06,60.33261102695472,60.84923038235012,60.28020020213631,60.377532958984375,4460300.0
2014-06-09,60.37005172600464,60.8866768593014,60.21281923159958,60.355079650878906,3718600.0
2014-06-10,60.09302852165938,60.534776164530804,60.06307865754653,60.452415466308594,4249500.0
2014-06-11,60.24274809912986,60.44490817316213,59.71863996710216,59.756072998046875,4918100.0
2014-06-12,59.696185854603335,59.73361888984248,58.5506252991486,58.722835540771484,7643300.0
2014-06-13,58.76776543399311,58.84263722697119,58.21370731113339,58.45330047607422,7971800.0
2014-06-16,58.37095285827464,59.21701516181278,58.37095285827464,59.07476043701172,7164400.0
2014-06-17,59.0298403444341,60.24278438210807,58.94748534181494,59.9133415222168,9587300.0
2014-06-18,59.920829610994026,60.46740473823978,59.74113610454283,60.42996597290039,8071500.0
2014-06-19,60.42996438139524,60.53478606676061,59.860928294873624,60.22780990600586,5095400.0
2014-06-20,60.414969574560196,60.49733025527028,59.79352287914819,60.02562713623047,13661000.0
2014-06-23,60.01814607804422,60.49733239419874,59.875885676815024,60.377532958984375,4920400.0
2014-06-24,60.182875265867935,60.51980696890838,59.77107746751108,60.220314025878906,5579300.0
2014-06-25,60.16788721983207,60.35506954550045,59.98819378664877,60.295169830322266,4486300.0
2014-06-26,60.23527499371145,60.62461746155195,59.98819864520496,60.459896087646484,5165200.0
2014-06-27,60.385009402867425,60.998967100889544,60.370031620377695,60.7443962097168,5011000.0
2014-06-30,60.66204076208264,60.81927893000118,60.2577319976803,60.61711883544922,5045300.0
2014-07-01,60.88668640526724,61.37336175226252,60.81181459319561,61.261051177978516,5234600.0
2014-07-02,61.27600531109328,61.53057625241078,61.11128965771304,61.38083267211914,4185700.0
2014-07-03,61.448241580158594,61.657884966248055,61.24608708995914,61.43326950073242,2764000.0
2014-07-07,61.193650197132776,61.46318749855562,60.75189692531053,60.96154022216797,6071000.0
2014-07-08,60.96153889662186,61.04389957750378,60.310148054457414,60.46738052368164,7322900.0
2014-07-09,60.729449997566,60.81929959371055,60.03313133641578,60.4449348449707,6980600.0
2014-07-10,59.18706920030296,59.58389492092667,58.36346218125064,59.44912338256836,11530900.0
2014-07-11,59.59137978513766,59.82348982085553,59.3068646238402,59.60635757446289,4746400.0
2014-07-14,59.838456304570315,59.94327797063736,59.291887004699596,59.494041442871094,7657200.0
2014-07-15,59.52398267575264,59.94326927922683,59.464082957441605,59.79352569580078,6051900.0
2014-07-16,59.92830633552468,60.07804994176323,59.43414215270312,59.64379119873047,9033700.0
2014-07-17,59.48657341706323,59.80852742216989,59.321857678569394,59.56145095825195,7697300.0
2014-07-18,59.74858962750046,60.10797642763734,59.486529849977494,59.95823287963867,5323200.0
2014-07-21,59.90585743405074,59.9208295127498,59.546464709384026,59.681236267089844,4112800.0
2014-07-22,60.16788277334194,60.45988672281701,60.04808335183892,60.30265426635742,6336100.0
2014-07-23,60.242788257601504,60.714485890865,60.05560584104954,60.66207504272461,3669200.0
2014-07-24,60.789342227778036,61.05139637709158,60.564721121308125,60.79682540893555,4359600.0
2014-07-25,60.721958869069155,60.8717081904672,60.564726365865596,60.66954803466797,4680100.0
2014-07-28,60.796818534018065,60.90164018189023,60.3925097278548,60.699485778808594,3441600.0
2014-07-29,60.80429220920419,61.25352854656195,60.56469911512339,60.63208770751953,4536500.0
2014-07-30,61.02143140352395,61.283485487940126,60.699477610569616,61.216102600097656,5807300.0
2014-07-31,60.714491204614625,61.081372886060954,60.53479766845703,60.53479766845703,5748900.0
2014-08-01,60.31764304157358,60.7069855569278,59.703685117224936,59.71117401123047,8708000.0
2014-08-04,59.67373623378767,60.08553972557059,59.64379208197846,59.92081832885742,7025000.0
2014-08-05,59.733635962111094,60.54226515741983,59.733635962111094,59.92081832885742,5895500.0
2014-08-06,59.85342670802313,60.66205007329681,59.786038095378515,60.28768539428711,4228200.0
2014-08-07,60.45991804208141,60.69951129685,60.11550309537368,60.250274658203125,4045900.0
2014-08-08,60.69947458955238,61.74020769611541,60.557214216942214,61.71774673461914,7226500.0
2014-08-11,61.852510271963176,62.196924966155464,61.770149615487895,62.054664611816406,3952000.0
2014-08-12,61.957357875841076,62.21192313001829,61.904947046313296,62.08464050292969,3657100.0
2014-08-13,62.129564790706134,62.436540857806534,61.94986563145783,62.2343864440918,4498700.0
2014-08-14,62.21191593387559,62.87080138584143,61.94986181654887,62.7884407043457,4923000.0
2014-08-15,62.92322513061229,62.960658176573666,62.03223523638504,62.661170959472656,5383500.0
2014-08-18,63.05050658439366,63.35748840221224,62.361676858240486,62.5862922668457,9475300.0
2014-08-19,65.06457534781947,66.62941679563987,64.81749331531591,66.06038665771484,18244600.0
2014-08-20,66.01545138883381,68.18676718485288,65.9480685035829,67.94717407226562,13394200.0
2014-08-21,67.894777505839,68.74083961264121,67.88728861290048,68.2466812133789,8315900.0
2014-08-22,67.9396976433181,68.38145091739126,67.8723147457069,68.15682983398438,6939200.0
2014-08-25,68.3215421399415,68.74831757193807,68.09692108632197,68.28410339355469,7328700.0
2014-08-26,68.11940194193379,68.75582077653776,68.05950222018588,68.60607147216797,5396400.0
2014-08-27,68.64351381246165,68.85315713717979,68.36648186916858,68.78577423095703,4320200.0
2014-08-28,68.43388619320399,69.42969792650445,68.33654768985141,69.26497650146484,7575700.0
2014-08-29,69.43717429080584,70.02118240415746,69.33984150936487,70.00621032714844,7672200.0
2014-09-02,70.01372379574862,70.2168995288464,67.6132084513522,68.59147644042969,20753200.0
2014-09-03,68.5613726461934,68.71187275819732,66.95852406262786,66.97357177734375,15410400.0
2014-09-04,66.97357962655586,68.29047585516791,66.97357962655586,67.67341613769531,8452200.0
2014-09-05,67.47021855746355,68.9601888789388,67.18426036597289,68.93761444091797,7746400.0
2014-09-08,68.76453685504734,69.06554276985487,68.15500403993956,68.34313201904297,4885900.0
2014-09-09,67.88410522674805,67.97440873144984,66.80801286253093,66.92089080810547,8103000.0
2014-09-10,66.71773321222233,67.27459062270414,66.46940281278133,67.16171264648438,6245400.0
2014-09-11,67.02624406027743,67.28962211380322,66.6876159544887,67.13912200927734,4537800.0
2014-09-12,67.25952952576304,67.34983304472625,66.56721977068013,66.8531723022461,4593700.0
2014-09-15,67.1090366032874,67.37994144803527,66.67257815994779,67.25953674316406,3935000.0
2014-09-16,67.17676329336632,68.28295717437396,66.61990585860238,67.92927551269531,5045100.0
2014-09-17,68.20016468753825,68.88495340543464,67.68093527962859,68.64414978027344,7068800.0
2014-09-18,69.10318674426578,69.56221957940382,68.62910045221837,69.29883575439453,6025100.0
2014-09-19,69.87075946871227,70.54802162455049,69.38162537053951,69.48697662353516,12498800.0
2014-09-22,69.21610557850686,69.54720719027803,68.9903495212499,69.14837646484375,5208800.0
2014-09-23,69.0730841051897,69.39666452733174,68.81722701406711,68.84732818603516,6330000.0
2014-09-24,68.99033159324416,70.066424469598,68.7420011430363,69.99869537353516,6381400.0
2014-09-25,69.83311521309889,69.98361531514172,68.89247522230397,69.15585327148438,4972100.0
2014-09-26,69.44934200690116,69.98362490594741,69.08061268751662,69.86322021484375,4571400.0
2014-09-29,69.50955633374068,70.11156266939116,69.19349683572057,69.8933334350586,3894600.0
2014-09-30,70.00621823897069,70.1416706824036,68.77962525875992,69.03547668457031,6773000.0
2014-10-01,69.33647572927126,69.4869758773023,68.418409899129,68.49365997314453,5970700.0
2014-10-02,68.71190639237588,69.57729681303135,68.53130502132535,69.4117431640625,5991200.0
2014-10-03,69.62241855624737,70.49533536796898,69.48696614550478,70.38998413085938,6200100.0
2014-10-06,70.52544570140456,70.92427625672101,70.02878488377175,70.17929077148438,4951700.0
2014-10-07,70.01374777687168,70.40505166180527,69.56224152772877,69.5848159790039,5030300.0
2014-10-08,69.66004010827317,70.85653725096022,69.41170975434795,70.8038558959961,6618900.0
2014-10-09,70.66841380627964,71.33062238500236,69.99867275783372,70.03630065917969,6674700.0
2014-10-10,70.15669741152871,70.63077791229759,69.63746228601208,69.64498901367188,6349800.0
2014-10-13,69.89331594258584,69.93847056883779,68.04966374808106,68.1775894165039,7372200.0
2014-10-14,68.00450437076896,68.12490329270518,66.61235272388593,67.80132293701172,9711300.0
2014-10-15,66.28880905610104,67.10152375851078,65.18262074257022,66.10820770263672,12987500.0
2014-10-16,64.97942307022747,67.51539108513845,64.97942307022747,66.8832778930664,7147600.0
2014-10-17,67.19933501190249,68.56890684879446,67.01120698078431,67.90669250488281,7007300.0
2014-10-20,67.62828443301737,69.28380924463924,67.55302860785996,69.11825561523438,5609400.0
2014-10-21,69.6299410453614,71.01456624211394,69.32141408152927,70.88663482666016,6604700.0
2014-10-22,70.96188034223448,71.48110969220453,70.16421375816356,70.23946380615234,5908900.0
2014-10-23,71.11240930638021,71.87996929339474,71.06726040750083,71.33816528320312,5923100.0
2014-10-24,71.18764560957811,71.63163074709195,70.83396399356164,71.48112487792969,4825200.0
2014-10-27,71.45854815500195,72.0003577842913,71.27042013045492,71.84233093261719,4465100.0
2014-10-28,72.17345494122196,72.69268450615711,71.86492215315913,72.6851577758789,5260100.0
2014-10-29,72.70774927006487,73.18183000945879,72.09068933922237,72.55724334716797,4275400.0
2014-10-30,72.33145183569694,73.59567216118063,72.2637227737048,73.38496398925781,4115800.0
2014-10-31,74.33313066867325,74.69433893647316,73.24199062053778,73.38496398925781,6335900.0
2014-11-03,72.85070097465973,72.86575443306299,72.22612024001765,72.30889129638672,7614200.0
2014-11-04,72.28632490586737,72.37662844271406,71.63164292267064,72.21107482910156,5349600.0
2014-11-05,72.68511717578573,72.88077186523986,71.60150401073857,72.0755844116211,5002700.0
2014-11-06,72.50452807640073,73.37744472839971,72.24867675915254,73.2118911743164,4016900.0
2014-11-07,73.12157225639146,73.55803049038842,72.76036979744953,73.48278045654297,3429600.0
2014-11-10,73.4752828900009,73.87411339474916,72.99367559280921,73.86659240722656,3662300.0
2014-11-11,74.09234326257099,74.3105724681317,73.65588485144958,73.8515396118164,3818400.0
2014-11-12,73.97195577708563,74.27295608128976,73.45272049227175,74.11492919921875,4629400.0
2014-11-13,74.42346055770582,74.7696154939206,74.00204980565996,74.49871063232422,3182800.0
2014-11-14,74.4234413994966,74.498691454744,73.7612271344126,73.9267807006836,4085500.0
2014-11-17,73.87409663589857,74.46105503736963,73.59567088921698,73.76874542236328,8581600.0
2014-11-18,73.10652695913137,73.5279317555428,72.22608947753906,72.22608947753906,10384400.0
2014-11-19,72.65504922002405,73.22695431122858,72.24116524764132,72.7679214477539,6831100.0
2014-11-20,72.30136596903952,73.72361341854014,72.25621133775203,73.422607421875,4958800.0
2014-11-21,74.48364050840792,74.57393827430238,73.6107238300217,73.95687866210938,6806800.0
2014-11-24,74.25789791435213,74.4234515030984,73.91174302025172,74.04719543457031,5043600.0
2014-11-25,74.22780594236335,74.40088628147728,72.54970688376339,73.00121307373047,7992000.0
2014-11-26,73.03884696132644,73.52798113778917,73.00122478849921,73.52045440673828,4337900.0
2014-11-28,73.79134381068386,75.10071916021747,73.74619491629042,74.79971313476562,3305800.0
2014-12-01,74.8674113440222,74.95771484370738,73.97944702468796,74.40837860107422,4393700.0
2014-12-02,74.56717604990232,74.85449425417076,74.09082557636101,74.21936798095703,4677700.0
2014-12-03,74.17398908708701,74.65789641106163,74.12862457816136,74.54447937011719,4357200.0
2014-12-04,74.21180718143385,74.93766827000911,73.93204587670573,74.81668853759766,5220000.0
2014-12-05,74.68057993131605,75.36863909437889,74.59741358641952,75.33839416503906,4649100.0
2014-12-08,75.39133270759427,76.3289025838607,75.35353086669711,75.93572998046875,6624300.0
2014-12-09,75.37620176887147,75.59547318011248,74.54448063360198,75.33839416503906,5280500.0
2014-12-10,75.12668327424007,75.78449748910208,74.7183853928047,74.80912017822266,5357000.0
2014-12-11,75.06619219315482,76.66913876428359,74.9679005036943,75.81473541259766,6864000.0
2014-12-12,75.37619762396568,76.55572096020573,75.14936355070562,75.44424438476562,5983300.0
2014-12-15,75.61814679774758,76.54815375204157,75.07374966907317,75.64839172363281,5488300.0
2014-12-16,75.14183092113981,75.78452579614004,73.33473759248294,73.38766479492188,7829300.0
2014-12-17,73.78837259031913,74.96033905195563,73.41031963735642,74.80912017822266,6096400.0
2014-12-18,75.8676787469139,76.13232048091957,75.08133352655358,76.11719512939453,6594000.0
2014-12-19,76.30621657429839,77.12281244346535,76.22304445232966,77.06988525390625,12500600.0
2014-12-22,77.31181812747089,78.30987755372583,77.2966985496527,78.25695037841797,5418900.0
2014-12-23,78.37795042950334,78.78624259154822,78.12087139079739,78.45355987548828,4067700.0
2014-12-24,78.67284141548244,78.92235204242903,78.3023452758789,78.3023452758789,1819000.0
2014-12-26,78.6198907747371,78.87696400118251,78.24183784034328,78.44598388671875,2594900.0
2014-12-29,78.31746058220916,79.23991082186554,78.07550689382643,79.03575897216797,3492700.0
2014-12-30,78.96769948749302,79.1945277889774,78.52159402123606,78.83915710449219,2927800.0
2014-12-31,79.20211733684492,80.1623695864062,79.05845532578482,79.36846160888672,5821600.0
2015-01-02,79.51209863361592,79.89015158086143,77.62939080291962,78.20403289794922,4323700.0
2015-01-05,77.71259524479645,77.71259524479645,76.20794550397272,76.56331634521484,5878100.0
2015-01-06,77.17576719038624,77.17576719038624,75.86770079759224,76.32892608642578,4910100.0
2015-01-07,77.3420684670655,78.99037945887365,77.12279707725732,78.94501495361328,5091000.0
2015-01-08,79.67090069455166,80.89578886711357,79.40625894843019,80.69164276123047,6464600.0
2015-01-09,80.81262543324972,80.81262543324972,79.25504856784872,79.30797576904297,5717600.0
2015-01-12,79.51967815391856,79.61041296376862,78.68039991085901,78.95259857177734,4992900.0
2015-01-13,79.70112823956472,80.17747289510795,77.9923272356412,78.43087005615234,5395200.0
2015-01-14,77.44034527428688,78.18889407905841,77.03204749949208,77.606689453125,5384400.0
2015-01-15,78.1209095864294,78.3704260719436,76.23064366944395,76.37430572509766,6895000.0
2015-01-16,76.26087632797682,78.86944056562955,75.7920883793949,78.72578430175781,6403800.0
2015-01-20,79.2701609501047,79.35333308279988,77.3874583716891,78.06795501708984,5331300.0
2015-01-21,77.91671260873387,78.68037538791896,77.50085207065882,78.2796401977539,5899200.0
2015-01-22,78.92234378337703,80.38162862333824,78.28721749960421,80.20016479492188,5804100.0
2015-01-23,80.30604014591283,80.51019205374375,79.62554340086407,79.67091369628906,4072300.0
2015-01-26,79.6633427187383,80.5253032497806,79.43650857114528,80.41944885253906,4192300.0
2015-01-27,79.22479908764026,80.00358747570075,78.93748083600231,79.51212310791016,4606500.0
2015-01-28,79.62550678459995,81.22845329485331,79.08867231277041,79.19452667236328,4917300.0
2015-01-29,79.49698589371843,81.46286037746171,79.02064118134648,81.37213134765625,6529300.0
2015-01-30,80.4194462702115,80.7974993249723,78.92235363516066,78.95259857177734,7000000.0
2015-02-02,79.22482589969904,79.39117022696554,76.79772510213931,78.96018981933594,5012800.0
2015-02-03,79.30793796138343,81.14527531070601,79.2474481121032,81.08478546142578,5969200.0
2015-02-04,80.97138647471617,82.41555166270265,80.71431321094961,81.96945190429688,6765200.0
2015-02-05,82.4004325955346,82.67262544237329,81.77286324494473,82.40798950195312,4471800.0
2015-02-06,82.62725696391614,82.97506500729516,82.00725031813084,82.44579315185547,4223700.0
2015-02-09,82.32484008904328,82.76338306477274,81.68971365685505,81.91654205322266,4243800.0
2015-02-10,82.25678341021955,83.8143601321317,82.1584916938087,83.67826080322266,5414400.0
2015-02-11,83.62533071906428,83.77655539520305,83.02800622773712,83.40605926513672,4552900.0
2015-02-12,83.78410758823026,84.83509451157441,83.33044512260342,84.80485534667969,4592200.0
2015-02-13,84.6914580883926,84.97877637111534,84.15462337221895,84.60072326660156,5098600.0
2015-02-17,84.44944697099605,84.85774473877557,83.64041410760754,84.683837890625,6028600.0
2015-02-18,84.3814268054472,84.8124069863214,83.92776436799502,84.67630767822266,3731600.0
2015-02-19,84.69141828660527,85.02410093955888,83.65555119034846,83.88238525390625,5910600.0
2015-02-20,83.78410930746664,84.87290386221792,83.20947286457576,84.86534118652344,7276100.0
2015-02-23,85.43241869538959,85.56096110462057,84.5326564425599,84.89558410644531,5638000.0
2015-02-24,88.84245486535148,89.16001800039875,87.05048157136022,88.27537536621094,12775500.0
2015-02-25,88.7290389292283,88.7290389292283,87.5948799166639,87.94268798828125,7328200.0
2015-02-26,87.70831272742133,88.02587592351443,87.10342550460697,87.2395248413086,5649900.0
2015-02-27,87.0958415221642,87.4587691281283,86.61949110746968,86.76315307617188,5732600.0
2015-03-02,86.84632381417165,88.50975448056512,86.84632381417165,87.79901885986328,5971900.0
2015-03-03,87.79147540349443,87.7990380793384,86.80097830729798,87.76123046875,3784800.0
2015-03-04,87.24709679793067,87.30758668037247,86.38513616334934,86.770751953125,3799000.0
2015-03-05,87.12609883759589,87.78390738016367,86.99755643060455,87.64025115966797,4088700.0
2015-03-06,87.67807606567463,87.67807606567463,86.19610857538635,86.5363540649414,5169200.0
2015-03-09,86.48342848434962,87.31514995200246,86.47587157546748,87.14124298095703,5351200.0
2015-03-10,86.5256389273022,86.89803575474097,85.54524230957031,85.54524230957031,5685000.0
2015-03-11,85.63643254701694,86.48763097975018,85.43123597930966,85.93283081054688,4356500.0
2015-03-12,86.52562596047582,88.50921787610703,86.46482483089508,88.2356185913086,5742000.0
2015-03-13,88.15201980190079,88.39521852553452,86.63962792050094,87.26282501220703,4626900.0
2015-03-16,87.65042465927115,88.6232195503444,87.64282306840856,88.53961944580078,4820300.0
2015-03-17,87.74161267719356,88.2204142871863,87.50601556644436,87.84041595458984,3715900.0
2015-03-18,87.71123959622898,88.47883224304428,86.11524156612515,88.2204360961914,4773600.0
2015-03-19,88.31922575079918,88.48642597134652,87.45282987915868,87.52123260498047,3545600.0
2015-03-20,87.8176178441991,89.67200578261478,87.65041764848549,89.29200744628906,8446000.0
2015-03-23,88.94999665137057,89.48959350451739,88.21279907226562,88.21279907226562,4095200.0
2015-03-24,88.31162459533822,89.55042307279105,88.19002812417695,88.27362823486328,4026900.0
2015-03-25,88.1292226354651,88.62322168375627,86.36603040337106,86.39643096923828,4725800.0
2015-03-26,86.15322825577235,86.2064277940006,84.80043502798407,85.40083312988281,5409600.0
2015-03-27,85.18044030491151,86.8144345379474,85.1196391710508,86.53323364257812,3879300.0
2015-03-30,87.36921612417233,88.19761550615183,87.04241732549838,87.11841583251953,3968400.0
2015-03-31,86.41162812545673,87.68082710423235,86.29763325164863,86.34323120117188,4128800.0
2015-04-01,86.54844463379743,86.63964634892696,85.44645145131737,85.97844696044922,4737700.0
2015-04-02,85.5832395234874,87.33883026395694,85.51483679683365,87.05003356933594,4064800.0
2015-04-06,86.22163052579238,87.81762836827657,86.19123575776052,87.36162567138672,3248900.0
2015-04-07,87.27042735075999,88.00002352791175,86.81443046482951,86.86763000488281,3188300.0
2015-04-08,86.61680133420872,88.01519209974109,86.51040228893183,87.84799194335938,3753500.0
2015-04-09,87.74919611081768,88.34959404788692,86.74600095227098,87.07279968261719,4674000.0
2015-04-10,86.99682867587326,87.8936250704931,86.95882651914523,87.58202362060547,3658100.0
2015-04-13,87.36924062613265,87.7264400874515,86.9056420654826,86.97404479980469,2982000.0
2015-04-14,86.79163007136951,87.38443243113774,85.96323636326612,86.6776351928711,4072500.0
2015-04-15,87.0804339987882,87.55922989134343,86.16843436751557,86.22163391113281,4210800.0
2015-04-16,86.13802286522169,86.63202187799445,85.89482415408482,86.16082763671875,4013000.0
2015-04-17,85.8112496025474,85.96324665762427,84.94484783399817,85.19564819335938,6245200.0
2015-04-20,85.87963058479991,86.40403018453955,85.63643186286404,85.77323150634766,4396300.0
2015-04-21,86.25962751808113,86.62442849408572,85.49963079986016,86.00882720947266,3899500.0
2015-04-22,86.03164607624878,86.11524619844899,85.26405338814303,85.8720474243164,4065500.0
2015-04-23,85.68204816235502,87.02724591110635,85.5452484895721,86.60924530029297,3945300.0
2015-04-24,86.54842837097551,86.6700306349653,85.80363479814083,86.41162872314453,2878300.0
2015-04-27,86.67760705312531,86.72320498972138,84.57241340613446,84.65601348876953,5618000.0
2015-04-28,84.2836421525689,84.94483562527054,83.6376460638643,84.04044342041016,5743300.0
2015-04-29,83.72883428320377,83.83523335636748,82.13284238743347,82.6192398071289,7238900.0
2015-04-30,82.50528010015084,82.99927935553237,81.03088972655604,81.30448913574219,9041600.0
2015-05-01,81.30446817678093,83.44005753844185,81.205664872184,83.25765991210938,6696900.0
2015-05-04,83.55406774747802,83.94166202279852,83.08286754426584,83.645263671875,3366800.0
2015-05-05,82.99163223224436,83.50843018849073,82.06444118567714,82.12523651123047,4164800.0
2015-05-06,82.23165409686017,82.77125694480759,81.50205784109113,82.31525421142578,3996600.0
2015-05-07,82.38365633987567,84.14684872803616,82.26965565736171,83.63005065917969,5400200.0
2015-05-08,85.4236452411877,86.24444321292623,85.20324546368482,85.47684478759766,6435300.0
2015-05-11,85.30202095143424,85.81122310517034,84.97522216544577,85.04362487792969,3725200.0
2015-05-12,84.45084826877371,85.74284053645565,84.23044849636858,85.51483917236328,4053800.0
2015-05-13,85.81883475763993,85.84163373324351,84.43564085397558,84.50404357910156,4340700.0
2015-05-14,85.15762811164046,85.28682615230467,84.23043125828211,85.07402801513672,3815700.0
2015-05-15,85.05885690500217,86.18365493766751,84.98285836997589,86.1456527709961,4575800.0
2015-05-18,86.54084403674436,87.09563849428945,86.00124696505267,86.89044189453125,6878200.0
2015-05-19,88.25083711833643,88.52443645070962,85.37804412841797,85.37804412841797,11133200.0
2015-05-20,85.26405092696514,85.79604641805014,84.52685303337881,85.19564819335938,7004500.0
2015-05-21,85.10445169311392,85.3704494368232,84.83085235720839,85.12725067138672,4238600.0
2015-05-22,85.02085691286331,85.52245186131093,84.70925539472519,85.24125671386719,3694000.0
2015-05-26,85.11963087293327,85.25643051162592,84.12403704586234,84.30643463134766,4612600.0
2015-05-27,84.39005808222977,85.52245186131093,84.21525624063486,85.24125671386719,4147800.0
2015-05-28,85.05123992155156,85.6516322575054,85.0132377643476,85.2640380859375,2806100.0
2015-05-29,84.99803023807793,85.56802777711542,84.64083665086555,84.6788330078125,5310600.0
2015-06-01,85.09683679292235,85.37803187873307,84.54963820668576,84.86883544921875,5114500.0
2015-06-02,84.61671377579219,85.70928196109561,84.53266962083705,85.25849914550781,6088200.0
2015-06-03,85.35783569761543,86.70253648109495,85.15154335896028,86.45804595947266,6337500.0
2015-06-04,85.96903028792792,86.45801699647828,84.9375864275221,85.1591567993164,4328600.0
2015-06-05,85.06747006002564,85.0827539912688,84.24995461187109,84.32636260986328,4505400.0
2015-06-08,84.15063490684199,84.66253586576345,83.91378642745397,83.99018859863281,3449000.0
2015-06-09,83.88321296439473,84.23466756722267,83.30254605014754,83.68456268310547,3659000.0
2015-06-10,83.96727716888886,84.95288101709899,83.5776184779424,84.79243469238281,3967900.0
2015-06-11,84.80770361122158,85.82386938681138,84.80770361122158,85.0292739868164,3642800.0
2015-06-12,84.72366848264876,85.2584895639741,84.3645718298535,84.5020980834961,4301900.0
2015-06-15,84.21941123161021,84.39513566388119,83.69986824335703,84.05132293701172,3965200.0
2015-06-16,83.96728130786511,84.38749622785072,83.85267511910071,84.21941375732422,3466600.0
2015-06-17,84.60140601840313,85.02926278158941,84.01309713991077,84.40275573730469,5722200.0
2015-06-18,84.85357367827532,85.80097958308953,84.62436708513437,85.45716094970703,7222600.0
2015-06-19,85.29669666883096,86.56499503509933,85.14389230550088,85.90028381347656,9255100.0
2015-06-22,86.28228750500378,86.80947238827382,86.1676813352783,86.38925170898438,3190200.0
2015-06-23,86.51913725606155,86.78654776995369,86.28228877648738,86.47329711914062,3075900.0
2015-06-24,86.28995521090609,86.85533843332958,85.83917236328125,85.83917236328125,3716100.0
2015-06-25,86.51914513452203,86.87824178406751,85.75511169433594,85.75511169433594,4466300.0
2015-06-26,86.16004327457209,86.5955420759775,85.7474703714404,86.03015899658203,4208500.0
2015-06-29,85.23555685807273,85.81622382394377,84.39512135666912,84.45624542236328,5187400.0
2015-06-30,84.922304499517,85.38836529003444,84.49444187744967,84.90702056884766,5938800.0
2015-07-01,85.91556715088545,86.19061968492203,85.16681756420724,85.62523651123047,4216200.0
2015-07-02,86.01489028074393,86.1447745729089,84.884118169434,85.18209075927734,3845000.0
2015-07-06,84.24996289251044,85.51826117120582,84.17356071612079,85.05220031738281,3864700.0
2015-07-07,85.35783727440976,86.0607468084193,84.5785197148268,85.87738037109375,5515900.0
2015-07-08,85.35780605070318,85.92318909262414,84.65489677381639,84.80770111083984,3794100.0
2015-07-09,85.81623867251533,86.02252514353668,84.96051909206928,85.0980453491211,3643700.0
2015-07-10,86.08363583766666,86.70250681274956,85.64049509726453,86.41217041015625,4631400.0
2015-07-13,87.26025253597734,87.87911771488466,87.15328832799614,87.78743743896484,4171900.0
2015-07-14,87.48182393981773,88.2687774059197,87.39777979983478,88.1388931274414,3688900.0
2015-07-15,88.18474342159936,88.74249043034447,87.91733286772687,88.30699157714844,3364600.0
2015-07-16,88.52856764733333,88.5591296881746,86.96993853910875,87.6575698852539,5234800.0
2015-07-17,87.47418618491793,87.86384486822416,87.09981143458742,87.45890808105469,5497600.0
2015-07-20,85.76276613407337,87.18386900583118,85.70164205098169,86.6490478515625,6107500.0
2015-07-21,86.64903852787722,87.07689540525354,86.09129153062929,86.99285125732422,4660600.0
2015-07-22,87.06924418899487,87.92496368195671,86.94700187806441,87.78743743896484,5485200.0
2015-07-23,88.02428568344503,88.71191689652589,87.42834057514565,87.55058288574219,4308900.0
2015-07-24,87.66520743166866,88.03958806615226,86.66432535177312,86.78656768798828,4427800.0
2015-07-27,86.61846404843533,87.01575883049013,86.114199233288,86.38925170898438,4468200.0
2015-07-28,86.91644076959135,87.88676061779664,86.47330000088118,87.74159240722656,4176800.0
2015-07-29,87.98610362936655,89.20855610482758,87.94789962143116,88.91058349609375,5104000.0
2015-07-30,88.58205994003748,89.1932833397554,88.13127707222337,88.97935485839844,3291100.0
2015-07-31,89.37663489409377,90.25526869189684,88.91057402666317,89.41483306884766,4301200.0
2015-08-03,89.86560826037338,89.92672650065246,88.7501202249887,89.307861328125,3645000.0
2015-08-04,89.10919054435074,90.01839192304153,88.8188600251141,89.79682159423828,3008200.0
2015-08-05,90.44627542940947,90.56088160983903,89.4683135707539,90.15594482421875,4299100.0
2015-08-06,90.45390752222853,90.53795165676206,88.68135038962349,89.05572509765625,4768900.0
2015-08-07,89.16270205218689,89.51416257183656,88.45979267111287,89.33843231201172,3986100.0
2015-08-10,89.79683680847819,90.41570194367567,89.66695254069063,89.8503189086914,3408900.0
2015-08-11,89.40719864868467,90.26291827715268,89.2085541333276,89.91910552978516,4080000.0
2015-08-12,89.49124280099461,90.06426793268254,88.39867465007845,89.91910552978516,4575800.0
2015-08-13,90.15595298236451,91.79098420571565,89.99550664688945,90.93526458740234,6255500.0
2015-08-14,91.14918353037018,91.59996042147644,90.50739246732137,91.49299621582031,5135500.0
2015-08-17,90.99638455342924,92.2570409370248,90.71369590189411,91.45480346679688,7255600.0
2015-08-18,93.0821898969667,94.58733661753419,92.5626469552852,93.82330322265625,11021900.0
2015-08-19,93.72396620865301,94.57968562775403,93.31138751528886,93.79273223876953,6490300.0
2015-08-20,93.19679039226034,93.61700523636642,92.0965805053711,92.0965805053711,5555500.0
2015-08-21,91.3325528501078,91.95906000161375,88.74248010420169,88.7501220703125,10190700.0
2015-08-24,84.08187255424829,88.53618255754243,70.42095251666395,85.98431396484375,13983100.0
2015-08-25,89.39191065557654,89.39191065557654,84.72366596612298,84.7847900390625,10221100.0
2015-08-26,87.1456421321184,88.65078876594187,85.63285936174701,88.57438659667969,9313200.0
2015-08-27,89.77392342930834,90.22470033195826,88.11597237006889,89.89617156982422,7579100.0
2015-08-28,89.72044724675179,90.50740075864795,89.33078855952976,89.7892074584961,5016000.0
2015-08-31,89.39957568185957,89.76630855586754,88.57441797167075,88.97935485839844,5444500.0
2015-09-01,87.53562816582195,88.11925186657689,86.43749694960351,86.82913970947266,7392900.0
2015-09-02,88.18067864716461,89.44775390625,87.78903592516525,89.44775390625,6487400.0
2015-09-03,89.8701168143819,90.67643910696681,89.21738278927634,89.53990936279297,5302900.0
2015-09-04,88.06551421297374,88.84111900235848,87.15168288546889,87.86585235595703,5752000.0
2015-09-08,88.84109327532688,89.57061843488253,88.10388723843481,89.40935516357422,5775800.0
2015-09-09,89.93154358385273,90.20799658027755,87.31292099515998,87.520263671875,5316400.0
2015-09-10,87.54329759777023,88.62607277501573,87.30524313701098,87.9195785522461,5259100.0
2015-09-11,87.52027523739814,88.66448004343052,87.31293253328344,88.64912414550781,4472800.0
2015-09-14,88.69521118353632,88.83343772103126,87.86585195856661,88.10391235351562,4248700.0
2015-09-15,88.14228988252968,89.5629476933192,87.466519070267,89.2173843383789,4994000.0
2015-09-16,89.14059043655368,90.63803940772766,89.05611835522662,90.47677612304688,5285100.0
2015-09-17,90.86842502869779,92.01262985487678,90.05442181341628,90.5458984375,6607100.0
2015-09-18,89.4707871353874,90.00065047602864,88.29586487472335,88.40337371826172,11366700.0
2015-09-21,89.0484365616348,89.93155003810536,88.51856730399382,89.52455139160156,5201100.0
2015-09-22,88.61838176626873,89.37862446539594,88.22673910238238,88.92555236816406,4631600.0
2015-09-23,88.96397377831885,89.50152397003065,88.81807223583758,89.20970916748047,4084900.0
2015-09-24,88.57231677823424,89.578300809582,88.18835492809355,89.34024047851562,5172300.0
2015-09-25,90.02370967093847,90.74555405911171,89.10987847393093,89.64742279052734,5478900.0
2015-09-28,89.48614136049866,90.13887528659669,87.42810575878761,87.62008666992188,5994600.0
2015-09-29,87.7045656113886,88.25747161618361,85.85387252962006,86.70626831054688,7908800.0
2015-09-30,87.82747460083523,88.79505467330867,87.54334059674959,88.68754577636719,5395600.0
2015-10-01,89.25579684589486,89.94692366398905,88.111586024626,89.87013244628906,5215200.0
2015-10-02,88.74127240312319,90.53821714068215,88.08853834525016,90.46910095214844,4359800.0
2015-10-05,91.19095091700588,91.60563047054687,90.54589773958232,91.53651428222656,4528700.0
2015-10-06,91.4597183444935,91.53650954848315,90.59196660770304,91.13719177246094,5275400.0
2015-10-07,91.53651846770418,92.02798925167838,90.99129324982013,91.88208770751953,4680100.0
2015-10-08,91.62098475792696,93.0954028753059,91.49811999910827,92.96485137939453,4958200.0
2015-10-09,93.12610839727868,93.30273343349913,92.5117729269842,93.17218780517578,3893500.0
2015-10-12,93.29505749861043,94.03226361729783,92.9187764904748,93.60990905761719,2861900.0
2015-10-13,93.51007942322163,93.90940308388303,93.02628953385991,93.38721466064453,2971400.0
2015-10-14,93.17220334890071,93.59455795666501,91.81297483564487,92.35820007324219,5200400.0
2015-10-15,92.62696905242217,93.70973854265928,92.45802488232148,93.5407943725586,3448900.0
2015-10-16,93.40257083860696,94.3164020467092,93.40257083860696,94.25496673583984,4068800.0
2015-10-19,94.15514442719913,94.60821668989448,93.84029283410379,94.53142547607422,3097700.0
2015-10-20,94.37014178395219,94.58515947971928,93.95546228834735,94.33942413330078,3318400.0
2015-10-21,94.67733193843924,95.23791306664616,94.26265235739622,94.68501281738281,3491800.0
2015-10-22,95.14575631801102,95.59115351092392,94.36247079133065,95.4990005493164,5855300.0
2015-10-23,95.99817263747332,96.56643470821622,94.43160710893278,95.69100189208984,5281600.0
2015-10-26,95.64490944964435,96.49730531688496,95.23790492355087,95.99815368652344,4550200.0
2015-10-27,95.61418322777327,96.0595745290111,95.08431399053687,95.58346557617188,3674800.0
2015-10-28,95.51434783678121,95.67561111096235,93.85563568892317,95.08431243896484,6821500.0
2015-10-29,94.77715985181945,95.2763115244505,94.26265228010783,94.93842315673828,4635300.0
2015-10-30,94.66196441197921,95.79849421581561,94.66196441197921,94.94609832763672,4991500.0
2015-11-02,95.406870654969,95.71404140913437,94.74645558409162,95.53742218017578,3715600.0
2015-11-03,95.39917556330472,96.78911575645857,95.07664311694951,96.49730682373047,4313700.0
2015-11-04,96.35909230309264,96.65858215151403,95.6986772889341,96.28229522705078,4101200.0
2015-11-05,96.34369606868913,96.76605640060438,95.95205338443972,96.5433578491211,3059400.0
2015-11-06,96.19782611636849,96.84288525061753,95.85226269863134,96.74305725097656,3752000.0
2015-11-09,96.60482497878529,96.85056038229749,94.99986104741338,95.60652160644531,4988800.0
2015-11-10,95.59881239801364,96.30530660019701,95.25324910318766,96.19011688232422,3872900.0
2015-11-11,96.32067488976719,96.32067488976719,95.62186147452942,95.76776885986328,3240200.0
2015-11-12,95.36079412028639,95.96745472968648,94.50071720718854,95.07666015625,4285700.0
2015-11-13,94.53138732082589,94.64657702445983,92.07403431766288,92.15082550048828,8728800.0
2015-11-16,92.18925144098347,92.94181345881397,91.08343933126451,92.79590606689453,7785700.0
2015-11-17,95.8829852090076,97.01950937815178,94.53143741170591,96.89664459228516,10517100.0
2015-11-18,97.09628923444362,97.31898784428701,95.72938577846134,97.17308044433594,6502000.0
2015-11-19,97.16542978599475,98.00247005289965,96.72003242778095,97.4188461303711,4662200.0
2015-11-20,97.80279838743347,99.99138641357422,97.5954556322773,99.99138641357422,8191900.0
2015-11-23,99.99138301057249,101.8574325907009,99.99138301057249,101.74992370605469,6329700.0
2015-11-24,101.31216921717461,102.84801663385946,101.16627355536168,102.59461212158203,6672700.0
2015-11-25,102.6637547699048,103.85403923614984,102.55624588558786,103.40095520019531,5300900.0
2015-11-27,103.52379556471305,104.03062803578757,103.30877785896982,103.47004699707031,3337700.0
2015-11-30,103.82329226917746,103.9154510903431,102.14153732334431,102.80963897705078,8057900.0
2015-12-01,102.9870394148404,103.84320832549666,102.78648792349965,103.68893432617188,5267600.0
2015-12-02,103.78920842750033,103.85862466442448,103.02560628242749,103.2107162475586,5022700.0
2015-12-03,102.9870233224189,103.4498099397186,100.88902436952839,100.98928833007812,6688000.0
2015-12-04,101.46751366612803,103.99745143307923,101.31325146462156,103.76605224609375,5387100.0
2015-12-07,103.35731248424904,103.9666526554079,102.73254255309192,103.30331420898438,5444300.0
2015-12-08,102.36226930975602,103.78920964197059,102.13087008118094,103.23385620117188,4731400.0
2015-12-09,102.7479152877442,103.95888596270032,101.4366571131885,101.73747253417969,5055600.0
2015-12-10,101.78377558016825,103.04102391033351,101.66036109087183,102.23113250732422,4185600.0
2015-12-11,102.23114513805619,102.23114513805619,100.51109814524301,100.61137390136719,5300800.0
2015-12-14,101.11272619270343,101.91490867938006,100.81963146478144,101.82234191894531,5960100.0
2015-12-15,102.29282853550255,102.96388739156147,101.18984255317417,101.2669677734375,4921800.0
2015-12-16,101.94577227375025,102.80194138182559,100.54967935190137,102.50883483886719,4711700.0
2015-12-17,102.63220298915196,103.00243461283,101.0432800110221,101.31324768066406,4345800.0
2015-12-18,100.83507346578624,101.28244231116263,100.27971984872984,100.49568939208984,9840600.0
2015-12-21,101.04330144841714,101.51380889540546,100.41081101138703,101.28240966796875,3414800.0
2015-12-22,101.32870177120577,102.03060854684605,100.62680676502079,101.72208404541016,3401900.0
2015-12-23,102.19257519449883,102.84819259741936,101.72206775501307,102.67079162597656,3244800.0
2015-12-24,102.43170959087465,102.9562036472671,102.32372482811994,102.50883483886719,1517100.0
2015-12-28,102.00747096195238,102.50882622487167,101.72979419970873,102.3391342163086,2607200.0
2015-12-29,102.87135461240727,103.61182994200257,102.80193836041724,103.12589263916016,3037400.0
2015-12-30,103.03331222269676,103.4035439114464,102.80191300368328,102.85591125488281,2484700.0
2015-12-31,102.64766101753744,103.02561350526652,101.99975255524849,102.00746154785156,3178700.0
2016-01-04,100.35681493592772,101.0972900390625,99.84773903811333,101.0972900390625,8050900.0
2016-01-05,101.15897576803447,101.76832734234996,100.31052778949638,100.60362243652344,5320900.0
2016-01-06,99.50068592440564,100.1948720486535,99.16130185674413,99.56239318847656,8199600.0
2016-01-07,97.90403074469255,98.63678525666332,96.18397782817893,96.72390747070312,12551000.0
2016-01-08,97.52610183212124,97.59551809156576,95.25840986794128,95.56694030761719,7104500.0
2016-01-11,96.315105051033,97.24840517411502,95.71346816834584,97.01700592041016,6811600.0
2016-01-12,97.78835215226195,99.34642827662252,97.0555974826551,98.33599090576172,5695700.0
2016-01-13,98.3205250658711,98.3205250658711,93.30692651869884,93.63859558105469,8932200.0
2016-01-14,93.55375572543426,93.73115669789422,91.17036489219196,92.2656478881836,13389100.0
2016-01-15,90.33735175150966,93.44578249558357,89.55059899716825,91.96484375,10515000.0
2016-01-19,92.97530366848885,94.01658886120562,91.63320288420343,92.37367248535156,6350700.0
2016-01-20,90.9312929035517,91.52521507166293,87.6146007412826,89.82830047607422,11331400.0
2016-01-21,90.53787180115422,94.05510791278363,90.35275596940305,92.72843170166016,8993900.0
2016-01-22,93.8237229906475,96.16083058319278,93.77744549684726,94.68760681152344,6554500.0
2016-01-25,95.16583945399441,95.52836224300651,93.76203168434265,93.87773132324219,4854700.0
2016-01-26,93.89315177179233,94.44849939094284,93.05240663821938,94.25566864013672,4475600.0
2016-01-27,94.45621424557585,95.89087550200031,93.22209861766434,93.76973724365234,5431000.0
2016-01-28,94.07825932696478,94.63361278174152,92.79786043014876,94.31736755371094,4871600.0
2016-01-29,95.00384971316188,97.00157928466797,94.67989547499138,97.00157928466797,7616200.0
2016-02-01,96.35365638083172,98.02742568104269,95.63632584006606,97.58006286621094,4674100.0
2016-02-02,96.73161733967937,97.51836418669082,96.19168772511357,96.62362670898438,5832200.0
2016-02-03,97.20212561302085,97.3101162511278,93.74660173542989,95.4820785522461,7485700.0
2016-02-04,95.37410123471258,95.56693200717066,92.13454072657991,93.4149398803711,9171800.0
2016-02-05,93.24520584101093,93.33005181343755,89.2343299351501,89.80510711669922,8117700.0
2016-02-08,88.64812892530296,89.4503053370083,84.55240677340747,86.27245330810547,11286600.0
2016-02-09,85.57057606708051,88.9258299622484,85.37003043803509,87.82283782958984,7572900.0
2016-02-10,88.3164796320594,89.59687858065176,87.9693866511518,88.18535614013672,5307600.0
2016-02-11,87.22121232599967,88.07738138639736,86.55787402902979,87.36775970458984,6447100.0
2016-02-12,88.60958413442054,89.80513713848589,87.56058438348936,89.72029113769531,5361600.0
2016-02-16,91.10866372543751,92.55874866942351,90.78470363270219,92.11909484863281,6966400.0
2016-02-17,92.90585826869543,93.85458820181776,92.4584953756996,93.4920654296875,5970700.0
2016-02-18,93.27608332958708,93.41492169411663,92.21936878373853,92.53561401367188,4460700.0
2016-02-19,92.41990591597552,93.86999079100232,91.59459068164367,93.8622817993164,5435500.0
2016-02-22,94.87271101859095,96.0065565552474,94.20165801727502,94.75701141357422,7796900.0
2016-02-23,97.9580097186712,98.10456295490621,95.14267991595301,96.05284118652344,11168700.0
2016-02-24,95.68261002213373,97.01699537050823,94.81101136138929,96.88587188720703,7935500.0
2016-02-25,97.00158249482826,97.85003662109375,96.33052936378675,97.85003662109375,4738800.0
2016-02-26,98.41309260240153,98.53650709936721,97.13269956238175,97.38723754882812,4608200.0
2016-02-29,97.3872411193039,97.9503035993536,95.68261803937746,95.73661041259766,5575300.0
2016-03-01,96.24569877226529,97.16357517580992,95.6286438019719,96.95531463623047,4916900.0
2016-03-02,96.78558989655207,97.08640532511919,95.99883732589493,96.87042999267578,3967500.0
2016-03-03,96.56963523182692,98.15856458029918,96.24568099091867,97.80375671386719,5009700.0
2016-03-04,98.24340380406565,98.3436736665573,96.53878083334588,96.84730529785156,6448200.0
2016-03-07,96.42309366232294,97.6032169570863,96.42309366232294,97.31782531738281,4161200.0
2016-03-08,97.11617910898909,99.4273578024761,96.94555398723763,98.27952575683594,5280900.0
2016-03-09,98.519918440658,98.8999432382536,97.20146168005317,97.74435424804688,4047000.0
2016-03-10,97.87620335204217,98.49665710219729,96.41038743231331,97.63578033447266,4503700.0
2016-03-11,98.4734102459711,99.8616652787209,98.28727645161085,99.6290054321289,4626600.0
2016-03-14,99.60575225768339,100.55970520143009,99.34982636311118,99.92373657226562,3653200.0
2016-03-15,99.87719905914784,101.19565639110137,99.75310589435385,100.59848022460938,4033900.0
2016-03-16,100.53642185483962,101.68425390916794,99.90045333546603,101.17237854003906,3609600.0
2016-03-17,100.90090499985749,101.74626711961163,100.29596588350404,101.50584411621094,4130900.0
2016-03-18,101.7075104923988,102.44429427332594,101.46708743238634,101.8703842163086,8069200.0
2016-03-21,102.01000158067407,102.4753450318722,101.03279453416867,101.60670471191406,3817000.0
2016-03-22,101.29647468579074,101.76956948018658,100.76133331443772,101.28096008300781,3946500.0
2016-03-23,101.28092775023752,101.73850779577326,100.78456712721197,100.99397277832031,3625300.0
2016-03-24,100.46660796654008,101.4127974887855,100.40457322812036,101.18013763427734,3448700.0
2016-03-28,101.28867462895485,102.22710054832335,101.203362105906,101.66094207763672,2621100.0
2016-03-29,101.59892554950416,103.07249301846161,101.37401710456015,102.73900604248047,3405400.0
2016-03-30,103.2353764929593,103.87133313939997,103.02597079395547,103.47579956054688,3138300.0
2016-03-31,103.58437054634233,104.15052919654356,103.15005641280865,103.4835433959961,3685900.0
2016-04-01,103.22762408545654,104.85630218885001,103.22762408545654,104.5848617553711,4259400.0
2016-04-04,105.53105124913111,105.65513255640872,104.19707956396694,104.5848617553711,3547600.0
2016-04-05,104.08072429075051,105.24407071389788,103.84805263928668,104.37544250488281,4068600.0
2016-04-06,104.11950368434856,105.2750987117988,103.78601672725173,105.04242706298828,3364800.0
2016-04-07,104.49177673816598,104.88732211227659,103.24311771894224,103.82479095458984,3953700.0
2016-04-08,104.40649256452075,104.40649256452075,103.19661379903569,103.63092803955078,2924400.0
2016-04-11,103.59988374123093,104.76323022634618,103.11903764765181,103.15780639648438,3472700.0
2016-04-12,103.3827184618471,104.48401829347135,103.23535935864184,104.22032928466797,4251400.0
2016-04-13,104.59260787488307,104.59260787488307,103.32068282445874,103.80152893066406,4324800.0
2016-04-14,103.5378482029218,104.47628634123564,103.05700205812845,104.21258544921875,4183300.0
2016-04-15,104.24360708929011,104.91834428663208,103.9023568819351,104.70893859863281,3508900.0
2016-04-18,104.55382878919023,106.09720611572266,104.49954543811788,106.09720611572266,3964300.0
2016-04-19,106.09719494798057,106.25230543579704,104.58484698196962,105.04242706298828,4649500.0
2016-04-20,105.28285538112999,105.5387930242566,104.29788539106795,104.84854125976562,4760200.0
2016-04-21,104.87958115595464,105.0812354943172,104.2281098339559,104.39098358154297,3542200.0
2016-04-22,104.584845682224,105.22855360695398,103.46803124915019,105.21305084228516,4180900.0
2016-04-25,104.84080599497156,105.26736884724426,104.14280266156199,105.205322265625,2835400.0
2016-04-26,104.77097556851021,105.66288158951083,104.60811369712073,104.9648666381836,3507200.0
2016-04-27,104.98813395626144,105.69390029905786,104.51503926686922,105.28285217285156,3488100.0
2016-04-28,104.55381842896858,105.0424277110681,102.75451545768743,102.94064331054688,5553600.0
2016-04-29,102.92517158755639,104.15831632135044,102.1806244490499,103.84033203125,4610100.0
2016-05-02,104.21256409953398,105.67062867106773,104.16603213817375,105.51551818847656,4284400.0
2016-05-03,105.05021082127777,105.35268050769935,103.95666201876313,104.34444427490234,3408700.0
2016-05-04,103.60764508007152,105.01141474686796,103.25089208415814,104.82528686523438,3192100.0
2016-05-05,104.60034668933723,104.98812881462926,103.7317185156179,104.44523620605469,3474900.0
2016-05-06,104.29791282156057,105.32941504817353,104.16606827391197,105.24410247802734,3356800.0
2016-05-09,105.15880162801079,105.84130226524623,104.88736111760247,105.66292572021484,3552300.0
2016-05-10,105.72492326951118,106.88826963382796,105.70940867108568,106.64783477783203,3662800.0
2016-05-11,106.09720555470571,106.29109664240283,103.95664037265874,104.15829467773438,6058400.0
2016-05-12,104.70120337364895,104.70120337364895,103.22763561539338,104.072998046875,5355600.0
2016-05-13,103.7782477470978,104.9571086905413,103.17330859429003,103.25086975097656,5295800.0
2016-05-16,103.80152022014327,105.90330462243834,103.212095628638,104.9648666381836,8394800.0
2016-05-17,103.26637535675597,104.30564044776837,101.67647810846877,102.37448120117188,15989600.0
2016-05-18,101.62218414374962,102.97167021781492,100.83886850065984,102.19610595703125,8258900.0
2016-05-19,101.94794300176403,102.47533297334095,101.42831624843807,102.16510009765625,4577200.0
2016-05-20,102.28919608227837,103.19660507972314,102.18061753132363,102.2581787109375,5089800.0
2016-05-23,102.25042593270533,102.74678676406114,101.83162628888272,101.92469024658203,3854500.0
2016-05-24,102.51411843181164,103.82482443898571,102.41330308568939,103.42929077148438,5181500.0
2016-05-25,103.5068148106794,104.32891106032491,103.18883061323633,103.30516052246094,5017500.0
2016-05-26,103.25086832451937,104.20480900089542,103.04146267169557,103.96438598632812,3996800.0
2016-05-27,103.97989359597406,104.62360144079848,103.44475242704073,103.87906646728516,4025300.0
2016-05-31,104.12856244163241,104.30786260756133,102.68633390600218,102.99816131591797,6366900.0
2016-06-01,102.998152536374,102.998152536374,102.24195864156016,102.77207946777344,4744300.0
2016-06-02,102.7876876423864,103.45032389117087,102.38230247548351,103.22425079345703,3858500.0
2016-06-03,103.31778279795105,103.47369648880644,102.06265795906926,102.70191955566406,4155900.0
2016-06-06,101.98470133365419,102.02367083259033,100.15268285650085,100.71398162841797,8051700.0
2016-06-07,100.86212048319676,101.9691232734023,100.815347560371,101.28308868408203,4434000.0
2016-06-08,101.35325550915422,101.57153709533516,100.76077861744228,101.02583312988281,3742400.0
2016-06-09,100.77636482063612,101.22071947703066,100.59705275824845,100.79975128173828,3450500.0
2016-06-10,100.13707480778298,100.7451464151642,99.94998317194253,100.43331909179688,3926000.0
2016-06-13,100.51910522292756,100.91668697044655,99.62258651502015,99.65377044677734,4830900.0
2016-06-14,99.24838243290526,99.34973169513881,97.22147450868056,97.63465118408203,7303500.0
2016-06-15,98.02445051479936,99.59140898692397,97.82955538958032,98.64031982421875,5140000.0
2016-06-16,98.266127816616,99.42770113659078,97.96209188687581,99.2873764038086,4431800.0
2016-06-17,99.41207546469948,99.61476800444503,98.79621227268997,99.11583709716797,7541900.0
2016-06-20,99.88764659270528,100.44894546681121,99.33413924071479,99.49005889892578,3880300.0
2016-06-21,99.75509626720307,100.02794818756199,99.23277888426945,99.58358764648438,3600900.0
2016-06-22,99.54464501950508,100.54250719880119,99.31856594017584,99.47447967529297,3723700.0
2016-06-23,100.55024896204735,100.64380667318235,99.35749223025996,100.01233673095703,4784500.0
2016-06-24,98.30508681980507,99.63037706263518,97.83733977139944,98.5389633178711,8979800.0
2016-06-27,97.71260982752315,98.03224066392073,96.37173646224629,97.19029235839844,5656900.0
2016-06-28,98.14137992712493,99.41989135742188,97.91530088853592,99.41989135742188,5385000.0
2016-06-29,99.70835037177707,100.15271103327277,98.92876984650552,99.29517364501953,5782100.0
2016-06-30,99.21718843226125,99.6771439311373,98.30508085109105,99.54461669921875,6642000.0
2016-07-01,100.01235866411912,101.52474645843792,99.87983143101776,101.04920196533203,5645200.0
2016-07-05,101.03363260323482,101.71965532068153,100.17608933710916,100.83873748779297,4096600.0
2016-07-06,100.72179086311127,102.60058258577327,100.589263615247,102.56940460205078,4933200.0
2016-07-07,102.31993813594282,103.0449422734881,101.7820257007555,102.2497787475586,3973600.0
2016-07-08,103.16186858807225,104.74441573842395,103.09950073295346,104.72882080078125,4806200.0
2016-07-11,105.11082336364399,105.92938513628933,104.81457901466982,105.36028289794922,4577000.0
2016-07-12,105.43046878598774,106.01515414814182,104.69766122881529,105.1186294555664,3615800.0
2016-07-13,105.11861233112852,105.3992617350612,103.76215012499733,104.1207504272461,4235500.0
2016-07-14,104.77561719855207,105.07965312573333,104.33126248749701,104.88475799560547,3122300.0
2016-07-15,105.33690813966703,105.70331190816775,104.97050437116631,105.07185363769531,5323000.0
2016-07-18,105.60197926630235,106.3971428078276,105.09524480641792,106.28800201416016,3730900.0
2016-07-19,106.07749436737164,106.84147971074253,105.67990081164055,106.78690338134766,3831500.0
2016-07-20,107.11434318928353,107.15332458873347,106.62321562166389,107.12214660644531,3092000.0
2016-07-21,106.61541515208715,106.91165952155333,105.60976163301231,106.0775146484375,4938100.0
2016-07-22,106.34254464696635,106.52184477355398,105.9917359139208,106.42829895019531,2627200.0
2016-07-25,106.45172402043588,106.6856005591197,106.13988467037248,106.4127426147461,3352600.0
2016-07-26,106.41272513827197,107.20009706389172,106.0697078572644,106.60762023925781,2575600.0
2016-07-27,106.8102835575548,107.34040430220762,105.9917338283716,106.26457977294922,3030800.0
2016-07-28,106.1710353283801,107.67561948940943,106.10087596133168,107.55089569091797,3230000.0
2016-07-29,107.16113140080175,108.14339846261264,107.14553646143713,107.76920318603516,3662600.0
2016-08-01,107.62888851219132,108.31492320071298,107.4651832586292,108.1823959350586,3157800.0
2016-08-02,108.2915069487163,108.36166632380169,106.6621869071014,106.97401428222656,3898100.0
2016-08-03,106.90385764557861,106.97401702246118,105.78905155481829,106.84928131103516,3642600.0
2016-08-04,105.85922164058,106.95843290474691,105.60197056598665,106.06192016601562,3802900.0
2016-08-05,106.80254312772735,107.3794370591026,106.49071564320107,106.73238372802734,3022100.0
2016-08-08,106.73237238364324,107.11435922726885,106.14768699070956,106.1866683959961,3182800.0
2016-08-09,106.23346990315086,106.8727199190933,105.5084536352323,106.10873413085938,3180400.0
2016-08-10,106.25680157028457,106.71675111099465,105.29011767679145,105.71109771728516,3438000.0
2016-08-11,106.26460408780673,107.192306681633,105.37588289368259,106.83369445800781,4183300.0
2016-08-12,106.02291868430073,107.106534803859,105.73447778560104,106.46728515625,4090000.0
2016-08-15,106.8882627077873,107.55870228738698,106.74793205856999,106.84928131103516,6327400.0
2016-08-16,107.309242787369,108.08882322722043,105.75788532515487,106.20223999023438,7286100.0
2016-08-17,105.63315476682799,106.38934878210875,105.04846940834,106.13987731933594,5222200.0
2016-08-18,106.04631335473474,106.13985918956892,104.80678346137351,105.08743286132812,4430800.0
2016-08-19,104.79121171718165,105.83584675554596,104.71326080271764,105.60198211669922,3959000.0
2016-08-22,105.71109082005304,105.9059858902261,105.25893282979739,105.50839233398438,2752500.0
2016-08-23,105.96835015903676,106.45169805989651,105.96835015903676,106.1944351196289,2961100.0
2016-08-24,105.84366863066377,106.2178640135248,105.09526596948493,105.2901611328125,4113000.0
2016-08-25,105.03287878574113,106.14768510072174,104.7522293263118,105.57858276367188,3168900.0
2016-08-26,105.57856775410829,106.16325305350978,104.40140563367632,104.74442291259766,4193400.0
2016-08-29,105.13423653279565,105.47725388813045,104.91595492402905,105.43048095703125,3227700.0
2016-08-30,105.62633739872898,105.82223193694753,104.70955239464065,105.07783508300781,3440600.0
2016-08-31,104.91329383491876,105.53231540586123,104.68606139801611,105.09351348876953,4650600.0
2016-09-01,105.37559731683606,105.83007412627971,104.73306938379848,105.17970275878906,3851800.0
2016-09-02,105.60286022736007,106.47263269594485,105.43047202951753,105.9006118774414,3402600.0
2016-09-06,105.75171277273775,106.34722786459876,104.90544693285919,105.07783508300781,4220400.0
2016-09-07,104.45097070795748,104.89760404004261,103.55769208733341,104.05133819580078,4676000.0
2016-09-08,103.07973771069315,104.1689111746163,102.74279279179729,102.85249328613281,5019600.0
2016-09-09,102.36663877220016,102.56253329005546,100.08642969304229,100.0942611694336,6315000.0
2016-09-12,99.12262440974388,100.96403762997618,98.73083538045636,100.76029968261719,7882600.0
2016-09-13,100.09427704610586,100.29800905089411,98.2842133270482,98.5114517211914,6376300.0
2016-09-14,98.42525854376257,99.47525046609132,98.39391469825954,98.93458557128906,4313900.0
2016-09-15,98.70736004302267,100.01593437767293,98.50362800980716,99.48310089111328,5100700.0
2016-09-16,99.53010785574727,99.53010785574727,98.49578479270554,98.81705474853516,6941200.0
2016-09-19,99.26369440897045,99.80436532245477,98.86406782168953,98.95809936523438,4525400.0
2016-09-20,99.40474723806653,99.77303000900139,98.98945168045174,99.38124084472656,3627100.0
2016-09-21,99.92190200375644,100.76033054410168,99.16183607585103,100.38421630859375,5367400.0
2016-09-22,100.9405526259498,101.59091203064811,100.86219002091262,100.88569641113281,4099700.0
2016-09-23,100.79166212949302,101.23829546148754,100.13345336914062,100.13345336914062,4464700.0
2016-09-26,99.59280937241306,99.69467838631445,98.22154722847833,98.2999038696289,5338500.0
2016-09-27,98.5741657432343,99.50661998001657,98.2293893319908,99.3734130859375,4433600.0
2016-09-28,99.67900823280146,100.71333148879258,99.56147027634658,100.50960540771484,5751100.0
2016-09-29,100.68981108168808,102.44503076984864,100.22750275638772,100.24317169189453,5987500.0
2016-09-30,100.19614300699072,101.2696472548052,100.00807994138503,100.8308334350586,6044600.0
2016-10-03,100.4547358248863,100.9405625020317,100.2745161634138,100.68981170654297,3652700.0
2016-10-04,100.71331707379044,101.80249042313763,100.25884022893575,100.4547348022461,4848600.0
2016-10-05,100.5487854223057,101.10511938734317,99.92191433655601,99.96893310546875,4115400.0
2016-10-06,99.41258125255575,102.21778702816458,99.06780488690063,102.0140609741211,7472400.0
2016-10-07,101.7319740884698,102.18645094602158,100.20399278702392,100.54093170166016,5511900.0
2016-10-10,100.65063401113112,101.03459169682708,99.71034240722656,99.71034240722656,4349700.0
2016-10-11,99.39689762973084,99.57712325368531,98.30772436445515,98.61331939697266,5113900.0
2016-10-12,98.61330615675669,99.63979756904376,98.50360569715755,99.27151489257812,3545900.0
2016-10-13,98.9267555173861,99.24802547416017,98.08048956016569,98.95809936523438,3655700.0
2016-10-14,99.43608725463781,99.95324582286182,99.05996704101562,99.05996704101562,4462100.0
2016-10-17,98.87189837079926,99.35771901116551,97.85324431069259,98.05697631835938,3753000.0
2016-10-18,98.8483924333579,98.92674905874907,98.06481422299157,98.5271224975586,3563300.0
2016-10-19,98.54279031246294,98.80136655980826,97.56331762004724,98.6446533203125,4094800.0
2016-10-20,98.69168954856308,99.5771368989804,98.39393193147441,98.92676544189453,3543200.0
2016-10-21,98.19020248423416,99.3577385462151,98.14318969561668,99.20101928710938,3234100.0
2016-10-24,99.69466876589131,100.40772190324971,99.69466876589131,100.1256332397461,3824800.0
2016-10-25,98.94243789691946,98.94243789691946,96.6073777080879,96.64655303955078,8731900.0
2016-10-26,96.24692461514609,96.96781522080074,95.9099857049467,96.15289306640625,5456100.0
2016-10-27,96.15288552819246,96.74056921073003,95.47900776062451,95.80027770996094,4261600.0
2016-10-28,96.14503451416074,97.234207640618,95.76108290294873,96.83458709716797,4497700.0
2016-10-31,96.6543619506466,96.77189986677793,95.29877512218212,95.6043701171875,5671500.0
2016-11-01,95.35364244770271,95.7924443698199,93.40252823351486,93.94319915771484,7492600.0
2016-11-02,93.97456411068312,95.04023128505847,93.8883700025918,94.25665283203125,4846000.0
2016-11-03,94.29578717494843,94.75810136993381,94.09206117005127,94.17041778564453,5113500.0
2016-11-04,94.45250558932112,95.51817229145374,94.07638546812223,94.742431640625,4607600.0
2016-11-07,95.98834629251499,97.14804486181643,95.83946449543642,96.96781921386719,5510400.0
2016-11-08,97.12453561126004,98.27639676030384,96.85028438011355,97.35961151123047,6105900.0
2016-11-09,94.77377980698586,98.934584066251,94.28012769883416,98.74652099609375,8052500.0
2016-11-10,99.29503866061442,101.94353702140121,99.13048794241257,101.1051025390625,8737000.0
2016-11-11,101.12862415793167,101.96705876651768,100.86221037736419,101.7476577758789,5496100.0
2016-11-14,102.2569720786984,102.36667256665484,99.46743513655774,100.03944396972656,11438500.0
2016-11-15,99.56929497348106,100.0394407608178,96.3174438122076,97.47714233398438,13445400.0
2016-11-16,96.85025589540591,98.49576877655026,96.59951113235749,98.20584869384766,9793400.0
2016-11-17,98.629006851344,101.19130536787141,98.49579399138254,101.02674865722656,6801200.0
2016-11-18,101.02673460882299,101.36367946225805,100.07861165407716,100.55659484863281,4428900.0
2016-11-21,100.51741836123887,101.00323305697707,99.83570910025713,100.47040557861328,4072100.0
2016-11-22,100.59579065735093,102.88383796496088,100.59579065735093,102.63308715820312,5535800.0
2016-11-23,102.93084067219286,103.42449880186835,102.53905154234384,102.81330871582031,3582700.0
2016-11-25,103.3226380311833,103.54203900485653,102.70361641756018,103.09540557861328,2545800.0
2016-11-28,102.84464427772632,103.15807079199068,101.9983783414664,102.36666107177734,4859000.0
2016-11-29,102.68176272013316,103.02048465215135,101.81524518715973,102.10670471191406,4127100.0
2016-11-30,101.88617111046209,102.65816407373936,101.46867035396981,101.93343353271484,6973800.0
2016-12-01,101.88616124872722,102.68178534612106,101.61833286858868,101.98857116699219,5398700.0
2016-12-02,101.6498327356542,102.89446176700116,101.54743484176984,102.30365753173828,3738300.0
2016-12-05,102.65812554966018,102.76840850017943,102.05943637260701,102.15396118164062,4065400.0
2016-12-06,102.50846209301909,102.51633515447062,101.36623112566662,101.41350555419922,4292600.0
2016-12-07,101.42137849144426,104.8165310637731,101.42137849144426,104.3438949584961,6987300.0
2016-12-08,104.14695479108147,104.8716730638548,103.65067548757582,104.3990249633789,4975400.0
2016-12-09,104.38328580418532,105.08437300142636,103.272582999977,105.07649993896484,5174600.0
2016-12-12,104.87168177573031,106.07692131013066,104.87168177573031,106.01390075683594,6276500.0
2016-12-13,105.99028368693837,107.8335900418555,105.99028368693837,107.55787658691406,6886300.0
2016-12-14,107.17190776089238,107.82573266117794,106.93558362513515,107.11676025390625,7036300.0
2016-12-15,107.5342227798632,108.17230132549398,106.95130374154898,107.00643920898438,5839800.0
2016-12-16,107.21912764836499,107.61299704505724,106.3841264505678,106.43138885498047,9429300.0
2016-12-19,106.3920082318353,107.52635411047706,106.1793153746047,106.69135284423828,3463600.0
2016-12-20,106.85678517228145,108.10929925449727,106.6834816393948,108.00688934326172,4301500.0
2016-12-21,107.86505969167047,108.1092687973509,107.57360020481025,107.78629302978516,2704700.0
2016-12-22,107.32942333649558,107.9202275016506,106.48653695796915,106.6834716796875,4094800.0
2016-12-23,106.85678380226655,107.12462418052996,106.17932782419786,106.38414764404297,2337300.0
2016-12-27,106.1556606874498,106.9118951125691,106.11628336921581,106.54953002929688,2254900.0
2016-12-28,106.79376414851843,107.02220313155881,106.07691889355594,106.39989471435547,3369400.0
2016-12-29,106.36052527374817,107.01435009922372,106.0533075383988,106.42354583740234,2777900.0
2016-12-30,106.84889630808539,106.99069555035967,105.4230909237864,105.62002563476562,4149100.0
2017-01-03,106.42352895096913,106.74649276102913,105.23403553314421,105.80120849609375,5299700.0
2017-01-04,105.82481427663402,107.08520100703223,105.72241641899546,106.73859405517578,4055300.0
2017-01-05,106.32896202351645,106.70708523844955,105.38367802606002,105.47820281982422,3821100.0
2017-01-06,105.53336694044889,105.81695338640576,104.80864869410134,105.18675994873047,3827500.0
2017-01-09,104.9425759899407,106.15568859295183,104.87955543628614,105.80120849609375,4310200.0
2017-01-10,105.55699409716966,107.43181619691798,105.37581754751135,107.21125030517578,5928300.0
2017-01-11,107.21125905347857,107.43969802430205,106.13993376905212,106.89615631103516,4643700.0
2017-01-12,106.74648971966825,106.76224786261831,105.50974594676597,106.39989471435547,3600000.0
2017-01-13,106.28171115789421,106.93553576555702,106.15567007257475,106.37623596191406,3117600.0
2017-01-17,106.41565656872606,107.51061327676825,106.15570126135653,107.07735443115234,3976900.0
2017-01-18,107.05369463019674,107.36091227140716,106.28171399688799,107.25851440429688,3869700.0
2017-01-19,107.13247579516954,107.74691109181134,106.28958951750397,106.6519546508789,5078700.0
2017-01-20,106.54955771408684,107.13248881866146,106.02965918291656,106.81739807128906,4853900.0
2017-01-23,106.58895536457976,108.92066794455097,106.34475821335471,108.76312255859375,7056200.0
2017-01-24,108.61346176700447,109.00733128368789,108.15657168525843,108.7552490234375,4055100.0
2017-01-25,109.06246289941298,109.78718134202613,108.25896574827833,108.29835510253906,3631700.0
2017-01-26,108.71585086531046,109.63750401733232,108.47953879038903,109.07034301757812,2931200.0
2017-01-27,109.33814896800288,109.3617801706506,108.47163147111885,108.96791076660156,3149500.0
2017-01-30,108.70009760833113,109.09396706728161,107.80994878472163,109.07820892333984,2705000.0
2017-01-31,108.41652558560882,109.1963795256418,107.80209010924312,108.37713623046875,3227000.0
2017-02-01,108.44014923770925,108.67647333213712,107.55000035733947,108.266845703125,2968800.0
2017-02-02,108.29047172561003,108.3534922824362,107.57362641414716,107.88084411621094,2197600.0
2017-02-03,108.12502679144062,109.07819605845671,107.89658782096633,108.69219970703125,2654700.0
2017-02-06,108.25896585080233,108.629204145306,107.48698499032251,107.51850128173828,3864100.0
2017-02-07,108.0462628655306,108.47163655305874,107.39243818178439,107.6445083618164,3242000.0
2017-02-08,107.83356049360022,108.63705741016507,107.77842502968586,108.6134262084961,2882700.0
2017-02-09,108.61345577459828,109.61387563741967,108.24321748774709,109.26728057861328,2931900.0
2017-02-10,109.18057939382743,110.73242546317229,108.90486606417093,110.16525268554688,3297000.0
2017-02-13,110.66155145783912,110.79546562136862,109.53509065994577,110.1810302734375,2753000.0
2017-02-14,110.24404460389789,111.36263227726924,109.76352344661004,111.3547592163086,4775800.0
2017-02-15,111.28387238767749,112.37882892493542,111.03179018229439,112.00859069824219,4343500.0
2017-02-16,112.16610364314,112.6387516316359,110.99236875100236,111.49652099609375,4295800.0
2017-02-17,111.35474594285503,112.74116176291258,111.0711595228502,112.64663696289062,5108400.0
2017-02-21,114.69479744912057,114.73417478118884,112.8436060840921,114.23790740966797,9275900.0
2017-02-22,114.26150677981987,114.59235560862916,113.41074749719346,114.41905212402344,5037800.0
2017-02-23,115.09651233295679,115.26981582420412,113.83612549114711,113.99368286132812,4184000.0
2017-02-24,113.94645677860788,115.07292994960704,113.94645677860788,114.97052001953125,3516900.0
2017-02-27,114.90746284341,115.01774580222688,114.06458851958261,114.45845794677734,4388400.0
2017-02-28,114.20637295588499,114.71841041070329,113.80463047713215,114.15123748779297,4211900.0
2017-03-01,115.5770637756292,116.34904460823053,114.92323898171173,115.54554748535156,6213500.0
2017-03-02,115.86063810983626,116.76653303103801,115.31709634913857,116.54596710205078,4053400.0
2017-03-03,116.54601298838284,116.79021021876787,115.65587586019997,116.43572998046875,3412300.0
2017-03-06,115.9000015258789,116.19933406541911,115.46674282661671,115.9000015258789,3998000.0
2017-03-07,115.97138373367196,116.46275044417996,115.57511713665666,115.72570037841797,3996300.0
2017-03-08,115.88420926300716,116.5974843291057,115.64644687660855,116.43898010253906,3614500.0
2017-03-09,116.56575764273062,116.62916173528976,116.12986206457033,116.20118713378906,3594000.0
2017-03-10,116.6925559949269,116.866914211499,116.06644819184721,116.38346862792969,3123200.0
2017-03-13,116.7639012249443,117.03335957233392,116.10609731119071,116.84314727783203,2933300.0
2017-03-14,116.71629895738732,116.96990314350242,116.07434937864844,116.62911987304688,3272500.0
2017-03-15,116.77973650325268,117.59604448467522,116.31213286606169,117.2552490234375,3670500.0
2017-03-16,117.61186816917176,118.23797588250956,117.30278084647696,117.87340545654297,3544500.0
2017-03-17,118.40444908683025,118.87205284127286,117.39794068218912,118.5629653930664,9002000.0
2017-03-20,118.388578971473,118.55500412310124,117.05711729297988,117.1363754272461,5906100.0
2017-03-21,117.55641788018579,117.84965121176265,115.91586881380024,116.1932601928711,4530000.0
2017-03-22,116.28833626126139,117.23937321820915,115.75734072774134,116.78763580322266,3169000.0
2017-03-23,116.72426065885949,117.61982682928597,116.52612740650632,117.2869644165039,3219400.0
2017-03-24,117.17600998448319,118.99882622707709,116.51027306749783,117.06505584716797,4735400.0
2017-03-27,116.55784643038436,117.04128000209465,115.91588447435471,116.39933013916016,2943000.0
2017-03-28,116.73219849189006,116.77976063752189,115.66228603054098,116.66087341308594,4635600.0
2017-03-29,116.0030467207151,116.83520875619537,115.67811739440585,116.53404235839844,3730000.0
2017-03-30,116.28042833815394,116.80350295576783,116.05058702446343,116.46270751953125,2450800.0
2017-03-31,116.39931837467252,116.64500167090559,116.22496014642442,116.36762237548828,3248700.0
2017-04-03,116.45480350402565,116.66085773502226,115.7811456020421,116.20118713378906,3775300.0
2017-04-04,116.10607147377968,116.4230798009762,115.74943408241046,115.97926330566406,3124200.0
2017-04-05,116.20909715235302,117.64357969431465,116.16946809072759,116.2170181274414,3390400.0
2017-04-06,116.5340572589321,117.26319832504974,116.50236125710282,116.69257354736328,2699100.0
2017-04-07,116.58158692045484,117.13635749611424,116.42307067618795,116.60536193847656,2869100.0
2017-04-10,116.47065273896645,118.08741470660576,116.30421549123754,117.46131896972656,5044500.0
2017-04-11,117.22353231437913,117.80999886163,116.58158266504174,117.45336151123047,2844800.0
2017-04-12,116.835242838887,116.95413007469026,116.00308056065181,116.13780975341797,4445600.0
2017-04-13,116.04271451177385,116.51030621684843,115.60681881505288,115.6385269165039,2346900.0
2017-04-17,115.63054965314147,116.7480239868164,115.51959552666194,116.7480239868164,3467700.0
2017-04-18,116.5498590351851,117.43749180545144,116.32002986898738,117.10462951660156,2969400.0
2017-04-19,117.23941903992254,117.61191057505062,116.51822308899617,116.67672729492188,3461000.0
2017-04-20,117.02544113595135,118.12706166770035,116.85108288547924,117.86552429199219,3700500.0
2017-04-21,117.6832007753267,118.99879604319577,117.61186363200191,118.87992095947266,5019900.0
2017-04-24,119.7358428007513,120.51252146739073,119.55356366424284,120.37779235839844,5077200.0
2017-04-25,121.09109878201131,122.56521048787998,121.09109878201131,121.28131103515625,5496500.0
2017-04-26,121.3447142562698,122.6920177837902,120.78201056956873,122.22442626953125,5120200.0
2017-04-27,122.59692355815956,123.84912706612016,121.96289478167287,123.73023986816406,5881400.0
2017-04-28,123.64306408718677,123.83327635317887,122.1293353077965,123.71440124511719,4983000.0
2017-05-01,123.8095092319402,123.84913830152065,122.21652221679688,122.21652221679688,3152900.0
2017-05-02,122.43844295000902,122.96943867573998,121.85988508008668,122.8030014038086,3295100.0
2017-05-03,122.96944431253078,123.15172354778606,122.5176946202203,122.84263610839844,2445500.0
2017-05-04,123.20716824740434,123.349818362743,122.25611910611127,122.73164367675781,3793100.0
2017-05-05,123.1120932886818,123.43703477373576,122.12142687797767,123.42118072509766,2500600.0
2017-05-08,123.5162405769209,124.55445660044144,123.23092828783129,124.34046936035156,3184600.0
2017-05-09,124.45937787091272,125.01416064927422,123.86497811674877,124.96659851074219,3004400.0
2017-05-10,124.83978899299385,125.33907650948493,124.66543078307866,125.32323455810547,2617600.0
2017-05-11,124.70506025389727,124.98243952105298,123.10414036359457,123.79364013671875,3929100.0
2017-05-12,123.94424676895026,124.58619662301003,123.43702608609236,124.36428833007812,2926400.0
2017-05-15,124.64964093448792,125.09345766353593,124.15827414062748,124.68927001953125,6068900.0
2017-05-16,126.8924604337398,127.48686018992312,125.25984437165131,125.42626953125,10120900.0
2017-05-17,125.42627721567871,125.42627721567871,123.54797774085266,123.70648193359375,5937000.0
2017-05-18,123.2230264175736,124.1661426145366,123.03282623875334,123.39738464355469,4858600.0
2017-05-19,123.66681276079258,124.22159539512955,123.09620027057571,123.87287902832031,4781800.0
2017-05-22,124.02346549990804,124.42765288506646,123.4766159185759,123.60342407226562,3802100.0
2017-05-23,123.56385356311888,123.97596211825066,122.58902902443783,122.70791625976562,4640900.0
2017-05-24,122.60487374892429,123.18341955227116,121.48739912456293,122.84263610839844,4558700.0
2017-05-25,123.79362854398538,124.18197399334774,123.11998287846892,123.99969482421875,3110800.0
2017-05-26,123.71442373839655,123.96802804606865,122.55732007281122,122.76337432861328,4284700.0
2017-05-30,122.75542446562508,123.20180588124126,122.37281356123714,122.65977478027344,3504300.0
2017-05-31,123.04235801573435,123.05830368070099,122.18147455221505,122.36480712890625,7158400.0
2017-06-01,122.37281768113498,123.68008279787144,121.75107037945433,123.67210388183594,3385100.0
2017-06-02,123.38511894332517,124.23803571246613,123.09019101824774,123.83151245117188,3485600.0
2017-06-05,123.97498457897075,124.04672183023882,122.9387352408415,123.38511657714844,2651800.0
2017-06-06,123.10609109560232,123.28145686799861,122.4763652320952,122.91477966308594,3260300.0
2017-06-07,123.3054364419477,123.79167595518156,123.03442088715677,123.52066040039062,3159000.0
2017-06-08,123.5206323398265,123.73584408639756,122.26119237587292,122.35684204101562,4041600.0
2017-06-09,122.75538364590274,122.75538364590274,121.78290495826715,121.9263916015625,4705300.0
2017-06-12,121.79886001869481,122.19741648985352,120.94594333218564,121.30464172363281,4473900.0
2017-06-13,121.40824261398598,122.78724428411219,121.20896442384733,122.74739837646484,3753800.0
2017-06-14,123.15396560133851,125.36993889607825,122.72352990822942,124.95543670654297,5999400.0
2017-06-15,124.45325758623143,125.36196592704366,123.48874549673901,124.96340942382812,3972300.0
2017-06-16,124.54887533401737,124.89960691303415,123.87930349933596,124.85974884033203,9105400.0
2017-06-19,125.07499828796037,126.76487388202194,124.66049614042464,126.58950805664062,5196100.0
2017-06-20,126.525708476838,126.91629811867574,125.62497930403279,125.68077087402344,4201200.0
2017-06-21,125.87208763818558,126.36629369173528,124.69235191368269,124.81989288330078,4071300.0
2017-06-22,124.70037645180766,125.20256160155937,123.92717576468993,123.93514251708984,3347400.0
2017-06-23,123.68005786931195,123.73584945540644,120.29232756808524,120.61116790771484,11422200.0
2017-06-26,120.89810786893207,121.1372441631913,120.46767226964721,120.6988296508789,4128500.0
2017-06-27,120.41187843600659,122.15755771583633,120.16477537136917,121.35247802734375,4567100.0
2017-06-28,121.75902121283427,122.31699792818576,121.44814760263985,122.14163208007812,5087000.0
2017-06-29,121.77488200269396,121.95821447503089,120.77849136155808,121.28864288330078,2855400.0
2017-06-30,121.56766969835581,122.7553721582991,121.37637040916711,122.277099609375,3640900.0
2017-07-03,123.06626587808935,123.38510618775297,122.5242349190656,122.76335906982422,1658500.0
2017-07-05,122.76340291566493,122.98659364473927,120.73077393037947,121.71121978759766,4432500.0
2017-07-06,120.97785149342867,121.54379494994889,120.53943688155952,121.20104217529297,3408500.0
2017-07-07,121.19303665832454,121.85464180683425,121.0814413418878,121.34449005126953,3775400.0
2017-07-10,121.33657290292122,121.36845207937351,120.36409382086637,120.507568359375,5081100.0
2017-07-11,120.72277350020121,121.00973469544151,119.96551850700556,120.04523468017578,5642000.0
2017-07-12,120.7307327346726,122.06987665217636,120.43579267240604,121.63146209716797,4275900.0
2017-07-13,121.81479836636947,122.85901431200791,121.63943255655472,122.1894302368164,3288000.0
2017-07-14,122.1336482377148,122.49234663574894,121.01769496316889,121.86263275146484,3588400.0
2017-07-17,121.87854800390095,123.15393340925213,121.73507353136166,122.66769409179688,4166600.0
2017-07-18,122.55614739587308,122.64383032930972,121.14525370802237,121.29670715332031,3783600.0
2017-07-19,121.59960627392903,122.75541784048026,121.59960627392903,122.19744110107422,2808400.0
2017-07-20,121.60754994553386,121.61552885935573,116.06761736471388,117.19951629638672,18264100.0
2017-07-21,117.19948265453559,117.54224745006984,116.4820860692405,116.89657592773438,9120200.0
2017-07-24,116.8646970004166,116.92846747791992,114.98351048448079,115.2465591430664,7295900.0
2017-07-25,116.17123456389317,117.49443269005566,115.804557290369,117.15167999267578,5002400.0
2017-07-26,117.06403560555422,117.3749092419849,116.34663864855462,116.92852783203125,2836000.0
2017-07-27,116.52196456696963,117.86112064052621,116.29080716442158,117.75749206542969,5399000.0
2017-07-28,117.8929818727085,118.18792188858335,117.43066713793993,118.03646850585938,3421100.0
2017-07-31,117.97273735932795,119.55101787241955,117.6060599860943,119.24812316894531,5253300.0
2017-08-01,119.75828422597341,119.87784633347184,118.73000144956126,119.4474105834961,4110600.0
2017-08-02,119.51911096764029,120.25245338096438,119.50316530390042,119.96549224853516,3754200.0
2017-08-03,120.12496377675839,121.18512585382425,119.96554356010566,120.19670104980469,5146600.0
2017-08-04,120.37199160879182,121.75897216796875,120.20460474310038,121.75897216796875,3258600.0
2017-08-07,121.82273401802043,123.12999834466562,121.5357729627581,122.23723602294922,3833600.0
2017-08-08,122.21332361525856,122.91477451247528,122.02201219075887,122.23723602294922,3218900.0
2017-08-09,122.23726636306633,124.00685794924625,122.21335394944045,123.7597427368164,3844900.0
2017-08-10,123.70399105530012,124.33370508883407,122.65977478027344,122.65977478027344,4433700.0
2017-08-11,122.84308299727559,124.12643539374425,122.73945441674131,123.45686340332031,3650500.0
2017-08-14,124.38152979766085,124.38950871341913,122.40469260363884,122.9626693725586,6662500.0
2017-08-15,122.97854922555388,123.39305124476778,118.1799272550031,119.7024154663086,13528700.0
2017-08-16,120.72275793045218,121.9184273959165,120.49160051883973,121.3604507446289,6043900.0
2017-08-17,121.00971527339627,121.2807307579085,119.25606921193464,119.30389404296875,4460900.0
2017-08-18,119.25604496088539,119.25604496088539,117.14370093324057,117.56616973876953,6989100.0
2017-08-21,117.25533773026196,119.4713110968897,117.08793863346796,118.92926788330078,4222500.0
2017-08-22,119.00097523030836,120.02925764577414,119.00097523030836,119.49519348144531,3268100.0
2017-08-23,118.43503858825248,119.1524353478818,117.51835143652849,118.84954071044922,5235400.0
2017-08-24,119.35171314740936,120.04520965306462,117.9567655486127,118.17198944091797,3736000.0
2017-08-25,118.3792100429601,119.98938120249322,118.29152715400097,119.28791809082031,3048000.0
2017-08-28,121.1133719331606,121.47207041207012,119.90972331246657,120.67495727539062,6845400.0
2017-08-29,120.33012748023407,120.99563281223446,119.49622093873165,120.14569854736328,5368700.0
2017-08-30,120.27401733398436,120.47447402954101,119.69670107198878,120.27401733398438,3641000.0
2017-08-31,120.76315614595087,121.01973440507277,120.15377207499175,120.1697998046875,6083300.0
2017-09-01,120.48249881912852,121.02774744264114,120.08158539165716,120.89945220947266,3383000.0
2017-09-05,121.64512715883704,123.41715721404597,121.63710106195221,122.62334442138672,7488800.0
2017-09-06,124.17088597966763,125.91084848870939,123.601583626801,125.53398895263672,8126000.0
2017-09-07,126.82492724795912,127.71495537138783,125.71840249047901,126.63248443603516,8273100.0
2017-09-08,127.56260623047932,128.84553383904898,126.30374467892062,128.0196533203125,10088600.0
2017-09-11,127.02540720472334,127.28199766765233,125.26139059425985,126.98531341552734,8847900.0
2017-09-12,127.53858081192078,129.03799315337676,127.25794874654464,128.2201385498047,5794600.0
2017-09-13,128.60497577804782,129.39878856533508,127.9314443290849,128.3083038330078,4713700.0
2017-09-14,128.572923679639,128.97383705284037,127.75505697253476,127.79515075683594,5290800.0
2017-09-15,128.2762413841669,128.2842674820904,126.92115220487433,127.00935363769531,9124200.0
2017-09-18,127.49046893727817,127.49046893727817,126.44007772311586,126.53629302978516,4010600.0
2017-09-19,126.52830143174874,126.94525489220054,126.0151326476961,126.41604614257812,3713400.0
2017-09-20,126.34384030046112,127.80315854742685,126.17545130835893,127.23385620117188,4599200.0
2017-09-21,127.3862165645997,127.93947900012911,127.26594744161753,127.64280700683594,3082100.0
2017-09-22,127.60270136071648,128.36443428358353,127.49845997388361,128.26821899414062,3576500.0
2017-09-25,128.33239572781042,129.43890851227553,128.09184521469808,129.17431640625,4897700.0
2017-09-26,129.53510311799477,129.89592267845407,128.9257070084238,129.3025665283203,3222600.0
2017-09-27,129.39881397614727,129.6473783286311,128.40454433130589,129.02996826171875,3966200.0
2017-09-28,128.86959025177725,130.25674703905935,128.82148260659707,130.18458557128906,4614100.0
2017-09-29,130.29687025961584,131.18689860124707,130.01622595278602,131.1468048095703,3467400.0
2017-10-02,131.65993266455996,131.70002644379147,130.87414597821783,131.51560974121094,2721400.0
2017-10-03,131.54771581550924,132.5259455867142,131.4996081603528,132.437744140625,3046400.0
2017-10-04,132.69431068168052,133.1673855186038,132.2292497075355,132.533935546875,2746500.0
2017-10-05,132.35756970854257,133.30371955957835,131.70807965471963,133.19947814941406,3504900.0
2017-10-06,133.2475173843645,133.60834908506482,132.89472401363025,132.98292541503906,2916300.0
2017-10-09,133.2154919000402,133.60839140073466,132.63817567795664,132.87071228027344,2131800.0
2017-10-10,132.86266849145701,132.942856047421,132.01273423181317,132.4296875,2755400.0
2017-10-11,132.45375392806918,132.9989902088348,131.86039776820266,132.50186157226562,2319300.0
2017-10-12,132.63016002987396,132.63016002987396,131.87644095924955,131.97265625,3397800.0
2017-10-13,132.23722328216684,133.15933108674398,131.78018854494792,131.87640380859375,3259000.0
2017-10-16,131.87643628615447,132.03679917669092,130.90622061081683,131.6759796142578,2586700.0
2017-10-17,131.67597885368914,132.2372550847769,129.5030231595228,130.9783935546875,4189200.0
2017-10-18,131.03455517972807,131.692059133816,130.97843365688846,131.05860900878906,2757900.0
2017-10-19,131.098683578958,131.58779842299134,130.513353432789,130.8902130126953,2676100.0
2017-10-20,131.47551949661232,131.6198424238414,130.48927612250182,131.0425262451172,4166500.0
2017-10-23,131.53166797334586,133.31975061560124,131.29914357571565,132.09295654296875,3995100.0
2017-10-24,132.03683426165875,133.47211126536843,132.02079429787167,133.1273193359375,3686700.0
2017-10-25,133.19147626424362,133.8650079714805,132.60614601163834,133.15940856933594,4189400.0
2017-10-26,133.41594179387943,134.6587756041578,133.1914313005922,134.42623901367188,3750500.0
2017-10-27,133.74469231714707,134.50642521415102,133.47207418304532,134.17767333984375,3720400.0
2017-10-30,133.89704777991955,133.89704777991955,132.20519291887237,132.5499725341797,3906300.0
2017-10-31,132.62213603436663,133.3758551169371,132.38159780367812,132.9268341064453,2922400.0
2017-11-01,133.44000404187824,133.69659447035446,132.39762683727744,132.60610961914062,3568300.0
2017-11-02,132.30943228065232,132.30943228065232,128.71725173969796,130.46524047851562,6518900.0
2017-11-03,130.7057616522725,132.2933872750501,130.4411573818096,131.81228637695312,3080900.0
2017-11-06,132.14104056124654,132.20518816444198,130.7057639389202,131.6759796142578,3275500.0
2017-11-07,131.5717694307633,131.82033380527525,130.56147196938684,131.22698974609375,3198100.0
2017-11-08,130.97037051003778,132.04481535386273,130.9142490030731,131.5396728515625,2912900.0
2017-11-09,131.57977855510796,131.61184624272113,130.12044795314372,130.9142608642578,3405200.0
2017-11-10,130.97037381187272,131.9646433515421,130.6416219195339,131.58778381347656,3554900.0
2017-11-13,132.01277456883813,133.61642829889442,131.70006258087344,132.5820770263672,7189300.0
2017-11-14,131.1948772140864,134.81913722648855,130.81801769641893,134.75498962402344,10284000.0
2017-11-15,134.25788349139805,134.25788349139805,132.58206838904124,132.67828369140625,5534500.0
2017-11-16,133.64848067035982,134.51445505351467,133.15135198619717,134.3059844970703,4587900.0
2017-11-17,133.90504174061897,135.05164790193194,133.15132278162022,134.49839782714844,4530100.0
2017-11-20,134.81918366982288,136.8638448512283,134.54656544161105,136.67140197753906,4699900.0
2017-11-21,136.73550214150907,138.603759765625,136.43080408932155,138.603759765625,6229000.0
2017-11-22,138.6278284720448,138.6679222571488,137.94627082999295,137.96231079101562,4133500.0
2017-11-24,138.0023843907142,138.7961971740042,137.70571244716808,138.1787872314453,1853600.0
2017-11-27,138.61180047602474,140.24753406418392,138.21891315884548,139.6461639404297,4539100.0
2017-11-28,140.23146185768326,141.73889986978486,138.70799612176623,141.5785369873047,6049000.0
2017-11-29,142.29581247219664,143.79475405801753,141.57855952855815,142.84381103515625,4902200.0
2017-11-30,143.50462682827708,145.5999303638696,142.97273726046313,144.91493225097656,9180700.0
2017-12-01,145.31790175928307,145.54354968214182,142.40057539051307,145.3984832763672,4683400.0
2017-12-04,147.6307416358816,150.1451102526845,147.6307416358816,149.00880432128906,6193800.0
2017-12-05,147.25202676839166,149.01692549852729,146.88131244871414,147.35679626464844,6347600.0
2017-12-06,145.2614553584638,146.7926391508384,143.99620404728785,145.70469665527344,6892500.0
2017-12-07,145.10033270317015,147.1392311113477,144.8746847423602,146.67181396484375,5484300.0
2017-12-08,147.07469797315431,148.2029373128239,146.80069874736122,147.8080596923828,5092100.0
2017-12-11,146.55896430079085,147.4454470606871,145.96260205350706,146.87326049804688,6038900.0
2017-12-12,147.2761815174773,147.64689578445822,146.39776565694345,146.51058959960938,5275500.0
2017-12-13,146.6798361815908,148.0176147243504,146.67178171936533,147.50184631347656,5177400.0
2017-12-14,147.953141208735,148.2835586112416,146.7201321670774,146.77655029296875,3542500.0
2017-12-15,147.46960806023992,147.64690459456392,146.77654314339753,147.13919067382812,8202200.0
2017-12-18,147.88061676137502,149.46821891689675,147.88061676137502,148.87185668945312,5011900.0
2017-12-19,149.2828463226679,150.47555830820372,148.7670779805264,149.8791961669922,4576300.0
2017-12-20,150.70121097648757,151.42650600360867,149.9275522902558,150.95103454589844,5383700.0
2017-12-21,151.4184428844934,152.18403476865504,151.05579539166808,151.57156372070312,5859100.0
2017-12-22,151.87779167371323,151.87779167371323,150.91878214146,151.61184692382812,3256600.0
2017-12-26,151.93420345067634,153.4573326802302,151.7810826222901,153.4089813232422,2969200.0
2017-12-27,153.60243584704267,154.31967650693088,153.1269520300129,153.2720184326172,5912600.0
2017-12-28,153.85223236744542,153.9086381885538,152.82875015757583,152.9415740966797,3175700.0
2017-12-29,153.71522786472715,153.71522786472715,152.74009704589844,152.74009704589844,4637800.0
2018-01-02,153.28815548836621,153.69915446056896,151.5151898116707,151.53131103515625,4684700.0
2018-01-03,151.50714715371222,152.60315679521048,151.36209302171125,152.3210906982422,4530500.0
2018-01-04,153.01412355674321,153.82001246753347,151.8858840003924,153.52989196777344,4047400.0
2018-01-05,153.8683394066651,155.16582083892584,153.52986759349534,155.1335906982422,4224800.0
2018-01-08,154.50498516519158,156.1167625924964,154.40828245455677,154.7628631591797,3508500.0
2018-01-09,155.2947788057696,155.91531666287935,154.44053859298594,155.6171417236328,3012300.0
2018-01-10,155.34310428801362,155.71381850757083,154.448567322422,154.5694580078125,3119500.0
2018-01-11,154.47276022103733,156.93072353536473,154.24711233941585,156.8904266357422,3899200.0
2018-01-12,157.55121704031228,160.71029879127457,157.00321870963282,158.29263305664062,6748400.0
2018-01-16,159.45317072278684,160.33158663108938,157.7124478296618,158.20404052734375,5692700.0
2018-01-17,159.16301665836352,161.03268432617188,158.63112717042986,161.03268432617188,3996100.0
2018-01-18,161.00046071905848,161.37117497133104,159.29198042736317,159.83192443847656,4474600.0
2018-01-19,161.02467906636028,162.2496337890625,160.47668044905865,162.2496337890625,5809600.0
2018-01-22,162.46720621767048,164.78010341226872,162.3946668714552,164.7720489501953,4857700.0
2018-01-23,165.1185782282121,166.29518144708825,164.52221600811203,165.1266326904297,3621700.0
2018-01-24,165.3684042853887,166.89960061486258,164.84458140500155,166.19041442871094,4370700.0
2018-01-25,166.6578291477041,166.68200483126753,164.27239256203697,165.50540161132812,3537700.0
2018-01-26,165.69074310677829,167.06880607607354,164.75590914240223,167.00433349609375,3778100.0
2018-01-29,167.00434729620994,167.3105890021979,164.9735161950251,165.1427459716797,3632900.0
2018-01-30,162.36241433883973,163.71630159380928,154.38412029390076,162.63641357421875,5979600.0
2018-01-31,163.77272889986213,165.27168261447147,161.3631168729965,161.90306091308594,4547300.0
2018-02-01,160.64584177121395,162.9909807119435,159.79160176316717,161.09713745117188,3553800.0
2018-02-02,160.57337582042442,160.61367272793797,155.89116291456833,156.3182830810547,6179000.0
2018-02-05,153.175259249151,156.5841647430271,145.36619638340667,147.56626892089844,10618500.0
2018-02-06,143.94783414195462,154.69839863228935,141.36899278850973,153.95697021484375,11682700.0
2018-02-07,153.7071819798414,156.76150770819535,152.8932386414132,154.15847778320312,6016800.0
2018-02-08,154.03758241390247,154.03758241390247,145.80945247953045,146.0431671142578,7241800.0
2018-02-09,147.6791296688813,149.89532397496274,141.66719352248066,148.3802490234375,9059200.0
2018-02-12,150.33853057481124,150.70923246868486,147.8080406979787,148.3318634033203,6783700.0
2018-02-13,147.66301712351282,148.27550054681868,145.77724008171938,148.0579071044922,4273800.0
2018-02-14,146.57502406910254,149.13774394197983,145.9061350483296,148.83956909179688,6767000.0
2018-02-15,150.49166423998003,150.85431170518189,147.68716263614397,149.3070068359375,5113300.0
2018-02-16,149.13776678247882,151.4990271617156,148.97659149544953,150.67701721191406,7619200.0
2018-02-20,153.03827364538108,154.2793492466918,150.1451358907611,150.46749877929688,8922100.0
2018-02-21,150.8704624616319,151.4909880447574,147.36484091891492,147.52601623535156,7527200.0
2018-02-22,148.05786501656308,150.07258665863813,147.40509717203236,149.46817016601562,5653900.0
2018-02-23,150.05647074243117,151.8374901475613,149.5890538293342,151.7891387939453,4315400.0
2018-02-26,152.4499970912812,152.94964425904948,151.39428463195748,151.87782287597656,4648000.0
2018-02-27,152.20819450828333,152.5144361486314,149.05717904365935,149.0732879638672,4618800.0
2018-02-28,148.61397553968118,150.4191588122247,146.88937377929688,146.88937377929688,6419900.0
2018-03-01,147.27610404737598,148.6058149791197,143.64960627329557,144.76979064941406,6123900.0
2018-03-02,143.22256179766705,144.40721934453114,142.11043129320996,143.8189239501953,5671000.0
2018-03-05,143.3353372284206,146.8812419107063,143.20639210985811,146.46218872070312,5748600.0
2018-03-06,147.27618996335588,147.47766217944803,144.66510561592196,146.38165283203125,5306800.0
2018-03-07,144.93089470123726,145.88726080814504,143.3099251367023,144.7363739013672,4799200.0
2018-03-08,145.43337843295515,145.8710347351448,143.23695942598155,144.2176513671875,4750700.0
2018-03-09,145.07678908376735,147.70276446679534,144.20146395609137,147.63792419433594,4477200.0
2018-03-12,147.8567133597771,148.3673226625951,145.5225259047836,145.65220642089844,4993300.0
2018-03-13,145.5549504307975,146.65721016386823,144.15281530355094,144.54995727539062,6128100.0
2018-03-14,145.1578377945642,145.6117073199997,142.55617605245524,143.78811645507812,4531500.0
2018-03-15,144.0150708476412,145.77382168193736,143.22889946713303,144.32305908203125,3936700.0
2018-03-16,144.6148194288897,146.2114757226796,144.2420032884114,145.0443878173828,8410900.0
2018-03-19,144.79312219241717,145.33615795747136,142.64534215787012,143.53688049316406,4744500.0
2018-03-20,143.97452525897893,144.98763130036644,143.58549600185094,144.39598083496094,4148300.0
2018-03-21,144.54996267699602,146.00072496377945,144.00692700187597,144.28250122070312,3494400.0
2018-03-22,143.79622195812115,144.72017420114796,141.89969035933203,142.06988525390625,5255100.0
2018-03-23,142.83984162184257,143.50443270846557,139.04676643274246,139.2412872314453,6021300.0
2018-03-26,141.11351927186675,143.2937255209395,140.6353361732199,142.9533233642578,7323600.0
2018-03-27,143.7637886858669,144.857935676433,140.70015732505658,141.57546997070312,4713900.0
2018-03-28,142.0293308327962,143.88533519165094,140.95948518638934,141.64028930664062,4318600.0
2018-03-29,142.40213198491261,144.7849585242917,142.24003754942692,144.4607696533203,4423500.0
2018-04-02,143.57732588846426,144.014994449052,138.1227686031534,140.1327667236328,7229300.0
2018-04-03,140.03560786365176,141.78625856366463,139.75193314546632,140.8298797607422,5283300.0
2018-04-04,138.4307904852785,144.13659738339135,138.1228023390484,143.81240844726562,4757300.0
2018-04-05,144.26629239631384,145.91967592386302,143.70705591335832,145.18214416503906,3799900.0
2018-04-06,144.25004777685425,144.68771639284938,140.49751243297135,141.3890380859375,5236900.0
2018-04-09,141.8834344039956,142.11848186734454,139.703228815828,139.8166961669922,5079800.0
2018-04-10,141.04863341370577,141.1783139172972,139.5978714266938,140.61097717285156,4783000.0
2018-04-11,139.40338541029908,141.8834669162015,139.24129092392297,140.10040283203125,4228400.0
2018-04-12,140.46511903845482,141.21887633506987,140.1328173015921,140.50564575195312,3396700.0
2018-04-13,141.42146351817226,142.24814891300755,139.58976039158503,140.05174255371094,4311200.0
2018-04-16,141.21072355212613,142.32109582561287,140.47319199035158,141.37281799316406,3534200.0
2018-04-17,142.45079119456145,142.83983276785224,141.10539594639775,141.7618865966797,3106500.0
2018-04-18,141.83483008318734,146.08987498568297,141.8267296878797,145.76568603515625,5858900.0
2018-04-19,145.48206321092036,145.64415774387948,142.4589575050134,143.52069091796875,5407300.0
2018-04-20,144.14471427768405,144.98761295598416,142.90467362928175,143.46389770507812,5008600.0
2018-04-23,143.95829634094562,144.57427266157143,142.75068198669595,143.99072265625,2987700.0
2018-04-24,145.3198982953288,145.88723506941815,141.87533857841197,142.85601806640625,4435400.0
2018-04-25,142.71014812032567,144.32301713291344,141.47010751294954,143.77188110351562,5587300.0
2018-04-26,144.63910923493742,150.69341874340378,144.33112108248233,150.52322387695312,8782500.0
2018-04-27,150.33681467464638,151.59305609293722,149.02382102295786,151.12298583984375,4382400.0
2018-04-30,151.55252063548238,152.2090111863528,149.77755737304688,149.77755737304688,4173200.0
2018-05-01,149.72085734597502,149.72085734597502,147.0219414111502,149.6398162841797,3423900.0
2018-05-02,149.52629848621805,151.65786443466158,148.92653546948168,150.67718505859375,3866500.0
2018-05-03,149.83427966078534,149.85859320871293,146.8598027498526,148.47267150878906,4123900.0
2018-05-04,148.11605491316848,151.03380430696362,147.3785109876518,149.96395874023438,3896200.0
2018-05-07,150.26385661085405,150.3449100266771,148.05123686945205,148.77256774902344,3582300.0
2018-05-08,148.68343902685953,150.18284090348635,147.91348091467967,149.97210693359375,4168200.0
2018-05-09,149.9639698533824,151.15538324688788,148.78066922105253,151.0419158935547,3392300.0
2018-05-10,150.72584408228087,152.34681351921068,150.6529034257027,151.69032287597656,3850100.0
2018-05-11,152.0712389812849,154.64047384018178,151.84430426843062,154.2433319091797,5355100.0
2018-05-14,155.20780317599696,155.32937092097424,153.87860890718596,154.86740112304688,7035900.0
2018-05-15,153.586798184368,153.74079220348568,150.83115609250825,152.3548583984375,10147000.0
2018-05-16,153.40849008198,153.40849008198,150.66904878397688,151.05809020996094,5044800.0
2018-05-17,150.9527978713936,151.70654281855647,149.8343248612635,150.2071533203125,4227700.0
2018-05-18,150.54749336814203,152.54129064642737,150.38539894424355,151.9010009765625,4697900.0
2018-05-21,152.53321646389736,154.5351146412242,152.37112199900355,153.82188415527344,4147800.0
2018-05-22,154.04069370024874,154.62424357358776,151.17158379550926,151.4552459716797,4585600.0
2018-05-23,151.64166664832325,151.81997424150222,149.92343096559986,151.29315185546875,7387400.0
2018-05-24,151.39041498688198,151.89292385507107,149.672191569691,151.68218994140625,3941300.0
2018-05-25,151.3256042915693,152.23334320120227,150.79068141967198,151.43907165527344,2730400.0
2018-05-29,150.38546640657492,151.42288602532165,149.33183362806164,149.939697265625,4725500.0
2018-05-30,150.6406127989759,153.06123066116353,149.97228836789748,152.48255920410156,3976000.0
2018-05-31,152.5396141739129,152.70261618675696,150.98291821330093,152.04244995117188,4839900.0
2018-06-01,152.58035536448523,153.90068772816593,152.01798789513813,152.6944580078125,3706200.0
2018-06-04,153.40347731000784,156.10934450890002,153.19972176288863,155.962646484375,4103300.0
2018-06-05,155.21284560351162,156.79399082273136,154.60972463688822,156.4353790283203,4231300.0
2018-06-06,157.35642484843356,157.7802276611328,155.8404822620259,157.7802276611328,4134700.0
2018-06-07,157.97580031295055,160.72242194355067,157.97580031295055,159.88294982910156,4378700.0
2018-06-08,159.63848663281442,161.78200023773337,158.9375666381124,161.64344787597656,4006200.0
2018-06-11,162.11611194685517,163.42829853564854,161.6515431997722,162.71107482910156,4243000.0
2018-06-12,162.87410517465364,164.0966390129194,162.60514623788427,164.0721893310547,4616700.0
2018-06-13,164.06400246256985,164.29220772694964,162.72736629852216,163.2571258544922,5128100.0
2018-06-14,163.21637963543614,163.81950068216346,161.50484007513654,162.7355194091797,4305900.0
2018-06-15,162.14872777434323,164.3085449128664,161.7819701278036,163.44461059570312,7820900.0
2018-06-18,162.14054441773402,163.74613940370213,161.46407439107583,163.56683349609375,3396300.0
2018-06-19,161.54560377831191,162.9229812594984,161.45595081219867,162.36062622070312,5501100.0
2018-06-20,163.00447301417876,163.11042990123937,161.47222698824407,162.25465393066406,3389600.0
2018-06-21,162.36060872621564,163.7705939174738,161.87159033897083,163.2571258544922,4695100.0
2018-06-22,163.64835263568872,163.98251482564996,160.69797533958126,160.89358520507812,6785800.0
2018-06-25,160.89356442933638,161.2440180689775,158.97825694029703,160.05409240722656,5127200.0
2018-06-26,160.21716304365307,160.82843006554478,159.41844428386716,160.03785705566406,3270600.0
2018-06-27,160.28233039361578,161.36631182827236,158.9375357853922,158.94569396972656,3771700.0
2018-06-28,158.92936472991335,159.75253285992432,157.7149769018485,159.10052490234375,2994000.0
2018-06-29,159.63026144385165,162.05087856767463,158.92119605235396,159.01084899902344,4106600.0
2018-07-02,157.9676285200385,158.2610246099125,156.58208065783754,158.13063049316406,3822800.0
2018-07-03,158.47292012728545,159.5080018136872,157.63344824787163,157.80459594726562,1608400.0
2018-07-05,158.51370486872077,158.71746046077135,157.40527395051544,158.44850158691406,3040600.0
2018-07-06,158.58707668103978,159.2146474768686,157.25858605040705,158.5055694580078,2552400.0
2018-07-09,159.49990355384546,160.32308425245444,158.95383996164063,159.8096160888672,2575100.0
2018-07-10,160.20077321320417,161.17879743659466,160.05407517600932,161.05654907226562,2842400.0
2018-07-11,160.7387363120443,161.17884298425167,159.7036542686271,160.5186767578125,3309300.0
2018-07-12,161.53745007425593,161.76565536955337,160.55942560351616,161.3336944580078,2709200.0
2018-07-13,161.7493616722476,162.94743323812017,161.7493616722476,161.9368133544922,2308100.0
2018-07-16,162.30353033622848,162.36873360856623,161.2847525239251,162.0916290283203,2530500.0
2018-07-17,161.8878947597572,164.16994741048413,161.8878947597572,163.9010009765625,4662800.0
2018-07-18,163.83579755037954,164.56931269656937,163.1593275022802,163.7950439453125,3787800.0
2018-07-19,163.7298363962421,165.6369856756222,163.45273178701672,165.14797973632812,3691100.0
2018-07-20,164.6997426619812,166.06897444577,164.48784129627748,165.0012969970703,3564100.0
2018-07-23,165.00942453710084,165.7673893260246,164.55300159101085,164.82196044921875,2264300.0
2018-07-24,165.8815022711331,166.4683193734945,164.10475947072266,164.62637329101562,5058100.0
2018-07-25,164.14550777243227,164.87087721711103,162.2465165082912,163.8195037841797,4382700.0
2018-07-26,164.25147421936157,164.7323344826948,162.116119368708,162.51547241210938,4280000.0
2018-07-27,163.17564780358268,163.40385309134973,160.2986071557412,160.67352294921875,3871200.0
2018-07-30,160.17634613466367,161.02397636775336,160.07038924646383,160.78761291503906,2331100.0
2018-07-31,161.12178290875966,161.39888754463837,160.4534585603115,160.9832305908203,2795900.0
2018-08-01,160.44531743524217,161.16254115935908,159.4183936417383,159.98890686035156,3086800.0
2018-08-02,159.01084417356975,159.61395267263222,157.7475572129284,159.46725463867188,3543500.0
2018-08-03,159.76881644348413,160.07037070727552,159.13310006042212,159.45095825195312,2309000.0
2018-08-06,159.4347179609592,159.79332989684906,159.01906090959125,159.4917755126953,2515700.0
2018-08-07,160.02969113981888,160.72245288224306,159.45101962672783,160.60020446777344,3052500.0
2018-08-08,160.91801734860917,162.11610121717973,160.80391471523362,161.39073181152344,2176700.0
2018-08-09,162.18940934667071,162.79253022028664,161.40698260350007,161.43959045410156,2466000.0
2018-08-10,160.8365247228262,161.31738497592482,159.45098906726386,159.98890686035156,2873000.0
2018-08-13,159.9889060292095,161.0402794954595,158.11435194671387,158.22845458984375,5294400.0
2018-08-14,159.06790331951765,159.72806940317926,155.88932127364563,157.3808135986328,11488000.0
2018-08-15,156.28054650359476,158.26104498271252,155.74262873040664,158.106201171875,6049300.0
2018-08-16,158.1306159117967,159.81770545427122,157.88610675652805,159.2471923828125,5690100.0
2018-08-17,159.41841108800577,159.72811119128534,158.78269451251504,159.38580322265625,3885800.0
2018-08-20,159.61398892682197,161.733052208973,159.25537706957286,161.3173828125,2956700.0
2018-08-21,162.05089870962377,163.60759441516672,161.70859080786246,163.19192504882812,4124600.0
2018-08-22,163.65645483760377,165.89776581351748,161.90414970377495,162.1649627685547,5007000.0
2018-08-23,162.50731696082713,164.15366570234818,162.30356135941997,163.1348876953125,3595000.0
2018-08-24,163.28972664524863,165.04201965723138,163.00446385899394,164.06399536132812,3054300.0
2018-08-27,165.31102977595768,165.40882850499816,163.97439325528882,164.61825561523438,2521300.0
2018-08-28,164.87902050783748,164.97681920822868,163.5179347036265,164.6100616455078,3516300.0
2018-08-29,164.74932528115806,165.47022533708508,164.42165025573723,165.2162628173828,2488000.0
2018-08-30,164.6592693010937,165.01971945279843,163.10279364601084,163.23385620117188,2825400.0
2018-08-31,163.33210712804046,164.5854821827395,163.25836962482245,164.47079467773438,4023300.0
2018-09-04,164.40529835629138,168.68971211645976,164.24964831051025,168.0015869140625,4612800.0
2018-09-05,167.79674759209814,169.30407268275587,166.42048500932313,167.23968505859375,3667100.0
2018-09-06,167.60018300544598,169.6481837142471,166.95302028146676,168.66514587402344,3490400.0
2018-09-07,168.3046589517607,169.76283413761666,168.28827144967198,168.94363403320312,3672700.0
2018-09-10,170.50010940579318,173.35910956351253,170.50010940579318,172.59725952148438,5586600.0
2018-09-11,174.4896185295708,175.84949367398,173.26081839908088,175.18594360351562,5969500.0
2018-09-12,175.3334002171183,176.48027538206625,172.77749984951896,173.65403747558594,5660100.0
2018-09-13,173.2116332407044,173.2116332407044,170.9670209578845,171.5814208984375,4701100.0
2018-09-14,172.1876568971027,172.46618190825922,170.02496931047466,171.27015686035156,3622400.0
2018-09-17,171.2783607935329,172.06478590048522,170.60661070217614,170.72129821777344,3074700.0
2018-09-18,170.90969676556824,173.4492092175085,170.5246717728548,172.86758422851562,4338500.0
2018-09-19,173.67041418156288,174.21927672638182,172.57268909192493,173.40826416015625,2579100.0
2018-09-20,173.39190043832258,174.1701380524978,172.85941286020133,172.90037536621094,4020800.0
2018-09-21,173.0969584437757,174.21107091766842,172.4497834589411,173.98988342285156,9749200.0
2018-09-24,173.2772434632521,173.5393810479145,170.3608925213599,170.38546752929688,4623700.0
2018-09-25,171.08179718106538,171.45863484005685,169.41063397598546,169.95130920410156,4443300.0
2018-09-26,170.8687621123841,171.32751217846368,169.76283695308376,170.0004119873047,2965800.0
2018-09-27,169.9840038697305,170.2543413758848,168.48486633560222,169.44332885742188,3218800.0
2018-09-28,169.11567107011348,171.08994631608834,169.0419460609281,169.69729614257812,3966100.0
2018-10-01,170.81964174322943,171.86001707359728,169.87755394407247,170.06597900390625,3670500.0
2018-10-02,169.9758291505425,170.42637919467762,167.6656789242441,167.73121643066406,4428000.0
2018-10-03,168.88634824750727,169.13211085409668,166.8301473557147,166.9038848876953,4162500.0
2018-10-04,166.83008417624308,166.92019668119957,162.4227964338267,162.89793395996094,5996200.0
2018-10-05,163.0781773470759,163.5942649336202,159.39177672889215,160.87452697753906,5016600.0
2018-10-08,160.75984326333835,162.74230614270658,159.7931805783558,162.53750610351562,3731800.0
2018-10-09,162.16062048965966,163.16823288396304,160.2191206933193,160.35838317871094,4466800.0
2018-10-10,163.11092188588253,163.21742189201083,158.3923341143611,158.67904663085938,6157900.0
2018-10-11,158.68725340207797,161.11207864507014,154.39464047191444,155.43502807617188,5831400.0
2018-10-12,157.9007922250338,158.58891719115084,155.7790673295066,157.67141723632812,5450200.0
2018-10-15,157.58134126682828,158.34319140590574,156.22146601858,156.6064910888672,3642800.0
2018-10-16,157.14716452397724,158.99036484094512,156.14773935211002,158.5807647705078,4057400.0
2018-10-17,155.35309407589884,156.19686911161477,150.7164188796343,151.69126892089844,8985700.0
2018-10-18,150.9458051510904,151.87969276029605,147.07099219798292,147.81646728515625,9262000.0
2018-10-19,147.7345451964761,148.26703276927134,146.28456999825306,147.33314514160156,7004300.0
2018-10-22,148.12777235059366,148.602897422284,145.4571719476341,146.43202209472656,4866700.0
2018-10-23,143.990812642317,147.0382381744297,143.72047509511322,146.25180053710938,7004900.0
2018-10-24,146.29272833534415,149.3974906408432,144.43314095183987,144.97381591796875,6791700.0
2018-10-25,145.42440543422887,147.86561823528749,144.85915536452035,146.6941680908203,5228000.0
2018-10-26,144.90013936494557,145.27696446731744,140.00951303631166,141.09085083007812,9472200.0
2018-10-29,142.3278273165598,144.17102750843995,140.04225207862766,141.8854522705078,5918400.0
2018-10-30,141.85271625832453,144.5314920374552,141.42672863442465,144.3758544921875,5657100.0
2018-10-31,145.80126094761124,146.5139736844352,143.84337279703385,144.08094787597656,6339500.0
2018-11-01,144.86734236905542,148.1605302638964,144.09729227672926,147.83285522460938,5225300.0
2018-11-02,149.4794570872846,149.92181968224222,145.3179186939681,147.398681640625,4730600.0
2018-11-05,148.29162878588866,149.43031660291086,146.88260339360176,149.25009155273438,3885300.0
2018-11-06,149.03709309628323,149.62691826683994,147.497005150944,149.10263061523438,3338800.0
2018-11-07,150.56076465689497,153.74745220254664,149.14355213659235,153.37881469726562,4673400.0
2018-11-08,153.29694335313238,154.57489371454304,152.14186802647137,154.0096435546875,4054000.0
2018-11-09,154.27177491767054,154.4028374388395,151.5192619730901,152.363037109375,4761100.0
2018-11-12,151.7404380056762,153.1494632425158,146.65321215057693,146.98907470703125,7590400.0
2018-11-13,145.2441878187608,148.78312593566346,141.5987496832932,146.63682556152344,14274000.0
2018-11-14,149.59413760399886,149.8317001438652,146.75969962834034,147.3740997314453,7561100.0
2018-11-15,146.6449947691506,147.1856697959517,142.22131954987026,145.29331970214844,8663100.0
2018-11-16,142.53265578909836,145.49815668976115,142.13943066967056,145.01483154296875,6834900.0
2018-11-19,144.7608380467631,146.53850055347732,141.14816303311798,142.20492553710938,6203400.0
2018-11-20,138.64960105104666,140.90240106812425,136.80640103707412,138.4857635498047,8661000.0
2018-11-21,139.26398921339728,140.02583915438868,138.56766426733068,138.6905517578125,5752100.0
2018-11-23,138.764307755,139.53435786740184,138.01064514499018,138.3219451904297,2711000.0
2018-11-26,139.42788000211706,141.22193054900157,138.33834216999077,139.11659240722656,6140500.0
2018-11-27,138.53494224581627,142.03293049689404,138.29737969480755,141.90185546875,7084200.0
2018-11-28,142.495168915036,146.40139582382008,140.60797241099112,146.2200927734375,7133600.0
2018-11-29,145.70091781642867,146.08824591625478,144.15160541712424,144.76144409179688,4329300.0
2018-11-30,144.8356464870769,148.64298634235422,144.3082227297451,148.60179138183594,8942400.0
2018-12-03,151.04939483213684,151.22246149263262,147.80244900104805,149.7720489501953,7610600.0
2018-12-04,149.2116588780364,150.1758551114761,143.84676827409422,144.46484375,7059600.0
2018-12-06,142.98140519428378,145.07461446941528,140.47614576009093,145.00869750976562,7571200.0
2018-12-07,144.50597786716122,146.98651498974527,141.94302569309048,142.39627075195312,6226100.0
2018-12-10,142.89074454787885,143.38520973714245,138.22633402668697,141.48977661132812,5373800.0
2018-12-11,143.64068632948332,144.71201924580842,141.11894139668243,141.91831970214844,5229400.0
2018-12-12,143.18743662426303,145.75862570691223,142.41278027890758,143.5665283203125,5912500.0
2018-12-13,143.6489526587157,144.14341797663232,141.80297563134778,143.28634643554688,6102200.0
2018-12-14,142.5528842198404,144.33294410863877,141.70406181055466,141.9842529296875,4265200.0
2018-12-17,141.34144293322962,141.73702014507958,137.56706191654604,138.42413330078125,5631700.0
2018-12-18,139.19059170057645,141.70410114287355,138.86095647772143,140.13006591796875,4462200.0
2018-12-19,140.85523571985033,144.176359251852,137.43522416598023,138.0862579345703,6996900.0
2018-12-20,137.03139028583792,137.88021254802175,133.69378171644598,135.2843017578125,7675600.0
2018-12-21,134.17181915042107,138.41594486362047,131.99619402925703,132.2516632080078,13034100.0
2018-12-24,131.98789767845935,133.0097739299251,130.2820041428982,130.32321166992188,4547400.0
2018-12-26,131.41109575652322,138.67965698242188,131.3946102225133,138.67965698242188,6141500.0
2018-12-27,137.16325048904113,140.47613708422543,134.62502015701273,140.3607635498047,5069300.0
2018-12-28,141.1024664594634,142.66825213368668,138.94332751242894,140.2783660888672,4552000.0
2018-12-31,141.30854459539069,142.76720631982343,140.63277600194576,141.59698486328125,4206000.0
2019-01-02,139.8580616795073,142.71767803381357,139.31415248598742,142.0831298828125,4242900.0
2019-01-03,141.61337826580763,141.61337826580763,138.6219030290589,138.9515380859375,4810500.0
2019-01-04,140.2454145835995,144.00332336021324,139.7015178200101,143.080322265625,4762600.0
2019-01-07,143.2533871908261,146.83821671502872,143.2533871908261,145.89874267578125,4928800.0
2019-01-08,147.15960743058358,148.00018074457205,144.72026483026826,146.59921264648438,4722400.0
2019-01-09,146.58272763048333,149.384676411222,145.9481794044311,148.1155548095703,4922000.0
2019-01-10,146.71457795079624,147.71174486401256,145.3218464076471,147.5634002685547,3605300.0
2019-01-11,146.63217479891335,148.55233019618555,145.96465550206926,147.8518524169922,3285100.0
2019-01-14,146.351957548312,147.70348142917527,145.78332637484888,147.35736083984375,3871400.0
2019-01-15,145.10764787168867,146.54158756825404,144.3824352562149,145.42904663085938,5016100.0
2019-01-16,145.93995021451872,146.63219159611677,144.92631015040902,145.89874267578125,4075400.0
2019-01-17,143.40167066688224,144.59662601163103,141.74523379882515,144.1103973388672,6499200.0
2019-01-18,145.84926236715665,148.3710071831825,145.1899796357344,147.99192810058594,6371100.0
2019-01-22,146.26959836278536,147.18435039632917,144.5142603207695,145.95643615722656,6272700.0
2019-01-23,145.5278833374154,146.73931190408808,143.83023856364932,145.77511596679688,4910400.0
2019-01-24,145.86578324221867,146.302555485493,144.4648149576722,146.10476684570312,3860100.0
2019-01-25,148.15677111888232,149.05503755035298,147.19257514545401,148.66770935058594,4501800.0
2019-01-28,147.4892255391072,148.32981133094796,146.20363113674614,148.1979522705078,4091400.0
2019-01-29,147.4810060828248,148.46167494924168,146.76403021817436,148.0825958251953,3686900.0
2019-01-30,148.72542343357196,151.7993148849564,148.15679205675468,150.13462829589844,5197700.0
2019-01-31,149.5742237871495,152.18662056691082,149.21161759630766,151.2471466064453,5138000.0
2019-02-01,151.65918573124418,152.5821740952192,150.67026783058907,151.9393768310547,4513100.0
2019-02-04,151.88169871157677,153.63702392578125,151.50260701345425,153.63702392578125,3050200.0
2019-02-05,154.0161151196465,154.09853018520394,152.20309685034414,153.60406494140625,4135200.0
2019-02-06,153.8513232172366,153.8513232172366,151.68393489436434,152.22784423828125,3072500.0
2019-02-07,151.42021454395237,152.39264699625105,150.35711796837907,151.69216918945312,2793400.0
2019-02-08,150.85161174921035,152.1124846144569,150.57965705232508,152.0795135498047,2792300.0
2019-02-11,152.45856073380997,152.80468136271935,150.6043349951555,150.7444305419922,3729200.0
2019-02-12,151.50262021556676,153.61231530694155,151.23891461653224,152.88711547851562,3773200.0
2019-02-13,153.52990077565852,155.49125109684934,153.21673861249818,155.2687530517578,4146900.0
2019-02-14,154.51882791108883,155.69728546939902,153.28267728780014,154.69189453125,2600600.0
2019-02-15,156.47192394814795,158.73819983124272,155.79616822370707,158.5486602783203,4997900.0
2019-02-19,157.98832923756098,159.20799458670268,157.63395944588362,158.499267578125,3828400.0
2019-02-20,158.54866159831406,158.55689807467562,157.4938141844733,158.10365295410156,3970100.0
2019-02-21,158.1036404589352,158.53216354178468,157.08175160607513,158.07891845703125,3094200.0
2019-02-22,157.97179256848716,158.67227029657994,157.91409951011735,158.5486602783203,3321600.0
2019-02-25,158.84535319744245,159.39749896028425,156.54611859845795,156.56259155273438,6190700.0
2019-02-26,152.9447981125496,155.31821141098493,150.64556341077147,155.17811584472656,13635100.0
2019-02-27,154.84849068708587,155.34295605457075,150.98346961119302,151.362548828125,8766200.0
2019-02-28,151.30488043308753,152.61519741454748,150.90106659817434,152.57398986816406,8060600.0
2019-03-01,153.13432080072434,153.74414696299797,150.69497842731266,152.59864807128906,5481300.0
2019-03-04,153.44750489237734,153.48047595302856,150.06870051259122,151.4779052734375,5046800.0
2019-03-05,151.83226433367616,152.55746414491136,151.0164003994154,151.6344757080078,3691000.0
2019-03-06,152.07122433146745,152.43383046822632,151.50259312380211,152.0052947998047,4460900.0
2019-03-07,151.95586790740202,152.14540747304483,149.64014786159044,150.40655517578125,4122200.0
2019-03-08,149.56600452489855,149.9121252265109,147.9425255311705,149.3517303466797,3867100.0
2019-03-11,149.98633165802246,150.97525001114153,149.32704856435006,150.34893798828125,3866200.0
2019-03-12,151.16473243758588,151.8569863400379,150.25822952984828,151.6344757080078,3777000.0
2019-03-13,152.13261696994692,152.58093933025512,150.33930219189412,150.3891143798828,4528300.0
2019-03-14,150.50537815117613,150.88729278538216,149.8577942366459,150.77935791015625,4393000.0
2019-03-15,151.35219004689617,151.50993708551212,149.0856468474186,151.2940673828125,8059100.0
2019-03-18,151.54317871205345,152.33190143306462,151.37713382369523,152.28208923339844,4395800.0
2019-03-19,152.92136370954455,154.27465415000805,152.33188983208998,152.87155151367188,4437100.0
2019-03-20,153.01263613007382,155.3538971862449,152.29032154035943,154.50706481933594,4772600.0
2019-03-21,154.00897780170305,157.74504464864464,154.00897780170305,157.7201385498047,4755700.0
2019-03-22,157.1720837747419,159.44693654780554,156.64073287419333,156.7071533203125,5173600.0
2019-03-25,156.70724049599755,159.16474769589027,156.5079790467916,157.47935485839844,3845900.0
2019-03-26,158.31786151955797,159.56321675181408,156.69890225130672,157.19703674316406,4143300.0
2019-03-27,157.4544346879533,159.0817047066647,156.4083406770457,157.12234497070312,4298400.0
2019-03-28,157.6702846022515,158.90732941178388,157.04760695930815,157.79481506347656,3326100.0
2019-03-29,158.45075273133259,159.43872422096442,157.86127882691187,159.31419372558594,4674100.0
2019-04-01,160.22739838456093,162.6433777509627,160.1111657438007,162.42752075195312,5381400.0
2019-04-02,162.31130234877457,162.31130234877457,161.08255537175415,161.3233184814453,2717800.0
2019-04-03,161.87959222900093,165.04279288903425,161.15729015751901,164.8933563232422,4581500.0
2019-04-04,165.21713382768917,166.45419129989057,164.40350525850633,166.4209747314453,3138400.0
2019-04-05,166.76139337003923,168.64603478336807,166.55383413367645,167.75767517089844,3615300.0
2019-04-08,167.1848276530243,169.19399975714197,167.07690545301438,168.9947509765625,3040900.0
2019-04-09,167.92373958327008,168.29735638696405,166.4293230421417,166.79461669921875,3721700.0
2019-04-10,167.09349293482794,167.37578314092065,164.40353318071465,165.57415771484375,3587500.0
2019-04-11,165.96434725617465,167.2927313316308,165.24204522441545,167.276123046875,2465100.0
2019-04-12,167.81582664444437,169.58422302729122,167.81582664444437,169.24383544921875,3097900.0
2019-04-15,169.50120352709732,170.3148323098642,168.87021524508793,170.08236694335938,3049900.0
2019-04-16,170.4061440263412,171.02052396616287,169.60911093328636,169.75856018066406,3271400.0
2019-04-17,170.48085084007508,171.72620625461067,170.4642552224701,171.48544311523438,3271900.0
2019-04-18,171.04543735275482,172.506649972487,170.28162080141217,170.74655151367188,3162500.0
2019-04-22,169.45962728486063,171.23633346229065,169.3683007336111,170.01588439941406,2593900.0
2019-04-23,170.31476351226206,172.13298399100407,168.89505311963657,171.07028198242188,3702600.0
2019-04-24,171.1616866741722,172.93839359359123,170.64693104833523,171.62661743164062,2750900.0
2019-04-25,171.03713374400115,172.4568447037679,170.2484110634251,171.44395446777344,3292100.0
2019-04-26,170.92919719661683,171.14505425546182,168.82038812745458,169.0445556640625,3560300.0
2019-04-29,168.79546562972078,169.20228627982635,166.3296609718611,167.8406982421875,3785200.0
2019-04-30,167.33430362907208,169.16082286373393,166.7033152740409,169.1193084716797,3415600.0
2019-05-01,168.70415464964972,168.96983656857108,164.93488427093408,165.05111694335938,4644700.0
2019-05-02,165.46621206925246,166.92742441169887,165.05109363087925,166.8859100341797,2810000.0
2019-05-03,167.7078877654273,167.96525922960652,166.31309557178048,166.51234436035156,3583400.0
2019-05-06,165.00133906220017,165.98931064905534,164.64433049296213,165.74024963378906,2619400.0
2019-05-07,163.3490960869672,164.09630416561782,160.2025040795188,161.70523071289062,4622100.0
2019-05-08,161.4728136429738,163.23291219206692,160.80031096923474,162.03736877441406,3122600.0
2019-05-09,160.4931568168267,161.96268026028142,159.0651477685323,161.5475616455078,2917700.0
2019-05-10,160.41014069492084,162.30308056481533,157.75337142563794,161.5475616455078,3863600.0
2019-05-13,158.57525740088158,159.12321682813038,157.0310161676235,158.0272979736328,3325900.0
2019-05-14,158.16013503096988,160.03646593055214,157.75331437498696,159.08999633789062,3663600.0
2019-05-15,158.4175152002642,160.077989150552,157.96919280778727,159.20623779296875,3355800.0
2019-05-16,159.79569606327362,161.86299049075828,159.57152855465247,159.72097778320312,3854000.0
2019-05-17,158.45904568750495,161.48110807743618,158.3677191042208,159.88705444335938,5223800.0
2019-05-20,158.68321696198868,160.11952356149257,158.2514901337564,158.5337677001953,4782800.0
2019-05-21,155.3622655347859,159.83724279421207,154.7063711612045,158.94888305664062,8555600.0
2019-05-22,158.1518485946605,159.58815503847012,156.1260683145621,156.84007263183594,5706000.0
2019-05-23,156.45814349006832,159.8538094188043,154.64823310323845,159.40548706054688,7754000.0
2019-05-24,159.85383450962465,160.94975348601923,158.08543822449616,160.7255859375,3799500.0
2019-05-28,161.38147845039293,163.11667080810503,158.86586125509234,159.0319061279297,5165800.0
2019-05-29,157.9774727161361,159.30585679320862,156.10943973373324,157.73670959472656,4569900.0
2019-05-30,157.85295528797425,159.82061280471763,157.819738715679,158.6416778564453,3029800.0
2019-05-31,157.44612807216686,157.9857769996156,156.63249944252706,157.6204833984375,3681500.0
2019-06-03,157.34647085871924,159.29751960097465,156.70718502035632,157.3879852294922,4620200.0
2019-06-04,159.0568067400672,162.31133427540564,158.92396577901388,162.10377502441406,5118100.0
2019-06-05,162.2041291691411,164.46985924239186,161.4265988543126,164.4447784423828,3704600.0
2019-06-06,164.41128380857154,165.24734426578732,162.99835235198384,164.84603881835938,3732900.0
2019-06-07,164.87107027287587,166.39270597313995,164.0433788325766,164.95468139648438,3522300.0
2019-06-10,166.00818867636164,167.0867139813205,164.97148170962114,165.58180236816406,3154500.0
2019-06-11,166.39275380142607,167.91437718180248,163.73407494510792,165.54832458496094,3708500.0
2019-06-12,166.21720525685421,167.37097296309997,165.52327343043626,166.32589721679688,2551500.0
2019-06-13,167.17028140830539,169.45272282356737,166.7522511908516,169.1768341064453,3630900.0
2019-06-14,168.30734301709725,172.6464992028753,168.30734301709725,172.0361785888672,4898000.0
2019-06-17,173.06453056885178,174.56107331177915,172.22847003470272,173.0478057861328,4620500.0
2019-06-18,173.9841864715791,175.71482498644423,173.1564820252618,173.4658203125,3891300.0
2019-06-19,173.8169685275799,174.30188513640178,172.14484756913365,173.8504180908203,3648200.0
2019-06-20,175.21322219805603,176.96058575174158,174.9958382822,176.6177978515625,5171500.0
2019-06-21,176.62612733458624,177.23646065267533,174.80352166407184,175.0626983642578,9855000.0
2019-06-24,174.02597992432163,174.95400754669615,171.4927177470531,171.8104248046875,4943500.0
2019-06-25,172.4792859249865,173.14813688506322,170.723553749444,171.17503356933594,3587900.0
2019-06-26,171.67670377782426,173.3321131751116,171.09981984458238,172.57965087890625,3071200.0
2019-06-27,173.57451039633045,173.90057346127955,172.23680857448952,173.08123779296875,2286800.0
2019-06-28,173.7083244794021,174.73667550483427,173.39061735070229,173.8755340576172,11069000.0
2019-07-01,175.32186139657284,177.50397952681757,174.0426900192503,175.80677795410156,4097700.0
2019-07-02,175.77335419018067,175.79006621400228,174.28516760477072,175.6897430419922,3160500.0
2019-07-03,175.4222133313645,177.87186437649106,175.32187740036815,177.32843017578125,2183700.0
2019-07-05,175.54764584611993,177.38697662140825,175.34698670876628,176.7933807373047,2547800.0
2019-07-08,176.3920423383493,178.448756800442,176.06597925064483,178.00564575195312,2705300.0
2019-07-09,177.18631216534854,178.35680462886748,176.57599151546776,177.24484252929688,2397400.0
2019-07-10,176.17468726946967,176.6763287227455,174.59453327610453,176.19976806640625,3457400.0
2019-07-11,177.45379038768974,178.98378219610936,176.42543983874995,178.95033264160156,3450100.0
2019-07-12,179.75300415937133,182.47020073387344,179.4269410807219,182.45347595214844,4429800.0
2019-07-15,183.05548123205247,183.34810756960093,181.266311907693,182.84646606445312,3141300.0
2019-07-16,181.67593613393134,182.55380214724266,181.19937555971924,181.64248657226562,2657400.0
2019-07-17,181.1993688049068,181.9100252552072,180.2629852294922,180.2629852294922,3037300.0
2019-07-18,180.17101200124665,180.78133250698818,178.0892170611444,179.2847900390625,3068000.0
2019-07-19,179.47708613532862,179.94527792233467,178.02233643375746,178.1143035888672,3254800.0
2019-07-22,178.08090270898933,178.29827386615705,175.89042808193818,176.634521484375,2764900.0
2019-07-23,177.7213950893407,179.02564749041616,177.01909454030113,178.1477813720703,2589900.0
2019-07-24,178.23972837435284,179.57741743246848,178.13940520324343,179.5105438232422,2207100.0
2019-07-25,179.15105960151385,180.52219843890003,178.60762532881895,180.21286010742188,2335300.0
2019-07-26,180.1960861507102,181.60067417198934,179.00052597412508,181.349853515625,2675500.0
2019-07-29,181.24961698299182,182.48699616427413,180.8817609435226,182.29469299316406,2407200.0
2019-07-30,181.85987747361665,182.75445554503418,181.30807450025424,181.72610473632812,2172600.0
2019-07-31,180.88168449153966,182.0939695994964,177.38694515683719,178.6577606201172,3426400.0
2019-08-01,179.03400374708545,181.93513484506093,177.26155948241671,177.9387664794922,3431500.0
2019-08-02,177.12777207538733,178.1979284587674,176.4756459279298,177.37022399902344,2884900.0
2019-08-05,175.17973837830525,175.5392509918569,170.62321165125996,171.34222412109375,4553200.0
2019-08-06,171.40075118659416,174.81187941167266,170.9743649424357,174.56942749023438,3646800.0
2019-08-07,172.26192115547585,174.31863585356672,169.82899449448547,173.8253631591797,3901100.0
2019-08-08,175.32188835408567,176.98565338018932,174.50255261716865,176.8853302001953,2968000.0
2019-08-09,176.78500753037503,177.58763130237614,173.85879549307825,175.58944702148438,2912100.0
2019-08-12,173.98417625933618,175.27170367631976,172.35384825556275,173.07286071777344,2005000.0
2019-08-13,172.4876373949654,176.92711654911903,171.20846586774383,174.17648315429688,3876700.0
2019-08-14,170.9409298436478,171.69337916609132,168.4745412436232,168.5414276123047,4582100.0
2019-08-15,169.72022613467163,170.35562731477657,166.4177907884306,168.70858764648438,4199700.0
2019-08-16,170.34728300637641,170.91579787647984,168.60827608334105,170.263671875,4093600.0
2019-08-19,173.04781538233723,174.58617654600607,171.64323973056764,173.85879516601562,6413600.0
2019-08-20,178.49894216786004,182.13581096365056,177.38698001364656,181.50039672851562,12452600.0
2019-08-21,182.87148091017735,184.66901835760206,181.22444096292847,184.2677001953125,7938600.0
2019-08-22,183.97509217491827,186.15721031264482,183.83296343886948,184.78607177734375,4544600.0
2019-08-23,183.84973654243532,184.66071641429497,180.59746104090092,181.818115234375,5769300.0
2019-08-26,182.64575519207247,183.51525236914253,180.73952579979672,182.80459594726562,3680200.0
2019-08-27,183.55710094046728,184.27611354191984,182.1859621141242,182.43678283691406,4311700.0
2019-08-28,182.16086948083068,185.68067711245055,181.51709931086543,185.56362915039062,3066700.0
2019-08-29,187.19396051339933,190.37099329862764,187.07691254139328,190.0532989501953,4184200.0
2019-08-30,190.98123567251102,191.6835359739466,189.52649901062838,190.54649353027344,3768300.0
2019-09-03,189.32590548504535,190.3124635495311,186.75920627792533,187.33609008789062,4139400.0
2019-09-04,188.37914788496937,188.54737854003906,185.6201240692625,188.54737854003906,3132900.0
2019-09-05,190.35586842291357,192.44195650967706,190.3138075558663,191.91201782226562,3373100.0
2019-09-06,192.3746913197313,194.62060334609373,191.6849417675817,194.41873168945312,3237900.0
2019-09-09,194.7299005567522,196.7234595783069,193.53544655144123,195.88229370117188,4449100.0
2019-09-10,195.36079423110374,196.0084956142224,193.22423833994947,195.99166870117188,4210600.0
2019-09-11,195.9327940596884,196.5636685720545,194.326176722929,195.7056884765625,2978300.0
2019-09-12,196.34494939768237,198.08616902973975,196.08419001359806,196.6645965576172,3366100.0
2019-09-13,197.11045330746714,197.64879909684265,195.42812111127165,196.8160400390625,3805500.0
2019-09-16,195.76452367733089,196.50475372880734,193.98125619168906,194.3009033203125,3120200.0
2019-09-17,190.76805235500856,193.74578750835286,190.49888587986317,193.6448516845703,3732500.0
2019-09-18,193.77942453528138,194.75518026244555,192.6354381602003,194.16636657714844,3341800.0
2019-09-19,194.43552714630954,194.64581865861797,191.74379835579663,191.8867950439453,3134000.0
2019-09-20,191.7774491283377,193.51024910850856,188.61465661912473,188.98477172851562,7687700.0
2019-09-23,188.55577835236878,191.06244950116053,188.37912784047754,190.31381225585938,2754000.0
2019-09-24,191.90363389167214,193.6700878389742,189.07731527709447,189.6072540283203,4511300.0
2019-09-25,190.5998260746409,192.16439555502998,188.84179198250663,191.8699951171875,3716700.0
2019-09-26,193.19899039657585,194.41027142548555,192.62700370802065,193.29151916503906,4200600.0
2019-09-27,194.82241247216578,194.94017517137593,192.7363248710839,193.35037231445312,3152000.0
2019-09-30,193.6279926476585,195.64678579946442,193.56910487010367,195.16732788085938,3249200.0
2019-10-01,196.00006145541414,197.26181030359282,194.07379719467082,194.37661743164062,3335400.0
2019-10-02,193.9729128449512,193.9729128449512,188.70720470732417,189.7250213623047,4336100.0
2019-10-03,189.2623275893387,190.7848358154297,186.8397656889398,190.7848358154297,2777700.0
2019-10-04,191.08766248457027,192.80364816683348,190.96149272933334,191.72694396972656,3163100.0
2019-10-07,191.37364062077827,191.8951721830751,190.14554565009718,190.7259521484375,2917600.0
2019-10-08,189.5652190852795,192.4420060058134,189.3465204896288,190.66714477539062,3438500.0
2019-10-09,192.20643823716264,193.09807217710747,190.61663495070866,192.57655334472656,2657600.0
2019-10-10,192.91299840524948,195.3523873931268,192.6942998760635,194.82244873046875,2781500.0
2019-10-11,197.10203762548738,199.1040041232669,196.63097384965786,197.38803100585938,3459200.0
2019-10-14,197.0178914968795,198.08617585623492,196.88330186330307,196.98423767089844,2183900.0
2019-10-15,197.41321751742174,199.2385458913705,197.33751567054733,198.19549560546875,2663300.0
2019-10-16,198.02730469158763,198.65817921233293,196.69826082766323,198.43106079101562,2388100.0
2019-10-17,198.81796071810936,200.34046885220607,198.10296461190475,199.162841796875,2250500.0
2019-10-18,199.3479408169513,200.8115614854367,198.21236154952132,200.1386260986328,3662500.0
2019-10-21,200.4161901879841,201.0302505592105,198.18710560391824,199.10397338867188,2041700.0
2019-10-22,199.60870364716047,200.44986968626762,198.9525951634709,199.5245819091797,2003200.0
2019-10-23,199.07033290944008,199.7012073595869,197.1356486952884,197.3964080810547,2110500.0
2019-10-24,197.51416651198804,198.8263832861886,196.05054603392122,196.74029541015625,2173900.0
2019-10-25,196.40384389089172,198.02728802677277,195.61314583780347,197.15248107910156,2210900.0
2019-10-28,197.63194812542608,199.32269999131825,197.3038939005055,199.1881103515625,2705000.0
2019-10-29,199.2217220698867,199.77689462592016,196.76551926354873,196.95057678222656,2558000.0
2019-10-30,196.42066390146505,199.0198765414417,195.89073806054736,198.71705627441406,1956700.0
2019-10-31,199.23858196641342,199.68439892562535,196.17673819843503,197.3207244873047,2824100.0
2019-11-01,198.57404723591878,199.73484749128352,197.72446143219358,199.64231872558594,2197400.0
2019-11-04,200.42463127309247,200.5255670882838,196.73191295697046,197.60671997070312,2542400.0
2019-11-05,197.45532507856615,197.60672880812422,193.6953117724353,195.31875610351562,3624600.0
2019-11-06,195.84864749333556,196.86645098984326,195.0579495362766,196.84121704101562,2631900.0
2019-11-07,196.83285711029168,198.33853870310264,194.9486405241283,195.94122314453125,2832500.0
2019-11-08,195.8234451894915,196.21037435749113,194.8392825206563,195.85708618164062,2088400.0
2019-11-11,193.88876616103553,195.38604063863215,193.61958687576322,194.98228454589844,2309600.0
2019-11-12,195.27668877351536,197.36278976970164,195.15051900305752,196.09262084960938,2991100.0
2019-11-13,195.2262627787386,197.5899377773929,194.18322489188918,197.50582885742188,2399600.0
2019-11-14,197.67401905274755,199.30588322110887,196.86649400828904,198.9778289794922,2282200.0
2019-11-15,199.9367090198575,200.2395292333268,198.8179569210728,199.60023498535156,3524700.0
2019-11-18,200.56765542505715,201.29946585576883,199.1544896429646,200.91253662109375,5747400.0
2019-11-19,193.97286406809835,196.09259292093563,189.59879106597475,189.98573303222656,14972200.0
2019-11-20,188.88381626902705,189.2623383787498,185.5359793884427,185.8135528564453,10225400.0
2019-11-21,186.68837156741253,186.9995988592743,183.79475866793715,183.82839965820312,7823700.0
2019-11-22,183.79477838398623,184.32471709253247,183.21437176704038,183.39942932128906,5786500.0
2019-11-25,183.37418632015988,183.8200032692619,182.43208451604607,183.7106475830078,8865400.0
2019-11-26,184.01351414976904,185.86409006654415,183.70228676157396,185.6958465576172,9981400.0
2019-11-27,186.46962630894504,187.9584933522318,185.61164644381216,187.57997131347656,6687500.0
2019-11-29,187.83233349987574,187.85756744810894,185.30041612232105,185.4854736328125,2952900.0
2019-12-02,185.81358925390353,186.05753461440673,182.91998860632245,183.0545654296875,4416300.0
2019-12-03,182.07037558853975,182.07037558853975,179.10946771606942,180.009521484375,6505400.0
2019-12-04,180.7375202565586,181.9734827531501,180.47509313699973,181.24545288085938,4256200.0
2019-12-05,181.4655575613511,181.58407345624036,179.27300704726753,180.3142547607422,4580500.0
2019-12-06,181.33859091512792,182.31211346875926,181.0761508530027,181.39784240722656,4193700.0
2019-12-09,181.40631433027173,184.44542391336367,181.31319376504163,183.30258178710938,5111100.0
2019-12-10,183.2941544443504,183.43806572284228,182.0920606028879,182.769287109375,4663000.0
2019-12-11,178.6465923080862,180.86453858234498,178.291044556147,179.46774291992188,8284800.0
2019-12-12,179.89097312779208,181.27084684342591,178.39258352302338,179.50155639648438,9915100.0
2019-12-13,179.5693407485328,181.35555339845536,178.34185158166105,181.22857666015625,6869200.0
2019-12-16,181.52484893926842,183.46344647405968,181.41480674521674,182.4560546875,5850300.0
2019-12-17,182.870871931075,185.77451853292482,182.74388227974669,184.30999755859375,7574400.0
2019-12-18,184.72474683713756,185.89297114442093,184.2422095775164,184.54696655273438,6677400.0
2019-12-19,184.95336639431662,186.89196396726442,184.78405977783302,186.42636108398438,5405000.0
2019-12-20,186.7395952651323,187.56921971764814,186.07082955062253,187.24752807617188,7778200.0
2019-12-23,187.93319224702353,187.93319224702353,185.51207042480817,185.5713348388672,3943700.0
2019-12-24,185.8168091670839,187.120484058054,185.5797773687257,186.80726623535156,2260700.0
2019-12-26,186.86655517033574,187.21362918810198,185.89301959041137,186.9342803955078,2649200.0
2019-12-27,187.255954282114,187.7554132730674,186.05386062988433,186.21470642089844,3082800.0
2019-12-30,186.55331905677323,186.6549133502603,183.31952038015444,183.962890625,3952400.0
2019-12-31,183.78515073818298,184.97877083932545,183.22642725076543,184.8687286376953,3789900.0
2020-01-02,185.46128756740578,186.03693261091846,184.41156594320108,185.95228576660156,3935700.0
2020-01-03,183.81897805813716,185.9691989821671,183.48882567050717,185.33428955078125,3423200.0
2020-01-06,183.2687225505517,186.2400939446348,183.1925236040893,186.20623779296875,5682800.0
2020-01-07,185.81683982468454,186.7141764832712,183.61581514277034,184.9872283935547,5685400.0
2020-01-08,185.22426784958714,188.75436312839892,185.11421273578478,187.75543212890625,4916200.0
2020-01-09,188.47497243502417,190.93842402281368,187.80620687970654,190.6336669921875,4843600.0
2020-01-10,190.26119882960148,190.8876474715142,188.805138788492,189.81253051757812,4226600.0
2020-01-13,190.0495623021683,190.0580231112979,188.50884250103462,189.06756591796875,6060900.0
2020-01-14,188.33953477756924,190.4305042568071,188.1956235196267,188.618896484375,3915100.0
2020-01-15,188.1702437472485,190.4559153625881,188.0432670142223,190.12576293945312,3444300.0
2020-01-16,191.2601195930266,193.74050593455416,190.81145127452695,193.70664978027344,5390800.0
2020-01-17,194.37542093116178,196.90659803483905,193.78284133487492,196.32247924804688,7979200.0
2020-01-21,196.00077196790897,197.80391887555712,195.60289435995597,197.20286560058594,4873500.0
2020-01-22,197.91394774754784,200.23348801691415,197.14360084443985,197.1605224609375,4030800.0
2020-01-23,196.50866991124312,198.78588005512606,195.24731208819938,197.79541015625,4617900.0
2020-01-24,198.48114432469072,199.3022819097226,195.1796077817863,196.3986358642578,4467500.0
2020-01-27,193.18174460760747,196.79649870869116,193.18174460760747,195.71292114257812,3595600.0
2020-01-28,196.24625778082677,199.14990373704615,195.84838021288067,197.97320556640625,3621900.0
2020-01-29,198.85364001246188,199.68326435025318,197.58382107772772,198.1086883544922,2564000.0
2020-01-30,196.3986629632361,197.4991752960523,196.03465440027307,197.0674285888672,4685700.0
2020-01-31,197.2113513080709,197.43990941542862,192.91935711707194,193.09713745117188,5304700.0
2020-02-03,194.95950774369024,197.69384716492644,194.15529178653424,196.00921630859375,5100900.0
2020-02-04,198.11709728451603,200.089550396698,198.11709728451603,198.93824768066406,3505100.0
2020-02-05,200.71605340649367,201.7488405168564,199.6663317600016,201.57106018066406,3868600.0
2020-02-06,201.47796081141186,202.67159384745563,201.0377532465856,202.18905639648438,3930300.0
2020-02-07,202.18902046661526,202.77313920671997,200.22504068771784,200.88534545898438,2456100.0
2020-02-10,200.29276405628744,203.68740844726562,199.93720341295904,203.68740844726562,2568000.0
2020-02-11,203.68736983931305,205.24501089175558,203.3402829877786,204.55931091308594,2692400.0
2020-02-12,204.97414026019078,205.1180514972233,202.188997323154,204.51699829101562,3592100.0
2020-02-13,203.99218588155995,206.21860594300455,203.50964847255946,205.16888427734375,2468100.0
2020-02-14,206.08314847977329,207.57306470405183,205.39744832588792,207.4291534423828,2841600.0
2020-02-18,207.26829483368346,208.34341174236533,205.84610392349526,206.50640869140625,2892600.0
2020-02-19,207.32761966338353,207.82707878924978,205.71917423603807,206.25250244140625,2713300.0
2020-02-20,206.29478521832203,209.198431634924,204.9910972178862,209.11378479003906,3701800.0
2020-02-21,208.6735551386868,209.40158509724057,206.55719048210784,207.69155883789062,3881100.0
2020-02-24,201.8842661730737,205.80377789267413,201.22396139281804,202.91705322265625,5350100.0
2020-02-25,208.3349450290999,209.07143580691243,200.1911649268945,200.95306396484375,8061500.0
2020-02-26,202.40913510851846,204.05142334662563,198.36264663491139,199.17532348632812,6963000.0
2020-02-27,195.61137369349177,198.78592092203513,190.1088251640166,190.2442626953125,7612800.0
2020-02-28,185.08032325474053,187.13742346923905,179.74708181814003,184.4115447998047,11809600.0
2020-03-02,186.22315229674626,194.70554532286332,184.9618072484431,194.65475463867188,7150800.0
2020-03-03,194.73094771063717,199.6324555886905,190.95536032013342,192.961669921875,8432500.0
2020-03-04,197.25364995126077,204.28845703256144,196.22933667478887,204.0852813720703,6770000.0
2020-03-05,200.29279040638548,202.84088923702666,197.37219634866574,198.7774658203125,6473900.0
2020-03-06,192.64847151036392,194.9510646519366,188.14484077498972,193.4442138671875,7399900.0
2020-03-09,181.0507432984337,183.0062619992772,175.4466143230622,178.16403198242188,10120500.0
2020-03-10,183.87824772707134,191.17546953348804,178.62119180135858,191.06541442871094,7206600.0
2020-03-11,185.1851736222408,186.7617537923692,179.39014496100512,181.4269256591797,7253900.0
2020-03-12,166.53031043669785,176.04949178766003,157.52244713373207,162.4226531982422,10928700.0
2020-03-13,170.8254060357508,175.40178027799763,161.91981861278487,175.27394104003906,10292300.0
2020-03-16,155.07658640168154,158.59621631184484,139.00391236438426,140.58050537109375,12536600.0
2020-03-17,143.35019922545953,148.9492101873406,132.34816888779457,147.97769165039062,16234400.0
2020-03-18,136.18310727938032,138.3391966948861,119.84624953638364,132.62939453125,14681900.0
2020-03-19,130.5244171977965,138.8334602720319,121.01375554271023,137.3165283203125,13499100.0
2020-03-20,138.7226892563182,145.0631312914899,129.37394812170052,129.6636962890625,12602400.0
2020-03-23,127.88255953737757,140.55491104232627,124.7123390567333,138.3903045654297,12241600.0
2020-03-24,147.76464354001862,158.229777911563,146.58858995959253,157.42018127441406,14676600.0
2020-03-25,157.16447871936043,163.24073678139104,153.39771418698885,154.89759826660156,11497400.0
2020-03-26,156.37197877820387,168.9079774853745,155.52828640623366,166.35987854003906,10170300.0
2020-03-27,160.6330302112719,167.3569650268517,158.93712802448132,162.38858032226562,7121700.0
2020-03-30,162.40561318051198,168.90796452556012,159.8830666783954,167.1183319091797,6936700.0
2020-03-31,166.01043081525145,166.59845751323354,158.04226594331638,159.11605834960938,7335400.0
2020-04-01,149.9121981321844,155.74982625645399,149.13668425318298,152.23020935058594,7858200.0
2020-04-02,149.0940610182561,155.71573298920862,148.2844645310365,154.5141143798828,6353900.0
2020-04-03,153.02277208002067,154.54823472935874,149.0855674161729,152.2898712158203,7299800.0
2020-04-06,160.21539383952614,163.97364103930596,157.76955661602767,163.05325317382812,7454000.0
2020-04-07,172.93039227725689,173.9445239097239,163.4964375775971,163.87139892578125,6438800.0
2020-04-08,165.5076479121963,167.68930261554047,163.23223662008215,166.02749633789062,6094700.0
2020-04-09,170.27151508571794,175.54669565620821,167.45922023672966,171.74583435058594,7125100.0
2020-04-13,170.8253917164289,170.8253917164289,166.4961658949181,169.4107208251953,4415600.0
2020-04-14,172.04412289558144,178.7339621909752,170.55275570821667,176.55230712890625,5655400.0
2020-04-15,169.3085131231054,172.35090823798367,167.5529630808381,169.14659118652344,5693900.0
2020-04-16,169.69201017757592,172.3253483262837,167.73193805250853,170.3141326904297,7262800.0
2020-04-17,176.55228521998276,179.17709270446701,175.6915580885566,178.46975708007812,6717600.0
2020-04-20,175.66597190866926,179.84179381611952,175.00976686480593,175.59779357910156,4753100.0
2020-04-21,171.08110083252092,174.14053059825466,170.0243561012189,170.9617919921875,4845000.0
2020-04-22,172.05259909937305,175.30804607890371,171.41344188646187,173.99563598632812,4067700.0
2020-04-23,173.2712770563052,176.38183716307847,172.3082759640784,172.4190673828125,3565500.0
2020-04-24,174.47290849514857,181.46102624568644,173.72297271459374,180.82186889648438,5025200.0
2020-04-27,183.2591524705279,188.28719707209686,182.38137759500296,185.57716369628906,5472800.0
2020-04-28,190.88647003336766,191.08247463837682,184.85282333389003,185.46641540527344,5080700.0
2020-04-29,188.62810112813133,191.03985625785523,187.332751683258,189.0286407470703,4381100.0
2020-04-30,184.75053800713152,189.28429992322717,184.52045074721795,187.3412628173828,5152700.0
2020-05-01,184.73349132732906,187.2304593851432,183.8812816687679,186.26747131347656,3819300.0
2020-05-04,184.65679398790937,189.7530174237303,183.40405767579196,189.05419921875,4090900.0
2020-05-05,191.69604987635753,195.0281928873531,190.5626094274631,192.26702880859375,4655200.0
2020-05-06,193.7669493839424,194.6788201649814,190.72456698213665,190.8268280029297,3321100.0
2020-05-07,193.03400650955965,197.39732883622833,192.95731076060588,195.5395050048828,4501300.0
2020-05-08,198.3091892008736,200.73799198135424,196.98826160102777,199.78350830078125,4365200.0
2020-05-11,197.51669047708972,203.48215972614005,197.0735376918411,201.59877014160156,4378300.0
2020-05-12,203.3115917000955,203.8910878186902,198.47955322265625,198.47955322265625,4399600.0
2020-05-13,198.5989457151105,201.37715770072083,194.76400200817048,196.0934600830078,6237200.0
2020-05-14,192.91470493626127,199.97953060600068,192.7698308482232,199.8261260986328,6434500.0
2020-05-15,198.38590666603585,207.28297874674277,198.3092109076099,203.95936584472656,16176300.0
2020-05-18,209.50721979698847,211.62070911748725,207.97323980749334,209.0896453857422,8314800.0
2020-05-19,204.91381778595255,206.6267675887755,202.65546730423068,202.9111328125,9387000.0
2020-05-20,206.23474025017265,206.4648405022281,200.22665947272554,202.98782348632812,7534200.0
2020-05-21,202.5020765895358,205.53594121828212,200.94253118693416,205.28028869628906,4772700.0
2020-05-22,205.1268778298594,206.52450125614388,203.3883757156767,206.1324920654297,3041800.0
2020-05-26,211.47585736722505,211.53551829519316,206.29443320935283,206.64382934570312,4535200.0
2020-05-27,206.82276423970617,210.82814703658642,205.19504067000207,210.80258178710938,4664800.0
2020-05-28,212.64337304359395,214.95285410346875,208.30561568460035,208.9106903076172,5259300.0
2020-05-29,208.84249412666625,212.80527678958106,208.56126338256104,211.75704956054688,5341600.0
2020-06-01,212.54958245427986,212.86489581987712,209.5327534295424,210.74288940429688,3407800.0
2020-06-02,211.88489100093815,215.37042537421968,210.49578510002925,215.36190795898438,5301000.0
2020-06-03,215.8677107510129,216.75072693794064,214.65891702980105,215.18186950683594,4638100.0
2020-06-04,214.12742945813878,216.18494042814632,212.15564048110235,213.4244384765625,4759400.0
2020-06-05,216.33067826449877,219.33980406434193,214.65038070159514,218.52536010742188,5054300.0
2020-06-08,216.45921132887352,220.162732478566,216.26202333879718,220.12843322753906,3811900.0
2020-06-09,218.89399063164063,221.43159951915223,217.63376100282483,220.11993408203125,3716100.0
2020-06-10,220.71144951071628,222.28887518395211,217.94236668715544,218.13954162597656,3589800.0
2020-06-11,213.3472723623991,214.85611278064763,204.67141706513388,205.2972412109375,6563700.0
2020-06-12,208.38350833952765,211.22973195168575,203.22256880476604,207.8519744873047,5238500.0
2020-06-15,203.71121074700207,207.65478802183802,200.87355556609774,206.91751098632812,6250900.0
2020-06-16,213.81019108175607,215.73911225941106,208.21203422155747,214.28170776367188,5291600.0
2020-06-17,216.69931023248978,218.28530435051238,214.3931755498788,215.0532989501953,4234000.0
2020-06-18,213.7759436619326,215.82488644996178,211.86417176648067,213.64735412597656,3347800.0
2020-06-19,216.982205986113,218.0109613346992,211.22116033642948,211.45262145996094,11114600.0
2020-06-22,210.63820360029933,214.37602495832778,210.4753148195318,213.60446166992188,3815200.0
2020-06-23,216.89648193804607,217.27369530399534,214.43603986651507,214.59034729003906,3105300.0
2020-06-24,212.44709081046258,214.5731869435029,208.09201385250324,211.0068359375,3873000.0
2020-06-25,209.86664172284245,211.1954568007728,207.6376607481635,210.36387634277344,2938400.0
2020-06-26,210.33811571943838,210.98108936062516,205.96588972683531,206.617431640625,5002700.0
2020-06-29,208.0320156059487,211.3240380490176,206.04307720409392,210.99826049804688,3468300.0
2020-06-30,211.7526525935282,215.73908393816095,210.97250810234812,214.7617645263672,4524600.0
2020-07-01,214.02448793461625,214.60745750620066,211.69263581094305,212.73854064941406,3677300.0
2020-07-02,215.98775907558291,216.2963870201022,212.54141587534005,213.0386505126953,3369800.0
2020-07-06,214.55608343563674,215.61055685010172,211.78700006627628,213.93882751464844,3133800.0
2020-07-07,212.06987092200623,214.99326119059768,211.81269190357708,212.052734375,2927800.0
2020-07-08,212.4985162337875,214.14452732875515,211.08397933257052,213.61300659179688,2294000.0
2020-07-09,214.03308802831629,214.76178370493272,211.19543286353135,212.57568359375,2994700.0
2020-07-10,212.85861019682466,214.6075062272873,211.44407309450108,214.4188995361328,2745300.0
2020-07-13,215.97061403393812,221.06295560470627,213.5444579621198,213.9988250732422,4437500.0
2020-07-14,213.46727052300847,221.3372624102383,213.00433521019113,221.0029296875,4614200.0
2020-07-15,223.01759090054264,224.00347870673377,218.73965462015818,221.01148986816406,4343700.0
2020-07-16,220.11994240829654,223.3262300063913,219.46838726155923,221.25155639648438,2511200.0
2020-07-17,222.92328324808693,223.45480402557433,220.94292620284517,223.2233428955078,3091300.0
2020-07-20,222.0745380109185,223.9263053037753,221.20007708329243,223.0432891845703,2451100.0
2020-07-21,224.28634424906122,226.21526514187883,223.51478112446696,224.97219848632812,2439900.0
2020-07-22,225.11792896408005,227.6898235385528,224.61212617062014,227.32977294921875,2750000.0
2020-07-23,229.58446051691678,229.58446051691678,224.4406710251621,226.16384887695312,2680100.0
2020-07-24,227.21835271630118,228.80435983146728,225.4608754730805,227.44981384277344,2984500.0
2020-07-27,227.26117804087434,230.33887545753402,227.26117804087434,229.25869750976562,2412500.0
2020-07-28,230.23604029430135,230.6732708201294,226.90116335343703,227.42410278320312,2227000.0
2020-07-29,227.01258628606624,228.99294332634247,226.47251031726523,226.892578125,2874100.0
2020-07-30,225.76092150036203,229.1986959079813,224.22635028362757,228.30709838867188,2347800.0
2020-07-31,227.18407339622067,229.04442241447424,223.4205209052731,227.60414123535156,3640600.0
2020-08-03,228.66719323176997,230.25317421388493,227.75845909398078,228.19566345214844,2363500.0
2020-08-04,228.581443981282,229.66164818329472,226.18957446082555,229.6444854736328,2224000.0
2020-08-05,230.0903559527018,230.0903559527018,227.94710971220644,229.31021118164062,1959900.0
2020-08-06,228.55577365195575,231.84779658419262,228.49575648098124,230.93048095703125,2203400.0
2020-08-07,231.9934683010274,235.6884478509021,231.30764016187652,232.8765106201172,2846300.0
2020-08-10,233.54523186118774,235.75705012900517,233.01368489879974,235.5255889892578,2393100.0
2020-08-11,238.0632144253917,239.5034695771485,235.251276487959,235.68850708007812,3321300.0
2020-08-12,239.82925705224545,242.589759288058,237.43738689496922,241.39810180664062,3867900.0
2020-08-13,241.0380255970166,242.31539186382102,239.82065033565587,241.4666748046875,2202400.0
2020-08-14,241.0208436413468,241.7581075815653,239.3491015813013,240.5150146484375,2490400.0
2020-08-17,243.8155983514828,247.94778187832446,243.1040523701763,247.1076202392578,5584400.0
2020-08-18,247.67350618425235,249.11376123847603,242.6497500441609,244.33004760742188,6934300.0
2020-08-19,246.4389693763964,246.87619989455064,241.6981106818548,242.49539184570312,4986800.0
2020-08-20,240.50648719653597,241.68098175372998,239.5634537760143,240.62649536132812,3530000.0
2020-08-21,240.017821065964,243.08693765979234,238.6890190831618,242.8126220703125,5519100.0
2020-08-24,244.321438342073,245.91602681205327,241.68955239948818,245.83029174804688,4430900.0
2020-08-25,246.27607354855058,246.45612502890984,243.3784272673546,245.29876708984375,2854500.0
2020-08-26,246.67045046672686,250.43397641728308,245.41877610557185,250.27108764648438,4001900.0
2020-08-27,250.51972985844967,251.14556708493882,245.66741796156975,247.44203186035156,3430900.0
2020-08-28,247.167692159536,247.6134778955352,244.13284858948063,245.4359588623047,3100100.0
2020-08-31,244.3300501028298,245.77888652803225,242.50400027919173,244.36434936523438,4105400.0
2020-09-01,243.49840630018886,245.7702412939304,243.04403930144056,245.13584899902344,3235100.0
2020-09-02,245.48920024480964,248.23840555054946,244.41192626295654,247.5144805908203,3464600.0
2020-09-03,247.60064630829157,247.94539502973026,234.56134386961742,236.68141174316406,5380100.0
2020-09-04,237.4742641270814,238.52568457692837,228.09769355707365,232.39816284179688,5253500.0
2020-09-08,230.2005645858651,233.58753477627616,226.49475172997015,232.05349731445312,5241200.0
2020-09-09,234.81124577209727,241.08528833319704,234.19936152015958,238.75839233398438,4754700.0
2020-09-10,239.59441681166086,242.15402144965282,233.6995753455122,235.01815795898438,3156300.0
2020-09-11,236.12127571310128,239.5685531237863,235.67311281730298,238.1465301513672,3729200.0
2020-09-14,240.05974218133682,243.42945861353317,239.60297902969384,241.86956787109375,3055800.0
2020-09-15,243.9293148091827,247.0835762511857,243.36051097859513,246.11831665039062,4174900.0
2020-09-16,246.14418085202206,246.98014656800197,241.8954183051071,242.7141571044922,3379100.0
2020-09-17,239.5082440448149,243.65359345267322,238.68950505546982,241.27496337890625,3166600.0
2020-09-18,239.93904459594995,241.16281291721674,233.38921456321143,237.1639862060547,6072900.0
2020-09-21,234.30280896684093,235.19048179413343,229.70069705926866,234.71649169921875,3548000.0
2020-09-22,234.13909912339386,235.7248437367566,233.2341992317421,235.5438690185547,2972000.0
2020-09-23,237.36228537982825,238.3964527690375,228.11495473682913,229.71792602539062,4467600.0
2020-09-24,228.9939671286644,232.43264354392414,227.41684960033788,228.98536682128906,3095600.0
2020-09-25,227.68403937356683,232.82047495623084,227.4513576344729,231.44155883789062,2457700.0
2020-09-28,234.35451155536157,236.32808507964228,232.94974191452303,234.69923400878906,3061100.0
2020-09-29,235.62133652196303,236.00053902975944,233.64776342010882,234.50958251953125,2048900.0
2020-09-30,235.6903669044547,241.24048566014136,234.86300138638396,239.33584594726562,4778800.0
2020-10-01,240.82677234566324,241.30938901965163,237.73284440680905,239.2582550048828,2696900.0
2020-10-02,236.94856091630055,242.24011685918705,236.22463598114834,240.71470642089844,2943600.0
2020-10-05,242.10232209582688,243.39505122079242,241.05090135549594,243.1192626953125,2330700.0
2020-10-06,243.4639662817576,243.89487595659256,237.66391259024874,238.26719665527344,2992500.0
2020-10-07,242.04195093292626,244.75667641472265,241.30939928212092,243.71388244628906,3423700.0
2020-10-08,244.61881835609208,245.57545157822068,242.3177752580789,245.20484924316406,2256200.0
2020-10-09,246.0235782313848,247.58346919733967,244.8342632848247,246.41140747070312,2240100.0
2020-10-12,247.67831600238813,248.4884021268767,246.5320813516475,247.26463317871094,2411900.0
2020-10-13,246.22182900266853,250.5912336543826,246.22182900266853,250.23788452148438,2699900.0
2020-10-14,249.5053379898953,250.18615636600796,245.74779180366184,247.4197235107422,2221000.0
2020-10-15,244.86004686325634,250.1430023351455,243.99822773376403,247.80747985839844,2699400.0
2020-10-16,248.41943524180826,252.2114352377564,247.5576158654273,247.9109649658203,3108600.0
2020-10-19,249.72074029165253,250.02235597172862,244.22232957690625,244.5239715576172,2428100.0
2020-10-20,245.73913849053324,249.74659249700503,244.86869268524094,246.5147705078125,2281500.0
2020-10-21,245.9546179461483,248.22118056925277,244.13616558160396,245.1962127685547,2304500.0
2020-10-22,244.696357901504,246.20454174038647,241.86959152979557,242.3091278076172,2787000.0
2020-10-23,243.36054317441247,244.05861471779647,240.9215797766214,243.89486694335938,1750600.0
2020-10-26,240.99914572125016,242.62797041408413,234.41483408085037,237.89659118652344,2911900.0
2020-10-27,238.71532720936466,241.07673005215145,237.96554860222352,238.5860595703125,3014100.0
2020-10-28,232.90665328910856,235.8540867087475,231.56221735752206,232.44989013671875,3255900.0
2020-10-29,232.42405202529818,235.87995587768543,230.37291785756625,232.37234497070312,2872500.0
2020-10-30,231.67430287285907,232.36374788882955,225.82254164495208,229.85585021972656,3872800.0
2020-11-02,232.82052442006017,236.8107527718583,231.41575447670388,233.32899475097656,2956400.0
2020-11-03,236.87107122439662,240.90437977021168,235.8972110783656,239.0428466796875,3037500.0
2020-11-04,238.5171136222942,247.37661481596393,237.8707491588437,243.65354919433594,3525300.0
2020-11-05,248.50565344610774,249.06583085052173,244.82566741739237,246.35110473632812,2516600.0
2020-11-06,247.10943345160592,247.15251389218315,243.76557068299263,244.96348571777344,2839100.0
2020-11-09,248.1867661947417,248.5659688438297,232.23448030437947,232.66539001464844,7856400.0
2020-11-10,235.09570517593232,237.68116319651688,232.04485734746362,237.49156188964844,4828500.0
2020-11-11,238.99977002753923,242.7659167188893,238.0086829457063,239.37034606933594,2987900.0
2020-11-12,243.89487697076126,244.4895344285574,236.0006085388818,238.0689697265625,3818600.0
2020-11-13,238.22413409643823,241.07675425399952,237.22442041967528,238.87049865722656,3939200.0
2020-11-16,240.60270536403772,242.42115775960698,238.2068487670203,240.93882751464844,5360200.0
2020-11-17,234.50106206301004,235.7334574826759,232.17413918197545,234.81993103027344,8532200.0
2020-11-18,233.12206231680037,237.32774365653162,231.8293336902747,232.5446319580078,5122200.0
2020-11-19,233.05313540180677,234.74229349397874,231.57080547992427,233.49264526367188,3929400.0
2020-11-20,233.9409235185227,234.73378276311564,231.7174143877466,232.52752685546875,4111000.0
2020-11-23,232.69985089422298,235.87133978713274,232.3033950571298,233.89776611328125,3294200.0
2020-11-24,236.13852653614597,237.4743361477542,234.90613104922457,235.5438690185547,4773400.0
2020-11-25,235.69031701783126,236.77619129192183,233.7339706617397,236.10397338867188,3001700.0
2020-11-27,237.20715110805773,238.36198588891787,236.4487458667431,237.853515625,1625300.0
2020-11-30,237.18994488476545,239.37897360398898,234.34595128232746,239.07733154296875,4624100.0
2020-12-01,240.2149060251166,240.4045073255636,237.4743006276304,238.3792266845703,3942400.0
2020-12-02,237.4000505860676,237.52134941294352,233.58737485898203,234.91314697265625,4168600.0
2020-12-03,234.50588904956,235.6323524410665,231.4817481637747,232.3482666015625,4168900.0
2020-12-04,231.7676446131526,232.85946610429437,227.73833991380266,228.7521514892578,7732800.0
2020-12-07,228.3275905662298,229.1941089365001,226.161294640554,227.5823974609375,6379000.0
2020-12-08,226.78518676757812,227.46107003219785,224.19430532720952,226.78518676757812,5338100.0
2020-12-09,229.28941994623708,230.29458445832907,227.24444922594304,230.12994384765625,4550100.0
2020-12-10,228.83013964450308,230.55452903301995,227.12309754606684,229.46270751953125,4234300.0
2020-12-11,228.20625258035824,229.93928922429427,227.59103197609232,229.23741149902344,3454500.0
2020-12-14,230.6152184776686,232.74684632632352,229.8613252605675,230.12994384765625,4576800.0
2020-12-15,231.80233004820548,232.88547797532087,230.66719313611182,232.2095947265625,3754100.0
2020-12-16,232.68619836888038,234.60987038604017,231.80235906955355,233.60470581054688,4669600.0
2020-12-17,235.831673849443,237.71200415162136,235.08645420207586,237.4000701904297,4247000.0
2020-12-18,237.93727152473826,238.93376234249877,234.21990038372826,234.3498992919922,9817000.0
2020-12-21,232.71219183929526,235.6497020656017,230.38992874961733,234.8178253173828,4339000.0
2020-12-22,234.01194975385906,235.13841306141657,232.66885685299874,233.99462890625,3140100.0
2020-12-23,234.01203983294081,234.8265695328224,232.4003277315064,233.79541015625,2337100.0
2020-12-24,233.4747300813815,235.13843067389868,233.44006193952453,234.75718688964844,1093900.0
2020-12-28,235.84035000646574,235.90965985056417,233.3014307230877,233.3101043701172,2633800.0
2020-12-29,233.9426664889365,234.35857843112717,229.68805761997666,230.65855407714844,2572100.0
2020-12-30,230.5892417902694,231.62040099434782,229.55810903023888,229.85272216796875,2511400.0
2020-12-31,230.12131173019694,230.45059297312713,228.39692202812233,230.1646270751953,2607900.0
2021-01-04,230.50260996755352,230.87520660074728,226.21333252984638,228.69158935546875,5002000.0
2021-01-05,227.59976260804112,230.95318512264387,227.25316048127948,230.53724670410156,3822600.0
2021-01-06,228.81285148838376,233.76066425400654,226.91517403622254,231.85433959960938,3949200.0
2021-01-07,231.317092303083,232.9028093043689,230.6412090239057,230.7191925048828,3833200.0
2021-01-08,231.66371410513312,234.59255071246292,231.36042735724166,233.17144775390625,3757700.0
2021-01-11,231.76779019360387,236.88024595052295,231.58582864546437,235.02590942382812,3764400.0
2021-01-12,234.9218402992151,240.84017702864435,234.52324915544466,239.445068359375,4030900.0
2021-01-13,241.16075274663226,243.04110945782998,237.3740712720001,237.46937561035156,3921400.0
2021-01-14,237.85936438960007,238.20596655345253,231.94105377077094,232.5216064453125,4641400.0
2021-01-15,232.7728715822879,239.4970636822699,232.22696068991718,238.8038330078125,5131700.0
2021-01-19,240.8920717301039,240.8920717301039,236.57680135695549,236.72412109375,3615800.0
2021-01-20,236.77615562663837,240.20756112727054,235.25974840853547,237.6859893798828,3498400.0
2021-01-21,239.34970556272728,243.2317173857547,238.87313103616003,241.80194091796875,4397900.0
2021-01-22,241.98395843819625,247.02707587871834,240.77948506158108,246.09124755859375,4501900.0
2021-01-25,245.961237932256,247.62493834880132,243.8556046969215,247.02703857421875,4025900.0
2021-01-26,247.32170110401813,247.52098341806774,244.09825149736935,244.87811279296875,2472200.0
2021-01-27,242.6164974265011,243.32704891692936,236.62885163851448,237.46937561035156,4337000.0
2021-01-28,239.30645308695813,245.19009533361066,238.23195204239858,240.93548583984375,3463000.0
2021-01-29,238.99446635610707,240.07761448557858,233.98599046319262,234.67054748535156,4079500.0
2021-02-01,235.02579439686872,236.25623571225202,231.57704165609186,234.0206298828125,3707800.0
2021-02-02,233.95995173432482,238.89044320306408,233.9512780888341,235.83163452148438,4111800.0
2021-02-03,235.59773360329794,238.9164879066643,234.57522165002052,237.57339477539062,2802700.0
2021-02-04,237.64271081448726,242.13994417568904,237.64271081448726,241.6027069091797,2976000.0
2021-02-05,242.87648595458722,244.15026925027723,240.7275104823074,241.63734436035156,2389900.0
2021-02-08,242.35660143420492,242.98916956360446,239.93035981084432,242.65121459960938,3475600.0
2021-02-09,242.33060654851246,242.79853401943677,239.69638247300375,239.82635498046875,2507800.0
2021-02-10,240.91808497576798,241.69794616694475,239.37568343978185,241.489990234375,2410600.0
2021-02-11,240.83145773551968,242.84178681324707,239.167757180468,240.0775909423828,2595300.0
2021-02-12,240.12958966556943,241.50735083370878,239.66166229622476,240.46754455566406,2392200.0
2021-02-16,240.0342793104337,241.4380349392268,238.18859081922653,238.63052368164062,2873500.0
2021-02-17,238.7605049727144,244.176245372665,238.63917969461394,243.42237854003906,3536400.0
2021-02-18,243.31838452007557,246.68048053523637,242.47786051628538,245.26805114746094,3532000.0
2021-02-19,245.11208553050432,246.0132721809645,242.13993340186727,242.31324768066406,4079900.0
2021-02-22,241.07409995680345,241.31672407448866,237.10545693665705,239.0291290283203,3995500.0
2021-02-23,233.42276751197278,233.67406529180332,223.19783291841213,231.5684051513672,12111000.0
2021-02-24,228.0936882913876,231.35178006964853,220.12170702388485,225.26882934570312,14512700.0
2021-02-25,225.07818153672775,226.07467252806188,220.7109340918766,221.17884826660156,6545400.0
2021-02-26,223.3624471647094,225.50274875399492,221.92402339129077,223.8563690185547,7871200.0
2021-03-01,224.26364778607166,227.44378227272819,223.96903467340783,226.6985626220703,4528900.0
2021-03-02,226.75052836701246,227.98964333135785,225.09547505117555,225.54608154296875,3740300.0
2021-03-03,224.67091403326205,225.7280676535472,221.8374080781585,223.00718688964844,4257500.0
2021-03-04,221.82870994788186,222.57390307722244,214.11670149240862,217.43545532226562,7154900.0
2021-03-05,218.58794207169146,220.26899000047652,213.6747839876163,219.6797637939453,6351800.0
2021-03-08,220.29497827216315,228.09365741783293,218.81323915100242,224.4542694091797,5037400.0
2021-03-09,227.6604083866654,231.85435463109155,226.84587890489203,229.5927276611328,6625300.0
2021-03-10,231.86856444327537,234.33616707102306,230.264155733998,232.14756774902344,3798400.0
2021-03-11,234.2053374924716,236.10617855263786,232.98461509648195,234.42332458496094,4371300.0
2021-03-12,233.202601657184,238.74818050478507,232.60095515450527,238.1291046142578,4190500.0
2021-03-15,239.34983385921575,243.8403627608533,239.2103189231766,242.8725128173828,4355200.0
2021-03-16,242.8725348251887,246.34287271327042,242.09648791247847,245.95921325683594,4458900.0
2021-03-17,245.13966030190377,247.5287911274291,243.49166455336913,244.17178344726562,5908400.0
2021-03-18,243.2997583138428,248.91510807691262,242.19239343752352,246.90090942382812,4808100.0
2021-03-19,247.31943091827773,252.08026123046875,246.26435430630224,252.08026123046875,13729200.0
2021-03-22,249.8132243488742,253.1527751161711,247.8077536105685,251.94078063964844,5564700.0
2021-03-23,252.5250129264665,255.85586285471237,251.9408222852414,252.84765625,4801200.0
2021-03-24,252.21978720404164,258.77682918969964,251.98434412026387,255.26287841796875,4842000.0
2021-03-25,255.50699984462682,259.7359542653336,255.00998294564954,259.1255798339844,5373500.0
2021-03-26,259.26513939999097,265.07231905670636,258.12288910125716,264.9066467285156,5865900.0
2021-03-29,264.46192953478135,266.42381336400007,261.5234677903564,263.5028076171875,4642900.0
2021-03-30,263.0232650065976,266.53721646806196,261.61944066597425,265.787353515625,5045400.0
2021-03-31,266.3802490734253,268.5775495681036,265.19441196479875,266.1622619628906,4744100.0
2021-04-01,267.58354168267243,269.0396806768692,264.97642436065536,268.3421325683594,3923900.0
2021-04-05,270.16454132906387,275.4049607420004,270.0773411502434,275.0125732421875,4697200.0
2021-04-06,273.45167164338886,275.4833259207908,273.0331535232189,273.59991455078125,3988600.0
2021-04-07,272.78031926942555,274.7858164450452,271.11489472379543,272.45770263671875,3799300.0
2021-04-08,272.65829424046325,274.8817521708215,270.8184691517476,274.166748046875,4035600.0
2021-04-09,274.98631668280564,278.43052293096196,274.4457130227353,278.35205078125,4607800.0
2021-04-12,277.03539281983984,280.16568377372425,276.6778908522154,279.7122802734375,3556800.0
2021-04-13,279.48561096403165,279.80822760451673,276.4076342713933,279.37225341796875,3635100.0
2021-04-14,278.77062219057143,281.37776606365185,278.4044187552618,279.0409240722656,3440600.0
2021-04-15,279.2066299856022,281.98814791158435,279.06711502830836,281.41265869140625,3508200.0
2021-04-16,283.24374307596497,286.58332067971503,282.45899476030314,286.06884765625,6213100.0
2021-04-19,284.6824531156885,286.7228093828874,283.7669178478866,284.9963684082031,4494300.0
2021-04-20,284.25522289485366,285.7288180502978,280.9069437079134,282.4764404296875,4462900.0
2021-04-21,283.34830097388163,285.92055900162126,282.4153365529831,284.2115478515625,3740100.0
2021-04-22,284.42968592778976,284.6302171051294,278.0121294478882,280.296630859375,4875000.0
2021-04-23,280.9330822171381,283.8453869400887,278.6572828527967,282.4154052734375,3405700.0
2021-04-26,282.2322932232499,282.51132313861746,278.430610412957,279.0148010253906,2848500.0
2021-04-27,279.4594916960754,281.1772312897676,279.3548621345926,279.5379638671875,3335800.0
2021-04-28,280.7238124941238,281.6044623288856,278.4131278272143,278.7706298828125,2713400.0
2021-04-29,280.5145105701083,284.072074921463,279.9651788239614,283.6796875,3261900.0
2021-04-30,283.42683830856527,284.106957047845,280.42733345590705,282.22357177734375,3118700.0
2021-05-03,284.49926759481303,289.15546795270416,283.976093334542,287.97833251953125,3683700.0
2021-05-04,286.97568795371114,290.55941014940254,286.76642882745415,290.1582946777344,3954400.0
2021-05-05,291.4488151128236,291.4488151128236,288.7544971730145,289.530517578125,3227200.0
2021-05-06,290.9430608192843,294.5529136867982,290.5594013595816,294.35235595703125,3539600.0
2021-05-07,293.56758836612886,296.29679118486104,292.5648530026652,295.8085021972656,2998100.0
2021-05-10,296.8548658258607,301.4238672715364,296.06138952881116,297.4390563964844,4840600.0
2021-05-11,294.3262236608777,294.7186111539504,286.18222736239807,288.3185119628906,5500900.0
2021-05-12,284.70859332768725,286.69663469447556,275.7711218717311,276.40765380859375,5822000.0
2021-05-13,278.15153043181596,285.49334742611296,277.8812285655057,283.74945068359375,5159800.0
2021-05-14,284.50807633013875,285.4061821980658,280.6453243492823,282.1886901855469,3998000.0
2021-05-17,279.89541638407,281.49107013366984,274.9340282140894,279.0321960449219,4388000.0
2021-05-18,279.0234683307024,282.9995506256348,274.4718969391678,276.18963623046875,7010300.0
2021-05-19,272.0478894492162,274.44574744916923,269.4930871301523,274.1841735839844,5242100.0
2021-05-20,274.5678365640465,278.77060750794493,274.5678365640465,275.448486328125,3854700.0
2021-05-21,276.4075889102227,278.3956298102344,274.1841315676202,275.3350830078125,3920600.0
2021-05-24,276.26812775635915,277.92482439377,274.30624385711525,274.52423095703125,2930600.0
2021-05-25,275.12585819306787,276.49482347090577,274.0097653841351,276.18963623046875,3523300.0
2021-05-26,277.1138877821272,280.2267496071947,276.1285819431213,276.6953430175781,2881600.0
2021-05-27,276.66925390225623,279.38102762820023,276.66925390225623,277.9510192871094,3734800.0
2021-05-28,279.3460962570499,280.34013017586426,278.0207443083834,278.07305908203125,3194000.0
2021-06-01,279.5990116029436,280.12218602938526,274.8120228119794,275.8060302734375,3549800.0
2021-06-02,276.5247225771631,277.83950344891764,273.8337979731436,274.55255126953125,3380100.0
2021-06-03,272.5979864845823,274.2896653184985,271.44974630203444,272.9748840332031,2652500.0
2021-06-04,273.5708713713486,274.74543268536314,271.1516923533991,272.6067199707031,2638700.0
2021-06-07,272.703138154484,273.76372079821806,269.8632194145421,271.6863708496094,3974800.0
2021-06-08,272.83468446956243,273.728753017074,270.8274706211849,272.5103759765625,2913500.0
2021-06-09,272.9924378093841,274.33351368106526,269.0042517699248,269.3899230957031,3603700.0
2021-06-10,269.66160539546524,271.4146469085179,268.3380772426281,270.2401123046875,3286300.0
2021-06-11,271.08158109060105,272.80832815507296,270.275196925565,272.3963623046875,2785100.0
2021-06-14,270.7834798483473,271.7739523232382,268.4081167111868,271.1253356933594,3393500.0
2021-06-15,270.6257893292347,270.80110418398226,266.015281492144,268.60980224609375,5270600.0
2021-06-16,268.8201126726802,269.39861949520537,263.9817284514967,265.3929138183594,4492500.0
2021-06-17,265.6295551073887,267.5228427988847,262.9824725452904,265.69091796875,4481100.0
2021-06-18,262.29883016953335,266.3132833695248,261.5537821942982,265.2439270019531,8792700.0
2021-06-21,267.55793837989165,270.5994662186698,267.22485624059726,269.6177673339844,3774200.0
2021-06-22,270.95877867474735,276.02506594949284,270.23125170101184,274.0967102050781,4418400.0
2021-06-23,273.49191091547993,274.9294173443097,272.27356135623336,273.1851501464844,2564500.0
2021-06-24,274.4561433671024,275.9637599645165,273.18520446621466,273.3341979980469,2649200.0
2021-06-25,273.6847304523259,276.50712730637014,273.07992921579637,274.9031066894531,11733500.0
2021-06-28,274.9295532562482,276.3407390889533,272.9223128722094,275.4729919433594,2635400.0
2021-06-29,276.79644925937475,280.7495389972195,276.59483989054246,278.94390869140625,3150100.0
2021-06-30,278.6809665906839,280.74079538666075,278.46183643684145,279.513671875,3061500.0
2021-07-01,280.4076930015975,281.96789851419373,279.1717958133574,281.83642578125,2578000.0
2021-07-02,282.70425117941113,283.22139523898153,281.66996306027033,282.853271484375,2201600.0
2021-07-06,282.9671404670078,283.84366108850116,277.68172218937445,279.8379821777344,3109500.0
2021-07-07,279.16303973088844,284.36082726296956,278.952683344854,283.5368957519531,2939900.0
2021-07-08,279.6715252139505,280.77592333959797,275.9287639152222,279.20697021484375,3663000.0
2021-07-09,280.9599461268136,283.3878987795448,280.6443847725299,282.31854248046875,2587400.0
2021-07-12,281.4244649495363,283.9926637917755,280.95113635341687,282.01171875,2521800.0
2021-07-13,282.6253693837088,283.37041741486354,277.7080737775209,277.9009094238281,3213800.0
2021-07-14,279.391012658361,280.5392527978919,278.74239580835524,279.802978515625,3381600.0
2021-07-15,278.1901557537868,283.08112969594106,278.1726082195034,282.86199951171875,2603900.0
2021-07-16,283.9926588493808,285.99112463797917,281.7137000643129,281.83642578125,3623700.0
2021-07-19,278.72478184637527,279.61007622743125,276.0251101214516,279.4961242675781,3752600.0
2021-07-20,279.1718231539445,285.85967990059527,278.97021377749655,285.1759948730469,4251700.0
2021-07-21,287.1482444080966,287.9108132905437,284.84299022368214,286.06134033203125,2832600.0
2021-07-22,287.4462253080221,287.4725198613201,285.15849217393287,286.32427978515625,2208100.0
2021-07-23,288.7873095981605,292.2758720185761,287.4462338415679,291.7411804199219,2786400.0
2021-07-26,289.3132380441805,290.6192455268228,286.5171344442992,290.2861633300781,2752000.0
2021-07-27,290.8208580765796,290.89974174255826,285.7983840149276,286.8502197265625,2910300.0
2021-07-28,286.11384104242944,288.6644922263725,284.61497168780284,285.324951171875,2376200.0
2021-07-29,286.17530525969386,287.98970997535713,285.254968997758,286.9992370605469,2172400.0
2021-07-30,286.4908096548088,289.3482490820396,286.0437755169557,287.66534423828125,2381200.0
2021-08-02,289.25185115755926,289.25185115755926,286.1139186025683,286.81512451171875,2016400.0
2021-08-03,287.80559473057946,291.89018465136434,287.52510166965993,290.9523010253906,2405900.0
2021-08-04,289.85658062151606,290.9347105195832,288.7171146148701,289.52349853515625,1783700.0
2021-08-05,290.9698202096912,294.51097152376633,290.2072514383108,291.9778137207031,2284000.0
2021-08-06,293.3627647635337,294.25680639876776,288.4805372202356,289.11163330078125,2656600.0
2021-08-09,288.57691329961335,290.18970814198,286.90275558977635,288.1649475097656,1995300.0
2021-08-10,288.0859303641273,292.09160768878843,286.7536024274685,290.5489501953125,1868100.0
2021-08-11,292.58260469476335,296.7460781013654,292.23200175774946,295.3874816894531,3258600.0
2021-08-12,295.6942807409965,296.4130341767466,291.25031411297624,292.77545166015625,2554200.0
2021-08-13,292.6351565553722,294.33560867023374,290.1107996805633,290.4088134765625,2217000.0
2021-08-16,289.8741263802223,294.1866195948012,287.472468444261,293.67822265625,3496300.0
2021-08-17,281.3631731659197,283.633358798683,277.51523406395944,281.14404296875,9322800.0
2021-08-18,279.9081116246375,287.37605821206154,279.6100978024116,281.84521484375,4880600.0
2021-08-19,279.42604663131294,285.03577386561915,278.5582729326832,283.0285339355469,2974700.0
2021-08-20,282.8006776045547,288.9713646429352,282.65165730210543,288.585693359375,2929900.0
2021-08-23,289.2517885569601,289.71634338982255,286.9553089398177,287.2708435058594,2792700.0
2021-08-24,288.1650005706305,288.23511046830026,284.439786992196,284.7816162109375,2359500.0
2021-08-25,284.12419369564316,286.23661189769024,283.21260463247364,283.8875427246094,2586900.0
2021-08-26,283.3002688324869,284.86047472348076,281.3631654325502,281.7839050292969,2952300.0
2021-08-27,281.2579476642964,284.0365031176568,280.17981764573847,283.4492492675781,2985400.0
2021-08-30,285.6668686320626,288.813574780147,285.0532934335726,286.7099304199219,2926900.0
2021-08-31,286.62222618711024,287.7353976804797,283.6595823827218,285.9034729003906,4183100.0
2021-09-01,286.8109988981119,287.0048150006486,282.15943932252736,285.1195373535156,3339100.0
2021-09-02,286.3439442104635,289.1190162959503,285.1722566669144,288.73138427734375,3109000.0
2021-09-03,286.6082687718196,291.51531768256024,286.4585177202366,291.02197265625,2774800.0
2021-09-07,291.6298755434023,292.97776955673424,287.99143547933045,289.7974548339844,2555200.0
2021-09-08,289.7974023791103,292.4226967002447,288.63450625664643,292.1143493652344,2219500.0
2021-09-09,292.88088425209577,294.00853400561306,291.4889252043738,292.28179931640625,3011900.0
2021-09-10,294.24636101222563,295.32997255932776,291.9998800879542,292.44036865234375,3178600.0
2021-09-13,295.0833455961198,297.0214794474862,293.14518485946087,295.5238342285156,3908700.0
2021-09-14,296.03477733501387,297.32099656212205,292.85446244165706,293.47113037109375,2857200.0
2021-09-15,293.6824963234789,294.83660099281485,290.8105294240339,293.6913146972656,2875500.0
2021-09-16,294.8806849797599,297.6293295003577,294.3961582812368,296.3519287109375,3043800.0
2021-09-17,295.08331620672243,299.2238928076794,295.08331620672243,295.7176208496094,7098400.0
2021-09-20,292.3346231384534,295.47092639049055,289.3393063358072,291.7884216308594,4036600.0
2021-09-21,293.3918509914918,296.8629034895619,292.4844455040445,294.4402160644531,3171100.0
2021-09-22,295.87618892912496,298.6512616470172,293.7706405807158,295.9466552734375,2872800.0
2021-09-23,297.6292954363832,299.10933048803815,295.6559153675099,295.92901611328125,2426600.0
2021-09-24,296.6954671549831,297.62930073170986,295.6118556414812,297.3209533691406,2004900.0
2021-09-27,296.7747702462952,302.8270790064958,296.7747702462952,300.7744140625,2966100.0
2021-09-28,300.73913213497246,300.73913213497246,292.88962337031865,294.07012939453125,3304100.0
2021-09-29,293.682511519179,298.5455222907411,293.682511519179,296.8276062011719,2424000.0
2021-09-30,297.98167872327696,298.39573902599295,288.63452481608454,289.1895446777344,4255000.0
2021-10-01,289.09262727717817,293.1275174131048,285.9475326072001,290.5990905761719,2814200.0
2021-10-04,289.40099239383466,291.2598412665246,285.57755480731663,287.61260986328125,2919900.0
2021-10-05,287.99143757694117,292.6518144325271,287.4892741269684,290.2643737792969,2514300.0
2021-10-06,289.1015084423801,291.2951332739602,286.67000253778036,291.0396423339844,2226800.0
2021-10-07,293.80589589317583,298.84508654732497,293.2420575808252,297.31219482421875,2789500.0
2021-10-08,293.3653314868589,295.48848921424405,291.4976646090684,294.54583740234375,2912200.0
2021-10-11,295.6558892869114,300.28981006739053,294.7749122788367,296.8628234863281,2589100.0
2021-10-12,298.77468007089965,300.45732319926327,297.2417611553289,297.5941467285156,2960300.0
2021-10-13,297.1712371846851,299.7436755670169,296.4928675303823,298.0169677734375,2477400.0
2021-10-14,299.999098791271,303.38204726822914,299.6202851311423,303.1001281738281,2824300.0
2021-10-15,305.2937788102128,309.1788906281105,304.59779944845235,308.7031555175781,3473500.0
2021-10-18,307.4609655076847,313.583766262596,307.4609655076847,312.7556457519531,3487500.0
2021-10-19,314.45596625023603,315.46908453181675,312.23591365088004,315.3809814453125,2375600.0
2021-10-20,315.16080163271556,316.7730051011029,313.8129074779011,315.5924987792969,2574800.0
2021-10-21,315.56600492144247,321.424497202712,315.49551169836343,321.22186279296875,2885400.0
2021-10-22,321.5566437584009,323.3450262085498,319.04585362870927,322.4288024902344,2734700.0
2021-10-25,323.4948592463385,327.4240102812979,322.4288574088747,327.0716247558594,2923400.0
2021-10-26,328.94804045192774,329.52946165797914,325.1510045529243,325.2567443847656,2989500.0
2021-10-27,325.84699695374513,330.498554984583,325.35365192663255,328.0054016113281,2840300.0
2021-10-28,328.604456320285,329.4325769401189,326.7456075554218,327.34466552734375,2553500.0
2021-10-29,326.2522647601877,330.49858118798306,325.9879823623123,327.49444580078125,3820200.0
2021-11-01,328.6044342252863,329.10659758796504,321.2923355851113,322.8604736328125,3380500.0
2021-11-02,322.6138044099579,324.9836348101915,321.50376473073425,323.5740661621094,2367100.0
2021-11-03,322.99262456701484,325.3976747398726,321.7768719197175,325.0541076660156,2378800.0
2021-11-04,326.6487174043935,328.807122247391,325.44178297062444,327.882080078125,3210000.0
2021-11-05,329.31806096622284,329.8466526247343,323.8207722423962,324.5519714355469,3090200.0
2021-11-08,326.1552960843272,328.5251262929911,324.0673849595474,324.71929931640625,2357200.0
2021-11-09,325.6708697122976,329.3797763827183,324.8251122004052,326.5342102050781,2183300.0
2021-11-10,324.4197691657858,327.0274534688113,323.95285244714995,324.7104797363281,2161400.0
2021-11-11,326.84257693105883,327.72355422736894,322.2879124796063,323.8736877441406,2387300.0
2021-11-12,325.1862651716037,329.0449491987938,323.0543156301464,328.27850341796875,2793300.0
2021-11-15,329.8290843236251,330.2519361954885,325.33609498803344,326.91302490234375,3650600.0
2021-11-16,336.5332465662181,347.4397471832823,333.8903153104625,345.63372802734375,8648200.0
2021-11-17,346.07422981388555,351.8886841761188,344.29466571227795,347.85382080078125,4647000.0
2021-11-18,350.62891009048644,358.1524625735754,348.9462404866818,357.5445861816406,4503700.0
2021-11-19,359.11270571549505,361.2887202651165,356.01164906388277,360.0465393066406,3542000.0
2021-11-22,361.02444275474835,366.97985717971017,360.05538935117056,360.1346740722656,4006400.0
2021-11-23,357.3860564869608,360.9187570135412,355.04265375179295,359.7646789550781,3557000.0
2021-11-24,355.61520811485275,363.62328647321317,354.92804707409437,363.0594482421875,2676300.0
2021-11-26,358.7867542913109,364.8478812426982,354.3730502701112,354.7695007324219,3007800.0
2021-11-29,358.4695752249194,361.91419889881604,357.711947826791,358.39910888671875,3725500.0
2021-11-30,355.55360557863617,359.81753224812593,352.61114478592066,352.92828369140625,7773500.0
2021-12-01,355.68826466039724,362.9156273628696,354.0428831838633,354.2198181152344,3516200.0
2021-12-02,355.44943945472784,363.31373039505127,354.73289885118083,360.7217712402344,3705000.0
2021-12-03,362.5618054485064,367.94028751735027,357.78485898671767,360.7571716308594,5237500.0
2021-12-06,365.8083228645695,372.08028005741505,363.7737061604008,367.73681640625,4624500.0
2021-12-07,368.8868334444739,370.2668395825333,365.36603332499953,368.16143798828125,4204500.0
2021-12-08,368.1614051345181,371.4079747058474,361.17290759818985,363.80023193359375,4079400.0
2021-12-09,363.4021191108542,367.3386914432743,361.1817398392652,363.87982177734375,3822900.0
2021-12-10,364.6317500786419,367.65713726994477,362.924438880309,367.47137451171875,2625200.0
2021-12-13,367.47148494358066,368.4445732494188,357.83797820699624,358.4837341308594,3766400.0
2021-12-14,356.90024001048505,358.8729269368326,352.14980407066207,355.7944641113281,4662800.0
2021-12-15,354.3967465301775,360.86332179722416,353.30868032845643,360.7571716308594,4421400.0
2021-12-16,361.2791073337969,361.694880164353,352.18520714309744,353.4325256347656,4632800.0
2021-12-17,351.16788038039493,352.06135592632376,342.7197634934694,343.21514892578125,11097500.0
2021-12-20,339.9508240664683,345.15239699571424,336.9519475729125,344.4712219238281,4294800.0
2021-12-21,346.44397932561293,348.3282255743276,339.0219993313205,345.4178161621094,3038200.0
2021-12-22,345.88668016215564,350.106311017268,343.99357897993974,349.9913330078125,3267800.0
2021-12-23,352.33552476689374,353.7066758143756,349.0889554851627,351.25628662109375,2743900.0
2021-12-27,352.9990761011082,357.7848776586812,352.2648257512965,357.4664001464844,2228300.0
2021-12-28,358.26249286645884,360.05827162821515,356.50210648818194,359.3505859375,2521400.0
2021-12-29,359.49216031682374,364.7910296109789,359.43023038936917,363.43756103515625,2209300.0
2021-12-30,364.3310166043107,365.7375601847307,361.27906459251676,362.6413879394531,1804400.0
2021-12-31,362.6855911192865,368.4710174017287,362.5971506564779,367.12640380859375,2386100.0
2022-01-03,368.5063981826812,369.62985659046706,356.7321005282651,361.4913635253906,3715700.0
2022-01-04,361.49145697924666,365.887996442379,361.0933668203127,365.20684814453125,3266500.0
2022-01-05,366.2329433082242,366.4275609280057,359.87251877559254,360.2528991699219,4443200.0
2022-01-06,361.4206221690242,361.8717873538341,356.5198160521938,358.9436950683594,3315100.0
2022-01-07,356.82060885878417,357.4663917179544,347.54980077793726,348.195556640625,4520700.0
2022-01-10,342.70202135828674,342.8701014351035,336.9608421973233,342.7550964355469,6440000.0
2022-01-11,343.29479916570295,346.62980985160766,339.9774711770036,342.05633544921875,4385400.0
2022-01-12,343.489306113958,348.0539511947968,341.7996776967046,344.4712219238281,3623300.0
2022-01-13,347.2225183432958,348.81482498239274,341.33976843464006,342.33056640625,3466300.0
2022-01-14,337.3324494454384,337.93401212755947,328.6366385593209,329.0789489746094,6336200.0
2022-01-18,323.8597119771786,325.6200989026021,318.49005671646546,324.4081726074219,6435200.0
2022-01-19,324.8150091228281,326.1596498106605,317.9415162781659,318.189208984375,5175100.0
2022-01-20,319.6399588575669,320.0999788607521,308.7502811131522,309.24566650390625,5440600.0
2022-01-21,311.1387464848481,318.5430163012009,307.1225615570791,308.821044921875,7718400.0
2022-01-24,304.11488150786636,322.3380720293542,303.9644841211255,321.8338317871094,8584300.0
2022-01-25,316.8180181656287,319.808012961087,311.5545150707752,317.56109619140625,5536700.0
2022-01-26,318.463450869458,323.6827075816334,313.5538168004797,316.0572814941406,6103300.0
2022-01-27,318.8438109306343,322.1080632533305,313.07609407413224,315.3053283691406,3941000.0
2022-01-28,318.61384145059515,324.4080960924825,312.1295567632964,324.2488708496094,4551300.0
2022-01-31,322.71845337462156,325.01847243689076,320.41843431235236,324.6380920410156,4084600.0
2022-02-01,326.8408161996261,327.9200545502952,320.5600037325019,326.15966796875,3406800.0
2022-02-02,325.8765876768932,331.44085960780245,325.32812714568263,330.60931396484375,3839300.0
2022-02-03,327.47767709100106,329.1849882395984,321.294188207602,322.7184143066406,4009700.0
2022-02-04,321.55956302685286,322.59458092659924,313.3768231148903,318.1714782714844,3728100.0
2022-02-07,318.6934202820098,320.0557165441251,314.42954258728884,316.1191711425781,2809300.0
2022-02-08,316.1192093011962,321.09962811053856,313.8634103414498,319.7373046875,3225100.0
2022-02-09,323.1607998042543,325.06272899263,321.1173280581483,322.3292541503906,2777500.0
2022-02-10,317.43729226132035,321.1173176536228,312.1561055440172,314.1199645996094,4291800.0
2022-02-11,313.76613571186476,316.11037529808567,308.34340619951354,309.8738098144531,3308700.0
2022-02-14,307.8480058625417,312.1914967710421,306.81298775748303,310.99725341796875,3654300.0
2022-02-15,314.5357153238488,316.18112376667415,310.8380074957666,312.5010986328125,3552500.0
2022-02-16,310.94418736846495,312.14725860594604,305.8310806162055,309.6968688964844,3594900.0
2022-02-17,308.7237627913616,311.66070993113294,307.30839129909265,307.794921875,3927000.0
2022-02-18,308.19296815825373,310.1479720260661,304.3979384177546,306.84832763671875,5526100.0
2022-02-22,296.42756107131436,297.84295965720975,276.3112940456518,279.6905517578125,19752800.0
2022-02-23,282.4771214209458,283.432500010165,271.66705412353457,272.8612976074219,11026000.0
2022-02-24,265.38620267164237,277.2755067110504,264.7581295510007,277.09857177734375,8416700.0
2022-02-25,277.04547769117033,280.8139701494623,272.0827689999638,280.1151123046875,6510600.0
2022-02-28,276.8597075398402,279.6108646204819,274.65701090636963,279.38970947265625,5735100.0
2022-03-01,278.29284783502186,285.22827150801214,277.5586244663533,283.2998046875,5640900.0
2022-03-02,284.01637215021674,292.97758581295375,282.7955910396878,289.59832763671875,5645600.0
2022-03-03,291.2083107908985,292.5263870873514,285.58210870663135,286.9355773925781,3858400.0
2022-03-04,285.03364868785536,288.9702218845697,282.645188823964,286.8471374511719,3630900.0
2022-03-07,286.84703348171456,291.5709034076863,283.1758370461413,285.5289306640625,4670000.0
2022-03-08,282.85751104448474,290.5890884776307,279.4959626813305,280.1947937011719,5092500.0
2022-03-09,284.78685704554835,286.97614840445647,282.045795496617,282.29498291015625,4443600.0
2022-03-10,279.76757450067475,283.23843727475037,274.7749161856042,282.9536437988281,3895200.0
2022-03-11,284.1461654448615,286.3799716740594,281.43180081400726,281.93017578125,2973300.0
2022-03-14,287.3767231580544,288.3467754087895,281.4139857657798,283.327392578125,3604200.0
2022-03-15,285.0984091574872,293.84669534570975,285.08059259309607,292.3871765136719,3775300.0
2022-03-16,295.0926869533939,297.2019132669036,288.55150795427045,294.4964294433594,3942400.0
2022-03-17,292.9211104009785,299.3465881347656,291.7641474365278,299.3465881347656,3123200.0
2022-03-18,296.91709304871546,303.24468994140625,295.7423403832659,303.24468994140625,9409600.0
2022-03-21,300.84174998908736,303.200135923079,291.0877797286867,293.12579345703125,4521200.0
2022-03-22,293.08134153198506,294.84344319323355,288.3556608159875,293.44622802734375,4852800.0
2022-03-23,290.9276638143507,292.07571881368335,281.093625289396,282.16156005859375,5207700.0
2022-03-24,282.25055077606225,284.2529589471733,279.7141616607751,281.03131103515625,4599900.0
2022-03-25,283.43422138596924,283.71898769444454,274.374415910062,276.4925231933594,5176500.0
2022-03-28,276.7773456795458,279.75871480282984,275.2021274766967,279.6964111328125,3936600.0
2022-03-29,282.03694494260947,285.6768744451033,278.4860167830371,282.7489013671875,5306100.0
2022-03-30,278.65508917600886,280.5507064617336,272.41649416507937,274.51678466796875,7223800.0
2022-03-31,272.514340790044,274.0717690572158,265.9998614793559,266.39141845703125,11044600.0
2022-04-01,267.4326523311187,269.98683005613304,266.0087126439002,268.6697082519531,5554600.0
2022-04-04,268.31380528238395,272.7547204031605,266.60509873361696,271.9537353515625,4659500.0
2022-04-05,272.55892241292753,275.0864033664628,268.95457123655274,271.3129577636719,4376100.0
2022-04-06,265.2879230411378,267.5751246031442,262.52904421018127,265.68841552734375,6499900.0
2022-04-07,264.13100087292287,271.07267182961743,261.2831205443612,269.4351501464844,5241000.0
2022-04-08,268.2871121561944,277.9253861958504,268.1269260069096,276.8752136230469,5741900.0
2022-04-11,273.93828327206916,279.59843675179445,272.2651559720284,272.9682312011719,4100600.0
2022-04-12,275.38896776049444,278.8153159971596,271.5265482215005,272.5856018066406,4122600.0
2022-04-13,272.4254199808863,277.4003162164878,272.07834998735694,276.26116943359375,3185300.0
2022-04-14,276.62598541660657,277.88973933585885,270.8412510509281,271.0103454589844,4569200.0
2022-04-18,269.6576767503134,272.5856505480438,265.8486519076752,267.1746826171875,3192400.0
2022-04-19,267.5306342474925,274.2231451180014,266.81867771886,273.929443359375,3389700.0
2022-04-20,276.77725703596997,281.31605349962837,275.664808253671,280.4617004394531,4720800.0
2022-04-21,282.11707546876676,283.36301295693806,275.6559627780639,276.2077331542969,3014200.0
2022-04-22,275.72709237260193,275.72709237260193,266.79189678147145,267.0855712890625,4043200.0
2022-04-25,266.9877547393116,271.5799473799556,263.6681972113359,271.3841552734375,4396900.0
2022-04-26,268.99022406857847,273.7159062293386,266.73862791130375,266.95220947265625,3415200.0
2022-04-27,268.1447695528568,272.7013847190091,266.2046644836328,268.4117736816406,3446200.0
2022-04-28,271.21508179231444,279.927790465845,269.6665613862969,277.4537048339844,4149500.0
2022-04-29,274.24099671298427,277.41815844025433,266.72973684721643,267.34381103515625,4878200.0
2022-05-02,268.7587589712757,274.8104975759432,266.9076558621787,273.1907653808594,4233900.0
2022-05-03,272.0515964170418,274.9973588324304,269.6753936964137,271.40191650390625,3336600.0
2022-05-04,270.61878537601666,281.00462133561126,269.5953377135626,280.613037109375,4021300.0
2022-05-05,276.77730645400237,277.0976787239971,261.3899045452237,266.1956787109375,4959600.0
2022-05-06,263.69483782376193,264.095330232944,257.5630345066969,261.923828125,4325300.0
2022-05-09,258.3373793376398,267.6463458243508,256.7532529017796,264.3446044921875,5243600.0
2022-05-10,265.6172675265909,267.94007561883234,256.005717137866,259.1205749511719,4392900.0
2022-05-11,259.37861747031513,261.0517179380129,251.47577549686062,251.82284545898438,3880500.0
2022-05-12,250.58579225660483,260.91820445155463,249.74922852333867,257.812255859375,4447700.0
2022-05-13,258.0437102771097,266.47162594684295,256.7087713251524,263.45465087890625,3949100.0
2022-05-16,261.71915075117545,266.60504450258316,257.90124590445544,263.4189758300781,4267900.0
2022-05-17,272.7725150154185,276.7239363290139,258.88914503462945,267.833251953125,12425900.0
2022-05-18,260.7579780921494,262.9294801507194,250.2386565532495,253.79849243164062,7799500.0
2022-05-19,254.08337934230676,260.3130944225034,253.6027937172018,256.0946960449219,5211500.0
2022-05-20,257.92795335015035,258.53311902099773,248.82366196318137,255.5873565673828,5621800.0
2022-05-23,257.27828068963765,258.3907295980605,249.47334892552604,254.5550079345703,4305600.0
2022-05-24,252.7484386929209,257.48302864021383,249.7670696356134,256.2370910644531,4241900.0
2022-05-25,254.35919826921634,262.9739955026785,254.2257098413064,261.2652893066406,4612900.0
2022-05-26,264.6026284318533,271.998185885437,264.31783502064707,269.4884948730469,4170800.0
2022-05-27,270.1382009730582,274.55239063767453,268.4116780941894,274.51678466796875,3899300.0
2022-05-31,272.861498528204,273.99173694466333,267.72641651746744,269.4351501464844,5966600.0
2022-06-01,270.23219458646554,271.3427319364296,266.0140220916609,266.1573181152344,3080800.0
2022-06-02,267.60820830729455,274.0742958091693,264.99313049443924,273.9309997558594,4086400.0
2022-06-03,271.656154850177,276.2504826862595,270.3754825495039,273.2234191894531,2956600.0
2022-06-06,273.65337893486617,275.48930670945504,271.5845916515463,272.15777587890625,2562000.0
2022-06-07,264.2496721864965,270.8053203659602,262.04655437667924,270.2590026855469,3547800.0
2022-06-08,268.4768768004481,269.1933296158771,264.8049946267977,266.4618225097656,3003100.0
2022-06-09,266.66779708949423,274.83547887215417,266.3006061646303,268.5484924316406,4168400.0
2022-06-10,261.061494546845,265.53939325262274,258.50014960598395,259.0374755859375,4623900.0
2022-06-13,254.66702541191606,256.8701711092608,251.90865201525904,253.59234619140625,4704600.0
2022-06-14,253.63714052924686,256.47614044277003,247.70840678926035,249.57122802734375,3987000.0
2022-06-15,251.65791479625184,253.9774631155525,246.70535977268005,250.52053833007812,4050400.0
2022-06-16,246.21282443824808,247.27853931551346,241.56476282931783,244.90525817871094,6181000.0
2022-06-17,242.7020933053524,247.7352467345305,242.1558028193383,242.46029663085938,10775600.0
2022-06-21,245.11120133338736,245.31719449600146,239.49592665846652,241.09005737304688,5498400.0
2022-06-22,238.57351798505843,243.39171439034521,236.88982357438923,240.89306640625,4678400.0
2022-06-23,241.80652928992617,246.8128167462548,241.7080286375778,246.66058349609375,3747500.0
2022-06-24,248.49645145569497,253.8609640550678,245.31715507993258,253.44900512695312,10310700.0
2022-06-27,254.75655269277888,255.24017330538325,252.09668031983338,253.17138671875,2538600.0
2022-06-28,254.14761294270295,255.77757459954321,241.6453276503278,241.94085693359375,4052100.0
2022-06-29,243.22151480494736,247.32328499974014,240.74076895764958,245.27239990234375,2460500.0
2022-06-30,242.46031314673024,248.1114191265878,240.05120145670128,245.63064575195312,4058000.0
2022-07-01,246.93822978276773,251.43403057039595,245.88142484003257,249.9384002685547,2818300.0
2022-07-05,246.73222810686798,254.1028594970703,246.31130451921996,254.1028594970703,3241300.0
2022-07-06,255.23126131348306,256.06417124304477,251.22801878312399,253.96849060058594,2206100.0
2022-07-07,253.30582646863033,257.004575986752,252.06098456647945,256.7538146972656,3133900.0
2022-07-08,256.1268440584305,257.91800355914256,254.2640502032969,256.5567321777344,1891000.0
2022-07-11,255.4013754278459,259.3508846145758,255.36557192327783,256.48504638671875,2453200.0
2022-07-12,258.79568963914807,262.9780592295871,253.81626825807095,255.3477020263672,2696100.0
2022-07-13,252.2221096268212,259.5300430946213,250.54737999833173,257.19256591796875,2941600.0
2022-07-14,252.41913368164944,259.97782822979974,252.24000681653933,259.2524108886719,2822200.0
2022-07-15,264.0259122058808,264.59909646957,260.568986857394,261.87652587890625,2647200.0
2022-07-18,266.2110920388534,267.32160223031,261.5092981508669,262.44964599609375,2664000.0
2022-07-19,264.59005647444155,268.68286207290976,262.68246742902795,268.5216369628906,2614900.0
2022-07-20,269.50679430686165,271.9786030407642,267.13351355267736,270.7337341308594,2533400.0
2022-07-21,271.22627334147995,273.37565880447136,267.66185687813356,273.1517639160156,1965000.0
2022-07-22,275.5340826027204,278.229786527588,272.5786528850268,274.5758056640625,2391500.0
2022-07-25,274.76382296069454,275.32804250754236,272.10395033335595,274.18170166015625,1910500.0
2022-07-26,265.9871982348971,269.2471217967553,265.0110195412883,267.0439758300781,2690200.0
2022-07-27,267.0708066850798,268.9515294649334,261.3212004886082,267.6977233886719,3233700.0
2022-07-28,264.1959912310471,269.7843993844124,262.5570925313887,268.342529296875,3992100.0
2022-07-29,268.6739304194357,269.963567471923,266.37228385608705,269.5157775878906,3236000.0
2022-08-01,269.2471035030427,276.2415790171428,268.68288389944667,273.8861999511719,3303900.0
2022-08-02,273.50999323988134,273.698057295568,268.682833604462,269.3097229003906,3091000.0
2022-08-03,271.6741429713004,275.9012808010601,268.9784389760535,274.3787841796875,3329400.0
2022-08-04,272.7398359765103,277.6028269471294,272.6502725447634,275.09521484375,2718400.0
2022-08-05,273.4920747672601,277.43261913975283,272.70396042657796,277.3520202636719,2029100.0
2022-08-08,279.2954539609207,282.82403993593505,278.0237461749354,279.39398193359375,2505100.0
2022-08-09,276.6355974698361,277.59384687624953,271.6382479656843,273.33984375,2607000.0
2022-08-10,277.18194483309406,280.29857233949457,276.7789229954735,279.04473876953125,3863400.0
2022-08-11,281.0687822976905,281.76733350100693,277.25360331677,278.2477111816406,2444100.0
2022-08-12,279.9671463614445,282.0448977466689,277.7908943317706,282.00909423828125,2273800.0
2022-08-15,279.4567121187929,282.7882698734003,277.76405327683335,281.7583312988281,3917300.0
2022-08-16,280.2985722727392,298.2101680573648,280.20900882763084,293.1949157714844,10089800.0
2022-08-17,293.8307377280213,295.0935083728481,290.23051720703575,291.7440490722656,3162600.0
2022-08-18,291.02753942596985,293.69637647550957,288.57366006564996,291.2514343261719,2899600.0
2022-08-19,291.0364991831814,292.2455370905797,286.379474403173,287.76763916015625,3489100.0
2022-08-22,284.874992180431,286.3526934717959,279.1611883449539,279.6089782714844,3144200.0
2022-08-23,278.71330877585314,278.99093625453446,273.72495137021485,274.8533630371094,3317500.0
2022-08-24,273.19657060050855,277.611799196816,271.8532010797765,275.9370422363281,2495600.0
2022-08-25,276.4116707667407,277.59381493852766,273.89506722030535,277.4326171875,2529700.0
2022-08-26,277.8984085314759,278.9820797970824,266.90068938295974,266.97235107421875,3315500.0
2022-08-29,265.60212983181515,268.4142364245179,263.5602088120231,265.37823486328125,2711800.0
2022-08-30,267.3842727878319,268.5843463049645,261.21374287285903,262.4944152832031,2892400.0
2022-08-31,263.2245700051337,263.6392169313338,259.86225191617956,259.98846435546875,4376200.0
2022-09-01,259.9703964101984,264.6397611044575,258.4560123216681,264.4504699707031,3742500.0
2022-09-02,266.92044218286105,267.5424264653186,261.5209253778735,263.1254577636719,2753600.0
2022-09-06,264.315308120119,265.469128699666,258.942833625596,260.9980773925781,4110000.0
2022-09-07,261.80929867141316,268.3536384631378,261.68308624680566,268.14630126953125,3016000.0
2022-09-08,266.8212472765427,270.5982124032581,265.50517720540404,270.3367919921875,2703200.0
2022-09-09,269.95821158852135,272.6714765307962,268.9215529712034,270.2196044921875,2769200.0
2022-09-12,271.14809364797776,272.9779816847184,267.1367768234103,268.20947265625,3632900.0
2022-09-13,263.2245050509855,265.0904295130693,249.98260068976,250.53245544433594,4797200.0
2022-09-14,251.85764178875618,251.98385424380876,246.24179274249343,249.0992889404297,4194400.0
2022-09-15,250.49647246981274,250.60463883774466,243.8710073414902,244.77243041992188,3896100.0
2022-09-16,242.52787191051488,249.29756813471894,242.39266394855832,248.76573181152344,9535100.0
2022-09-19,246.61129620562073,253.50720427402126,246.54821750163293,252.7770538330078,3047200.0
2022-09-20,249.5860374248439,251.29873584795914,244.6191872394844,247.1431884765625,2940700.0
2022-09-21,248.7928286109395,252.51571120866382,244.74544683251324,244.79953002929688,3173500.0
2022-09-22,244.48392584394006,244.48392584394006,241.446135000283,242.60897827148438,3515800.0
2022-09-23,241.48222295179397,244.55605120264522,240.06698222622796,244.23155212402344,3527900.0
2022-09-26,244.67325314247353,246.59328865052294,239.4269643617397,240.3013458251953,4181800.0
2022-09-27,242.80730719798487,246.71048453271038,240.66194337912157,242.203369140625,3701000.0
2022-09-28,248.08960941900793,255.55338986386863,245.82702915729053,254.37252807617188,5816600.0
2022-09-29,251.05537400024483,251.2807297910578,247.64799554352274,250.89309692382812,4518600.0
2022-09-30,250.4333884351375,254.012039473873,247.6750357715456,248.73870849609375,4789100.0
2022-10-03,253.29989596916272,257.8610947421023,251.99282144533697,255.73374938964844,3580000.0
2022-10-04,259.15918359259643,262.59360396398756,258.3118435394142,261.01611328125,3641300.0
2022-10-05,258.032397748743,263.3147246344589,257.2391409105152,261.27752685546875,2728000.0
2022-10-06,261.0160856054708,264.08994185387746,259.4025304613376,261.7642822265625,2641500.0
2022-10-07,259.1862862118008,260.17785751911117,254.58002553816306,256.292724609375,2406000.0
2022-10-10,255.60752241260704,256.7793613947918,252.59677267306031,254.61595153808594,2115400.0
2022-10-11,253.39007630211054,257.98734029233316,253.20978065180617,255.00363159179688,2771900.0
2022-10-12,256.3827439789797,256.58105814106284,252.8401306513472,252.86717224121094,2258200.0
2022-10-13,247.5848521574639,256.75230894652213,242.23942020394833,254.949462890625,3881600.0
2022-10-14,258.3839393749286,258.3839393749286,248.74772390750377,249.18038940429688,2783100.0
2022-10-17,252.03786007907325,255.88692613799378,251.8034813112004,253.5342254638672,3426700.0
2022-10-18,259.5647199604659,261.28641339118474,255.3100030195824,256.9595947265625,3166500.0
2022-10-19,254.6250126941479,254.8954286507545,246.10655244075224,248.33306884765625,4323000.0
2022-10-20,247.83728500025745,250.59563766009242,241.46421667768865,242.89747619628906,3959500.0
2022-10-21,241.8878757011724,248.5313596661186,241.58139514277295,248.36911010742188,3429100.0
2022-10-24,249.667153506934,256.4278266594387,249.667153506934,255.3371124267578,2937100.0
2022-10-25,257.36533472471206,263.3327516310739,257.36533472471206,261.6470947265625,2791600.0
2022-10-26,261.9535334401853,263.098330764942,257.9602360893185,261.5478820800781,2615000.0
2022-10-27,263.08032650261157,265.2617549104247,260.9169166527333,262.3681945800781,3041500.0
2022-10-28,261.4126874853811,269.66972601878786,261.4126874853811,269.2099914550781,3243100.0
2022-10-31,265.387966761636,269.7778926684092,263.71130556291484,266.93841552734375,4210900.0
2022-11-01,270.76043630880076,272.41905141467873,264.4324564202529,266.87530517578125,3309100.0
2022-11-02,266.10006024741733,270.5801333150679,260.078534161028,260.2678527832031,4426400.0
2022-11-03,255.6165167144326,257.7619077720006,252.85816464305825,253.7505645751953,4823900.0
2022-11-04,257.70791158519387,260.3670937232563,250.14495715365535,256.03125,4401600.0
2022-11-07,258.25768167327215,262.9450921349147,254.95847029214804,261.6560363769531,3260200.0
2022-11-08,263.6030928374505,264.42339098002645,259.27627390813706,262.4402770996094,3371800.0
2022-11-09,260.51126463140935,263.66624534493855,258.0413742472061,258.4830627441406,3071400.0
2022-11-10,268.38974466945336,283.7139396349637,267.79480203438777,280.9736328125,7794000.0
2022-11-11,281.24406988635803,286.3641476333498,279.65755607378077,283.8942565917969,4945400.0
2022-11-14,283.37135759774,284.831686153721,276.1419541093107,276.664794921875,6394800.0
2022-11-15,274.08662338252674,285.41751495344056,273.3564730912498,281.1808166503906,9290400.0
2022-11-16,275.70923163014794,285.2192609945367,274.49233256082226,283.86712646484375,5249500.0
2022-11-17,281.2440526292994,282.75843707969767,275.9707211406492,280.7392578125,3642100.0
2022-11-18,283.17303358918326,284.84966715979937,279.6755079580202,282.3076477050781,3559300.0
2022-11-21,285.7151060283248,287.40978614224275,283.2271965610397,285.5528564453125,4069000.0
2022-11-22,288.4554806706352,294.60319470465015,287.8966025783172,292.85443115234375,6054700.0
2022-11-23,294.54899924646134,295.5045054612868,288.8519990721922,289.8165283203125,4243400.0
2022-11-25,291.0605240517476,296.6403078489538,290.16809645779017,294.20648193359375,3393500.0
2022-11-28,293.01656508668,296.38787838319456,286.51731280605907,287.4818420410156,4733700.0
2022-11-29,284.84969377624327,288.4553861025248,284.5071486037666,284.8136291503906,3505600.0
2022-11-30,283.7888568047883,294.00029506186905,282.49203005057035,293.81890869140625,15106500.0
2022-12-01,295.92285609712707,298.96997540075563,294.227001541318,296.6120910644531,3830100.0
2022-12-02,291.1798912651168,297.8907994324216,290.4997338975392,297.4464111328125,3644100.0
2022-12-05,294.87094263122077,295.20648256977836,289.7833778155523,290.2730712890625,5057300.0
2022-12-06,289.87403181616986,291.6968348501986,285.2489559065121,287.8879699707031,3341500.0
2022-12-07,286.5366723176329,292.81226946157784,285.15823009166894,290.33648681640625,4038200.0
2022-12-08,288.88550328261545,294.2995571935562,288.88550328261545,293.90960693359375,3483600.0
2022-12-09,291.54267976178323,294.2270265684099,290.137004520731,290.63580322265625,3738800.0
2022-12-12,292.92109273731353,297.7638096491035,291.37034176024554,297.4373474121094,4900200.0
2022-12-13,312.2829338437192,314.9128702051862,299.23296749315296,301.89013671875,5787700.0
2022-12-14,299.7498552362052,307.48550981733905,298.371413072131,302.3797912597656,4546000.0
2022-12-15,298.7614230252721,299.28739926489544,293.25667553705546,297.0927734375,5056900.0
2022-12-16,293.3110772387065,297.4010993537508,289.5112622631249,293.2294616699219,9615000.0
2022-12-19,289.74710944677423,291.9326856434952,286.5911685261746,287.7791748046875,3000600.0
2022-12-20,284.1425537665897,287.3801095381854,281.88441244508886,285.52099609375,2632200.0
2022-12-21,288.43205019079005,289.82864770366996,285.43029128937746,289.62005615234375,2610400.0
2022-12-22,286.93565643528325,286.93565643528325,281.79368330100186,286.6817321777344,3064400.0
2022-12-23,284.89522699467045,289.38427642566694,283.9067349999546,289.0487365722656,2064900.0
2022-12-27,288.75856404595453,291.606142006213,287.9423806905009,289.7923889160156,1610200.0
2022-12-28,290.6992486612495,291.4973044029239,286.1195334434388,286.328125,1568200.0
2022-12-29,288.976215032251,291.8600758980261,288.01492807699265,290.57232666015625,1559100.0
2022-12-30,287.9242276120304,288.54092470084794,283.87048831793265,286.4460144042969,2581600.0
2023-01-03,287.8607559209327,289.49312257966074,282.7459590857483,286.4913635253906,2822400.0
2023-01-04,291.17089989669336,292.4768045192148,286.91764608839554,289.9556884765625,3560900.0
2023-01-05,288.23259230987935,288.4593114714494,284.0609818775344,286.0923767089844,2935100.0
2023-01-06,286.83599218640654,289.1575939438953,280.2248543776285,287.96051025390625,4022500.0
2023-01-09,290.2004782409215,292.5130022316341,287.5342591330291,288.21441650390625,3466300.0
2023-01-10,286.84502927845455,290.86251325456885,284.72294156439165,290.7718200683594,2111300.0
2023-01-11,292.5130312011201,298.39867905279664,292.12308091202635,298.3623962402344,2864800.0
2023-01-12,301.2734550222697,301.2734550222697,296.28563392945784,299.1513671875,2481800.0
2023-01-13,296.0860886032267,301.43668189452256,295.64172799098947,300.3665466308594,2798600.0
2023-01-17,299.56850955057945,303.94873865337024,296.63931609484325,297.0292663574219,3988900.0
2023-01-18,299.26920163662993,303.3682728594418,292.85757906849636,293.54681396484375,2952200.0
2023-01-19,290.508823246253,291.41569977296626,281.703059921056,281.9297790527344,5359300.0
2023-01-20,281.1407420773591,285.88368760723444,278.76473050262956,285.6660461425781,3725100.0
2023-01-23,284.3420976073383,287.960526393955,282.1202388616432,286.1014404296875,3237900.0
2023-01-24,285.7749418978804,288.4774440547374,283.51682808225223,288.1056213378906,2127900.0
2023-01-25,285.96534458959115,288.4955376854947,282.53735264623015,287.71563720703125,2060400.0
2023-01-26,284.8953404053087,289.5294952319838,283.426204421438,284.5870056152344,3555300.0
2023-01-27,282.963574829254,288.6043473528867,282.33782787605907,287.1986999511719,2761200.0
2023-01-30,286.41879801586964,288.5137082305103,284.4780966619989,284.97686767578125,2643100.0
2023-01-31,286.56387691708863,294.14537833354933,285.7567712782531,293.9821472167969,3526800.0
2023-02-01,292.367989873719,299.76807932218327,288.06032558884783,297.53717041015625,3076500.0
2023-02-02,302.39795919676425,309.67109826328516,301.708724247953,308.1475524902344,4776600.0
2023-02-03,301.56362876786847,303.5406128126442,299.56848948142385,300.6295471191406,3389700.0
2023-02-06,298.3532839448814,300.1851921447385,296.9657640391552,298.6072082519531,2229700.0
2023-02-07,293.8280272601165,296.54865714215464,290.85347302944865,294.9162902832031,3865500.0
2023-02-08,292.86667944360687,293.81888863434926,289.81051027208736,290.9169006347656,2777200.0
2023-02-09,293.011821084971,293.7282613141491,285.51193424657987,286.1648864746094,3063300.0
2023-02-10,284.6232134662346,287.6612554728345,283.62564371658857,287.0627136230469,2768800.0
2023-02-13,287.78816602322763,293.54683694985505,286.2192598194685,293.4017333984375,2432500.0
2023-02-14,290.7536257311417,292.8847907799727,286.2736818320517,288.7766418457031,3380800.0
2023-02-15,286.4641590705502,291.5880058645585,286.38254350497226,290.82623291015625,2585500.0
2023-02-16,285.66611142735326,293.59220356756583,285.6026234270961,291.32501220703125,3169200.0
2023-02-17,289.0034022926013,290.7446173855339,283.8070175536834,288.3414001464844,4985500.0
2023-02-21,277.0960604499225,279.3269962197683,267.55573111552866,267.9819641113281,10891800.0
2023-02-22,269.8410539633835,272.42565716393824,267.610145832945,268.70745849609375,5922100.0
2023-02-23,269.1518458156635,271.9540904801129,267.1839119139025,271.4371643066406,4354500.0
2023-02-24,265.170663601797,270.5484342099161,264.80791856355677,269.0339660644531,3713300.0
2023-02-27,271.4825640111996,272.5073389909646,267.56487815696494,268.4445495605469,3238300.0
2023-02-28,267.52851259073896,270.88396602231404,266.90276572011726,268.92510986328125,3949500.0
2023-03-01,264.7354378612416,266.36780472407213,261.7790111928511,263.7106628417969,5905100.0
2023-03-02,261.5975560268975,266.7214021014661,260.5183709074374,265.73291015625,4103700.0
2023-03-03,267.20212066488466,270.80239400901337,266.40406487071994,270.6573181152344,4036700.0
2023-03-06,270.2492304086936,272.16272677591974,269.32422622758577,270.4396667480469,3763200.0
2023-03-07,271.2104403233543,271.2104403233543,263.3750430129599,263.62896728515625,4512400.0
2023-03-08,264.3870954832822,267.14568488689366,263.3183542960728,266.2596435546875,4680300.0
2023-03-09,267.6847188389317,268.89047145509784,262.84347740809125,263.07183837890625,3248000.0
2023-03-10,263.58326308151743,267.78510889943385,259.50931273846453,261.52801513671875,4730900.0
2023-03-13,259.40889795022764,267.0361593174435,258.13922555347534,261.71990966796875,3892100.0
2023-03-14,264.25926973246044,264.71599161438735,257.03395409133753,260.8521423339844,5116000.0
2023-03-15,259.3723691629461,264.1314033905518,258.203162254549,263.0444030761719,4835500.0
2023-03-16,262.1583324011563,263.09917826302285,260.3314450673504,261.9117126464844,4400200.0
2023-03-17,262.9073394991475,266.67986596787074,261.48236973569027,263.4280090332031,8342000.0
2023-03-20,262.55113013115835,264.74338955392716,261.8020995665843,264.2227478027344,3677800.0
2023-03-21,266.204878035049,267.5385258438792,262.70640109729567,264.37799072265625,4788200.0
2023-03-22,264.98088446688587,266.0039369695487,258.00218896595567,258.1483154296875,3723400.0
2023-03-23,260.56900071593617,261.34540568501205,255.96523592174339,259.3358459472656,6005800.0
2023-03-24,258.1026508497762,260.26750796873296,256.5223832059887,258.5228271484375,3851000.0
2023-03-27,259.1896669670287,260.2766672717971,256.59549003308877,256.92431640625,4269700.0
2023-03-28,256.495018946575,258.769513062367,255.70032726649214,256.5133056640625,3633300.0
2023-03-29,256.9060213416276,259.4088479714167,256.9060213416276,258.8333740234375,3607500.0
2023-03-30,260.66021728515625,261.3361844140513,259.28093659025757,260.66021728515625,3432800.0
2023-03-31,262.14925809522623,269.9683357134027,261.9391838372008,269.5755615234375,5800600.0
2023-04-03,269.34713132689956,272.1788122876768,269.22837918926643,271.9595947265625,4007600.0
2023-04-04,271.74953744078397,273.85044708400653,268.9178560132412,269.42938232421875,2965700.0
2023-04-05,269.4658937774358,270.11443100461196,263.5102508384929,263.6838073730469,4002400.0
2023-04-06,262.38666688625307,264.7068213717697,259.6371928054962,263.6289367675781,3193400.0
2023-04-10,261.36364329733055,267.3101705444181,260.9343236548573,265.9674072265625,2799900.0
2023-04-11,267.35580885374276,269.55721126943587,266.50631299810163,268.3423156738281,2497000.0
2023-04-12,270.5619806837113,272.6080852399159,264.51496118977826,265.300537109375,3341400.0
2023-04-13,265.7117199770136,267.15494913070137,261.58293554476126,266.8626403808594,3505800.0
2023-04-14,266.8625938479149,270.56205787003995,266.1592521750902,266.8991394042969,2653200.0
2023-04-17,266.4515131494188,269.9225877295159,266.31447430655464,269.83123779296875,2621900.0
2023-04-18,270.6716134878966,273.3388531818546,270.30624162413216,273.073974609375,2847800.0
2023-04-19,270.79039499395253,272.4711280504817,269.51155151790505,271.2105712890625,2889300.0
2023-04-20,270.3519086941186,275.22969426837955,269.92258907867927,272.72686767578125,3371800.0
2023-04-21,275.51293117432436,276.95618807630547,273.43942365819544,274.0697021484375,3506700.0
2023-04-24,274.03306711560134,275.76860429878315,273.3205822561442,275.5311279296875,2515400.0
2023-04-25,275.4033027944702,276.4903031350897,270.4981141003952,270.6807861328125,4529500.0
2023-04-26,269.8586746647878,270.3519420846608,262.23141393838443,263.1357421875,4037400.0
2023-04-27,263.0717506248768,269.20094923170103,262.88905075873083,268.48846435546875,3133600.0
2023-04-28,268.3423655580594,274.78216084494875,267.9861369842821,274.5263977050781,4063400.0
2023-05-01,273.10142736515314,273.63121248428473,271.6307684054043,271.9322204589844,2970000.0
2023-05-02,272.6081259621293,272.81822803765755,265.85776398765245,268.8081970214844,3413200.0
2023-05-03,269.0639426866609,272.9004169300148,267.1822511140301,267.7120361328125,2743400.0
2023-05-04,267.38324431071834,269.0913795908279,260.6328819030839,261.01654052734375,4422500.0
2023-05-05,262.31368450213483,265.6934100450844,261.3362928855456,264.5516052246094,3806600.0
2023-05-08,263.9852038550529,264.75249314396484,259.8199032146241,263.0078125,3736500.0
2023-05-09,261.40023453298,265.8669603906561,261.0257192154908,265.4284973144531,2570000.0
2023-05-10,266.4607491305174,268.15976951515916,261.17192828855855,264.0127258300781,3571000.0
2023-05-11,263.747709414151,264.3962744735659,260.3496979361362,262.7886047363281,3859700.0
2023-05-12,263.0717352721194,265.7846636571565,262.5693524836653,265.32794189453125,3438300.0
2023-05-15,264.82555896575735,265.7390024905238,262.1034872265632,263.56500244140625,5353600.0
2023-05-16,257.3627929816809,261.3271357644664,253.106141489985,257.892578125,12362100.0
2023-05-17,257.7281351550747,268.59810964255564,256.86949584440464,267.0818176269531,7956900.0
2023-05-18,267.31933807249607,270.3154327960462,266.3602331770424,269.6120910644531,4547000.0
2023-05-19,270.1600934479947,270.1600934479947,264.85298825616655,265.7024841308594,4470600.0
2023-05-22,265.56553467241076,267.6298987720095,263.1448862225727,265.5015869140625,3736200.0
2023-05-23,264.24100731635036,271.9961358461621,264.24100731635036,269.4111022949219,5352200.0
2023-05-24,271.63081734851784,271.76782836297235,265.0631532533983,265.9035339355469,4978200.0
2023-05-25,266.53375693474294,266.53375693474294,261.2997142645387,261.92999267578125,5355900.0
2023-05-26,262.1583391633516,267.91302326284324,260.9617301589301,267.48370361328125,4626100.0
2023-05-30,267.89477732931755,268.9635187641233,263.93957822455707,267.0909423828125,5193300.0
2023-05-31,266.42850855735117,266.80572001347963,259.4087535695403,260.77960205078125,18288800.0
2023-06-01,261.3316433396125,266.08815861234837,257.5871836566615,265.3245544433594,4305100.0
2023-06-02,267.403747822951,272.5190556374213,266.54813615195826,272.2706604003906,4515600.0
2023-06-05,271.9762461625006,272.0682537569691,268.0661620501847,269.6578063964844,3028800.0
2023-06-06,268.4801905903386,273.17229728733594,268.3237748671688,272.32586669921875,2855400.0
2023-06-07,273.53110659893787,278.03001726139723,273.34709139335513,277.57000732421875,4842700.0
2023-06-08,277.9931558444976,281.02002851815877,276.73273334812916,277.00872802734375,3757300.0
2023-06-09,276.90754719083145,277.3215392213949,272.41784643645053,273.56787109375,3485800.0
2023-06-12,274.53387849371575,278.4071536486373,273.84386370456764,276.797119140625,4456600.0
2023-06-13,278.2140122332789,279.7964475848542,274.7823559743243,276.0795593261719,4043400.0
2023-06-14,276.91676000302994,278.35198869353235,271.9854671847451,275.7391357421875,4176000.0
2023-06-15,276.7787936165363,279.1616418767373,275.6195595149541,277.8644104003906,4109700.0
2023-06-16,279.9988618783793,281.50770803909404,276.1347950218782,276.3555908203125,10809300.0
2023-06-20,275.79431572483594,278.5359847409074,274.3775054975013,277.30316162109375,3371100.0
2023-06-21,278.6463906095585,279.29041569628396,276.1715351167299,276.64996337890625,2713300.0
2023-06-22,277.3859658046668,278.6095797677021,275.6379338245697,277.091552734375,3052000.0
2023-06-23,276.30038940883344,278.14042925080474,275.1779639821598,276.7511901855469,8525900.0
2023-06-26,278.4624183895004,284.4793279507878,277.82760245133505,283.2649230957031,4440100.0
2023-06-27,283.50406588530797,290.2294076685993,283.26487985471584,288.64697265625,5342500.0
2023-06-28,287.0462004117996,287.91102133866974,281.58128011935577,281.99530029296875,4025600.0
2023-06-29,282.24370245292425,283.48573492735693,279.71364773998994,283.2005310058594,3279700.0
2023-06-30,284.8197360275011,286.5217783845887,283.6421117292658,285.79498291015625,3230700.0
2023-07-03,285.00372206293594,286.4941495919616,284.19410017636017,285.2245178222656,1483300.0
2023-07-05,285.6662049426303,287.3222296825995,285.19698576636694,285.94219970703125,2496000.0
2023-07-06,282.2989132213578,283.3477494231284,277.4228188011442,277.8644104003906,4828300.0
2023-07-07,277.8367635676109,281.18564903389955,276.8247642739817,278.5911865234375,2951900.0
2023-07-10,278.9500470466719,285.6937806115268,278.9500470466719,285.4637756347656,3246700.0
2023-07-11,287.8833799709698,289.4106161073008,285.8869247830649,288.5733947753906,2913800.0
2023-07-12,291.01144825770274,295.5655573038281,290.7354535602057,292.1246643066406,5300500.0
2023-07-13,292.65836341076886,292.9527765449668,288.39866637968225,289.43829345703125,3235600.0
2023-07-14,289.6590429935928,291.55428161743976,289.0886351852008,291.186279296875,2942100.0
2023-07-17,290.4685921620165,292.40063895683903,289.0241546370366,290.7721862792969,2002500.0
2023-07-18,289.37385214881084,292.86073536051526,287.16581004899626,291.4255065917969,2315600.0
2023-07-19,291.64625841112775,294.35111870057796,291.36105453705693,293.92791748046875,2361400.0
2023-07-20,294.71911645749617,295.74035295605023,292.45587578689043,293.569091796875,2101900.0
2023-07-21,295.39070146065603,296.14512427555087,293.93705476105174,294.83868408203125,3673400.0
2023-07-24,295.2987378467834,299.6136326848629,295.28034755957384,299.10760498046875,2621900.0
2023-07-25,299.0708691685696,300.75449319540394,297.9300254250131,299.1260681152344,2890800.0
2023-07-26,298.72121787706067,304.4897316599199,298.30719775468816,303.22930908203125,3448100.0
2023-07-27,305.179791990167,306.7714365186672,302.6221378011052,303.3397521972656,2608600.0
2023-07-28,305.4465603004218,306.3665800603629,303.14651090056924,304.866943359375,2268200.0
2023-07-31,305.12449806948996,307.3509578796757,304.9681104587668,307.13934326171875,2690000.0
2023-08-01,305.2257519428804,308.1790073888837,304.4161300952695,305.5109558105469,2547200.0
2023-08-02,303.6340999628532,305.9341492090272,301.6928718759334,302.2264709472656,2752600.0
2023-08-03,301.47202042531853,305.538519473628,301.43523985602735,303.4684753417969,2451300.0
2023-08-04,301.9137270186682,303.1649405779044,299.3100550367499,300.32208251953125,3591600.0
2023-08-07,301.03966702530073,303.06372178998294,300.46925924892,302.8429260253906,2111000.0
2023-08-08,300.46007079709983,302.2541207385226,297.52523330098137,301.5917053222656,3272600.0
2023-08-09,301.1684827397235,304.45296011610293,300.6256744348771,301.9596862792969,2698900.0
2023-08-10,304.2137382807764,306.2745735658567,302.63130316493977,303.05450439453125,3075100.0
2023-08-11,302.24483807959376,305.0693050759476,302.0884504658272,304.627685546875,3108400.0
2023-08-14,304.9497883500862,307.09345044119027,302.1621291747168,303.5605773925781,3974800.0
2023-08-15,305.2257968974254,311.12312755299456,302.24491346702723,305.5754089355469,5860900.0
2023-08-16,306.01698406612104,310.7918891161178,305.1521632003983,306.3941955566406,3753900.0
2023-08-17,307.0750153023841,308.80465711309387,300.9016899688635,301.1040954589844,3885100.0
2023-08-18,299.0615854659115,302.58527645173865,298.48196859357944,301.18682861328125,3472000.0
2023-08-21,300.48764072280414,301.64687460646144,297.62639274238006,298.1416015625,3109700.0
2023-08-22,299.2548105155395,300.21163890597563,296.27395554456535,298.52801513671875,2582200.0
2023-08-23,298.56477866184804,300.7820294763167,298.1599677535018,300.00921630859375,2728000.0
2023-08-24,299.11680278947784,302.6864837466153,296.5315496577231,296.7891540527344,2490000.0
2023-08-25,297.56204628480367,300.2393077138683,295.51041976134275,297.0376281738281,2418100.0
2023-08-28,297.3504428974531,301.2513182887098,297.0468206074703,299.84368896484375,2099900.0
2023-08-29,300.65328484784544,303.4593340682145,300.6348664823078,303.0361328125,2628200.0
2023-08-30,303.69349323856085,307.04522788077185,303.5731223940505,306.12860107421875,2256200.0
2023-08-31,306.6564176565156,307.95266493071114,305.2490392536136,305.8230895996094,2914700.0
2023-09-01,307.39707972016697,308.7396385093236,306.6008237392259,308.39703369140625,2317400.0
2023-09-05,307.24896878472197,307.67487253888737,303.11021733618037,303.4898376464844,3141400.0
2023-09-06,303.2582925776694,304.2582464296302,301.43427887268683,301.8416748046875,3199700.0
2023-09-07,300.9435701705605,305.47120907162815,300.2676568292861,304.0823669433594,2454000.0
2023-09-08,303.2305358406316,305.07305738288244,302.4712953511168,304.3508605957031,2210300.0
2023-09-11,304.8878768252361,305.43415131315334,303.29533679453715,304.0360412597656,2087800.0
2023-09-12,302.6102135515489,304.4064518932063,301.739898353163,302.1009826660156,2190500.0
2023-09-13,301.8787373735784,303.656439500638,300.91579890538276,301.7305908203125,2564300.0
2023-09-14,303.128702509703,305.8230314268114,301.16578186093517,305.20269775390625,2707600.0
2023-09-15,303.0639212486785,304.7768324411498,296.5918967732599,297.5826110839844,7117800.0
2023-09-18,296.43450968046966,297.8140840167499,293.42535130515216,293.7494201660156,2740400.0
2023-09-19,292.5364697315487,293.443828540404,289.19397485188,291.2957458496094,2776500.0
2023-09-20,291.6569187317033,292.90688260605367,287.76814851285167,287.8236999511719,2320000.0
2023-09-21,286.47184390337884,287.24035240657685,283.65711581506105,284.0274963378906,2766500.0
2023-09-22,283.47194999649724,284.8515241804594,282.82381234633084,283.0738220214844,2289200.0
2023-09-25,281.94421234483707,284.51819855550957,281.94421234483707,283.7774658203125,1882300.0
2023-09-26,281.9535237166587,283.14793612959556,279.2777019690609,280.1202697753906,2655500.0
2023-09-27,280.5461625122168,281.6757554519148,277.6758825910757,279.45361328125,2513900.0
2023-09-28,279.3147097546768,282.2775562989986,278.46287406634247,280.99981689453125,2369600.0
2023-09-29,282.35165674283445,283.01830219089027,277.60181145744525,279.7684020996094,3502600.0
2023-10-02,278.2499232037546,280.9628167161405,276.34258198375824,277.6110534667969,2806800.0
2023-10-03,275.83328693847704,276.1943711697766,268.57427605303275,270.3056945800781,3609200.0
2023-10-04,271.6204417615456,272.40745786757736,268.84275780335986,270.72235107421875,2956300.0
2023-10-05,270.36128375111133,270.98164570471664,268.73169984820424,270.0835266113281,2469300.0
2023-10-06,269.2132032490844,272.7130847509196,266.092942037224,271.12054443359375,2922500.0
2023-10-09,268.78723435169115,273.6296740614945,268.21318412824013,273.4722595214844,1929900.0
2023-10-10,274.70378201275304,278.388854180335,273.2964318248883,277.0462951660156,3116300.0
2023-10-11,277.52774692431797,278.55550502550415,273.9723136602443,275.9629821777344,2292800.0
2023-10-12,275.6389038856931,275.6389038856931,269.2224311997881,271.3056945800781,2546400.0
2023-10-13,271.231664624772,272.88902447076583,269.3335913097129,270.2872619628906,2092700.0
2023-10-16,272.61117561181123,276.25920306887787,271.8241594486455,275.2962646484375,2567000.0
2023-10-17,274.7037289574984,276.2499574415735,272.67601709619584,274.0093078613281,2139700.0
2023-10-18,271.28716806454787,271.5927009064908,268.12059551317316,268.731689453125,2720100.0
2023-10-19,269.4353743407785,269.7501751674934,265.19478878554094,265.5188293457031,3028600.0
2023-10-20,264.6763182137998,265.8985063355818,262.5930545655188,265.1855773925781,2885300.0
2023-10-23,264.6392758818929,266.8891936120663,263.25967332524414,263.9448547363281,2590900.0
2023-10-24,265.49105888048723,266.5743682004732,261.1301023996537,262.31524658203125,2705200.0
2023-10-25,260.87090446551923,262.24123917580255,258.5098836246043,260.1116638183594,2962800.0
2023-10-26,259.7412860781497,262.2504532576518,257.1672994764589,257.3987731933594,3108200.0
2023-10-27,258.3062198548677,258.9450897212074,253.93599394255338,255.9729461669922,2907300.0
2023-10-30,256.9080930791341,261.3986895904495,256.43587757561295,260.6209411621094,3074400.0
2023-10-31,261.64854178727256,264.2503032549812,260.7504229287926,263.5929260253906,3036000.0
2023-11-01,264.42634353715647,265.57444426863174,261.1208916822282,265.3892822265625,2747300.0
2023-11-02,268.7409978169461,272.82419776365293,268.50952408928293,272.7038269042969,3628000.0
2023-11-03,272.37974300143827,275.74074586258166,272.3705032669695,273.7037658691406,3071900.0
2023-11-06,272.9075295494314,274.47229423549305,271.4909114423184,272.7408752441406,2890300.0
2023-11-07,272.7778483171147,274.0648556277379,271.8056700978888,272.9259948730469,2629000.0
2023-11-08,273.1667846620885,275.925961772081,272.31494887949015,273.9908447265625,2454900.0
2023-11-09,270.3150204342727,271.0464570421692,266.361431228645,266.537353515625,4059100.0
2023-11-10,267.7965305193458,269.98162841796875,265.5373452223601,269.98162841796875,3653500.0
2023-11-13,266.4632542659987,268.4446543099734,265.95399520702296,266.7225036621094,4586700.0
2023-11-14,278.5925127397432,285.39781722767907,277.8980916078258,281.12945556640625,7952800.0
2023-11-15,281.5646254910555,286.03668511963656,281.48129834648086,285.3515319824219,3985900.0
2023-11-16,283.2127328127496,285.12934201203024,281.7775787829595,283.7312316894531,3114000.0
2023-11-17,285.63852499989326,285.8329549820362,282.81455736796045,284.4996643066406,2770300.0
2023-11-20,284.42563714572395,286.7218665129193,283.08307833008473,285.3515319824219,3459000.0
2023-11-21,282.9257040307668,283.38865146875037,279.9350534092077,282.7127380371094,2977200.0
2023-11-22,284.61081480919773,286.89774782872104,283.76824715439443,286.28668212890625,2873500.0
2023-11-24,286.2681892417697,288.3051694013399,285.462665169235,287.6755676269531,1259900.0
2023-11-27,287.66624545863937,289.70322523457924,286.7959021231074,287.87921142578125,2992600.0
2023-11-28,287.68479546496616,291.2680041945106,286.46263567583753,290.1199035644531,3116900.0
2023-11-29,292.73914654664367,292.73914654664367,289.80299889316245,289.905517578125,3083800.0
2023-11-30,291.3222743942212,292.45945210159266,287.640420844032,292.207763671875,4493700.0
2023-12-01,292.52472441605545,298.3690854202256,291.75108389822964,297.9216613769531,3613600.0
2023-12-04,297.9216316079627,303.01095514126047,297.30643427711124,302.0229187011719,3827900.0
2023-12-05,300.14010087120846,301.9297686472155,298.28520686599717,301.53826904296875,3269800.0
2023-12-06,302.9364385383005,306.02172737513393,302.2000619997975,303.9710693359375,3030800.0
2023-12-07,303.97108567395657,305.18284856072296,302.6381720997388,304.02703857421875,2742300.0
2023-12-08,303.8685467970004,305.0616491557945,302.99235914100115,304.306640625,2889300.0
2023-12-11,307.41980910537717,309.5450230002877,306.4876972489112,308.83660888671875,3520700.0
2023-12-12,308.0071041041726,311.81010870295836,307.8952552109439,310.5797424316406,2893400.0
2023-12-13,312.1643276506009,320.4974118613427,309.37732165416594,320.0872802734375,5822700.0
2023-12-14,325.996851839857,329.10080082531476,324.3749860124513,327.92633056640625,7594800.0
2023-12-15,324.58010512863495,330.32191958280526,323.20989908336924,329.96771240234375,11212800.0
2023-12-18,329.6973514847679,330.82522756760625,326.53750636724124,326.9942321777344,4420500.0
2023-12-19,327.6000980210654,328.99826611694783,326.6120615089727,328.168701171875,4654700.0
2023-12-20,327.1713120063902,330.6853640059706,324.6639284506772,324.99017333984375,3259500.0
2023-12-21,327.98226355176416,328.3364706832476,323.44288240478903,325.2791442871094,2794200.0
2023-12-22,325.34444966052786,327.4882963383022,323.15398030535425,324.92498779296875,2029900.0
2023-12-26,324.7757757111275,326.3230850368966,324.5241157128725,325.5960388183594,1585500.0
2023-12-27,326.15533776236026,326.23922443514726,323.6106615712771,324.8690185546875,2764300.0
2023-12-28,324.8410944386245,325.3444429801988,322.32438017655943,323.7784729003906,2859400.0
2023-12-29,322.35234610304684,323.9555802074379,319.7331131252054,323.0234680175781,10325700.0
2024-01-02,320.8422957896208,323.7225187454955,319.91951391956684,321.6532287597656,2833600.0
2024-01-03,319.2297172587548,319.4347830296866,313.73956410950814,315.29620361328125,3309600.0
2024-01-04,316.8528475548833,319.6398819734912,315.55722657583374,315.60382080078125,3652400.0
2024-01-05,314.93269338623014,320.48807323242113,314.88609916210964,319.65850830078125,2664300.0
2024-01-08,320.11527912586837,324.80380225307675,319.94750576047477,324.3097839355469,2736200.0
2024-01-09,322.33362860383363,325.4095866361798,321.811648191627,322.6878356933594,2338100.0
2024-01-10,326.8171299095701,332.6335001322112,326.52817744311216,332.57757568359375,4109300.0
2024-01-11,332.8478776721192,336.4924390823242,329.27790115313246,332.3258972167969,3530400.0
2024-01-12,334.19014740061255,334.19014740061255,329.4363700394967,331.56158447265625,1956100.0
2024-01-16,333.7521078842549,335.2341629390433,332.0276945433146,334.09698486328125,3669400.0
2024-01-17,332.419134014492,335.33664936193884,330.0142689302143,331.5522766113281,2646100.0
2024-01-18,331.9437469211511,334.3579137769845,329.99563610186783,333.6029052734375,2510700.0
2024-01-19,334.4511533158159,338.3194129919029,332.0929107490511,337.8067626953125,3234600.0
2024-01-22,334.9637597693623,336.9212006883451,331.54292460689254,332.47503662109375,4003700.0
2024-01-23,331.6921241622314,331.72008638973335,325.36307451008753,326.96630859375,3878400.0
2024-01-24,328.04749453246654,328.9143518522007,323.50811371330354,323.69451904296875,3474400.0
2024-01-25,328.6533579129061,328.9236783505304,324.6173255765571,327.1433410644531,3064200.0
2024-01-26,327.609436067877,332.81060899261365,327.18997425077424,331.1794128417969,3177700.0
2024-01-29,331.0395979023558,332.17677577222133,329.04489285273786,331.5522766113281,2732000.0
2024-01-30,330.43377189995124,334.5630220814676,330.00500825666995,332.8572692871094,2336500.0
2024-01-31,333.62152579068476,334.6095621942536,328.42965533791295,328.99822998046875,3377900.0
2024-02-01,329.4084400866456,335.6908955490043,328.40177144423257,335.6256408691406,2439100.0
2024-02-02,330.1354347714817,335.14087186390464,326.2578452801447,332.9783935546875,3697600.0
2024-02-05,329.65076781030984,331.897161378747,326.9476484167619,331.0303039550781,2653800.0
2024-02-06,330.7598989397418,333.69604560718204,330.24722034968306,332.0648498535156,2045300.0
2024-02-07,334.1435649404861,339.0371535986399,333.435150622553,338.0677490234375,3272200.0
2024-02-08,338.22617034573204,340.8267709726282,337.098322711594,339.0278015136719,2521900.0
2024-02-09,339.40997054206485,339.6895927830479,336.3060214381392,338.4964904785156,2389900.0
2024-02-12,339.4938727273499,343.68837720857783,339.3354011530164,340.640380859375,3119700.0
2024-02-13,334.1341974563499,335.029017032089,329.85580669152716,333.3139343261719,3106500.0
2024-02-14,332.9224554991925,334.60957594323975,329.94901594403717,333.9104919433594,2998900.0
2024-02-15,334.53498876522406,337.088994970461,332.6241705569422,336.5669860839844,2662800.0
2024-02-16,336.1941842567538,339.27947302158856,334.7680538864399,337.7508239746094,3899600.0
2024-02-20,331.18875892717443,340.4539557832228,330.489674829057,337.9559020996094,4830000.0
2024-02-21,336.11034888839987,340.32348596870145,334.58169960807413,339.4100341796875,3277800.0
2024-02-22,342.49523157786473,347.64047951761864,342.2249111361801,346.1304626464844,3387500.0
2024-02-23,346.82019238548247,348.8428877779952,345.1144400796332,346.7083435058594,3398200.0
2024-02-26,348.15320130287034,349.4301903348843,345.55260056612855,346.37286376953125,2461000.0
2024-02-27,347.3608761353025,350.28769314820414,345.45002938639664,350.0639953613281,2802900.0
2024-02-28,350.06403499617505,354.0534738400328,349.5979789235477,351.974853515625,2282500.0
2024-02-29,353.0747263934302,355.8617322808777,352.47816103587786,354.7711486816406,4382800.0
2024-03-01,354.5381310106817,358.95636153720784,354.04411275459154,358.3504943847656,2750900.0
2024-03-04,356.90569717551404,358.4250443637435,354.3050965990612,354.5474548339844,2619000.0
2024-03-05,354.2957610243936,355.1160240989917,351.42484026330015,352.7577819824219,3011600.0
2024-03-06,354.94263808008805,356.1522622513744,352.4671594260352,353.9205627441406,2496300.0
2024-03-07,354.3237521382761,356.602324487701,352.17644107746065,353.08599853515625,2368500.0
2024-03-08,351.63259640215455,353.15164464006244,348.913310046498,350.0854187011719,2162900.0
2024-03-11,348.4069612912902,349.7384893529776,345.8845811033403,348.36944580078125,2833700.0
2024-03-12,349.29776014429194,352.47650389020873,349.20398573006685,351.2012634277344,2843800.0
2024-03-13,352.5983868074777,358.8621281286819,352.3639650938165,355.3739318847656,3761200.0
2024-03-14,354.4456683896287,356.5085911335084,348.9789660422497,351.8857727050781,3877500.0
2024-03-15,350.8074880520718,354.8395596916225,349.32595504713606,349.97296142578125,9234900.0
2024-03-18,353.02973134461195,354.07057868248415,348.0131293291693,348.7351379394531,3455600.0
2024-03-19,351.5294572428988,355.8146646468824,349.879119134447,355.7677917480469,3493800.0
2024-03-20,355.77715902719507,360.896921241769,352.78593567120964,360.4562072753906,2750400.0
2024-03-21,364.2070408296822,372.1398654846796,364.09452295904856,370.5739440917969,4212200.0
2024-03-22,370.0956519611138,371.7178606310181,365.7822864150522,365.96044921875,2910900.0
2024-03-25,364.8539709154351,365.5665934857608,359.03094340015565,359.6123046875,2683900.0
2024-03-26,358.58090630217777,360.315633058566,355.75845913970784,356.25543212890625,2720200.0
2024-03-27,357.11807449888704,362.2472231719558,357.0149140558723,361.8440246582031,2536500.0
2024-03-28,363.00668846903073,363.45675981016456,356.0584259809811,359.6966552734375,4108200.0
2024-04-01,357.6994069751921,359.2653566195406,344.9187305181979,345.0968933105469,4333200.0
2024-04-02,341.78687090913127,343.9997982306729,340.34282508816506,340.3803405761719,4650500.0
2024-04-03,339.44265896211573,339.81772800021315,336.6295982524849,337.4735107421875,4723000.0
2024-04-04,340.01463528233404,342.2557207235417,334.66983708717027,335.391845703125,4381600.0
2024-04-05,335.3918750247889,336.93905283191594,333.8353111906816,335.5700378417969,3243400.0
2024-04-08,335.7576172676228,339.9772090982679,334.99809302738174,339.4895935058594,4339600.0
2024-04-09,340.9710836968579,341.7399938039002,336.3764237222755,338.8988037109375,3022600.0
2024-04-10,329.94385204646255,331.9317434978254,327.0182737885376,328.7154846191406,4805200.0
2024-04-11,329.16562782231205,329.9814108726213,324.24277144126796,325.72430419921875,4104700.0
2024-04-12,324.5522129093303,324.5522129093303,320.22948966757525,321.5047302246094,3550300.0
2024-04-15,324.36466588556,324.5146706079302,316.1786489254596,316.8725280761719,4209200.0
2024-04-16,315.8317146683135,317.0413101893666,312.21222828363426,313.9656982421875,4525500.0
2024-04-17,315.794206895158,316.23492090213495,311.25580553391427,312.09033203125,4273800.0
2024-04-18,314.7346643763892,315.9536747565274,310.6838493011151,312.14666748046875,3717300.0
2024-04-19,313.8531862169713,314.9409064962306,311.85590846549997,314.4626770019531,3076600.0
2024-04-22,317.1444582729359,318.2978234391617,312.9154812793741,315.1659240722656,3112800.0
2024-04-23,316.93819803333565,318.99173480099216,315.33476131610234,317.8758850097656,3697400.0
2024-04-24,316.0661312931394,316.51620269242636,311.1432750519049,312.2591247558594,4029200.0
2024-04-25,309.17418353179085,312.16540759049155,306.5298991123103,311.2933654785156,3787800.0
2024-04-26,310.3743671466233,314.9033823299877,310.3649811204265,314.2095031738281,2465300.0
2024-04-29,314.12513267626304,316.3193167362686,313.3280930343452,315.8129577636719,2427400.0
2024-04-30,314.80026823690537,316.41309095725677,312.11846864351327,313.39373779296875,3089900.0
2024-05-01,312.25916859303635,314.4908683142473,308.90223298377265,311.2839660644531,3267500.0
2024-05-02,314.59391033654833,315.0627537200603,310.3555764513344,314.6220397949219,3213600.0
2024-05-03,320.0137866016718,325.2648390061153,319.16048808205556,321.4859619140625,4165100.0
2024-05-06,324.43968706221085,324.7960126843548,319.22614987152645,320.96087646484375,3366100.0
2024-05-07,322.1892129863503,324.00832779626086,319.1698601322037,319.4605407714844,2930700.0
2024-05-08,317.66958827985,319.22615207282905,316.5912539952498,317.7164611816406,3123200.0
2024-05-09,318.1102893047765,326.3244359248373,317.76334972107753,325.7899475097656,3801400.0
2024-05-10,325.80871195820697,328.01228209724366,323.220715337152,324.8428955078125,3413700.0
2024-05-13,326.3713284073048,327.05585020535983,319.188642696958,319.7137451171875,4055600.0
2024-05-14,314.172034322105,322.7987666193084,312.24978731802383,319.2824401855469,5854300.0
2024-05-15,323.6707516568049,328.60299382230346,323.21129424087746,326.94329833984375,4151100.0
2024-05-16,326.315012309697,326.54943401394246,321.31715416619306,321.3734130859375,3101600.0
2024-05-17,323.2769754822576,323.43636624546224,319.36680814714583,322.76123046875,2739000.0
2024-05-20,319.8731814807674,321.2046810399341,316.506888473209,316.7694396972656,3237400.0
2024-05-21,317.87587420856516,317.87587420856516,311.62148969728514,315.2034606933594,4275100.0
2024-05-22,313.8063220007279,314.3595538741558,308.43336540906165,309.98992919921875,4024400.0
2024-05-23,310.35558229274403,310.3743257267028,305.6858918033387,306.52044677734375,4021100.0
2024-05-24,306.05163458605267,307.1299687751734,304.204390287289,304.8420104980469,2736900.0
2024-05-28,305.1139708821745,310.3649949177912,304.2606723224031,308.21771240234375,3807500.0
2024-05-29,306.1828932646934,306.42670100858754,303.5948683400706,305.6015319824219,3506200.0
2024-05-30,308.0564738689252,311.79551931638525,307.53714359172653,310.81353759765625,2921800.0
2024-05-31,311.6350487719469,316.46940567973957,309.7088900821798,316.1861267089844,5557800.0
2024-06-03,315.03413541950283,315.03413541950283,308.60409875735286,309.7088317871094,3712800.0
2024-06-04,308.6324258683758,311.3895184165823,306.96119262209976,309.94488525390625,4296800.0
2024-06-05,310.17147175742656,312.02210626048156,307.7354345207933,311.8332824707031,2422400.0
2024-06-06,311.39891953852543,313.3251065617245,309.756011415278,312.62640380859375,2979400.0
2024-06-07,307.5560831334622,310.4736748152992,305.85649586029706,308.7835388183594,2583800.0
2024-06-10,308.7552241715078,314.23160500089637,308.2831213822547,314.0050048828125,2691000.0
2024-06-11,314.4204378143444,317.54575577691935,311.889973939094,316.9886779785156,3250900.0
2024-06-12,327.6676120233298,330.93455477091516,323.91911528156885,324.9388732910156,4793000.0
2024-06-13,326.600647231431,329.2349884070062,323.9285585859631,328.4701843261719,3380800.0
2024-06-14,325.5714539334008,328.1113687042427,322.62553776577215,327.4881896972656,2589000.0
2024-06-17,325.6470735563506,331.1234543479723,325.1843932319635,329.9998474121094,2680200.0
2024-06-18,333.25735412675095,336.52429720010645,332.464196122595,334.1260070800781,3655000.0
2024-06-20,332.36037336025436,335.1174664087167,330.0848343916798,333.72003173828125,3661200.0
2024-06-21,335.0418435813852,336.3731766647048,332.407502424397,335.9482727050781,6596400.0
2024-06-24,336.98693258678867,337.73286298976814,331.1517495920129,331.3028259277344,4278900.0
2024-06-25,326.98779604715753,327.62984885518915,315.865056693874,319.443603515625,4879600.0
2024-06-26,320.51998163432063,323.4753493736943,318.69767198791965,322.7483215332031,3365300.0
2024-06-27,323.7019690123414,325.5243075836444,319.56637299746046,322.4367370605469,2912600.0
2024-06-28,322.3046162675674,326.01533769324067,321.70031079816096,325.0333557128906,6344000.0
2024-07-01,324.7311838385905,325.4204354451884,316.6771116892684,317.4324645996094,2643600.0
2024-07-02,316.3088425905385,318.03672597749244,313.97665385227634,316.280517578125,2995900.0
2024-07-03,318.1972973595948,320.6900140543205,314.93035394744896,315.0247802734375,1733000.0
2024-07-05,314.146632643937,317.1775533235739,313.13635456559246,315.91229248046875,3437500.0
2024-07-08,317.13977575910053,321.7475036135122,316.3088702358633,320.6522216796875,3534500.0
2024-07-09,320.03846376533363,320.3311651633284,316.84704458475574,318.2822265625,2254300.0
2024-07-10,319.7457761366325,325.08053164529304,318.7826680496197,324.9766540527344,3263100.0
2024-07-11,331.2084385209977,334.37153303733965,325.75093131703454,334.0505065917969,4146900.0
2024-07-12,335.19292781379977,343.6435779423746,334.33369741429635,339.69677734375,4019900.0
2024-07-15,339.1019815500652,341.028140048633,335.22128191042157,338.45989990234375,2884000.0
2024-07-16,339.9706465439031,348.80842543705853,339.4418937434003,348.525146484375,3210400.0
2024-07-17,346.1836059064325,354.25655344726226,345.03167375249603,351.14068603515625,3991100.0
2024-07-18,349.2616267507864,354.77578369819395,345.3715044999683,345.6547546386719,2395000.0
2024-07-19,345.98523530931936,347.0899684894658,341.75521285579964,343.0865173339844,2474500.0
2024-07-22,344.16292295304976,346.7878132292877,340.93372729371436,342.982666015625,4049300.0
2024-07-23,345.04100740653007,345.04100740653007,339.3285756830201,339.55517578125,2535700.0
2024-07-24,338.90366451088084,341.2830807513929,330.4719165276152,330.7646179199219,3508100.0
2024-07-25,330.66077760360594,338.8092468635687,329.8392946141748,333.578369140625,3297600.0
2024-07-26,335.20242989933416,341.4908424771974,335.20242989933416,339.45135498046875,2439000.0
2024-07-29,339.16807825353794,342.64277668651914,338.9226043968986,341.4908447265625,2142100.0
2024-07-30,342.57667807370905,344.342337911447,339.215308488366,343.39813232421875,2788800.0
2024-07-31,344.6350204291874,351.7071106687443,342.784385647922,347.61871337890625,3526100.0
2024-08-01,349.34663188551394,350.7535178685769,334.01274167232555,338.5732421875,3759000.0
2024-08-02,335.12689621002977,335.73120164232876,327.393849821222,335.5989990234375,3764600.0
2024-08-05,331.30283847185433,334.1921050666198,325.97750549178255,330.48138427734375,3827900.0
2024-08-06,329.29165369986504,338.6487332527474,327.90367052307323,334.16375732421875,2831100.0
2024-08-07,335.36293634268054,336.39211698352665,323.18268992920446,323.2959899902344,3429100.0
2024-08-08,323.14485170892016,329.28218690072384,322.29507259918137,328.9045104980469,3591100.0
2024-08-09,328.4796510812755,331.9165439695475,326.128559893409,329.18780517578125,2314800.0
2024-08-12,331.1989989336216,331.8882794178565,323.04107726253056,326.5157470703125,3830200.0
2024-08-13,322.7955283091496,333.6727940646509,320.4350145691349,330.53802490234375,6388600.0
2024-08-14,330.0470509963033,339.62130946762187,329.90542592140434,335.816162109375,4814800.0
2024-08-15,342.2367081211641,345.0221257960877,338.15776237178835,339.9800720214844,3575800.0
2024-08-16,339.88568362075756,343.407580805806,339.88568362075756,341.85906982421875,3308300.0
2024-08-19,342.2745400173051,344.34235264701294,341.8968635292253,342.812744140625,3634900.0
2024-08-20,340.52771490034525,347.1277310768374,340.3860898353703,346.7783508300781,3459400.0
2024-08-21,348.83674675872436,352.0659135551266,347.95861371105286,349.7903747558594,4587600.0
2024-08-22,350.77231923746814,351.67874838725527,344.26672995668065,344.9748840332031,4097300.0
2024-08-23,346.2023769256991,355.3234051140235,344.81439374889186,354.6341247558594,3426200.0
2024-08-26,356.0409857327282,357.45729393686764,352.5379915093186,353.2366943359375,2452100.0
2024-08-27,352.6513134690684,353.3972439044294,350.3002509248581,352.3586120605469,1780300.0
2024-08-28,352.18872807477965,354.46426728232353,349.54496362590413,351.8960266113281,2218300.0
2024-08-29,353.9573082126696,354.6317868259471,348.56165324574675,348.6851501464844,2698400.0
2024-08-30,350.75598617433855,351.86742920471477,346.6142599200337,350.05303955078125,3216700.0
2024-09-03,349.48310821832206,350.88903061103827,344.7334056630584,346.4812927246094,3598100.0
2024-09-04,345.93982469925413,347.61170016976007,341.98806896826244,346.414794921875,3221300.0
2024-09-05,346.6332687267155,346.870753842175,339.6796975884895,343.7359619140625,2789200.0
2024-09-06,344.7523848101412,347.1462241962729,341.4275933900181,342.0260314941406,2228800.0
2024-09-09,344.600413028541,347.830204817829,342.0070651177034,347.22222900390625,2747600.0
2024-09-10,347.3932369107562,352.95987407667576,344.33442747794874,352.3044128417969,2787400.0
2024-09-11,351.05047408733355,352.6273786789166,344.0114410166048,351.94342041015625,2937700.0
2024-09-12,353.32084535354886,356.2181520649975,352.0099229236224,355.6861877441406,2367700.0
2024-09-13,356.7596658849599,362.8772852646329,356.71218045404663,360.9678955078125,2514700.0
2024-09-16,362.87724058661234,364.77712142737994,360.53088658866915,362.8867492675781,2877800.0
2024-09-17,364.2356973221191,368.5199384698924,362.5733013633014,364.0552062988281,2947600.0
2024-09-18,364.8626646178248,373.0131708213576,361.993854575515,364.78668212890625,3549400.0
2024-09-19,371.27471386694015,372.25315134941354,367.63645477867937,370.79974365234375,3753500.0
2024-09-20,368.8903727470907,372.2151644172146,367.62696466799196,370.3437805175781,6584200.0
2024-09-23,371.26521620921255,372.99411479924817,367.873950808613,372.3386535644531,2502300.0
2024-09-24,374.9415123713078,381.0306052285165,373.9250691182467,380.6031494140625,4057700.0
2024-09-25,380.6030715745107,380.6030715745107,375.81536450261444,377.0597839355469,2787300.0
2024-09-26,379.5011604295263,379.9761305927672,375.6918904435728,376.8413391113281,2849500.0
2024-09-27,379.64374286864995,383.33902559979197,378.3708259840851,379.5297546386719,2452300.0
2024-09-30,380.1661308793094,385.0203120404746,379.0451792599096,384.91583251953125,3442000.0
2024-10-01,383.7949209283728,390.0075394388996,381.31559032873446,388.5731201171875,3476200.0
2024-10-02,387.29069995780657,390.8624560313959,384.6878436341625,390.6724853515625,3431300.0
2024-10-03,388.52560705758503,392.29687144460956,386.43572667061454,390.9764404296875,3320700.0
2024-10-04,389.5420825968669,391.2044783643426,379.45371977776676,387.91766357421875,3989000.0
2024-10-07,384.6214257745655,389.29511683443,381.1541197322872,387.6327209472656,3267800.0
2024-10-08,389.28563625603346,394.5008297288127,387.9937309884585,393.4463806152344,3693900.0
2024-10-09,398.97498874486917,399.00348579875566,390.1880395879881,395.2417297363281,3627800.0
2024-10-10,389.20964561372375,393.7313719353021,387.2242733312361,389.4376220703125,3040800.0
2024-10-11,390.00760068467537,392.4584636058537,388.3737017338517,391.280517578125,2717400.0
2024-10-14,390.88153017967016,395.57423860251583,390.7105188561323,394.6242980957031,2088700.0
2024-10-15,397.0275976758589,400.45686856930234,394.2442503002934,394.7762145996094,3693000.0
2024-10-16,393.15183275011157,397.77803790727506,393.15183275011157,397.654541015625,2429000.0
2024-10-17,397.6545586151743,398.0250493065218,393.80731138131466,394.7952575683594,2013800.0
2024-10-18,395.79261540460834,395.802124084254,392.5533155420458,394.2252197265625,2436600.0
2024-10-21,395.2417853619553,395.7072469709037,384.1274689439006,386.05584716796875,3699500.0
2024-10-22,378.55130545137274,382.7785524532453,376.375933496103,381.7336120605469,4486700.0
2024-10-23,380.5081758782898,384.041955804848,376.8319106703955,379.6342468261719,3159000.0
2024-10-24,382.1515719710401,383.965961805343,378.1618102739501,382.52203369140625,2550300.0
2024-10-25,383.31997713658996,383.31997713658996,377.9148134145195,378.9407653808594,1941400.0
2024-10-28,383.2534914397633,385.5238340718697,381.82858074509056,382.7215270996094,2586500.0
2024-10-29,374.2195618671285,379.1307380043805,369.57433891967145,375.2929992675781,3822700.0
2024-10-30,375.22646816090224,377.78181022528975,372.3196527773779,372.87060546875,2795600.0
2024-10-31,370.9517256866939,375.8629303034454,370.9517256866939,374.0390319824219,2518600.0
2024-11-01,375.0364941564769,378.75076495413833,372.3861810599697,372.9371337890625,3277800.0
2024-11-04,372.32916460414464,380.43215534443425,371.4932123840639,375.7679443359375,2690500.0
2024-11-05,375.1980156245721,380.194712133494,374.1435665521712,380.06170654296875,2496500.0
2024-11-06,374.314550457999,374.314550457999,362.611276924346,368.9283752441406,7133400.0
2024-11-07,371.4267440607846,379.7482323093441,371.236744360452,379.4442443847656,4323100.0
2024-11-08,383.7758991727473,386.0557502015404,382.1609889911679,385.5807800292969,3448700.0
2024-11-11,387.3572086991928,390.9954968743001,385.51432189825283,387.8511962890625,4071500.0
2024-11-12,393.512793583495,395.1941775820035,382.0565151769957,382.9019470214844,5647100.0
2024-11-13,388.64919323640333,392.07846480714005,386.3598329651031,389.6561279296875,3083100.0
2024-11-14,387.57571419985794,390.9005058657881,384.1464429967137,385.40985107421875,3348100.0
2024-11-15,382.73098932719614,388.44014052677335,382.73098932719614,387.7466735839844,3239500.0
2024-11-18,385.2008164664059,391.8884047264167,383.7284205024983,389.8935241699219,3394300.0
2024-11-19,387.9367132679696,388.6776657122017,379.3682312445411,386.435791015625,3239400.0
2024-11-20,385.67580825805663,386.34077814410904,379.9001832938776,379.9761657714844,4732200.0
2024-11-21,381.2395649241592,390.79599194233816,380.33713894531246,389.9030456542969,3722200.0
2024-11-22,391.46097334311344,399.1080116873607,390.37805625842884,398.9750061035156,4932500.0
2024-11-25,403.7246739598363,408.7118611087519,403.21169802163837,407.2109680175781,4544200.0
2024-11-26,407.14447314039404,417.3753211111246,403.4397112700655,408.0184020996094,2758600.0
2024-11-27,409.288520063449,410.7209343689843,406.767456897286,407.9420471191406,2293500.0
2024-11-29,409.25029229802067,411.58035510846037,408.2762611136731,409.79461669921875,2028700.0
2024-12-02,409.6704731203931,411.00738725078565,404.09361050322525,407.7223815917969,2617100.0
2024-12-03,410.36755209163795,411.2747302045605,404.24636566185904,410.0046691894531,2714000.0
2024-12-04,407.1971871166858,409.50813251060987,406.32818561978274,408.63916015625,1968800.0
2024-12-05,407.378644339883,410.396267381517,406.6910842906177,407.32135009765625,2523500.0
2024-12-06,409.3840042578643,416.116339575039,407.77014853832134,411.9336853027344,3161400.0
2024-12-09,412.869527706977,416.69882853936673,408.74416779380095,409.84234619140625,3426000.0
2024-12-10,407.6650871429016,408.05661719919686,402.4224603466762,403.5492858886719,3354900.0
2024-12-11,406.07033441014903,408.71551545577927,402.2792103557571,402.393798828125,4211200.0
2024-12-12,402.4415662170093,403.702097798076,394.5632875491581,395.7474365234375,3673600.0
2024-12-13,397.0365758126904,399.29981483301486,395.5182201876285,398.19207763671875,2649500.0
2024-12-16,399.02289613025556,399.6245148193642,392.1855014770882,392.20458984375,2879600.0
2024-12-17,391.5265520560907,391.9085233515395,387.9264281541095,390.06549072265625,3726500.0
2024-12-18,388.661731537377,392.2045612742801,375.655414864707,376.0755920410156,4225500.0
2024-12-19,376.9541030786628,377.33610350411493,367.54794002399177,367.67205810546875,4576100.0
2024-12-20,366.096450152328,375.56949641993396,365.7908614340888,374.91058349609375,8046400.0
2024-12-23,373.47812489286076,375.5216872759365,369.59150080687925,374.7673034667969,2433800.0
2024-12-24,374.46168606774563,378.291015625,372.9051248020525,378.291015625,1392600.0
2024-12-26,374.8341459325444,377.94726885731666,373.9747032214078,377.33612060546875,1319500.0
2024-12-27,374.47128263913055,377.651229332419,373.73595803375235,375.1588134765625,1942700.0
2024-12-30,372.9338047085502,373.5831588082243,368.30232637219336,371.88336181640625,2444700.0
2024-12-31,372.4372867196504,373.8219364278402,369.849370499107,371.4632263183594,2179700.0
2025-01-02,374.4617453761999,374.9774226764104,368.9708239748738,370.95709228515625,2415700.0
2025-01-03,372.2558307359425,373.3922150648131,368.42650056172073,371.6446533203125,2231600.0
2025-01-06,372.90517036923944,376.2379114779119,370.54646044345577,371.8260803222656,3274500.0
2025-01-07,373.2871154012432,374.2420581518949,365.8385736031759,366.91766357421875,2274300.0
2025-01-08,365.7431041861572,370.2217883938872,362.97377580542326,369.7538757324219,2848500.0
2025-01-10,371.386807918017,375.20657911876685,367.29009514530105,372.3226623535156,5323400.0
2025-01-13,372.41815470147077,378.02366459759867,370.2313565461188,371.6446533203125,3512900.0
2025-01-14,372.9911009365216,376.43845956335196,372.074364017818,375.0824279785156,3405200.0
2025-01-15,388.32752081453424,389.6166995459525,383.6578652314521,387.7927551269531,4584800.0
2025-01-16,387.9646567278024,391.63163411070633,385.7205641387082,390.88677978515625,2305900.0
2025-01-17,394.8593412332259,395.77610742502077,390.12283247913376,390.9345397949219,3229000.0
2025-01-21,394.3914187424888,401.28610766441517,394.3914187424888,399.5767517089844,3568100.0
2025-01-22,398.7363460183702,398.7363460183702,390.88671520330524,391.6220397949219,3581400.0
2025-01-23,393.0258650036332,396.005282254448,390.3329189721102,395.71881103515625,3840300.0
2025-01-24,395.43226145790715,396.3108216586317,392.2523147493637,395.82379150390625,2369800.0
2025-01-27,396.205781155389,406.98709405149816,395.34633842211036,405.7265625,3699200.0
2025-01-28,404.1699804348256,404.1699804348256,397.9246755195411,399.95867919921875,2818300.0
2025-01-29,401.2860801028969,402.38425853686465,393.2359189817377,394.79248046875,2384900.0
2025-01-30,397.6477357531764,398.5167372002658,392.97805146209276,395.82379150390625,3081300.0
2025-01-31,394.5537733055904,397.61913187402223,391.83218019490664,393.4173889160156,2761000.0
2025-02-03,387.82134438194777,393.3409123029168,382.9416009252308,390.3424072265625,2896200.0
2025-02-04,391.05866414108607,393.99031660456575,387.79274670194985,392.9494323730469,2150800.0
2025-02-05,396.44453019988754,396.44453019988754,389.7504004382095,395.1744689941406,2212100.0
2025-02-06,396.21532209285135,398.9655620297072,394.3913778410818,395.4991149902344,2023700.0
2025-02-07,394.58237802977203,395.6232621883938,388.1842495898477,389.0150451660156,2530200.0
2025-02-10,392.13772640032226,396.25352754762366,390.37107638721915,395.3367614746094,2617600.0
2025-02-11,395.3463548805405,397.80056509224625,394.14311751833344,397.6000061035156,1441800.0
2025-02-12,390.1705315480723,391.1923273779493,384.00160898050046,388.7954406738281,3387000.0
2025-02-13,390.2946575718585,394.37228191581227,389.1296262082347,393.8470458984375,3067900.0
2025-02-14,396.3012885348701,399.1661171266884,390.1514541596966,391.0491027832031,3004400.0
2025-02-18,389.9126838669877,390.4474494919683,382.1872002799042,385.1379699707031,3994000.0
2025-02-19,379.3223929387743,380.6784245830976,375.23523878302007,377.613037109375,3780000.0
2025-02-20,375.2925527801587,376.9732615787832,373.4781671321222,376.8586730957031,2703500.0
2025-02-21,378.5393241470728,379.89535576031926,366.6025390191849,367.939453125,5287000.0
2025-02-24,368.69386326871734,369.13312879813276,361.15937970807727,365.1892395019531,5722000.0
2025-02-25,367.65300399376844,382.94164862831803,366.87950260248374,375.5694885253906,6823900.0
2025-02-26,377.4316167162081,380.8980640531671,371.05260523567074,372.8861083984375,3871500.0
2025-02-27,372.34172044814306,377.6511996541403,370.8328946266858,372.68548583984375,2825100.0
2025-02-28,376.64854787511086,378.9881402239717,372.6950707379742,378.7303161621094,4263500.0
2025-03-03,379.0646088859166,379.17919737506156,369.05679645743214,372.1317138671875,3397600.0
2025-03-04,368.75117010331786,370.4796143041859,361.8278345458771,364.4825744628906,4384800.0
2025-03-05,361.9233036045971,369.67743410081266,360.9779196041715,368.942138671875,2780300.0
2025-03-06,366.2206034378623,370.28866953178243,363.5754220868762,364.5303649902344,4222000.0
2025-03-07,362.40080604312857,363.49898447535685,352.27840615913345,359.82244873046875,4573900.0
2025-03-10,360.43361622444854,365.85768438632294,355.8212261363351,357.7693176269531,3710500.0
2025-03-11,357.3586978970234,358.03669912912505,349.251242802646,351.5717468261719,4013300.0
2025-03-12,355.2101027807914,355.238749901372,345.4505854215627,348.29632568359375,3368000.0
2025-03-13,347.7966213842051,347.8831081404113,331.79592628136567,333.70831298828125,7062400.0
2025-03-14,336.97565888712217,337.6868209713091,331.94963252151473,337.60992431640625,5510700.0
2025-03-17,338.0424348380734,341.6846152018951,337.27361481844554,340.32000732421875,3681300.0
2025-03-18,339.74339947431986,340.08937581485355,334.03503913913664,335.9378356933594,3008200.0
2025-03-19,338.27302774481393,340.6082578011612,335.3803995716337,339.6376647949219,2990200.0
2025-03-20,340.85817261252123,347.66206127172387,338.46528441361494,341.6557922363281,3391200.0
2025-03-21,338.3595218682597,339.60884328764615,332.77609712904916,337.4561767578125,8205400.0
2025-03-24,340.7908739600204,350.21831089976223,340.46413646431137,349.58404541015625,4023200.0
2025-03-25,347.4314254355851,349.4687471736646,344.55803575098093,346.9124755859375,2799500.0
2025-03-26,346.335920634567,350.50667056142134,346.07643102846345,348.008056640625,3140900.0
2025-03-27,347.786976338767,350.96789389059563,347.0662240960115,348.5846252441406,3036600.0
2025-03-28,348.997862079119,349.03631041181484,342.28046031914835,344.1832275390625,2980200.0
2025-03-31,339.71457782503063,354.36025490714746,338.897719367875,352.197998046875,4498800.0
2025-04-01,349.93961819025157,352.96677152988553,347.80619052972713,351.2657775878906,2801600.0
2025-04-02,348.42122075293054,357.7909993418993,348.13293160426275,356.4263916015625,3189500.0
2025-04-03,341.9056435318467,345.9995256650902,337.99435431339464,342.03057861328125,5407100.0
2025-04-04,337.0333362329457,351.1889202380453,335.42847773054956,340.09893798828125,7531100.0
2025-04-07,330.8733158832542,340.40647839505345,320.4944953800511,328.192138671875,6950500.0
2025-04-08,336.71622500594077,340.1950510616884,316.88110964650804,322.1666259765625,4868000.0
2025-04-09,315.7855759694516,342.1554993249397,313.58487099714154,341.5308532714844,6793000.0
2025-04-10,339.08993322637644,341.4347830226548,326.414300607002,339.82989501953125,5574800.0
2025-04-11,336.64896734958444,340.646743452978,330.77725294388705,340.0605163574219,3576400.0
2025-04-14,343.84687254570434,345.0192974158903,339.81067741452034,343.2702941894531,2841800.0
2025-04-15,342.65518903266076,347.3448878408554,339.54154904549057,340.30072021484375,2883100.0
2025-04-16,338.11931024223435,340.0028680121567,330.8925778502465,332.4974365234375,2637200.0
2025-04-17,334.9575458777484,343.55853348192454,334.78457239598924,341.21368408203125,3232400.0
2025-04-21,340.4737436073095,340.54099152497014,328.4707968106564,333.3719177246094,4015200.0
2025-04-22,337.46580720627406,342.32847989896396,336.7546743917056,340.6082763671875,2802400.0
2025-04-23,347.8061762559252,350.6122882503836,341.01187883576085,342.5206604003906,3283300.0
2025-04-24,342.5975792392906,346.3454851803384,340.78126944046454,345.6151428222656,2749500.0
2025-04-25,343.75078200585745,345.0000741645964,340.90619203344727,343.63543701171875,2811300.0
2025-04-28,344.0294410662529,346.0571725668631,340.68516952725895,343.0011901855469,2413000.0
2025-04-29,342.0113861738577,346.51846345268905,340.8966191275367,345.0000915527344,2836900.0
2025-04-30,342.5975533958161,347.18152693244696,338.6382259143262,346.43194580078125,3741500.0
2025-05-01,346.2589874691235,348.728772209769,343.76999322643417,344.3273620605469,3210100.0
2025-05-02,347.9599598601479,351.9481458469136,347.075853506962,350.3048095703125,2283300.0
2025-05-05,348.0080525958742,350.0549938636301,345.7016510525174,347.6236572265625,2563500.0
2025-05-06,344.69255105757156,348.1425483288535,343.2030081296798,345.3652648925781,2299700.0
2025-05-07,346.4223546578679,349.59365266813626,345.7304313594025,348.60382080078125,2657200.0
2025-05-08,349.8147016963988,354.90800572390526,348.1329464931206,350.63153076171875,3035800.0
2025-05-09,348.0080303192212,351.3138830731638,347.4025937207543,348.5653991699219,1970700.0
2025-05-12,360.37612252930506,363.95105483789513,358.91540853721386,361.90411376953125,3831400.0
2025-05-13,366.14208538141867,366.14208538141867,358.40602417981097,359.0306701660156,2726800.0
2025-05-14,357.39696822751023,361.1352835395001,356.36868809862307,358.271484375,2587400.0
2025-05-15,357.5892147023516,364.53724747775135,357.0318165505938,363.86456298828125,2830500.0
2025-05-16,365.40215469947304,366.3054998000389,363.4032521813129,365.9306945800781,3129100.0
2025-05-19,359.5976890731035,366.29588067482604,359.56886015827473,364.5852966308594,4428200.0
2025-05-20,371.3027156764133,374.55091043234194,359.4631519565435,362.3461608886719,6287400.0
2025-05-21,363.23993258352306,363.57626017902237,354.2257195504715,356.37835693359375,3966000.0
2025-05-22,353.6490911158033,354.83113532063317,350.3528579844883,351.8520202636719,2957300.0
2025-05-23,348.24828107559796,350.49702463598595,347.06623679632986,348.5653991699219,3115000.0
2025-05-27,351.6213716373405,356.0996194256755,350.9198289495203,355.9554748535156,3998500.0
2025-05-28,354.4371588263616,356.67628307227443,353.1013504837136,353.706787109375,2986100.0
2025-05-29,355.5711022928413,355.90745920104746,349.86274225037374,353.92779541015625,3034800.0
2025-05-30,352.73613177329685,355.22515529753224,350.8814030620951,353.92779541015625,4110400.0
2025-06-02,350.91021036178415,353.6875228776905,347.7292930428799,353.6106262207031,2506900.0
2025-06-03,353.61064482507294,358.9730578240293,352.688090185058,358.5309753417969,3359500.0
2025-06-04,358.5309774265715,360.7316824535805,357.1663696238725,357.87750244140625,2428800.0
2025-06-05,358.73814468718035,359.28932767144136,355.3730896458885,357.0846252441406,2324100.0
2025-06-06,359.2409532291427,360.34328957290467,353.8839025487831,355.198974609375,2349700.0
2025-06-09,355.1893258969253,355.2183339715843,352.3270581517876,353.13934326171875,2619700.0
2025-06-10,353.85491481155464,356.3787059742451,350.5768546469656,355.7598571777344,3014900.0
2025-06-11,356.94921372547765,356.94921372547765,347.4438316701904,348.55584716796875,3793500.0
2025-06-12,348.89428958494506,353.01361302625656,346.67025861986195,351.16668701171875,2921900.0
2025-06-13,348.1110620927645,350.8089310867107,341.148829047013,342.9474182128906,3364400.0
2025-06-16,344.1271174337576,345.3164779693407,340.2785457542928,341.88372802734375,3688600.0
2025-06-17,340.31727253461975,342.5896702786679,335.93687582364305,337.2616271972656,4230100.0
2025-06-18,338.51865948039523,339.31158621373004,334.38000687265406,335.56939697265625,4453900.0
2025-06-20,336.01422104726197,339.6113701669426,335.36636415354457,338.0738830566406,8056500.0
2025-06-23,338.41233069175877,345.2778608944495,337.01020477010445,345.1714782714844,3862400.0
2025-06-24,344.8910851417356,349.76461929235256,344.0304629802545,348.5172424316406,4089600.0
2025-06-25,347.2601045162967,351.59216372909214,346.50586509408674,349.90960693359375,4159600.0
2025-06-26,351.224701030144,353.16833044654925,348.6912309606489,351.4954528808594,3187900.0
2025-06-27,351.6018813772102,357.92590822260684,351.01204059763273,356.5624694824219,5503700.0
2025-06-30,357.0845984836706,358.69946004204405,352.6751939595168,354.53179931640625,4600700.0
2025-07-01,352.3077282567881,367.15080294914793,350.9636481218092,360.8364562988281,5152600.0
2025-07-02,361.31024555025317,361.6196846691613,357.17159324150737,359.5697021484375,3011400.0
2025-07-03,359.53104596994166,360.85579726950436,356.16596165774735,359.40533447265625,2573600.0
2025-07-07,358.74780182799987,360.478695711407,352.68487790309285,355.498779296875,3433100.0
2025-07-08,353.9322693310526,358.1676256350413,353.0523183149951,355.3634033203125,2531700.0
2025-07-09,355.3730474011631,358.8154765800173,352.7428738084694,358.7864685058594,3384200.0
2025-07-10,356.81388086322977,365.45864228882573,356.3400724157706,360.97186279296875,3701700.0
2025-07-11,358.1289428379228,359.5213895719708,354.9862732454764,357.8485412597656,3068900.0
2025-07-14,358.2450126733497,359.0282602900599,354.34810347190813,357.88720703125,2481100.0
2025-07-15,357.76148490395576,358.5060451631887,346.67992818136577,346.7959899902344,3868700.0
2025-07-16,347.97567451093755,349.02970342692333,340.82006407264356,345.596923828125,4259800.0
2025-07-17,344.76533187492925,348.42049680003726,342.94741385222386,347.1827697753906,3128900.0
2025-07-18,348.0917459350541,348.69126584234476,345.1811411163945,347.5308837890625,3361600.0
2025-07-21,348.8073048437816,353.7001971285355,347.9563619229997,352.0176696777344,3503900.0
2025-07-22,352.443099978538,359.9081490348627,351.70818944918966,358.7574462890625,3095400.0
2025-07-23,359.42471355103356,365.4006135356775,359.2796436552057,363.921142578125,3238000.0
2025-07-24,363.07985316788535,365.40058771045227,359.9661918911047,360.7687683105469,3088000.0
2025-07-25,362.28692197230157,363.5729859685138,360.7300765982126,362.9444580078125,2221000.0
2025-07-28,361.3973007046346,368.4948951098575,360.66241962149587,364.7720642089844,4062800.0
2025-07-29,364.5496804324124,367.1895335693962,362.3933149352594,364.8784484863281,2931600.0
2025-07-30,365.20715022500644,366.0290849654185,357.42301244109166,359.7920837402344,3110700.0
2025-07-31,356.9782598208417,360.4980343245854,354.7251910020546,355.3730773925781,3091600.0
2025-08-01,355.6727847854757,362.4222520293286,353.67113926627957,361.3199157714844,3008200.0
2025-08-04,362.460977483312,369.2878199790924,361.34896191429084,368.2434997558594,2844300.0
2025-08-05,369.2491053817069,374.1613555197297,368.37883367512865,372.681884765625,2931400.0
2025-08-06,373.3297471813113,376.0856322183398,371.8212683313094,374.0259704589844,2812800.0
2025-08-07,375.7858805090549,378.52243672676036,370.69958174394486,373.41680908203125,2433000.0
2025-08-08,374.29670058615875,376.4337367577091,373.44578730483846,375.0412902832031,2326700.0
2025-08-11,377.1010041516825,378.59012473254023,370.64158730208237,374.7319030761719,2605800.0
2025-08-12,378.4934467327819,383.2896354742762,376.1533537585326,382.92218017578125,2911300.0
2025-08-13,386.2969292340723,394.3518495097621,385.581376999498,393.73297119140625,5187500.0
2025-08-14,387.9504913015771,390.2808757407531,386.17123083082004,387.09954833984375,3600200.0
2025-08-15,388.92707853043134,389.48794065977467,382.3709879963991,386.1905517578125,3841400.0
2025-08-18,383.4733695525994,384.99152772825846,379.54745252555506,381.6651306152344,4407100.0
2025-08-19,387.77639008007606,400.6758359064842,387.77639008007606,393.7523193359375,7629300.0
2025-08-20,396.15041154342725,397.5912247260266,388.40495989263286,388.4726257324219,4195300.0
2025-08-21,386.7030776065693,391.07379513383484,383.08659959749883,384.5660705566406,2942600.0
2025-08-22,387.63135707774444,400.8112342300775,385.15590284110766,399.15771484375,5284700.0
2025-08-25,396.8079548206866,397.4945285045366,394.0907566920205,395.39617919921875,3579500.0
2025-08-26,394.52588553879133,395.531548019559,391.34452883630235,394.0810852050781,3180900.0
2025-08-27,395.28978862048206,398.09401071588593,393.75230163896487,394.7579345703125,2487800.0
2025-08-28,393.5588984371735,395.4445118429186,391.4412204312409,393.9940490722656,4051600.0
2025-08-29,394.2648042444122,395.39614868954186,392.0117355296734,393.33648681640625,2210300.0
2025-09-02,390.3485436049629,395.0963954018657,389.4492637468054,392.8916931152344,3328600.0
2025-09-03,391.56694218438946,395.5121880396359,390.24219087404623,394.2454528808594,3025100.0
2025-09-04,397.26011968287133,401.8404034566353,395.9861979319458,400.3525390625,3873100.0
2025-09-05,405.1175739833985,408.82264847243704,402.61834178517114,407.41259765625,5855600.0
2025-09-08,406.9749892700853,408.99769539417065,404.30072112075976,408.3753356933594,3742600.0
2025-09-09,406.6054488503357,407.1889314722671,401.3833372545098,403.9020080566406,3516000.0
2025-09-10,404.07701213354625,405.9344163339586,400.4011104850302,401.85009765625,2897800.0
2025-09-11,404.2520901069122,413.50990907145683,402.84200964465566,411.7594909667969,5316400.0
2025-09-12,408.69622210825554,411.84701630125346,407.34451659055753,411.0495910644531,5004200.0
2025-09-15,410.83568009040863,411.6428098200874,406.2456620869242,411.0690612792969,4884700.0
2025-09-16,412.08039870025317,412.8389171851107,408.52118744756547,409.84375,3726700.0
2025-09-17,412.7513785983885,414.9977612941385,404.35903482258374,405.5162658691406,4771700.0
2025-09-18,406.0511429878587,409.7854199351742,404.4076812634016,405.98309326171875,3677200.0
2025-09-19,405.87606754488917,407.0527371169607,403.66859162420025,404.2423400878906,6718400.0
2025-09-22,402.70587046992364,403.4546845448791,399.80795525150035,400.65399169921875,2656300.0
2025-09-23,400.6539731783087,402.3363415649943,396.2389914749436,399.593994140625,2597000.0
2025-09-24,395.5874669386123,399.3411526132105,393.85648733374296,398.4853820800781,3220700.0
2025-09-25,395.4513223525085,399.5453755013872,394.4399544427085,396.22930908203125,2554300.0
2025-09-26,396.91975739351886,400.0802562173988,394.66364034133846,398.7966003417969,2316600.0
2025-09-29,398.7576973399684,399.6329361488585,392.7284557947046,395.5971984863281,3008400.0
2025-09-30,395.4318404229484,395.7916462621145,392.36859405929937,394.031494140625,3211600.0
2025-10-01,393.2535809799684,393.97319273846136,384.4236170674206,386.0865173339844,3787800.0
2025-10-02,384.60836289471746,386.4365945008176,382.94546273264024,384.1318664550781,2964700.0
2025-10-03,383.27606880806803,386.3782218542282,381.8173772695158,384.1804504394531,2951300.0
2025-10-06,383.6358825136301,383.6358825136301,375.09767571980467,378.6082458496094,3653700.0
2025-10-07,378.7250266598306,379.01675314931214,374.8935271531156,376.15771484375,2505700.0
2025-10-08,375.8173102434433,375.8173102434433,372.43316459219193,373.2208557128906,2517600.0
2025-10-09,372.3553630865562,373.77514803569323,367.0651721318674,367.2888488769531,3321400.0
2025-10-10,369.78809206527785,369.78809206527785,364.4589941977949,365.40228271484375,2992400.0
2025-10-13,368.6308504339742,371.78161502209394,366.80261874752887,368.9225769042969,2925900.0
2025-10-14,368.43634606259553,378.1804256443732,367.60004373018455,377.0426330566406,4399900.0
2025-10-15,378.51103978401335,383.50947434180813,376.07988706518233,377.60662841796875,3690100.0
2025-10-16,378.9292168586321,379.25985008975897,373.39591051776523,376.72174072265625,2783700.0
2025-10-17,377.80115149933664,382.28418309319864,376.5369638928536,381.1075134277344,2657700.0
2025-10-20,380.63101126516386,382.3522567670641,377.40243321809885,378.180419921875,2761100.0
2025-10-21,376.8870540082442,382.78990051625465,375.2338581249689,380.13507080078125,2306900.0
2025-10-22,380.4754194313423,382.225837605147,377.4802521906377,378.2582092285156,2857000.0
2025-10-23,376.4688710262192,378.0150806165678,370.79940618445,374.42669677734375,2767300.0
2025-10-24,378.9681015073717,378.9681015073717,375.04908447214564,376.03125,2426800.0
2025-10-27,377.02319835539487,378.56940801701535,372.3553670460668,374.66009521484375,3065800.0
2025-10-28,373.8335013939448,379.26955526933915,372.2872621610022,375.1268615722656,2372800.0
2025-10-29,372.45257937060524,374.39750145609145,364.86739510807143,367.6291809082031,3852300.0
2025-10-30,367.30830073831277,374.1058245068382,365.7523569286475,369.0976257324219,2384300.0
2025-10-31,366.5789276874148,370.4493335464572,364.682646350049,369.1365051269531,2643500.0
2025-11-03,366.6275697464224,368.0570887541689,363.3892576559226,367.9306640625,2897600.0
2025-11-04,366.95818218185974,373.1138475541215,366.3746996179726,372.5303649902344,2590000.0
2025-11-05,372.24839971795575,372.8610549707219,360.3260169130116,363.54486083984375,4763000.0
2025-11-06,361.58048746407775,362.39735121357927,357.4280596409988,358.9062194824219,3622100.0
2025-11-07,358.8283715782504,363.36004335764284,357.4474935902143,360.8899841308594,2766400.0
2025-11-10,359.6064000909565,360.4524365034046,353.44100025057185,360.228759765625,3257900.0
2025-11-11,361.7457700495194,365.6453482872514,360.69552519217467,363.9338073730469,2407300.0
2025-11-12,361.81389713794727,363.27258887924756,358.84790246816715,360.9095153808594,3375800.0
2025-11-13,361.42490876665056,363.2336722315698,356.5236963397476,357.93377685546875,3034800.0
2025-11-14,355.83326688983465,357.2141451188847,349.89151376555355,352.3810119628906,3413300.0
2025-11-17,351.1848930100947,353.7619090719871,346.29341470792065,348.1702575683594,5127200.0
2025-11-18,330.6173592116862,339.1944441751817,326.75668718026844,327.2137451171875,10168500.0
2025-11-19,331.5800630406063,332.3385815128617,322.2444305286613,325.2882385253906,7595000.0
2025-11-20,327.0970305832446,329.56709030759504,322.9835387560075,323.2266540527344,4025300.0
2025-11-21,325.356351446162,337.36625322520536,323.8295802366419,333.8653869628906,7441300.0
2025-11-24,332.7762309351845,334.24462715093733,327.2818014724936,327.31097412109375,6132900.0
2025-11-25,329.6643042136632,343.27875925493544,329.51844098793805,341.40191650390625,6316600.0
2025-11-26,340.61427155844075,347.48954973119123,339.38896094201596,345.6807861328125,4517300.0
2025-11-28,345.1556025907452,347.97573377578397,343.7649903745483,347.0908203125,2119600.0
2025-12-01,344.29983082264397,352.312930239926,343.16206798710976,347.489501953125,5107100.0
2025-12-02,347.00327466524027,347.654836647816,341.6255660714526,344.2803955078125,3965300.0
2025-12-03,344.7374926404726,350.5430871450869,344.00814674631084,348.0535888671875,4166700.0
2025-12-04,348.71911535336596,349.9131924709116,342.56276473239785,343.7079162597656,4022800.0
2025-12-05,343.19895387165076,348.0633464265518,342.1027577808173,347.0747985839844,5959200.0
2025-12-08,344.4713302562425,344.60833982606607,338.3541382135411,342.47467041015625,7273000.0
2025-12-09,340.3703677160696,349.09104041465736,337.6298477160418,337.9332580566406,5063100.0
2025-12-10,336.7881454975472,344.53983485927705,336.6902644468525,343.66876220703125,6316100.0
2025-12-11,348.4352899865784,355.0124966552466,346.4190656980946,349.8642578125,6609800.0
2025-12-12,351.6259931808686,353.094119260683,348.4841818643126,352.0076904296875,3861200.0
2025-12-15,351.75326163701504,354.9635630414982,348.06335203323914,349.40423583984375,4387400.0
2025-12-16,349.31615106277945,351.1170489325283,344.3343131247511,345.1858215332031,3497200.0
2025-12-17,344.49091449028276,349.90340512869824,343.5219607726549,349.1693420410156,3875200.0
2025-12-18,355.8150530732911,358.5163848099426,347.0258606581617,347.44671630859375,4805200.0
2025-12-19,346.58541127955135,346.58541127955135,337.5907194306183,337.66900634765625,12825600.0
2025-12-22,337.97244288692974,340.50740392360393,336.39666840566116,339.0295104980469,3523700.0
2025-12-23,336.69028944414873,340.11591738907464,334.6740651003779,337.6396789550781,3873400.0
2025-12-24,337.02300698088413,340.85972280498515,336.5923542903493,339.9592590332031,1368600.0
2025-12-26,339.6167196193633,342.6116945815832,339.20566102327206,342.3474426269531,1786900.0
2025-12-29,342.56275799846856,342.87596540293737,337.4243166284915,340.06695556640625,3790000.0
2025-12-30,338.67714901066444,339.60697424818056,336.41623697955146,338.9903564453125,2392600.0
2025-12-31,338.1583920810744,339.34267215308904,336.6609045931061,336.78814697265625,2317500.0
2026-01-02,336.1323595285862,341.0848358843269,333.6757154817447,338.4715881347656,3763000.0
2026-01-05,335.41787238947416,339.96905711029814,333.9986719456546,336.7783203125,4725300.0
2026-01-06,334.2433821573216,343.22830690148726,330.5339084400161,341.86785888671875,4680300.0
2026-01-07,345.83181357461933,350.882171425454,341.61339990042745,341.64276123046875,4442700.0
2026-01-08,337.9724478428672,355.5214431146019,336.7881676979742,351.9196472167969,5196500.0
2026-01-09,355.77590141056635,367.51111346981986,353.632434855731,366.67919921875,7093500.0
2026-01-12,366.6791955603369,368.42137070172816,361.4037146771692,366.9728088378906,5859800.0
2026-01-13,367.88301598710603,372.10142905904644,362.94033696481216,371.6707763671875,4785800.0
2026-01-14,368.6856307593888,372.0133774109565,366.023427464314,367.96136474609375,4959900.0
2026-01-15,368.02988789183587,372.1014950566882,366.5030389386545,371.1031799316406,2990100.0
2026-01-16,371.19124144254374,374.63643351070186,369.4882246061678,372.0917053222656,3709000.0
2026-01-20,364.33018071485697,369.3218156656606,363.41015259231614,367.1391906738281,5353700.0
2026-01-21,367.81455216608674,377.719535714972,366.71835600898766,376.46673583984375,5169800.0
2026-01-22,378.2382530449191,382.3000628313615,372.44403525172845,372.93341064453125,4828100.0
2026-01-23,373.3934198383746,376.20242977736825,371.1520722052226,375.61517333984375,3138300.0
2026-01-26,376.81907125597525,379.18766141770476,373.8338931586024,378.3165588378906,3984800.0
2026-01-27,376.77011060504714,378.2871623096181,370.2320329388677,372.2776184082031,3466100.0
2026-01-28,372.1308348268722,372.9040563253842,365.7102319421367,367.3251647949219,3371500.0
2026-01-29,366.9336686607455,369.07713530060647,362.284602364362,363.9093322753906,4744500.0
2026-01-30,364.49657950368345,367.1489857391411,360.71858598230574,366.6302490234375,3755600.0
2026-02-02,366.28767783702625,371.58272307589243,360.41517322936585,370.0852355957031,4757200.0
2026-02-03,369.27288458137934,383.45497361161824,368.9890384961104,373.0019226074219,5684400.0
2026-02-04,376.41776544446515,382.23154756833605,376.19264200827143,378.9723205566406,5574700.0
2026-02-05,378.46334758938633,378.77655501017597,372.73764950494666,374.24493408203125,3759700.0
2026-02-06,373.2368128082787,378.1599279570784,371.0444206547449,376.9658508300781,4685400.0
2026-02-09,376.19261028028023,377.58244943724617,370.16353216389405,372.9040222167969,3639300.0
2026-02-10,375.65433486260844,383.4158213872818,373.8240756812119,381.39959716796875,3160800.0
2026-02-11,376.81905953552473,383.10265283953595,373.96109404547286,382.37835693359375,3229900.0
2026-02-12,385.187358063094,389.18067797780816,380.7340539554721,381.9281311035156,3702200.0
2026-02-13,381.908564252376,385.62780524875825,378.87443087685193,382.740478515625,2875900.0
2026-02-17,383.89544883635097,385.6278270527202,372.41469084659906,374.9007263183594,3485300.0
2026-02-18,374.6168560607417,376.93649059942254,371.4750744620919,375.3704833984375,2982600.0
2026-02-19,375.58581909315217,375.58581909315217,369.3707754637165,370.53546142578125,2930900.0
2026-02-20,369.42951043425745,376.6428992274523,367.96138419838536,374.12750244140625,3984100.0
2026-02-23,372.89425117804547,375.977340039125,361.7267011620893,368.979248046875,5495700.0
2026-02-24,380.8417107584177,385.9703852790173,374.0883361890514,376.31011962890625,5675800.0
2026-02-25,372.97257644926333,373.3347094680754,363.47868169262966,367.5894470214844,5036900.0
2026-02-26,370.35929161988014,373.37386076885247,366.97282226210285,367.11962890625,2889400.0
2026-02-27,365.915758878878,374.0687697501482,364.42806841930053,372.6300048828125,4819500.0
2026-03-02,367.0315715092017,367.13921976634026,361.15906636505446,362.93060302734375,4537600.0
2026-03-03,356.0010127710523,360.94369199596207,352.46770711379116,359.12322998046875,3964700.0
2026-03-04,358.41858485167666,361.7169705441832,353.8282408266486,361.2667236328125,4324400.0
2026-03-05,358.340254529235,359.1819957877215,351.5673154097268,353.9945983886719,4752200.0
2026-03-06,349.94255357633443,351.81197110412063,345.71434314288405,350.3144836425781,4167400.0
2026-03-09,348.04377907067123,348.91485172224776,338.2954297848507,346.047119140625,4224500.0
2026-03-10,345.5382004871225,353.9554635770335,343.56110469944167,349.56085205078125,3986000.0
2026-03-11,347.90677293241225,348.7485142053993,341.69169898686965,343.38494873046875,3197100.0
2026-03-12,340.9512279608855,343.5425566286561,333.7191718320135,333.9457702636719,3893600.0
2026-03-13,336.6651978613972,338.36976775473033,333.05901726415016,334.0443115234375,2531900.0
2026-03-16,337.40418868905533,340.1630007521627,335.6405034404279,337.5421142578125,3194400.0
2026-03-17,339.81816704201003,341.68035764135743,335.92624251251857,336.4090270996094,3075900.0
2026-03-18,333.62066680099906,334.8030019580219,325.28508517224077,326.0634460449219,3592200.0
2026-03-19,324.12242413889567,325.37376721971134,319.8561127917808,323.3834533691406,3845400.0
2026-03-20,322.93020208868677,325.37374274161465,315.55035751193924,316.03314208984375,9672200.0
2026-03-23,327.10784167944627,329.7977059156196,323.38343046640387,326.03387451171875,5806300.0
2026-03-24,321.10742781217783,327.6300717030042,318.26977522756266,326.04376220703125,4566400.0
2026-03-25,330.07358186100777,332.2313787270356,322.18136510255556,327.6202087402344,4397800.0
2026-03-26,326.56593457755275,329.2065159991698,321.7872513641968,323.6001892089844,3448400.0
2026-03-27,322.68389984010173,322.72332003339125,316.0233004076466,316.919921875,3977400.0
2026-03-30,320.93006084928754,323.16666808726706,317.83622231185035,318.7427062988281,4066000.0
2026-03-31,323.65932500963066,326.56595531217556,318.6540430408731,324.053466796875,5749100.0
2026-04-01,324.5264147036482,328.1917111081323,322.9893578310064,324.713623046875,3386200.0
2026-04-02,318.84123847490497,321.5015150184395,313.9738822734865,316.90020751953125,3732300.0
2026-04-06,314.9985972226668,321.87593213773096,314.2300688775543,321.84637451171875,2448300.0
2026-04-07,318.2500813990391,319.60979244017267,310.673165290877,314.082275390625,4661600.0
2026-04-08,328.3591748751156,333.7979883682909,327.36401804999974,331.2165222167969,4610600.0
2026-04-09,326.388616523007,335.5617045306175,323.6199418005998,334.58624267578125,3002000.0
2026-04-10,336.0248127567512,336.2120210994593,330.8717121868362,332.37921142578125,3208300.0
2026-04-13,330.60565624287267,336.4188865710081,327.0487282012957,336.14300537109375,3741200.0
2026-04-14,335.9853517224209,337.71947928880917,333.36446531187323,337.6701965332031,2882500.0
2026-04-15,336.8228540004552,337.2366607575258,331.6697541162465,333.92608642578125,3365200.0
2026-04-16,334.9902184465357,336.9509746615948,331.7387590995254,332.1919860839844,2856700.0
2026-04-17,337.7983122720913,346.8433072133841,337.7983122720913,344.2618408203125,4930400.0
2026-04-20,343.2174366312315,346.00583653193246,338.5668460102951,345.8284606933594,3260900.0
2026-04-21,347.7399078982703,348.35078554942595,337.92638515117363,338.8624267578125,3081000.0
2026-04-22,338.8919874460811,340.1629954470494,332.95066400346604,334.5074157714844,2855800.0
2026-04-23,334.50744745169345,335.81787576813997,331.9259809451064,335.1577453613281,2712400.0
2026-04-24,332.91125712465214,335.26609496653134,329.75830320236696,330.9505310058594,3255900.0
2026-04-27,329.56126408981737,332.41861168305576,327.25567892552993,327.4132995605469,3282900.0
2026-04-28,329.5316980954363,330.9899144482985,322.5459348903251,324.220947265625,4279300.0
2026-04-29,320.8709611177203,321.0483068839262,314.35814983882847,318.0628662109375,4150000.0
2026-04-30,317.5012539357068,325.26537852338674,317.5012539357068,323.96478271484375,4317900.0
2026-05-01,325.24565828599395,325.6594650583568,318.60475417876165,319.11712646484375,3865300.0
2026-05-04,317.34356938789824,317.34356938789824,307.6680023826615,307.8256530761719,6396100.0
2026-05-05,308.8011039225745,312.959047256485,305.8353583254913,310.78155517578125,6391400.0
2026-05-06,317.2253492112466,320.4571133614208,314.6537454823368,318.29931640625,5455900.0
2026-05-07,320.2304978152761,322.6740083417755,317.6884217799922,317.8953552246094,4411700.0
2026-05-08,317.93474702110166,319.2353426707153,312.14121191718147,312.78167724609375,4995500.0
2026-05-11,311.8456552875821,312.45653296086624,305.15549837099616,306.8206481933594,4335700.0
2026-05-12,308.6237547613812,310.150948950067,304.56431685148686,305.89447021484375,4225700.0
2026-05-13,303.08638666631595,303.1652270544281,294.86903523029974,298.1007995605469,6307800.0
2026-05-14,300.57390974137434,301.48039382713375,296.98745373152394,299.8743591308594,5072600.0
2026-05-15,295.8937302385283,298.47519650583126,292.51417798992316,293.1349182128906,6121500.0
2026-05-18,294.84933010653106,299.31271224674526,292.92799412343095,295.4010925292969,6366100.0
2026-05-19,287.57783348316474,298.7313718247998,284.84857918279005,297.9924011230469,8692500.0
2026-05-20,296.6327042526405,306.4363947204983,292.30727784287797,306.0126953125,5810900.0
2026-05-21,301.85475235570635,309.3725528012548,299.9038888531578,309.1656494140625,4516600.0
2026-05-22,309.8750586089163,310.32828556949477,306.8797555054846,308.4660949707031,2963800.0
2026-05-26,310.42684744524456,312.1314175610734,304.41654566531474,305.97332763671875,6978200.0
2026-05-27,310.12136308197864,316.27945210266927,309.88490208559824,313.17578125,5990100.0
2026-05-28,312.7817028577755,317.1465496037087,310.52537038117634,316.48638916015625,6818900.0
2026-05-29,315.7671367684214,317.36330876728886,312.3383016854047,312.47625732421875,6963300.0
2026-06-01,310.4958029229232,311.24463622584767,303.1652107990409,306.12109375,4544200.0
2026-06-02,305.4215416998635,307.6088962755514,304.03227311149993,306.9388732910156,4310000.0
2026-06-03,303.4115246580221,308.9094535404009,302.60357612746606,308.3675537109375,4328300.0
2026-06-04,315.5049467263879,318.403599213189,305.85605078553533,307.6826171875,4558600.0
2026-06-05,308.5561528759146,311.7525986238699,306.3722648476684,308.50653076171875,3946300.0
2026-06-08,306.62045149296284,311.4746638676563,304.8236946299612,307.4443664550781,4381800.0
2026-06-09,309.0723663566284,320.52795549693786,308.00024998881105,318.9793395996094,4875300.0
2026-06-10,320.9051596578416,321.6298303667879,316.4678580086006,316.5870056152344,4823800.0
2026-06-11,319.93233407887243,324.6376494749074,316.2196730066971,323.6251220703125,4656600.0
2026-06-12,326.0969127055492,328.59846715733096,322.9104034108394,325.98773193359375,3649000.0
2026-06-15,331.3184370072605,335.52741021038827,327.12930659108537,327.4072570800781,4695000.0
2026-06-16,329.48195490895256,335.7954145326594,327.33775250061905,334.6240539550781,5131500.0
2026-06-17,333.55197998269495,338.6543633465824,323.78396663149965,325.0843811035156,6085400.0
2026-06-18,329.27351216388143,335.5472561594589,328.4793462633244,331.8346252441406,10604400.0
2026-06-22,327.585930781475,329.30328611244005,323.9527013683971,324.23065185546875,4713600.0
2026-06-23,321.5007640397083,326.6130837898613,319.3466553723836,322.0765380859375,4788000.0
2026-06-24,326.7123600579221,340.4511116799111,325.3126710965327,340.3518371582031,6385000.0
2026-06-25,339.74631356501925,346.08958287234753,339.3194664460809,342.4761962890625,6974100.0
2026-06-26,345.35498409810776,347.93597025012764,343.31999268085383,346.3079528808594,7771700.0
2026-06-29,346.30796611732103,348.779771593463,343.0122759730193,348.24371337890625,5786500.0
2026-06-30,348.1245733949154,350.91401476625776,344.7593579765289,350.1000061035156,4579000.0
2026-07-01,351.39054305253717,354.50755727558504,348.27349853515625,348.27349853515625,4041300.0
2026-07-02,350.2588479333682,355.5697168646199,345.1068121812833,355.2818298339844,3110500.0
2026-07-06,355.2024317145021,356.2248957008094,343.2703427329958,348.0848693847656,4460800.0
2026-07-07,352.46261179283084,352.81999402230383,341.96002145419817,342.6846618652344,3592800.0
2026-07-08,335.51746569664226,335.51746569664226,328.24110074686496,333.75048828125,4192300.0
2026-07-09,335.2891698936722,338.2374444527704,333.1548737064404,336.2520751953125,2780800.0
2026-07-10,337.06606773965154,341.8805944502874,335.4281440922459,340.78863525390625,2748000.0
2026-07-13,341.4835329455154,342.5853984087983,332.9762178919015,334.6439208984375,3650400.0
2026-07-14,337.0362951640151,339.24999292947075,334.1078935040618,335.2693176269531,2807300.0
2026-07-15,336.5101711499915,343.7170716460562,334.79284603598825,338.9422607421875,3953100.0
2026-07-16,339.05141987244593,348.24368914862276,338.148103527179,345.4740905761719,3810300.0
2026-07-17,346.3774576909258,351.39053349528973,335.61675940843014,336.39105224609375,4434000.0
2026-07-20,337.4829959680537,337.7113243396537,328.98561793122497,330.60369873046875,4125300.0
2026-07-21,328.87640129200065,330.5639772575944,324.60786955925937,329.1742248535156,3112600.0
2026-07-22,331.0901002710247,334.097933459434,328.2907223705125,329.02532958984375,2907700.0
2026-07-23,322.92030555418336,325.8288946116248,320.6867650845805,322.3346252441406,4523100.0
2026-07-24,322.69201940343424,331.02062819830684,320.8654832094117,330.5441589355469,3874500.0
2026-07-27,336.90725567373363,339.3889672822994,332.8968012318786,333.6313781738281,3622400.0
2026-07-28,340.13347371189195,346.87378048907175,340.0937578445657,341.9500732421875,4308000.0
2026-07-29,337.89002113209693,342.74423353473367,334.495026147691,335.7954406738281,4028500.0
2026-07-30,332.5394250801792,333.23431646100056,327.8341094785939,330.91143798828125,6275400.0
2026-07-31,330.0080852280822,331.55667084801746,326.39469858534585,329.5315856933594,4961900.0
2026-08-03,337.3142314565633,341.126167165973,331.27872212293863,337.5326232910156,2908100.0
2026-08-04,337.741121159039,348.29333390946084,336.8675537894677,345.6925048828125,4275000.0
2026-08-05,347.59845998552333,351.95632983727285,345.6031541488199,350.5566711425781,3140400.0
2026-08-06,350.9140306560572,350.9636527717977,344.967859180145,346.963134765625,2622400.0
2026-08-07,348.9386046403958,354.21966416090896,346.1888486641563,353.0185241699219,3584800.0
2026-08-10,349.52427926105196,351.41037408001614,344.52114002902516,348.21392822265625,3124800.0
2026-08-11,349.71288949562955,355.7384623950411,348.0352499864083,351.8868713378906,2549700.0
2026-08-12,349.4250091127092,351.28132462652724,340.5206262766717,340.9176940917969,3965800.0
2026-08-13,344.4615642861647,345.206077753642,338.0190507751135,339.2003479003906,2439900.0
2026-08-14,338.3168506868042,338.3168506868042,333.5519765191293,336.381103515625,3073100.0
2026-08-17,332.26147100502055,336.95688030952056,330.4548079641576,335.4082946777344,5580000.0
2026-08-18,334.31635102921473,342.01959397178314,328.27090486006995,335.0211486816406,6603400.0
2026-08-19,338.92240470580333,347.8366934263856,338.92240470580333,341.78131103515625,4971000.0
2026-08-20,333.54205438988197,336.40099113174557,329.1643112906949,332.0430908203125,4027700.0
2026-08-21,334.0582233645888,336.10315129465374,330.5639843459303,333.1548767089844,3422800.0
2026-08-24,333.4229292601251,339.7165463845368,332.7081950914107,334.9615783691406,3298600.0
2026-08-25,336.8873851133212,337.0065024243307,331.25888010780307,335.4082946777344,2528100.0
2026-08-26,336.94693389837937,336.9568704387829,332.06294252407247,332.40045166015625,4258100.0
2026-08-27,328.1517689125653,329.5812372185705,325.4814448058147,326.2060852050781,3618000.0
2026-08-28,328.08226594055674,329.1841313242223,325.1042120893565,327.7745361328125,3136100.0
2026-08-31,325.838797551875,326.8414187355763,323.36702248478053,325.4317932128906,3858700.0
2026-09-01,323.62512835314175,324.43910673216897,316.4678503051231,317.4307556152344,3291000.0
2026-09-02,319.1481100391916,319.81322207391105,315.38582679146464,316.17999267578125,3499300.0
2026-09-03,318.2099914550781,320.44000244140625,315.2099914550781,318.07000732421875,3377700.0
2026-09-04,316.70001220703125,321.79998779296875,316.1000061035156,321.04998779296875,2261000.0
2026-09-08,320.7300109863281,321.5,313.239990234375,313.70001220703125,5655700.0
2026-09-09,310.4700012207031,313.3900146484375,309.8399963378906,310.45001220703125,3611700.0
2026-09-10,308.1300048828125,308.2799987792969,304.29998779296875,305.69000244140625,4493800.0
2026-09-11,309.0899963378906,311.2099914550781,307.8999938964844,308.739990234375,3488800.0
2026-09-14,307.1700134277344,312.6700134277344,306.5,310.8699951171875,4178400.0
2026-09-15,310.6000061035156,311.1300048828125,304.32000732421875,305.4800109863281,4494200.0
2026-09-16,307.489990234375,308.79998779296875,302.4700012207031,302.4700012207031,3720400.0
2026-09-17,307.010009765625,310.3999938964844,302.5,302.510009765625,4152600.0
2026-09-18,298.67999267578125,302.25,298.25,299.9800109863281,8191600.0
2026-09-21,301.0,301.739990234375,295.3900146484375,297.20001220703125,5434300.0
2026-09-22,302.0899963378906,306.30999755859375,300.17999267578125,305.3500061035156,5456100.0
2026-09-23,303.42999267578125,304.1300048828125,296.6700134277344,296.7200012207031,4684900.0
2026-09-24,296.0,299.1000061035156,291.07000732421875,292.17999267578125,7053800.0
2026-09-25,292.69000244140625,297.1400146484375,291.3999938964844,293.20001220703125,5968600.0
2026-09-28,290.2699890136719,293.9100036621094,289.30999755859375,289.8900146484375,5415600.0
2026-09-29,290.9100036621094,291.8299865722656,287.3399963378906,288.0400085449219,6009200.0
2026-09-30,290.3999938964844,290.5400085449219,284.010009765625,284.489990234375,5766600.0
2026-10-01,283.1099853515625,283.8500061035156,277.1499938964844,282.4599914550781,7776600.0
2026-10-02,286.55999755859375,287.70001220703125,280.8900146484375,282.8500061035156,4791200.0
