date,open,high,low,close,volume
2014-01-02,40.280649418122465,40.375482354948765,39.95663412050496,40.090980529785156,3175900.0
2014-01-03,40.13048348544499,40.46240319937957,40.04355206001727,40.38337326049805,4006300.0
2014-01-06,40.446604452813844,41.04721702242235,40.438699950168576,40.723201751708984,7898300.0
2014-01-07,40.72319789117503,41.15785505492568,40.422893142181714,40.45450210571289,7359200.0
2014-01-08,40.169999516189,40.42288928843402,39.92501123040243,40.39127731323242,7517100.0
2014-01-09,40.49402829891005,40.88916907732973,40.454511809320174,40.84175109863281,6351700.0
2014-01-10,40.6915915314528,41.18156516640691,40.50192266470817,41.03931427001953,5399100.0
2014-01-13,41.11834757907111,41.50558686029791,41.02351463834235,41.149959564208984,5406300.0
2014-01-14,41.205276082118296,41.52929136988212,40.99189971973462,41.442359924316406,4994500.0
2014-01-15,41.60832217054589,42.34328420653823,41.42655477266849,42.20893478393555,8427400.0
2014-01-16,42.35118366319676,43.97126005713145,42.35118366319676,43.70256423950195,12158200.0
2014-01-17,43.742078971510956,43.82110892879036,43.354842732238076,43.59192657470703,7850900.0
2014-01-21,43.742074757313304,44.089800506472834,43.37854603290501,43.93174362182617,5624400.0
2014-01-22,44.050285786248466,44.08189475053142,43.678852570094534,43.93964385986328,3342300.0
2014-01-23,43.76580221341875,43.76580221341875,43.16518642189634,43.58403778076172,5130300.0
2014-01-24,43.23629714865419,43.44967350064641,42.675198046017854,42.7700309753418,5943500.0
2014-01-27,42.84906047799214,43.20468471288756,42.52504520941592,42.77793502807617,6378300.0
2014-01-28,42.88068685815531,43.09406329455538,42.564575963799605,42.85697937011719,5771200.0
2014-01-29,42.825365748697735,42.8490762505204,42.335391921522174,42.604087829589844,7314000.0
2014-01-30,42.74632772724406,43.11776100799289,41.90862822703692,42.098297119140625,7277600.0
2014-01-31,41.979755366990375,42.72262195825685,41.78218497819566,42.68310546875,8214700.0
2014-02-03,42.76213896353942,42.97551536281635,41.49768656204854,41.61623001098633,6997800.0
2014-02-04,41.7663731203939,42.042973434676554,41.41074888224894,41.96394348144531,6001900.0
2014-02-05,41.93233488257723,42.264251645005906,41.45816420308477,41.663639068603516,4467300.0
2014-02-06,41.82169294708318,41.86911091943777,41.45026271503458,41.663639068603516,4494400.0
2014-02-07,41.7347582637781,42.31956476173349,41.68734029853143,42.05086898803711,4488800.0
2014-02-10,41.68734495945409,42.66729524799528,41.32381622930348,42.6514892578125,4220500.0
2014-02-11,42.532950105685565,43.1730792062258,42.40650518622282,43.078243255615234,5869500.0
2014-02-12,43.181915892221525,43.181915892221525,42.36054037736824,42.5200309753418,6049500.0
2014-02-13,42.29675563671327,42.823072600974214,42.17713690036862,42.64763259887695,3769200.0
2014-02-14,42.591807847024185,43.35735917928392,42.5280134236845,43.22179412841797,3970200.0
2014-02-18,43.17394256112229,44.130883170588874,43.08622257430022,44.059112548828125,6844600.0
2014-02-19,45.693877843348346,46.41158395730828,45.09579042905837,46.3238639831543,16112300.0
2014-02-20,46.13246729517831,46.666760215028994,45.77361733761091,46.29195785522461,8991600.0
2014-02-21,46.33183062243176,46.85814735124801,46.06867377903836,46.22018814086914,6617300.0
2014-02-24,46.33184512299789,46.96980757507056,46.16438134824251,46.276023864746094,4142200.0
2014-02-25,46.244112318656825,46.92194338901768,46.19626423854936,46.63486099243164,5463600.0
2014-02-26,46.62689367426105,46.96182115088069,46.55512306612401,46.77840805053711,4598500.0
2014-02-27,46.690683153323796,47.56787972043561,46.610939393599736,47.480159759521484,5659200.0
2014-02-28,47.472178974669255,47.94267441248329,47.312691470620415,47.53597640991211,5882500.0
2014-03-03,47.009676653166544,47.4482735311832,46.898034143347424,47.07347106933594,4088000.0
2014-03-04,47.4881444658413,47.92674133503117,47.4881444658413,47.727378845214844,5599100.0
2014-03-05,47.79914654116263,47.823072107058486,47.22498467417193,47.39244842529297,3539300.0
2014-03-06,47.408397681353506,47.78319706986791,46.80233404719535,46.82625961303711,5075100.0
2014-03-07,46.96182577012483,47.11334320333417,46.37171452698025,46.722591400146484,4288600.0
2014-03-10,46.65878345507496,46.98573773034068,46.411575979891964,46.969791412353516,3978100.0
2014-03-11,46.98574614932338,47.06549296369526,46.50727743121175,46.59499740600586,3438800.0
2014-03-12,46.37968535266706,47.217007126449275,46.34778662706795,47.20903396606445,4546500.0
2014-03-13,47.24094157178627,47.31271219686041,46.435515330173146,46.52323532104492,4103700.0
2014-03-14,46.49929194244234,47.03358176794319,46.43549450785944,46.94586181640625,4201800.0
2014-03-17,47.14522423643417,47.280792263908296,46.77042495536148,46.94586181640625,3016200.0
2014-03-18,46.977770876267996,47.6077569923402,46.89802710751218,47.36852264404297,4082800.0
2014-03-19,47.32865853628354,47.639666606394655,46.75449657753101,47.08942413330078,2865900.0
2014-03-20,46.95386806383004,46.9618412272406,46.49134549321023,46.70665740966797,3546400.0
2014-03-21,46.95385698393739,47.6476376341218,46.06071079116146,46.07666015625,7410400.0
2014-03-24,46.07665318490928,46.244119971986215,45.303128868345816,45.773624420166016,5910900.0
2014-03-25,45.81350160638848,46.124506609467176,45.40680041618538,45.62211227416992,6410000.0
2014-03-26,45.76565080215907,46.49133011370464,45.64603513838368,45.83742141723633,6628500.0
2014-03-27,45.85337010905804,46.34778820455252,45.59021017695339,45.87729263305664,5472500.0
2014-03-28,45.98893085897888,46.62689316524568,45.77362207894803,45.94108581542969,3117500.0
2014-03-31,46.20423755974211,47.15320471201369,46.100571282189435,46.93789291381836,5098900.0
2014-04-01,47.15320876963233,47.775218656590994,46.6587876903286,46.90599822998047,6344300.0
2014-04-02,47.18510525525346,47.2728252237882,46.850177784880486,47.169158935546875,3881400.0
2014-04-03,47.711434618037416,47.990540899223824,46.850187164038836,47.02562713623047,5446800.0
2014-04-04,47.22499245551044,47.815103782988636,46.99373121326848,47.057525634765625,5177900.0
2014-04-07,47.25686154604455,47.91077301101748,46.7145986214325,46.74649429321289,5522400.0
2014-04-08,46.25209248315816,46.993721105991874,45.93311131818651,46.71461486816406,6169800.0
2014-04-09,46.81031513817945,48.21382578558733,46.7784164084126,48.189903259277344,6638600.0
2014-04-10,48.16597212717647,48.16597212717647,46.67473871833256,46.77840805053711,5514500.0
2014-04-11,46.55511778610656,46.96181582473785,46.27600854521542,46.610939025878906,5351000.0
2014-04-14,46.98575231849497,47.56789349273943,46.49133417259246,47.00967788696289,3675600.0
2014-04-15,47.20105498027884,47.59977990066581,46.47537574685574,47.38446807861328,4526200.0
2014-04-16,47.368527788062075,47.846996536616196,47.32865285732414,47.81509780883789,5321800.0
2014-04-17,47.63168765647876,48.20585262416077,47.543967670635084,48.189903259277344,4743000.0
2014-04-21,48.197856880294516,48.55670983960935,47.8071082461743,48.53278732299805,3343000.0
2014-04-22,48.620523154233865,48.76406438484477,47.823073225075525,47.87091827392578,6270800.0
2014-04-23,47.583829749210935,47.85496281225614,47.232952920223475,47.49611282348633,6555400.0
2014-04-24,46.49930549860979,47.19308607080001,45.73375127057473,46.79436111450195,7854500.0
2014-04-25,46.810312282866406,47.15321600186797,46.47538172480507,46.650821685791016,4260400.0
2014-04-28,47.58383969860328,47.58383969860328,46.37969154573153,47.02562713623047,4930700.0
2014-04-29,47.20902929701573,47.58382863863233,47.14523185212718,47.5439567565918,5110900.0
2014-04-30,47.448272736015845,47.51207019314632,46.77841464629676,47.12929153442383,5198100.0
2014-05-01,47.193073674810044,47.61572104402152,46.882068777312604,47.46420669555664,4173400.0
2014-05-02,47.33661962162786,47.55193142815428,46.85017476710848,47.11333465576172,4122500.0
2014-05-05,46.8661298189439,47.02562040337131,46.28399177150922,46.95384979248047,3805900.0
2014-05-06,46.8422221449698,47.528026703956876,46.61096087634174,46.69868087768555,4185900.0
2014-05-07,46.794356539818324,47.18510525525346,46.291962292229165,47.169158935546875,5453300.0
2014-05-08,47.11333381814174,47.456234420184295,46.88207265501793,47.44826126098633,11023900.0
2014-05-09,47.40042619208727,47.44827428649867,46.59500304269213,47.336631774902344,5098400.0
2014-05-12,47.81509172271834,47.886862330069185,47.09738869123963,47.38446807861328,4982700.0
2014-05-13,47.47292732178915,48.52627112135685,47.24778263025002,48.277008056640625,6843500.0
2014-05-14,48.28504910835413,48.63884660645609,48.244845683749276,48.325252532958984,4050200.0
2014-05-15,47.92320598656397,48.09206525589878,46.64471761773921,46.80553436279297,9782900.0
2014-05-16,46.62060275818117,47.03872512739252,46.483910499357606,46.910072326660156,8677100.0
2014-05-19,46.86180884868064,47.24776710651992,46.813565983527965,47.15932083129883,3564300.0
2014-05-20,47.15933419986331,47.336229867774854,46.91006807906028,47.16737365722656,3952800.0
2014-05-21,47.247777504619734,47.52116504750403,47.159331209933725,47.49704360961914,3020700.0
2014-05-22,47.54526871165881,48.132246959046824,47.19951393935419,48.019676208496094,3782400.0
2014-05-23,47.947326479180795,48.13226464695091,47.762388311410675,48.08401870727539,2624600.0
2014-05-27,48.244827310703556,48.252866765632994,47.79454115156719,48.02772521972656,4006600.0
2014-05-28,48.4297819526461,48.44586393530938,48.00362014770508,48.00362014770508,2604600.0
2014-05-29,48.17247036744591,48.24483774675901,47.730226634898784,47.81867599487305,3362100.0
2014-05-30,47.746316232220934,48.325252291755525,47.6819882993145,48.13227462768555,4803000.0
2014-06-02,48.04381454454446,48.132263898912946,47.32014079727863,47.834754943847656,3405700.0
2014-06-03,47.69002614626272,47.9473317179978,47.5292093970972,47.72218704223633,2798200.0
2014-06-04,47.5854927458536,47.80259488776026,47.43271852776709,47.61765670776367,2997400.0
2014-06-05,47.66588934111145,48.051847599127,47.49703317835282,47.9071159362793,2753800.0
2014-06-06,48.124218476215006,48.124218476215006,47.746302713031476,47.947322845458984,2551300.0
2014-06-09,47.89907513626102,48.0518493270138,47.59352368743178,48.035770416259766,2570100.0
2014-06-10,48.10010482829549,48.10010482829549,47.51312631466616,48.043819427490234,2988000.0
2014-06-11,47.64177727492452,48.11618496879396,47.60961331360222,47.81867599487305,2977400.0
2014-06-12,47.65785207677877,47.84279022553814,47.20756588806658,47.344261169433594,3937400.0
2014-06-13,48.20462786703435,48.20462786703435,47.31209799758928,47.36034393310547,2881200.0
2014-06-16,47.39251582036122,47.57745401510308,47.03872141311478,47.30406951904297,3209200.0
2014-06-17,47.24778753208937,47.7061164204438,47.14325923418782,47.641788482666016,2805700.0
2014-06-18,47.73825004304656,48.24482152794042,47.48898709490568,48.23678207397461,3211600.0
2014-06-19,48.28505384205691,48.405667195020676,47.96342334636183,48.124237060546875,2431300.0
2014-06-20,48.7835745447688,49.965574154054735,48.478026087567564,49.87712478637695,11960600.0
2014-06-23,49.917329023353766,50.17463459008657,49.62785949394828,49.90928649902344,5103400.0
2014-06-24,49.844951516325125,50.17462439844502,49.52331808957824,49.76454162597656,3809500.0
2014-06-25,49.8288720006951,50.73748080160779,49.8288720006951,50.657073974609375,6416500.0
2014-06-26,50.528415170463184,50.73747473606079,50.20678176627237,50.689231872558594,3663000.0
2014-06-27,50.63295571009381,50.86613674991818,50.40781105921908,50.737483978271484,4643700.0
2014-06-30,50.930468646316115,50.962632608570324,49.90124639277561,49.98969268798828,4879100.0
2014-07-01,50.359570555506046,50.536466207762714,49.85299890136719,50.25503921508789,4109000.0
2014-07-02,50.21483525303283,50.72140690168227,49.94948717653698,50.415855407714844,3941000.0
2014-07-03,50.5766618860227,50.737475523289774,50.206782545267274,50.70531463623047,2709100.0
2014-07-07,50.520385499183305,50.842015898336015,50.11030267605922,50.34348678588867,2627300.0
2014-07-08,50.247005824654856,50.28720924741577,49.748473566981,50.22288131713867,3449400.0
2014-07-09,50.27916078836618,50.42389554708305,50.07010117428857,50.35152816772461,2748600.0
2014-07-10,49.95754809386962,50.42391342943043,49.85301671609769,50.279178619384766,2619200.0
2014-07-11,50.20679743415867,50.61688030584148,50.07010518848069,50.5284309387207,2400700.0
2014-07-14,50.657072086277424,50.89025617013385,50.423888002420995,50.66511154174805,2436600.0
2014-07-15,50.6570692177601,50.75355801456239,50.43996712446231,50.544498443603516,3854400.0
2014-07-16,50.69728443175003,50.7937732510186,49.90928576185415,50.50430679321289,3885700.0
2014-07-17,50.14246739661788,50.552547158637054,49.96556868064046,50.06205749511719,3424700.0
2014-07-18,50.23895489893189,51.059117468872984,50.11030212721509,51.034996032714844,3281400.0
2014-07-21,50.657061889447625,51.21187622495288,50.45604180258474,51.17167282104492,3479400.0
2014-07-22,51.31642215055043,51.581770213130106,51.01087067260765,51.23601531982422,3101800.0
2014-07-23,51.40487629117703,51.81495914110689,51.300344947640596,51.66218185424805,5559900.0
2014-07-24,51.54155801051041,52.828085563298636,51.300334477778065,51.758663177490234,5090200.0
2014-07-25,51.47724125190544,51.5415691771435,51.05108255016261,51.284263610839844,2987400.0
2014-07-28,51.28425589809055,52.10442148490791,50.55254272883513,50.970664978027344,3956600.0
2014-07-29,51.21993262227512,51.30838197522856,50.34348468341884,50.472137451171875,5287400.0
2014-07-30,50.76965046320401,50.80181442454647,50.07010117428857,50.35152816772461,3974000.0
2014-07-31,49.8288851445093,50.21484353709233,49.00067988480802,49.097171783447266,5485600.0
2014-08-01,49.05695571893975,49.09716220252244,48.397609876860976,48.79161071777344,6884700.0
2014-08-04,49.048920721703816,49.603735278089616,48.84790055481159,49.55549240112305,4379100.0
2014-08-05,49.45094560562472,49.611762302359715,48.83984583881976,48.944374084472656,3389600.0
2014-08-06,48.976550510842664,49.38663027800058,48.815733773150164,49.137367248535156,2682800.0
2014-08-07,49.37055129554364,49.3866302086986,48.357407996629526,48.52626419067383,2352400.0
2014-08-08,48.6307928118329,49.08107903810575,48.51822202209568,49.032833099365234,2665400.0
2014-08-11,49.33035748575588,49.74847988367345,49.09717637720516,49.113258361816406,2850400.0
2014-08-12,49.10520054338683,49.418791477334516,49.048915148438475,49.3464241027832,3481500.0
2014-08-13,49.63823038397883,49.84086848417271,49.00599740880573,49.11137008666992,4136900.0
2014-08-14,49.26536049754901,49.62200543553911,49.26536049754901,49.597686767578125,1801600.0
2014-08-15,49.711171140317944,49.816540706916584,49.03841128643768,49.31399917602539,3075600.0
2014-08-18,49.58959405639627,49.808443566509936,49.500432801311604,49.727386474609375,2198300.0
2014-08-19,50.16507691890116,50.5460374556772,49.703062396092974,50.38392639160156,3523200.0
2014-08-20,50.20561738059735,50.44878558795133,49.9867678491861,50.26235580444336,2082200.0
2014-08-21,50.55415239319229,50.61089081391096,50.18129903075185,50.278564453125,2846000.0
2014-08-22,50.26234235047357,50.91078660716228,50.173184202589674,50.513614654541016,3147200.0
2014-08-25,50.60278598159715,51.17017327329709,50.40825204740986,50.845951080322266,2078700.0
2014-08-26,50.829743832936046,51.0810162077134,50.75679398813051,50.91080093383789,1927700.0
2014-08-27,51.21881175490299,51.29986886073242,50.90269677219926,51.0648078918457,3082100.0
2014-08-28,50.91079228955,51.28364561435393,50.69194279229247,51.15395736694336,2162000.0
2014-08-29,51.3646889437199,51.543011406385574,51.040469938522676,51.51869583129883,3388300.0
2014-09-02,51.55112875343686,51.76997826122931,51.45386333619973,51.61597442626953,3470600.0
2014-09-03,51.802395264121714,52.00503642289822,51.67270702507258,51.99692916870117,4701200.0
2014-09-04,51.97261879251258,52.17525687956133,51.87535028448066,52.053672790527344,5792000.0
2014-09-05,51.96451638418531,52.540007862996475,51.85103953957602,52.458953857421875,5457200.0
2014-09-08,52.377901566364855,52.88854738382192,52.35357979827453,52.685909271240234,4264100.0
2014-09-09,52.46707470828412,52.54812873486118,51.95642259119959,52.23201370239258,4745800.0
2014-09-10,52.55621478340196,52.65348329790183,52.142837510831676,52.50758361816406,3893000.0
2014-09-11,52.40221439621106,52.839913438465324,52.32926146382329,52.83180618286133,3577000.0
2014-09-12,52.88855393802201,53.12361491982958,52.68591580032844,52.904762268066406,5376800.0
2014-09-15,52.79937469779777,52.88042868849164,52.51568263835765,52.83990478515625,2720900.0
2014-09-16,52.888532942286304,53.423500381757584,52.60484089894066,53.3343391418457,2867100.0
2014-09-17,53.31002848013752,53.642357931553356,53.2208734056853,53.42351150512695,5096200.0
2014-09-18,53.56131972079179,54.03144173427463,53.52889687323858,53.97469711303711,4326900.0
2014-09-19,54.29890162756289,54.420485720075426,53.82067869677711,53.926048278808594,6504900.0
2014-09-22,53.75584067976744,53.78826352132395,53.29382600963049,53.561309814453125,3981700.0
2014-09-23,53.212770587992836,53.59373123615814,53.09118648138323,53.4559326171875,2718900.0
2014-09-24,53.755832685618415,53.94226245083775,53.56130184923321,53.65046310424805,3273600.0
2014-09-25,53.47214753140177,53.6099399673834,53.09118688037347,53.15603256225586,3122600.0
2014-09-26,53.33434291493267,53.33434291493267,52.67779135785965,53.07496643066406,2925400.0
2014-09-29,52.7345293527748,53.05064424722215,52.54810579144592,52.961483001708984,3520600.0
2014-09-30,53.03445301270188,53.14792987373637,52.5481227248362,52.5643310546875,4945700.0
2014-10-01,53.399178117956154,53.399178117956154,52.4427262493724,52.75074005126953,4246900.0
2014-10-02,52.758830972953824,52.807468302016495,52.18333974855443,52.548091888427734,4306900.0
2014-10-03,52.86422729074532,53.30192631867153,52.78317328943096,53.228973388671875,3609800.0
2014-10-06,53.43973445156766,53.47215729843109,53.00203529494989,53.1884651184082,3428800.0
2014-10-07,52.79127221169251,52.83990955772029,51.956404282495434,52.053672790527344,6157400.0
2014-10-08,51.75376862151931,52.896650454380755,51.38902252134274,52.880435943603516,3411200.0
2014-10-09,52.63728725178435,52.9939261867775,52.110426830695566,52.118534088134766,3632100.0
2014-10-10,51.89155341620864,52.775058602995976,51.73755269060291,51.99692916870117,3281200.0
2014-10-13,51.92397012173792,52.29682337850457,51.251213427312116,51.29174041748047,4030300.0
2014-10-14,51.67271350161179,51.82671733853152,50.87837255137354,51.17827606201172,4432900.0
2014-10-15,50.18128983014696,51.17826872971143,49.103256942134564,50.95941925048828,6814100.0
2014-10-16,50.27046412975442,50.70005594573,49.52475425589682,50.17319869995117,5488400.0
2014-10-17,50.61898114759786,50.91078040918128,50.17317809440586,50.7243537902832,5329400.0
2014-10-20,50.764901212689296,51.14585876464844,50.57847451874924,51.14585876464844,2900700.0
2014-10-21,51.39713076219153,52.48327116953498,51.39713076219153,52.42653274536133,3478200.0
2014-10-22,52.3535798091241,52.92907749091687,52.34547873711674,52.42653274536133,4294500.0
2014-10-23,52.09420811625518,52.84802221266893,51.69703911010922,52.159053802490234,6343000.0
2014-10-24,52.34546685410856,53.690980400790465,52.199567198779384,53.53697967529297,4784700.0
2014-10-27,53.44781115435235,53.99898686788425,53.32622709412784,53.65855026245117,4112500.0
2014-10-28,53.49643632085963,53.57749029060209,51.66459001338765,52.548091888427734,8981000.0
2014-10-29,52.68591130726633,53.472148203911026,52.50758877185933,53.08308029174805,6196800.0
2014-10-30,53.01012671064384,54.29080095090537,52.937173780996595,54.144901275634766,4134900.0
2014-10-31,54.55016406194923,54.65553361885845,53.42349702906637,53.7639274597168,4471900.0
2014-11-03,53.536993160795376,54.0314306626208,53.52077864832838,53.93416213989258,3465400.0
2014-11-04,54.209744198885176,54.4934424961165,53.861206407223854,54.44480514526367,4057800.0
2014-11-05,54.64744988228605,54.801456841293096,54.11248843019711,54.298912048339844,3073900.0
2014-11-06,54.331331779546616,54.49344598606462,54.0233240631994,54.274593353271484,3091800.0
2014-11-07,54.16109911977737,54.2502603587432,53.69908460151019,53.9827766418457,3796800.0
2014-11-10,54.16110116264275,55.45798352739468,53.83687902544904,55.4012451171875,4438100.0
2014-11-11,55.40124398217369,55.66062044981019,54.963545033532824,54.995967864990234,5282300.0
2014-11-12,54.987812010735105,55.396036311080586,54.71838247754505,55.02863693237305,4499400.0
2014-11-13,55.25724411010742,55.649142197402824,55.03680571844729,55.25724411010742,3292700.0
2014-11-14,55.25723322999062,55.28989191658549,54.800024075677506,54.97147750854492,2333300.0
2014-11-17,54.75920402223477,54.987808619689055,54.653067953133316,54.93882369995117,3309300.0
2014-11-18,54.85718456690337,55.51850595335916,54.71022356669002,55.33888626098633,3705400.0
2014-11-19,55.240925573420874,55.240925573420874,54.62858900916397,54.87351989746094,3126000.0
2014-11-20,54.66939730473921,54.76737337881707,54.34281662015485,54.53876876831055,2467600.0
2014-11-21,55.069456694647336,55.11028161707824,54.72654977065869,54.99597930908203,5892000.0
2014-11-24,55.20009038793099,55.249075310686976,54.579587707318396,54.64490509033203,4574100.0
2014-11-25,54.58775225893046,54.88167424444555,54.497942417300386,54.579586029052734,4380000.0
2014-11-26,54.726543238377644,55.02046520357291,54.612240944024805,54.963314056396484,2372900.0
2014-11-28,55.29807490585116,55.96756261144306,55.19193258499512,55.61648941040039,2237800.0
2014-12-01,55.494011576342785,56.147166709965575,55.191923356049394,55.93489456176758,4669500.0
2014-12-02,56.03285090352297,57.780049964176136,56.0001922203604,57.46163558959961,8413400.0
2014-12-03,57.38000976581433,58.098488559878,57.15140514188818,58.07398986816406,6423400.0
2014-12-04,57.951509254261346,59.1435231518877,57.837200749386675,59.09453201293945,6516600.0
2014-12-05,58.85778065021125,58.95575673142289,58.523039940170406,58.661834716796875,5787500.0
2014-12-08,58.759794615919816,59.48643322168647,58.63732610538457,59.46194076538086,4915100.0
2014-12-09,58.931253238554916,58.99657061380427,58.40056046541745,58.955745697021484,3794600.0
2014-12-10,58.70265467501304,58.94758551380777,57.96784970061205,58.00867462158203,4117600.0
2014-12-11,60.115112527685184,61.3152930532155,58.408737820073576,58.46588897705078,10901500.0
2014-12-12,58.34341000308691,58.49853721387022,56.718679206016404,56.78399658203125,7844400.0
2014-12-15,56.89012423585905,57.73923131149956,56.6778459096972,56.8819580078125,5718800.0
2014-12-16,56.65335055119486,58.25358857092909,56.35942864665117,56.54721450805664,4916700.0
2014-12-17,56.7921533606464,57.72290411453223,56.52273010063232,57.37999725341797,5506500.0
2014-12-18,58.131127061102866,59.17618630789969,57.894362492484866,59.15168762207031,5875600.0
2014-12-19,58.98026606658752,59.323179334418846,58.237300815809476,59.11090087890625,8311300.0
2014-12-22,57.918872427316664,58.449559095957646,57.35552083437932,58.31076431274414,4622900.0
2014-12-23,58.51486330754631,58.56385445394764,56.34311350666007,56.939117431640625,4768100.0
2014-12-24,57.18406737114363,57.73108650207882,57.18406737114363,57.28204345703125,1507000.0
2014-12-26,57.38817449867845,57.959686043578586,57.36368203661254,57.469818115234375,1438200.0
2014-12-29,57.08608648338654,57.46981833457347,57.06159402122715,57.23304748535156,1739600.0
2014-12-30,57.053425012199746,57.282035848907086,56.69419186967641,56.857479095458984,2726100.0
2014-12-31,57.102412065897255,57.55962124848924,56.277797308144194,56.3267822265625,2491000.0
2015-01-02,56.963622807319645,57.82089643014718,56.922804109904995,57.20039367675781,3146200.0
2015-01-05,56.93094199375955,57.22485764742898,56.457400490670466,56.637020111083984,4845500.0
2015-01-06,57.08608538733823,57.894373997131105,56.498241390764704,56.92279815673828,5127400.0
2015-01-07,57.175898412832666,57.584122741045384,55.88590804071831,56.522743225097656,9043000.0
2015-01-08,57.15140089866879,58.367907545103826,56.873811369942125,57.86171340942383,7472200.0
2015-01-09,57.17589715808813,57.24121454413089,56.34312228757362,57.09425354003906,8141700.0
2015-01-12,57.331017772297734,57.649432206225825,56.56355414744129,56.6778564453125,5797600.0
2015-01-13,57.20853876351598,57.804548832368845,56.17981204214312,56.64518737792969,3364800.0
2015-01-14,56.1471483825988,57.053406518652785,56.09816347654389,56.95543670654297,3376100.0
2015-01-15,57.51063512693223,58.188282657237934,56.930957431413574,56.939117431640625,4055000.0
2015-01-16,56.81665275383461,57.86987215211957,56.694190452063985,57.70658493041992,4263300.0
2015-01-20,57.86171121678452,58.865939449133165,57.86171121678452,58.80878829956055,6163300.0
2015-01-21,58.474053331717734,59.192525886238585,58.05766278480933,58.980247497558594,5195900.0
2015-01-22,59.34765608341651,59.34765608341651,58.49038248444406,59.15987014770508,4582800.0
2015-01-23,59.1598791220755,59.48645988689245,58.825138354170385,58.89044952392578,2903200.0
2015-01-26,58.66999901814834,58.92309610002763,58.016837622900795,58.87411117553711,3466600.0
2015-01-27,58.58835049241983,58.8985987032148,58.33524720273701,58.56385803222656,3661600.0
2015-01-28,58.87411805248548,59.09455646745042,57.77191351964193,57.94336700439453,3105200.0
2015-01-29,57.94336023616502,58.91493609861835,57.49431099830625,58.87411117553711,4416600.0
2015-01-30,59.61707275654569,59.984478356095174,58.44139103340907,58.784297943115234,6720100.0
2015-02-02,58.6781652260567,58.784301305415006,57.33918997242072,58.53120422363281,6274500.0
2015-02-03,58.44954798538808,58.49037290398899,57.02892926999024,57.87803649902344,6811500.0
2015-02-04,57.33919040039768,57.55146256069869,56.96361854661551,57.331024169921875,5376400.0
2015-02-05,57.7229206165822,58.433233228249314,57.70659438334112,58.30260467529297,3847000.0
2015-02-06,58.098477598982264,58.28625726363404,57.34734025335222,57.445316314697266,3246000.0
2015-02-09,57.151391693177565,57.363670035017144,56.64519141002391,56.832977294921875,3771200.0
2015-02-10,57.24123203843264,57.60863154644397,57.0616122864233,57.55964660644531,6888000.0
2015-02-11,57.55962543870384,58.06944152247854,57.3129388202803,57.51850891113281,3456400.0
2015-02-12,57.71583491717789,58.01185621756862,57.419813616787145,57.99540710449219,3383500.0
2015-02-13,58.12700010071232,58.29145366174101,57.71585992463938,58.02009963989258,2691900.0
2015-02-17,57.89678940272751,58.89996662691336,57.80633802024699,58.8424072265625,3971600.0
2015-02-18,58.7190501546202,58.75193585205543,57.72408528589979,58.39013671875,3800000.0
2015-02-19,58.242140122358286,58.62038846968879,58.19279901722578,58.4806022644043,2337000.0
2015-02-20,58.357238837513066,59.1712946468819,57.78163881466029,59.10551071166992,3461700.0
2015-02-23,59.04796802502279,59.13841939312751,58.143460617478624,58.45592498779297,3378600.0
2015-02-24,58.38192086413383,58.79306115190942,57.979005138694575,58.2996940612793,3158600.0
2015-02-25,58.275001264123134,58.275001264123134,57.60073173681221,57.85563659667969,3029500.0
2015-02-26,57.69941593783799,57.81453469550021,57.18138152835804,57.58429718017578,4544900.0
2015-02-27,57.5184992022938,57.97075583523117,57.48561351398949,57.69940185546875,3353200.0
2015-03-02,57.69943188042527,58.49704511711279,57.691213590822784,58.4806022644043,3815100.0
2015-03-03,58.48057124625726,58.505238648988154,57.63361735366234,57.863861083984375,4137300.0
2015-03-04,57.56784965399378,58.233894736844825,57.403389818196366,58.09410858154297,3005100.0
2015-03-05,58.168124067802445,58.4559210042036,57.88855169344209,58.04478073120117,3465900.0
2015-03-06,57.77340670131063,57.77340670131063,56.16995660014518,56.25218963623047,5880800.0
2015-03-09,56.52353013764383,57.34581020593338,56.26040076673114,57.21424865722656,5848000.0
2015-03-10,56.836017012320816,57.090921899674626,56.367317488814955,56.55643844604492,3664900.0
2015-03-11,56.64687751996935,57.00868278383429,56.252186571661696,56.293296813964844,3424500.0
2015-03-12,56.531766144023145,57.255370492206524,56.359088047530534,57.197811126708984,2724000.0
2015-03-13,57.0744596437002,57.60071835871627,56.85244052341292,57.46915054321289,3223800.0
2015-03-16,57.78164154755875,58.71082242424669,57.70763932207121,58.43946838378906,3922300.0
2015-03-17,58.143437700988905,58.595694363261394,57.830973453828335,58.25033187866211,2572500.0
2015-03-18,58.2996959181187,60.98855072546952,58.12701774457352,60.470516204833984,6436200.0
2015-03-19,60.24026698442825,61.32567691777372,59.68933431999762,61.02965545654297,7051200.0
2015-03-20,61.8519189013748,62.65775000054735,61.29276810310193,62.59197235107422,10713900.0
2015-03-23,62.50975473861664,63.693840550379484,62.45219536018382,62.78933334350586,6284400.0
2015-03-24,62.71533008210332,63.068910943011296,61.96705809997384,62.13151168823242,5111600.0
2015-03-25,62.21373085181909,62.88800045059148,61.1447639465332,61.1447639465332,5431600.0
2015-03-26,60.8487501672566,61.13654705523924,60.37182602517014,60.388275146484375,4023500.0
2015-03-27,60.53627178324979,60.84051144824461,60.19090932453918,60.503379821777344,4171600.0
2015-03-30,60.848734529613814,61.01318805948303,60.57738055917958,60.74184036254883,3370700.0
2015-03-31,60.31427950659219,60.83232028890901,59.738685607910156,59.738685607910156,4348000.0
2015-04-01,59.96069558616595,60.00181212264587,58.43947783894873,58.817726135253906,5875800.0
2015-04-02,58.76016449575779,59.02329400803551,57.99544337046593,58.579261779785156,3781800.0
2015-04-06,58.4888148076745,58.965739044910286,58.25035268905661,58.63682556152344,3936900.0
2015-04-07,58.58747679791425,59.26997101572678,58.52991742252653,58.95750045776367,3128100.0
2015-04-08,59.13840646445954,59.43442791835909,58.82594216245524,59.32753372192383,3215400.0
2015-04-09,59.38508344044279,59.66465572725814,59.121953999057446,59.50020217895508,2595800.0
2015-04-10,59.615333674550584,60.83231152231681,59.40976355843144,60.7829704284668,3956400.0
2015-04-13,60.25669882842847,60.55272023559767,60.11691268434878,60.454044342041016,4351500.0
2015-04-14,60.273143472799696,60.6431670675405,60.10868366241466,60.40470504760742,3950600.0
2015-04-15,60.470515775772206,60.86520694864552,60.27317018933555,60.61030197143555,4358700.0
2015-04-16,60.52805440564588,60.84874322617402,60.34715173283495,60.429378509521484,2880000.0
2015-04-17,60.034699939127705,60.19092896522513,59.17130292086947,59.590667724609375,4386700.0
2015-04-20,60.02646317682029,60.24025781594814,59.4508694639772,59.54132080078125,2540400.0
2015-04-21,60.01002093628225,60.12513968001236,59.253518268697356,59.376861572265625,4048400.0
2015-04-22,59.59064137005103,59.59064137005103,59.10549283646231,59.45085525512695,3506100.0
2015-04-23,59.92780655313114,59.97714765402941,58.43948070734554,59.53311538696289,5448700.0
2015-04-24,59.385103820454404,59.5577819874832,58.595715225392915,58.85884475708008,3816300.0
2015-04-27,59.14662664382384,59.34397217397075,58.077659664650646,58.29145431518555,5328400.0
2015-04-28,58.069443657733096,58.61214545531858,57.72408112454065,58.5299186706543,4557900.0
2015-04-29,59.08908047478256,59.87846904528518,59.072631350718495,59.4344367980957,6789600.0
2015-04-30,59.17130753595867,59.705791147353295,58.73549984887624,59.09730529785156,5479300.0
2015-05-01,59.41799085401769,60.29783074055694,58.58748579009671,60.125152587890625,6533400.0
2015-05-04,60.232030909751735,60.511603195526895,59.90311754086864,60.06757736206055,4040700.0
2015-05-05,59.88668833221996,60.00180709651748,59.056183298214606,59.130191802978516,3735900.0
2015-05-06,59.17950492953597,59.43440977510746,58.825924204953026,59.24528884887695,3567600.0
2015-05-07,58.99862347960518,59.44265568439737,58.97395606936707,59.056182861328125,3628100.0
2015-05-08,59.61533379641514,60.602067846403244,59.61533379641514,60.24026870727539,3713300.0
2015-05-11,60.240259046925125,60.8405201777988,60.18269967446462,60.41293716430664,2958600.0
2015-05-12,60.141576479382245,60.141576479382245,59.459082371958615,59.565982818603516,3152800.0
2015-05-13,59.82912280215955,60.21559558837475,59.60710358418417,59.86201477050781,2682100.0
2015-05-14,60.17663917115184,60.62374208955217,59.969647430237984,60.49126434326172,3364300.0
2015-05-15,60.63202195830418,60.78933138184345,60.10211730374693,60.35879135131836,3464400.0
2015-05-18,60.48301034432201,60.51612347557212,60.12698417293936,60.39193344116211,2162000.0
2015-05-19,60.29255392537644,60.92181058527908,60.13523818117912,60.814170837402344,3548000.0
2015-05-20,60.81414943578733,61.01286598491087,60.59060121412883,60.7396354675293,1980300.0
2015-05-21,60.72309350578045,61.559341899859994,60.59062207763452,61.49310302734375,3288200.0
2015-05-22,61.31095260710445,61.542782332695666,61.1619183096692,61.5179443359375,3023400.0
2015-05-26,61.23642746549824,61.575896906089675,61.12051261185378,61.526214599609375,4194600.0
2015-05-27,61.56761804106058,62.089234904252955,61.38546431575612,62.01472091674805,2901100.0
2015-05-28,61.93193013847166,63.32291486157071,61.882247826188,63.264957427978516,4823600.0
2015-05-29,63.049711907233956,65.86480202404728,62.942072114146406,65.32662200927734,11917000.0
2015-06-01,65.34313919084276,66.1131485775452,65.22722434268415,65.40937805175781,4866500.0
2015-06-02,65.21070448150486,65.21070448150486,64.17574538563171,64.54004669189453,4467700.0
2015-06-03,64.58140376542912,64.72215659091681,63.985266719969744,64.4406509399414,3270800.0
2015-06-04,64.03495526207685,65.07819529626482,64.02668014146126,64.31646728515625,3786500.0
2015-06-05,64.21710515488572,64.79668572458647,63.74516431562606,64.68077087402344,2788900.0
2015-06-08,64.56485113743345,65.28517818043699,64.44065485926161,65.01194763183594,6065900.0
2015-06-09,64.88778039372718,68.63018870400977,64.58971174848756,68.53083038330078,10109100.0
2015-06-10,67.8850174703151,69.12696806012563,67.32199961692551,68.87030029296875,13169400.0
2015-06-11,68.81233540239155,72.23183671542314,68.78749740398608,71.69365692138672,16740800.0
2015-06-12,71.11410688129993,71.20518378451494,68.79579604528111,69.7231216430664,12630500.0
2015-06-15,69.1932059231777,70.05429241080674,68.7957789608538,69.61547088623047,5462700.0
2015-06-16,69.47471818067481,70.64214843610893,69.242882100546,70.1950454711914,5694500.0
2015-06-17,70.11224323441789,70.11224323441789,68.72953991131729,69.16007995605469,5968200.0
2015-06-18,69.4581268246855,69.85555362507574,68.51424528025392,68.75435638427734,7251500.0
2015-06-19,68.28243031599843,68.89512404485636,68.15823401932674,68.41490173339844,6907000.0
2015-06-22,68.96964550383775,69.0855603648349,68.59705660758736,68.65501403808594,3537100.0
2015-06-23,69.34224214593176,69.34224214593176,68.26588242765784,68.44803619384766,3643500.0
2015-06-24,68.30727659281229,68.78749896248732,68.10856628417969,68.10856628417969,4212100.0
2015-06-25,69.68169533251698,71.95032280455803,69.6154564663689,70.21159362792969,9630100.0
2015-06-26,70.53450821916493,71.14720200844046,70.029447861946,71.08096313476562,14369800.0
2015-06-29,70.66697320173647,70.857408366954,69.32567087508271,69.3670654296875,4441900.0
2015-06-30,69.96321688690539,70.02117432869242,69.0441729407915,69.12696838378906,4261200.0
2015-07-01,69.38365186628889,70.34409050553873,69.21805464097807,70.25301361083984,3629100.0
2015-07-02,70.55105079822323,71.40385559790693,70.12051083842913,71.32106018066406,5128100.0
2015-07-06,70.63385536343075,71.56946201841546,70.58417937002848,71.49494171142578,5062900.0
2015-07-07,71.73507571077549,73.50692496422535,71.25485323205665,73.46553039550781,6912300.0
2015-07-08,73.08463576652728,73.27507093369448,72.17387343637837,72.2401123046875,5330000.0
2015-07-09,72.86105894561736,73.1177265636821,71.95029697217389,72.4305191040039,4767600.0
2015-07-10,73.10950824759149,73.24197971836247,72.6127228607567,73.10122680664062,4471200.0
2015-07-13,73.80494234591431,74.66602836942519,73.41579703254187,73.53999328613281,5940500.0
2015-07-14,73.73049060857757,73.7718851834535,72.73692605821738,73.4903793334961,6028700.0
2015-07-15,72.68721945412413,73.00184462171849,71.28795328422511,71.51978302001953,6615900.0
2015-07-16,71.867537785026,72.41399271764642,71.68538403519022,72.17388153076172,5578000.0
2015-07-17,72.03311988435665,72.3974273396581,71.7184947382511,72.33946990966797,4430100.0
2015-07-20,72.6126893227309,72.79484303818616,72.25666332894626,72.75344848632812,4320500.0
2015-07-21,72.51334399241492,72.604420858492,70.8077278506054,70.84912872314453,8065300.0
2015-07-22,68.98620616899971,71.8675339405977,67.47930656944943,71.51978302001953,12677800.0
2015-07-23,73.73873957524832,74.40939714597609,70.89053736845788,71.83441925048828,5258500.0
2015-07-24,71.20516731175515,71.37903963669922,69.68171095021422,70.14537048339844,3460300.0
2015-07-27,69.9632186125672,70.05429549717716,69.0027737628212,69.67343139648438,5420600.0
2015-07-28,70.13710211297828,70.95678788813208,69.96322975563587,70.94023132324219,3027800.0
2015-07-29,71.13065261020728,71.19688517366401,70.13708835570844,70.45171356201172,2711800.0
2015-07-30,69.7644853059224,70.35234098406286,69.53265560940339,69.9963150024414,3867800.0
2015-07-31,70.27782501958056,70.59245647015837,69.8638415883031,69.97148132324219,4113600.0
2015-08-03,70.2198822718543,70.3771980300312,69.16008547692753,69.66514587402344,4815500.0
2015-08-04,69.95493076582268,70.36891426999212,69.42503238583677,69.59062957763672,2848200.0
2015-08-05,70.11226274849864,70.44345089187549,69.52440679452674,70.1536636352539,3776800.0
2015-08-06,70.49309570971283,70.49309570971283,67.26402379518763,68.47285461425781,3866500.0
2015-08-07,68.30728702261916,68.46460279595414,66.7755491224592,68.11685180664062,4545300.0
2015-08-10,68.57220980041973,69.35877572996165,68.25758469198001,69.14350891113281,3211600.0
2015-08-11,68.56392408744583,69.34221484864273,68.49769154872148,69.16834259033203,3205600.0
2015-08-12,68.89346175011576,69.55149461747021,68.00220333077132,69.4515380859375,2826900.0
2015-08-13,69.30162691221771,69.7597532065878,69.0434137398936,69.16002655029297,2253900.0
2015-08-14,69.06006844802701,69.92633312482673,68.96011189843281,69.89302062988281,2280200.0
2015-08-17,69.3516157998415,69.78474823416623,69.07673999377194,69.52653503417969,2814700.0
2015-08-18,69.8263779817786,69.95964701687235,69.32660797906641,69.45987701416016,2241400.0
2015-08-19,69.25166286270581,70.40946620427385,68.77688024317735,69.77642059326172,2651300.0
2015-08-20,72.35023352947488,74.09110069571473,71.47563111792154,72.7417221069336,10887700.0
2015-08-21,72.45018336903495,73.04990360014114,70.4094467163086,70.4094467163086,8320000.0
2015-08-24,67.9689196408419,69.10173549776617,66.21972074130154,67.24425506591797,8620700.0
2015-08-25,68.46034641893623,68.80185353167853,64.85366170615791,65.18684387207031,6439000.0
2015-08-26,66.53622639237399,67.71902346955817,64.77869655855326,67.55242919921875,7217800.0
2015-08-27,68.12714237988168,70.00128431213386,68.06050469710988,69.75139617919922,4703400.0
2015-08-28,69.7514243991932,69.96799377836146,68.94345964472703,69.29330444335938,4860800.0
2015-08-31,69.47653860014462,70.31781565636416,68.3437232212594,68.5936050415039,3445300.0
2015-09-01,66.84443053264454,67.67738293803575,66.13642225904651,66.4696044921875,4300500.0
2015-09-02,67.22759809034213,68.16050721388815,66.88609085680666,68.14384460449219,3257900.0
2015-09-03,68.34372724330224,69.01841645906438,67.75232561760282,67.9688949584961,3227700.0
2015-09-04,67.16926202874289,67.56075056279774,66.36962871351031,66.90271759033203,3416400.0
2015-09-08,67.85230428763965,69.11839554190767,67.68571634335726,69.03509521484375,2643600.0
2015-09-09,69.50987365748033,69.55152381850225,67.3775175955421,67.54410552978516,2839600.0
2015-09-10,67.56910084513318,68.02722085129395,67.05266807035956,67.33586883544922,3667700.0
2015-09-11,67.17760919007182,68.17714948136897,65.58666713009409,68.13550567626953,3645900.0
2015-09-14,68.23542913360059,68.53529237438138,67.70234033997244,68.21044158935547,3197200.0
2015-09-15,68.66023626882028,69.43488191296733,68.3936918727116,69.10169982910156,3532600.0
2015-09-16,70.05127958199027,70.40944928644608,68.81018256861034,70.34281158447266,3845000.0
2015-09-17,70.35948194156367,77.33961994205542,70.20121897066531,74.94905090332031,16918100.0
2015-09-18,75.54875494613749,76.17346903782524,73.61630627671352,73.70793151855469,11578000.0
2015-09-21,74.21604211212933,74.80743743036943,72.5584689607284,72.95828247070312,6644100.0
2015-09-22,72.3169132369879,73.2831408859423,72.15032533092327,73.13320922851562,5059500.0
2015-09-23,73.299791104737,73.64962949164682,72.11700054618245,72.20862579345703,4863300.0
2015-09-24,72.00872212895506,72.08369113878187,70.86758157147601,71.09247589111328,5693500.0
2015-09-25,71.83377998253894,71.99204289893746,69.3265989933388,70.0179443359375,5794900.0
2015-09-28,69.70146691013487,69.8513986174636,65.38677261581175,66.41963195800781,8295100.0
2015-09-29,66.94437666315545,68.46867449743092,65.96149272396478,66.8694076538086,7315200.0
2015-09-30,67.9106053026373,69.77641682088586,67.88561774847449,69.70978546142578,6780700.0
2015-10-01,69.6348157099805,71.06749477948647,69.46822778070303,70.95088195800781,5350400.0
2015-10-02,70.10125756800191,72.92496491149514,69.62646873112006,72.89997100830078,5616600.0
2015-10-05,73.36642495895838,73.69960708114036,71.30070088536641,72.1086654663086,5297400.0
2015-10-06,71.95875144608911,72.0587080136913,68.36872892909322,70.1095962524414,5521200.0
2015-10-07,70.2178829309725,70.67600289279936,68.63527225620275,69.95966339111328,5128000.0
2015-10-08,69.25999416618457,69.95967114025912,68.12717838013025,69.77642059326172,4595400.0
2015-10-09,71.07581427712867,72.10867324792555,70.80093852004626,71.75050354003906,5115100.0
2015-10-12,65.45339921792343,67.26090434829376,65.22017356947853,66.16973876953125,26477400.0
2015-10-13,66.4612567207191,67.6773661686671,66.25301867096937,66.31965637207031,10104700.0
2015-10-14,67.44414589210628,68.3020857079924,65.84487906900273,66.01146697998047,9495500.0
2015-10-15,66.08643065386822,66.70281991483057,65.64496696353136,66.51956939697266,6408600.0
2015-10-16,67.11926772365017,67.910569511399,66.60283524174869,67.89391326904297,5519800.0
2015-10-19,67.57741711539944,67.71902383468186,66.19471961619605,66.84442138671875,5869900.0
2015-10-20,66.76111672199373,66.91937331063762,64.66207372547719,64.79534912109375,7458000.0
2015-10-21,65.1618477543103,65.28678548954466,63.23772401773605,64.14564514160156,8955200.0
2015-10-22,64.32055795661714,64.83698415756864,62.604678776826404,64.12065124511719,10075500.0
2015-10-23,64.59543845212927,65.86985415929493,64.36220652399182,65.22847747802734,5679200.0
2015-10-26,65.22849490820568,66.51957356126832,64.77869988755654,65.89485931396484,4755200.0
2015-10-27,66.21969189920713,67.42746990131265,66.21969189920713,67.39415740966797,4771600.0
2015-10-28,67.63572855691103,69.21833929942096,66.96103918420418,69.19335174560547,5710300.0
2015-10-29,68.55199707039098,69.60984400753074,67.71071321964293,68.30210876464844,5158600.0
2015-10-30,68.368700726035,68.76018917732992,67.94389343261719,67.94389343261719,4044300.0
2015-11-02,67.58576023680942,68.45203153397017,67.3108844073894,68.33541870117188,3473900.0
2015-11-03,68.4936639863957,68.75187714154734,67.57741145859096,68.02720642089844,4826100.0
2015-11-04,68.42702651039471,68.42702651039471,67.4108237797658,67.51078033447266,3401900.0
2015-11-05,67.469107340971,67.80228938894724,66.3529547884074,67.14425659179688,3787200.0
2015-11-06,66.88606383902425,67.12761438338308,65.3367722470375,67.01933288574219,6082600.0
2015-11-09,66.66114175710162,66.87771103768108,65.45336400390312,66.10306549072266,4160200.0
2015-11-10,65.977341716925,67.32689783011492,65.977341716925,67.10895538330078,3302600.0
2015-11-11,67.1425306306405,68.1316468371786,67.033562531567,67.64546966552734,3323400.0
2015-11-12,67.51969774533775,67.69572597840039,66.89102274359425,66.94131469726562,3647800.0
2015-11-13,66.77370952820915,67.28502627754601,66.37135447856089,66.68150329589844,3638600.0
2015-11-16,67.05868397035441,68.11486003354754,67.04192211325618,68.08971405029297,3318900.0
2015-11-17,67.8382505954715,69.0956010898431,67.58677793851105,68.14839935302734,3012100.0
2015-11-18,68.30765275109145,70.21044656200768,68.22383067200242,70.11824035644531,3916600.0
2015-11-19,69.74101023035468,70.31100914837639,69.34704593874484,70.17689514160156,3156100.0
2015-11-20,70.66308960236785,71.66896728690533,70.50382318415058,70.80558776855469,4251500.0
2015-11-23,70.83072426760647,71.18278077053505,70.51219786903492,71.03189849853516,4033100.0
2015-11-24,70.04277784740246,70.67983699468421,69.61528343632787,70.3110122680664,3431100.0
2015-11-25,70.31100907539768,70.76365583881682,70.03439693820772,70.19365692138672,2529400.0
2015-11-27,70.21882429326628,70.62117922619426,70.07632611929344,70.11824035644531,1253800.0
2015-11-30,70.21043939371698,70.43675962367219,68.7686767578125,68.7686767578125,6563300.0
2015-12-01,70.58763912215363,72.53234049968819,69.85837370737299,72.50719451904297,7368900.0
2015-12-02,72.30604366499414,72.70001454309694,70.7636902693593,70.88104248046875,4444800.0
2015-12-03,70.95646707628059,71.11572709258492,69.20455573522021,69.62367248535156,3669800.0
2015-12-04,69.96734392945206,73.161011183004,69.9338138255433,72.60778045654297,6987600.0
2015-12-07,73.30350273722534,73.89865403407691,71.99586077842548,72.4065933227539,4379000.0
2015-12-08,71.76957255574553,73.48794782419436,71.72765831215735,72.43177795410156,4761000.0
2015-12-09,72.10483905676142,72.35631165159649,70.0511696480589,70.29425811767578,5479500.0
2015-12-10,70.60437866277647,71.67731603544166,69.87511354453785,71.17437744140625,3667200.0
2015-12-11,70.24399885486712,70.73016962519611,69.67399958376237,69.81649780273438,3738200.0
2015-12-14,69.87514519306512,71.00675914098913,69.54823463911406,70.98161315917969,5208700.0
2015-12-15,71.40071844664277,72.07130769823196,71.2665980382397,71.68571472167969,3975500.0
2015-12-16,72.08806543967425,72.57424229958356,70.45351302558066,72.3311538696289,2983600.0
2015-12-17,72.71675417492993,73.10234080716383,72.25572320420792,72.27249145507812,3928200.0
2015-12-18,71.72764968718019,72.07132853667329,71.05706024169922,71.05706024169922,5821300.0
2015-12-21,71.8533552762179,72.46526196793545,71.37556257910757,72.12158966064453,3742400.0
2015-12-22,72.31437709423786,72.48202757540845,71.47614387402074,72.01261901855469,2446100.0
2015-12-23,72.3898424698544,72.81734332719677,72.19704595922116,72.25572204589844,2804200.0
2015-12-24,72.07131575140119,72.21381390484223,71.64381489586428,71.96234130859375,1486900.0
2015-12-28,71.73600492787456,71.83658882754398,71.15762192392606,71.66056060791016,2031100.0
2015-12-29,71.95395154844753,72.8173373171729,71.75277732433145,72.2976303100586,2097700.0
2015-12-30,72.46528041191928,73.01013344261621,72.20543008452186,72.25572204589844,1969400.0
2015-12-31,71.85337486074985,71.8785208418918,70.47867246646956,70.62955474853516,3178500.0
2016-01-04,69.90865622705036,70.076300323517,68.55910014629318,69.46439361572266,6907300.0
2016-01-05,69.48954548916576,71.58512884894029,69.46439951208254,70.5038070678711,7475300.0
2016-01-06,69.31354287230928,71.14927022520266,69.15427643163422,70.0595703125,6628400.0
2016-01-07,68.4249989563246,69.4141147515813,67.75441598704758,68.24059295654297,5833200.0
2016-01-08,68.45850937917399,69.14586040228677,67.9304247232548,68.10645294189453,5880200.0
2016-01-11,68.14836640123549,68.66806692801372,66.07792923172131,67.28498077392578,4889300.0
2016-01-12,67.57000257079446,67.89691312235907,66.65632473536499,67.39397430419922,4329300.0
2016-01-13,67.6789525012837,67.74601269780614,66.29586632526691,66.4719009399414,4628400.0
2016-01-14,66.45513974389996,69.34704867243308,65.90190905192449,69.18778228759766,8253700.0
2016-01-15,67.63702862604282,68.3830555485048,67.12570594050675,68.09805297851562,6674300.0
2016-01-19,68.99499466591625,71.08220060461962,68.70161423132356,69.76617431640625,9162300.0
2016-01-20,68.6094240517464,69.96736488836575,67.4023719255223,69.25486755371094,8354400.0
2016-01-21,69.20454031124538,69.25483865879647,67.55321966053201,68.23219299316406,4930800.0
2016-01-22,69.07045960417096,69.70751902016022,68.65972687323777,69.13751983642578,3456300.0
2016-01-25,69.15423991630915,69.74100060599915,68.41659699281146,68.49203491210938,2632800.0
2016-01-26,68.52557089905378,68.87762734313372,67.8214580108939,68.70159912109375,4583400.0
2016-01-27,68.4082297726772,69.78293206694346,67.86337677179051,68.53396606445312,4341900.0
2016-01-28,68.62616175672659,69.14586230360689,64.15837678603562,64.38469696044922,10128700.0
2016-01-29,64.84573593752006,66.57249468445099,64.73676789846583,66.30426025390625,7042500.0
2016-02-01,65.55822477849222,66.35455024033038,64.77866756375643,65.71749114990234,4056000.0
2016-02-02,65.09721235128559,65.6336812439978,63.78117970438518,63.95721435546875,4804200.0
2016-02-03,64.09134151977635,65.00501948683994,62.1801698982969,63.781192779541016,6966400.0
2016-02-04,63.66381361777244,64.14999044402558,61.55985273711918,62.26396560668945,6339500.0
2016-02-05,62.163409442444554,63.55487395105824,61.652086413467956,62.297523498535156,6312800.0
2016-02-08,61.65207251846897,62.51545194471398,61.04854341404544,62.188541412353516,4348800.0
2016-02-09,61.551478581405725,62.83397465524587,60.95633363711712,61.81132888793945,5160000.0
2016-02-10,62.23337874452627,63.195619495297215,61.60032528008471,61.67628860473633,4748700.0
2016-02-11,60.94194004831599,61.30489093372345,59.78556658810688,60.283565521240234,5425400.0
2016-02-12,60.410191164537835,60.545245682579875,59.44795026262682,60.15696716308594,6332600.0
2016-02-16,60.730925657539835,61.97171146209289,60.71404706553184,61.895748138427734,4811300.0
2016-02-17,62.46970642971257,63.23780781297238,61.69315609223071,63.03523254394531,4000300.0
2016-02-18,61.97170606495433,62.925510644034794,61.75225218919879,62.013912200927734,5620000.0
2016-02-19,61.35552160871874,61.67626626287023,60.941922191818826,61.287994384765625,6650800.0
2016-02-22,61.541238845530785,62.1574072609501,60.857536743812034,61.62564468383789,5672600.0
2016-02-23,61.70160353808026,62.883304508061386,61.667839917251975,62.013912200927734,4411200.0
2016-02-24,61.89572251767523,62.69758732106782,61.31331151831108,62.545654296875,3636100.0
2016-02-25,62.689166306372755,63.212492777998726,62.26713069886054,63.15340805053711,4306800.0
2016-02-26,63.65984354872252,63.97215218743724,61.96326520152688,62.123634338378906,4807700.0
2016-02-29,61.92952784838498,61.92952784838498,60.7562689866156,60.77314758300781,5730200.0
2016-03-01,61.304894868934404,61.45682795722401,60.65496281554448,61.397743225097656,4541700.0
2016-03-02,61.38929570134644,62.50346932778731,61.14451430253915,62.47814178466797,6738800.0
2016-03-03,62.292473670651454,62.36843700773391,61.262705502952144,61.82823181152344,4526500.0
2016-03-04,61.929501583307584,62.51190628827326,61.53278711892048,62.123634338378906,3481600.0
2016-03-07,61.76070235963843,62.427519533735804,61.44840006526943,61.95484161376953,3443100.0
2016-03-08,61.56656435483187,62.925519699920514,61.52435821278439,61.61720657348633,3278900.0
2016-03-09,62.04767694073519,62.41062782149451,61.6171988171015,62.072998046875,2372000.0
2016-03-10,62.461271626414174,62.63852581366478,61.13608004003846,61.63407897949219,4419200.0
2016-03-11,62.01391015573943,63.263131886426194,61.777571257487985,63.00991439819336,3527200.0
2016-03-14,62.68072328719884,62.967704377434835,62.28400882972422,62.38529968261719,3201800.0
2016-03-15,60.477702223814994,60.773125853206544,58.74735370348257,60.131629943847656,13748200.0
2016-03-16,60.17384065012317,61.53279588830153,60.07254978102975,61.178287506103516,5287400.0
2016-03-17,60.967275995432594,61.06856043524527,57.29556049814409,58.29156494140625,15421600.0
2016-03-18,58.409742467895036,59.97127982101375,58.2915729786515,59.88686752319336,10131700.0
2016-03-21,59.76023932280072,59.971257107923954,58.94992536094597,59.295997619628906,5900100.0
2016-03-22,59.26223599772989,60.9756994402953,59.22003630313462,60.705596923828125,7655400.0
2016-03-23,60.91661140627104,60.96726005268621,59.853086427826625,60.072540283203125,3884400.0
2016-03-24,59.633639002324834,60.30045610622549,59.25380305112033,60.03035354614258,2892900.0
2016-03-28,60.22447907165309,60.32576993436687,59.405728974035334,59.60831069946289,2661900.0
2016-03-29,59.709571130586305,60.72246003147961,59.64205035565979,60.51987838745117,3814800.0
2016-03-30,60.75625479929868,61.05167846533576,59.98814682784933,60.58743667602539,3081000.0
2016-03-31,60.578996308850684,61.05168063103055,60.01347006526829,60.781578063964844,3680000.0
2016-04-01,60.43547101231781,62.20801849295119,60.37638631095501,61.9716796875,4083600.0
2016-04-04,62.0898754446487,62.284014654244004,61.52434928588529,61.76913070678711,2796300.0
2016-04-05,61.43152151432229,62.16586602298662,61.17830393322567,61.65098190307617,3591800.0
2016-04-06,61.44839650981848,63.35599311345232,61.44839650981848,63.10277557373047,5669100.0
2016-04-07,62.89173824072766,63.44038573300538,62.33464823448378,62.959259033203125,3724100.0
2016-04-08,63.54170858579416,63.54170858579416,62.343128467481264,62.79048538208008,3224900.0
2016-04-11,62.86643440406135,63.085888309441664,62.29246565200308,62.419071197509766,3351100.0
2016-04-12,62.275565858619835,63.55011504589719,62.06454807978756,62.9423828125,2849800.0
2016-04-13,63.07742930515336,63.507900882911905,62.52878186162204,63.44038009643555,2341600.0
2016-04-14,63.55857378182079,64.00593055676092,63.13653811644284,63.83711242675781,3022100.0
2016-04-15,63.828662928734964,64.36042543698562,63.38129980810928,63.75269317626953,3007500.0
2016-04-18,63.79490013644408,65.21293994990499,63.46571289758278,65.1791763305664,4088400.0
2016-04-19,65.48304332440122,66.25958726012591,64.68961435890965,65.20449829101562,3819600.0
2016-04-20,65.22983158817075,65.64342473823706,64.63898423093318,65.06101989746094,4049400.0
2016-04-21,65.1369604320319,65.921946754662,64.91750659885643,65.30577850341797,3286600.0
2016-04-22,65.07789404416974,65.78691726416389,64.93440347289508,65.6940689086914,2697200.0
2016-04-25,65.38173125635522,65.8375303159278,65.12007133761446,65.7868881225586,3767100.0
2016-04-26,64.67274179723337,66.09078176148739,64.22537862323887,64.37731170654297,5347300.0
2016-04-27,64.58831583487252,65.12852724752197,63.997468658187366,64.57987976074219,3690900.0
2016-04-28,64.2507080652528,64.70650732860837,63.870872125913415,64.53768920898438,4383000.0
2016-04-29,64.57988573996684,64.57988573996684,63.38974232277252,63.75269317626953,3386600.0
2016-05-02,64.10718845399946,65.06099278431125,63.9890190317972,64.7824478149414,3571900.0
2016-05-03,64.4363835336152,64.69804994897902,63.8033302199065,64.36042022705078,3270700.0
2016-05-04,63.44883519041557,63.82867112199606,62.99303593637059,63.19561767578125,4176800.0
2016-05-05,63.06901730062547,63.634543604403035,62.92552670529454,63.53325271606445,3446400.0
2016-05-06,63.069007088979355,63.26313987717017,61.904184600823235,62.967716217041016,4196900.0
2016-05-09,63.11964905302897,64.06501120142016,63.10277046098305,63.8033447265625,2963200.0
2016-05-10,64.39417498654693,65.10319150930303,64.19159975715239,64.89217376708984,4366000.0
2016-05-11,64.55231942545235,65.47849805708984,64.44185323370121,64.84121704101562,3716300.0
2016-05-12,65.18961088651264,65.37654771842088,64.03400727358786,64.54383087158203,4081900.0
2016-05-13,64.4248472657494,65.46999074670111,64.21242030872929,64.85820007324219,3629700.0
2016-05-16,64.56079037080472,66.67656061302736,64.44182533517012,66.52361297607422,4580100.0
2016-05-17,66.45566327902138,66.88051728782429,64.16994663717921,64.90919494628906,7153300.0
2016-05-18,64.91767936189757,65.30004529143127,64.24640939978326,64.85820007324219,4664900.0
2016-05-19,63.83006396443585,63.92353235818117,62.65746283663353,63.14179611206055,4848800.0
2016-05-20,63.54966671119941,64.18694775746162,63.45619830579364,63.56665802001953,4689200.0
2016-05-23,63.728095100482875,63.84705369271654,62.81040897517423,62.94636535644531,4440500.0
2016-05-24,63.34572598364276,63.89803092760304,63.18427940957371,63.7195930480957,3711800.0
2016-05-25,64.14445449630944,64.15295339140093,63.26075740676189,63.33723449707031,4621700.0
2016-05-26,63.388207429225545,64.237915320992,63.107802269081006,64.16993713378906,2654600.0
2016-05-27,64.16993719391279,64.33988266207936,63.447686781785954,63.7195930480957,3247500.0
2016-05-31,63.736594509012306,64.26340928379366,63.48167953345176,63.75358581542969,4438800.0
2016-06-01,63.64313873580362,64.10198189313644,63.456201914361536,63.677127838134766,2450200.0
2016-06-02,63.91503704331278,64.30590194688669,63.64313074157625,64.11896514892578,3231000.0
2016-06-03,64.15294188203303,64.23791136943147,63.09080708266163,63.830055236816406,5319000.0
2016-06-06,63.82155349041455,64.15293901438493,63.04831627931297,63.59212875366211,3253800.0
2016-06-07,63.40518048271445,63.7705549929498,63.31171213246209,63.47315216064453,2902900.0
2016-06-08,63.439195794308326,63.80456397286428,63.21826992211159,63.6516227722168,3194900.0
2016-06-09,63.532664393334244,64.18694318456154,63.082320189967646,63.24376678466797,2760500.0
2016-06-10,62.954850301757986,63.0398262713528,62.17312065043361,62.83589172363281,4124200.0
2016-06-13,62.94634758825592,63.702586918026846,62.597964321656484,62.7594108581543,3767000.0
2016-06-14,62.48754673471647,63.19280615220689,62.07968391413176,63.15031814575195,3691900.0
2016-06-15,63.49867515299069,63.634625047955936,62.54699995720642,62.6319694519043,3408900.0
2016-06-16,62.42802644821091,63.27773415762931,61.98617480897034,63.090797424316406,4788700.0
2016-06-17,63.4306807149941,63.796055283077656,62.428025375794235,62.7594108581543,6604900.0
2016-06-20,63.260738994365724,63.473165930522434,62.21560209881786,62.26658248901367,3640100.0
2016-06-21,62.62345549279978,62.7084314498126,61.62929903020102,61.66328811645508,5999200.0
2016-06-22,61.603831967048365,62.80192339702779,61.603831967048365,62.088165283203125,4410800.0
2016-06-23,62.53000486849502,62.82740783691406,62.19861928693506,62.82740783691406,2989700.0
2016-06-24,61.56132441189495,63.83004905036062,61.06849883964646,63.15877914428711,10471300.0
2016-06-27,62.92936159183273,63.78756833953192,62.198612318782956,63.634620666503906,7657800.0
2016-06-28,63.8385548842795,64.79023010618918,62.665960266642,63.855552673339844,8012300.0
2016-06-29,64.47583023814728,66.48114131119291,64.46733782711152,66.40467071533203,7123700.0
2016-06-30,66.44717058785525,66.96549304561128,65.81838841128962,66.91451263427734,4017200.0
2016-07-01,67.03346173457405,67.40733531864451,66.59161643929227,67.08444213867188,2909600.0
2016-07-05,66.96547909085703,67.89166409455426,66.91449869014676,67.67073822021484,3286600.0
2016-07-06,67.3988364648705,68.31652263573625,67.21189967272109,67.9936294555664,4669800.0
2016-07-07,67.83219477595406,68.01913158306155,66.82953902372493,67.39884185791016,3587300.0
2016-07-08,67.39882484846477,67.89165694596154,67.06743931322707,67.68772888183594,3134900.0
2016-07-11,67.58576457056319,67.7811937497783,67.08443355761813,67.24588012695312,3461400.0
2016-07-12,67.6622465583793,67.84068446269572,67.10144264235018,67.69623565673828,4430000.0
2016-07-13,67.90014209821655,68.002102868267,67.40731010045614,67.43280029296875,2917200.0
2016-07-14,67.55179520352564,68.56294993577181,67.46682568850056,68.47797393798828,3823800.0
2016-07-15,68.80933098446793,68.82632228570647,67.92563421669615,68.1635513305664,4529100.0
2016-07-18,68.29104064528333,68.47797097715267,67.8576877098067,67.93415832519531,3087600.0
2016-07-19,67.84917407629392,68.18905853063035,67.61975579720198,67.95114135742188,3303700.0
2016-07-20,68.20603968136757,68.41846662335642,67.96812254358099,68.21453857421875,2811100.0
2016-07-21,68.1465904315614,68.486474985094,67.99364270660966,68.31653594970703,2685900.0
2016-07-22,68.31651920295344,69.42963452221977,68.2145519170618,69.32766723632812,4315900.0
2016-07-25,69.32765038051204,69.67603366053737,68.82632593296984,69.65904235839844,4180100.0
2016-07-26,70.31335109250257,70.82317469813209,69.36167560797098,69.7525405883789,5134900.0
2016-07-27,69.88846584679646,71.02707117561714,69.80349636420262,70.86563110351562,4057200.0
2016-07-28,70.73819966897278,70.85715828493056,69.6335765404981,70.46629333496094,4862000.0
2016-07-29,70.58523680877845,70.90812348528898,70.21986214307263,70.43228912353516,3016200.0
2016-08-01,70.54276977667928,71.19704870122327,70.47479804963329,70.67872619628906,3131100.0
2016-08-02,70.6447207617039,71.12055515483016,70.16038747362683,70.79766845703125,3340100.0
2016-08-03,70.8826270675013,70.8826270675013,69.98193882382506,70.28783416748047,2940900.0
2016-08-04,70.54273657608078,70.54273657608078,69.99043170894264,70.03291320800781,2093800.0
2016-08-05,70.03292677534758,70.11789627269474,68.86033215333973,69.30217742919922,5886900.0
2016-08-08,69.20019363960608,69.54857040783801,68.36747728358607,69.33614349365234,4227300.0
2016-08-09,69.46363245490139,69.79501807276286,68.57143641742334,69.25120544433594,2242800.0
2016-08-10,68.07860268140122,68.96229971946079,67.69623021765278,68.44397735595703,4956700.0
2016-08-11,68.39266787234958,68.98269768018743,68.39266787234958,68.88863372802734,2408000.0
2016-08-12,68.5722248901737,69.02543843773554,68.32423876481565,68.5978775024414,2525000.0
2016-08-15,68.69194598146426,68.93993212325317,68.46961245364272,68.63208770751953,2780400.0
2016-08-16,68.62354476268416,68.75181437546449,68.27294158935547,68.27294158935547,2158700.0
2016-08-17,68.54660393774712,68.70907273183664,68.05063145795461,68.50384521484375,2519500.0
2016-08-18,68.49526503737378,68.73469813304702,67.97364014005883,68.22162628173828,3037200.0
2016-08-19,68.02494088737703,68.23016828988759,67.36649345673264,67.60592651367188,3745500.0
2016-08-22,67.828272548632,68.32424484347366,67.57173335500693,67.80261993408203,3157000.0
2016-08-23,68.136132438857,68.38411864257289,67.93090495180613,68.04206848144531,3406900.0
2016-08-24,68.15325523121984,68.40124151942582,66.85347200496983,67.0758056640625,3423000.0
2016-08-25,67.07577923897007,67.70001471502552,66.52850161993632,66.70807647705078,2800500.0
2016-08-26,66.7422858678726,67.4007270473657,66.56270447667391,66.90475463867188,2602300.0
2016-08-29,66.9817053882086,67.33230200293703,66.74227228077203,67.21258544921875,2203300.0
2016-08-30,67.21260641489461,67.21260641489461,66.38313680249313,66.50285339355469,2025700.0
2016-08-31,66.60544958585795,66.77647136988485,66.29760515535928,66.48573303222656,2182600.0
2016-09-01,66.48574492197775,66.6995254522735,65.67338151647952,66.04108428955078,3544700.0
2016-09-02,66.2890710638551,66.38313502918572,65.37409055714672,65.71614074707031,3943400.0
2016-09-06,65.94700872923075,67.29809648465272,65.94700872923075,67.13562774658203,5528600.0
2016-09-07,67.11854486430417,67.46059507568386,66.92187039650483,67.20405578613281,2971400.0
2016-09-08,68.43540563277274,68.55512217863141,67.90523422227359,68.31568908691406,4405400.0
2016-09-09,68.08482737136164,68.08482737136164,66.87054897006566,66.90475463867188,4152500.0
2016-09-12,66.6909605362676,67.80262170560432,66.53703832088347,67.623046875,3288900.0
2016-09-13,67.44348244900003,67.44348244900003,66.69097082478088,67.1099853515625,3149000.0
2016-09-14,67.27243081458751,67.75984998233747,66.71660033668206,66.9474868774414,2660900.0
2016-09-15,66.80215099602358,67.6059614563379,66.50285299609355,67.4007339477539,2652300.0
2016-09-16,67.2981266493523,67.47770808486803,66.84491284558837,67.3836441040039,4255100.0
2016-09-19,67.37508495295508,67.87105743913483,67.11854566036135,67.69148254394531,3321500.0
2016-09-20,68.09337126694518,68.70906022996203,67.80263288111163,68.3071517944336,3629400.0
2016-09-21,68.23874430958132,69.2648881916845,68.13612731174553,69.15372467041016,3147600.0
2016-09-22,69.30765093442966,69.65824761363959,69.03401211502286,69.51287841796875,2639800.0
2016-09-23,69.23922761730452,69.65823555987643,69.06819930723022,69.40170288085938,2197700.0
2016-09-26,69.26488151747435,69.3931511213934,67.98219852641002,67.99929809570312,4332800.0
2016-09-27,68.93994255488481,69.20502830474251,68.07626745094181,69.16226959228516,6888900.0
2016-09-28,69.12806262549375,69.41025446464631,68.4268628132156,69.01689910888672,2467800.0
2016-09-29,68.70907169023918,68.81168870921256,67.75133894274774,68.18744659423828,3269200.0
2016-09-30,68.4952650676101,68.96558473722055,68.43540679366538,68.63208770751953,3623000.0
2016-10-03,68.40974784191744,69.3247279583406,68.14466215672984,69.2648696899414,3983500.0
2016-10-04,69.31619666785508,69.61549462784701,68.99125261228531,69.35895538330078,3184100.0
2016-10-05,69.56417698933123,70.19696547528758,69.46156651943008,69.9062271118164,3560400.0
2016-10-06,69.47865071252006,69.93186425177952,69.03399021854722,69.66677856445312,2994200.0
2016-10-07,69.75233021293533,70.38511892868415,69.52145004775193,70.19699096679688,4241400.0
2016-10-10,70.23117962333242,71.1803657289531,70.2055270027585,71.02644348144531,4608400.0
2016-10-11,70.63306660528734,70.84684707717021,69.4786533619323,69.95751953125,4218200.0
2016-10-12,69.95753336017525,70.30813653491887,68.80311988862037,68.84587860107422,3629800.0
2016-10-13,68.34991648830328,68.82878282406455,68.06772460155916,68.40977478027344,3565000.0
2016-10-14,68.55514904764141,68.68341868963805,67.7342324725539,67.78553771972656,3143900.0
2016-10-17,68.00786261683685,68.00786261683685,66.70807983717683,67.15274047851562,3884700.0
2016-10-18,67.63161768820233,67.68292946113496,67.12709867683222,67.35797882080078,3218300.0
2016-10-19,67.52042531337186,67.83682276912167,67.15272263065921,67.17837524414062,2988500.0
2016-10-20,67.32375175691776,67.64869573845728,67.0330069110666,67.3322982788086,2661900.0
2016-10-21,67.1612704194377,67.36649783528722,66.76791515403364,66.91328430175781,3215000.0
2016-10-24,67.11852063286435,67.28954893884134,66.22064649172064,66.3318099975586,4363200.0
2016-10-25,65.7417745711776,66.93894663155439,64.56170860364124,66.48573303222656,8496000.0
2016-10-26,66.20356031377088,66.40024129379228,65.30568590253776,65.6391830444336,2988700.0
2016-10-27,66.1522579851276,66.2035632325844,65.10045474380813,65.12611389160156,3789900.0
2016-10-28,64.66433284138687,64.71563807753687,63.15931618170547,63.73224639892578,5651500.0
2016-10-31,63.81773601413421,63.91179993174327,63.10798989589509,63.142189025878906,3562100.0
2016-11-01,63.11654939529085,63.26192508589272,61.44051114679155,62.406803131103516,8190500.0
2016-11-02,62.552198762045705,62.84293721812869,62.1160845538557,62.124637603759766,4433900.0
2016-11-03,62.26142837932547,62.66333674798671,61.46616468841743,61.662845611572266,4843200.0
2016-11-04,61.67142097510089,62.44957885477302,61.28661203595436,61.98781204223633,3617200.0
2016-11-07,62.61202220870813,63.21915793260914,62.46665306158998,63.17639923095703,4969400.0
2016-11-08,62.91132503048149,63.680936132253464,62.73175019407855,63.29612731933594,2690800.0
2016-11-09,65.97267796486075,67.81119196985645,65.48525857972835,67.03302764892578,7332700.0
2016-11-10,67.96258967689768,68.59952194336525,67.13629757172157,67.42893981933594,6904800.0
2016-11-11,67.11049124445314,67.21377367532799,66.09483908453085,66.8522720336914,3072700.0
2016-11-14,67.14491262420991,67.34287497014837,66.00876005728423,66.29279327392578,3221700.0
2016-11-15,66.64567477584606,66.74035467864525,65.56977275929603,66.55099487304688,3097600.0
2016-11-16,66.72315164600833,66.72315164600833,66.12064900731035,66.22393798828125,1922300.0
2016-11-17,66.27556144185839,66.97274381799261,66.04316950540847,66.88667297363281,4519200.0
2016-11-18,66.77479127360914,67.06743350047938,65.86242180330413,65.99153137207031,4571600.0
2016-11-21,66.10345506713594,66.31002651731161,65.50094570117389,65.96573638916016,4060300.0
2016-11-22,66.97276346737769,66.97276346737769,64.98449814214851,65.40625,5208800.0
2016-11-23,55.378849094170356,58.89920541047083,55.24113699196802,58.52909469604492,53877200.0
2016-11-25,58.98526610228849,59.51030694520494,58.33972472822267,59.49309539794922,8620700.0
2016-11-28,58.8991983054138,58.8991983054138,57.75443663298211,57.84050750732422,12507700.0
2016-11-29,58.15898702640527,58.21923730554573,57.22080317024838,57.7974853515625,8930000.0
2016-11-30,57.92658241543539,58.37415488251493,57.504823986064224,57.77165222167969,9085300.0
2016-12-01,57.9179786891388,57.92658774702497,56.51500432589975,56.78182601928711,7168100.0
2016-12-02,57.06585055601125,58.864755732343895,56.77320176728648,58.27946472167969,12272200.0
2016-12-05,58.66680955407927,58.7959125893864,57.44457942994559,57.89215850830078,7286000.0
2016-12-06,57.84048398009866,58.468813584111246,57.78023373588793,58.3569221496582,4617200.0
2016-12-07,57.88354994960727,57.99544143676758,57.28964971492341,57.99544143676758,5835900.0
2016-12-08,57.711397213330436,57.90075048632875,57.14331769397763,57.8318977355957,4811400.0
2016-12-09,57.99543451241411,58.67540554578913,57.85772243441177,58.39997482299805,4350800.0
2016-12-12,58.51187843738581,58.9938806064888,58.02986970149578,58.19340896606445,5273700.0
2016-12-13,58.52046656266848,59.29511740626871,58.52046656266848,59.07993698120117,6010900.0
2016-12-14,58.89058222430964,59.32094311147961,58.13314942693346,58.24504089355469,6140300.0
2016-12-15,60.56896987780985,61.619044514714425,59.95785844563379,61.429691314697266,14320800.0
2016-12-16,62.71219560972731,63.443807881625624,61.765402871577336,63.099517822265625,17584700.0
2016-12-19,63.24584256859812,64.11516688346245,63.09091237748004,63.19419479370117,6102400.0
2016-12-20,63.39217338584234,63.77949563940734,62.832702800969386,63.15977478027344,6001500.0
2016-12-21,63.11674523014344,63.598747444144415,62.918776282657234,63.04788589477539,5054100.0
2016-12-22,62.97041335124347,63.245844079055054,62.55726397613282,63.05648422241211,4827500.0
2016-12-23,63.245843128274274,63.693415591694745,63.056483274478005,63.512664794921875,2570100.0
2016-12-27,63.745053340688884,64.08934336828894,63.41798142620118,63.52987289428711,2786700.0
2016-12-28,63.40078829781664,63.50407073934997,62.80688799184805,62.88434982299805,3256800.0
2016-12-29,63.16837993284804,63.58152933565483,63.03927033404673,63.314701080322266,3031600.0
2016-12-30,63.2372243671517,63.47822539253259,63.03065299779456,63.30608367919922,2933900.0
2017-01-03,63.64177350977528,64.27009676134618,63.29748346821458,64.20984649658203,3622700.0
2017-01-04,64.5110955741698,64.55413429041118,64.02048441623411,64.3131332397461,3021600.0
2017-01-05,64.49388533445175,67.02440955127824,64.06352443046283,65.06195831298828,3310800.0
2017-01-06,64.95004760172687,65.47508827440252,64.57993707126343,65.13079833984375,2296500.0
2017-01-09,65.13083069822187,65.94852051989265,64.99311859605065,65.64726257324219,3204100.0
2017-01-10,65.7935903007078,65.89687273563932,65.25133125016703,65.64726257324219,3559400.0
2017-01-11,65.8538258186589,66.20671833690338,63.69341229273233,64.77792358398438,7701700.0
2017-01-12,64.42501587132226,66.70592961673542,64.34755407285651,66.40467834472656,11900700.0
2017-01-13,66.20673124819835,67.2396015349826,65.74194060416356,66.61988067626953,5602600.0
2017-01-17,66.32723520695366,66.32723520695366,65.3029804925496,66.146484375,4913300.0
2017-01-18,66.55103015925673,66.88671124105997,66.17231034725789,66.73178100585938,3360300.0
2017-01-19,66.68011443020582,66.80922400491482,66.06900278115467,66.13785552978516,4439200.0
2017-01-20,66.2927884440349,66.62847597885683,65.81939540626463,66.1120376586914,4371200.0
2017-01-23,65.62142541189387,66.17228681520236,65.55257266156974,65.6902847290039,5055100.0
2017-01-24,65.5870068330211,65.7849757614591,63.839742408598575,64.42503356933594,6594300.0
2017-01-25,64.65743216214518,65.07057500102626,63.92581328613321,64.42503356933594,4830800.0
2017-01-26,64.53693996273954,64.85540290746317,64.15822017248672,64.1926498413086,3748000.0
2017-01-27,64.48527148353384,64.89842081003368,64.13237898322745,64.8812026977539,3132800.0
2017-01-30,64.63159466178917,64.70906303594319,63.90859152587692,64.29591369628906,5909600.0
2017-01-31,63.90860103069625,66.51658733520239,63.69342055584543,66.30140686035156,6964100.0
2017-02-01,67.04160988748315,67.62690088170831,66.19810633411419,66.79199981689453,4959200.0
2017-02-02,66.2669770176535,67.05884615372715,65.88826384835248,66.61126708984375,3830900.0
2017-02-03,66.68012793986985,67.03302051100044,66.02597744445357,66.47355651855469,3836300.0
2017-02-06,66.20670749554988,67.00717888974192,66.06899544679067,66.9899673461914,2835500.0
2017-02-07,66.8608783559394,67.14491816279707,66.5510179424196,66.87808990478516,3346800.0
2017-02-08,66.65430545687933,67.6957781587947,66.43912498375333,67.23098754882812,2820800.0
2017-02-09,67.23098904059988,67.64413188076826,66.8694874137558,66.87808990478516,2962600.0
2017-02-10,67.0244257435525,67.35149774555758,66.79202712185354,66.95556640625,2598600.0
2017-02-13,67.21549378179776,67.6400838100931,67.18083242689931,67.3887939453125,2097500.0
2017-02-14,67.15484660666671,68.30731201248688,66.93821806922584,68.28997802734375,3311200.0
2017-02-15,67.88269784155003,69.7890324467957,67.63141462047703,69.5377426147461,4272800.0
2017-02-16,69.36447143731841,69.65041612817292,68.80990282156874,69.35580444335938,3629600.0
2017-02-17,69.44245194138848,70.187654730367,69.38179620791252,69.6590805053711,3111100.0
2017-02-21,69.46846255435615,70.07502664192116,69.41647380235769,69.63310241699219,3178800.0
2017-02-22,69.68505558300593,70.3696024489919,69.60707249483177,70.248291015625,3468800.0
2017-02-23,70.51692739098824,71.81669876794095,70.30896582174996,71.53075408935547,6193500.0
2017-02-24,71.41808625718183,72.12862751217891,71.26211346408601,71.80802154541016,4016000.0
2017-02-27,71.77336171684689,72.26727447032667,71.6260559121724,71.97265625,3104200.0
2017-02-28,71.7646789527248,72.33658128420792,71.55671747353831,71.75601196289062,3672000.0
2017-03-01,72.30195152639394,72.90850886028149,71.89468876893554,72.65721893310547,3420600.0
2017-03-02,72.67455000132242,72.74386611456893,71.78203480162337,71.84269714355469,3371600.0
2017-03-03,71.66072070745716,72.70054169970597,71.57407061084774,72.5965576171875,2649100.0
2017-03-06,72.13730514009853,73.02981368347473,71.87734824295002,72.63988494873047,3960100.0
2017-03-07,71.87734834843037,72.04198815759794,70.50826097291078,71.69538116455078,5570600.0
2017-03-08,71.69540077714707,72.77854379485649,71.63474503259455,72.27597045898438,4491800.0
2017-03-09,72.50122685502534,73.45439095993427,72.36258804879111,73.26376342773438,5861600.0
2017-03-10,73.22046309230682,73.26379145450487,72.7005558008296,73.09915161132812,3629400.0
2017-03-13,73.22912095250663,73.26378231574553,72.63989099940372,72.90850830078125,2248500.0
2017-03-14,72.78720285129428,73.26378837149818,72.71788011908652,73.18579864501953,2839100.0
2017-03-15,73.1597864352816,74.6415247673005,73.10779770429153,74.41622924804688,4883900.0
2017-03-16,74.12162788943735,74.12162788943735,72.61389498312018,73.6450424194336,4742800.0
2017-03-17,73.16847036551879,73.43708768578816,72.63989610816455,72.7525405883789,5786900.0
2017-03-20,73.30709076567008,73.5323862803709,72.76118926837205,72.83917236328125,3121900.0
2017-03-21,73.08179013256385,73.61036421985511,72.46656596444954,72.55322265625,4066200.0
2017-03-22,72.86518903302645,73.26379145450487,72.32795436325796,73.09915161132812,2850300.0
2017-03-23,72.71787355554633,73.69703887940733,72.71787355554633,73.15113067626953,3021100.0
2017-03-24,73.04715272839378,73.63638267322584,72.66588434909687,72.94316864013672,2479100.0
2017-03-27,72.70053607719504,73.16845449587237,72.56189064455965,72.99514770507812,2340300.0
2017-03-28,73.02115064752041,73.65370893900374,72.82185607842186,73.43708038330078,2755000.0
2017-03-29,73.26375883807836,73.4457259785361,73.06445771606639,73.16844177246094,2066600.0
2017-03-30,73.28111516993538,73.61038822885068,72.85652500773257,73.44575500488281,3204100.0
2017-03-31,73.13378957098692,73.60170796684392,72.85650533021735,72.88249969482422,3151900.0
2017-04-03,72.89984733497268,73.48907733679626,72.84785859130517,73.17713165283203,2429900.0
2017-04-04,73.24645299820293,74.85817013117551,73.03849141649083,74.59821319580078,4624600.0
2017-04-05,74.45087479231212,75.14408857617153,74.14759624098984,74.1995849609375,4056300.0
2017-04-06,74.0609771956993,74.43357860368961,73.7576985173303,73.96566009521484,2684600.0
2017-04-07,73.94832713301535,74.22561805534671,73.57573233083636,73.93099975585938,2808500.0
2017-04-10,74.05231475600775,74.39025481997089,73.85302015981398,74.06098175048828,1994900.0
2017-04-11,74.06098365416058,74.64154669066323,73.93100517753075,74.45957946777344,2699200.0
2017-04-12,74.29492284746543,74.81483002560942,74.23426712019828,74.73684692382812,2545100.0
2017-04-13,74.54620768650004,74.7974975712487,74.3295791594041,74.41622924804688,2172500.0
2017-04-17,70.44759273084537,71.9119969345949,70.28295295092393,71.3834228515625,12424500.0
2017-04-18,70.97620830665103,71.14084157183991,70.09235978413716,70.36097717285156,8210800.0
2017-04-19,70.29163210125913,70.80287229011434,69.21714976671925,70.09233093261719,5504500.0
2017-04-20,70.35229629877526,71.22747095905855,69.97102790119962,71.00218200683594,3267200.0
2017-04-21,70.89822943092716,71.26216400259078,70.76825090933808,70.9588851928711,3204000.0
2017-04-24,71.76471492829953,72.55324612409315,71.67806481944889,72.28462219238281,4813600.0
2017-04-25,71.66941596387751,71.66941596387751,69.75441964640574,70.36097717285156,9221100.0
2017-04-26,70.48226528058746,70.80287793012347,70.12699787902827,70.15299224853516,4421700.0
2017-04-27,70.16164145915651,70.70754291337636,69.91901859061436,70.47358703613281,3219200.0
2017-04-28,70.50825750873514,71.27078756719186,70.36094508151727,71.10614776611328,3161800.0
2017-05-01,71.13213398127624,71.24478503688567,70.83752238255678,70.89817810058594,2397200.0
2017-05-02,71.0368112649686,71.0368112649686,70.62088169096525,70.79418182373047,3626500.0
2017-05-03,70.41295623997155,70.67290657213674,70.39562225123939,70.40428924560547,3373200.0
2017-05-04,70.4909189863723,72.0073186242333,70.43893025715852,71.95532989501953,3567100.0
2017-05-05,71.97266494820384,72.01599330115755,71.11481776974398,71.49608612060547,3135600.0
2017-05-08,71.36607513106095,71.40940346425771,69.63304757879813,69.90166473388672,4712900.0
2017-05-09,70.03167826749878,70.13566235276953,69.62441553057846,70.00568389892578,3988100.0
2017-05-10,70.0490061162354,70.28296865693089,69.48577716407118,70.2309799194336,4018500.0
2017-05-11,70.39664873416868,70.640838221459,69.69024248112673,69.9605941772461,3920500.0
2017-05-12,70.05657358510128,70.30076323577256,69.54202540375621,69.93447875976562,2935200.0
2017-05-15,69.93444769263762,70.19607649341768,69.27164275406265,70.03038024902344,2559100.0
2017-05-16,69.96933696326168,70.03038435238732,68.37337523569202,68.8879165649414,7170100.0
2017-05-17,68.88793643221814,68.9228216151603,67.95477941293746,68.14664459228516,4486000.0
2017-05-18,68.52161461060703,68.84429738653468,68.05939783270033,68.28614807128906,2928200.0
2017-05-19,68.46059452201649,68.64373671529135,67.7890731466753,67.8501205444336,5091800.0
2017-05-22,67.93734911822439,68.03328172056443,67.02163124267628,67.135009765625,6936500.0
2017-05-23,67.31813970186406,68.33850629982825,67.16987601847507,68.01582336425781,5884800.0
2017-05-24,68.01580912860578,68.26872164890209,67.8501128698139,67.9896469116211,2253800.0
2017-05-25,68.2948827053349,68.4257004417019,67.81522654354448,68.321044921875,1736700.0
2017-05-26,68.129200784008,68.32978225546294,67.78035563151975,68.06815338134766,2238900.0
2017-05-30,67.98092784424183,68.6088477024669,67.80650861858685,68.32977294921875,3244900.0
2017-05-31,68.4431644098816,69.69028140538157,68.4431644098816,69.39376068115234,5163900.0
2017-06-01,69.41991050249693,69.96934371128272,69.22804535997918,69.7600326538086,3093100.0
2017-06-02,70.17865418077041,70.69319560411631,69.68155202022115,69.88213348388672,4005700.0
2017-06-05,69.76874617268315,69.8297935594376,68.87919758659454,69.20187377929688,2814800.0
2017-06-06,69.25422488551266,69.29782637227655,68.67862936941783,68.97514343261719,2688000.0
2017-06-07,69.03617396227092,69.36757309413713,68.97511992500701,69.23675537109375,2899900.0
2017-06-08,69.2367677580374,70.16992459065195,69.19315962466588,69.85596466064453,4610400.0
2017-06-09,69.8559506372204,70.80655319381903,69.50710560127901,70.67573547363281,4599300.0
2017-06-12,70.60597433576993,70.89377202694695,70.50131881525107,70.55364990234375,2842400.0
2017-06-13,70.82403204786377,70.89380242479248,69.97808452519374,70.85891723632812,4492900.0
2017-06-14,70.55365719921988,71.17285412224614,70.44027871018186,71.16413116455078,4025600.0
2017-06-15,70.98100689086068,71.64381211599138,70.60599945931331,71.55660247802734,3484800.0
2017-06-16,71.7223004810921,72.00137532134269,71.21648190753537,71.40834045410156,4903200.0
2017-06-19,71.53039644165104,72.17576206541932,71.39958537948962,71.8094711303711,2538000.0
2017-06-20,71.70483630285612,72.97811523499108,71.70483630285612,72.16705322265625,3694700.0
2017-06-21,72.47229074656873,72.74264918855869,71.84437090586103,72.07112121582031,3781400.0
2017-06-22,72.24554021895302,73.91999534035116,72.24554021895302,73.52754211425781,4891600.0
2017-06-23,73.3618888684021,73.55374746172576,73.00432060742712,73.16130065917969,3928000.0
2017-06-26,73.33567800128483,73.64963792506606,72.96067733786114,73.50138092041016,2952800.0
2017-06-27,73.41417186633223,73.54498961117855,72.41996765136719,72.41996765136719,2365800.0
2017-06-28,72.77750401471354,73.18739636914775,72.29784798687757,72.4722671508789,3035300.0
2017-06-29,72.46358106271101,72.57695956529179,71.78333666189836,72.12345886230469,2366800.0
2017-06-30,72.35892417790616,72.4984582339463,71.51297692289009,71.77461242675781,5713900.0
2017-07-03,71.87055294193526,72.30660772744778,71.79205962063564,72.12345886230469,1464700.0
2017-07-05,72.06241145847966,72.17578996106043,71.53914704659822,72.12345886230469,2263600.0
2017-07-06,71.79205104527239,72.01007841198589,70.96354971322799,71.16413116455078,3391000.0
2017-07-07,71.18158025681838,71.8182164699816,71.0158773215472,71.7658920288086,1803700.0
2017-07-10,71.80078740320211,72.0100918512829,71.41705703699697,71.7571792602539,2269700.0
2017-07-11,71.85310722727807,72.2455538738799,71.4083294817728,71.81822204589844,2708900.0
2017-07-12,72.14963026778231,73.27464579861517,72.04497472027005,72.82115173339844,3527000.0
2017-07-13,72.87345816641898,73.45777651183707,72.52461973494539,73.27462768554688,2944100.0
2017-07-14,73.35311171351259,73.7630041376898,73.09147626932884,73.56241607666016,2005700.0
2017-07-17,73.52754906685536,73.71941421948776,72.7513721520551,72.9432373046875,1989100.0
2017-07-18,72.8298558061476,73.05659945312253,72.5769432888296,72.99555206298828,1704500.0
2017-07-19,72.83857539097609,73.50138040920068,72.83857539097609,73.45777893066406,2297400.0
2017-07-20,73.71940501293052,74.23395300833619,73.6147561454129,73.91127014160156,2980600.0
2017-07-21,73.79791663645987,74.0944307062537,73.52755813637162,73.83280181884766,3064400.0
2017-07-24,73.83280891402443,74.59154007944946,73.701991130916,73.90257263183594,3952200.0
2017-07-25,73.03043057761484,73.60602590668404,70.44026490413523,71.67866516113281,13319900.0
2017-07-26,71.13795413591353,71.408305885184,70.67573727929016,71.37342071533203,7030500.0
2017-07-27,71.3036736898736,72.42869572922162,71.04203818168388,72.40252685546875,5577400.0
2017-07-28,72.27168577764384,72.57692264147848,71.9490030052103,72.4722671508789,3820100.0
2017-07-31,72.68162075039011,73.04791188897062,72.06242364865824,72.08859252929688,4083000.0
2017-08-01,72.2629946393111,72.51590719603065,71.61763546396976,71.83566284179688,3439400.0
2017-08-02,71.56529193214222,71.66122449400834,70.70190552901352,71.35598754882812,4574400.0
2017-08-03,71.14669020965725,71.75716416045992,71.07691985708922,71.4519271850586,3688300.0
2017-08-04,71.42576378821603,71.79204815265639,71.30366900006925,71.7833251953125,2802600.0
2017-08-07,71.78332478513111,71.86181809344377,71.2687834171194,71.57402038574219,2769700.0
2017-08-08,71.39960678743894,72.14089852783408,71.19029571789149,71.48681640625,3292600.0
2017-08-09,71.6263557242283,72.15834308780049,71.48682165461987,72.01008605957031,2392100.0
2017-08-10,71.98393436161936,71.98393436161936,71.21648023239936,71.55660247802734,3367500.0
2017-08-11,71.79354855864844,71.94275114228813,71.19673152798595,71.22306060791016,2446400.0
2017-08-14,71.38982462968704,71.68823653884246,71.24940061651755,71.52147674560547,1879600.0
2017-08-15,71.5302511892509,72.26749228185665,71.5302511892509,71.71456146240234,1949500.0
2017-08-16,72.09194953522567,72.14460769201308,70.23128320753159,70.81932830810547,3970500.0
2017-08-17,70.56481272941613,70.71401532553932,68.19509489641118,68.28286743164062,7318200.0
2017-08-18,68.19510465922983,68.19510465922983,67.52807882950374,67.64217376708984,4061300.0
2017-08-21,67.68602532974036,68.14241154214272,67.48415794788238,67.91421508789062,3638100.0
2017-08-22,68.04588878691999,69.02888354423858,68.04588878691999,68.68659210205078,2131900.0
2017-08-23,68.63392931422045,68.91478401105215,68.50228390641198,68.59004974365234,1801500.0
2017-08-24,68.7480384156525,69.54671632644975,68.68660165328349,69.21320343017578,4188400.0
2017-08-25,69.30098945681264,69.8012622949511,69.10790051996852,69.15178680419922,2171500.0
2017-08-28,69.42382179468402,69.71345502797107,69.01131507383936,69.19562530517578,1923200.0
2017-08-29,68.93235299773865,69.19565055453766,68.56373240055683,68.94113159179688,2154300.0
2017-08-30,69.42382810698231,70.88953819619003,69.11664436015786,70.64379119873047,5036900.0
2017-08-31,70.88953898126795,71.39859016513088,70.51213988924592,71.34593200683594,3939500.0
2017-09-01,71.56537397980924,71.71457660919181,69.71348556820782,70.28397369384766,4345000.0
2017-09-05,69.74857945193592,70.25763070617256,69.37995890070435,70.0557632446289,3384000.0
2017-09-06,70.3980498629995,70.80177806216749,70.09086609146995,70.6613540649414,2689200.0
2017-09-07,70.75791209874056,72.62735086447289,70.53849412029804,71.56536865234375,6249300.0
2017-09-08,71.62679477021403,72.95208103789537,71.56535801322771,72.77654266357422,3961300.0
2017-09-11,72.79410124400277,73.15394320007418,71.76722014883292,72.52201843261719,4389200.0
2017-09-12,72.49567758405884,72.60977918506167,71.90763918048687,72.11827850341797,2566400.0
2017-09-13,71.93397453676138,72.47813342260261,71.8637591909553,72.34648132324219,2454900.0
2017-09-14,72.25872024441679,73.71565193720268,72.07440997162423,72.90819549560547,3370300.0
2017-09-15,73.11006872212162,73.34703717837802,72.12707382690296,72.35527038574219,5374500.0
2017-09-18,72.45181185370444,72.55712818722876,72.03052643129332,72.42547607421875,2200000.0
2017-09-19,72.53080224218402,72.70633393638938,71.5741431253865,71.73212432861328,2259200.0
2017-09-20,72.02174097397824,72.3377033366471,71.43370251416273,71.98663330078125,2849900.0
2017-09-21,71.97785670125856,73.4611172943114,71.8637550967982,73.13638305664062,4426700.0
2017-09-22,73.14515982632415,73.75075547157219,72.61855811989733,73.64543914794922,3148700.0
2017-09-25,73.61033610376721,74.29491903478316,73.54889934575563,74.28614044189453,4223800.0
2017-09-26,74.10182123815238,74.71618874423321,73.73320073450388,73.91751098632812,2347200.0
2017-09-27,74.02283145243221,74.42656634603073,73.69809719363442,74.29491424560547,3085200.0
2017-09-28,74.24224793656236,75.11114776472232,73.85607693126178,74.60209655761719,2841000.0
2017-09-29,74.75130121772858,75.13747892984796,74.06671832522899,75.07604217529297,3506100.0
2017-10-02,75.28669171989225,76.07659773983302,75.251584041661,75.7869644165039,3071100.0
2017-10-03,75.69039984339497,75.97125449843881,75.41832377960029,75.87471008300781,2128800.0
2017-10-04,75.918606089601,76.49787265655331,75.72551723395023,76.32233428955078,2317700.0
2017-10-05,76.15557728852538,78.19177554718533,75.82206442323,76.92793273925781,5221000.0
2017-10-06,76.62950353592416,76.78748468822779,76.04146518416722,76.42764282226562,2297200.0
2017-10-09,76.48030864715759,76.60318214504285,75.88349164481339,76.40132141113281,1701400.0
2017-10-10,74.93561152186646,76.09413796274627,74.8215166050896,75.62020111083984,4943700.0
2017-10-11,75.78695818030633,76.0590409901837,74.99705222536369,75.53243255615234,3433200.0
2017-10-12,75.56754441882953,75.8747282249665,75.4007913218436,75.857177734375,1941100.0
2017-10-13,75.83084940875943,76.09414694689355,75.22525368767276,75.9625015258789,3026500.0
2017-10-16,75.90103118099287,76.12922094052368,75.28665713830522,75.43585968017578,3800700.0
2017-10-17,75.42711622622959,75.91861028881416,74.970723142883,75.53243255615234,3643700.0
2017-10-18,75.76940721558199,75.97126797740445,75.05848851253917,75.24280548095703,4002200.0
2017-10-19,75.20771485364665,75.81330397249113,75.04973362783812,75.7957534790039,3233400.0
2017-10-20,75.93616563542585,76.69096396330416,75.76941253701423,76.55931854248047,3223200.0
2017-10-23,76.76996756697582,77.40189245082365,76.46278371957915,76.51544189453125,4909800.0
2017-10-24,76.72605048888238,77.5247348675887,73.50499728935678,74.75128936767578,8696100.0
2017-10-25,75.40075712330567,75.80448518484414,74.32121829867977,74.47042083740234,3916000.0
2017-10-26,74.31244529630433,74.69862290424521,73.57520444052871,73.86483764648438,3820700.0
2017-10-27,73.78585748952874,74.43533265447294,73.36457213901413,73.60154724121094,2892900.0
2017-10-30,73.5137744133537,73.5137744133537,72.34646958904771,72.53955841064453,4667200.0
2017-10-31,72.636125907967,72.93453112993183,71.7233463587314,71.91643524169922,3853300.0
2017-11-01,72.11828886733807,73.56644864982003,71.96908627115802,72.75021362304688,3309300.0
2017-11-02,72.4518241792387,73.65423049889262,72.24117808414563,72.96086883544922,2716100.0
2017-11-03,72.59223245293435,73.36458121227624,72.54835288139583,73.29437255859375,1534800.0
2017-11-06,73.10126635391944,73.2241398388466,72.77652546026756,72.79408264160156,1861700.0
2017-11-07,72.88185944426162,73.21537228274275,72.64488433325619,73.09249877929688,2851900.0
2017-11-08,72.84675733485759,74.06672056658432,72.84675733485759,73.73320770263672,2328700.0
2017-11-09,73.5664422532189,73.95261994726376,73.3996824860443,73.71564483642578,2098600.0
2017-11-10,73.43480072804803,73.6103391124734,72.46936305007495,73.10128784179688,2692500.0
2017-11-13,73.1363913925157,73.1363913925157,72.43425128663655,72.72388458251953,2478700.0
2017-11-14,73.03302362597047,73.4039721722253,72.60907761711267,72.85637664794922,2684800.0
2017-11-15,72.87402085097868,73.43044348814985,71.91131366660075,72.59139251708984,1838100.0
2017-11-16,72.78569439318098,73.86321018923299,72.2822557685139,73.69540405273438,2599700.0
2017-11-17,73.306817543797,73.73076354990712,73.1301773053138,73.20966339111328,4097800.0
2017-11-20,73.38628935679513,73.5894316560958,73.14782440738222,73.46578216552734,2205900.0
2017-11-21,73.88090506318721,74.6581315108822,73.63360604521122,73.75725555419922,3529900.0
2017-11-22,73.89854511989346,74.41964510497175,73.73073897079274,73.90737915039062,2230900.0
2017-11-24,74.07521899875893,74.34017936459236,73.81908592824458,74.2165298461914,817600.0
2017-11-27,74.32249276921951,75.294027257117,74.21650461588136,74.90541076660156,2980900.0
2017-11-28,75.13505481818936,75.39118782352189,74.84359242539115,75.11739349365234,2659400.0
2017-11-29,74.88778844131917,75.28523243112139,74.58749188634417,75.03793334960938,2316000.0
2017-11-30,75.29404095968121,75.49718327261753,74.47265115240354,74.75527954101562,5002100.0
2017-12-01,75.05556056659738,75.43534301745488,74.34898637110727,75.35585021972656,2736300.0
2017-12-04,75.50600981123884,76.64535738660699,75.39119434583606,75.58550262451172,4228300.0
2017-12-05,75.59431808099833,76.4687051981181,75.2586990311811,76.00942993164062,3876800.0
2017-12-06,75.99176564798947,76.30088933161979,74.65811005473759,75.35585021972656,3130900.0
2017-12-07,75.2587193847123,75.84164428710938,74.76412133787332,75.84164428710938,4344900.0
2017-12-08,75.65615595258417,76.3627234969239,75.4883430442973,76.35388946533203,3777100.0
2017-12-11,76.49520417445544,76.69833972477721,76.01826756209476,76.5481948852539,3336800.0
2017-12-12,76.38922595798003,76.75134716461717,75.94761867479856,76.58353424072266,4252500.0
2017-12-13,76.31856355577742,78.68557180351942,76.25673207566719,77.62571716308594,5786800.0
2017-12-14,77.91720942711738,78.01436359255919,76.0624597259088,76.39807891845703,4388400.0
2017-12-15,76.74251150032288,77.37842705272463,76.19491605500087,76.43338775634766,7346400.0
2017-12-18,76.62768569018702,77.23709906364076,75.94760680686022,76.027099609375,3796000.0
2017-12-19,75.99178209847366,76.63652495841887,75.82396917457915,76.58353424072266,4027600.0
2017-12-20,76.55703811031911,76.78667578200901,75.63849416195183,75.72681427001953,3016900.0
2017-12-21,75.98294801211365,76.1154315446525,75.46185465275782,75.61199951171875,2024300.0
2017-12-22,75.60315813823661,75.76213701416789,74.85242717793565,75.13505554199219,1834800.0
2017-12-26,75.32936676901085,75.45301626200018,75.03790436193941,75.06439971923828,1099900.0
2017-12-27,75.24103994302601,75.47950487580277,75.05556572011267,75.1968765258789,1332800.0
2017-12-28,75.33819711151918,75.46184659845326,74.97607594378958,75.11739349365234,1731700.0
2017-12-29,75.1792153516016,75.46184370208768,74.5962905883789,74.5962905883789,2563800.0
2018-01-02,74.59629537083043,75.07323200630101,74.24300822547535,74.79060363769531,3456700.0
2018-01-03,74.84358940387622,75.44417548976337,74.42847754090242,75.1968765258789,3078400.0
2018-01-04,75.32053162704426,75.779806941429,74.84359498751789,75.53250122070312,2462500.0
2018-01-05,76.03595386152926,76.61887882534997,75.89464300685358,76.45989990234375,2946300.0
2018-01-08,76.5658632215784,76.58352454577721,75.42651576659665,76.07125854492188,3251400.0
2018-01-09,76.13307940990967,76.32738765815851,75.72680159011264,76.00942993164062,2426000.0
2018-01-10,75.61200364240081,76.10660166994721,75.50601546290112,76.0447769165039,1674600.0
2018-01-11,76.10660265397497,76.47755117943099,75.84164230938903,76.30091094970703,2647500.0
2018-01-12,76.4157215938011,77.20178876003423,75.98294834146452,76.82200622558594,2728900.0
2018-01-16,75.8946176686877,76.47753569950174,75.20571147845679,75.32936096191406,4878300.0
2018-01-17,75.77979995930568,76.2743978784029,75.48833758338428,76.14191436767578,4083300.0
2018-01-18,75.99177071701956,76.08009081274948,75.31169182927727,75.7974624633789,4445800.0
2018-01-19,76.10659045201722,76.2037445843068,75.35585948846375,75.5060043334961,5826900.0
2018-01-22,73.52760357992183,75.57666085159241,72.77687263879614,75.46184539794922,6374000.0
2018-01-23,75.23218830438174,75.88576494716753,74.4019647727418,74.56094360351562,5728100.0
2018-01-24,74.94958454612335,75.21455159691399,74.43731850840385,74.45498657226562,5977700.0
2018-01-25,74.90541483575176,75.42651486165025,74.68461122476238,75.08206176757812,5201600.0
2018-01-26,74.86125919832558,77.25476956615053,74.86125919832558,76.91031646728516,6394100.0
2018-01-29,76.63652108899507,78.01434032506114,76.5305396589537,77.36959075927734,5324500.0
2018-01-30,76.52170512740045,76.78667217755806,75.25870809998095,76.03593444824219,5388400.0
2018-01-31,76.39803217815522,76.60117441935866,71.77881871278097,71.93779754638672,10558500.0
2018-02-01,72.01732167198683,73.19199874601121,71.7965180146917,72.78572082519531,8410700.0
2018-02-02,72.31756508111711,73.33326260164506,71.64632724461235,71.6993179321289,5152500.0
2018-02-05,71.44322312191767,72.0791386645914,67.61007527847852,68.44029235839844,8145200.0
2018-02-06,67.6188999680398,69.8710996385406,66.86816899067014,68.88189697265625,10558800.0
2018-02-07,68.67876735685861,69.38533497503825,67.75138935615679,67.76022338867188,8240300.0
2018-02-08,68.17532457865558,68.5816024112494,65.52568126647638,65.54334259033203,8059600.0
2018-02-09,66.29407987186234,67.8485393174922,65.08408028916863,67.32744598388672,8939700.0
2018-02-12,67.72488287791808,68.09583132193943,66.41772255438731,67.34510040283203,6454200.0
2018-02-13,67.14195578431966,67.64538772324299,66.90349086099435,67.30976867675781,4041200.0
2018-02-14,67.09892241009436,68.68274410724295,67.03663072745582,68.54037475585938,4361100.0
2018-02-15,69.1810020391665,69.53691851990604,68.5403537315438,69.4212417602539,4810700.0
2018-02-16,69.35896827182262,70.87161186615849,69.32338272759465,70.26655578613281,4699600.0
2018-02-20,69.56360797842025,70.02629463085266,68.67382021036092,69.00304412841797,3195000.0
2018-02-21,69.03862966522344,70.0707867346724,69.00304412841797,69.00304412841797,3871100.0
2018-02-22,68.68270111083984,69.48350445115246,68.08653831080836,68.68270111083984,7687400.0
2018-02-23,69.16320500169984,70.16866271833756,69.08312057391814,70.07078552246094,5170300.0
2018-02-26,70.28435832861469,71.60124767004338,70.2665655540273,71.34320831298828,6015900.0
2018-02-27,71.31648716150819,71.36987225240918,70.0173979040989,70.02629089355469,4860400.0
2018-02-28,70.09748448241976,70.45340097375905,68.52256300306212,68.53145599365234,6123400.0
2018-03-01,68.56705039210033,68.84288924520233,67.20567605102106,68.06877136230469,6258400.0
2018-03-02,67.96198251447262,69.04752460154504,67.90859742446625,68.71830749511719,3216700.0
2018-03-05,68.42466390181764,69.47461348157836,68.25560209511049,69.13648986816406,3816600.0
2018-03-06,69.27885712233125,69.40342683253722,68.40686236234944,68.68270111083984,2962700.0
2018-03-07,68.13994860574789,69.05642891662733,68.10435628055797,68.90516662597656,2266500.0
2018-03-08,69.09203082599132,70.31103588726783,68.93186873469054,70.19536590576172,3497200.0
2018-03-09,70.54236696824292,71.14742286890917,70.18645053457901,70.83599853515625,4399500.0
2018-03-12,71.03176777035681,71.15633752991343,69.94622547546956,70.3288345336914,5059600.0
2018-03-13,70.36441191080107,71.06734499809201,70.0885731116481,70.42669677734375,4863200.0
2018-03-14,70.64024973391841,70.79151202389106,69.42123805866038,69.83943939208984,3167900.0
2018-03-15,69.91952323375772,71.05845047100372,69.81274625956273,70.07078552246094,3910100.0
2018-03-16,70.47119897823451,71.61902618408203,70.40002110551336,71.61902618408203,8326300.0
2018-03-19,71.28980598963946,71.3609838593493,69.54582259370919,70.0530014038086,5117000.0
2018-03-20,70.3288298530128,70.4711923736558,69.26998017870962,69.73267364501953,3943800.0
2018-03-21,69.8127435198132,70.29322970202162,69.43013452964028,69.61698913574219,4052000.0
2018-03-22,69.01193159658571,69.4123401333002,67.98868117602305,68.09545135498047,3816900.0
2018-03-23,68.3090226028416,68.33572194554264,66.29810658616495,66.52055358886719,4298100.0
2018-03-26,67.27687867256994,67.82854973753153,66.42268291261114,67.7840576171875,3488700.0
2018-03-27,67.70394467264954,68.15773831276155,66.8586490501165,67.32134246826172,4070600.0
2018-03-28,67.67727271025548,69.10093893273047,67.65947993731919,68.52257537841797,4257500.0
2018-03-29,68.92295788754373,69.22548925077338,68.16663966228225,68.84288024902344,3424000.0
2018-04-02,68.40688346694053,68.78949249162542,67.09000132747305,67.35693359375,6282600.0
2018-04-03,67.8463286564837,69.04754098646366,67.49931191201269,68.99415588378906,3610600.0
2018-04-04,68.3535032173533,70.1330789395323,68.25562600955004,69.93732452392578,3022200.0
2018-04-05,69.86611682558542,70.15974835216242,69.48350789995067,69.9551010131836,2213100.0
2018-04-06,69.56361509959044,69.62589997818897,67.89081636827096,68.38019561767578,4012800.0
2018-04-09,68.75390012327763,69.71487257379157,67.91750420986779,68.8161849975586,5377500.0
2018-04-10,69.48353374300292,70.89830003181578,69.46574097198986,70.48899841308594,3657200.0
2018-04-11,69.71487767138056,70.20426371118816,69.51023026458294,70.0530014038086,2830000.0
2018-04-12,70.4623149757742,70.89830920168589,70.1241911859072,70.5512924194336,2121100.0
2018-04-13,71.07624618327408,71.58342495176088,70.50678254106231,70.93388366699219,2652400.0
2018-04-16,71.59231182789655,71.85035105497896,70.88937878623221,71.28978729248047,2743000.0
2018-04-17,71.69017195593429,71.75245680361729,70.72919991579157,71.11180877685547,3782400.0
2018-04-18,71.14743083568608,71.39657033058596,70.81820690968716,70.93388366699219,4261000.0
2018-04-19,70.25766838477708,70.96060180664062,69.89285878954473,70.96060180664062,4989400.0
2018-04-20,70.86268950083638,71.1029359733368,70.13306388292531,70.34661102294922,5424100.0
2018-04-23,70.67584356986033,71.4410616030174,70.44449684648815,71.36097717285156,4015900.0
2018-04-24,72.22406436477766,72.51769592846182,70.22204208454404,71.26309204101562,6394900.0
2018-04-25,71.42326979953417,73.24733766023981,71.19192983958982,72.1973876953125,5379000.0
2018-04-26,72.44652362575458,74.35066904245639,72.44652362575458,73.45198822021484,5058700.0
2018-04-27,73.40750551454975,74.06594669352451,73.30072851719846,73.6121597290039,3209600.0
2018-04-30,73.9324385251361,74.03921546671215,72.12617102518165,72.13507080078125,5483500.0
2018-05-01,71.78812000257263,72.01056707660285,70.01744319408499,70.35556030273438,6306100.0
2018-05-02,70.00849825739316,70.64024672555865,69.81274387233368,70.1419677734375,5166300.0
2018-05-03,69.98182762005139,70.02631294696481,68.90518495371752,69.43905639648438,4469300.0
2018-05-04,68.88735121321062,69.95510035751737,68.59371968938575,69.75934600830078,3367500.0
2018-05-07,69.76824170857253,70.5245597320986,69.60807968571078,69.9639892578125,3722600.0
2018-05-08,69.83053751562771,70.20424669807564,69.554698728881,70.18644714355469,4591700.0
2018-05-09,70.25764573024654,70.87160150080655,69.8038520394612,70.53347778320312,3325200.0
2018-05-10,70.70254540472966,72.22408189233326,70.65806008305339,71.94824981689453,3718400.0
2018-05-11,72.20626391567346,73.36298370361328,72.09058718490111,73.36298370361328,4393800.0
2018-05-14,73.49647908235879,74.13712745565456,73.40750165018835,73.91468048095703,4739700.0
2018-05-15,73.60324587577092,73.79900027254828,72.81133529865666,73.14945220947266,3662700.0
2018-05-16,73.2865080757971,73.42089106474475,72.53392916093821,72.73103332519531,3614500.0
2018-05-17,72.60563494192778,73.32236957834351,72.59667379380852,73.1611099243164,2808400.0
2018-05-18,73.0087975297047,73.72553899933358,73.0087975297047,73.52843475341797,4002300.0
2018-05-21,73.72551646586157,73.94949725224393,73.1700416549069,73.31339263916016,2505900.0
2018-05-22,73.59114340022813,74.26308591252777,73.29548705433164,73.6628189086914,2620700.0
2018-05-23,73.20589679121645,74.28996323458769,73.11630582245117,74.07494354248047,2516900.0
2018-05-24,74.10179138183594,74.17346686316347,73.55527779857621,74.10179138183594,2481800.0
2018-05-25,74.17350854075313,74.78273680365814,73.99431973674933,74.15558624267578,2338100.0
2018-05-29,73.56426796579784,74.0211907953424,73.15214403859497,73.85992431640625,3459300.0
2018-05-30,74.28994825078816,75.27546237913997,74.28099394046458,75.13211822509766,3475400.0
2018-05-31,75.15004904575991,76.25203778713701,74.97086710773486,76.18932342529297,9526400.0
2018-06-01,76.33266818610413,76.76271441011147,75.75927777766292,76.01909637451172,4057700.0
2018-06-04,75.83990801079602,76.61935689996315,75.58008943595622,76.21619415283203,4263100.0
2018-06-05,76.37747299826661,76.78063581074368,75.74136817828884,75.99222564697266,3667600.0
2018-06-06,76.04596454083243,76.98668670654297,75.84886716353262,76.98668670654297,2720100.0
2018-06-07,77.22857441305038,77.33608765402816,76.44016448526725,76.94187927246094,3123600.0
2018-06-08,76.89708245409956,77.42567380997178,76.53871184171369,77.12106323242188,3172300.0
2018-06-11,77.32715116262729,77.74823627985553,76.87918943542337,76.92398834228516,3506900.0
2018-06-12,76.83439430074644,77.06732946815148,76.55665339291237,76.59249114990234,3016900.0
2018-06-13,76.83441412121529,77.38988240946748,76.69106305627602,76.79857635498047,3052100.0
2018-06-14,76.75377066091588,77.46155110200709,76.30580887556862,77.36299896240234,3115100.0
2018-06-15,77.16588697890995,78.18723920070103,77.13901036812919,77.83782958984375,5575200.0
2018-06-18,77.03152736783834,77.18383276551586,76.16248023289886,77.14799499511719,2903900.0
2018-06-19,76.95086380241345,77.82887178216893,76.75375955173243,77.78407287597656,3044500.0
2018-06-20,77.71240169557922,78.08869475666876,77.2286021901959,77.30027770996094,4675500.0
2018-06-21,76.88814074708456,77.30026466314415,76.32371150374586,77.11212158203125,2856400.0
2018-06-22,77.06730548549265,77.40776065327428,76.8791624463586,76.97771453857422,3769500.0
2018-06-25,77.04941867782952,77.5959325431866,76.26100848231857,76.84335327148438,3414100.0
2018-06-26,76.63728436317858,77.04940828492539,76.11764717844675,76.25203704833984,2840600.0
2018-06-27,76.0728680542515,76.69105062436613,75.83096488021864,75.85784149169922,3005400.0
2018-06-28,76.01910070876906,77.01357625034312,75.98326295177907,76.59249114990234,2564600.0
2018-06-29,76.90606612622288,77.13900813851271,76.26996129316723,76.44915008544922,2964000.0
2018-07-02,76.20724684461749,76.98670271067957,75.89367500264545,76.92398834228516,2347000.0
2018-07-03,76.87916680399269,77.96323304445998,76.87916680399269,77.50631713867188,2163500.0
2018-07-05,77.86473386091748,78.11559140910141,77.16590761694799,77.55115509033203,2675500.0
2018-07-06,77.79304663671446,78.58145693190856,77.78408548695246,78.29476165771484,2290500.0
2018-07-09,78.48289693797425,79.13692409807197,78.4112214177587,78.72480010986328,2718300.0
2018-07-10,78.91292396796533,79.04731382673788,78.54559214301052,78.88604736328125,2227200.0
2018-07-11,78.63518745110082,78.90396718350544,78.12451142781407,78.4470443725586,2449500.0
2018-07-12,78.93086011175654,79.72823149133181,78.76959360603604,79.65656280517578,2604500.0
2018-07-13,79.58488084882393,80.51664204705432,79.32506223087333,80.373291015625,3335000.0
2018-07-16,80.30160347500549,80.48974654906762,79.59382324285617,79.79988861083984,3175200.0
2018-07-17,80.05972066380495,80.60623451939952,80.0417983668671,80.24786376953125,2179400.0
2018-07-18,80.27470307545279,80.7495411933429,79.79986495756266,80.65995025634766,3021400.0
2018-07-19,80.48080727997495,80.6151971680957,79.62072156549725,80.1224365234375,3171000.0
2018-07-20,79.7551058063913,80.06868449512905,79.07420887771569,79.2623519897461,3829800.0
2018-07-23,79.11004639285518,79.880541136133,78.99357196527711,79.62967681884766,3145300.0
2018-07-24,81.58277985367235,84.00177705295852,80.63310326914862,83.63444519042969,9910000.0
2018-07-25,83.46421661349223,86.5909869680619,83.34774221167457,86.39388275146484,8476800.0
2018-07-26,86.58203411922304,86.86872932483558,84.96041500329142,85.27398681640625,4826100.0
2018-07-27,85.69507151840665,86.86872894320298,85.13063542192675,86.54619598388672,3975500.0
2018-07-30,86.34909138090677,87.90800295606948,86.23262380428773,87.81840515136719,5356000.0
2018-07-31,88.02446160687207,88.87558598241598,87.379395756402,88.52617645263672,4957800.0
2018-08-01,88.46349584590321,89.01000979797242,88.19472286257138,88.42765808105469,4971800.0
2018-08-02,87.7556929305649,89.94174817986747,87.65714081126993,89.11750030517578,4321000.0
2018-08-03,88.85767498146346,90.21052110598077,88.58889525183534,90.11196899414062,4572100.0
2018-08-06,89.95070973391344,91.9127773102099,89.78944325027987,91.38418579101562,5090900.0
2018-08-07,91.19603158854038,93.0057936085123,91.09747948080728,91.3304214477539,5095100.0
2018-08-08,91.24978958736328,91.98444644289013,90.87350343009764,91.6260757446289,3901600.0
2018-08-09,91.4379384271956,92.02925114188614,91.31250970020422,91.55441284179688,3298100.0
2018-08-10,91.51857858087098,92.45033975649615,91.37522755291945,91.60816955566406,2783800.0
2018-08-13,91.78736617939796,91.99343160618386,91.49171659885027,91.77841186523438,2816400.0
2018-08-14,91.68200753274864,92.64594310626521,91.23157022039273,92.28559875488281,3283900.0
2018-08-15,92.14144321782956,93.18646094211957,91.9612710661857,93.08736419677734,3143200.0
2018-08-16,93.01528759293481,94.53776762315432,93.01528759293481,94.0152587890625,4427200.0
2018-08-17,94.0783137313551,95.42061466094546,93.65490166426505,95.08729553222656,3824300.0
2018-08-20,95.11432794091846,95.83502339113878,95.11432794091846,95.33053588867188,2765500.0
2018-08-21,95.51069697549784,95.60979370531362,94.33956442705143,94.65486907958984,2775500.0
2018-08-22,94.41165341523028,95.1593740509357,93.82608359658875,94.61885070800781,1964400.0
2018-08-23,94.58280398516833,94.81703326021527,94.04228070462848,94.42965698242188,2043400.0
2018-08-24,95.10532740927552,95.52873955388995,94.16841703830747,95.2854995727539,3089900.0
2018-08-27,95.62782055601613,95.93411455810883,94.53776333830912,94.69091033935547,2452500.0
2018-08-28,94.61884237244168,95.1233298649806,94.22245541508875,94.75397491455078,2516800.0
2018-08-29,94.05130080543044,95.12333680529268,93.94319338923019,94.88911437988281,2949500.0
2018-08-30,94.75399632931024,95.25848393586526,94.53778833694781,95.02426147460938,2928600.0
2018-08-31,94.71796591648791,95.36659680366958,94.1143815137994,95.17741394042969,3278900.0
2018-09-04,94.87109521626775,95.22243573556685,94.03328162260206,94.24949645996094,3107000.0
2018-09-05,94.45669231846622,95.59179614139958,94.32155976545297,95.2404556274414,3366600.0
2018-09-06,95.19538328152363,95.26745487329464,93.38463093187292,94.92512512207031,3180700.0
2018-09-07,94.72696672606816,96.60979136405204,94.41166198682777,96.42060852050781,3822900.0
2018-09-10,96.84400164115864,97.15029564957416,95.84403046971144,95.87105560302734,2950800.0
2018-09-11,95.86205794474789,96.0512407631978,95.0602733239932,95.16838073730469,3516400.0
2018-09-12,95.32153212963446,95.93412708695011,95.05127389363263,95.4656753540039,3926000.0
2018-09-13,95.63683214539851,96.13230895469395,95.33053126723053,96.01519775390625,5167400.0
2018-09-14,96.0062019729224,96.11430939488591,94.95218038300614,95.2854995727539,3103100.0
2018-09-17,95.14136685670864,96.1863778164949,94.63687928116548,95.23145294189453,4972200.0
2018-09-18,95.37559071186642,96.56474483831616,94.69092413205374,96.28546905517578,3668800.0
2018-09-19,96.28548044132056,96.45664882479691,95.04227589446788,95.25848388671875,3270400.0
2018-09-20,95.24045092253104,95.59179141913287,93.88913920540801,95.55575561523438,3762000.0
2018-09-21,95.6998919606281,96.27645103535984,94.90711807802721,95.78997802734375,5333700.0
2018-09-24,95.4476368566078,96.09626750341714,95.12332153320312,95.12332153320312,3095500.0
2018-09-25,95.50171842713813,96.17737437824648,95.07830626474312,95.22244262695312,3775700.0
2018-09-26,95.54673879244527,96.7268889564533,95.50169919531797,95.77195739746094,3707300.0
2018-09-27,95.93411694805326,96.54671184062617,95.68187320519263,96.11429595947266,2093700.0
2018-09-28,96.18636326952674,97.06021259723947,95.76295804587495,96.67283630371094,2812300.0
2018-10-01,96.99717350043312,97.03320931179715,96.42061426486507,96.93411254882812,2707500.0
2018-10-02,96.84399856175028,97.42055763124456,96.56472969553076,97.2583999633789,3787900.0
2018-10-03,97.71784141146155,98.74483761606348,97.51063728770377,97.85297393798828,5097200.0
2018-10-04,102.35734251176657,104.21314140792288,100.03308512117965,101.78978729248047,10940700.0
2018-10-05,102.78075497000724,104.00594467969593,102.78075497000724,103.61856842041016,8330300.0
2018-10-08,103.4654424666934,105.0509836263517,103.39337085190724,104.01497650146484,6002300.0
2018-10-09,103.6816507920056,104.50144994846112,102.90690498635466,104.00596618652344,4716000.0
2018-10-10,103.56454477590319,103.93390666665626,102.02405001110685,102.1051254272461,5602900.0
2018-10-11,101.87990261705532,102.08710679394802,96.01521406925144,97.21337890625,7226300.0
2018-10-12,98.19532057371,100.01508404090013,97.68182238324964,99.52861785888672,4519100.0
2018-10-15,99.5466472081017,100.72679078103208,99.07819542188696,99.65475463867188,3884700.0
2018-10-16,99.85294050793007,100.19527726550743,99.03314817015222,100.02410888671875,4192800.0
2018-10-17,99.97906871045106,102.49250286091545,99.87096128133719,102.3303451538086,4402100.0
2018-10-18,102.63663918552483,102.9249187706137,101.26731287463454,102.07809448242188,3619600.0
2018-10-19,101.69070534562671,102.12312810539399,99.69076984194201,100.82586669921875,4224000.0
2018-10-22,100.89796265267303,101.5465935122836,100.33041408707791,100.92498779296875,2938300.0
2018-10-23,99.72680919222024,100.41147576959126,98.24937549108566,99.44754028320312,3757000.0
2018-10-24,99.29439513080425,100.13220874676479,95.66387175268437,95.7809829711914,6739400.0
2018-10-25,95.88006715676201,98.03315652373601,93.84408899294662,97.19534301757812,4114800.0
2018-10-26,96.43862807777974,96.81699375786928,94.64588268630881,95.84404754638672,4464500.0
2018-10-29,96.7989763752623,98.26740642295165,95.7629760478625,96.75393676757812,3587800.0
2018-10-30,96.60078172031996,97.75390005297119,96.46564916221577,97.60074615478516,3325900.0
2018-10-31,98.72684194351687,99.48358016489973,97.60975938856157,97.69084167480469,4349200.0
2018-11-01,97.96108675178002,98.40252018536194,96.6908573385563,97.16831970214844,3639400.0
2018-11-02,97.42058064777675,97.64579930229317,95.42964856662685,96.16836547851562,3577200.0
2018-11-05,99.48355969713037,100.97000382324197,98.87997550213771,99.22230529785156,7368600.0
2018-11-06,98.19532034991471,98.46558544875242,94.54677588124049,95.4026107788086,6803700.0
2018-11-07,96.25843615014652,99.79887310707771,96.1413249428791,98.84394836425781,5875400.0
2018-11-08,98.63673772475403,99.94300974972931,98.20432185472012,99.18627166748047,3666300.0
2018-11-09,99.47458401503359,101.38444087813836,98.82595312291768,101.08715057373047,5054400.0
2018-11-12,101.13214860969852,103.33928784671953,101.13214860969852,101.97896575927734,5078900.0
2018-11-13,102.92490992915572,102.92490992915572,100.74479532462689,101.24928283691406,4239700.0
2018-11-14,101.7318789525313,101.99444870933347,99.35970201391684,99.42308044433594,5392800.0
2018-11-15,98.85266285891507,101.61416608799854,98.2732010186697,101.58699798583984,4796800.0
2018-11-16,101.11620255237952,103.48837955530975,101.10714651700816,103.06283569335938,4766400.0
2018-11-19,102.31135223099021,105.11812245932062,102.31135223099021,104.85555267333984,4869800.0
2018-11-20,104.0135220141337,105.2086632101539,103.50649450907412,103.86865997314453,4877300.0
2018-11-21,103.47024482665373,103.47024482665373,101.52361211194747,101.6141586303711,3619700.0
2018-11-23,101.27916039454725,103.04470708337519,100.8626726348168,102.1936264038086,1897000.0
2018-11-26,100.73592229490629,102.85457845829094,100.47335255617624,101.7499771118164,3296200.0
2018-11-27,101.65943408445337,103.44309289652746,101.14335065878427,103.41593170166016,3263200.0
2018-11-28,103.87768122700597,104.87363073891748,102.99943251572049,104.60200500488281,4814500.0
2018-11-29,104.3937664112309,106.77499201113177,104.09497948014177,105.9329605102539,4688300.0
2018-11-30,106.48526787981332,107.48121747233344,105.22674856520273,107.41783905029297,8965600.0
2018-12-03,107.4178558024607,107.46312907143438,106.42190605461894,107.3092041015625,4290100.0
2018-12-04,107.4268949784003,108.50432815202686,105.3172880775559,105.49836730957031,5676600.0
2018-12-06,104.41186508173364,105.01848803183816,102.29320931889849,104.88267517089844,5064400.0
2018-12-07,104.60200280981549,104.82835528085126,102.10306959541636,102.83645629882812,4128100.0
2018-12-10,102.85459162244118,103.80527504270081,100.51863177840357,103.2982406616211,3832600.0
2018-12-11,103.97728494826835,104.68351057700622,103.14430937516873,103.66944885253906,3806800.0
2018-12-12,104.55677883875367,104.79218053047785,103.46122635609414,103.52460479736328,3758800.0
2018-12-13,103.77808776914527,104.25795392267362,103.07186222733786,103.9953842163086,3609900.0
2018-12-14,103.47931277110101,103.74188250774787,100.71780942682393,101.34254455566406,5306100.0
2018-12-17,100.69064664587376,100.77213713900606,97.5307676368941,98.1102294921875,6121700.0
2018-12-18,99.07902207259393,99.28726942354743,95.67467834957779,96.4261703491211,6864400.0
2018-12-19,100.98943808574114,100.98943808574114,97.51265989208811,98.78929138183594,8362800.0
2018-12-20,98.78020991407678,99.73994901988739,97.8929121594011,98.95223999023438,8362300.0
2018-12-21,98.95224549277881,100.9622565088376,98.39994491961927,99.0699462890625,13154500.0
2018-12-24,99.00658388656838,99.0609131847951,96.54386753735102,96.65251922607422,3284000.0
2018-12-26,96.66155840761873,100.58197784423828,96.3627714965206,100.58197784423828,3792400.0
2018-12-27,99.81236335386834,102.2207564706133,98.44519968097981,102.21170043945312,4101600.0
2018-12-28,102.67351081360259,104.20364924632932,101.94012390611644,103.39783477783203,3984000.0
2018-12-31,103.52460022740804,104.89177158041244,103.43406058783918,104.7740707397461,2731000.0
2019-01-02,103.93200519271817,104.51146698693164,102.08496813326417,104.01348876953125,4247100.0
2019-01-03,103.8686326422798,103.88673780224008,100.591046071082,100.78118133544922,4203300.0
2019-01-04,101.59606457745834,103.97729060880017,101.17052073324092,103.81432342529297,5795200.0
2019-01-07,101.74090937415095,105.42592726133373,101.45117849264257,104.37564849853516,7749600.0
2019-01-08,104.74690760099499,105.40785317457973,103.68757242366709,105.33541870117188,3428900.0
2019-01-09,105.362581956389,107.03758935733626,105.22676905193786,106.12312316894531,5820100.0
2019-01-10,106.01445204265924,106.13215976189484,104.09498729151879,104.97323608398438,4282300.0
2019-01-11,104.36661763397231,105.21770532577669,104.21269957711898,105.19054412841797,2648800.0
2019-01-14,104.3032305154912,104.34850377913821,103.51552822678255,103.8324203491211,4404600.0
2019-01-15,103.13524557782662,107.03756005728144,102.67348459218597,106.01444244384766,5097700.0
2019-01-16,105.92393057835551,106.90177518957044,105.46217637950222,105.75190734863281,2920600.0
2019-01-17,105.76093763537628,107.92486693663668,105.52553601395923,107.88865661621094,4401900.0
2019-01-18,104.64729316054569,105.84243412652364,104.14025884534904,105.56175231933594,8887000.0
2019-01-22,104.74687410323313,106.03255451027321,104.74687410323313,106.01444244384766,4377500.0
2019-01-23,106.03256841579002,107.65325318695211,105.86053830083334,107.55365753173828,4012100.0
2019-01-24,107.03755991390994,107.03755991390994,103.39780823293671,104.11308288574219,6946200.0
2019-01-25,104.42998323181645,104.43903926573351,103.2529544086047,104.09498596191406,4599100.0
2019-01-28,103.86863998091228,104.2217493407896,102.80025586679538,104.1493148803711,3590900.0
2019-01-29,103.56985836193451,104.98229587439715,103.13526539243709,104.76499938964844,3767400.0
2019-01-30,104.60202298144097,106.00541133558617,104.60202298144097,105.87865447998047,4362900.0
2019-01-31,105.87864263149694,108.77595173215803,105.68850736936574,108.5224380493164,5746100.0
2019-02-01,108.93892605980044,109.5455490748608,107.86148599743221,109.45500946044922,4171500.0
2019-02-04,109.74475844548174,110.3151643271738,107.46312801098259,108.80313110351562,4518400.0
2019-02-05,109.30111347133695,110.22462877697681,109.01138250214294,109.03854370117188,8832400.0
2019-02-06,107.44499850750064,109.39163130689033,106.60296696672881,107.98824310302734,7421000.0
2019-02-07,107.74378850409326,108.04257545780014,105.80621168361283,106.38567352294922,7935000.0
2019-02-08,106.59392082603982,109.94393501538613,106.34040022714588,108.28703308105469,16195100.0
2019-02-11,107.92486818984915,108.59487655691457,105.96918620084232,106.8474349975586,7203100.0
2019-02-12,106.6211060899917,108.55868334727016,106.38569750602629,108.18746185302734,6975500.0
2019-02-13,108.28702501972964,108.90270404146413,106.93796617347667,108.3322982788086,12738600.0
2019-02-14,108.27313490049994,110.37596550540647,108.14569104233405,109.92080688476562,17847000.0
2019-02-15,110.3122285848156,111.49564361572266,109.60218234433876,111.49564361572266,10366400.0
2019-02-19,110.43060298851005,112.2694480494003,110.42150481491613,111.17706298828125,17861300.0
2019-02-20,111.40461310913413,112.01453089325013,110.70367194193902,111.65950775146484,19880300.0
2019-02-21,111.11332908499455,112.66087268534788,110.87665158396081,111.71414184570312,20798700.0
2019-02-22,111.72322614958385,113.55295860867585,111.65039911121647,112.87932586669922,19574000.0
2019-02-25,112.97035582970125,113.48923632235928,112.39685853102719,112.77919006347656,13682400.0
2019-02-26,112.75189543115962,113.9353106372769,112.26032328147258,113.48925018310547,20790900.0
2019-02-27,113.32538880352196,115.13692507232925,112.95216235470993,114.4086685180664,32135600.0
2019-02-28,114.26302578050574,116.31123972953264,113.97172451889539,114.96397399902344,36023600.0
2019-03-01,115.8378620676015,117.81324869692358,115.22795121903701,117.28526306152344,43290900.0
2019-03-04,118.8055087718038,118.8055087718038,114.09916988081052,116.02904510498047,59468600.0
2019-03-05,116.88471281893074,117.31256297716922,115.35538672250657,116.9666519165039,53212600.0
2019-03-06,117.20335684926965,117.23976343091003,114.14469004889064,115.31900024414062,74822500.0
2019-03-07,115.07318931433886,115.78323554956326,113.90797757852856,115.00946044921875,60615600.0
2019-03-08,115.03679692667211,115.59209102189247,114.01723907500184,115.33719635009766,50169800.0
2019-03-11,111.78695978757243,113.70772971851216,111.52296695469968,112.42417907714844,61771200.0
2019-03-12,112.42417907714844,112.89754098580927,111.67771921857252,112.42417907714844,8077600.0
2019-03-13,113.42552236390907,119.02397456418365,112.11467031130914,113.16152954101562,68139300.0
2019-03-14,113.77146686317582,113.77146686317582,111.52298186969514,112.04186248779297,42768700.0
2019-03-15,112.06008249860076,113.02502376819699,111.02232110757025,112.82475280761719,47331000.0
2019-03-18,112.87024390047262,114.10827602596576,112.42419035303129,114.00814056396484,16052200.0
2019-03-19,114.0263589475269,115.29169957213043,113.91711835976474,115.23707580566406,13726300.0
2019-03-20,116.10185298914087,117.52195250065077,115.45552863022492,116.66625213623047,7520700.0
2019-03-21,115.50106419507333,117.41272926300807,115.28258997321028,116.80281829833984,5704300.0
2019-03-22,117.18514621591666,117.86788421466528,116.00173785185444,116.79371643066406,15332900.0
2019-03-25,117.07590562143304,118.86923176943543,116.89384494399071,118.222900390625,5972800.0
2019-03-26,118.55970626274289,120.28020505744881,118.06812724120584,119.2697525024414,5872900.0
2019-03-27,119.21513912342705,119.76132107486158,116.9939630727164,117.22154235839844,7675100.0
2019-03-28,117.74042966567838,118.25020510272347,117.31257944737149,117.38540649414062,6112900.0
2019-03-29,117.44002663124526,118.28662891985647,117.41271822422611,118.12276458740234,5729100.0
2019-04-01,118.98757035385063,119.57017282107348,117.4764404296875,117.4764404296875,5132300.0
2019-04-02,117.46731979151939,117.94980066369195,116.73907717841261,117.72222137451172,3214600.0
2019-04-03,117.53105877693,117.65850263422779,115.46463476400115,115.65580749511719,4425300.0
2019-04-04,115.91979273353321,115.92889785048054,113.43463058494915,114.3449478149414,5539800.0
2019-04-05,115.14601482404008,115.61938363324694,114.34493822906448,115.6011734008789,4656400.0
2019-04-08,115.15512299788398,115.86516928537908,114.78188962128486,115.75593566894531,3430900.0
2019-04-09,115.39182507556431,116.62985023742833,115.2461709711274,115.82877349853516,4215600.0
2019-04-10,116.12008478107394,116.49331824701864,115.54658732200465,115.78327178955078,4227100.0
2019-04-11,115.48284247120787,115.9015875567626,113.34359840460836,113.92620086669922,5520700.0
2019-04-12,114.00815099291096,114.00815099291096,111.98724522245831,112.0236587524414,5470400.0
2019-04-15,112.66999107327862,113.19797687678376,112.11470380186185,112.95219421386719,4549100.0
2019-04-16,113.7259460979117,113.7259460979117,109.04691550395884,109.20166778564453,6573400.0
2019-04-17,109.23805858955875,109.29267539639955,105.49665452725287,106.05194854736328,14842800.0
2019-04-18,105.80617814359607,106.18850972580333,103.90361145946456,104.86854553222656,9805800.0
2019-04-22,104.72288220865903,105.20534917052733,103.4575419687963,105.11431884765625,7519700.0
2019-04-23,105.63322108928466,107.31730671742879,105.07792697665558,106.95317840576172,5891500.0
2019-04-24,107.68143517446312,107.80887904194316,106.7165010506371,107.41744232177734,4254100.0
2019-04-25,107.18986044267781,108.03645579659238,106.27954315654041,107.62681579589844,3425000.0
2019-04-26,108.17300490565772,109.16524741503196,108.02735080602311,109.11973571777344,3372500.0
2019-04-29,109.1470298131855,109.24716525726153,108.555322265055,108.87393188476562,4097200.0
2019-04-30,106.15211942828068,106.6345865702264,104.60458252635996,106.5435562133789,7548300.0
2019-05-01,106.55265033548372,108.81023351105284,106.10658982617737,107.58130645751953,5392100.0
2019-05-02,107.81800123564412,107.9363400041407,106.37969799466563,107.8362045288086,4168800.0
2019-05-03,107.81797034854016,107.81797034854016,106.08836629622061,106.42518615722656,5695500.0
2019-05-06,105.43294968167206,106.57995142729477,104.95958774031895,106.18851470947266,5952100.0
2019-05-07,105.86989846498408,106.0428540189715,104.19491112121803,104.63186645507812,5127200.0
2019-05-08,105.46027349230823,106.40700445845722,104.89588112732174,105.82440185546875,2992600.0
2019-05-09,105.4693583292746,105.73335116817019,104.4862140213537,105.41474151611328,5818900.0
2019-05-10,105.25997497720479,105.8880960655194,103.9764313410647,105.79706573486328,3660500.0
2019-05-13,104.55901421374358,104.85942049931258,103.65780230220433,104.11296081542969,4284600.0
2019-05-14,104.44070066687978,105.16895029642072,104.25863305061748,104.63186645507812,3668400.0
2019-05-15,104.91408033035634,105.4511642625739,104.06748487070803,105.25090026855469,3724400.0
2019-05-16,104.88014058109682,107.7271101376107,104.88014058109682,106.85746002197266,3914100.0
2019-05-17,105.91455517728252,106.78421217737551,105.47515556353804,106.1983413696289,3109800.0
2019-05-20,106.07018890440094,106.46382153163664,105.2737674537246,106.39974212646484,3042800.0
2019-05-21,107.14123277914642,107.82780082388145,106.67436455316982,106.72013854980469,2611100.0
2019-05-22,106.29905009970827,108.37705975506533,106.29905009970827,108.00173950195312,3934200.0
2019-05-23,107.80033634524433,107.98341835863958,106.62859469760002,106.93067932128906,3653500.0
2019-05-24,107.58977289463579,107.60808528426693,106.60111337846268,106.91236114501953,2086400.0
2019-05-28,107.18701416470867,108.39538079024224,105.91457510990472,105.9695053100586,5007200.0
2019-05-29,105.83219686783174,106.00612970822716,104.7519959860554,105.72234344482422,5915800.0
2019-05-30,105.7223366131383,106.46383494829196,105.2371629151054,106.09766387939453,2392800.0
2019-05-31,105.58500209098011,107.63555690447838,105.26460508391193,106.13426208496094,6098400.0
2019-06-03,106.67435842140921,107.76371522469337,106.22580261352257,106.89405822753906,4722000.0
2019-06-04,108.09328061298783,108.87138970986302,107.47994813532058,107.61725616455078,3122700.0
2019-06-05,108.04750509861799,108.36790213588154,106.67436895251853,107.1229248046875,4175800.0
2019-06-06,107.5806299316781,108.8805373742899,107.35177392205273,107.56232452392578,3882800.0
2019-06-07,108.19395938305856,108.88052734871643,107.91932940314321,108.34042358398438,2726300.0
2019-06-10,106.18920108192354,106.18920108192354,104.24849937544916,104.29427337646484,8172400.0
2019-06-11,105.07239718793058,105.81388861590547,102.39020378228196,102.71975708007812,5681200.0
2019-06-12,102.98520920953473,105.73148145512233,102.98520920953473,105.49346923828125,3793800.0
2019-06-13,105.63996006081874,105.63996006081874,101.25507705634045,102.36273956298828,8477300.0
2019-06-14,102.646504596023,102.75635800528268,101.62123404612645,102.28948974609375,3188100.0
2019-06-17,102.19794887264746,103.82740269954192,101.923318841182,103.80909729003906,3032300.0
2019-06-18,104.03796021273646,105.11816103238132,103.6443275330998,104.95338439941406,2868700.0
2019-06-19,105.29207638815339,106.18003887822213,104.66958772386728,105.48432159423828,3320600.0
2019-06-20,106.50960871575259,107.1687152847055,105.51179964851693,105.78642272949219,2840100.0
2019-06-21,105.95119950465705,106.12513234505248,105.09985468271357,105.72234344482422,4024600.0
2019-06-24,105.34701528116484,106.32651886482807,105.00830582358704,105.85049438476562,2570500.0
2019-06-25,105.74063990216511,106.94899943657808,105.42939207595865,105.60332489013672,2110100.0
2019-06-26,105.09983973162804,105.22799854817245,101.26421746368014,101.9233169555664,4677500.0
2019-06-27,102.2894969683746,102.71974745485535,101.7585562464612,102.0423355102539,3615900.0
2019-06-28,102.34441825801314,102.37187986384303,100.71495747607808,101.41983795166016,8958700.0
2019-07-01,101.89585354610385,103.2964512907843,101.28252108005046,103.20491027832031,3236400.0
2019-07-02,103.27814489051303,104.55058380870267,102.89366845137621,104.54142761230469,2343400.0
2019-07-03,105.15478108180983,105.70403420871027,104.15696506529035,104.74283599853516,3707700.0
2019-07-05,104.4041118197428,104.69704722550118,103.03097579572582,103.27813720703125,2444000.0
2019-07-08,102.9577383499404,103.25067375043996,101.5296791455214,102.08808135986328,2998700.0
2019-07-09,102.39017679352298,103.77246904025026,102.39017679352298,103.51615142822266,2717700.0
2019-07-10,103.69007725045851,104.95336688712857,103.14082422692555,104.84351348876953,3339100.0
2019-07-11,102.09722675779865,102.74717689066541,99.87274639471714,100.53185272216797,6589600.0
2019-07-12,100.21146430977174,100.21146430977174,96.25683299152317,99.13126373291016,7211100.0
2019-07-15,99.14043060806003,99.92769587519673,98.49047336554946,99.29605102539062,4405200.0
2019-07-16,99.78123934543693,99.9551721810532,98.83835352229445,99.61646270751953,2206500.0
2019-07-17,100.10162877095048,100.3762588078619,98.02361903664477,98.03276824951172,3507300.0
2019-07-18,98.71018644782389,99.305213534176,98.17008257481346,99.17704772949219,3232900.0
2019-07-19,99.323522689822,99.34182810024896,97.56590995528138,97.75814819335938,4820600.0
2019-07-22,97.87717366254854,98.27996262726042,96.9159822478504,98.19757080078125,2894400.0
2019-07-23,98.40807806374966,100.14738502635369,97.08986529476456,99.06718444824219,5098200.0
2019-07-24,99.18619934315186,100.3854096573763,98.09684941879813,99.3418197631836,3762700.0
2019-07-25,99.38760267907362,101.0445182055474,98.57287571976966,98.70103454589844,4596700.0
2019-07-26,98.79256378830698,99.99177406715395,98.44470515659252,99.11296081542969,3470700.0
2019-07-29,98.92987532333025,100.91634380590484,98.92987532333025,99.52490234375,3192500.0
2019-07-30,99.14041412112321,100.71493740942375,97.95036022197053,99.49742889404297,4664200.0
2019-07-31,98.9207238719774,101.34659908134566,98.50878582953797,99.7354507446289,5535700.0
2019-08-01,99.79953385429333,101.37406444813466,99.1495835713252,101.16352081298828,3679000.0
2019-08-02,101.57546127505783,103.69008879393324,100.87058776347665,102.91197967529297,4477700.0
2019-08-05,101.95993541047093,102.97605673681218,98.35316914671995,99.51575469970703,4765800.0
2019-08-06,100.21150225286453,102.63737811766251,99.81786951265858,101.978271484375,5490000.0
2019-08-07,101.03538609630102,101.95995964358647,99.35100169268517,101.72195434570312,4231700.0
2019-08-08,102.4908674361282,104.85266296858518,102.19793204339847,104.33087158203125,4815900.0
2019-08-09,103.66260778832793,104.8618179310769,102.84788101862269,104.14778137207031,2788100.0
2019-08-12,103.35139335502814,104.41328179300042,102.79298403549592,103.9921875,2318400.0
2019-08-13,103.92808992423164,106.31734722231576,103.83654891725122,105.91455841064453,5247200.0
2019-08-14,105.73505463620774,105.7442621620234,101.46367568470673,101.52811431884766,4937900.0
2019-08-15,101.64777834339428,102.46707251279214,100.53390657402508,101.4728775024414,3939900.0
2019-08-16,102.12646881393393,102.48548503556616,100.60755024833705,101.73983001708984,3497600.0
2019-08-19,102.22773019754523,103.96758019636472,101.98838370945043,103.59014892578125,2903500.0
2019-08-20,103.40605154173218,103.91235310022545,102.09886377841346,102.19091796875,2074800.0
2019-08-21,103.10225695508028,103.50730378342608,101.26114522373956,102.60515594482422,2207300.0
2019-08-22,102.58675516321131,103.35081124798539,101.98839240360788,102.74324798583984,1840200.0
2019-08-23,102.6051471988775,103.6177571601444,100.2301115823052,100.81006622314453,3870100.0
2019-08-26,101.82269335935386,102.9365652069581,101.49129265819901,102.89974212646484,2565500.0
2019-08-27,103.38763961101779,103.91235623739054,101.93316650390625,101.93316650390625,2945200.0
2019-08-28,101.56495841453987,102.67883047704812,101.06785726689981,102.15411376953125,1744400.0
2019-08-29,102.92735822604584,103.45207483510545,101.81348637254331,103.33240509033203,2708600.0
2019-08-30,103.85712394049489,105.09987309158095,103.02862216534261,103.99520874023438,2870700.0
2019-09-03,103.59939755022458,104.96181681895233,103.27720427878806,104.90658569335938,3710300.0
2019-09-04,105.2931858888965,105.40365513007899,103.51651264376379,104.25296020507812,3756400.0
2019-09-05,104.9065646107876,106.26899062900166,104.26217819741382,105.49571990966797,4045900.0
2019-09-06,105.66141999863889,105.85473592214278,104.79609508299613,104.98941802978516,2904700.0
2019-09-09,105.42205444763057,105.42205444763057,101.58333818060832,102.24613952636719,4982300.0
2019-09-10,99.76065173080856,102.30138111898872,97.94715536920557,102.27376556396484,6589500.0
2019-09-11,102.89975646522997,103.10227992452167,101.52812988632546,102.81690979003906,3404100.0
2019-09-12,103.02863493950193,103.48891298017871,102.29219428839039,102.61438751220703,3578500.0
2019-09-13,102.86291545507117,103.24034674948773,101.48208158955849,102.0804443359375,2842600.0
2019-09-16,101.64776033992257,101.7490220304105,100.53388876783815,101.38079833984375,1728900.0
2019-09-17,101.56495800641342,102.35663682836791,100.92056451097201,102.29219818115234,2438100.0
2019-09-18,102.58676510188438,103.93998357482047,102.33821104347955,103.76507568359375,3132500.0
2019-09-19,103.8939451937413,105.96519608353154,103.46128277303737,105.26557159423828,3929800.0
2019-09-20,106.7200698472671,107.91679559659896,105.3760587728109,106.93180084228516,7517700.0
2019-09-23,106.78449673358612,107.2815978197953,104.91576916447397,105.10908508300781,2611300.0
2019-09-24,105.27477786034164,105.44968573639281,103.04703417112825,104.25296020507812,3480200.0
2019-09-25,103.91233663070649,104.8052768843425,102.46706429930819,102.54071044921875,3093400.0
2019-09-26,103.13910029722634,103.70984757446433,101.8963510390533,102.93657684326172,2266400.0
2019-09-27,103.42447129841284,104.363442406861,102.5315308019949,103.44288635253906,1906300.0
2019-09-30,103.47050986221235,104.4370895795614,102.81691585620892,102.94579315185547,2516600.0
2019-10-01,103.04700698742498,103.51648533621257,101.63855789449697,102.14485931396484,2203400.0
2019-10-02,101.56494976435005,101.85031988982016,98.186510776966,98.49949645996094,4483900.0
2019-10-03,98.58234118533305,99.51210473558689,97.77225441303655,98.7664566040039,2735000.0
2019-10-04,98.95056257625596,99.65939463003174,98.49949210230723,99.60415649414062,2865300.0
2019-10-07,99.7054357178527,100.01842846522696,99.02422612408914,99.2635726928711,1460800.0
2019-10-08,98.39822311099701,99.72382590189379,97.53289828657446,98.67439270019531,2802500.0
2019-10-09,99.01498185169697,99.55811343815266,98.38900361253376,98.77564239501953,1636600.0
2019-10-10,98.52711164061127,98.95056657537096,98.11286423275305,98.42584991455078,2736900.0
2019-10-11,99.18989468534802,100.46946677882298,99.04260237542785,99.75143432617188,2554900.0
2019-10-14,99.89872018751826,100.46025983157261,99.30956499101599,99.3279800415039,1341300.0
2019-10-15,99.74222868272723,101.35320148063145,99.62255894612231,100.98497772216797,1760000.0
2019-10-16,100.50629504399325,100.78246462770629,99.22672288447245,99.37400817871094,2314600.0
2019-10-17,100.54310735794525,100.76403878728938,99.65937461728522,99.8434829711914,2018900.0
2019-10-18,99.70540067854563,100.28535535203991,99.32797643664836,100.00918579101562,2207100.0
2019-10-21,100.22092922299032,100.34059896860714,99.2083120551382,99.33719635009766,3944900.0
2019-10-22,101.24274537701315,102.6051642352488,100.23933575025005,101.11386108398438,5708500.0
2019-10-23,97.57891908814102,99.18989180893581,93.30754055029641,98.8676986694336,9047500.0
2019-10-24,98.95975759550682,99.61335143078537,97.8090627397451,99.27274322509766,3304500.0
2019-10-25,99.49369253060544,101.8042829958703,98.99659145598012,101.44526672363281,4234600.0
2019-10-28,101.83189781681418,104.19772623676212,101.83189781681418,104.01361083984375,4168500.0
2019-10-29,103.56255563883114,103.84792576691797,102.6419995887082,102.79849243164062,2987800.0
2019-10-30,102.52232646142481,104.21614616681076,102.42106473737618,103.76507568359375,2424700.0
2019-10-31,103.43366592395537,105.56014789674673,103.10226522387302,104.89734649658203,4124400.0
2019-11-01,105.00783499589367,105.41288193100884,103.3876542787187,103.57176971435547,2629100.0
2019-11-04,104.24375421824077,105.24716385976404,103.90315301031384,104.12408447265625,3002100.0
2019-11-05,103.97681552742952,104.09649232320717,101.73066327146547,102.41187286376953,3357300.0
2019-11-06,102.70643600487662,105.21034953065833,102.6512048905178,104.7776870727539,3973700.0
2019-11-07,105.15509093653152,105.52330763374586,103.12986398543617,103.81107330322266,3076200.0
2019-11-08,103.7006401354505,104.54755001339804,103.19433150010944,104.51072692871094,2224100.0
2019-11-11,104.44628555222363,105.13670256964178,103.30479804994545,103.8387222290039,1770200.0
2019-11-12,103.81108227794196,104.98019216484809,103.51650468073356,104.17930603027344,2273200.0
2019-11-13,103.90315208162755,104.51071535345993,103.33240486711941,103.82950592041016,3250600.0
2019-11-14,103.87117643646232,104.02856933615155,102.76941201127937,103.1304931640625,2627100.0
2019-11-15,103.07492996589946,105.38029555650427,103.07492996589946,104.79701232910156,4857400.0
2019-11-18,104.63962473911751,105.66731940180803,104.49149232609062,105.61177062988281,3361600.0
2019-11-19,105.57474690126503,107.50977840377199,105.31550985335323,106.5654067993164,3781600.0
2019-11-20,106.43575580576184,107.32457129760614,105.59323565707012,106.11170959472656,3638200.0
2019-11-21,106.19503003644223,106.95422702457316,104.88958474412036,106.24132537841797,2909500.0
2019-11-22,106.55613710480364,108.02824316203045,106.20431643643055,107.58383178710938,3120100.0
2019-11-25,107.95415876674834,109.67624113230436,107.95415876674834,108.75965118408203,2939300.0
2019-11-26,108.75964933357646,109.352193033828,108.32449850852467,108.40782165527344,4704900.0
2019-11-27,109.00038531702984,109.15777821085359,107.97269067012118,108.73188781738281,1798200.0
2019-11-29,108.53746964774363,109.28740637821474,108.48191380808238,108.64856719970703,1243900.0
2019-12-02,108.80594059431623,109.4818145234945,107.49123466487714,108.08377838134766,2199700.0
2019-12-03,107.76899637348204,109.17628598316396,107.32458503882124,108.88927459716797,2786000.0
2019-12-04,109.50960822191772,110.02808229935883,108.85225514125358,109.87068939208984,2597000.0
2019-12-05,109.62070368014452,111.02799337150468,108.82447166277004,110.88911437988281,3003200.0
2019-12-06,111.0743007123576,111.75942819764977,110.7132195333739,110.76876831054688,2462800.0
2019-12-09,110.66693425796264,111.8797964279244,110.12068572952134,111.32428741455078,2335100.0
2019-12-10,111.62050433773746,112.16675966059135,111.20387454899824,111.7038345336914,3592600.0
2019-12-11,111.62054574719966,112.21308956436184,111.08355776917607,111.82423400878906,3438100.0
2019-12-12,111.62054106035401,112.88895886828684,111.62054106035401,112.67601013183594,2959400.0
2019-12-13,112.93525270655432,113.12968047356844,111.76867904079046,112.51861572265625,3343900.0
2019-12-16,113.9444414510177,115.0462060065358,113.00933029832012,113.74075317382812,3468400.0
2019-12-17,114.80546706101946,117.61079306949927,114.16662792748004,116.03684997558594,6718800.0
2019-12-18,118.39776800744662,120.34205278610723,118.22186120295551,119.8791275024414,8173000.0
2019-12-19,119.50878550279899,121.27716336712028,118.82365103968372,121.14754486083984,4423400.0
2019-12-20,122.66596024600067,126.84154167816962,121.50864690952102,122.61039733886719,9229900.0
2019-12-23,122.57338353314073,122.74929744076283,121.3142259140875,121.42532348632812,2473400.0
2019-12-24,121.35120920244911,121.48082768320053,120.48090763425178,121.38823699951172,1215800.0
2019-12-26,121.28642762471478,121.93452021403155,120.97164181381218,121.41604614257812,1272000.0
2019-12-27,121.81414049798339,121.99930774732698,121.13825955321371,121.7678451538086,2161300.0
2019-12-30,121.76785143099265,122.14743936714048,121.1660401804079,121.56416320800781,1856200.0
2019-12-31,121.4530771407028,121.76787708723379,120.82350550235935,121.68453979492188,1549800.0
2020-01-02,121.99931605218225,122.45297372485254,121.03642368627973,122.40669250488281,2204200.0
2020-01-03,120.63834228899299,122.6474365003548,120.57352596248467,121.99934387207031,1963500.0
2020-01-06,121.6752841866677,122.73075330583315,121.23087985421883,122.45299530029297,2102900.0
2020-01-07,121.93452674123994,123.07331907538224,121.93452674123994,122.68446350097656,2448300.0
2020-01-08,122.63819590705046,124.25843471091028,122.22155176988325,123.7955093383789,5188600.0
2020-01-09,124.57315763403824,126.24894437554569,124.07319057298656,125.84156799316406,4522800.0
2020-01-10,125.71196782746374,128.0173404394907,125.48050522443374,127.7673568725586,4177600.0
2020-01-13,127.95253037068589,129.6098106005377,127.66551898930605,128.63766479492188,5117100.0
2020-01-14,128.68396983365082,130.45233360342982,127.87847026855701,130.2208709716797,4685200.0
2020-01-15,130.15608982233204,131.18378463853628,129.62834815549408,130.64678955078125,3676500.0
2020-01-16,131.3133417378944,131.44296020689717,129.4801622113256,130.9429931640625,3794800.0
2020-01-17,130.43383317913901,131.23006523661135,129.02653635322915,129.230224609375,5393200.0
2020-01-21,129.1561410695641,131.07265833108258,128.16547428166257,130.4615936279297,4849500.0
2020-01-22,130.7763888613425,131.70223940195376,130.25791481897747,131.0634002685547,2742100.0
2020-01-23,130.77640769373156,131.2300796098108,129.50799679119186,130.7393798828125,3138700.0
2020-01-24,131.3319358805275,131.46155442175763,128.41549751180762,128.75807189941406,3183300.0
2020-01-27,127.15627589194641,128.78578144967003,127.15627589194641,128.05435180664062,2826400.0
2020-01-28,128.4061868332211,129.50795100607672,127.98028945773926,128.9339141845703,2649100.0
2020-01-29,129.16542650767403,130.67456767452964,128.665473344023,129.54502868652344,2815500.0
2020-01-30,127.93403573492157,133.0632562351773,127.85998011517236,132.0911102294922,5243400.0
2020-01-31,132.25769056131585,132.25769056131585,129.1283127469193,129.28570556640625,3913500.0
2020-02-03,130.10980142108065,131.0726940876388,129.32282265287606,130.54495239257812,5137800.0
2020-02-04,131.74854696426303,133.38730652867744,131.26710068286684,132.80401611328125,3177500.0
2020-02-05,134.0446597643376,136.43335620411509,133.81319709529745,136.42410278320312,4060900.0
2020-02-06,136.7851688712842,136.90551983928512,135.9241204913468,136.37779235839844,3285000.0
2020-02-07,136.30372394320855,136.30372394320855,134.60016226125762,135.5537872314453,2670400.0
2020-02-10,131.00784924261308,134.7575466930499,130.6560215224791,134.7205047607422,4892100.0
2020-02-11,134.92421007231266,135.04457517650036,132.56328811027768,133.553955078125,2976400.0
2020-02-12,133.9428564692107,134.15579823400094,132.85035911932954,132.86886596679688,3953200.0
2020-02-13,132.95255037080497,133.7715262423493,131.9567488723972,131.966064453125,3455500.0
2020-02-14,132.38487504379117,132.4500273170344,130.82139089294557,131.33323669433594,2273700.0
2020-02-18,131.24018106079617,132.11499376020151,130.78415774711516,131.23086547851562,2858200.0
2020-02-19,131.79857660189617,132.00332062632125,130.62596335339433,131.06336975097656,3082800.0
2020-02-20,131.80785548988678,132.90601476918067,131.4076689351645,132.15219116210938,3417000.0
2020-02-21,131.53794055910143,132.75708860961456,130.59799007907165,132.18939208984375,2900900.0
2020-02-24,129.620867657359,131.77066583696532,128.30864838909005,128.56922912597656,4727400.0
2020-02-25,129.30440916373306,129.5742911981793,125.28399758444958,126.01921844482422,3401600.0
2020-02-26,126.59623870942512,127.5175867419248,124.0648711661177,124.26961517333984,4659000.0
2020-02-27,124.0835100254783,125.3305770527288,120.10033096490304,120.23062133789062,4292800.0
2020-02-28,117.61546721783989,118.00634535741516,113.08320923789984,117.38280487060547,7898300.0
2020-03-02,118.88113171103113,123.77634869251564,117.45723951249448,123.62744140625,7355700.0
2020-03-03,124.03694069858665,126.24257505106976,119.76526371191109,121.27291107177734,6936600.0
2020-03-04,123.80428328785861,131.0912694844428,123.77636494309095,130.64456176757812,5301900.0
2020-03-05,128.78328727981653,132.0684790044199,127.99222949432685,130.43052673339844,6882100.0
2020-03-06,126.68000943961972,132.48726761720607,126.14954659199049,131.64968872070312,8010700.0
2020-03-09,124.72566069995854,131.15643850594222,124.06489324983626,126.3077621459961,5351300.0
2020-03-10,129.5743126421373,132.0870631947479,125.37708893908797,131.3983917236328,5961200.0
2020-03-11,129.7883783756961,132.00331440740555,127.86192720043276,130.30953979492188,7211800.0
2020-03-12,121.71962814560233,127.03364244026088,117.19667861736004,117.28043365478516,7836300.0
2020-03-13,123.72980841926571,129.70457458496094,119.59772369518606,129.70457458496094,6841700.0
2020-03-16,121.91506469830104,129.06244488112813,119.35577898898556,120.40741729736328,6619700.0
2020-03-17,123.97180416519686,133.63193460622514,122.00813350029838,133.26898193359375,8909200.0
2020-03-18,126.88477128664604,134.01355109321779,124.78150816642209,133.16665649414062,6734600.0
2020-03-19,132.6082108756493,133.06421989959534,122.02671971507694,123.86009979248047,6554800.0
2020-03-20,122.99463179835085,123.07838683872114,111.89198383958725,113.91149139404297,9113500.0
2020-03-23,112.56205157089073,118.08080326174222,108.94182566798546,110.7938232421875,7299300.0
2020-03-24,114.69321086178348,115.95889440185975,109.26753116457085,114.36748504638672,6827300.0
2020-03-25,111.78960917366919,117.39211547209952,110.9427148063053,113.48339080810547,6472100.0
2020-03-26,114.73975176125877,126.32633967639165,113.48337664041777,125.0327377319336,6723600.0
2020-03-27,121.58933414816455,128.06665999233084,121.17054477302823,124.80938720703125,4717400.0
2020-03-30,124.58600704164822,131.93814442976424,124.2509727530685,128.83908081054688,5057400.0
2020-03-31,127.46170264455333,132.17078465813023,125.19091664577448,129.09963989257812,7560100.0
2020-04-01,124.70699053210134,127.67576369820455,123.75772438920217,126.95915985107422,3297900.0
2020-04-02,125.96340938630142,132.89674498438347,123.8042958349043,132.31973266601562,4725000.0
2020-04-03,131.14714652381895,134.57194460836976,128.85775634500493,129.9745330810547,4013200.0
2020-04-06,132.40350820053473,133.5482031081553,130.57012755143526,131.78927612304688,4159900.0
2020-04-07,133.2039005426601,134.7580838893647,130.33749766710005,132.04058837890625,3900600.0
2020-04-08,132.19873812527786,137.0381117264346,130.7562288459359,136.0795440673828,4006600.0
2020-04-09,134.4881417348706,136.24706855969885,133.59472624955822,135.62353515625,4415300.0
2020-04-13,134.91626376916102,136.42391146658002,132.97120965572307,134.40440368652344,2289000.0
2020-04-14,137.06605807645593,141.0399354423357,134.06006414892335,140.6304473876953,3809600.0
2020-04-15,138.61092629587594,142.7616147390514,138.210739662679,140.69557189941406,3614400.0
2020-04-16,142.28695278631199,144.79970273615425,141.45867558283044,143.9993438720703,3512900.0
2020-04-17,144.64152612675375,146.735487248999,142.4172746582588,146.3818359375,3709900.0
2020-04-20,145.7675951243321,149.09000552954137,144.818328922595,146.84713745117188,2562200.0
2020-04-21,144.63222938933947,144.99518209416004,140.9096317191458,142.08224487304688,4270200.0
2020-04-22,143.8877171966169,146.37254961322688,142.91984798213713,145.8420867919922,3278000.0
2020-04-23,146.27944438440755,151.28634196498285,143.3199865434896,148.83872985839844,5692900.0
2020-04-24,150.76522479391784,153.46410276740212,149.47162250722798,151.63072204589844,4414000.0
2020-04-27,152.62649720192454,153.09182188851577,149.57396839393263,150.10443115234375,3210300.0
2020-04-28,149.77876927077762,150.74663873818088,145.73043727984114,146.39120483398438,3270200.0
2020-04-29,146.8192155802664,147.07049484539286,143.94351290359484,144.3995361328125,3240700.0
2020-04-30,144.43676496076017,146.09331953789382,142.64992005286027,143.9156036376953,4175800.0
2020-05-01,143.0594477991167,143.87842393492176,141.05855697710243,142.97569274902344,2576400.0
2020-05-04,143.92493333637495,145.18131578784946,140.7700322343931,142.6499481201172,2228500.0
2020-05-05,143.13383414337318,148.17795055155122,142.15664975014687,146.940185546875,2862600.0
2020-05-06,147.47070159056605,147.9174093004078,145.50703090281365,145.8141326904297,1964800.0
2020-05-07,146.57729114750842,146.75411681844645,142.1287878284117,142.3614501953125,2330600.0
2020-05-08,143.50607219782287,143.71081611278177,141.97050703620792,142.86392211914062,1966600.0
2020-05-11,142.82674340341103,148.4106389765145,142.46379075918256,147.554443359375,3196200.0
2020-05-12,148.78290331157476,150.20679564534313,146.66102398279904,146.78201293945312,2329400.0
2020-05-13,146.1398687608626,148.29898210558147,145.2185207766034,146.97744750976562,2650000.0
2020-05-14,145.8086720108482,148.62310894127344,143.8170522950783,148.09014892578125,2393900.0
2020-05-15,148.32389321292618,149.14671035347004,145.89280819886656,148.88490295410156,2824500.0
2020-05-18,150.8578270612638,151.82090739625443,146.90265178904824,147.6974334716797,2703700.0
2020-05-19,146.6595502549946,148.79141880801802,145.1915454152944,146.519287109375,2339400.0
2020-05-20,145.18217791537623,147.20183278777336,141.75996313968218,143.18121337890625,3780800.0
2020-05-21,143.199931411143,143.199931411143,139.99278328520455,142.38645935058594,3049800.0
2020-05-22,142.33033285147113,142.6482397727179,140.41351762112453,141.33920288085938,2355000.0
2020-05-26,141.292462627146,141.90022675894363,137.59909492194714,138.3471221923828,5013400.0
2020-05-27,138.54348986232262,138.54348986232262,134.28909754630203,136.2339630126953,5376100.0
2020-05-28,137.85155086996593,142.2181562120179,136.99132445277047,140.8623504638672,3982700.0
2020-05-29,141.80674102518333,143.6580975765893,140.19848728802359,143.01292419433594,9466300.0
2020-06-01,144.4341604761855,144.9203803243333,141.0867496204504,142.54539489746094,5233800.0
2020-06-02,142.19947698667576,144.06953847108636,141.22703702501758,143.86383056640625,3269400.0
2020-06-03,143.377565863604,144.35935069017108,141.04934917288392,142.6201934814453,3190300.0
2020-06-04,142.3210028220427,143.5645808678707,139.98342650405485,140.91845703125,3328700.0
2020-06-05,139.97410137402838,141.9002624493459,138.70245897467746,139.5159454345703,4578800.0
2020-06-08,137.21576349624544,139.55334038715253,137.00071041716438,139.5159454345703,4076400.0
2020-06-09,140.0208613771852,141.8909229648605,139.42244223982664,139.44114685058594,4302100.0
2020-06-10,140.21719542279106,142.49865810815183,140.10498204864007,141.1896209716797,4940200.0
2020-06-11,141.98441545141827,142.34907684845436,133.75614255676476,134.71922302246094,4547400.0
2020-06-12,136.084340279061,136.86977678609847,132.27877335096505,134.2142791748047,3973200.0
2020-06-15,132.77432637656062,133.6158480902841,130.60504884373083,132.3255157470703,3709900.0
2020-06-16,146.16405042451103,156.55223097118485,144.92980267593163,153.0739288330078,15029300.0
2020-06-17,153.56006840257297,153.68162694374516,149.0438689819032,149.57684326171875,4711200.0
2020-06-18,148.8568603708533,152.38192953128606,147.9218298229617,150.60537719726562,3631600.0
2020-06-19,151.68996498858306,151.9237225688448,147.9778934726318,149.5487518310547,6004900.0
2020-06-22,148.83817236009685,150.9887457135178,148.59506952681588,150.02566528320312,2647300.0
2020-06-23,150.43712426696112,152.28848149514076,148.6231619979376,148.98782348632812,2771500.0
2020-06-24,148.24911621998436,149.40854512461513,146.17334698225633,146.82786560058594,3096000.0
2020-06-25,147.39822240531365,152.7746483258418,146.528650800449,152.27908325195312,3735400.0
2020-06-26,151.78350707562709,153.14864365452542,149.77318288323445,152.2510223388672,5290400.0
2020-06-29,153.20476722838157,153.54137881005062,150.56797412740167,152.14817810058594,2640300.0
2020-06-30,152.5128607340849,154.43902172722284,151.7554881365342,153.51333618164062,3296300.0
2020-07-01,153.6442258726299,154.7195052914956,151.96116803956872,152.69049072265625,2065100.0
2020-07-02,153.4104977834176,154.06501643693665,151.82093413816716,153.22348022460938,1960200.0
2020-07-06,153.77510888386098,157.94533656005808,153.35433378164603,156.04722595214844,2760100.0
2020-07-07,155.3272926805728,157.4404711578449,154.53252515953167,155.91636657714844,3273300.0
2020-07-08,156.00051070668255,158.78691232489652,156.00051070668255,158.14173889160156,2781800.0
2020-07-09,158.84298040443832,159.6564523456871,153.0738441313303,155.6358184814453,2955200.0
2020-07-10,155.34598118096415,155.34598118096415,152.16688289157554,152.74659729003906,2245100.0
2020-07-13,153.91535415556652,156.15007623275113,150.57728879132557,151.5497283935547,3455600.0
2020-07-14,152.2978183390855,154.0650259463836,151.03552107639936,153.23284912109375,2642900.0
2020-07-15,154.45767238139982,155.66385530663092,153.25147518873726,154.70077514648438,2346200.0
2020-07-16,154.23329017352398,154.69146029060198,152.03597688728266,154.28004455566406,1486800.0
2020-07-17,155.2524784931916,156.3932169955865,154.38290686145382,155.1776885986328,2935800.0
2020-07-20,155.6732446008923,156.8139830367001,154.96261223714922,156.1875,1806200.0
2020-07-21,156.02856817088804,156.36517979321326,154.05565282537216,154.56057739257812,1540700.0
2020-07-22,154.78495065910766,155.07482211367122,151.78351058938617,154.13043212890625,1686500.0
2020-07-23,154.52315904071276,154.71017658339997,150.34357092200253,151.02615356445312,2408800.0
2020-07-24,150.979406072507,150.979406072507,148.15560940473236,149.17478942871094,2247900.0
2020-07-27,149.2308963411009,151.23186134657536,148.28650626044058,150.07241821289062,2709700.0
2020-07-28,151.16637675655036,154.6633959057706,150.86717442049724,152.08270263671875,3483100.0
2020-07-29,151.97051838664785,152.43803367468095,150.63343151124164,151.24119567871094,3108900.0
2020-07-30,148.1556224786156,148.20237687054802,140.67537632742076,143.05970764160156,6638100.0
2020-07-31,143.18120821087442,143.37755660304651,139.07642536876654,140.5257110595703,5342700.0
2020-08-03,142.87263924364234,143.85442395713937,141.39528958981998,142.9100341796875,3615000.0
2020-08-04,143.41499366419202,145.86476919665952,143.14382680861453,144.78948974609375,3260000.0
2020-08-05,147.08969525031628,147.25800821611315,143.34022681779504,144.31265258789062,2386400.0
2020-08-06,143.85446004958024,145.39725479541963,141.18961719683836,142.94747924804688,2176200.0
2020-08-07,143.02229622361287,143.52720650302024,141.73194934549818,142.99423217773438,2017100.0
2020-08-10,142.99424863940874,143.51787785463966,141.68521126992454,143.05970764160156,1745200.0
2020-08-11,143.1905800270687,143.1905800270687,140.4415878856046,140.84365844726562,2103400.0
2020-08-12,140.99329833286174,143.2186763646738,140.81565445255904,142.6389617919922,2430400.0
2020-08-13,141.70870522069592,142.52614240155972,140.7409161435974,141.37045288085938,2077700.0
2020-08-14,140.75036803526777,142.52618982605597,140.13962687393803,141.02284240722656,1538000.0
2020-08-17,141.80265930042012,143.47512526595267,141.27649216568796,142.3758087158203,2704700.0
2020-08-18,142.95837089788344,143.89795930821978,142.01878248754707,143.86038208007812,1959700.0
2020-08-19,144.51814474855314,145.0819037388285,142.82688211471378,143.0899658203125,1938800.0
2020-08-20,143.33423510548621,143.61611453578968,141.73693744974457,142.19732666015625,1830200.0
2020-08-21,142.19729590670568,142.2067009657712,139.0120920082125,140.24295043945312,3112000.0
2020-08-24,140.98525491958213,141.31410228685792,139.29399278064992,140.48727416992188,2268400.0
2020-08-25,141.27653141299413,142.16913764574076,140.2899605928076,140.63760375976562,2216100.0
2020-08-26,140.17718671089582,140.43087957700033,138.5047206129838,140.24295043945312,3029700.0
2020-08-27,141.483212023362,141.82146439461684,139.94228774030782,139.97047424316406,3146100.0
2020-08-28,139.848378408724,140.1396486112681,138.1007428564737,138.43899536132812,2102600.0
2020-08-31,138.44834107277572,139.80133617519434,138.14766593647406,139.42550659179688,4430700.0
2020-09-01,139.63225642431323,140.1866102336356,137.79065653911,138.40139770507812,2358700.0
2020-09-02,137.92216884915527,140.93825378850065,137.6590852557085,140.51544189453125,2406800.0
2020-09-03,142.99593373790563,144.10464095763376,138.55168546413248,140.01744079589844,4226100.0
2020-09-04,139.78255553538992,143.36238466780338,139.01208624692293,141.79327392578125,4361800.0
2020-09-08,141.83085654959987,142.1691089242723,139.52886799220863,140.28993225097656,4351200.0
2020-09-09,141.52075020261609,144.80930844034393,141.22948019547636,142.78919982910156,2328500.0
2020-09-10,140.82552443751302,141.50202928270866,136.91683296237878,137.38662719726562,3961300.0
2020-09-11,138.6456807267563,140.1772146133419,138.00676741025626,139.14366149902344,3001400.0
2020-09-14,140.0831861969946,141.417399576737,138.56105806490393,139.99862670898438,3072500.0
2020-09-15,140.90071220823302,142.6953155310429,140.39332633752414,141.01345825195312,2923500.0
2020-09-16,142.55438368910967,143.45638071734857,141.68055883495748,141.84030151367188,3618800.0
2020-09-17,141.06041498590767,143.45635400266812,140.43089246091344,143.25904846191406,3620700.0
2020-09-18,142.85498057225897,145.1663738032213,142.85498057225897,144.85630798339844,13209800.0
2020-09-21,143.91678353778244,144.37718711116523,140.05507383450424,142.0469970703125,3501600.0
2020-09-22,141.79328759738343,142.41341937662807,140.13960285273103,140.8067169189453,2926400.0
2020-09-23,140.9852414834492,142.4322013029264,139.71679141588984,140.75973510742188,3545700.0
2020-09-24,140.24298716714767,140.61883120369012,138.46716531331364,139.82017517089844,3424200.0
2020-09-25,139.42548512183723,141.31405214360768,138.91811382868218,141.18251037597656,2440600.0
2020-09-28,141.8778617955586,142.42282483944967,138.96513174575745,139.15306091308594,2427100.0
2020-09-29,139.0402875322278,139.47250450485572,137.11412844324423,137.4241943359375,3308300.0
2020-09-30,137.55576806526204,139.48192760130726,136.2967227568755,139.07791137695312,5083900.0
2020-10-01,139.36920410947695,139.72625243025846,135.35715604333615,135.57325744628906,3809200.0
2020-10-02,134.99069336407996,138.06315212143255,134.6148636563053,136.4376678466797,3880000.0
2020-10-05,136.30609498749246,138.56110139479543,135.46984755463023,137.7718505859375,2790600.0
2020-10-06,138.05371815769544,138.8993563286279,135.23495292855,135.42288208007812,2409200.0
2020-10-07,139.54768412434618,140.83491574544453,137.97857309374928,139.9611053466797,4602800.0
2020-10-08,143.19325375726828,144.64022779396768,141.4080416899939,144.226806640625,4686100.0
2020-10-09,144.7811739865052,147.6563122138925,144.7623925410186,147.4026336669922,4590600.0
2020-10-12,147.35566178181082,147.65632263761515,145.09125012345174,145.1570281982422,3242700.0
2020-10-13,143.7570552326879,145.00670978619445,139.57588884658497,141.01345825195312,5963900.0
2020-10-14,141.2953105277743,141.50202112616776,138.78661117852434,139.49130249023438,2710200.0
2020-10-15,137.65914880857912,138.0349929277188,136.5974232223541,137.912841796875,3785900.0
2020-10-16,138.22286132710394,139.41614270640432,137.17991754489293,137.29266357421875,2918900.0
2020-10-19,138.11947022511308,138.50470484144574,133.6188488981572,134.17320251464844,3158900.0
2020-10-20,134.69934980242084,135.41343159293683,133.52486468428344,134.9154510498047,2188700.0
2020-10-21,133.69401642085683,134.67119630730895,132.67927364666585,132.77322387695312,1983700.0
2020-10-22,132.9799358724274,133.6658313424519,132.29404040240294,133.09268188476562,3056600.0
2020-10-23,133.64706841787643,135.9584480129793,133.15847840173984,133.7786102294922,2427200.0
2020-10-26,133.32756321485363,133.69400204863567,131.58933360310948,133.1396484375,2947100.0
2020-10-27,124.98405808970116,127.85919641727378,123.90352278335747,123.93170928955078,11374600.0
2020-10-28,122.57872347997086,125.9988250872748,122.4377766011005,123.37736511230469,6188000.0
2020-10-29,124.02566584668665,125.08740530123838,122.50353726276573,124.54244232177734,4099900.0
2020-10-30,123.80017365400033,125.05923312032957,121.40423448622256,122.57872009277344,4335300.0
2020-11-02,124.533038830292,125.8578619003011,122.13709990676277,123.67802429199219,3449500.0
2020-11-03,125.5666155482042,125.97064608733521,122.80422286669513,123.06730651855469,3628400.0
2020-11-04,126.75989939891434,142.79866908402593,126.75989939891434,139.61346435546875,12211700.0
2020-11-05,138.75842795157104,139.82016758383725,135.95845813193867,136.7289276123047,5731000.0
2020-11-06,136.28729869130504,138.48593208068087,130.69675064417345,134.11685180664062,6229800.0
2020-11-09,133.92894924890982,136.00544630912165,132.10615945543262,133.7316436767578,5493800.0
2020-11-10,138.68326525206717,140.18659821646065,135.10342110357638,137.70608520507812,5377000.0
2020-11-11,138.8335660057727,138.8335660057727,134.70877382462612,136.01480102539062,3046800.0
2020-11-12,134.9853944562346,135.48594827743756,132.08604434663542,133.19100952148438,3463400.0
2020-11-13,134.5131669141217,135.24982466807703,133.46487896534092,134.46595764160156,2142700.0
2020-11-16,135.1081760299195,136.27925727770057,132.21826483284795,132.7754669189453,4957600.0
2020-11-17,131.81217391699607,134.06932802373797,130.90552803830244,133.3515625,3619200.0
2020-11-18,134.01265065955855,134.50375110990544,132.34104439061463,132.37881469726562,2795100.0
2020-11-19,132.45434735029502,135.8920211008216,131.19827230924656,135.43870544433594,4626100.0
2020-11-20,134.90039532137106,138.91416383729577,134.90039532137106,137.40310668945312,5063800.0
2020-11-23,137.45028197996925,137.525836980276,133.3137501903342,135.4103546142578,3794200.0
2020-11-24,135.4198231166309,137.54475932772917,135.1553877632126,136.84588623046875,4127000.0
2020-11-25,136.84592610026593,137.2614716083191,134.68321895599848,136.7042694091797,3223700.0
2020-11-27,137.5542376154913,139.69806679617903,137.28036321069072,139.2447509765625,1754000.0
2020-11-30,138.20584863353866,139.93413182604246,136.84588714365728,137.55419921875,5842200.0
2020-12-01,138.53640258790088,139.83024805752623,137.1858800462801,137.46920776367188,3954400.0
2020-12-02,137.28031098282295,138.91414663553556,136.3547873334455,137.0914306640625,3757400.0
2020-12-03,137.6014721941399,138.35700822699775,135.174329440966,136.099853515625,4059600.0
2020-12-04,136.06201522870379,140.4535437092502,135.99589919393094,140.19854736328125,3058600.0
2020-12-07,139.11248950274202,140.0852368985613,138.33806141096207,139.22581481933594,2637200.0
2020-12-08,138.81026020983467,141.79461824053263,138.74415858310087,141.00131225585938,2754400.0
2020-12-09,145.99731043829948,150.1055270535282,145.13788815804674,149.2177734375,8364400.0
2020-12-10,150.98380004917706,152.99541099027076,149.38773450536527,152.05099487304688,6430600.0
2020-12-11,150.84214248238578,152.22098193522078,150.21882439023756,151.14434814453125,3441900.0
2020-12-14,151.75824262655274,153.26929991154353,149.05721169778613,149.1327667236328,4390100.0
2020-12-15,150.56829571090296,158.87916269092256,149.2650109129761,158.12362670898438,6974300.0
2020-12-16,160.25799351121364,163.5634503396613,157.48140746961388,162.48681640625,6009900.0
2020-12-17,162.18457799371396,164.23395926683705,161.5896056309663,163.03456115722656,3521100.0
2020-12-18,162.93071142499,163.2801408602683,159.6063618647772,161.87295532226562,7356400.0
2020-12-21,159.4929916834748,159.60631700129986,156.58418843725056,159.39854431152344,3655900.0
2020-12-22,158.38802580534147,159.03022181731134,156.65028928044674,157.4530487060547,2447900.0
2020-12-23,158.14249885394028,158.66193067578234,156.27255870595727,156.28199768066406,1697300.0
2020-12-24,156.63141807657934,158.6052442938322,156.63141807657934,157.39639282226562,627200.0
2020-12-28,157.91584214841663,158.28416389700126,156.02700971246506,157.24530029296875,1482000.0
2020-12-29,157.3680702480154,158.4258117418295,156.68808945609288,157.3208465576172,1712000.0
2020-12-30,158.13303513014543,159.03022754891933,157.4152696666094,157.7269287109375,1413300.0
2020-12-31,157.78363948231802,159.73857374618734,157.0469815043384,159.4552459716797,1643600.0
2021-01-04,159.6252528518956,160.05967629569219,154.03430988234425,156.3009033203125,3164800.0
2021-01-05,156.0081072553785,157.3964001587964,154.12871391541864,157.07530212402344,2322600.0
2021-01-06,153.92096412919807,157.98195709051535,153.91152515405687,155.18649291992188,3619700.0
2021-01-07,155.05426847260463,157.830854830238,152.78767501079975,156.61256408691406,3025500.0
2021-01-08,156.98086744786463,157.58529326073486,155.48868807001196,157.16030883789062,3438100.0
2021-01-11,174.7169676845867,178.77795954533045,171.90261191578318,175.60472106933594,11396500.0
2021-01-12,172.62981382663838,173.99922871005776,167.57719630148947,168.86160278320312,7179300.0
2021-01-13,169.83434115614583,177.1913358950109,169.37157210066533,175.18917846679688,7303900.0
2021-01-14,174.97198014335808,178.4568779628517,174.3203307090597,176.31304931640625,4413200.0
2021-01-15,176.41697159581406,181.12016083810283,176.41697159581406,180.1663055419922,6624600.0
2021-01-19,185.10556017892637,188.42990896814115,183.28284397794823,187.4477081298828,7729100.0
2021-01-20,187.72162440075735,190.5548731862749,187.63661598509893,190.07321166992188,5335800.0
2021-01-21,192.37758388408554,193.34089247724833,187.00385320970355,191.10263061523438,8698800.0
2021-01-22,190.80983379733286,195.05970649888246,189.41210192158215,194.68194580078125,6128800.0
2021-01-25,196.6651874446667,200.71672562896325,196.52351640230194,200.54673767089844,5959100.0
2021-01-26,200.73567594306482,201.3778720731493,198.89406714573636,200.89622497558594,6601500.0
2021-01-27,199.33798935197345,200.2351821078453,193.69982192662349,196.03253173828125,7358000.0
2021-01-28,196.43854684503543,200.06510117438876,196.03245484318697,198.44070434570312,5460400.0
2021-01-29,200.17848936305438,205.88275759047164,193.0953669688868,196.41026306152344,8401700.0
2021-02-01,197.8173950281029,198.2234870183529,191.8109082870061,191.8486785888672,5383800.0
2021-02-02,193.01979844474343,194.4553007739727,186.38055333745072,186.57887268066406,5314600.0
2021-02-03,186.8149520941786,189.44042777885622,185.94609098513715,186.01220703125,3679000.0
2021-02-04,185.87053816361518,190.65873490939,184.76557300935485,190.41317749023438,2924300.0
2021-02-05,190.41318427427782,191.64092818185804,189.68599419640753,190.5548553466797,2732200.0
2021-02-08,191.13094928815724,194.9558232519848,190.6870725349592,194.33251953125,2909300.0
2021-02-09,192.4248175976777,193.55811425477353,189.18547666516935,190.4982147216797,2661300.0
2021-02-10,193.10480613352257,194.1247774885604,190.43210621822567,193.0292510986328,3062700.0
2021-02-11,192.39382301371418,193.63617252080073,191.20837280148234,192.11880493164062,3544700.0
2021-02-12,191.2368205630516,197.46755376309588,190.7626404828349,196.5855712890625,2611300.0
2021-02-16,195.3432381887924,196.77527141256263,193.09562905059522,195.1345977783203,2741900.0
2021-02-17,194.42335828986145,196.0166112694467,193.72158086279023,195.79849243164062,3329900.0
2021-02-18,194.69836048790202,194.81215908622482,190.57298764875335,190.7342071533203,3919400.0
2021-02-19,190.7437177004201,192.40334827702264,189.98502654266431,190.5445556640625,3434900.0
2021-02-22,188.8943846960663,191.1989075923714,187.73739852231586,190.31692504882812,2263600.0
2021-02-23,189.9660467305822,193.75948787772245,188.4202148324571,192.02398681640625,3287700.0
2021-02-24,191.2558010468642,195.79845453820258,191.2178730057809,193.95863342285156,2848800.0
2021-02-25,193.05767925381883,194.93542826564828,191.3316568654666,193.29476928710938,2386700.0
2021-02-26,196.02603882222746,196.3010713675829,191.62564833398721,194.30950927734375,3887900.0
2021-03-01,195.1535667487853,197.4865392790847,194.20520651986874,195.8079376220703,2797400.0
2021-03-02,198.10294669507667,199.10820611611442,193.5603080460023,193.59823608398438,3445300.0
2021-03-03,192.8680202799877,193.75948123433304,189.39703274719383,191.5687713623047,3660300.0
2021-03-04,193.2663136341688,194.16726737679247,188.35381487524,190.18414306640625,4308400.0
2021-03-05,190.63939073581764,196.94598091529247,190.5066208732233,196.23471069335938,3875900.0
2021-03-08,196.31055486921426,199.99967534565286,195.66567690066537,196.33900451660156,3300300.0
2021-03-09,197.58134599591256,201.20408863822928,195.41908605734605,195.4665069580078,4227300.0
2021-03-10,196.20621700682318,197.29682531401923,193.8353167991566,194.840576171875,3400200.0
2021-03-11,195.84584794237776,196.54763965777067,193.7215304831601,194.6129913330078,4037300.0
2021-03-12,194.30949167337903,197.69514402588828,191.83427134356606,197.3347625732422,4541400.0
2021-03-15,183.04299319734758,183.20421269150552,178.48138304525907,179.39181518554688,12388500.0
2021-03-16,181.64886570695012,181.72473624247766,177.56143647461883,181.0419158935547,6194200.0
2021-03-17,179.93239162713485,180.02723344333728,176.92609128013507,177.08731079101562,5134200.0
2021-03-18,176.413953150706,177.4286909518398,174.30859253169427,174.43186950683594,4240000.0
2021-03-19,175.16211604490775,176.20531799367717,174.38446825013844,174.77328491210938,6048600.0
2021-03-22,174.54571234083772,176.30966303958834,173.73960031490924,176.24327087402344,2666600.0
2021-03-23,175.77856796141953,177.0209175017479,173.7870057632502,174.19479370117188,3284700.0
2021-03-24,174.2137376383265,174.34650746599618,170.53411049827,170.86602783203125,3931500.0
2021-03-25,171.6532299479306,174.15690078933238,170.91351000416404,173.6352996826172,2630500.0
2021-03-26,174.54573273874743,176.30968364363838,173.19906272094505,175.74066162109375,2868200.0
2021-03-29,175.12419954017153,177.978758557697,174.03357661811398,176.71743774414062,3002600.0
2021-03-30,175.9492565314474,177.21057726070538,175.17160873743393,175.92080688476562,2523600.0
2021-03-31,175.98721814716725,178.2348273040041,175.69321431482464,177.17266845703125,3621300.0
2021-04-01,177.17265089191798,178.358101084255,175.124189486561,175.6742401123047,2340400.0
2021-04-05,176.00613428228368,176.30012357589678,173.64472707176202,175.34228515625,2864800.0
2021-04-06,175.15262950564252,176.04409031661012,173.06624017598045,173.3602294921875,2488400.0
2021-04-07,173.45505014159022,173.72058980218756,171.86181217800635,172.90501403808594,3406600.0
2021-04-08,173.50246212597398,174.4697933946433,173.04725336988128,173.18002319335938,2393200.0
2021-04-09,173.1041746828967,175.5793952197853,172.99037609709913,174.9629669189453,2611200.0
2021-04-12,173.95773927925106,174.4414123391703,171.5394318629792,172.43089294433594,2876100.0
2021-04-13,171.82391009293565,174.15688276938303,171.82391009293565,173.1042022705078,3089100.0
2021-04-14,173.16106513085077,174.94398672835484,172.64895705009246,173.54989624023438,2002100.0
2021-04-15,174.2990954234542,178.02615812014938,173.93872842765987,176.31910705566406,2586600.0
2021-04-16,177.703728750791,180.4729386400296,177.22954867789065,179.47715759277344,3731800.0
2021-04-19,179.46766188867343,181.02297179892224,178.35808236162026,179.8470001220703,2966400.0
2021-04-20,180.5772833539003,183.50771312932298,180.34967167850488,180.76695251464844,2460900.0
2021-04-21,181.66785569985527,183.0429749299436,179.99874715853463,181.08935546875,2219800.0
2021-04-22,180.1884217729905,181.39284317035728,177.10625140055777,177.39076232910156,2982600.0
2021-04-23,177.37180207268216,179.36336422514594,177.37180207268216,178.9745330810547,2482800.0
2021-04-26,178.8322479349402,178.9081039988278,176.4518551296644,177.5519561767578,2797500.0
2021-04-27,174.49826321472972,176.27169201999735,171.45402084256966,172.8007049560547,6838700.0
2021-04-28,172.07992816873136,172.60152909036745,169.35813945604758,171.22640991210938,4682800.0
2021-04-29,171.71009917571578,173.19903166761512,170.7048396575097,172.79122924804688,2432500.0
2021-04-30,172.44980465297223,174.45084513031938,171.83337634934387,173.331787109375,3103900.0
2021-05-03,173.54041892441774,176.72690942118146,173.47402677179738,176.31910705566406,3197000.0
2021-05-04,177.8459694841638,180.26429064813485,177.13469940480914,178.4813690185547,3703500.0
2021-05-05,178.9081206545712,183.57406491340967,178.45291187474288,182.85330200195312,4274400.0
2021-05-06,181.65841909733317,184.07674076632597,179.54357967157188,183.87757873535156,3101600.0
2021-05-07,184.75954479723504,186.1346642205126,183.88704066149367,185.32855224609375,2526700.0
2021-05-10,186.0397974031138,186.45707815868377,183.5076776954433,184.70260620117188,2242000.0
2021-05-11,183.40336017122084,185.64149059839212,183.0429787005696,184.69313049316406,1850200.0
2021-05-12,184.6931515323355,185.54666993593787,182.77745984971884,183.2231903076172,2397400.0
2021-05-13,183.12794291738274,186.8047906231488,182.65166738313727,185.6903076171875,2174300.0
2021-05-14,186.4237337290465,187.90971073331093,185.67121041613532,186.90000915527344,1823700.0
2021-05-17,187.157178661307,190.13866734107896,185.83313361975328,186.25225830078125,2466000.0
2021-05-18,185.747443488465,187.03339314191038,184.39482282364503,185.39500427246094,2369400.0
2021-05-19,184.42338390717032,188.0240252162207,183.94710844793326,187.18577575683594,3070500.0
2021-05-20,187.8049437020039,191.53894158066296,186.86191305453548,190.06248474121094,3494400.0
2021-05-21,190.51017547759673,192.3390714180089,190.0053246753629,190.3958740234375,2579000.0
2021-05-24,191.46275643315985,193.95843547285207,190.54830105190933,191.4818115234375,2074900.0
2021-05-25,191.87237234659858,192.27245662266037,189.6910365949992,189.76724243164062,2919100.0
2021-05-26,189.77676299007626,192.83445860016516,188.84326692570446,191.45326232910156,2891300.0
2021-05-27,191.12934971059536,191.82472239608103,186.22371794189266,189.74815368652344,9340300.0
2021-05-28,189.67193600720353,192.68200042604502,189.10993444839966,190.2625274658203,2386000.0
2021-06-01,190.8150283987494,191.35797492518395,187.34772871265614,189.0051727294922,3070200.0
2021-06-02,189.56720253098754,191.3865787484849,188.84326887651545,189.6815185546875,2030300.0
2021-06-03,189.5481061184841,193.97746192636362,189.18613213052237,193.08206176757812,3066600.0
2021-06-04,193.16784112678394,194.7490795226045,191.73901440316283,192.43438720703125,2817700.0
2021-06-07,192.4057974555703,222.25874474830442,192.25338579476164,211.961669921875,17231400.0
2021-06-08,211.19012859697878,211.72355493242623,207.05604542770595,210.22804260253906,4618500.0
2021-06-09,210.8471785122096,215.97189322362377,209.80888683220837,215.2765350341797,4934900.0
2021-06-10,216.20051777283754,224.6591759354312,215.51467983885559,222.45877075195312,5598200.0
2021-06-11,216.25765562810443,218.6961838993103,211.0472004167555,213.4571533203125,5636000.0
2021-06-14,213.5905153283607,215.90522191038085,212.43793671105973,215.37179565429688,2720700.0
2021-06-15,215.37176767495188,215.90519386173744,212.29501775475723,212.9141845703125,2188900.0
2021-06-16,212.92371117364797,213.71433020068775,209.7517147885754,210.28514099121094,2548800.0
2021-06-17,209.8184001644317,212.5141210757539,209.8184001644317,211.66635131835938,1890700.0
2021-06-18,209.97082457319073,210.5614161179594,207.96095577663104,208.18003845214844,4016600.0
2021-06-21,208.70390828676238,213.15231925161845,207.73230229770908,212.10450744628906,3671300.0
2021-06-22,212.06642984020203,212.99992573311752,210.04701187408295,210.93289184570312,1658800.0
2021-06-23,211.64729361506568,211.69492406855483,206.7035519592327,206.79881286621094,2419600.0
2021-06-24,223.77327349786722,228.01212243335692,219.48679410663115,221.91580200195312,12290500.0
2021-06-25,222.05868728716504,222.41114104528512,218.5056760818084,219.29629516601562,6992200.0
2021-06-28,218.1341781896532,218.9724277176671,216.114774728283,217.3911895751953,2507500.0
2021-06-29,217.4197655739838,220.42029540764474,217.03875098820217,218.4866180419922,1621200.0
2021-06-30,219.17246313089285,219.89641121636697,218.1913367322084,218.6295166015625,1786700.0
2021-07-01,218.61998910906,220.51557095584332,217.81032942684783,220.1631317138672,1977300.0
2021-07-02,220.96328945586203,223.09700924533522,220.35365730669497,222.85887145996094,1994000.0
2021-07-06,222.54451272175223,224.401984414539,222.16348357017034,224.24957275390625,3125400.0
2021-07-07,223.54467780398923,225.36405383337473,222.3825788722825,224.63059997558594,3141500.0
2021-07-08,222.734994931386,226.01177259186846,221.08708582396898,225.86888122558594,2431500.0
2021-07-09,225.9165200338048,227.15483924683292,221.70624633732905,223.8399658203125,4030100.0
2021-07-12,224.0114298161705,226.70715104546403,223.9923747253371,224.8115692138672,2928600.0
2021-07-13,224.78296630869363,225.42117369306365,222.92549488630718,224.13523864746094,1974000.0
2021-07-14,224.60201145957953,225.97368733241467,223.59230964618033,225.1354522705078,2103400.0
2021-07-15,223.85900844534686,224.79251890359495,219.74399562519753,220.4869842529297,3611200.0
2021-07-16,221.46810357859488,221.9824747141863,220.23931920565315,221.4300079345703,2229100.0
2021-07-19,220.8775286867837,223.18270034336237,219.62968921276723,223.03028869628906,2305600.0
2021-07-20,223.84949044202637,226.46900575570965,222.83978868304337,223.86854553222656,2297800.0
2021-07-21,225.1640123812877,226.1070285788746,222.50638692407475,226.03082275390625,1651500.0
2021-07-22,226.0212960754662,228.32646771007177,225.15447119262097,227.17388916015625,1703500.0
2021-07-23,227.92641907084146,232.9463672839722,227.24058113704547,232.56533813476562,2448100.0
2021-07-26,231.06033550711425,233.64174094028812,231.06033550711425,231.6699676513672,2678800.0
2021-07-27,232.14622093019034,232.479605074153,231.1460394287515,232.0223846435547,2116500.0
2021-07-28,231.8222995783447,236.6136292709446,231.1269415159879,234.8133087158203,1688000.0
2021-07-29,235.75638030775943,236.46127330362293,230.74596711434393,233.68934631347656,1924100.0
2021-07-30,233.27973256960848,234.27991402006157,231.11745227870264,231.9461669921875,1905100.0
2021-08-02,234.0703339248081,236.1278474040715,232.66056263039735,234.89906311035156,1958900.0
2021-08-03,233.1368724645057,247.06316434220716,231.94618363680138,243.8435516357422,5406200.0
2021-08-04,243.85306123967618,257.8079278756148,243.30057990363204,250.0160675048828,3892400.0
2021-08-05,250.78760936366277,252.91180841679613,248.93012340993,251.65443420410156,2262400.0
2021-08-06,251.00671850439898,251.7306374832391,248.3681336804275,250.94003295898438,2155200.0
2021-08-09,252.02589250461565,260.0844936705243,251.94970122679155,254.48348999023438,3238500.0
2021-08-10,254.09295685588208,258.2174895317705,253.54999585704326,256.66485595703125,2060200.0
2021-08-11,256.7982212876514,258.0841709549966,250.19704981670932,251.5687255859375,2813300.0
2021-08-12,251.52095247826716,252.80148872291795,249.8868098666667,251.77896118164062,2100900.0
2021-08-13,251.47319815679043,253.90049850621907,251.34896200092822,252.4861602783203,1482300.0
2021-08-16,253.12635470097675,258.267629992263,252.5434073647532,257.9618225097656,2623200.0
2021-08-17,259.1276773541867,263.6286698664648,255.32427350110044,260.60888671875,2096100.0
2021-08-18,259.93998433474246,262.56795731829726,256.1365802088073,256.6048278808594,2527400.0
2021-08-19,254.3400752262496,259.7871598280652,253.65202274142464,258.4014892578125,1901000.0
2021-08-20,257.42668648026665,260.76181383047395,257.12087898294004,258.8887939453125,1536800.0
2021-08-23,260.2171324513929,260.80007988926906,255.8212730684349,255.93594360351562,2438800.0
2021-08-24,254.3878221355988,255.57278983179387,250.16393957312553,251.11000061035156,3736000.0
2021-08-25,251.1195491262298,252.78233002724988,249.69567486792678,252.1611785888672,2388500.0
2021-08-26,252.28543767825374,253.80488056466115,249.01718167643,249.724365234375,1732900.0
2021-08-27,250.87108951799672,251.45403692055282,247.10591830610977,248.22401428222656,1839700.0
2021-08-30,249.44725483244613,252.35236838163289,248.09025198591488,250.6704559326172,1300700.0
2021-08-31,251.17690116808305,251.94141997389892,246.4178700283897,246.8288116455078,2733400.0
2021-09-01,247.06773041737407,247.2875058895502,243.1974394406977,245.97830200195312,2956800.0
2021-09-02,245.9878147472705,248.20487517135317,245.0895235265371,248.05197143554688,1469700.0
2021-09-03,249.25614298389206,249.40904678228117,245.38586583641558,248.0138397216797,1124500.0
2021-09-07,247.50729652168482,249.24654398294754,243.1209738010835,243.49366760253906,2403700.0
2021-09-08,243.3025802953231,244.36332658814965,242.42339083928238,243.53192138671875,1542400.0
2021-09-09,242.05070718039255,242.74832524732727,229.03507475394872,229.35043334960938,4976600.0
2021-09-10,231.45279365335543,233.06780517801724,227.9838785005924,228.8726043701172,4633500.0
2021-09-13,229.38863068041118,230.4493769193075,224.71561661861523,227.40093994140625,2832800.0
2021-09-14,228.12722316349308,229.14973622249636,221.6862934994526,222.74703979492188,3826000.0
2021-09-15,223.21527389621747,228.7579113636725,222.7183439570332,223.35861206054688,2802500.0
2021-09-16,223.6930769050887,224.27600971599156,219.53609535074975,220.7879638671875,2958700.0
2021-09-17,219.51700041004864,220.58729757348544,218.1026624935583,219.8896942138672,4480000.0
2021-09-20,217.9689261626025,222.40303419274406,217.20442176119008,221.3614044189453,2803400.0
2021-09-21,221.76273795109162,223.34908183194622,219.5456915067789,219.95660400390625,2172800.0
2021-09-22,219.79413333989223,220.7784276400518,217.48151855629456,218.16957092285156,2529600.0
2021-09-23,219.12518563669835,223.80775021539776,218.84804575271897,221.87738037109375,1912300.0
2021-09-24,222.44118007926232,224.94491679349517,221.07462662886073,221.3995361328125,1642500.0
2021-09-27,219.76549169752764,220.8071213878069,215.59895835470323,216.35389709472656,2785900.0
2021-09-28,216.34432156088354,216.3538725781837,210.42899013168312,211.76687622070312,3583300.0
2021-09-29,215.40778919999877,221.17021626545457,214.59550078071783,220.1381378173828,3971000.0
2021-09-30,222.45077645317568,226.63642595983336,220.55863971773977,220.79754638671875,3786100.0
2021-10-01,220.7497502726564,221.3995693781367,215.4460195900243,219.40231323242188,2215700.0
2021-10-04,217.6917457434888,219.97569276933774,214.270600713082,214.87265014648438,4784700.0
2021-10-05,216.392106884425,222.24053747642378,216.13408359898216,220.682861328125,2802000.0
2021-10-06,220.32928790053884,220.60642780713286,216.01941676656654,217.7395477294922,2462700.0
2021-10-07,218.95316607603178,223.7217481498322,218.83849554800375,222.8330078125,2001800.0
2021-10-08,223.06239617467634,225.3463435437665,221.27537880278481,223.559326171875,2563000.0
2021-10-11,226.19683246681035,227.42959905100363,223.23439850485897,223.30128479003906,1892300.0
2021-10-12,224.28557660366053,224.6391683872324,221.6862708939012,222.45077514648438,1719200.0
2021-10-13,223.68353379554662,227.3626875968967,222.4698838843642,225.9483642578125,2105700.0
2021-10-14,226.493094618453,227.85964847667196,223.72178282902368,226.1873016357422,1824700.0
2021-10-15,226.88491392146116,228.68149697806334,225.3559197849917,227.3245086669922,2598300.0
2021-10-18,227.3914074094109,231.89241631594598,226.1968738397232,228.37570190429688,2546000.0
2021-10-19,228.4521353331828,231.78727803953396,228.4521353331828,231.55792236328125,1573200.0
2021-10-20,232.91485497116565,234.98856283506186,232.25547031852918,232.90530395507812,1537500.0
2021-10-21,234.0807893733669,234.0807893733669,229.18798466403567,230.46852111816406,1717700.0
2021-10-22,230.26779860345025,233.21111578457055,228.92991257578134,232.93399047851562,1960700.0
2021-10-25,233.80362149450673,235.34218099615876,229.84732771621654,234.1763153076172,2763100.0
2021-10-26,233.65072212077268,237.87459027597336,226.56952495688955,237.4158935546875,4533000.0
2021-10-27,237.57834704213673,243.16876889502893,237.3012217237521,239.06912231445312,3181300.0
2021-10-28,239.0595806959506,245.35715720003424,238.98312880953043,242.1080322265625,3386500.0
2021-10-29,242.51893428553814,245.0895723517897,240.59812993506776,243.4554443359375,3152000.0
2021-11-01,243.78989033758276,245.09910862977668,237.0431692114987,238.24725341796875,2735800.0
2021-11-02,240.10121281973503,247.79399623177824,238.33329755932502,245.45272827148438,3987800.0
2021-11-03,246.3318698623216,254.9516408675864,246.32233342698788,254.44515991210938,4382900.0
2021-11-04,253.69980426756769,259.0799584614175,253.4991016491038,258.974853515625,4133400.0
2021-11-05,257.05403026915945,257.53184364438056,247.0868502612665,253.2410888671875,3745700.0
2021-11-08,252.27591250461376,255.066355624648,247.65068223896503,248.96945190429688,2386100.0
2021-11-09,248.9694056775683,250.52708175643377,246.924379846701,250.39328002929688,1963800.0
2021-11-10,250.37419602352432,254.19670283304376,249.99195117525488,252.90660095214844,2215100.0
2021-11-11,250.68001536561155,252.59126886032328,250.32643813523612,250.97625732421875,1739400.0
2021-11-12,250.97624186361085,251.6856924286091,248.24385656112733,248.93414306640625,1964000.0
2021-11-15,248.68488206182667,248.89577448356403,246.54690454606447,247.7644805908203,1903200.0
2021-11-16,246.3551878161456,249.60529570526148,245.42523341945835,247.08383178710938,2565700.0
2021-11-17,246.21134211714752,253.6318997344353,245.50189158760776,250.40098571777344,2873600.0
2021-11-18,251.1871615264325,252.91286314665405,249.0971379677382,250.5447998046875,1689200.0
2021-11-19,255.434328474503,259.6239722791853,249.55731115726695,249.94082641601562,2786800.0
2021-11-22,251.39809648865787,253.09503748008296,248.43562530458982,249.69155883789062,1995400.0
2021-11-23,248.76159142732274,251.9158202691691,248.55066972723952,251.14881896972656,1986200.0
2021-11-24,251.92537559248606,254.00583177347815,249.31762981561957,251.18716430664062,2518500.0
2021-11-26,250.9953964660032,254.90702960123173,248.33972601867356,249.62442016601562,1495500.0
2021-11-29,249.2888900265178,251.49398592645935,243.99671253125422,244.31309509277344,4041700.0
2021-11-30,242.81741887431244,243.5172872967871,236.30763752950386,237.80325317382812,8265900.0
2021-12-01,239.14551621632813,244.76367231508664,237.659482395283,238.8483123779297,3241400.0
2021-12-02,236.34601430329656,239.6632103756582,235.00378414711298,237.64988708496094,3817700.0
2021-12-03,241.7244905533718,243.01876669216344,233.04798504102948,235.44480895996094,4169700.0
2021-12-06,235.77075102196594,236.74865918378416,231.56192920678228,236.16383361816406,3491200.0
2021-12-07,234.16011162913907,235.31058416858914,231.48524798013935,234.99420166015625,4035800.0
2021-12-08,236.43230069265812,237.93749851586097,229.5869721234164,234.23681640625,3636200.0
2021-12-09,234.39980315628583,235.76119742110117,232.73160840016146,232.8754119873047,2291100.0
2021-12-10,231.24555711593732,234.49564960101375,231.24555711593732,234.06422424316406,2380800.0
2021-12-13,235.37767359377332,240.35348202494575,235.32974882215373,238.27304077148438,3016700.0
2021-12-14,237.51569660254145,239.69200244700576,236.22140568066996,239.0880126953125,3424000.0
2021-12-15,251.25425831415836,264.16834642654425,246.59481752173951,263.9190673828125,10016700.0
2021-12-16,264.2930115897157,272.18333776761415,260.82238573111107,267.52392578125,5546400.0
2021-12-17,265.251701161318,265.251701161318,254.37968298572417,256.3834533691406,7582900.0
2021-12-20,258.1188209363926,258.86662897052054,249.60529608132967,252.6061248779297,3479400.0
2021-12-21,253.1046316944998,254.97416624548626,249.8161959637481,253.9483184814453,2702500.0
2021-12-22,253.81406089448234,255.55895576060627,252.00207719358826,255.50143432617188,2721000.0
2021-12-23,257.9461683754965,263.9094672231659,255.67398407040903,261.82904052734375,2632200.0
2021-12-27,263.68897752989136,268.73187495082925,263.3821770590372,266.9198913574219,1677100.0
2021-12-28,267.81154382731967,267.86906526715467,264.5039440043755,265.0216369628906,1033900.0
2021-12-29,264.43677138497355,267.8306526679371,264.36005664227173,266.9294738769531,1112300.0
2021-12-30,267.66773818841756,269.0674753105847,264.9641135043395,265.80780029296875,1181500.0
2021-12-31,266.018724596018,267.22673335139865,264.6189874601392,264.8203125,1315700.0
2022-01-03,263.08498268730006,263.08498268730006,256.0383145531603,260.5155944824219,2621300.0
2022-01-04,257.8982498229978,258.74193651115036,252.70192277084226,255.7986297607422,2340500.0
2022-01-05,257.0928897105518,257.6777006240835,249.67233321997887,249.892822265625,3004200.0
2022-01-06,249.36557511280571,250.51603307933198,244.9170703485949,248.62733459472656,2863200.0
2022-01-07,249.02036890014287,250.46805967944664,246.1154199428928,248.790283203125,2245100.0
2022-01-10,247.5343929176842,249.42309136302586,245.32931195505128,249.37513732910156,2576700.0
2022-01-11,250.79407437353285,251.5802396731849,246.45103042433107,251.49395751953125,2294000.0
2022-01-12,242.4626954298564,246.81533574477433,240.6123544349043,245.35806274414062,6562800.0
2022-01-13,243.58444703196128,244.95542339732754,238.2922553148743,239.36602783203125,3726500.0
2022-01-14,239.82621300762227,240.20011698114536,232.87542313462802,234.04507446289062,2894300.0
2022-01-18,232.73161776694388,238.26349183018596,232.09885269994155,236.8733367919922,3241200.0
2022-01-19,236.16386400122013,240.07548252268134,234.6298907903932,234.9366912841797,2487600.0
2022-01-20,235.44483201032637,237.7170166266266,232.49194289762474,233.095947265625,2655400.0
2022-01-21,236.69116259903015,237.6498921758194,232.12760045091972,233.02880859375,2788600.0
2022-01-24,232.53984018950985,233.69989467746834,223.07717019725828,230.49774169921875,3712800.0
2022-01-25,227.0367353136466,231.56193981883104,225.41648008403354,229.57737731933594,2525100.0
2022-01-26,229.74035128148788,232.4247821375282,226.17387642526174,228.04339599609375,2913200.0
2022-01-27,230.0759231711639,233.23015171808547,226.0300831264835,226.95046997070312,2178500.0
2022-01-28,227.68870144685616,235.09967727187367,225.34939884649077,234.98463439941406,3081100.0
2022-01-31,233.23014752091728,235.3585283451364,231.9358567446305,235.2626495361328,3237100.0
2022-02-01,236.85413772394978,238.57025717783145,233.22054454530164,238.0333709716797,2449400.0
2022-02-02,235.2243152565235,241.48481842862444,233.95878515157642,240.4781494140625,2586700.0
2022-02-03,237.28557368460025,237.87998134950323,231.14971015609424,234.7065887451172,3473600.0
2022-02-04,232.70286401940288,234.0259156302144,231.2647695308003,232.2714385986328,3569300.0
2022-02-07,232.40564503638038,233.95878230166642,230.38272500227387,233.49859619140625,3948300.0
2022-02-08,231.91666671732438,232.86581421546242,227.66950193488543,230.00880432128906,2615000.0
2022-02-09,231.30312276830793,234.37106951967894,231.11137975361083,233.2301788330078,1759900.0
2022-02-10,229.99920337073965,234.01628235432946,228.2830839863133,229.74993896484375,2283100.0
2022-02-11,229.35685132603362,230.69908138671065,225.15762611620318,226.01089477539062,2054300.0
2022-02-14,225.27927036085094,228.0519430045932,223.22864666057296,225.9435577392578,2572000.0
2022-02-15,227.830488542766,235.66712528695555,227.830488542766,234.75253295898438,3409600.0
2022-02-16,233.5394779870826,237.8140094595885,233.5394779870826,236.42767333984375,2459000.0
2022-02-17,236.42766539950625,236.43728742858198,231.45034400489058,231.98947143554688,2059100.0
2022-02-18,229.1494156932776,233.39505155453156,229.1494156932776,231.35406494140625,2517900.0
2022-02-22,230.29505313462948,231.88355454091555,228.66803423442582,230.21803283691406,2936700.0
2022-02-23,231.58509775944773,233.6357061529132,229.14938789787402,229.42857360839844,2296300.0
2022-02-24,226.41525360831596,234.83915670709678,225.27923715596714,234.02084350585938,3272300.0
2022-02-25,234.75246298198442,243.47480867355608,234.6465619214637,241.501220703125,2442200.0
2022-02-28,236.96680557961986,240.74071248738105,235.47456834583218,240.6348114013672,3188800.0
2022-03-01,238.3339121020203,241.0103056681975,236.29292512957178,240.2016143798828,2873200.0
2022-03-02,240.56744231867424,246.92147848237212,239.7779951407682,244.6975555419922,2452000.0
2022-03-03,245.33294088777754,249.90590214571424,244.90933655480123,249.00096130371094,3153700.0
2022-03-04,246.66153566209766,253.6413420443314,245.99726298059545,253.07333374023438,3497100.0
2022-03-07,250.17546936149205,253.8049870206132,248.25000577753138,251.88916015625,3074800.0
2022-03-08,250.2428741455078,255.4127393020406,249.26089826903993,250.2428741455078,3482600.0
2022-03-09,253.48728063077135,257.80996655236453,252.30313927601537,252.99630737304688,2965900.0
2022-03-10,253.04435569984796,257.7521270562513,253.04435569984796,256.1058349609375,2797200.0
2022-03-11,255.1913468704087,261.59350800608235,255.1913468704087,256.37548828125,2469600.0
2022-03-14,258.9652167959727,260.80403805474253,257.35747114715747,258.974853515625,2713800.0
2022-03-15,259.81236479651733,266.176035769121,259.81236479651733,265.19403076171875,4396900.0
2022-03-16,267.4949978922855,268.2266539761034,262.83538017854545,266.1375427246094,3148600.0
2022-03-17,266.68628828600504,275.23534954253705,266.1471609437225,274.8695068359375,3270100.0
2022-03-18,275.18726161825657,280.4919233811955,274.2437738518887,276.9201965332031,4557900.0
2022-03-21,277.03567135408474,284.3235276773822,277.03567135408474,278.8456115722656,3495700.0
2022-03-22,278.8744918194554,279.7313077158744,272.8285381928466,274.39776611328125,3791600.0
2022-03-23,273.82013269099826,277.43998350320976,272.7900028349206,273.59869384765625,3149200.0
2022-03-24,275.62047369776235,278.08506456263706,274.05121628562335,276.9682922363281,2412400.0
2022-03-25,277.74807786871526,280.78067665570563,275.89962019441595,278.2486877441406,2399800.0
2022-03-28,280.47268727562886,281.5509717436865,277.56524735098066,280.7904052734375,2195000.0
2022-03-29,281.1465400602914,282.2151875359802,276.86237219924084,277.6422119140625,2798100.0
2022-03-30,279.7505921374171,281.39688466107515,277.25712031334,279.0863342285156,2220100.0
2022-03-31,278.58573609614484,280.92516765336836,275.26432853941014,275.6975402832031,3227600.0
2022-04-01,275.48569575762775,282.21521094646494,273.4158282857385,281.7627258300781,3066200.0
2022-04-04,281.8396852800288,283.986587396366,280.10678009444996,280.55926513671875,3014100.0
2022-04-05,280.8481235902563,284.804937209959,278.3257709596561,281.58941650390625,2324200.0
2022-04-06,285.0552297980422,295.13503202326643,283.7844168837454,294.4418640136719,4672900.0
2022-04-07,293.63317054916604,302.2977559096332,293.63317054916604,296.9353332519531,4270800.0
2022-04-08,296.5213701373227,300.738139777127,296.47324530335766,300.0738525390625,3024700.0
2022-04-11,301.421735756103,302.0667790750522,296.5695586134119,297.4456481933594,2178100.0
2022-04-12,295.15429102711136,298.0713670943242,292.84374067153794,296.598388671875,2688100.0
2022-04-13,295.828162671318,296.81013831912514,289.21420132937516,291.3899841308594,2528700.0
2022-04-14,292.4297761285924,293.1229441805513,289.002453366196,290.6101989746094,1898100.0
2022-04-18,289.849648586659,290.802743596315,285.73876530210066,287.6835021972656,1581400.0
2022-04-19,287.288797636942,288.52109315575217,282.85058879715973,285.94097900390625,2021700.0
2022-04-20,285.95056398640276,287.85678336281563,281.4064691072718,282.0033874511719,2608600.0
2022-04-21,282.003442091244,282.5136888248723,275.97673097385365,278.8167724609375,2716800.0
2022-04-22,278.51824444423886,278.8263256122702,268.0244757176592,268.3421936035156,2772600.0
2022-04-25,268.36147443767726,275.29315476717744,266.5130165563968,274.57110595703125,2410200.0
2022-04-26,275.5145244375916,279.3943316413746,272.2508795652443,272.28936767578125,2166600.0
2022-04-27,272.5494133528935,277.3919537517159,270.1329468238148,274.4652404785156,2352100.0
2022-04-28,284.9589582105961,289.31052447706566,277.80586843642345,286.1912536621094,5886900.0
2022-04-29,284.766399169036,286.22974068056675,278.3642396582615,281.2427978515625,3910900.0
2022-05-02,280.37639074480364,281.92637482952864,273.6853930291485,278.76861572265625,2789900.0
2022-05-03,277.87326438214717,279.0092807741349,273.5216981521239,277.3341369628906,2109500.0
2022-05-04,277.74809932607786,285.91207483289554,273.53132972039293,283.9095764160156,2743600.0
2022-05-05,282.48479354561294,283.99626022750135,277.55558177341993,281.4739074707031,3120200.0
2022-05-06,279.355886575485,287.13474623692764,277.7673556738368,285.8350524902344,2931200.0
2022-05-09,282.5714186430917,283.93848133949587,275.9670632495394,278.450927734375,3460500.0
2022-05-10,281.11759532176336,282.4942943023913,274.37847488596765,275.0523986816406,3140800.0
2022-05-11,273.09814523003917,283.5245177958706,272.45310199059895,276.0055847167969,2625200.0
2022-05-12,272.77083011716167,281.1080923191233,272.77083011716167,280.9251708984375,2370000.0
2022-05-13,282.6735871713804,282.83778659785736,276.76181823319683,281.7076110839844,2337700.0
2022-05-16,282.171214307333,298.9115936556211,281.67858662971446,289.1938781738281,5118300.0
2022-05-17,289.79278118521404,293.0770934761306,283.40769438980465,291.1451416015625,2553000.0
2022-05-18,289.7927649800171,292.3043081723595,284.025887777745,285.14642333984375,2161400.0
2022-05-19,283.5912512129492,283.5912512129492,274.69461956274216,276.52996826171875,3157400.0
2022-05-20,280.838254751517,289.0586916850316,279.08984029050055,288.6819763183594,3129100.0
2022-05-23,290.37233911996003,294.5453617622709,289.1648693377573,292.3042907714844,2873600.0
2022-05-24,293.3765722399146,297.20185854928667,289.59960241966144,295.5500183105469,2804900.0
2022-05-25,296.55460082718827,299.8582513707889,294.27491185686046,296.56427001953125,3195700.0
2022-05-26,294.8448369502134,303.22950075489547,293.279931217012,302.7947998046875,3284200.0
2022-05-27,302.0123715392573,313.05346945091105,300.66968031278066,312.4739074707031,3694300.0
2022-05-31,305.8570092495296,307.62473249536384,298.5155851859454,302.7755432128906,6298900.0
2022-06-01,302.77550716833133,303.2198478556066,295.1925899887963,300.49578857421875,2731500.0
2022-06-02,300.0031961039893,300.0997996071514,288.02509869314775,292.14013671875,3703300.0
2022-06-03,291.87931491363156,295.40512145663166,290.4689981922812,291.38665771484375,2490000.0
2022-06-06,304.40803973000925,304.40803973000925,292.7776797430091,293.0384826660156,3734400.0
2022-06-07,293.6470290826398,301.52939662650016,292.7100312017346,301.4811096191406,3652800.0
2022-06-08,301.7999201827682,304.7654740256453,300.2350435431204,302.8238525390625,2684500.0
2022-06-09,300.99812591240203,301.3072453057954,292.7969696696568,292.9322204589844,1963300.0
2022-06-10,289.0490089134665,291.39632351699277,286.76929022566975,286.904541015625,2469800.0
2022-06-13,280.5483908568931,283.1855158389916,278.69373352293655,281.3694763183594,2898800.0
2022-06-14,279.3313027407174,282.0650019462446,277.51526308000007,280.89617919921875,2422600.0
2022-06-15,281.678609947056,286.2573267935412,278.71305652622976,283.02130126953125,1970100.0
2022-06-16,280.32624082682145,280.32624082682145,273.4774451957005,278.2687072753906,2628600.0
2022-06-17,280.14273800703546,290.7491367112225,279.823949385868,281.00244140625,6900000.0
2022-06-21,282.43209447494013,289.09732361340144,280.43251688962647,287.22332763671875,2821300.0
2022-06-22,286.8562306993706,299.1144687538335,286.34426458784355,296.25518798828125,4535700.0
2022-06-23,298.96954297506767,302.5339964273588,296.73814099003926,302.0799865722656,3729300.0
2022-06-24,308.6775957077421,314.73428363727123,308.1559899321742,314.54107666015625,5449900.0
2022-06-27,313.19843320700835,319.59319010268814,311.04429594862285,316.1349792480469,3218900.0
2022-06-28,315.4104426179998,317.8736988689974,305.9825378092683,306.8132629394531,2742900.0
2022-06-29,307.3349034549703,313.65239425083683,306.8422463004717,312.0102233886719,2562500.0
2022-06-30,311.1698696921905,315.92245534964286,309.12200518294276,313.19842529296875,2732900.0
2022-07-01,312.8603012572092,314.3285741161561,306.9485330492622,313.66204833984375,1817800.0
2022-07-05,311.46931765759183,316.28952867871436,308.07873231336373,316.04803466796875,2107700.0
2022-07-06,316.84008890445915,321.4188051461227,315.63261905345126,318.91693115234375,2252500.0
2022-07-07,316.11567506331966,319.2550973519546,315.14002978026053,316.7918701171875,2395000.0
2022-07-08,315.439435513881,323.13826503488355,315.06272022159425,319.22607421875,1898200.0
2022-07-11,319.36132437669886,321.3609018541577,318.22147972472453,319.8056945800781,1342600.0
2022-07-12,318.7720482407666,320.69433085589037,312.3579540897632,312.58013916015625,2058200.0
2022-07-13,311.05391495000293,313.63305414402424,309.91404096194464,311.48858642578125,2564200.0
2022-07-14,306.7359728893121,316.6082470374651,304.77504313628646,315.7678527832031,2615700.0
2022-07-15,320.67503333352397,323.92069833533276,317.00433656063365,320.317626953125,3340300.0
2022-07-18,318.88795659199644,320.6750178871579,308.8321440237609,310.8220520019531,2116300.0
2022-07-19,313.06312440841447,316.24119335852725,310.8896786437246,315.1013488769531,1628100.0
2022-07-20,315.9610782648195,316.66625133941,309.4117623305961,311.0732421875,2051000.0
2022-07-21,310.5129852997872,316.88840307633177,308.8321670771873,315.796875,1692100.0
2022-07-22,315.8258607280628,318.0186156059314,314.74394286010033,317.5646057128906,1850800.0
2022-07-25,317.564566471807,320.96479091321305,316.89804076482704,320.269287109375,1741700.0
2022-07-26,319.72837831881634,321.2546368666777,317.4293507831689,320.27899169921875,1812300.0
2022-07-27,317.78687728465394,319.61255706763717,314.1258190435715,317.74822998046875,1643000.0
2022-07-28,319.0038861522383,322.2399114588547,310.7930906323813,319.5448303222656,2350900.0
2022-07-29,319.7960387632377,319.7960387632377,315.7003096164145,318.47265625,3399900.0
2022-08-01,316.36684989190286,319.18748366638016,312.45462890107217,313.12115478515625,2464300.0
2022-08-02,316.0577674938482,317.7868732130984,308.4941570461302,309.30560302734375,3405700.0
2022-08-03,309.72087587624924,310.0589733571214,299.6650626242054,303.1522216796875,5152200.0
2022-08-04,299.6457608326043,299.69404783991257,291.95657080559386,295.38580322265625,4696300.0
2022-08-05,292.18843733276907,294.9318056938491,290.09225639713196,291.0679016113281,2814300.0
2022-08-08,290.4206717003137,295.70456147569513,286.4408553902306,292.2077331542969,3218900.0
2022-08-09,294.70962999170376,296.26486676370763,291.04857250261364,292.7100524902344,2122900.0
2022-08-10,294.139636936881,296.6801580579736,292.2946195847596,294.2458801269531,2351000.0
2022-08-11,290.78775336069583,295.02840213994125,289.43539285998753,290.9230041503906,2198800.0
2022-08-12,293.5687748987324,298.96680472461554,291.99875997789206,298.5694580078125,2305100.0
2022-08-15,299.6645717672842,304.89786597915975,297.82323134141006,304.2485656738281,2795800.0
2022-08-16,304.23883508870057,304.665254460321,300.0715898188943,300.7305908203125,2248000.0
2022-08-17,300.4398722236764,310.70295098365085,300.4398722236764,307.0396423339844,2747200.0
2022-08-18,306.9717912099316,309.1135592778842,304.50052263733147,306.9427185058594,2261600.0
2022-08-19,307.70830730521374,315.6939246692227,307.69860654636443,312.805908203125,3393100.0
2022-08-22,312.33106961180994,315.7133222708823,310.49943014495955,313.1257629394531,2488000.0
2022-08-23,311.32318204105184,311.90466571391045,304.1807016486331,305.37274169921875,2962000.0
2022-08-24,306.7004316515203,310.9548950214589,305.48901970698967,309.0263366699219,1827000.0
2022-08-25,310.70292305695796,313.38740111996094,306.08015642195164,313.1645202636719,1977900.0
2022-08-26,313.60065219590734,314.56978182211634,305.5374866077312,305.81854248046875,1858000.0
2022-08-29,303.6670258768148,305.149792789224,300.1200084524178,300.57550048828125,1697000.0
2022-08-30,300.5658615624282,302.3393556772208,296.56335167260727,297.5615539550781,1980300.0
2022-08-31,297.6584985719714,299.28662930595385,291.81461831785566,291.9309387207031,3183500.0
2022-09-01,291.7079483713626,299.8583301456801,291.2233836730713,299.58697509765625,2939200.0
2022-09-02,300.5366951766146,300.64331478672176,290.5062298427429,292.0277404785156,2525400.0
2022-09-06,293.5977709784542,303.17274484897763,292.8999966098044,297.3482971191406,2322200.0
2022-09-07,299.23812073491354,302.7560657361788,295.4682221617868,301.98077392578125,2228100.0
2022-09-08,302.3200080452425,305.98331696221607,298.09458736546645,305.7604064941406,2212500.0
2022-09-09,306.68104417152534,310.28620711883536,305.48900423131903,307.8924560546875,2177000.0
2022-09-12,309.0457320839663,310.55757179483436,305.1595131785306,305.489013671875,2077400.0
2022-09-13,300.4398862766231,302.66887259703117,295.5748366022096,297.01885986328125,2272400.0
2022-09-14,297.72628005927754,302.18428189366756,296.4567227178657,300.05218505859375,2002900.0
2022-09-15,300.1490549780264,302.6397246074651,296.31131087626676,299.9164733886719,2348100.0
2022-09-16,298.4627885554667,302.3296054757525,297.2707487221121,299.3544006347656,4380200.0
2022-09-19,297.01876533111437,297.05750920965903,288.4613368533563,295.6716613769531,2515300.0
2022-09-20,294.44091276610385,294.44091276610385,289.71155637956076,292.4154357910156,1816800.0
2022-09-21,291.7079691863877,295.1289950174147,287.17245038486175,287.3275146484375,2241200.0
2022-09-22,291.51420274292644,302.95962216581194,290.7001373417147,301.2733459472656,5918300.0
2022-09-23,302.2424700107693,305.45028690082654,295.70084463957545,301.8451232910156,4572600.0
2022-09-26,299.2671807511066,302.1067526917632,295.46820963553296,298.00732421875,3760000.0
2022-09-27,299.60637099807616,304.2582102189716,298.8020065477993,301.4961853027344,3019600.0
2022-09-28,323.2337292079905,331.15152945861627,317.97136363791094,324.0574951171875,9436300.0
2022-09-29,323.66019342498356,324.3482671167545,317.16701368144004,319.82244873046875,3743100.0
2022-09-30,317.0507224059792,319.3378834946551,312.4667586200655,313.3680419921875,4474100.0
2022-10-03,315.92656471524737,319.1828557141309,307.2625432898387,311.6236267089844,3340500.0
2022-10-04,312.2341662750959,319.90968569192313,311.84652035162725,319.7061767578125,2622500.0
2022-10-05,318.1651692944578,323.54385519461096,317.40924954760436,321.5377502441406,2186100.0
2022-10-06,317.8163734975387,328.78692801655194,316.7793976944426,322.6717224121094,4299200.0
2022-10-07,322.6910407705752,322.7879596326606,314.87015885048834,316.5758361816406,2601600.0
2022-10-10,316.1591783028604,316.91509825147017,310.3540715524764,313.89141845703125,1956200.0
2022-10-11,310.1213967995855,318.8726337825046,309.5689859634208,317.4867858886719,2598900.0
2022-10-12,317.2736361855766,323.35006780492176,313.8816827672638,314.5503845214844,1764700.0
2022-10-13,309.26864797062944,323.07874542930824,309.2492760248813,321.84796142578125,2657400.0
2022-10-14,321.3246170662689,324.9394812255771,318.09742841851903,321.1598815917969,2231400.0
2022-10-17,322.51662153073164,327.15873064133854,321.50871854789307,322.487548828125,2230000.0
2022-10-18,323.8249595687392,324.9781965150146,320.17132226473393,324.6874694824219,2087100.0
2022-10-19,324.9006678992695,325.26894184477516,315.9071472385746,319.1246643066406,2419000.0
2022-10-20,320.9272142486318,321.2082700727161,315.83928459180083,318.91143798828125,1761200.0
2022-10-21,318.9115058446643,331.85906396815994,316.682489870674,330.25030517578125,3274700.0
2022-10-24,333.5937666916994,340.91068278431754,333.5937666916994,337.16015625,3375900.0
2022-10-25,335.82279599363494,341.45343689950823,332.4599149218828,340.4649353027344,2513100.0
2022-10-26,341.6181329050559,350.32092605857736,339.62172859369207,346.8126525878906,2373500.0
2022-10-27,347.90778298855713,349.97203351557124,344.35109435485805,345.32989501953125,2347600.0
2022-10-28,349.19672022176854,350.8248505516271,346.0179769025521,348.7896728515625,2942100.0
2022-10-31,347.57827118475143,352.6856023124649,339.6410986264703,350.9120788574219,4258200.0
2022-11-01,335.1540842777763,347.90783365672087,330.2309188095461,341.6957092285156,7013000.0
2022-11-02,343.22690549981553,351.9393701957498,339.39883216435413,344.002197265625,3774400.0
2022-11-03,343.12994827830863,351.6292023522303,340.6586801724931,350.51470947265625,2602500.0
2022-11-04,353.9261141913469,354.5851151699159,342.4322226510776,346.3765869140625,3004600.0
2022-11-07,346.94832734718347,355.670492001163,346.4637626441846,353.8000793457031,2560300.0
2022-11-08,353.87757810999307,357.366449703551,350.7569804034608,355.3409729003906,3278600.0
2022-11-09,357.0661385122286,358.38414066915465,350.7377229407302,352.05572509765625,2323700.0
2022-11-10,355.90314093944943,357.6088184809129,351.79404094463786,357.33746337890625,2994000.0
2022-11-11,354.8564034310413,356.4748328699819,333.8844302730286,341.42425537109375,6646300.0
2022-11-14,348.95611084785764,350.6373630936701,330.53986213479214,346.0308837890625,4717400.0
2022-11-15,346.88602832221557,346.93460810270784,336.60401990966864,340.0929260253906,4180700.0
2022-11-16,340.141550098964,346.8277658861877,340.10266847471564,342.989013671875,3563800.0
2022-11-17,342.96956172866845,352.0950574884412,342.775183280129,350.608154296875,2929700.0
2022-11-18,352.3380372361236,354.3983480793008,349.22818947549627,351.48284912109375,2420900.0
2022-11-21,350.23895011732327,353.51402296554204,345.36032890494425,350.9969787597656,1999200.0
2022-11-22,351.80353607463854,352.5809905895086,347.2359092403083,350.715087890625,2460400.0
2022-11-23,351.1621318210738,352.2603078537253,348.5284727016105,351.53143310546875,1993000.0
2022-11-25,352.6782224396477,355.52568627551227,351.3662418365111,354.9620361328125,1039100.0
2022-11-28,353.2126555205442,359.1019601242806,350.83165321310634,355.46728515625,2481300.0
2022-11-29,354.3497198561236,355.7977414380708,350.4818437576635,353.6986083984375,2207000.0
2022-11-30,354.78702088216033,361.8619627484163,351.60910852441265,360.6277160644531,5556400.0
2022-12-01,364.2332608331046,364.621988061441,358.11069576935716,359.89886474609375,2516100.0
2022-12-02,355.76856957856126,364.4762135840473,354.7190031120176,364.2041015625,1925600.0
2022-12-05,363.2323087742046,364.68033044250035,357.9066532983281,358.8882141113281,2296500.0
2022-12-06,356.6627011923087,360.20018745086804,355.2243777149842,358.1593322753906,1971000.0
2022-12-07,358.9173548936832,364.67058939219703,358.3731308102559,361.4927062988281,1629100.0
2022-12-08,362.74637515891766,362.74637515891766,356.17677494897526,361.3177795410156,2090900.0
2022-12-09,362.4937465127839,363.46557961335435,350.6470986441905,350.822021484375,2787200.0
2022-12-12,352.707374635919,357.46935082372045,352.2894935270326,356.90570068359375,2639200.0
2022-12-13,351.4439007591793,362.2409489482414,348.22713655878476,348.55755615234375,5032600.0
2022-12-14,348.89777087382305,359.0242540107981,347.00268468206446,353.26129150390625,5095500.0
2022-12-15,350.5012838900448,353.7180486606872,346.64310579773513,349.8695983886719,3437100.0
2022-12-16,347.8481014977646,350.32629289345397,345.16586317951345,349.73345947265625,6612200.0
2022-12-19,347.7315463803821,349.5683248965417,344.621669069017,347.702392578125,2658400.0
2022-12-20,348.4020755668968,351.26899432806107,346.3029130589163,349.5099792480469,2276000.0
2022-12-21,352.4157905291505,360.23903398283517,351.0357746783973,357.6442565917969,2211200.0
2022-12-22,356.97368791829956,359.3449626996093,352.0853693441216,355.0202941894531,1958100.0
2022-12-23,354.5440906735374,357.5373229980469,352.26027739487654,357.5373229980469,1030300.0
2022-12-27,359.0922805449271,359.31581280373894,354.06789106667804,354.6024169921875,1372100.0
2022-12-28,355.8561145722278,357.64428379313017,353.688916232802,354.932861328125,996000.0
2022-12-29,357.7316945235754,360.50142420547735,356.13787434019827,356.6820983886719,1077900.0
2022-12-30,357.1388270301044,357.58589147291474,351.91036180840274,355.5353088378906,1388000.0
2023-01-03,355.94359759329205,358.6064107735189,351.27878095916634,354.7093505859375,2006700.0
2023-01-04,354.36912838308683,356.7792547592755,350.1902295252395,352.87249755859375,1886200.0
2023-01-05,350.7831224776784,351.3078909278657,343.01815687788786,348.810302734375,2008500.0
2023-01-06,349.85988013942534,356.371173105216,347.5080312289727,352.7170715332031,2131300.0
2023-01-09,353.74720473611757,354.68988391308005,338.96563341388094,339.976318359375,2980600.0
2023-01-10,339.1696830116883,343.2610912274498,333.66910522394437,342.8140563964844,2465200.0
2023-01-11,344.35923792753863,351.5702505024504,341.1133198672471,350.2582702636719,2602800.0
2023-01-12,349.130920641379,350.3457115969858,343.13469943499194,349.00457763671875,2019700.0
2023-01-13,349.44198888956726,353.07663471459887,348.538191343448,351.4342346191406,1690900.0
2023-01-17,351.43429150607653,351.80359284052514,346.50709042213197,347.66357421875,2435200.0
2023-01-18,346.28350710716654,348.8880121692318,341.6769989796183,342.09490966796875,2302300.0
2023-01-19,342.4447738914428,345.77815381193403,340.54971742241753,341.19110107421875,2658300.0
2023-01-20,337.225971431096,339.23767238435005,331.9586247644179,336.3221740722656,5391900.0
2023-01-23,336.8469816085645,336.8469816085645,330.6369849034107,332.5709228515625,3403100.0
2023-01-24,336.2542716149797,336.8665312478814,331.7449515401439,336.63330078125,2242500.0
2023-01-25,335.81692639998744,339.92779121911155,335.3796192860339,339.87921142578125,2503300.0
2023-01-26,341.113351477324,342.2601071934335,336.96363562768016,338.20758056640625,2576200.0
2023-01-27,336.36104928791906,338.2852889838251,331.91006793987435,332.4640197753906,2363600.0
2023-01-30,334.63122579207567,338.0034873065116,329.8984040826198,330.90911865234375,2647700.0
2023-01-31,331.0840373555459,334.69925706200536,329.82066640256295,334.456298828125,2406700.0
2023-02-01,333.1345807739723,336.19584822631225,328.01300282989536,332.9207763671875,2990900.0
2023-02-02,324.592260808916,325.8556319967715,308.07109783361193,321.3852233886719,13036600.0
2023-02-03,323.5717425838062,332.68750933399053,320.09256455175904,329.529052734375,5670700.0
2023-02-06,332.34749605503873,333.7469380994267,325.1947889772791,328.149169921875,3055700.0
2023-02-07,326.58442454896345,331.356127506177,323.3190803371106,330.1121826171875,2464100.0
2023-02-08,329.0237693089875,333.2123670543417,328.3046223987747,331.1326599121094,2399400.0
2023-02-09,331.2881370686585,337.5661694036314,330.9091079954731,332.16278076171875,3072800.0
2023-02-10,333.6010899066296,338.6157515452657,333.07632146134523,335.39898681640625,1980000.0
2023-02-13,336.7109165577816,340.9286674154026,336.2541539484686,340.53021240234375,2291600.0
2023-02-14,341.7685103461456,344.96643431890607,338.5900752056422,338.8630676269531,2028900.0
2023-02-15,337.19582298123737,338.1902888734657,325.983586763657,326.6270751953125,3600700.0
2023-02-16,322.71739620776026,324.6088540220422,317.5695186910387,317.9107666015625,3654200.0
2023-02-17,315.06386499962696,323.29267465464915,312.4801814625038,320.1824951171875,3695600.0
2023-02-21,318.96372059006563,323.4193726348518,318.1642323066372,319.3147277832031,2515600.0
2023-02-22,320.48474713042674,324.27742272090546,318.16429663343723,320.83575439453125,2379800.0
2023-02-23,319.8023135528313,324.50168152375414,317.54035907688467,319.3245544433594,2229500.0
2023-02-24,317.84253010104845,319.04176262849205,312.08041195113645,313.5916442871094,2594600.0
2023-02-27,314.52763979073677,315.30760962217914,307.99528087512516,308.697265625,3043500.0
2023-02-28,307.59551453591996,307.59551453591996,301.8919223267274,303.432373046875,3966900.0
2023-03-01,302.24292581743094,308.98002170209253,301.4629559749628,306.30859375,3580800.0
2023-03-02,303.988189600586,308.3853171196754,302.7597086453465,307.1665954589844,2885200.0
2023-03-03,308.4535244948623,312.14869632401684,307.35179552505014,310.46197509765625,3002800.0
2023-03-06,309.00919498005067,312.2266069933474,308.5802027444198,310.9786376953125,2673700.0
2023-03-07,311.0177009416897,312.3339260030461,301.8529219744468,302.8571472167969,2620800.0
2023-03-08,302.73045931326567,305.1971507545492,301.57999321108997,304.71942138671875,2313200.0
2023-03-09,304.49513437955864,310.79347891409685,304.49513437955864,308.9215393066406,3920300.0
2023-03-10,310.8714160446834,318.35923211064204,306.47426034332824,307.1372375488281,4597300.0
2023-03-13,309.30174636293486,323.49741150775475,309.30174636293486,316.3703308105469,5275600.0
2023-03-14,315.94132277007554,319.0905095684851,313.3966467773395,318.8857727050781,4214300.0
2023-03-15,317.8425362629541,323.0683992644048,316.3800706053025,321.2257080078125,4743500.0
2023-03-16,319.44148857180517,323.3998929355295,316.90654234158353,321.2841796875,3498200.0
2023-03-17,323.20494744854017,326.5686307489033,319.89003086139513,320.9429931640625,8679800.0
2023-03-20,320.9429984269562,325.58389957742787,320.77726895955016,325.2524108886719,3540900.0
2023-03-21,326.0226426033456,326.07137956212927,319.8705090521757,322.7954406738281,3240400.0
2023-03-22,323.4682023464,327.2023820010785,322.3762325504868,322.688232421875,2472200.0
2023-03-23,322.6102569894741,326.9488881746981,321.94724980443846,324.31646728515625,2703400.0
2023-03-24,324.6576430530082,328.49905553916045,320.5432381454313,327.7190856933594,2791900.0
2023-03-27,319.59755336850606,327.8068754888396,315.17117776167646,326.2274169921875,3102300.0
2023-03-28,327.39733601102125,330.35151577433334,326.34437371340067,329.2010498046875,2433200.0
2023-03-29,330.5172594638385,331.2679811706706,326.2078472959089,327.465576171875,2743800.0
2023-03-30,327.6605581100212,332.7694285455492,327.6605581100212,332.1649475097656,2146900.0
2023-03-31,333.44214914406024,335.0508553163361,332.16493159636735,334.8266296386719,2933600.0
2023-04-03,334.6511718189709,342.7435006057384,333.7346908509039,341.9635009765625,3039600.0
2023-04-04,343.2602190462956,350.016803686825,342.48021945869516,345.74639892578125,3585900.0
2023-04-05,349.11981162089955,355.72042609825405,348.9735709963224,353.17572021484375,3442700.0
2023-04-06,355.72041706346545,360.2540548338611,355.13542482607284,359.0743408203125,3531700.0
2023-04-10,358.96708578782346,359.13284499775517,353.9557186273188,357.8166198730469,1868000.0
2023-04-11,358.5576416442902,359.5715965576694,354.4919734352145,354.93072509765625,2027000.0
2023-04-12,354.91117371134357,363.12049445881013,354.2384370932069,359.8153076171875,2672600.0
2023-04-13,363.29597384330515,366.16240898916055,361.043779050696,365.7626647949219,2839900.0
2023-04-14,364.87542091925906,366.8936306601722,363.1887295763004,365.3531799316406,2287900.0
2023-04-17,365.6164595757864,366.4939331279796,361.87255060020357,363.03277587890625,2059700.0
2023-04-18,363.6664844791498,364.89496523484485,360.41006430120365,360.65380859375,1925300.0
2023-04-19,361.27778366697777,361.9895277227906,358.1578745302206,361.1997985839844,2173000.0
2023-04-20,362.0967474346095,366.6498736783064,360.5075300537177,365.43115234375,2766500.0
2023-04-21,368.5511234295266,376.60441448724157,368.54136413672734,375.6001892089844,3682500.0
2023-04-24,375.6002293875467,377.36493584438443,372.08057576771444,373.7575378417969,2059700.0
2023-04-25,375.4149114155148,380.70905955405533,374.39119738673605,375.2101745605469,2648600.0
2023-04-26,371.58328994565176,371.953786026571,361.4045260289867,366.8546447753906,3161200.0
2023-04-27,381.46959979141235,388.5576735283492,371.2420684358612,380.5823669433594,4981300.0
2023-04-28,388.0409026222021,394.1930060095906,382.68828763241834,385.9544372558594,5350100.0
2023-05-01,387.3194739472007,397.1569908823351,382.4445876708837,395.655517578125,4091100.0
2023-05-02,396.8156783637626,401.24208271396026,389.2693651564348,394.08575439453125,3884600.0
2023-05-03,404.64478602406774,423.3351120351017,403.94280125008663,420.4004211425781,10129800.0
2023-05-04,420.65392920495276,421.8726507175944,414.5798104745275,417.71923828125,4070700.0
2023-05-05,417.38770164071946,420.47836237944074,413.9362743823975,417.1049499511719,2753400.0
2023-05-08,415.53527995193923,424.1150671091217,412.41534111990455,421.8921203613281,2478600.0
2023-05-09,420.9658933071724,424.7000726309622,417.3389769470187,417.6607360839844,2601600.0
2023-05-10,415.39870456966554,427.42018782505744,415.39870456966554,425.0119934082031,2766300.0
2023-05-11,425.7724925354722,425.91873314318025,420.3321038972256,424.6512451171875,2595900.0
2023-05-12,430.2622024892114,435.52122814129814,424.6512864133277,424.6610412597656,3939200.0
2023-05-15,425.57996597714043,426.1958041368662,420.9856713084133,424.73931884765625,2234800.0
2023-05-16,424.43625672370143,428.6200121580532,420.9758515340762,426.8311462402344,2128800.0
2023-05-17,428.9327698283807,429.0794206698936,422.9992875200475,427.6326904296875,2274200.0
2023-05-18,426.69433134411827,429.63662603123123,423.8399794410956,428.0433044433594,2268100.0
2023-05-19,429.1282519177136,437.44689796446835,429.1282519177136,432.4322509765625,3442800.0
2023-05-22,434.31890072174497,444.7196558052792,422.6669597287262,424.23095703125,4398000.0
2023-05-23,423.1850653891524,426.08828104517545,412.03163520326376,413.6933898925781,4492100.0
2023-05-24,414.4656130885342,419.3140703983051,410.80972312288475,416.19580078125,3133000.0
2023-05-25,416.7921221905946,418.5712035414475,410.3600680240769,417.7012023925781,2882200.0
2023-05-26,415.34536146345954,421.9631450589254,414.14303929418594,416.2153625488281,2338400.0
2023-05-30,414.26031837934556,419.08923586892524,412.56920984081074,417.6327209472656,2595700.0
2023-05-31,417.39815172024674,420.87809645346834,414.47539669099683,419.8028259277344,3950900.0
2023-06-01,420.5945800368305,426.9679849839529,418.5027173697002,426.6747131347656,2914400.0
2023-06-02,430.0666605133835,434.70009295076176,426.9581759759437,432.38336181640625,2499000.0
2023-06-05,433.03834336526734,437.7303947468491,431.7773429968249,434.27001953125,2113800.0
2023-06-06,437.7596927105804,438.77631472047767,430.12531753733884,433.10675048828125,1495300.0
2023-06-07,430.3012955912468,436.6453463154269,425.8829171122388,426.5574035644531,2458300.0
2023-06-08,426.07853130114114,437.4079076481055,422.61812562820984,435.63861083984375,2040300.0
2023-06-09,439.19665187171313,439.19665187171313,432.64733158335935,436.0099792480469,2082000.0
2023-06-12,436.11752477575027,436.93863231517247,428.8154997011949,435.2964172363281,2566600.0
2023-06-13,433.6932536164476,437.33935841609383,432.3051718777355,435.6971435546875,1766300.0
2023-06-14,434.29935848213574,438.68838331023505,433.5662235644085,437.6522216796875,2163300.0
2023-06-15,437.92585827790583,446.312907348603,437.62283161069325,443.7225036621094,2287100.0
2023-06-16,445.5505658674542,446.7040542738137,437.4372171248257,437.6424865722656,4295700.0
2023-06-20,435.8340577514628,444.65124665035523,435.10092278969705,441.7871398925781,2506300.0
2023-06-21,444.2797769710718,445.10088453026776,440.08623673005553,442.8135070800781,2347500.0
2023-06-22,444.76845567369713,451.8652102487147,443.6149973877334,447.38818359375,2912500.0
2023-06-23,446.72347425243936,449.6657981474804,442.1487202314307,448.5220947265625,4832100.0
2023-06-26,454.79780299360505,454.79780299360505,438.8252408145779,442.5788879394531,3214700.0
2023-06-27,452.09987463812524,457.45665794609175,441.5427435520832,454.0549011230469,4138700.0
2023-06-28,457.9747170077379,457.9942565323774,447.0363419579015,448.38531494140625,2854700.0
2023-06-29,448.7372153674456,455.35496911253324,447.22208181242144,454.04510498046875,2112400.0
2023-06-30,454.2014942806496,459.30411428653383,453.566116678294,458.43414306640625,3173200.0
2023-07-03,455.7753809722986,455.7753809722986,447.0852730317148,451.0442199707031,2113200.0
2023-07-05,451.70882153564395,456.7430081687763,449.6560380045738,455.2278747558594,2130200.0
2023-07-06,452.7059421801199,457.0852123820678,451.239672270745,452.7939147949219,2191700.0
2023-07-07,451.9336331369406,453.1848487524955,441.0930160841359,441.91412353515625,2914700.0
2023-07-10,442.77436458056707,444.44593360795386,439.59744672461215,442.9698791503906,2011400.0
2023-07-11,439.880953042423,440.4283580641467,427.76954981628023,429.5095520019531,3570900.0
2023-07-12,428.6101835188105,434.3090719437753,425.22799644009154,430.6922912597656,3107800.0
2023-07-13,430.33060353496916,432.29538458423673,424.5730370464577,424.9249572753906,2865100.0
2023-07-14,431.1810920881563,440.3208467627429,430.95625330578287,439.35308837890625,2955000.0
2023-07-17,439.34334989166706,440.48702370878397,433.2925403809704,437.0852966308594,2347900.0
2023-07-18,436.8995240976978,443.12627822946575,435.0324703596751,441.053955078125,2237000.0
2023-07-19,441.2494383374033,444.76849171061133,438.4733045183544,443.3608703613281,2212800.0
2023-07-20,444.91514484446645,454.75871032248466,444.7685238248575,453.39019775390625,2624200.0
2023-07-21,454.944422232259,456.53777352211495,451.5817744359745,451.65020751953125,2226700.0
2023-07-24,451.611061007383,455.16922307981434,447.37844232762416,448.9913330078125,2190700.0
2023-07-25,447.46642737644544,450.55537249837636,446.33250854702777,447.2513732910156,1737800.0
2023-07-26,444.76849491130366,444.76849491130366,436.5182813224861,443.39019775390625,1959800.0
2023-07-27,443.12635847541486,448.36581570638754,442.08041203258784,444.7587890625,1883500.0
2023-07-28,444.8955824194074,449.23574336445785,441.62090727045535,448.1702575683594,1437600.0
2023-07-31,448.6981292977008,448.6981292977008,440.66296904579195,444.3286437988281,2110200.0
2023-08-01,445.1106481508433,447.0852141046838,441.29835258088593,442.9014587402344,1738200.0
2023-08-02,444.99338887891156,451.2592526916863,441.171308308342,444.26025390625,2366600.0
2023-08-03,440.6434116266975,443.88876270245726,438.1800890319658,439.0598449707031,2414100.0
2023-08-04,439.1380374620017,442.29541595979936,436.8409052179336,439.3824157714844,1870400.0
2023-08-07,443.05784832989036,444.76849639294016,440.4478750164786,443.8691711425781,2446400.0
2023-08-08,494.62160869301675,525.9020266340772,491.40558237067876,509.87078857421875,15094500.0
2023-08-09,508.6685761012677,520.5551708887543,505.26684900994945,514.3967895507812,5376600.0
2023-08-10,511.698777847446,516.8502912184053,508.29705119175935,509.6167297363281,4108500.0
2023-08-11,511.9431178772521,519.8512248882164,508.30679788431183,516.400634765625,2524300.0
2023-08-14,520.4463574053186,531.2416008584562,518.4577237380925,527.029296875,3981100.0
2023-08-15,526.7649583006918,536.1300149243107,522.8955518329163,535.4736938476562,2826800.0
2023-08-16,536.2378811558199,541.5963125935383,531.4377741185189,535.1015014648438,2597100.0
2023-08-17,532.1331641655371,537.6091422941031,526.4318354204297,526.6962890625,2549900.0
2023-08-18,524.1199743494386,536.6001773085658,523.0130119402954,535.2874755859375,2958600.0
2023-08-21,535.8360793820576,542.2133407064499,534.6213743279947,538.8336791992188,2305400.0
2023-08-22,538.3243883335443,544.7603647659317,536.120268796528,542.3701171875,1936600.0
2023-08-23,545.3677036529335,546.0338901564035,537.0312841932931,542.0762329101562,2121300.0
2023-08-24,541.4297343194348,545.6224284168795,536.1398234830857,536.8255615234375,1776700.0
2023-08-25,538.422366258858,544.7604062214775,535.924375884926,542.3604125976562,1847600.0
2023-08-28,538.9121215656551,544.8877105270617,538.9023159124796,542.6248168945312,1373700.0
2023-08-29,542.1643887835751,545.0052178343319,538.6475676201784,542.605224609375,1701200.0
2023-08-30,543.6926067233143,546.3767248594049,535.8850946871196,536.8157348632812,2191100.0
2023-08-31,535.8655864179638,546.0436756780376,531.9275401918477,542.899169921875,3043400.0
2023-09-01,544.9759475058836,547.8070311458797,542.2232493073243,545.7498168945312,2030800.0
2023-09-05,547.826632998117,550.4715888268298,545.3580593764866,546.807861328125,2257200.0
2023-09-06,549.5800487529344,550.1384328428559,541.4296978355297,548.5318603515625,2424300.0
2023-09-07,552.6854355258463,564.5582882012347,551.1474426900821,561.5410766601562,3707100.0
2023-09-08,560.6593478565981,575.5689604821946,559.5719369840514,574.501220703125,4308300.0
2023-09-11,575.1772282188994,585.9626689585856,572.5616301403331,583.4157104492188,3876500.0
2023-09-12,578.9193107581523,588.872168392502,575.8629364712118,587.0794677734375,3212100.0
2023-09-13,582.5339290042468,588.4997707155997,579.6343262859017,586.6679077148438,3126600.0
2023-09-14,587.0206216807131,589.5676398012996,577.978853839506,579.5462036132812,3244800.0
2023-09-15,579.9284665305925,581.9464584650722,563.3338894379079,563.921630859375,5941200.0
2023-09-18,566.2138008165086,566.2138008165086,552.9008929289076,559.630859375,2723600.0
2023-09-19,559.96379911574,566.615319224522,558.9939962791292,563.2357177734375,2185100.0
2023-09-20,561.7271816396087,563.5198822305669,557.5834561366315,558.0242919921875,1869900.0
2023-09-21,555.6241046335239,556.417585065675,531.4375702431843,538.9119873046875,4049900.0
2023-09-22,537.6189560406341,544.1627338593485,536.4630251477728,539.3136596679688,2353800.0
2023-09-25,538.8826698993298,541.3904655374615,534.621396382184,541.0280151367188,1686500.0
2023-09-26,539.4704880147901,542.8305384627193,536.82553273844,538.7945556640625,1864300.0
2023-09-27,538.6770365300471,540.4403202127423,532.5838393912659,538.5496826171875,2004200.0
2023-09-28,540.0778683200871,540.4305130975584,530.3601668894945,533.3479614257812,2178800.0
2023-09-29,534.3667607916469,534.9545619086435,521.3477821914851,526.17724609375,2967700.0
2023-10-02,525.079939333366,529.6155312788288,516.0675295583201,527.3134155273438,2810100.0
2023-10-03,525.0703431944796,526.3830453603206,506.0365504285492,514.4807739257812,3266100.0
2023-10-04,514.8431484950728,525.2367825031026,512.9525108697067,520.6228637695312,2220400.0
2023-10-05,522.6603814327852,531.4376965258159,520.7697438992758,530.4384765625,2950700.0
2023-10-06,532.9071291986104,554.811165232846,531.6434555087556,553.6943969726562,4745200.0
2023-10-09,552.5189727327731,567.9673628015187,552.0879424705358,560.1011352539062,4208100.0
2023-10-10,558.3768563486055,574.0016241992793,558.112342915251,567.4970092773438,3526700.0
2023-10-11,584.0425773827375,596.3758144446356,573.0807562941987,592.9374389648438,5850600.0
2023-10-12,593.1138197768672,600.500046788621,589.9202863073906,598.051025390625,4063500.0
2023-10-13,605.2903892560715,617.1240184282443,590.2729722536405,596.777587890625,3963800.0
2023-10-16,598.5310444687844,609.2969333357346,596.0232488631725,604.0658569335938,2941500.0
2023-10-17,606.3777189320558,607.749194878176,590.2435941084069,595.9057006835938,2911700.0
2023-10-18,594.8575439453125,603.3213769867388,590.9391093658263,594.8575439453125,2049100.0
2023-10-19,592.6632631060552,592.6632631060552,566.5469214892656,578.7528076171875,3493700.0
2023-10-20,577.9691331074582,584.7480085713589,569.0351065450427,572.7184448242188,3666900.0
2023-10-23,574.1094486000014,576.3429850431535,564.3917474390348,564.891357421875,2781900.0
2023-10-24,568.172900423258,582.3968342357971,567.3010345539099,580.3494262695312,2633000.0
2023-10-25,584.7674986192052,587.4712276375458,573.9232253820215,574.501220703125,2283300.0
2023-10-26,568.172991324434,569.1525999301657,554.6151819132577,556.515625,2846500.0
2023-10-27,551.529431838968,559.1703667445441,545.2893300168673,548.8060913085938,2717400.0
2023-10-30,559.5621628679513,561.5213797631154,551.07872022918,554.17431640625,2290900.0
2023-10-31,557.3679369741591,557.9949008959843,536.4435093554463,542.6346435546875,3661400.0
2023-11-01,543.6827146211921,547.0427645835335,540.0189884170808,543.1537475585938,2935900.0
2023-11-02,566.537097562326,585.2574048533289,560.326352300929,568.4570922851562,5181300.0
2023-11-03,566.6350061299815,571.111824692231,555.614409169797,556.2315673828125,3056500.0
2023-11-06,559.4545432093672,585.5219779536743,559.3664119030127,583.0533447265625,3978500.0
2023-11-07,584.8263481467004,589.665617137728,578.0964416874535,587.6965942382812,3168200.0
2023-11-08,595.2689843001787,613.1076798911564,580.1046610637234,606.505126953125,7776400.0
2023-11-09,602.224173237154,603.0960392129981,571.5330200396155,579.2621459960938,6279800.0
2023-11-10,582.8671506372843,586.6484257017665,574.0506727284851,585.5219116210938,3645900.0
2023-11-13,582.2304033896196,606.1328794405538,566.3607903785409,600.216064453125,5744800.0
2023-11-14,596.9183077982034,604.5930073539347,591.4714473180225,599.4700317382812,3827600.0
2023-11-15,599.5290455536426,601.5212943172698,573.5606858237506,577.6041259765625,4287000.0
2023-11-16,580.509143040489,584.032462420642,570.9403110123491,577.8102416992188,3030500.0
2023-11-17,581.4413279035298,585.1019992717773,576.2987052057488,580.715087890625,2628200.0
2023-11-20,580.4502153593127,593.6208361123286,579.7141514141578,586.4957275390625,2827200.0
2023-11-21,587.3201338760317,590.3821550351179,580.7740887591241,581.588623046875,1851600.0
2023-11-22,584.3367691659103,588.0465010285787,575.8474727062843,584.0325317382812,2052200.0
2023-11-24,587.241708344404,592.286215091108,585.887345678541,589.9307861328125,1341700.0
2023-11-27,589.9994660442169,592.4726603488646,580.15586758275,580.5386352539062,2630700.0
2023-11-28,580.9998301827733,584.3170299512378,578.4088706178709,580.6072387695312,1793900.0
2023-11-29,581.196074384443,583.4925602353821,573.5802568903538,580.8623657226562,1908600.0
2023-11-30,580.4698561207194,585.1511820245306,575.3174085648055,580.0576171875,5658400.0
2023-12-01,580.7055066075503,590.7846367888524,572.1671512045624,573.1878051757812,3638600.0
2023-12-04,571.3132171444701,576.1810749881419,563.6581640080393,574.7972412109375,2577100.0
2023-12-05,572.4418101840685,580.8034550531313,568.6044303128598,577.2213134765625,2157300.0
2023-12-06,579.7631462436386,582.8644622008098,573.5409865933275,578.3008422851562,2093100.0
2023-12-07,577.3489961340151,577.9279995969032,566.8772159379494,577.3391723632812,2095000.0
2023-12-08,578.0555516377028,587.1827325780906,573.9041701550542,586.9373779296875,2446800.0
2023-12-11,587.5361430091017,590.0191612857004,556.866806001996,573.1878051757812,5614100.0
2023-12-12,571.1856839807664,574.9641220191907,567.4268335836522,573.8944091796875,2846100.0
2023-12-13,572.4223116157444,587.5459482471564,571.4899518199296,586.397705078125,3112500.0
2023-12-14,583.453341623569,583.453341623569,558.1229306515629,563.0103759765625,5275900.0
2023-12-15,561.4695882896358,563.0497178482017,551.2138112707498,561.4107055664062,5317000.0
2023-12-18,565.7583381981073,572.216089205544,565.002686626699,568.9872436523438,3033900.0
2023-12-19,569.4682035793692,574.2378841094447,566.523947464353,569.036376953125,2192700.0
2023-12-20,565.7682002538,569.0854000598417,559.4380979261019,559.61474609375,2647100.0
2023-12-21,560.7925185534608,564.3158385803649,556.4841353280561,561.37158203125,1786500.0
2023-12-22,562.372456285717,565.198946399251,556.8764766644977,559.7913208007812,2226100.0
2023-12-26,558.9179799755226,562.1272384669832,557.0925554707301,560.0662231445312,1678700.0
2023-12-27,559.8993439489644,572.8344346631135,559.8993439489644,570.7047729492188,2163400.0
2023-12-28,571.1659535640789,575.7884565394444,569.2227639863876,570.0569458007812,1973500.0
2023-12-29,572.0198555157729,575.2781727319685,568.7026555746296,572.0885620117188,2000100.0
2024-01-02,569.625261985174,581.7065250729892,568.290546787255,581.1962280273438,3226700.0
2024-01-03,588.851227871792,608.3226014965455,587.6735134358395,606.2223510742188,5130300.0
2024-01-04,613.6418618347899,624.5846443258474,601.8746612847967,603.081787109375,6272500.0
2024-01-05,602.5910149104187,608.4206437373525,598.8518124745243,607.0564575195312,2404000.0
2024-01-08,610.8644397155908,614.4269944205328,598.2630570394862,614.3975830078125,2453900.0
2024-01-09,618.4017002591121,622.6316123067047,612.130420617242,613.8577270507812,2918900.0
2024-01-10,616.8116791746025,625.2126188075117,614.1324259435119,618.4801025390625,2679100.0
2024-01-11,622.6022269535719,627.8724406099825,616.4683600442444,623.907470703125,2690300.0
2024-01-12,626.3414869231093,632.0337039536622,621.2479209812295,630.9737548828125,2067800.0
2024-01-16,631.9452867126165,635.6943133225924,621.8955688413513,622.7788696289062,2413600.0
2024-01-17,627.5681903032988,628.6183154847083,613.5731502665755,617.2239990234375,2124100.0
2024-01-18,609.7357891182925,612.2874535704302,601.315200584576,611.7672729492188,3385000.0
2024-01-19,610.8252231311807,617.8914500297458,608.479617969531,616.9002075195312,3125000.0
2024-01-22,618.2937564541717,620.8847160955629,613.3866631489798,619.1574096679688,2030200.0
2024-01-23,616.0266618048803,618.2937364424611,603.3958088382103,617.9796752929688,2525000.0
2024-01-24,621.748339630539,631.2189933168579,620.2565641686366,621.9249877929688,2276900.0
2024-01-25,615.7126531342693,620.8552776058175,613.0726344004653,615.9580078125,2407900.0
2024-01-26,625.5071069127094,627.715298713862,618.7844136118376,627.371826171875,2410300.0
2024-01-29,629.5800494526708,633.6529607166385,627.8822143956672,633.0150146484375,2718500.0
2024-01-30,633.7020138819141,634.78155040174,629.0893343952204,632.995361328125,2006100.0
2024-01-31,638.2949718614024,651.2202367956587,625.1635874767932,633.6135864257812,4719000.0
2024-02-01,635.3016449266643,648.2465571451395,631.2189104828205,648.158203125,2494300.0
2024-02-02,650.0720455264319,660.1217622279627,647.4810860921519,655.244140625,3019200.0
2024-02-05,678.1799525482282,698.6523317500288,669.8477175745019,693.077880859375,7602400.0
2024-02-06,728.2126455648117,728.2126455648117,678.2584118210409,691.9296264648438,8187300.0
2024-02-07,697.1801492358375,727.22135817869,693.8825971190391,711.9014282226562,5798000.0
2024-02-08,714.7869042819783,727.2312867236172,712.2646509307223,722.0101318359375,4636900.0
2024-02-09,721.8334147784149,731.8438969567736,719.9785191595666,726.4067993164062,2833900.0
2024-02-12,727.0349304682911,727.0349304682911,712.9515966747443,723.5607299804688,2932300.0
2024-02-13,716.6122883966284,729.1744355874255,716.6122883966284,729.1646118164062,2860300.0
2024-02-14,733.2446976740388,751.1673015008913,732.4385165356506,744.5409545898438,3394300.0
2024-02-15,743.056334984666,750.1251057559426,737.363982613501,745.0029907226562,2507000.0
2024-02-16,758.029605462128,781.0743233863292,750.6265408341086,768.8735961914062,5009400.0
2024-02-20,776.6796529736971,780.0026669223455,740.5001570895461,742.9186401367188,4701100.0
2024-02-21,725.6351349021965,736.8625637008593,720.8767164937886,733.3330688476562,3541800.0
2024-02-22,750.7052056669693,762.0506067834446,743.5184628268885,756.6630249023438,3167400.0
2024-02-23,760.9495184183745,764.5379994520905,749.4074771844158,756.564697265625,2394800.0
2024-02-26,758.2949387295405,767.0645199578253,756.1517033624007,758.9044799804688,2243800.0
2024-02-27,742.1715182228221,759.917161898763,732.871003395952,752.1011962890625,2716700.0
2024-02-28,749.3976736932875,750.1350279146977,738.986205684317,744.8654174804688,2716300.0
2024-02-29,740.3822476055751,743.7052618341627,731.4848527060875,740.9721069335938,3905400.0
2024-03-01,756.0534611596132,770.8595299095144,751.2458977592145,768.9325561523438,4247500.0
2024-03-04,783.0112185088138,787.2780681221487,772.9045209027445,778.92138671875,3855600.0
2024-03-05,772.0688074138603,775.2345458760452,756.3091220447919,764.47900390625,3168700.0
2024-03-06,771.0660005239604,774.5659726723795,760.9495226582357,766.6222534179688,2518600.0
2024-03-07,758.8259524192755,779.6193040805216,748.2866722436837,767.005615234375,3977400.0
2024-03-08,766.8483359603528,766.8483359603528,742.2698636539311,749.2894897460938,4054900.0
2024-03-11,739.5268943468167,744.0394680550903,715.3514836754196,721.9876708984375,3968900.0
2024-03-12,728.4665999121079,743.2234639699411,725.5663282396443,742.220703125,2701700.0
2024-03-13,744.2362096061105,747.9426627713397,733.1365920980437,745.0620727539062,2357500.0
2024-03-14,752.0520140190494,755.0505752659702,736.7642181486589,747.9031372070312,2647500.0
2024-03-15,742.6434771091094,748.0605821222131,735.1028184459913,741.453857421875,3730100.0
2024-03-18,749.4271216171361,756.7023132028862,745.465043194623,749.8006591796875,2521400.0
2024-03-19,745.6518835795395,760.8020279075577,742.2698833004192,759.7501220703125,2557100.0
2024-03-20,757.1251033071809,760.1236650279238,743.8822507872353,759.8287353515625,2038000.0
2024-03-21,760.9494515821787,767.3791579042287,746.0843973284977,757.2725219726562,3013200.0
2024-03-22,757.0169378680298,763.8989100304665,754.34282891638,757.6166381835938,1981000.0
2024-03-25,758.0984230723192,765.3638343404297,755.1982111642077,760.1040649414062,1806600.0
2024-03-26,761.1462023410974,765.2065710864317,756.0338676974616,761.8344116210938,2099000.0
2024-03-27,765.5801134153065,772.0196612006387,754.4411328912515,765.0590209960938,2297700.0
2024-03-28,767.162966880068,780.2878474190196,763.3483830817945,764.8427734375,3209400.0
2024-04-01,762.9158271774536,764.390535606276,741.1098124106579,747.726318359375,2921300.0
2024-04-02,742.3387377132927,752.1701272601238,740.7952023537155,751.078857421875,2596800.0
2024-04-03,752.7796261632018,773.9760984306841,752.5043184685157,762.9059448242188,3044900.0
2024-04-04,768.3623445176902,774.6151534466397,754.8737077843837,755.1293334960938,2354000.0
2024-04-05,752.5633522104597,773.4452741620653,750.223536687168,770.9874267578125,2113400.0
2024-04-08,771.7838488512692,771.9608066824369,760.3105727458333,764.1841430664062,1664200.0
2024-04-09,764.5281649243151,764.7051227293698,737.9932550476152,744.4721069335938,2464100.0
2024-04-10,738.612663328879,752.3569267255423,734.2376829754713,749.1322021484375,1700300.0
2024-04-11,746.9693305365978,750.4594617625803,738.012889213782,746.7825317382812,1594800.0
2024-04-12,746.7627754954765,750.6265039338621,737.1476488425832,738.9664916992188,2495000.0
2024-04-15,747.2543857603022,755.0506699827065,736.8822824381792,738.1112060546875,2358600.0
2024-04-16,739.0058172961858,740.441221646024,730.4721791203758,734.1491088867188,2569800.0
2024-04-17,746.3990597236952,758.8161087453781,732.3205035722517,738.1112060546875,3069400.0
2024-04-18,736.7838995270864,739.5170543306149,731.2292010330181,733.3724365234375,1717300.0
2024-04-19,736.5282980730128,737.3640021259216,709.8950993761551,714.0635986328125,3505500.0
2024-04-22,717.4358061079685,725.4385715438558,713.1886386530949,718.9990234375,2354100.0
2024-04-23,728.702476726677,733.5788066782397,719.1070326198831,733.1167602539062,2042000.0
2024-04-24,739.9496704447583,739.9496704447583,716.5017718552618,719.8543090820312,2133400.0
2024-04-25,712.775701040815,715.7152767448313,706.1886584230926,712.6478881835938,2608800.0
2024-04-26,711.2813603119026,725.015842877636,708.8431948768114,721.1422729492188,2009200.0
2024-04-29,723.3443342742781,728.0929112316501,717.3078479564958,724.7698974609375,2665600.0
2024-04-30,761.9326254213504,782.0869722873346,754.7163597018014,767.9297485351562,7437100.0
2024-05-01,761.6967612844131,769.4143782297937,755.2965169611336,763.6531982421875,2802100.0
2024-05-02,764.2331461364827,764.2331461364827,741.571748645121,743.1644287109375,3205600.0
2024-05-03,730.4721482296424,732.4384258830196,718.0256370864186,722.5775146484375,4595100.0
2024-05-06,725.5956994916514,754.0575782286247,723.5901180492283,753.7528076171875,3398300.0
2024-05-07,755.9355681104521,765.9537564834612,749.260016187932,764.656005859375,2879400.0
2024-05-08,765.9634625147235,768.1755249517195,759.1798403782229,761.9326171875,2089800.0
2024-05-09,763.8988287784069,770.7808002088431,756.2303583285553,758.5407104492188,2522100.0
2024-05-10,760.96917313902,764.3118093187871,747.185546875,747.185546875,2082300.0
2024-05-13,750.6265097178971,750.6756546590426,737.8752276746357,744.92431640625,1848900.0
2024-05-14,738.8484571403309,751.6095789917879,738.8484571403309,751.0983276367188,1956200.0
2024-05-15,752.5461413444841,775.6990833520265,751.5120378718909,775.06884765625,3038300.0
2024-05-16,772.7939360416036,774.537017121909,758.4451791849843,759.4102783203125,2299700.0
2024-05-17,761.1533796302491,763.1032933266713,755.4512645594292,758.3072509765625,1670300.0
2024-05-20,755.2543585658308,772.4196702349914,754.4861743077536,771.287109375,2188800.0
2024-05-21,780.4262452629291,804.209483180876,779.3724863662152,790.9735717773438,4334500.0
2024-05-22,788.8365597032948,792.657645475317,783.1738752859491,790.717529296875,1767500.0
2024-05-23,797.6998515361087,808.1487203506045,789.9788783772858,796.1734008789062,3025800.0
2024-05-24,795.7301747616381,797.8179768471497,791.938662699972,795.1688232421875,1778100.0
2024-05-28,796.7150493148297,796.7150493148297,776.2801453923541,795.5923461914062,2483500.0
2024-05-29,790.8061671881727,803.2246655495278,789.9100123006622,799.2066650390625,2380000.0
2024-05-30,800.4474958927191,807.5381735552348,793.868941094482,802.6830444335938,1984600.0
2024-05-31,806.3661595896922,813.6636692293891,798.7830753630868,807.8828125,4472100.0
2024-06-03,811.3198583934145,825.5504419050532,806.070779553289,818.6370239257812,2537200.0
2024-06-04,821.3354005580906,822.7830492106804,812.7773590280389,819.9468383789062,1748300.0
2024-06-05,817.8787217069067,825.7178680811065,805.2041617741027,819.1294555664062,2169000.0
2024-06-06,822.2020625862432,834.1084380844244,819.2476186262336,824.575439453125,2109000.0
2024-06-07,825.0383769924065,843.7990851035912,824.2997659635543,837.0826416015625,2468800.0
2024-06-10,841.0119479601783,858.3939495919584,836.4916826332408,851.8646240234375,3417500.0
2024-06-11,868.7443615852084,868.7443615852084,839.2885233770528,852.6721801757812,4109100.0
2024-06-12,858.7584017641856,858.7584017641856,840.8839912621198,854.1297607421875,2594600.0
2024-06-13,855.8335437114722,871.6200920245484,848.4178602021119,869.9163818359375,2243400.0
2024-06-14,868.9315594262252,871.1769056557822,862.697665628512,865.1104736328125,2023300.0
2024-06-17,864.6673011952272,878.6516818694789,863.5445980182484,871.5708618164062,2532200.0
2024-06-18,873.5304960446555,881.2809816574918,870.576052427819,877.9227905273438,2437000.0
2024-06-20,879.4394487209339,891.7004026648539,856.9167433479106,872.535888671875,3360000.0
2024-06-21,872.2108855358464,878.4250633526099,866.4398863175275,870.4579467773438,3445900.0
2024-06-24,876.4654140977423,889.858930795245,869.5323398799098,876.5934448242188,2878200.0
2024-06-25,878.2281824597324,895.6101250225531,877.9622632687251,890.8731689453125,2830100.0
2024-06-26,890.2724793115974,892.5867697886043,884.206047271913,887.5740966796875,2232100.0
2024-06-27,889.8096225690987,895.7578815030256,886.0574209937851,895.2359008789062,1948100.0
2024-06-28,897.4714746730017,901.637221586014,891.6315307617188,891.6315307617188,3375400.0
2024-07-01,897.9244912518876,902.9076510797046,890.5777521718188,900.4849853515625,2546100.0
2024-07-02,889.0020864724637,898.1509932626467,865.159701295214,892.9413452148438,4584600.0
2024-07-03,897.1662933153556,904.5524044019255,870.576293403704,884.462158203125,3078400.0
2024-07-05,884.787022850772,902.543259923827,883.2802876856751,900.6819458007812,2880900.0
2024-07-08,903.9515602995676,914.5087448083968,898.1509874131945,904.0598754882812,2364600.0
2024-07-09,914.9419772728039,920.8016360694537,906.7976015365156,918.339599609375,2416000.0
2024-07-10,922.3478785579225,931.3293834993726,918.8320829887937,925.5091552734375,2683300.0
2024-07-11,919.9054832064184,928.5619817795142,904.6703703026552,919.9547119140625,2855100.0
2024-07-12,922.7713190247813,936.3518912911791,921.8160776745806,933.9982299804688,2315100.0
2024-07-15,941.6797427518673,951.4293713325902,933.6929106852647,936.0269165039062,2358700.0
2024-07-16,941.2366659635783,941.8669618085829,924.1304391344858,927.301513671875,2111800.0
2024-07-17,896.1911204242504,910.953481276471,888.933041819934,891.8382568359375,4200600.0
2024-07-18,893.2563687494231,896.0532084064204,823.9549136740458,836.0090942382812,7649600.0
2024-07-19,854.4843616461717,866.8438351651171,840.0470034852829,844.4490966796875,3782200.0
2024-07-22,851.6676689820438,861.1415807913893,843.8088675709947,852.8198852539062,2904500.0
2024-07-23,856.7886677206928,874.2395528825091,850.9585823522767,864.9527587890625,2087700.0
2024-07-24,859.2507432067264,865.0020869498883,841.2975921850444,846.8223876953125,2726100.0
2024-07-25,834.1379722747474,838.6878109512173,794.1348077400828,808.7199096679688,5468000.0
2024-07-26,799.541518013258,809.5275536512892,789.1320192606933,792.401611328125,4173900.0
2024-07-29,801.648954628415,812.245569506515,791.7909507117998,795.5233764648438,2473700.0
2024-07-30,802.8011805723091,809.4191661232883,764.0290335088632,778.2103881835938,3848600.0
2024-07-31,788.0191087020323,798.8225564912054,780.0618497388685,792.056884765625,2961700.0
2024-08-01,820.9611462866338,828.1207677002999,807.7252355898889,819.799072265625,4060700.0
2024-08-02,804.2685670161518,807.7351338344631,775.0688485768153,792.2440185546875,3515900.0
2024-08-05,746.4895160236375,780.8989428209331,736.1981907533633,763.4874267578125,4661800.0
2024-08-06,777.1566852005077,794.0265657858002,773.0795379248185,781.1353149414062,3437600.0
2024-08-07,766.4812266914495,774.6355208094626,751.4332901621686,760.414794921875,4407700.0
2024-08-08,861.7128440696198,864.4506577290564,812.7084560283984,832.4736938476562,9434900.0
2024-08-09,846.940605238381,894.6942583512935,846.940605238381,878.1395263671875,6587600.0
2024-08-12,890.4793944181922,890.9815994653133,869.5914512823676,870.9505004882812,4206100.0
2024-08-13,880.503093570889,900.8001089538845,876.8100386565892,894.2609252929688,3506800.0
2024-08-14,896.181210896159,920.190993640701,890.06549110369,917.531982421875,3562900.0
2024-08-15,923.0745836649357,925.0075392914141,907.2955309527146,918.7156372070312,3080000.0
2024-08-16,915.5697273250282,923.3704703757053,906.6940097753887,909.3862915039062,2364900.0
2024-08-19,909.3860999887485,913.2125244530284,903.84371345702,909.0803833007812,2374600.0
2024-08-20,919.2283392785195,953.6464192304599,917.6603297529354,936.8515625,4961500.0
2024-08-21,942.4235949054863,943.291447576456,926.200745112051,938.823974609375,2617000.0
2024-08-22,938.8337703086971,959.1000366348404,935.0468318615615,940.9935302734375,3183700.0
2024-08-23,942.2460399028586,947.2361624111481,930.086291781414,939.5833129882812,2063300.0
2024-08-26,936.0921582017718,941.8120518183343,929.7509596728144,937.40380859375,2166000.0
2024-08-27,939.3466780064201,959.0507496914107,936.8319036628169,941.29931640625,2912900.0
2024-08-28,940.9739520719819,945.1060938270507,930.2343200857491,935.8358764648438,1701800.0
2024-08-29,941.812101761353,944.2973215427209,923.0744787943732,927.2164916992188,1762800.0
2024-08-30,931.9502738514059,947.7293261070911,927.5222869429235,946.7628784179688,2555100.0
2024-09-03,944.5439729067771,956.2599243161305,938.4394495044158,943.3211059570312,2529400.0
2024-09-04,936.6346861650313,940.825996948081,925.0568161268588,933.2421875,1891700.0
2024-09-05,928.1632833159955,929.9779008266142,893.656477729455,900.1456298828125,3201100.0
2024-09-06,905.0864212625193,915.0864097911626,880.6683289608973,890.2442626953125,3440000.0
2024-09-09,899.9680248247367,902.7885156881395,883.5479261310003,895.7274169921875,2405900.0
2024-09-10,901.4868423851783,902.4730331683787,882.6407509643724,888.804443359375,1930400.0
2024-09-11,889.6919528836665,908.8141445698313,884.8102969416497,908.1731567382812,2721100.0
2024-09-12,911.5459083361453,924.6721039269607,905.9443524764627,922.1080322265625,2510800.0
2024-09-13,924.0706096810529,929.3368346090945,909.3664718050494,910.9542846679688,2045400.0
2024-09-16,918.2718356791206,919.7313787876894,907.7195821810968,910.78662109375,1760300.0
2024-09-17,908.7747081485888,908.7747081485888,889.8398351264574,893.666259765625,2248000.0
2024-09-18,893.7945445628807,902.8576400476211,890.9839249760834,892.4730224609375,1777000.0
2024-09-19,900.2441705893723,904.1495074920779,891.3783256875781,902.4039306640625,2446500.0
2024-09-20,909.2579879466092,926.8812116008478,900.5893930378882,908.764892578125,9921800.0
2024-09-23,908.281671272943,909.267862012653,896.8911802677533,905.8359375,2292000.0
2024-09-24,909.386208418713,912.8970450765581,896.6446407987543,911.664306640625,2767400.0
2024-09-25,918.9226200408165,926.3289219040006,908.4690225912927,911.79248046875,1805100.0
2024-09-26,907.5518681778416,909.11987769173,892.7984335558987,896.762939453125,2693000.0
2024-09-27,881.2797509939209,888.7649650824301,863.5184464031852,865.6683349609375,4377300.0
2024-09-30,852.5816221381277,875.1752250917021,846.9504514469837,873.705810546875,3244600.0
2024-10-01,876.5558958317434,878.9622035449564,866.7334148006341,872.2659301757812,2455200.0
2024-10-02,867.8478756262889,881.0134982989238,866.5658396666662,878.7650146484375,1751600.0
2024-10-03,877.2561195855108,879.6821705591987,868.7157339658183,873.3212280273438,1974700.0
2024-10-04,873.6761971428223,876.693938348251,864.7807977499456,874.908935546875,1970500.0
2024-10-07,878.212775620465,892.7788329429666,877.2857538642754,885.9938354492188,2915700.0
2024-10-08,890.5302370252529,909.2382464456471,889.7708508949337,901.1021728515625,2200000.0
2024-10-09,903.6366315988671,908.6267540048656,899.4058952738798,907.0390014648438,1820100.0
2024-10-10,907.2953850494731,909.2677663213198,892.6504781829314,898.1139526367188,1682100.0
2024-10-11,903.3902294644457,919.3665330058616,898.5973564597144,919.1890258789062,2293900.0
2024-10-14,923.0745013556947,924.0606920622713,913.2125942899287,916.6741333007812,1550400.0
2024-10-15,911.6742002480187,913.7254939089133,895.2639713454771,900.707763671875,2284200.0
2024-10-16,897.4633007742256,905.1358343954244,885.4416317354983,903.7650146484375,1645400.0
2024-10-17,908.2816248853494,917.6603079717745,903.3900973969768,904.4552001953125,2191200.0
2024-10-18,904.5143880396957,908.2027316637765,893.1140258414898,905.29345703125,2286900.0
2024-10-21,905.3033403818528,906.1711930332316,892.0686777367828,893.6170043945312,1592200.0
2024-10-22,889.2285213070561,898.538164950358,887.768978171487,896.5953979492188,1391800.0
2024-10-23,893.1139393037801,895.4117802889343,879.4157372250505,890.7766723632812,2646600.0
2024-10-24,885.9247423473219,887.5716640256127,876.0135374708304,879.0115356445312,1797100.0
2024-10-25,887.305448770486,888.5185044119811,877.1674384231387,880.37255859375,2228300.0
2024-10-28,882.5123846067432,885.806287722228,878.4788987275219,883.2224731445312,2084100.0
2024-10-29,885.8063944985279,895.4414369697959,885.8063944985279,891.1022338867188,3187500.0
2024-10-30,787.4733097417896,848.6171359208641,758.3806827694881,835.1359252929688,18257200.0
2024-10-31,824.9583291072311,841.7136981902922,813.8439415052097,818.2817993164062,6582800.0
2024-11-01,816.5659117907718,821.4968653643875,805.4515231743045,807.6211547851562,5266300.0
2024-11-04,793.8834796686018,808.8637181709101,792.5817007770008,795.0077514648438,3918100.0
2024-11-05,792.7297079859383,798.0354189062089,786.4772322996552,794.9288940429688,3733300.0
2024-11-06,806.0432100212523,809.3962220709578,757.0097802600676,765.65869140625,8257900.0
2024-11-07,773.8146359979634,791.4674152185702,767.4438217549603,786.4378662109375,4557600.0
2024-11-08,792.4042408109073,835.569827739269,790.1951832364284,820.0570068359375,7212900.0
2024-11-11,819.8202472942316,832.3448801597395,813.2423727373341,820.9445190429688,3342800.0
2024-11-12,818.7356152292905,822.4732566967649,799.5245774903324,807.5521850585938,3378600.0
2024-11-13,808.9919799763801,817.6605747501258,800.0866488679114,800.5994873046875,3059300.0
2024-11-14,798.0156403925002,798.0156403925002,772.6902709012697,775.3726806640625,3998800.0
2024-11-15,765.7512650304444,768.5072721991606,735.1386098742687,737.1142578125,7334600.0
2024-11-18,724.2626983450615,725.0628333925752,702.7380345738519,718.3456420898438,9148100.0
2024-11-19,707.5882663236788,721.1115804286019,703.7456161715895,720.8448486328125,5832500.0
2024-11-20,726.8309962115507,748.1482549240504,726.5050577031498,744.2364501953125,5158900.0
2024-11-21,737.0352213730554,743.8314551625747,726.050623565063,740.7889404296875,4143200.0
2024-11-22,747.8321904873203,752.0107272480706,736.0079654621229,738.9022827148438,4015500.0
2024-11-25,740.8679482163183,745.8070678710938,730.9995967927949,745.8070678710938,5690500.0
2024-11-26,775.6394592715958,797.1740115907409,764.5264386639182,779.7092895507812,6622600.0
2024-11-27,778.5239236913461,785.152245097442,770.7991320059878,778.5930786132812,2714700.0
2024-11-29,781.6948815714917,790.5852986948254,779.719233321862,785.6658935546875,2206900.0
2024-12-02,788.3922813950594,795.5441182633107,785.537455263617,790.0617065429688,2895600.0
2024-12-03,793.1536070707785,807.1807215205981,791.849672007804,803.427001953125,2782100.0
2024-12-04,818.0170364606524,836.1535310595285,810.5095981207551,819.7359008789062,3871100.0
2024-12-05,817.7009943841243,821.0101807269144,807.5066432855202,815.5672607421875,2423400.0
2024-12-06,817.6022033581343,830.7600269534834,815.6364431432157,816.64404296875,3047100.0
2024-12-09,813.670669041937,813.670669041937,791.5236710765776,793.795654296875,3176000.0
2024-12-10,799.4164394561853,804.0888282186105,787.2958182926691,789.8444213867188,2695200.0
2024-12-11,785.567053771631,789.7653058666067,776.7951716298281,786.3375854492188,3510900.0
2024-12-12,787.0289487306472,792.0767748879332,768.9122914274736,772.8240356445312,2823800.0
2024-12-13,767.6675976813051,784.5791381460293,763.5779922361895,779.5115966796875,3059400.0
2024-12-16,782.3566045210205,790.0419041470018,765.8105525945974,769.514892578125,3426200.0
2024-12-17,768.3888314479368,778.4053821811082,763.0249538793681,769.1395874023438,3924800.0
2024-12-18,765.5636132115477,769.5149092797363,753.2158129984582,755.39892578125,3354200.0
2024-12-19,755.784170690693,763.5583412864091,743.238853254371,748.3162231445312,4032600.0
2024-12-20,801.4710208844659,801.4710208844659,757.275782422038,758.4118041992188,9942300.0
2024-12-23,775.6097630895318,789.6269882399721,763.6571166538976,786.5845336914062,3622300.0
2024-12-24,781.7343630040003,788.0366856644512,777.5163347506268,785.9819946289062,1165400.0
2024-12-26,784.4508663144838,794.1216425094797,781.86277200625,784.4706420898438,1274200.0
2024-12-27,780.3808873770141,783.6406942152549,769.7321167078426,773.634033203125,2096500.0
2024-12-30,768.4480029816425,770.2656256081085,761.6122780166099,764.417724609375,1719100.0
2024-12-31,761.6123956077457,764.4869372650228,754.9939619532734,762.6002197265625,2327000.0
2025-01-02,771.0855270646813,777.4174520836727,762.372912552161,768.59619140625,1938900.0
2025-01-03,768.6950110093684,776.2716647540104,766.0872013837178,772.4586181640625,1799100.0
2025-01-06,774.1773341974186,775.2145975477523,754.0553657559478,755.7840576171875,3991100.0
2025-01-07,755.5866525875224,774.4145768834541,752.3465607092234,763.8744506835938,3576100.0
2025-01-08,764.4079083342004,782.909833662842,761.2863505447473,777.6348266601562,3478400.0
2025-01-10,782.2874121705541,790.259158668663,775.3034896207812,790.160400390625,3973100.0
2025-01-13,784.727442822817,795.5342402504131,774.0687828262753,787.7698974609375,3683800.0
2025-01-14,774.6812778636581,774.6812778636581,720.1237718877424,735.8400268554688,10373000.0
2025-01-15,739.8801970282939,745.4119874687171,726.31739241626,737.647705078125,5736900.0
2025-01-16,738.3984893314959,756.1892104067908,737.3119069756995,748.37548828125,3070300.0
2025-01-17,738.7243775735398,746.0836778219721,716.1822285268777,716.883544921875,5560100.0
2025-01-21,722.3661101952492,734.2298866472944,717.6838338588506,733.3111572265625,5122800.0
2025-01-22,736.5018143176947,751.1117091662376,730.0512948369444,744.7994995117188,3737800.0
2025-01-23,738.5564798018704,757.265869140625,735.1880264242585,757.265869140625,3127200.0
2025-01-24,752.6726083128598,779.6796862779267,751.2303633771714,775.846923828125,4170600.0
2025-01-27,769.2285140263891,799.3966398415172,769.2285140263891,798.3297729492188,3915200.0
2025-01-28,797.4110806867385,806.2126267822404,790.3678903496808,795.1884765625,2808800.0
2025-01-29,797.1641533921704,799.2682235289453,789.2714485533564,794.2896118164062,1827600.0
2025-01-30,798.5668004507186,814.5794497400237,795.1983470247186,813.2063598632812,2643000.0
2025-01-31,812.9792534052339,817.2762642244155,801.1550275905205,801.2044067382812,2561600.0
2025-02-03,794.477225529879,808.0005384633696,791.9878897634711,800.5621948242188,2808800.0
2025-02-04,801.1747638466667,818.9457106373204,796.1269969162478,816.0119018554688,4299700.0
2025-02-05,824.9812873933654,836.5882200922814,820.941060461605,831.9256591796875,4578900.0
2025-02-06,829.2980525612696,876.9308985546159,825.4356268236756,859.7723999023438,7138500.0
2025-02-07,865.8574881435591,878.531227948475,859.0315898424936,867.6157836914062,4426100.0
2025-02-10,867.0427555470516,869.2851353601116,848.9063210566621,858.300537109375,3065600.0
2025-02-11,856.4730239507952,863.5458168683325,850.0225046499615,854.4677124023438,1944200.0
2025-02-12,846.496082719053,867.0922509885214,845.6860597373802,862.3407592773438,2533400.0
2025-02-13,866.3908477065025,872.7425491198395,857.2336994596504,861.2442626953125,2472900.0
2025-02-14,859.9974505967806,864.351391322767,832.6766386299525,835.4275512695312,3222300.0
2025-02-18,847.4503082722354,853.6942183665054,842.4433063614254,848.22216796875,4289400.0
2025-02-19,848.2023114577311,872.0994004061386,848.2023114577311,857.9689331054688,3205500.0
2025-02-20,857.7611470060848,871.0999444199963,854.9508652728889,863.975341796875,2990300.0
2025-02-21,871.3968576253837,885.0325623491728,864.2821593803973,864.529541015625,3940400.0
2025-02-24,870.0806934192753,883.7559562520127,860.9078242659796,872.1686401367188,3017100.0
2025-02-25,881.4108801443723,902.4482245151654,881.4108801443723,892.3550415039062,5111300.0
2025-02-26,888.9609005906183,912.7689053260232,887.209419391207,905.4266357421875,3032800.0
2025-02-27,906.1292073375224,915.8068058152651,894.5913545429412,895.6798095703125,3085400.0
2025-02-28,892.3946116447934,911.5715797861717,883.2612409159914,910.98779296875,4071100.0
2025-03-03,903.2396527119402,925.8305565062062,900.4689909727417,919.982421875,3979800.0
2025-03-04,912.5809661126528,919.4284730051143,893.3346624186603,901.51806640625,3343500.0
2025-03-05,895.3234418022897,920.7443765017407,892.1965650671722,919.982421875,3109500.0
2025-03-06,910.7798799921873,921.6251111717693,888.8718112090856,903.2001342773438,3273100.0
2025-03-07,895.9074147910333,898.4900644681105,852.3682486714332,860.4724731445312,4818100.0
2025-03-10,844.9665478019526,854.1493827202588,817.1312228961106,821.0695190429688,5962900.0
2025-03-11,818.5363881688003,823.6324137504785,803.1393572046143,815.4292602539062,3796500.0
2025-03-12,806.4145960403595,825.9082792699604,804.7422939166955,813.252197265625,3014800.0
2025-03-13,809.6701786034394,812.510114914128,787.0496166126107,793.2539672851562,3566300.0
2025-03-14,794.6986366923725,806.6719439380813,791.6212236803327,804.9600219726562,3102300.0
2025-03-17,808.3936876445754,820.3174699109028,806.0386097388524,816.1218872070312,2546600.0
2025-03-18,824.6911542597699,827.531090467741,804.1090152502452,813.8954467773438,2354900.0
2025-03-19,813.1137522829972,833.3100236013995,810.9170322655541,828.24365234375,3790500.0
2025-03-20,830.2424592145377,845.4415719596052,823.7412627764459,833.745361328125,4402700.0
2025-03-21,829.025301263694,841.5230259658852,816.6760296969497,828.7977294921875,5963800.0
2025-03-24,836.4666056240544,857.7908910831003,828.9857871865729,855.841552734375,3102400.0
2025-03-25,860.4427809708524,865.7565335984158,839.0393173229274,843.4229125976562,2670600.0
2025-03-26,836.83274428414,842.4928073887085,817.7447981062245,818.1010131835938,2562100.0
2025-03-27,814.2022497196205,818.1108917029911,806.7510857476748,813.0642700195312,2128200.0
2025-03-28,811.4117256124293,821.0893237201336,808.8686352736721,813.8954467773438,2124700.0
2025-03-31,800.5070900354771,819.3378074123203,781.1322055849639,817.259765625,3737000.0
2025-04-01,810.0262888521049,812.0647108252277,788.6525427184707,796.7963256835938,2987700.0
2025-04-02,786.7131129710551,811.2632625881279,786.7131129710551,809.6503295898438,2683800.0
2025-04-03,802.0210787334129,810.2143261913467,778.8166718044554,780.825439453125,2675100.0
2025-04-04,754.1280411284046,760.2235583089973,727.0051458086009,730.4783935546875,5299400.0
2025-04-07,690.6202517275007,740.165852898295,669.9985524283524,716.1500244140625,6274400.0
2025-04-08,747.0727104619698,755.503495713319,705.809503020678,718.6337280273438,4115200.0
2025-04-09,697.0225477831576,746.9243660132157,681.7838142780848,745.8161010742188,6619000.0
2025-04-10,731.1611289022653,734.1791725403252,684.5247417907444,713.3594970703125,4182700.0
2025-04-11,715.3188235298305,728.1332037383269,704.523055631612,724.7390747070312,3603400.0
2025-04-14,742.590223450889,751.6047959711234,726.8270725037797,746.4493408203125,3461200.0
2025-04-15,747.6564497864921,757.2944270076592,743.6191652689877,749.2495727539062,2458100.0
2025-04-16,747.7258970912543,748.3789580753001,722.690886104314,727.203125,3302600.0
2025-04-17,831.993949280092,849.0138187990689,813.2325636858868,831.1627807617188,10853400.0
2025-04-21,832.6964832681513,835.071310712146,798.5479129173493,809.4525146484375,3326600.0
2025-04-22,813.271987640872,823.2859902872127,805.4745145358067,818.8726806640625,3086500.0
2025-04-23,828.1940389136379,837.1492407698895,810.0659079868923,820.7329711914062,2714600.0
2025-04-24,827.2441417664407,853.2192120073129,820.5252786733272,850.7255859375,2939500.0
2025-04-25,850.6563917700755,876.3049641659596,842.156392283759,875.2758178710938,3398900.0
2025-04-28,861.3233916206647,873.0096963902855,855.3565182336549,868.1016235351562,3457600.0
2025-04-29,868.5075056062632,883.1227723636307,864.8759599088871,875.928955078125,2454400.0
2025-04-30,878.897441297038,893.0476580377349,872.8811033215096,889.5348510742188,4374100.0
2025-05-01,835.1604197029884,842.0178315414292,783.7743125012365,785.7830200195312,12601100.0
2025-05-02,816.4781252435673,822.8210241197909,799.1317565861522,814.9938354492188,6059400.0
2025-05-05,808.4431354620668,820.9507646844282,803.5252178385797,812.8564453125,2889600.0
2025-05-06,808.3343109371158,809.8482550647403,762.2817093237117,767.0017700195312,5982000.0
2025-05-07,772.3254612683859,776.1252697404332,764.1717722759315,768.5850219726562,3807800.0
2025-05-08,756.9877219798929,761.9155442943288,731.3392137224852,743.5796508789062,6162000.0
2025-05-09,744.1339338299258,754.0292001716842,725.3230228508969,726.8765869140625,4072600.0
2025-05-12,720.2465998705965,757.3142817889034,714.6161920516583,747.656494140625,9176100.0
2025-05-13,747.6366900065735,751.5453315255509,733.0906392527053,738.24609375,4523900.0
2025-05-14,741.3928596125298,751.5454116371617,706.551668583561,708.0656127929688,7558500.0
2025-05-15,718.0993909903264,730.9434255953811,704.7506882084301,725.60986328125,5212900.0
2025-05-16,733.7506203120006,752.46125628838,731.7675105273736,750.9937744140625,4645100.0
2025-05-19,746.6407441098337,752.3124083622477,741.2466837236307,748.73291015625,4062700.0
2025-05-20,749.6154846485974,757.052146202651,736.725271288238,740.701416015625,3873500.0
2025-05-21,740.7409727481104,744.1816992420295,717.8558718987254,718.82763671875,4060000.0
2025-05-22,711.0438908679146,716.0909312014154,705.5407740795512,709.1599731445312,4249900.0
2025-05-23,704.0038662752786,713.5624685054903,703.0123115340458,707.6825561523438,2635700.0
2025-05-27,710.9746216156627,725.1339937712683,708.2974113471694,719.0953979492188,3792700.0
2025-05-28,719.0953572548234,723.8250931108439,708.7038821112295,713.3146362304688,2948800.0
2025-05-29,713.1559537105494,721.1875840631129,710.9051654229004,716.4677734375,2785500.0
2025-05-30,718.8772036371053,739.6007224050066,711.0538220272783,731.440185546875,6106200.0
2025-06-02,726.3138983240821,741.0583135071872,724.5291117700249,740.8104248046875,2946900.0
2025-06-03,739.9477420334321,750.6069557377663,735.1982165048254,744.4395141601562,3056500.0
2025-06-04,750.0021702673405,766.0950857464227,749.6154493600052,759.3723754882812,3135900.0
2025-06-05,763.001308061339,763.497085389514,746.6902218604425,759.2135620117188,3636400.0
2025-06-06,761.9900338979436,766.0752349425956,758.737765536435,763.3782348632812,2069900.0
2025-06-09,765.4306962536613,772.7086741790158,761.1075320972661,767.1758422851562,2262200.0
2025-06-10,770.5273331422937,801.8009492188204,770.438066583133,800.3731079101562,4744400.0
2025-06-11,802.8123225607357,813.7887803177479,798.2313444857547,801.7810668945312,3125400.0
2025-06-12,803.486586014163,811.6470623266997,799.5401569140131,805.1722412109375,2271100.0
2025-06-13,803.4965246813923,818.0326910846031,801.2753911442019,812.4403076171875,2754600.0
2025-06-16,814.7407869594977,818.0327563443632,798.9552505947094,800.7598876953125,2821800.0
2025-06-17,798.3602259879503,798.3602259879503,782.2772363859073,784.5578002929688,2875600.0
2025-06-18,783.2787010676199,783.9529510474804,772.8574507730262,778.4002685546875,2442900.0
2025-06-20,779.3620738109855,779.3620738109855,749.1791432390443,756.28857421875,6210600.0
2025-06-23,764.0227184034529,786.5111731017507,757.3792894063722,764.1317749023438,3951500.0
2025-06-24,766.3627397309018,777.815184608074,756.5760995158913,771.5089111328125,2788500.0
2025-06-25,772.4211594553689,792.2026890575561,767.0667395336776,785.6088256835938,3023100.0
2025-06-26,787.2448662081758,792.053882295537,781.5929923139549,788.4049682617188,3118200.0
2025-06-27,789.0793001149837,795.7227293989528,768.098027112398,768.9011840820312,4115100.0
2025-06-30,771.9650872106841,778.3705532962413,767.4634500016442,772.94677734375,3041500.0
2025-07-01,772.9467609618836,783.3283109191647,766.4718789120434,769.347412109375,2734000.0
2025-07-02,769.9423619667843,773.2541818845334,761.514145512544,772.6989135742188,1978300.0
2025-07-03,773.8688996219421,776.9327701366556,766.4718788488047,774.0770874023438,1450800.0
2025-07-07,774.0869971415931,774.5530593697288,755.5945363584027,766.3429565429688,2576900.0
2025-07-08,768.306201733812,785.9955657449415,762.3073073823774,771.0924682617188,3301800.0
2025-07-09,777.1805850419153,787.2944553888858,775.38587340193,780.2742309570312,2703100.0
2025-07-10,783.0010744825429,792.7381500365019,779.7884465623587,783.9728393554688,3130400.0
2025-07-11,779.7091380039669,789.0099274090929,770.6364473694707,786.3129272460938,2852500.0
2025-07-14,783.3283286451447,794.1164502154036,780.7106093259557,792.5894775390625,2401400.0
2025-07-15,794.8996613369304,798.6179915645292,757.9246073407786,765.2323608398438,4174100.0
2025-07-16,766.9676132293743,789.3172359182875,765.6389032112719,783.1299438476562,3255400.0
2025-07-17,780.1453684836391,783.3282811345823,753.6014880092224,755.0689697265625,4107300.0
2025-07-18,757.4090682253558,769.4069181434363,754.0774584759505,765.1928100585938,3357700.0
2025-07-21,761.6826901412245,765.4803622517999,754.0774812078936,755.7432861328125,3058000.0
2025-07-22,756.8934688081879,771.7171646749002,756.0605361462561,769.8828125,2496600.0
2025-07-23,773.412764322813,793.3331274069253,770.5174411762497,792.1432495117188,2683600.0
2025-07-24,794.5922946196335,803.2981743158488,790.9136652543501,798.6279296875,2786400.0
2025-07-25,802.1678205810194,808.3055471172544,795.5938075188598,805.82666015625,2976900.0
2025-07-28,805.7869755270334,813.2929915756563,795.7226708098459,801.2852783203125,2587700.0
2025-07-29,767.9591592052366,772.9070077589267,748.8023140399092,756.5067138671875,7100700.0
2025-07-30,767.4634991577633,771.5288500746174,752.0051315060042,753.6610717773438,4338700.0
2025-07-31,740.9888679136957,759.9771659772399,729.229042859929,733.8199462890625,5810300.0
2025-08-01,740.5129435462677,761.5140663962374,739.6899361383702,755.8919677734375,4859500.0
2025-08-04,753.5518466458209,767.9393159870364,746.2143776875052,762.505615234375,3353400.0
2025-08-05,759.1045886251067,763.4376781061336,753.1056944014155,759.4813842773438,3615200.0
2025-08-06,750.1707185835259,756.5563340994654,733.9389708835448,740.0667724609375,4752100.0
2025-08-07,669.9538466323794,672.5616404309403,627.8524712533562,635.44775390625,26101600.0
2025-08-08,649.4684444401087,650.6384719326131,618.5121302293845,620.3663330078125,14125100.0
2025-08-11,624.1044624867036,648.9131852234053,620.614230424126,629.85546875,11294200.0
2025-08-12,634.0993233280717,640.7229024297908,624.0846436022342,634.0299072265625,6897400.0
2025-08-13,644.9072938685231,656.1614171247376,639.0570960889964,654.9120483398438,6310000.0
2025-08-14,656.4092745115997,679.6909617397549,649.5675222159092,678.6498413085938,8395900.0
2025-08-15,689.8492348794763,702.360295287973,681.5018561512809,696.8351440429688,8224600.0
2025-08-18,690.6640705047233,703.3142674500175,689.1535775013595,693.675048828125,4997300.0
2025-08-19,702.1813888760971,709.7934146762353,694.1719064213376,698.802734375,5941000.0
2025-08-20,697.1233836240052,701.3765280437559,680.8559841652877,701.018798828125,4139400.0
2025-08-21,700.7802977632224,713.897581264071,700.7802977632224,705.371337890625,3617300.0
2025-08-22,710.558592771279,714.9509348812028,704.9837670001789,707.2196655273438,3222700.0
2025-08-25,706.5438798197412,709.02821132403,689.878964680132,690.9721069335938,2898100.0
2025-08-26,711.7511051467837,731.5661377724492,708.6307698867109,731.4171142578125,7695600.0
2025-08-27,732.3412786602195,741.9109294948814,726.9651507419878,729.5687255859375,4326200.0
2025-08-28,731.188519287577,733.9610723790537,721.787846624947,727.3726196289062,3117000.0
2025-08-29,727.7303282931698,732.7983407335267,723.9342621522303,727.9887084960938,2551200.0
2025-09-02,723.4273885129674,732.5200660984984,719.1046759476245,730.582275390625,3222500.0
2025-09-03,727.4321654666944,733.2057495117188,724.4509676330648,733.2057495117188,2222500.0
2025-09-04,731.7053024576715,742.318360901481,730.7215167440306,738.2539672851562,2423400.0
2025-09-05,740.0327181303616,740.0327181303616,718.0414096877439,722.65234375,3958200.0
2025-09-08,725.1366560837786,738.0452331862986,714.7123498927086,734.0106811523438,4534600.0
2025-09-09,729.578679409936,748.1217658878764,729.2706246935512,745.9057006835938,2986900.0
2025-09-10,743.4014604770889,751.0631001399662,737.8365214277803,749.8905029296875,2477400.0
2025-09-11,747.7639285232369,756.3597402465629,745.6671671786654,751.5401611328125,2197500.0
2025-09-12,755.405711082415,756.8267414550637,743.312002042612,750.6557006835938,2198300.0
2025-09-15,748.3502748111677,751.5998000758158,737.4589428295415,743.5008544921875,2790900.0
2025-09-16,740.7382686768253,765.5518058509966,739.873726076001,759.9173583984375,3881300.0
2025-09-17,756.7174285775095,772.0905034532561,751.5997420742965,755.365966796875,3471200.0
2025-09-18,756.6082249461398,767.6982554396907,754.253083246533,758.1484985351562,3464000.0
2025-09-19,760.2054485315817,760.2054485315817,744.5044853852454,747.2769775390625,7349500.0
2025-09-22,743.8685394186093,757.2640366604928,741.5929133952355,750.218505859375,2527400.0
2025-09-23,745.8659278054706,748.2806908841919,738.5122818810157,742.2984008789062,2910100.0
2025-09-24,741.3145679834596,742.2586260781442,731.5461596031568,737.2005004882812,2243000.0
2025-09-25,733.0467563827764,735.3621704698295,707.5873304141257,710.1114501953125,5136400.0
2025-09-26,719.5816727124286,724.4310928363001,712.58581677842,719.9990234375,3559700.0
2025-09-29,721.0027208836202,723.2982409070536,711.592101686436,721.9567260742188,3309200.0
2025-09-30,722.4039144412288,761.5469977192845,720.7642312955068,758.218017578125,6234300.0
2025-10-01,758.5160994148447,828.0773830623959,758.5160994148447,820.2467651367188,10124500.0
2025-10-02,809.2560875044871,829.2301496972177,807.7158140632815,814.711669921875,4291800.0
2025-10-03,819.7698405532567,842.8145038591455,810.9852169632413,834.6062622070312,5088500.0
2025-10-06,834.685771802455,851.2016039950062,833.4038178350887,839.7537841796875,3651400.0
2025-10-07,839.7041213326489,843.2219132131077,831.3369090826978,838.3427124023438,2610800.0
2025-10-08,844.6726992158643,850.635094739741,839.6940892490076,840.4194946289062,2180900.0
2025-10-09,846.352161970374,854.8585110168692,840.3997131092715,849.9891967773438,3071700.0
2025-10-10,852.6226328546635,858.9328110628743,824.9074140668944,828.2662353515625,3431000.0
2025-10-13,827.4613259368307,830.0847947852523,812.2273868733573,814.2645874023438,2167500.0
2025-10-14,816.937673627974,816.937673627974,800.9484891365909,807.2586669921875,1928400.0
2025-10-15,807.4078220136677,824.9869559738304,803.5124067966583,821.3896484375,2355800.0
2025-10-16,819.8989698698681,829.4686197337215,810.2597514451644,814.24462890625,2272900.0
2025-10-17,784.0153938477256,799.398357047327,778.937373518576,797.7984619140625,3983000.0
2025-10-20,800.5509659493778,804.3370847654546,794.757548505903,803.8899536132812,2279700.0
2025-10-21,801.8726341850876,807.8946512740189,793.7041813819118,794.5587768554688,2099500.0
2025-10-22,793.3961584982779,810.8262070472514,788.8448460561156,807.3381958007812,2930600.0
2025-10-23,801.3459663530285,819.5312602000379,800.9683431253289,815.8941650390625,2632900.0
2025-10-24,810.1007989042716,828.9220973371639,807.4077616428007,820.276611328125,2211200.0
2025-10-27,819.829454439881,821.2405378514536,806.3941693049462,821.2305908203125,2114800.0
2025-10-28,820.8231910975745,824.2615279945036,808.9480734784095,814.9601440429688,2493500.0
2025-10-29,822.1249395487472,825.0862433767649,804.5557539318775,808.4313354492188,3591200.0
2025-10-30,832.2511464057412,847.6540034436982,807.1593954245532,839.207275390625,6037200.0
2025-10-31,833.9006722653443,864.4579515598643,828.9618500584834,857.4521484375,5015000.0
2025-11-03,861.0992132758607,895.6910456398956,857.2136845091974,890.9111938476562,5401500.0
2025-11-04,885.8231497746207,909.4839205410476,878.1018887208004,901.1763305664062,5911500.0
2025-11-05,905.290451160173,949.4718269562402,902.1701160583799,920.0076293945312,7272900.0
2025-11-06,922.1839798731911,943.946751073062,910.5175672460269,931.5648193359375,6417400.0
2025-11-07,925.3340301584823,926.1588452544814,895.2537835848308,918.57666015625,4373400.0
2025-11-10,933.8503533456447,975.8355597206689,932.5286718782033,960.581787109375,5696600.0
2025-11-11,960.4922637198348,993.6829579031884,959.2401508985852,982.4239501953125,4166400.0
2025-11-12,986.8957640151474,1016.0121185148515,983.8946720048291,1011.4012451171875,5185200.0
2025-11-13,1003.7594783618752,1026.4761324195943,1003.7594783618752,1016.4593505859375,4153600.0
2025-11-14,1004.1487693196433,1028.6503925085228,1002.9445650830799,1020.3505249023438,3862300.0
2025-11-17,998.8941854985958,1027.1775887158303,993.5002613240432,1016.7877807617188,4720000.0
2025-11-18,1009.134736324086,1035.7162780527724,1009.134736324086,1025.09765625,3430500.0
2025-11-19,1024.689473962122,1050.514656974974,1021.3157586078122,1044.553466796875,3571200.0
2025-11-20,1040.473261279999,1051.9179695580667,1033.2581191046952,1038.27392578125,3135700.0
2025-11-21,1035.9949374857592,1061.5216381959945,1033.0093612970395,1054.60498046875,4266700.0
2025-11-24,1051.6890136839,1070.5478524936416,1044.3345306146582,1065.0146484375,5497200.0
2025-11-25,1070.6574076793615,1105.767811974447,1068.0898559525365,1104.6033935546875,4181500.0
2025-11-26,1096.7016800392362,1106.6436392711914,1092.8204066026697,1099.0303955078125,3093700.0
2025-11-28,1091.4470259808966,1093.7659012706424,1062.5565708176712,1070.2991943359375,2732200.0
2025-12-01,1069.2144177895186,1078.9374633575874,1049.9275913934944,1052.8037109375,3070200.0
2025-12-02,1047.509272342548,1063.0443275893056,1035.358015941903,1041.09033203125,3280000.0
2025-12-03,1041.3589678236021,1046.4244610705716,1017.4046891782,1028.5906982421875,3447000.0
2025-12-04,1027.6652260825256,1027.6652260825256,1002.3375749152423,1009.6124267578125,3854900.0
2025-12-05,1018.9174927370276,1022.450412496346,999.1728550112521,1005.4525146484375,2502100.0
2025-12-08,1005.880440675848,1009.3238271651829,984.1255562238156,992.793701171875,3088600.0
2025-12-09,998.0184756471401,1007.1344085874507,974.4721964665882,977.49755859375,2569700.0
2025-12-10,980.2641967670606,998.1776541699105,972.4220783335878,988.8626708984375,2966300.0
2025-12-11,1003.3029107290122,1026.6003911277228,982.2545741295546,1004.5269775390625,4517000.0
2025-12-12,1003.9099127904421,1023.9530946707475,998.6751930414779,1022.5697631835938,3275200.0
2025-12-15,1027.5856217270668,1059.8795558446513,1027.5856217270668,1057.0830078125,4648400.0
2025-12-16,1058.386626140592,1063.1137878464385,1031.2477225519997,1049.220947265625,4024500.0
2025-12-17,1059.1829099005677,1059.1829099005677,1031.426990030952,1036.7811279296875,3726600.0
2025-12-18,1036.791131528478,1074.070987035387,1034.5419877654272,1051.798583984375,3848600.0
2025-12-19,1053.918283688974,1070.2095717776688,1053.918283688974,1066.2884521484375,5829100.0
2025-12-22,1071.5430355654748,1078.2705427927995,1057.8890313163517,1071.30419921875,2625600.0
2025-12-23,1058.3866715268186,1083.2465477685912,1058.3866715268186,1066.487548828125,2108600.0
2025-12-24,1069.4731645765346,1080.5098100384805,1067.5523905295024,1071.8018798828125,932800.0
2025-12-26,1071.8019199849723,1076.190750962992,1063.1637209780502,1072.5682373046875,1014600.0
2025-12-29,1072.7673000898237,1080.2810492097053,1069.2145176644246,1073.5435791015625,1653000.0
2025-12-30,1073.7723531720815,1077.165992007705,1066.915465511473,1074.55859375,1251500.0
2025-12-31,1074.5685934779876,1078.29060208122,1069.2642635072675,1069.5130615234375,1646700.0
2026-01-02,1071.2248494638045,1075.464377721322,1047.021708460159,1075.165771484375,2469100.0
2026-01-05,1064.0891348034304,1080.1615100825825,1028.4115254950566,1036.50244140625,4084800.0
2026-01-06,1039.0899632035066,1065.6814657887062,1034.9301284393675,1058.9241943359375,2690700.0
2026-01-07,1071.8218421580543,1112.2863850890499,1070.7868035472047,1102.7623291015625,4652800.0
2026-01-08,1108.335385788648,1128.4979866210772,1065.004806151906,1079.972412109375,3156000.0
2026-01-09,1081.6045505586164,1099.2095613970903,1057.9190522515414,1058.446533203125,2561900.0
2026-01-12,1052.913195021609,1078.1512509783338,1052.913195021609,1075.8026123046875,2380200.0
2026-01-13,1077.7929883708016,1084.9782458039233,1063.9498329628004,1072.0108642578125,2194200.0
2026-01-14,1076.5490469772049,1078.7882291872338,1056.0182292321372,1068.1297607421875,1912600.0
2026-01-15,1057.4512357681897,1062.5167288696625,1007.7015382677571,1028.00341796875,4183400.0
2026-01-16,1019.5047870569431,1044.8920280193158,1013.1056478325644,1033.4075927734375,3829000.0
2026-01-20,1023.2067312118843,1040.8215819157058,1011.0753376843255,1036.2835693359375,2484900.0
2026-01-21,1038.841202795245,1076.1310213342967,1037.0100833609351,1073.3345947265625,3685900.0
2026-01-22,1073.3345902171448,1090.2130091554063,1066.5871587042977,1082.1519775390625,2478200.0
2026-01-23,1078.5194485510995,1079.1065778385187,1057.90906030645,1059.1729736328125,2592900.0
2026-01-26,1057.1028162543003,1061.9493962552822,1038.3036254932533,1057.6402587890625,2244900.0
2026-01-27,1058.993784794818,1068.2291960618759,1029.8347309765086,1034.5120849609375,2587900.0
2026-01-28,1024.1620919498616,1024.739259613826,999.3121752303159,1018.8776245117188,3300200.0
2026-01-29,1020.4301085662311,1034.999734795593,1013.1055096364555,1019.2160034179688,2293000.0
2026-01-30,1028.3319870778819,1043.5284675351215,1015.0958843067945,1032.1634521484375,3303100.0
2026-02-02,1032.581466529788,1052.3261662711911,1032.581466529788,1039.1099853515625,2757100.0
2026-02-03,1035.7461900167323,1043.757535107464,988.8029951261738,998.635498046875,5483900.0
2026-02-04,1069.9508520618683,1108.6439231064642,1059.8795135622838,1101.7969970703125,7119400.0
2026-02-05,1060.377135242397,1069.8314597706021,1000.9940422923881,1015.931884765625,7742400.0
2026-02-06,1050.9228350424307,1054.9235266359035,1028.302138532319,1053.0924072265625,4887100.0
2026-02-09,1071.9113878834053,1101.6178467438212,1037.9057527524499,1039.6473388671875,3423800.0
2026-02-10,1045.6085626381637,1050.5745614834675,1018.9572891247709,1020.0718994140625,3539400.0
2026-02-11,1021.5646145621639,1025.1472815586387,1007.7513443836629,1010.3289184570312,2599900.0
2026-02-12,1019.9424783150961,1054.744315382707,1007.1343614043982,1033.278076171875,3592200.0
2026-02-13,1036.70721632076,1060.9905420363666,1030.4369716915373,1036.7271728515625,2698700.0
2026-02-17,1042.3195249332168,1063.6422267235766,1031.6233109515094,1032.7896728515625,2984600.0
2026-02-18,1029.111242983471,1034.2749955395802,1008.1274975750979,1017.348388671875,3236900.0
2026-02-19,1007.6389977676549,1022.0036233112775,1003.8310118515171,1019.9999389648438,2145800.0
2026-02-20,1020.6379168251309,1025.4128817228775,999.3052987370422,1006.3430786132812,3249400.0
2026-02-23,1043.7250373186002,1061.1001167943648,1030.7459919157943,1055.228759765625,4767600.0
2026-02-24,1039.6678928674237,1055.5677728378416,1020.8572797216431,1038.8704833984375,2803100.0
2026-02-25,1033.3178963354198,1050.3142896040592,1023.7680878719297,1025.59228515625,2481900.0
2026-02-26,1020.8572259755092,1023.6883762469391,1004.2098287420687,1018.8037719726562,2666400.0
2026-02-27,1015.9627185508582,1049.686274687273,1014.1584169416718,1048.679443359375,4325900.0
2026-03-02,1041.3326378577037,1052.8761524764825,1009.8121489925305,1014.7664794921875,3094300.0
2026-03-03,1011.8058570444964,1016.8001006156387,991.9385828373936,1004.5587158203125,2846000.0
2026-03-04,1008.4464987253422,1012.4637850492836,990.5330170166296,1000.411865234375,1965500.0
2026-03-05,986.8845515245071,990.4333460639426,962.5613119779828,980.165771484375,3769900.0
2026-03-06,971.9317266385822,988.100653952957,963.049792707641,987.2135009765625,2627800.0
2026-03-09,983.784333950107,1005.7549535551999,977.4941935562766,1005.2166748046875,2802200.0
2026-03-10,1002.83418258969,1008.8153009749168,990.8719458192365,998.1987915039062,1663700.0
2026-03-11,996.8830080332632,999.773845439799,987.1835862573768,996.693603515625,1446900.0
2026-03-12,990.3237148506786,991.3703984270073,970.0975267063949,974.1746826171875,2340100.0
2026-03-13,977.0455458989162,1000.0628478357056,974.9222441194306,981.97998046875,1984400.0
2026-03-16,988.8583094558494,995.0288325210872,972.4401682564842,986.00732421875,2289900.0
2026-03-17,975.8394027418863,978.0823221781021,922.3383148260817,927.4222412109375,5637500.0
2026-03-18,922.0890907194316,926.0765030036238,902.2616685339464,915.1609497070312,3443800.0
2026-03-19,911.1237460352095,921.6206385284581,907.9936126554613,914.6127319335938,2379000.0
2026-03-20,907.6845396228465,922.4678875062737,896.459964456981,903.8466796875,4818800.0
2026-03-23,910.6153208352844,923.8635373611237,904.3750107474923,907.6845703125,2817500.0
2026-03-24,904.1457394620375,905.8104670620288,892.7915683299592,900.1782836914062,2572700.0
2026-03-25,909.6184665310294,919.2481014543755,906.2292025302396,913.4264526367188,2177700.0
2026-03-26,909.5087898214708,913.4662672217889,893.4693974902108,894.1771850585938,2163200.0
2026-03-27,893.1803158561031,897.9951330323274,874.3497474964851,875.4761962890625,2740800.0
2026-03-30,885.6839975952473,894.6058447547833,880.3309014681423,883.83984375,3070200.0
2026-03-31,890.6782812475881,921.2318536028338,889.3325538776669,916.8756103515625,3464200.0
2026-04-01,923.963201213778,973.6064731575028,923.0759873572212,951.5162353515625,6267900.0
2026-04-02,942.0261420149325,954.6762097842849,927.0933026409266,932.6358032226562,2727100.0
2026-04-06,929.1069481644025,933.0545083725664,916.885580177885,924.1426391601562,1821100.0
2026-04-07,921.5906238874534,929.7249178205777,895.6226146907172,928.159912109375,2726900.0
2026-04-08,938.5571509390544,958.1154039093881,930.193538820966,950.300048828125,2568000.0
2026-04-09,945.4851977929503,960.7271201034192,936.3340939531898,952.18408203125,1672100.0
2026-04-10,960.6573634516782,960.9065767259203,932.5959244347699,936.5135498046875,1958900.0
2026-04-13,937.0119477769471,942.9233400036062,924.2522406934972,926.624755859375,2089600.0
2026-04-14,922.0891176135883,936.9721270972515,912.1604388328548,919.5969848632812,2360200.0
2026-04-15,920.593792445002,927.0733372754216,885.2354439366069,902.1819458007812,4233400.0
2026-04-16,908.801026960914,917.1048301218852,895.3236147437239,901.1452026367188,2836600.0
2026-04-17,914.9117367117833,927.0633780852016,914.9117367117833,924.1127319335938,3266100.0
2026-04-20,923.9831596651563,926.714527415211,909.6284507354939,917.0051879882812,1926300.0
2026-04-21,907.335681472196,910.1766884000859,878.3371987354724,900.1782836914062,4062800.0
2026-04-22,903.5476988439485,919.6368620764358,899.3907774964442,918.5802001953125,2623800.0
2026-04-23,926.5649128306416,927.0733176106758,909.0203238453491,914.76220703125,2149200.0
2026-04-24,897.1777015529327,897.5863845225863,868.9866687765003,881.17822265625,4463700.0
2026-04-27,875.3666156333151,888.3954929226531,865.3083411056161,865.5376586914062,2700300.0
2026-04-28,869.1562665576963,875.3865986071032,860.6331236396386,871.2496337890625,2561300.0
2026-04-29,863.3145980370119,866.2852615148557,847.8335017278876,848.5313110351562,3904600.0
2026-04-30,895.9516503339994,942.5245975408566,893.9778398405214,931.6588745117188,8236700.0
2026-05-01,945.9637102440191,981.3519933797763,940.8298927194866,960.2984619140625,4352400.0
2026-05-04,956.9789952621817,971.1542174248215,948.7649352877417,964.884033203125,3696900.0
2026-05-05,968.8315715497023,989.6757430478592,961.3750690069656,985.7581176757812,2955500.0
2026-05-06,988.2302425491248,993.3540818065266,980.4049704773616,983.9437866210938,3921200.0
2026-05-07,982.2691205937397,985.8877021637693,964.0565952407051,971.8919067382812,3494900.0
2026-05-08,971.0046408254262,976.9159720079372,944.528226711669,945.4652709960938,3559200.0
2026-05-11,946.0135830822682,991.8688252548543,940.2916560764954,963.9469604492188,3517500.0
2026-05-12,971.3735082738284,994.3808941728176,968.1237575297004,986.7549438476562,3037500.0
2026-05-13,991.6195531343258,1019.6012250311029,988.8782072975633,1012.553466796875,3486400.0
2026-05-14,1014.2880666688498,1014.9659194861617,992.8756812195201,1003.5320434570312,1751700.0
2026-05-15,1005.5390444380284,1012.9284798016497,995.9827312970458,1003.4819946289062,2820700.0
2026-05-18,999.178190877578,1001.5647856023525,977.4693088655251,986.6761474609375,2016000.0
2026-05-19,988.094107956462,1020.3378818647412,983.1910996039106,1019.9484252929688,3796000.0
2026-05-20,1023.5232860815062,1036.3948558298027,1002.2537773964797,1017.4120483398438,2998800.0
2026-05-21,1022.8343960843537,1045.8014857929354,1020.5376383552378,1040.1595458984375,2705200.0
2026-05-22,1048.307868346138,1068.808398995321,1045.57167691261,1063.47607421875,3470600.0
2026-05-26,1073.4617591589422,1080.451742706954,1058.8426932253383,1063.2164306640625,2981000.0
2026-05-27,1070.7257027626156,1091.4360159485423,1068.3690943364431,1081.3704833984375,2583000.0
2026-05-28,1095.0707462541504,1147.455638110124,1090.4473668092492,1125.1876220703125,4600700.0
2026-05-29,1125.3873427999506,1131.0392778714993,1087.4517135516282,1103.4188232421875,4600800.0
2026-06-01,1093.4330996678991,1104.587159735981,1070.0665597342254,1080.6513671875,2693400.0
2026-06-02,1065.8426825442275,1076.677132769508,1050.6444902803703,1062.6273193359375,2408500.0
2026-06-03,1057.9838879593763,1091.7155790692293,1052.002469217514,1077.236328125,2655600.0
2026-06-04,1107.0136004539754,1138.8279950698538,1100.0436081393668,1123.6597900390625,4046700.0
2026-06-05,1141.3344246475979,1164.6211228863247,1129.4115688381448,1129.801025390625,4126200.0
2026-06-08,1157.3414957152966,1181.03751908803,1141.9635084077702,1147.505615234375,4504400.0
2026-06-09,1163.3329844381367,1172.919223278413,1136.1219768622232,1143.0421142578125,3822000.0
2026-06-10,1150.8508199949233,1164.7509449309998,1131.9079945381154,1134.743896484375,2700600.0
2026-06-11,1138.0790993007117,1168.445618410937,1124.029286323124,1159.2886962890625,2764900.0
2026-06-12,1163.3329952068277,1168.3158452372213,1131.1891145616216,1131.3787841796875,2438400.0
2026-06-15,1132.3773795658822,1135.8623760352932,1110.4188544174863,1127.7340087890625,3167200.0
2026-06-16,1137.1903926745556,1145.0491265040994,1113.9038152274152,1120.893798828125,2260700.0
2026-06-17,1115.1020393795836,1119.8852242643832,1103.3189974099319,1110.4088134765625,2383300.0
2026-06-18,1118.8866018077886,1120.7239346907902,1087.1021934898963,1096.9979248046875,4470500.0
2026-06-22,1110.6484253196847,1117.8480691305167,1091.5857763735082,1100.5029296875,3015000.0
2026-06-23,1115.4016990916177,1120.4145355415992,1077.6757287518992,1105.495849609375,3316300.0
2026-06-24,1127.7938930925102,1133.5156741858484,1099.4045216639347,1115.6612548828125,2908200.0
2026-06-25,1125.377344355867,1143.7910213581729,1112.4059419123287,1126.0762939453125,2757200.0
2026-06-26,1127.1847919697527,1214.0203175181387,1126.385887971802,1206.3912353515625,7725800.0
2026-06-29,1221.0303724597723,1236.2285651446412,1201.4184604014058,1228.170166015625,3684700.0
2026-06-30,1227.1215552703966,1228.289924956779,1188.4968502714457,1197.7137451171875,3723600.0
2026-07-01,1215.7678118488911,1215.7678118488911,1172.2502166027728,1190.03466796875,2720400.0
2026-07-02,1191.3028563838745,1230.2370533783453,1178.611082932329,1212.1729736328125,3296100.0
2026-07-06,1206.2714756707733,1212.0532297801387,1181.6467274753898,1198.3428955078125,2348800.0
2026-07-07,1231.115895395489,1247.662131997204,1221.020376270165,1233.7921142578125,2933800.0
2026-07-08,1219.352688556181,1240.1129788951298,1202.4369867212156,1214.0902099609375,2608600.0
2026-07-09,1209.906279625841,1228.2399936845827,1198.6523863592656,1215.2086181640625,2088100.0
2026-07-10,1208.5781581082656,1211.2242685582582,1176.633822247918,1186.879150390625,2010200.0
2026-07-13,1178.4213416763978,1194.5782430153513,1164.3415420358285,1180.1788330078125,2072700.0
2026-07-14,1164.34156565823,1164.34156565823,1139.1077050062586,1150.890869140625,2642900.0
2026-07-15,1143.8608966985407,1159.1589215781396,1132.7768041389054,1154.9749755859375,2552200.0
2026-07-16,1160.606919191865,1187.3684977461296,1139.567000141386,1167.4970703125,2791100.0
2026-07-17,1157.7908279788985,1186.2500457002395,1149.3629637671152,1177.4227294921875,2757500.0
2026-07-20,1177.962048757002,1185.421330587627,1142.7924747409952,1145.2589111328125,2644200.0
2026-07-21,1141.3644904916512,1175.8949663653013,1137.3702140594844,1173.7281494140625,2092000.0
2026-07-22,1172.2302524500267,1173.3186586068066,1151.84942357698,1161.3458251953125,1555800.0
2026-07-23,1144.9792597871108,1187.8877433808489,1140.1462196291377,1184.173095703125,1909900.0
2026-07-24,1192.6409538306436,1205.2129043908355,1185.8007800260423,1194.318603515625,1983300.0
2026-07-27,1199.28141154798,1203.3256648997135,1181.7564762179802,1195.81640625,1592800.0
2026-07-28,1215.8576502767883,1230.2370689685347,1203.2857000745194,1218.913330078125,2375400.0
2026-07-29,1213.441224787548,1227.4310654142278,1203.0760728910564,1208.28857421875,2170900.0
2026-07-30,1172.3500452513354,1184.9519817244313,1151.4899232721182,1153.3172607421875,3027700.0
2026-07-31,1146.8665610144578,1148.9835225461318,1117.398778298039,1147.196044921875,2884600.0
2026-08-03,1150.351541298827,1160.2772591088094,1107.5628820454413,1119.75537109375,2934000.0
2026-08-04,1115.7811368621565,1134.2046878507613,1107.5729281811102,1114.0836181640625,4097200.0
2026-08-05,1172.3201258664246,1215.1986246007277,1136.8010765387792,1168.18603515625,6445700.0
2026-08-06,1194.8378857435737,1229.1187185012384,1171.8208196082655,1190.234375,3422400.0
2026-08-07,1186.3000678654585,1195.0875245338289,1159.5383677445811,1184.0133056640625,2898500.0
2026-08-10,1183.3143457370384,1230.1771240234375,1182.715228672979,1230.1771240234375,3011900.0
2026-08-11,1228.8890110102868,1236.2284690605584,1207.7992378032698,1213.2813720703125,2113200.0
2026-08-12,1200.0104299084633,1224.745006119121,1189.3756445711867,1218.533935546875,1941600.0
2026-08-13,1236.5281423774013,1238.3254935867142,1204.2743122867555,1207.27001953125,1927300.0
2026-08-14,1194.010009765625,1199.0,1171.199951171875,1180.1600341796875,2274500.0
2026-08-17,1175.199951171875,1198.52001953125,1163.5,1183.1600341796875,1807000.0
2026-08-18,1200.0,1228.469970703125,1194.010009765625,1225.72998046875,2509100.0
2026-08-19,1245.81005859375,1292.6500244140625,1240.5400390625,1280.3399658203125,4541800.0
2026-08-20,1274.1300048828125,1280.280029296875,1243.22998046875,1244.4000244140625,2621400.0
2026-08-21,1232.0,1271.219970703125,1230.0,1255.4000244140625,2497300.0
2026-08-24,1262.1400146484375,1262.1400146484375,1230.949951171875,1246.9300537109375,1664600.0
2026-08-25,1249.0,1264.72998046875,1229.7900390625,1233.6600341796875,2141100.0
2026-08-26,1234.0,1235.780029296875,1180.010009765625,1189.4100341796875,3000500.0
2026-08-27,1182.25,1190.1099853515625,1171.7099609375,1176.0999755859375,2730600.0
2026-08-28,1172.6600341796875,1180.0,1162.9300537109375,1174.6099853515625,2450800.0
2026-08-31,1168.469970703125,1171.449951171875,1147.0,1156.72998046875,3055800.0
2026-09-01,1188.0,1188.3299560546875,1156.8499755859375,1160.0,2520100.0
2026-09-02,1164.1500244140625,1187.8299560546875,1158.0,1160.0799560546875,2445100.0
2026-09-03,1170.0,1171.6600341796875,1137.5,1159.5999755859375,2550500.0
2026-09-04,1150.6099853515625,1158.43994140625,1138.31005859375,1149.3599853515625,2218900.0
2026-09-08,1133.0,1134.530029296875,1113.550048828125,1123.9100341796875,2400500.0
2026-09-09,1127.6099853515625,1138.7900390625,1119.0,1124.2099609375,2045000.0
2026-09-10,1126.0799560546875,1133.7900390625,1120.52001953125,1123.0,1995600.0
2026-09-11,1129.4100341796875,1131.43994140625,1113.2900390625,1115.699951171875,1837200.0
2026-09-14,1142.199951171875,1153.949951171875,1130.5,1138.280029296875,2129600.0
2026-09-15,1156.6300048828125,1161.0,1131.5899658203125,1136.1099853515625,1885200.0
2026-09-16,1137.31005859375,1151.22998046875,1132.6300048828125,1137.8199462890625,1475400.0
2026-09-17,1150.27001953125,1159.75,1138.260009765625,1152.43994140625,1896400.0
2026-09-18,1150.0,1157.5999755859375,1140.27001953125,1152.9300537109375,4542600.0
2026-09-21,1144.5,1170.9000244140625,1134.4100341796875,1164.8900146484375,2476600.0
2026-09-22,1146.1500244140625,1180.530029296875,1139.260009765625,1170.1400146484375,2453100.0
2026-09-23,1174.7099609375,1188.8800048828125,1145.97998046875,1150.989990234375,2154100.0
2026-09-24,1156.6700439453125,1197.7900390625,1151.0,1181.8900146484375,2417700.0
2026-09-25,1185.3199462890625,1190.0,1160.8399658203125,1183.4599609375,1923200.0
2026-09-28,1180.300048828125,1194.0899658203125,1172.56005859375,1184.780029296875,1971200.0
2026-09-29,1186.050048828125,1192.93994140625,1168.469970703125,1184.6300048828125,1658100.0
2026-09-30,1186.489990234375,1215.0,1155.27001953125,1157.0799560546875,3407700.0
2026-10-01,1155.0,1158.719970703125,1139.8499755859375,1149.8499755859375,2172500.0
2026-10-02,1153.8199462890625,1164.9200439453125,1136.6600341796875,1142.8499755859375,2052300.0
2026-10-05,1150.760009765625,1165.72998046875,1139.5,1143.1199951171875,1976600.0
2026-10-06,1147.1500244140625,1177.0699462890625,1139.97998046875,1157.489990234375,2131000.0
2026-10-07,1173.6199951171875,1206.6300048828125,1166.0,1188.719970703125,2303500.0
2026-10-08,1183.5,1186.0899658203125,1131.2099609375,1169.5999755859375,3090500.0
2026-10-09,1153.56005859375,1179.8199462890625,1151.6700439453125,1179.27001953125,1392100.0
