date,open,high,low,close,volume
2014-01-02,54.30983949137472,54.69613902714355,53.67590788201457,54.190975189208984,43195500.0
2014-01-03,54.498035515214355,55.12205987543085,54.01268239537755,54.04240036010742,38246200.0
2014-01-06,53.90372697414875,56.71678463645123,53.5372381451134,56.65735626220703,68852600.0
2014-01-07,57.15261501550413,57.99454976269414,56.67716911113126,57.37052536010742,77207400.0
2014-01-08,57.05356497507569,57.85588211405483,56.68707610944698,57.677589416503906,56682400.0
2014-01-09,58.093600150192295,58.40065682108658,56.112573768647906,56.67716598510742,92253300.0
2014-01-10,56.58802554775998,57.74692428812884,56.51868991945629,57.39033889770508,42449500.0
2014-01-13,57.36061534559148,57.69738996174454,54.854618329766076,55.37958908081055,63010900.0
2014-01-14,55.92437456929326,57.231851695785174,55.56778921143037,57.19223403930664,37503600.0
2014-01-15,57.42995442056356,58.014357355002446,56.72669096106313,57.053558349609375,33663400.0
2014-01-16,56.71678511628505,57.46957727681662,56.29086790940215,56.6474494934082,34541800.0
2014-01-17,56.75640522213915,57.27147253609199,55.53807444776353,55.765892028808594,40849200.0
2014-01-21,56.063049170740356,58.024268756439696,55.96399935585011,57.95492935180664,48669200.0
2014-01-22,58.2916927263079,58.74733161070677,56.558294851779536,56.96440505981445,61352900.0
2014-01-23,55.83522265551746,56.142283078245796,55.16167344202203,56.09275817871094,47951800.0
2014-01-24,55.61731818752897,55.88475342882755,53.88392007206646,53.93344497680664,55200700.0
2014-01-27,54.2107788162245,54.418785650048264,51.358100171972026,53.04197311401367,73924100.0
2014-01-28,53.50752385009275,54.75556882730869,53.48771313254862,54.61689758300781,48191200.0
2014-01-29,54.091927102975546,54.42870174614042,52.68539637734294,53.02217102050781,92995600.0
2014-01-30,61.53067631431851,61.907072372324436,59.88642462324989,60.500545501708984,150178900.0
2014-01-31,59.89633004066186,62.768815843864225,59.59917307954806,61.97640609741211,87794600.0
2014-02-03,62.43204220533438,63.165023593828906,60.124148546555624,60.89674758911133,74866600.0
2014-02-04,61.461337488124926,62.54099692509554,61.23351992710459,62.15469741821289,45985500.0
2014-02-05,62.14479900851029,62.560812733323544,60.68874341464801,61.600013732910156,51685100.0
2014-02-06,60.876937280640554,62.18441433611256,60.876937280640554,61.57029724121094,42086500.0
2014-02-07,61.67926444340222,63.95744430721164,61.629739533462356,63.709815979003906,60704300.0
2014-02-10,63.69000557454194,63.87819795497496,62.86787775591336,62.94711685180664,43666100.0
2014-02-11,63.14521635186933,64.3833578489648,62.74900956139558,64.23477935791016,45675600.0
2014-02-12,64.30410050425577,64.44277171615353,63.44235905275034,63.838558197021484,47282100.0
2014-02-13,63.571135659951125,66.69125366210938,63.44237166815993,66.69125366210938,61911700.0
2014-02-14,66.85963573590854,66.9388785993533,66.0870367098605,66.45352172851562,36694900.0
2014-02-18,66.30495183638179,66.8992582074239,65.44320268631066,66.66153717041016,43809900.0
2014-02-19,66.41390906892784,68.42464953428153,66.36438038911483,67.41432189941406,62087100.0
2014-02-20,67.0874600466517,69.44487866079788,65.1064337149947,68.96942901611328,130928900.0
2014-02-21,69.02887116328709,69.29630641706572,67.80062928596247,67.93930053710938,70932400.0
2014-02-24,68.08786533780136,70.76225512259462,67.88976574945292,70.10851287841797,76620300.0
2014-02-25,70.2769027011404,70.32643137984785,68.79113302410136,69.18733978271484,52077000.0
2014-02-26,69.52412869122007,70.54435614802084,68.19683698260317,68.60295104980469,55322700.0
2014-02-27,68.68217177256184,69.34582126434937,68.21663698347763,68.28597259521484,41653700.0
2014-02-28,68.8109597891771,69.21706631033915,66.74078307368828,67.81053924560547,66783700.0
2014-03-03,66.32476469725532,67.40442804309946,65.87903676842136,66.77050018310547,56824100.0
2014-03-04,68.00864472580552,68.24636579457182,66.97851001846288,68.1473159790039,42013500.0
2014-03-05,69.02886726411205,71.28723614895672,68.95953164245509,70.89102935791016,74567700.0
2014-03-06,71.1980958972653,71.20800314659371,69.58356187951932,70.16796112060547,46026500.0
2014-03-07,70.40567294132342,70.50472273989173,68.81094624622337,69.1378173828125,38927000.0
2014-03-10,70.09860818757771,71.465521090868,69.84108022473868,71.3466567993164,59871600.0
2014-03-11,71.8122078913191,71.90135045305784,69.29630342525027,69.43497467041016,59408300.0
2014-03-12,69.19723775829313,70.67309999044049,68.34539598636569,70.20755767822266,46340500.0
2014-03-13,70.61368638758243,70.67311476087674,67.50347556824799,68.1770248413086,57091000.0
2014-03-14,67.84025232411307,68.77133722408816,66.8200248564467,67.07756042480469,48227000.0
2014-03-17,67.53319039152592,68.29588223171783,65.98799221517991,68.08787536621094,52197000.0
2014-03-18,68.10769410676568,68.93972162064665,67.65205891244756,68.53361511230469,40827000.0
2014-03-19,68.51379845783937,68.63266276622966,66.82992898589974,67.59262084960938,43981000.0
2014-03-20,67.36480566788791,67.58271978366278,66.18609252729621,66.33467102050781,44439000.0
2014-03-21,66.88935391639768,67.27565345249913,65.55216263319916,66.60210418701172,59999900.0
2014-03-24,66.55257544827498,66.72096085612888,62.75890858465812,63.491886138916016,85696000.0
2014-03-25,64.27439880371094,65.56206894365013,63.17492858375159,64.27439880371094,68786000.0
2014-03-26,64.12582390149655,64.33383077135629,59.79728217763906,59.81709289550781,97503900.0
2014-03-27,59.93595118149252,61.3127676830414,57.429954031741964,60.3915901184082,112650000.0
2014-03-28,60.75807721438401,61.36229084484319,58.777050899964586,59.44069290161133,67052000.0
2014-03-31,60.203388484925995,60.936369883790526,59.3020216630228,59.668514251708984,53011000.0
2014-04-01,59.88642037890125,62.06554992766652,59.66851006898002,62.02592849731445,59291000.0
2014-04-02,62.61033405909105,63.30369400599894,61.61982092879627,62.12498474121094,66277000.0
2014-04-03,61.95659646774524,62.570713559699705,58.56904332532685,58.925628662109375,83859000.0
2014-04-04,59.37135989580299,59.62889544397596,55.78570316688236,56.21162414550781,125214400.0
2014-04-07,55.369683383071,57.449759365952445,54.91404448884768,56.40972137451172,108488000.0
2014-04-08,57.13280226664984,58.15302966403386,56.62763841348304,57.637962341308594,78836000.0
2014-04-09,59.06430648754771,61.867457035983044,58.6284782368522,61.81793212890625,100215000.0
2014-04-10,62.481572269614254,62.580622074723365,58.12331283167189,58.598758697509766,114988000.0
2014-04-11,57.0535652078031,59.73785915254328,56.76631921925127,57.9747428894043,91452000.0
2014-04-14,59.51993831145736,59.876523667852794,57.23185146025868,58.331321716308594,72325000.0
2014-04-15,58.727526147658764,59.113825675395006,55.34987642409533,58.529422760009766,108623000.0
2014-04-16,59.2227779961742,59.61898096131141,57.19222693663685,59.1534423828125,78774000.0
2014-04-17,58.737433295306985,60.0052927885591,58.16293759150412,58.3808479309082,88040000.0
2014-04-21,58.895907415595275,60.65902328491211,58.58885077598685,60.65902328491211,60364000.0
2014-04-22,62.055648900583805,62.838151399028916,61.6297279538124,62.43204116821289,60631000.0
2014-04-23,62.84805800177363,62.877772186148135,60.678831858250575,60.77788543701172,95908700.0
2014-04-24,62.99663828359206,63.04616696661466,59.20297467585598,60.292537689208984,138769000.0
2014-04-25,59.40107956145891,59.44069721895888,57.02384630008722,57.16251754760742,92502000.0
2014-04-28,57.499286546860354,57.75682207709972,54.14144763452779,55.60740661621094,107758000.0
2014-04-29,55.5578843856103,57.72710688830857,55.31025609075173,57.59834289550781,75557000.0
2014-04-30,57.03374576747131,59.282207165814604,56.61772830315812,59.21287155151367,76093000.0
2014-05-01,59.856710752604535,61.6891585930647,59.63879664758477,60.569881439208984,82429000.0
2014-05-02,60.718456227623676,61.30285914581393,59.609082541375464,59.88642501831055,54189000.0
2014-05-05,59.10392266104439,60.76798519086892,58.6185732939753,60.63922119140625,46057000.0
2014-05-06,60.40150125729445,60.569890485005374,57.9351252286268,57.9747428894043,55901000.0
2014-05-07,58.21246368370055,58.737434492819354,55.72627333040398,56.84555435180664,78587000.0
2014-05-08,56.68706566255649,58.2619816816752,55.96399153508167,56.22152328491211,61251000.0
2014-05-09,56.31067618514078,57.1030897999831,55.84513753170529,56.69697952270508,52584000.0
2014-05-12,57.429953744709685,59.33174101585341,57.429953744709685,59.26240539550781,48575000.0
2014-05-13,59.09401619001998,60.312346948460025,58.94543770156059,59.26240539550781,48525000.0
2014-05-14,58.96524399643809,59.87651801886521,58.39074835972964,58.6680908203125,47429000.0
2014-05-15,58.69781326008892,58.81667757006326,56.974322329050786,57.37052536010742,56814000.0
2014-05-16,57.756819863977,57.895491092557954,56.76630677010434,57.46957015991211,47933000.0
2014-05-19,57.34080407752392,58.99496295751604,57.02384018049088,58.64828109741211,43034000.0
2014-05-20,58.935540509563026,59.618993316553784,57.62806327448868,58.004459381103516,53931000.0
2014-05-21,58.004458233216525,59.926052609523396,57.69739776040889,59.9161491394043,58992000.0
2014-05-22,60.361864040553144,60.89674199558069,59.826989864033024,59.94585037231445,54200000.0
2014-05-23,59.836901447824125,60.86703606866906,59.579369681866865,60.767982482910156,38294000.0
2014-05-27,61.03541825134489,62.90748746980586,60.98589335035273,62.87777328491211,55682000.0
2014-05-28,62.788629254170004,63.53151413181708,62.025933659698055,62.90748977661133,47795000.0
2014-05-29,63.234360256161324,63.68999918121559,62.90748909982943,63.224456787109375,42700000.0
2014-05-30,63.343320880218634,63.56123121822008,61.96650811538073,62.699485778808594,45253500.0
2014-06-02,62.63014590262408,62.9867312405109,61.46134008555406,62.481571197509766,35996000.0
2014-06-03,62.02592748770686,62.81833718931215,61.728774321918316,62.273555755615234,32217000.0
2014-06-04,61.85754909542597,62.98673352060507,61.4811530275303,62.739105224609375,36514000.0
2014-06-05,63.056065142182995,63.74942508269959,62.224033969264624,62.59052276611328,47352000.0
2014-06-06,62.768811650758146,62.87776869208692,61.56038828508463,61.907066345214844,42442000.0
2014-06-09,61.808024278253775,62.73910531223514,61.203810630619124,62.283470153808594,37617000.0
2014-06-10,62.92730942858777,65.19558581725502,62.89759523838524,65.14605712890625,69338000.0
2014-06-11,64.70032489689781,65.17577457984791,64.28431114745167,65.15596008300781,44242000.0
2014-06-12,65.22528996670925,65.8394108454191,63.45227050640008,63.680091857910156,55730000.0
2014-06-13,64.08618780266396,64.3536305434464,63.22444633284472,63.88808822631836,29419000.0
2014-06-16,63.55133668305274,64.26449990810279,63.14522260442489,63.581050872802734,31046000.0
2014-06-17,63.49189407559637,64.26449315598802,63.32350864669377,63.7890510559082,27715000.0
2014-06-18,63.878190931679924,65.12623961672526,63.44237028442226,64.9776611328125,35570000.0
2014-06-19,64.83899561902044,64.95785992804467,63.60085407216239,63.729618072509766,34245000.0
2014-06-20,63.84846679964635,64.19514483675837,62.74899676979507,63.88808822631836,46466000.0
2014-06-23,63.70980558058104,65.03709713278877,63.61075577686778,64.74984741210938,34560000.0
2014-06-24,64.7399341642843,66.53276038347985,64.65078405929421,65.09651947021484,57335000.0
2014-06-25,64.95785398760859,66.83983047812816,64.94794674017518,66.80020904541016,44308000.0
2014-06-26,67.35490574179869,67.35490574179869,66.2653426014965,66.49315643310547,47714000.0
2014-06-27,66.67142951418053,67.05772899064218,66.20588718177427,66.95867919921875,46461000.0
2014-06-30,66.8200119981615,67.27564711172144,66.49314086549401,66.65162658691406,27102800.0
2014-07-01,66.93887982407746,67.79072172915569,66.75067990920664,67.41432189941406,33243000.0
2014-07-02,67.39451516410851,67.6520506972817,65.16586059210896,65.81959533691406,41895000.0
2014-07-03,66.22570205136091,66.36437327154626,65.13613922546982,65.6611099243164,25203200.0
2014-07-07,65.67102123320886,65.93845644382064,64.5022154786164,64.67060089111328,28745000.0
2014-07-08,64.44278369666989,64.93804027609592,61.61982270534465,62.16460418701172,68926000.0
2014-07-09,62.80842844374063,64.50220852558188,62.550896729298,64.35363006591797,51432000.0
2014-07-10,62.7093760780708,64.72011237423793,62.451840595709285,64.25457763671875,44422000.0
2014-07-11,64.660705921015,65.95827590381869,64.17535652819032,65.71064758300781,39212000.0
2014-07-14,66.49314476195966,67.52327934050992,66.26533097033749,67.25584411621094,38537000.0
2014-07-15,67.31528228488695,67.44404629206731,65.63141271461035,66.53277587890625,44213200.0
2014-07-16,66.89926313563534,67.29546993118895,66.43372071763606,67.01812744140625,29541600.0
2014-07-17,66.39410455259208,67.20632514729196,65.4134985124461,65.77999114990234,38188000.0
2014-07-18,66.1662856030093,67.81053360574323,65.53235775171237,67.77091217041016,42456000.0
2014-07-21,68.15721616181447,69.29630794159547,67.85015946423623,68.74162292480469,49539000.0
2014-07-22,69.09818791920978,69.10808760800509,67.9590964755573,68.61283111572266,40398000.0
2014-07-23,69.07837222692513,70.65329177465674,68.94960826169493,70.6136703491211,78435000.0
2014-07-24,75.2393831086106,76.01198220928333,73.80314196577189,74.26868438720703,124168000.0
2014-07-25,74.27857741034963,74.9521266401925,73.95171382118792,74.4766845703125,45917000.0
2014-07-28,74.45687206321578,74.78374321811779,73.14939500062336,74.20924377441406,41725000.0
2014-07-29,74.0111396408704,74.20923923699299,72.72346959502802,73.0107192993164,41324000.0
2014-07-30,73.50597709868038,74.47668327305173,73.4267342360755,73.97151947021484,36853000.0
2014-07-31,73.29797620994161,73.46636163890224,71.75277804862579,71.96078491210938,43992000.0
2014-08-01,71.53485934519266,72.5253724736345,70.87121736282033,71.67353057861328,43535000.0
2014-08-04,71.67352295299897,73.17909942295987,71.67352295299897,72.81261444091797,30777000.0
2014-08-05,72.50556831376167,72.8918678843542,71.49524810383119,72.00041198730469,34986000.0
2014-08-06,71.33675053024724,73.02062734374088,71.10893674791966,71.78248596191406,30986000.0
2014-08-07,72.3074599151789,73.29797306470189,72.01030294751575,72.47584533691406,38141000.0
2014-08-08,72.70367602676026,72.73339021594089,71.87164094461983,72.36689758300781,27202000.0
2014-08-11,72.76309307017523,73.20882850949823,72.36688630978213,72.7432861328125,24591000.0
2014-08-12,72.39660421694458,72.63433281961362,71.53486259257066,72.13907623291016,27419000.0
2014-08-13,72.42630965179464,73.54558656519099,72.35697404754909,73.07013702392578,29266000.0
2014-08-14,73.26825976343959,73.67436622999624,72.99091728734905,73.59513092041016,22207000.0
2014-08-15,73.61493689846405,73.94180805117156,72.30745984464964,72.93148040771484,38846600.0
2014-08-18,73.29797088167125,74.01114153720997,73.25834945002849,73.88236999511719,23974000.0
2014-08-19,74.10029493661763,74.86299438259906,73.80314549132667,74.57574462890625,26679000.0
2014-08-20,74.25876648116984,74.46677332018811,73.91208841613938,74.10028076171875,22917000.0
2014-08-21,74.2092498375526,74.47669264323817,73.70409352817545,73.8625717163086,20102000.0
2014-08-22,73.63475034691038,74.021057461458,72.87205848017356,73.8625717163086,20897000.0
2014-08-25,74.22906089172949,74.56583174902939,74.08048240179652,74.30829620361328,19734000.0
2014-08-26,74.28850320738907,75.26910933376175,74.0210679209301,75.23939514160156,23993000.0
2014-08-27,74.55592491096274,74.77383902312677,73.75361164073702,73.9219970703125,36323000.0
2014-08-28,73.29798063790663,73.72390163848863,73.03054538499066,73.15930938720703,21947000.0
2014-08-29,73.5951278478384,74.11019134521484,73.3078781361613,74.11019134521484,26241000.0
2014-09-02,74.2984050214228,75.97236736578995,74.11020507548729,75.95256042480469,34979000.0
2014-09-03,76.40817295686587,76.74495130978133,74.8827820152225,75.11060333251953,32389000.0
2014-09-04,75.17004855305105,76.20018322091444,74.81346318505926,75.22947692871094,26676000.0
2014-09-05,75.37805486533756,76.6459105834453,74.8827982531382,76.52705383300781,29476000.0
2014-09-08,76.52705663679964,77.42841977437811,76.27942832162738,77.15107727050781,28183000.0
2014-09-09,76.85392022695414,77.42841973151974,75.4771073999198,75.9426498413086,28882000.0
2014-09-10,75.79407150367507,77.21050577099925,75.78417181210425,76.69544219970703,29909000.0
2014-09-11,76.39827980402843,77.61661435568361,76.319044491974,77.1807861328125,32219000.0
2014-09-12,77.27982738468236,77.55717739572212,76.36855716231128,76.74495697021484,26676800.0
2014-09-15,76.41809323701912,76.51714304347159,72.73338300366729,73.87247467041016,49679000.0
2014-09-16,72.82253429891787,75.50683198501552,72.37680633789972,75.3582534790039,37742000.0
2014-09-17,75.23938311563079,76.51714607340729,74.85308356525837,75.70492553710938,28693000.0
2014-09-18,76.04168702473987,76.59637949705069,75.79405875083788,76.2695083618164,23031000.0
2014-09-19,76.66571177656628,77.5571750352386,75.71482015298744,77.1708755493164,76671000.0
2014-09-22,76.26951838455524,76.79448918509257,75.22947647468665,76.07141876220703,31961000.0
2014-09-23,75.60587439217456,77.88405021864267,75.3186246572472,77.54727935791016,36814000.0
2014-09-24,77.35907839567247,77.87414948485718,76.77467924269214,77.79490661621094,30680000.0
2014-09-25,77.85433995191497,78.19111838662108,76.39828426504326,76.48743438720703,37533000.0
2014-09-26,76.85392104487748,78.09206263323046,76.59639303555197,78.04254150390625,28872000.0
2014-09-29,77.37889280393527,78.44864130138767,77.17088594173576,78.25054168701172,34031000.0
2014-09-30,78.59721779440112,78.9538031368337,77.85433292383586,78.2901611328125,35899000.0
2014-10-01,78.03263179598565,78.07225323240624,75.1799563868503,75.82379150390625,55090000.0
2014-10-02,75.84359106387389,76.74496165145032,74.92241353852256,76.3487548828125,36488000.0
2014-10-03,77.02230907770797,77.3194585055421,76.5270524743017,76.7053451538086,23340000.0
2014-10-06,76.45770324760201,77.15105934619204,76.12092488756207,76.82418823242188,25729000.0
2014-10-07,76.31904581731891,77.21050166028569,75.5167249788263,75.56625366210938,25317000.0
2014-10-08,75.45729241627946,76.97277633362607,74.3875363956763,76.78457641601562,32976000.0
2014-10-09,76.54686344054033,77.02231312991118,75.13042917799805,75.18986511230469,32487000.0
2014-10-10,74.87288302836079,75.77425359390402,72.06973664527746,72.21831512451172,52146000.0
2014-10-13,72.53529027196531,74.07058131016642,71.83201919829924,72.29756164550781,43938000.0
2014-10-14,73.29798266316165,73.47627535570405,71.36648479146605,72.8918685913086,50299000.0
2014-10-15,71.00988816178159,73.09987145456799,69.65288246359326,72.51546478271484,61528000.0
2014-10-16,70.11843070427692,72.65414209139178,69.91042383802291,71.94097137451172,53529000.0
2014-10-17,73.5258005179922,75.279005613105,73.0503508416644,75.22947692871094,76342000.0
2014-10-20,74.88280217965725,76.35866484543442,74.66488804974051,76.2199935913086,34701000.0
2014-10-21,76.82418924020661,77.99299493388705,76.41808282199503,77.94347381591797,32252000.0
2014-10-22,78.07225381719797,79.09248125236695,77.26994050546632,77.62652587890625,41862000.0
2014-10-23,78.62693545306927,79.86507695870033,78.26045040389272,79.28067779541016,35056000.0
2014-10-24,79.43914363124058,80.05326444310644,78.56749486728263,79.9046859741211,32248000.0
2014-10-27,79.97402961235771,80.03346554012633,79.00333095731895,79.51839447021484,30169000.0
2014-10-28,79.41935445894065,80.39006079068204,78.81514075840074,80.00375366210938,74212000.0
2014-10-29,74.73421343858287,76.15064753198061,74.0705714480369,75.14032745361328,106120000.0
2014-10-30,74.33801378096274,74.63516318715912,72.20840902998553,73.40692901611328,83270000.0
2014-10-31,74.21915134059151,74.98184314828853,73.74370169896397,74.27857971191406,44544000.0
2014-11-03,74.75403527331713,74.80355640100228,73.0008226103078,73.17911529541016,40727000.0
2014-11-04,73.52579118139911,75.05117471442279,72.95129176625161,75.04127502441406,39326000.0
2014-11-05,75.78416434769937,76.0714140723063,73.7139879038135,74.12010192871094,35913000.0
2014-11-06,74.17952792806578,74.88279134567532,73.60502849722458,74.5460205078125,21383000.0
2014-11-07,74.67477515733633,75.14031748077211,74.3082826234154,74.88278198242188,20774000.0
2014-11-10,74.6450756533894,74.76393995838782,73.9021907504353,74.28849029541016,21575100.0
2014-11-11,74.23895436179534,74.26867610290415,73.32768411685548,73.90218353271484,18715700.0
2014-11-12,73.57532590933103,74.4271679425659,72.8423481913208,74.01115417480469,26536600.0
2014-11-13,74.03095021537311,74.52620678703043,72.9413872691301,73.54560089111328,26448500.0
2014-11-14,73.56541068318697,74.21915301050691,73.33759688331426,74.16962432861328,19476900.0
2014-11-17,74.16961808601788,74.94222465064549,73.17910498763989,73.53569030761719,28701200.0
2014-11-18,73.74369978609194,74.09038542852251,73.19892209672977,73.6347427368164,20690500.0
2014-11-19,73.30787999051269,73.832850748334,72.4164166484503,72.63433074951172,25441200.0
2014-11-20,72.10936550291535,73.28807109699231,71.82211576201803,72.90177154541016,19154900.0
2014-11-21,73.79323895987818,73.79323895987818,72.80272568524894,73.05035400390625,23060400.0
2014-11-24,72.84233422117298,73.64464741327089,72.65413431408227,73.30787658691406,22103800.0
2014-11-25,73.50598674368678,75.0214707940347,73.42674387068413,74.91251373291016,32250200.0
2014-11-26,74.81345255534278,77.04210701012958,74.79364561860912,76.88362884521484,32695300.0
2014-11-28,76.93315355182321,77.52745992273378,76.49733291023038,76.9628677368164,15992000.0
2014-12-01,76.52705494784654,76.57657607557817,74.09039328717063,74.38754272460938,31789900.0
2014-12-02,74.61536898664147,75.18986851651182,74.3281192217063,74.74413299560547,16773900.0
2014-12-03,74.66488091948627,75.01156657871005,73.69418223330409,74.16962432861328,16689900.0
2014-12-04,74.12010809792633,74.83327884499703,73.95172265959474,74.52621459960938,14362800.0
2014-12-05,75.08089704476193,76.03178872711636,74.64506885646873,75.63558197021484,24306400.0
2014-12-08,75.45730411481452,76.51715305222157,74.68470494360409,75.79407501220703,25733900.0
2014-12-09,74.4865895369251,76.20018069616553,74.07057580705724,76.11103057861328,25358600.0
2014-12-10,75.92283303027654,76.81429635990514,75.34833360040304,75.45729064941406,32210500.0
2014-12-11,75.79406427470252,77.77509061029555,75.75445039816451,76.99259185791016,33462100.0
2014-12-12,76.42799469206533,78.13167088216215,76.28931590512377,77.09163665771484,28091600.0
2014-12-15,77.71566094934558,77.83452524803513,75.83368445034678,76.25960540771484,29396500.0
2014-12-16,75.4671997879886,76.65581255260447,73.8823726924799,73.98143005371094,31554600.0
2014-12-17,74.29841434083914,75.68513465126713,74.18945725921151,75.38797760009766,29203900.0
2014-12-18,76.1605502425789,77.6562271118164,75.78415799208193,77.6562271118164,34222100.0
2014-12-19,78.00291517761504,79.24105668837083,77.58690144368495,79.1221923828125,43335000.0
2014-12-22,79.32030121193118,81.1131277386264,79.24105833990738,80.67729949951172,31395800.0
2014-12-23,81.24189567009657,81.39047417307849,79.63726899753819,79.84527587890625,19865800.0
2014-12-24,80.26128922881897,80.6574960490607,79.98394672175473,80.00375366210938,7685500.0
2014-12-26,80.25139297691314,80.50892857891262,79.74623657997492,80.013671875,10647400.0
2014-12-29,79.72639900447554,80.19194138053311,78.95379997910995,79.26085662841797,14134700.0
2014-12-30,79.09247301362326,79.82545062400229,78.3495881558428,78.46845245361328,14370800.0
2014-12-31,78.78540734129072,79.04294284514718,77.12134514801348,77.27982330322266,19935400.0
2015-01-02,77.83452869298029,78.18120679989923,76.96287224470869,77.70575714111328,18177500.0
2015-01-05,77.24021653893278,78.49816487813922,76.13083912233765,76.45771026611328,26452200.0
2015-01-06,76.49734559574944,76.85392343181451,74.64508300151968,75.4275894165039,27399300.0
2015-01-07,76.03180313494721,76.62610960441135,75.10071821334276,75.4275894165039,22045300.0
2015-01-08,76.01198251711946,77.48785265850073,75.35824772044737,77.43832397460938,23961000.0
2015-01-09,77.45812998166669,77.87415127310477,76.46761677189082,77.00249481201172,21157000.0
2015-01-12,77.10154216431334,77.26002790019416,75.48700840436062,75.99217224121094,19190200.0
2015-01-13,76.49733809255368,77.33927280479861,75.13042503414054,75.7247314453125,25179600.0
2015-01-14,75.69501431726496,76.46761337747168,75.3087147871616,75.55634307861328,25918600.0
2015-01-15,75.67521598444142,75.84360142809273,72.84234740353338,73.3475112915039,34134000.0
2015-01-16,73.33758967517156,74.60544521406997,73.13948252408424,74.4667739868164,21791500.0
2015-01-20,75.00166767548103,75.58606689036277,74.11020420132382,75.51673126220703,22821600.0
2015-01-21,75.4374862571724,76.56667066046273,75.13042203731925,76.01197814941406,25096700.0
2015-01-22,76.43790329610424,77.01240277680479,75.95255393476157,76.9133529663086,19519500.0
2015-01-23,76.91334399680741,77.4482219795297,76.30913039912195,77.09163665771484,16746500.0
2015-01-26,77.24022015346394,77.72556948974248,76.55676364940742,76.7647705078125,19260800.0
2015-01-27,75.98226613385101,76.15065156298974,74.91251007164746,75.06108856201172,20110000.0
2015-01-28,76.17047366226122,76.9034513823386,75.27901018810401,75.51673126220703,53306400.0
2015-01-29,76.12093340047151,77.279831962154,73.50597931189874,77.26002502441406,61293500.0
2015-01-30,77.2600341960884,77.41851994488415,75.03137936350892,75.18986511230469,42649500.0
2015-02-02,75.3879571710345,75.41767135669579,73.0503455101485,74.27857971191406,41955300.0
2015-02-03,74.47669313807857,74.8629926981766,73.15930871158207,74.68470001220703,26957700.0
2015-02-04,74.37763567566684,75.62568447590125,74.2984003596805,74.91251373291016,20277400.0
2015-02-05,74.99175763881644,75.2592004496299,74.49650101125299,74.89270782470703,15062600.0
2015-02-06,74.96204710682761,74.98185404780908,73.54561278062381,73.7635269165039,21211000.0
2015-02-09,73.34750326365902,74.12010232716129,72.75318931602736,73.73380279541016,16194300.0
2015-02-10,74.13990617688334,74.62525549401535,73.79322809321762,74.4766845703125,15811300.0
2015-02-11,74.37764496558134,76.02190077918343,74.3182165819148,75.7841796875,20877400.0
2015-02-12,76.13084124209958,76.14074848955464,75.17004227837894,75.50682067871094,17235000.0
2015-02-13,75.73464754517352,75.75446204350425,74.78375566475509,75.02147674560547,18621900.0
2015-02-17,74.58563261387732,76.18035916321438,74.36771854273593,74.88278198242188,25254400.0
2015-02-18,75.2195698690654,76.17046157155706,74.73421299200025,75.98226165771484,22426400.0
2015-02-19,76.25960251385445,79.08256337672054,76.21998108246146,78.66654968261719,45851200.0
2015-02-20,78.79533540897474,79.5778342595552,78.44864971112808,79.14201354980469,36931700.0
2015-02-23,79.2014260299929,79.42924736652871,77.6364135289631,78.09204864501953,24139100.0
2015-02-24,77.75528582367997,78.72599208006898,77.35907903419434,77.70575714111328,18897100.0
2015-02-25,77.75528759442766,79.43915704181902,77.75528759442766,78.80522918701172,25593800.0
2015-02-26,79.1221926701474,80.59806279737954,78.96371448584348,79.64717102050781,31111900.0
2015-02-27,79.91460178646207,80.45938704546442,77.87414710186358,78.2208251953125,30739200.0
2015-03-02,78.25053104412594,79.10237287271178,77.7750814544675,78.99341583251953,21662500.0
2015-03-03,78.85476351105783,78.94390607966501,77.77510009682078,78.84485626220703,18635000.0
2015-03-04,78.54769543278479,80.38014323989947,78.10195998326031,80.13251495361328,28126700.0
2015-03-05,80.45939732230104,81.212181976508,80.28110462903801,80.43958282470703,27825700.0
2015-03-06,80.13251742552256,80.55843839335414,79.07266862980433,79.25096130371094,24488600.0
2015-03-09,78.92408424866741,79.15190558715358,77.8840424690377,78.68636322021484,18925100.0
2015-03-10,77.75529276312359,78.50808497462931,76.8143081665039,76.8143081665039,23067100.0
2015-03-11,77.06193545196277,77.68595609172432,76.52705737916006,76.83411407470703,20215700.0
2015-03-12,77.359070445686,78.30006241087119,77.17087809826106,78.18119812011719,16093300.0
2015-03-13,77.85432507359023,78.6269240519525,76.94305487126626,77.3095474243164,18557300.0
2015-03-16,77.22040391135485,77.37888964199209,76.62609753549631,77.32936096191406,19305400.0
2015-03-17,77.61661117684851,79.02313803867074,77.59679668188447,78.60712432861328,22170000.0
2015-03-18,78.49817002035637,80.46928914528162,78.41892715176242,80.14242553710938,36912400.0
2015-03-19,80.35042457487307,82.21258646339808,80.23156028355717,81.96495819091797,42099500.0
2015-03-20,82.5989060486164,83.79742627200993,82.28194208504965,83.00502014160156,44466300.0
2015-03-23,83.12386448115492,84.15399909803773,82.50975114435147,83.6290283203125,27357300.0
2015-03-24,83.90638018084444,85.25347886449033,83.71818023684463,84.50068664550781,32576500.0
2015-03-25,84.6888722352415,84.7086791726659,82.13334655761719,82.13334655761719,37436100.0
2015-03-26,81.93524632168246,82.97528056126662,81.36074689961767,82.22249603271484,32794800.0
2015-03-27,82.5889933134713,83.153585572229,82.09373668098152,82.50975799560547,18372600.0
2015-03-30,83.01490392818273,83.5398746837853,81.62819157640824,82.41069030761719,24527700.0
2015-03-31,82.11355176871675,82.70785822057505,81.43009519272059,81.44000244140625,19734300.0
2015-04-01,81.71733802599805,81.93525213652326,80.10280424976769,80.89521026611328,22058200.0
2015-04-02,81.46971910899595,81.77677581444406,80.66740575242932,80.78626251220703,19664100.0
2015-04-06,80.03346463558835,82.024390603469,80.03346463558835,81.65790557861328,19062900.0
2015-04-07,81.8659184145808,82.62861026209441,81.43999743149718,81.53904724121094,17467000.0
2015-04-08,81.84609825453106,82.31164064068703,81.0635919650159,81.49942016601562,18966700.0
2015-04-09,81.71733594015924,82.01449291183884,80.93482963461766,81.39046478271484,15927300.0
2015-04-10,81.43009656601873,81.82630339294505,81.1329471135865,81.26171112060547,12529700.0
2015-04-13,81.15274005170083,83.14367353464102,81.14283280455754,82.22249603271484,26883100.0
2015-04-14,82.38098301586008,82.89605412420326,81.6579125943616,82.7276611328125,19634200.0
2015-04-15,82.75738910421181,82.86634617159727,81.48952573436445,81.92535400390625,22390900.0
2015-04-16,81.68763003661137,82.28193648321091,81.37066609462386,81.52914428710938,13769700.0
2015-04-17,80.70703579468821,81.3310565210918,79.6075653074408,80.013671875,24215000.0
2015-04-20,80.76643657182495,82.36116321784584,80.46927962825008,82.30172729492188,28796800.0
2015-04-21,83.20311350817924,83.68846288767902,82.74747831723833,82.82672119140625,27171900.0
2015-04-22,83.52006128820165,83.93607496156743,82.85641934873506,83.82711791992188,45548000.0
2015-04-23,83.30215889121699,84.7780214482597,81.6281967163086,81.6281967163086,73728100.0
2015-04-24,81.98476487344792,82.15315784154383,80.70700964158534,80.75653076171875,29660400.0
2015-04-27,81.09331313804374,82.14325464361175,80.85558454443114,81.1329345703125,25446000.0
2015-04-28,81.0536803865744,81.1230159941081,79.46886110222236,79.91458892822266,23775300.0
2015-04-29,79.25096122100716,80.61786668152082,78.76560432436935,79.70659637451172,26430300.0
2015-04-30,79.25094662962329,80.1919309494994,77.57697725439725,78.022705078125,28999000.0
2015-05-01,78.48825938943625,79.00333045607985,77.36898225760063,78.24063110351562,24136400.0
2015-05-04,78.57741085824848,78.93399620069003,77.88404711149407,78.06233978271484,14692000.0
2015-05-05,77.80480157373239,78.05242983137379,76.48741742939663,76.82418823242188,22311300.0
2015-05-06,77.23030584469768,78.06233320224624,76.31903562728306,77.35906982421875,28663000.0
2015-05-07,77.26002266347483,78.19110740612571,76.82419447635904,77.68594360351562,19749400.0
2015-05-08,78.34958157343975,78.47835310779314,77.2897329009949,77.76518249511719,19943600.0
2015-05-11,77.73546266284004,78.28024027230832,77.19067749635737,77.2699203491211,18874100.0
2015-05-12,77.13126509871618,77.15107203749926,76.06150903604757,76.72515106201172,21285300.0
2015-05-13,76.98267594792942,77.7849891053207,76.91334033626617,77.69584655761719,21512300.0
2015-05-14,78.19111326536476,81.07350270492246,77.92367047340645,80.59806060791016,49438000.0
2015-05-15,80.63767208927854,80.74662157375896,79.41933769665542,79.65705871582031,27069900.0
2015-05-18,79.5679312913996,80.60796567106506,79.4688814776719,80.11270904541016,21613700.0
2015-05-19,80.4792027315561,80.91503098613227,79.78584646929083,79.86508178710938,17955400.0
2015-05-20,79.70659240240519,80.3306129508217,78.70617202988295,79.78583526611328,23056900.0
2015-05-21,79.42924961658974,80.15231996322194,79.32029256868373,79.71649932861328,13402700.0
2015-05-22,79.58773238983093,80.5386241344537,79.4886825833732,79.77593231201172,19567900.0
2015-05-26,79.6669707604732,79.83535617764731,78.32977955624084,78.57740783691406,16321300.0
2015-05-27,78.8448432628644,79.89479231445804,78.67645784524628,79.78583526611328,14160900.0
2015-05-28,79.48868298566997,80.30090349395941,79.24105468976445,79.38963317871094,11982000.0
2015-05-29,79.19153589317379,79.31040021057186,78.13168695667899,78.43875122070312,16134600.0
2015-06-01,78.54769911007395,79.61744761357978,77.9137712720646,79.52830505371094,18119000.0
2015-06-02,79.00333064124911,80.5782429160281,78.80522347783895,79.6768798828125,18923300.0
2015-06-03,80.57824232770366,81.7470481337353,80.47919252522956,81.65790557861328,31775000.0
2015-06-04,81.36076427638383,82.16307765499212,80.73674359935704,81.27162170410156,20863900.0
2015-06-05,81.09332067401272,81.6777198510001,80.736735307472,81.36075592041016,16143100.0
2015-06-08,81.04377749365565,81.2220701450351,79.36980801998274,79.9046859741211,16915500.0
2015-06-09,79.83535036286324,80.419756992335,78.56749486728263,79.9046859741211,16497500.0
2015-06-10,80.06317005519732,81.81637479379363,80.0433555626625,81.38055419921875,21531200.0
2015-06-11,81.52914544935622,82.1135522127053,80.58816085857737,81.05370330810547,18656800.0
2015-06-12,80.59805259747068,81.31121567210964,80.42965962937477,80.75653076171875,11417900.0
2015-06-15,79.78583487968321,80.1622271449505,79.31038525675285,79.9443130493164,18805100.0
2015-06-16,80.05327169910181,80.73672818417373,79.68677911665452,80.2909927368164,13693700.0
2015-06-17,80.98435441918045,81.43998954535571,80.56833316744185,81.01406860351562,18350300.0
2015-06-18,80.86548775212378,82.40078605852686,80.79615213837097,82.12344360351562,26782600.0
2015-06-19,82.04420541948103,82.19278390228182,81.34094199504057,81.72724151611328,23353200.0
2015-06-22,82.6187117162278,84.1639099288257,82.51965434812492,83.93608856201172,29383100.0
2015-06-23,84.15400588234704,87.13545291869134,83.9559062526367,87.04630279541016,50667900.0
2015-06-24,86.82840059765878,88.40331313710294,86.62038615186724,88.01701354980469,41370200.0
2015-06-25,88.41320317929271,88.55187441148776,87.00666880600441,87.14534759521484,27302000.0
2015-06-26,87.28402113752468,87.50192768173032,86.00625827246755,87.17506408691406,38214600.0
2015-06-29,85.788351506546,86.6699076772158,84.91670258414669,84.98603820800781,35957900.0
2015-06-30,85.77843415577314,85.87748395576405,84.75820685753773,84.95630645751953,23016500.0
2015-07-01,85.94682382923595,87.11562966386764,85.66948135271585,86.08550262451172,25260000.0
2015-07-02,86.5708558611151,86.61047729626354,85.52090672222182,86.46189880371094,16908800.0
2015-07-06,85.66948747886624,87.35336451060418,85.57043766688548,86.71943664550781,24635900.0
2015-07-07,86.96705465811374,87.01657577973329,84.42143625079595,86.3925552368164,33059900.0
2015-07-08,85.47138358292347,85.92701874087467,84.63934857843563,84.83745574951172,24399300.0
2015-07-09,85.90721942662825,86.76896113698811,84.83746327892301,85.06527709960938,23307400.0
2015-07-10,86.52132470729181,87.38307389387664,85.94682524956859,87.11563110351562,23245900.0
2015-07-13,87.81890536542174,89.36410356426845,87.58117675250986,89.2452392578125,29976700.0
2015-07-14,89.60181502006367,89.93859340709774,88.79950181924164,88.82921600341797,26627800.0
2015-07-15,89.14619886420961,90.12680493575118,88.57169932451175,88.90847778320312,30886600.0
2015-07-16,89.42352882151009,89.99802828049482,88.91836498295346,89.98812103271484,21804100.0
2015-07-17,91.67199829703235,94.4850521151407,91.66209104921764,94.06903839111328,54001600.0
2015-07-20,94.94068550421096,97.66459671227501,94.45533616855668,96.98114776611328,54860500.0
2015-07-21,98.01127369383853,98.29852341571656,96.21844730099585,97.45658874511719,39453300.0
2015-07-22,95.82225065301263,96.65428572103146,95.0100300821223,96.1194076538086,28299500.0
2015-07-23,96.0401685641973,96.52551796474262,93.91056345994397,94.53459167480469,29418800.0
2015-07-24,96.42646499677342,96.832579063467,94.9704092856783,96.03025817871094,33444900.0
2015-07-27,95.6637592107614,95.69347339532203,92.9398481231453,93.27661895751953,38585400.0
2015-07-28,93.940266122848,94.65343681974105,92.4247821704582,94.38600158691406,35236000.0
2015-07-29,95.4062355633001,96.35712737272638,93.84122282075802,96.06987762451172,64648300.0
2015-07-30,94.00960565840029,94.90106143796888,90.9291091912691,94.30675506591797,86211300.0
2015-07-31,94.04922608049668,95.41613914408077,93.05871287245768,93.11814880371094,46509000.0
2015-08-03,92.6426888713193,94.17798719643143,91.91961854151658,93.24690246582031,29343100.0
2015-08-04,92.9002283513791,93.83131312166442,92.44459321360547,93.16766357421875,20136000.0
2015-08-05,94.34637244608318,96.168912916362,94.27703683160551,95.52508544921875,29813200.0
2015-08-06,96.25806788385968,97.80326597423029,93.52424948342157,94.21761322021484,42271300.0
2015-08-07,94.47515171119748,94.4949662082623,92.72194657178323,93.40540313720703,23199100.0
2015-08-10,94.77229693475587,94.9902110332925,92.7417419878634,93.2568130493164,21624200.0
2015-08-11,92.8408067283413,93.8610341280457,92.01867894832115,92.73184967041016,22491000.0
2015-08-12,91.82056251627509,93.54406077327005,90.32489315728284,93.29643249511719,27050500.0
2015-08-13,93.15778402529608,93.83133340872182,92.46442014284821,92.54366302490234,17451800.0
2015-08-14,92.65262007270245,93.82142613311565,92.32574885208297,93.5242691040039,15929700.0
2015-08-17,93.52425161964527,93.56387305325408,92.50402426451944,93.03890228271484,18313500.0
2015-08-18,93.18747990312364,94.94068487117353,93.14785846988319,94.26713562011719,22278800.0
2015-08-19,93.73226581447663,95.18832149624485,93.26673093642246,94.40581512451172,23251300.0
2015-08-20,92.65259915383339,93.870926072683,89.60181689755044,89.70086669921875,44598200.0
2015-08-21,86.68970135013839,88.33395668866734,84.79782529887123,85.2435531616211,62778700.0
2015-08-24,76.29922430088247,81.31121826171875,71.31694452447559,81.31121826171875,83710700.0
2015-08-25,86.12512506829317,86.83829582572623,82.21260070800781,82.21260070800781,52021200.0
2015-08-26,85.13461963499796,86.63029691342099,82.4701438552182,86.36286163330078,45124300.0
2015-08-27,88.25473307912061,89.20562493554351,86.36285661519018,88.8787612915039,42431400.0
2015-08-28,89.02732925235364,90.61215651688768,88.93818668615724,90.14661407470703,33215900.0
2015-08-31,89.74048728341961,90.1862227222389,88.04671075274328,88.58158874511719,32850700.0
2015-09-01,86.0260583888315,88.54196248676824,85.67938032665842,86.40245819091797,36097400.0
2015-09-02,87.9674829073284,89.03723907470703,86.79867692230731,89.03723907470703,27190500.0
2015-09-03,88.908462743053,88.96789111399723,86.89772225127321,87.31373596191406,27048200.0
2015-09-04,86.37274982190044,87.55146297277406,85.87749321155235,87.42269897460938,27328700.0
2015-09-08,88.83912690579817,89.38390460448159,87.98728499162274,88.6806411743164,27012500.0
2015-09-09,89.91879450903583,91.10741498135762,89.314580802601,89.58202362060547,32551100.0
2015-09-10,89.21552279438747,91.186641928144,88.77969457218397,91.10740661621094,26437400.0
2015-09-11,90.81024995131193,91.20645674041596,90.2654646716669,91.17674255371094,21185000.0
2015-09-14,91.43426513671875,91.74132934755124,90.73100171722517,91.43426513671875,20127900.0
2015-09-15,91.49369839096326,92.36534720437719,90.91919897536496,92.01866912841797,18859400.0
2015-09-16,92.01866079038797,92.71201687947975,91.75121804387071,92.56343841552734,16321200.0
2015-09-17,92.48423101459856,94.60392890579939,92.0186885470608,93.44502258300781,27841800.0
2015-09-18,92.31582002599845,94.28694658150363,92.16724910318457,93.50444030761719,62300000.0
2015-09-21,93.72234673873686,95.57460129047458,93.62328938894176,94.64352416992188,28790000.0
2015-09-22,92.8804153502529,93.78178594994162,91.04796752232173,92.0781021118164,36888900.0
2015-09-23,92.51393711954157,93.42520747673012,91.9196306934193,93.07852935791016,21701400.0
2015-09-24,92.17715208195814,93.87092867560355,91.36493159453141,93.51435089111328,29106000.0
2015-09-25,94.88124622934511,94.94067459426509,91.18662921751739,91.889892578125,28961600.0
2015-09-28,91.20644558959509,91.41445242811538,87.3434430928961,88.3636703491211,41199900.0
2015-09-29,88.25471788585097,89.20560957857549,84.90678624540324,85.84777069091797,42281800.0
2015-09-30,87.60099360133006,89.16599878144038,87.17507260469475,89.0471420288086,36169100.0
2015-10-01,89.19573272597441,90.08718872070312,87.5217626986411,90.08718872070312,29283700.0
2015-10-02,88.05661611859033,91.32530481501918,87.5316453846103,91.19654083251953,37881700.0
2015-10-05,92.05829997338985,93.37567679674952,91.78095748426149,93.11814880371094,27292500.0
2015-10-06,93.1874799650881,93.27662252217664,91.46398162455293,91.91962432861328,22172800.0
2015-10-07,92.22668571443572,92.771471003491,90.5031948426311,91.52342224121094,24129300.0
2015-10-08,91.01823595584021,92.3356200159632,89.61170935603172,91.59273529052734,27290500.0
2015-10-09,92.01867501135852,92.85070244685384,91.36493269174154,92.3554458618164,20012900.0
2015-10-12,92.43469879192908,93.7025545785264,91.79086364988672,93.36578369140625,18449600.0
2015-10-13,92.771461434231,94.4652379441064,92.66250438765873,93.22709655761719,19480300.0
2015-10-14,93.1874814054386,94.29685132599317,92.72193900362767,93.17757415771484,19253400.0
2015-10-15,94.08883791790845,95.38641522684806,93.99969536564583,95.04963684082031,27557500.0
2015-10-16,95.26756356176384,96.66418329811528,94.44543576029275,96.61466217041016,25412900.0
2015-10-19,96.25807234105751,97.63488507395148,96.00053679506546,97.53583526611328,23729900.0
2015-10-20,97.7933717428859,98.64520614401476,95.64395235155796,96.07978057861328,30881800.0
2015-10-21,96.44627150587678,97.24858476716476,95.55480812832576,96.18873596191406,21917800.0
2015-10-22,96.86227957057791,98.7838774546951,96.62455853612505,98.72444152832031,26392100.0
2015-10-23,100.94320803869424,101.874285346657,99.20980986658334,101.22055053710938,42809700.0
2015-10-26,101.23044753350267,102.82517441395102,100.58661998947171,102.78555297851562,25961200.0
2015-10-27,101.963432441098,103.11242383713946,101.42855439988324,102.71621704101562,23795500.0
2015-10-28,102.9143145268723,103.48881394930451,101.94360834562423,103.21146392822266,24081500.0
2015-10-29,102.97375466489673,104.12275364108346,102.53792642468572,103.88502502441406,20316700.0
2015-10-30,103.5185365741615,103.72654343917128,100.6856682196199,101.00263214111328,33487100.0
2015-11-02,100.755005521935,102.48840364961316,100.22012747855239,102.32991790771484,24003900.0
2015-11-03,102.24077753756171,102.66669853177444,101.42855698546026,101.60684967041016,21242300.0
2015-11-04,102.21105646744664,103.15204095648006,101.50779302333463,102.95394134521484,43469300.0
2015-11-05,107.7678395135768,109.60028742779791,106.92589724537984,107.72821807861328,63232900.0
2015-11-06,107.01503091401314,107.70838702675903,104.90524083635933,106.08394622802734,35084300.0
2015-11-09,105.98492311534643,107.22306474052571,104.85573855774427,105.4797592163086,26383500.0
2015-11-10,104.9547636021578,107.1239896356792,104.24159298527323,106.88626861572266,25031700.0
2015-11-11,107.24286013268946,108.82768728786573,106.09386875790419,107.97584533691406,25057100.0
2015-11-12,107.45086668483012,108.35222969523895,106.97541706169137,106.99522399902344,20924700.0
2015-11-13,106.68817605386849,107.22305408965651,102.8449875515964,102.9638442993164,30278400.0
2015-11-16,102.33983064107372,103.18176540824041,99.5168693360953,103.0530014038086,49309200.0
2015-11-17,103.62748838828706,105.19249342066792,103.15203875159128,104.13264465332031,26807200.0
2015-11-18,104.79628473174793,106.85654615244871,104.39017074993212,106.74758911132812,23836500.0
2015-11-19,106.34149319871402,106.70798578753173,104.94486601920646,105.2519302368164,25520600.0
2015-11-20,105.826437801069,106.84667285236343,105.60853122202323,106.30188751220703,22129600.0
2015-11-23,106.17309998033399,106.45044243496177,105.07362985162015,105.93537139892578,19897200.0
2015-11-24,104.99439772696854,105.4797470721948,103.39967089278068,104.73686218261719,23577300.0
2015-11-25,105.32127402404413,105.58870927223637,104.10293942068421,104.41000366210938,15150800.0
2015-11-27,104.77648665308557,104.95477933403134,103.86521630914766,104.44961547851562,5913100.0
2015-11-30,104.8359183147903,105.09345387467931,102.76574925830413,103.2510986328125,20383200.0
2015-12-01,103.83549892548942,106.133489210821,103.50862776098145,106.10377502441406,22781900.0
2015-12-02,105.98492124647922,106.8961916528584,104.78640108128158,105.0637435913086,24429100.0
2015-12-03,105.26183994925195,105.8363394490102,102.3695430675273,103.3897705078125,23236500.0
2015-12-04,103.81568554756706,106.70798982023962,103.1223293338877,105.17269134521484,21224700.0
2015-12-07,105.46984241356455,105.81652050096842,103.66710880204887,104.60809326171875,15474900.0
2015-12-08,103.01338321491616,105.89578054570157,102.96385452710228,105.4797592163086,20401800.0
2015-12-09,105.17268623066452,105.43022176479974,102.5676393750774,103.60767364501953,23517300.0
2015-12-10,104.0533987366812,105.39058984035421,103.41947099039155,104.41988372802734,17454300.0
2015-12-11,103.16193970180363,103.35013204989053,100.9431924990305,101.15119934082031,26427700.0
2015-12-14,101.31959527324938,103.74634956980655,100.49746751055667,103.6671142578125,24648100.0
2015-12-15,104.30103609606634,104.79629266336576,103.29070846684682,103.55815124511719,21764300.0
2015-12-16,104.37037437184196,106.07405065885686,103.2015685409616,105.77690124511719,22680500.0
2015-12-17,106.47025147915981,106.72778700227575,105.12315305257451,105.2123031616211,21675700.0
2015-12-18,105.07364937921855,105.57880570530865,102.98366577726584,103.0530014038086,35994200.0
2015-12-21,103.91474080866267,104.15246185468004,102.61716341074126,103.77606201171875,16138800.0
2015-12-22,104.22179873088179,104.65762695134674,103.81568469690019,104.50904846191406,14597100.0
2015-12-23,104.88543112416862,105.10334521439711,102.87469074853969,103.63738250732422,19599700.0
2015-12-24,103.7463467929239,104.32084624234527,103.50862574927275,104.02368927001953,6501800.0
2015-12-28,104.02367075161685,104.97456987097284,103.53832150310187,104.92504119873047,13069700.0
2015-12-29,105.41041188997744,106.71788899879277,105.24202646132314,106.24244689941406,17179900.0
2015-12-30,105.98490217395364,106.232530450061,105.05381743754505,105.2123031616211,13115000.0
2015-12-31,104.994398307158,105.16278373604224,103.62749282330752,103.6671142578125,18391100.0
2016-01-04,100.98281660642685,101.27006633810916,98.80369061320269,101.25025939941406,37912400.0
2016-01-05,101.91391032335586,102.72613090707863,100.70548291798421,101.75543212890625,23258200.0
2016-01-06,100.17060052547511,102.78555485584353,99.94278671383078,101.99314880371094,25096200.0
2016-01-07,99.54657658963252,100.46775416781723,96.37693737276904,96.99105072021484,45172900.0
2016-01-08,98.93245072746994,99.54657160115693,96.1094897606313,96.40664672851562,35402300.0
2016-01-11,96.9811601366748,97.6646091700148,94.48506240659968,96.58495330810547,29932400.0
2016-01-12,98.0607992936457,99.01169098601495,96.62455828639341,98.42729187011719,28395400.0
2016-01-13,99.62582942710331,99.62582942710331,94.30677029094733,94.53459167480469,33410600.0
2016-01-14,94.94068542725527,97.932039419797,91.57293915224817,97.43678283691406,48658600.0
2016-01-15,93.08843245390125,95.46565805235275,92.6526042342444,94.06903839111328,46132800.0
2016-01-19,95.61424120587304,96.49579737899066,93.02900106227581,94.35629272460938,30998300.0
2016-01-20,91.94933367844277,94.0987453102673,88.52215922977382,93.45491027832031,59051400.0
2016-01-21,94.0096008194974,95.07934921132025,91.74132494089308,93.26671600341797,30518900.0
2016-01-22,95.49538028606372,97.13962825200133,94.5841024078286,97.0108642578125,30495400.0
2016-01-25,97.78346012533326,98.53625224105778,96.01044066642476,96.08968353271484,32482000.0
2016-01-26,96.83257096314047,96.95142770870495,94.75249478858753,96.41654968261719,26877100.0
2016-01-27,96.86228841184001,96.92171678662379,93.33606377703482,93.55397033691406,58699400.0
2016-01-28,106.18302138915797,109.29323250711128,103.81569523677345,108.07490539550781,107475300.0
2016-01-29,107.95602381051485,111.76949784564763,107.80744532976621,111.14547729492188,62739500.0
2016-02-01,111.20491437569218,114.62218947254266,110.94738638303747,113.99816131591797,46132700.0
2016-02-02,113.71091262423379,116.47443766210868,112.12608553888015,113.52271270751953,59778600.0
2016-02-03,114.17644400941177,114.24577962552635,108.70881491247691,111.62092590332031,56919300.0
2016-02-04,110.73936498886837,110.8780362150339,108.21355362068257,109.44178771972656,38890200.0
2016-02-05,108.47110458876953,108.54044021172948,102.20115410690143,103.08271026611328,76894700.0
2016-02-08,99.45742268465403,101.70588406686785,96.53540454404126,98.80368041992188,71229700.0
2016-02-09,96.21844715627586,101.42854846126642,95.90148324933816,98.5956802368164,62709000.0
2016-02-10,100.58662491726533,102.27049444217492,99.28904740348928,100.04183959960938,45179400.0
2016-02-11,98.6551086330635,104.1128382279035,97.94193795301715,100.94319915771484,43670600.0
2016-02-12,102.75584291481363,103.25109954210676,100.13098127875678,101.0422592163086,36176800.0
2016-02-16,102.8152758827204,102.94403988157596,99.28904365935118,100.64604949951172,45687200.0
2016-02-17,101.0521484644776,104.71705166190388,99.44752199436992,104.20198059082031,44073400.0
2016-02-18,104.79630091943245,104.99440053915272,102.0525750885086,102.4884033203125,29593500.0
2016-02-19,101.57712396640257,104.02368503665377,101.09176709422165,103.57795715332031,32404500.0
2016-02-22,104.4892317400636,107.22305019352575,104.34065325379645,106.14339447021484,35709700.0
2016-02-23,105.83633114004007,106.45045202850113,104.1227475807944,104.45951843261719,25319300.0
2016-02-24,103.22138966313189,105.93539397804456,101.76533390897647,105.86605834960938,34412400.0
2016-02-25,106.09386988868377,107.04476165771484,104.60810008263219,107.04476165771484,29906300.0
2016-02-26,107.66877826057495,108.41166313603526,106.14339463313696,106.89617919921875,26686200.0
2016-02-29,106.57922712625594,107.87680465829241,105.73729235195285,105.90567779541016,32779000.0
2016-03-01,106.80703343801738,108.77815246582031,106.57921209128912,108.77815246582031,26817300.0
2016-03-02,108.63949376320586,109.50124301282554,107.73812307667096,108.90692901611328,25670200.0
2016-03-03,109.20408548221909,109.25361416737583,107.51030873668377,108.54044342041016,21353100.0
2016-03-04,109.00597264220363,109.00597264220363,106.906082092572,107.3617172241211,24938900.0
2016-03-07,107.04475638440758,107.04475638440758,103.72653882575976,104.72695922851562,31436400.0
2016-03-08,103.78594975028504,106.35138232075009,103.4095575350918,104.92504119873047,25617000.0
2016-03-09,105.6877609146053,106.49008178710938,104.48924078710549,106.49008178710938,20493300.0
2016-03-10,106.88629429137633,107.62917926958045,104.76658886777847,106.30188751220703,24854300.0
2016-03-11,107.45087745660807,108.3819547448617,106.89618491450328,108.37205505371094,20697600.0
2016-03-14,108.2432747830633,109.28331660337862,107.73811096545167,108.84748840332031,17249400.0
2016-03-15,108.07488859991867,109.7785723986481,107.80744582194704,109.62008666992188,17618500.0
2016-03-16,109.44179874622924,111.43273234678965,109.0554992119883,111.11576843261719,24744800.0
2016-03-17,111.08605875811533,111.62093680194543,109.6795318041636,109.9667739868164,24241200.0
2016-03-18,110.50164962193514,111.35349157424253,109.22388669347409,110.39269256591797,36256900.0
2016-03-21,110.6007022930181,111.30396572481685,109.97667417012867,110.78889465332031,18448000.0
2016-03-22,110.30353310734515,111.80910960808687,110.11533321087188,111.18508911132812,19001100.0
2016-03-23,110.9473727191223,112.11617846120048,110.93746547231233,111.47234344482422,18562000.0
2016-03-24,111.06624588772551,112.01713768278245,110.6205179565169,111.97752380371094,17839100.0
2016-03-28,112.24494237492347,113.50289066649803,111.8784498133235,112.61143493652344,21351800.0
2016-03-29,112.75011734573586,115.21649305349811,112.56191742286907,115.03820037841797,29825300.0
2016-03-30,115.62261034713674,115.88013834072694,113.27509131853029,113.61186218261719,33235200.0
2016-03-31,113.61186164871673,113.91892588119444,112.69068406531562,113.0175552368164,21207500.0
2016-04-01,112.6708708974419,115.06791090856527,112.27466412574007,114.95895385742188,24760500.0
2016-04-04,112.98783063684868,113.46328025676127,110.55116928270816,111.48225402832031,48487900.0
2016-04-05,111.04643844831575,112.24495854576374,110.83843157755366,111.1553955078125,22962400.0
2016-04-06,111.40300674776364,112.73029064081769,111.35347807121056,112.63124084472656,20814600.0
2016-04-07,112.7104986583726,113.80006167396371,111.99732794067194,112.56192016601562,20714500.0
2016-04-08,113.16613543192837,113.24537830324509,108.85740443454482,109.58047485351562,48497800.0
2016-04-11,109.64980846835421,109.85782289100476,107.7381176856947,107.9560317993164,39762300.0
2016-04-12,108.30269028623714,110.10543124247805,107.95601223965798,109.5606460571289,26248100.0
2016-04-13,111.16530043963505,111.58131417249054,105.509463382938,109.46161651611328,88227400.0
2016-04-14,109.57057610354705,110.97710307492817,109.21399073657491,109.78848266601562,28473300.0
2016-04-15,109.73896048816881,109.91725316994795,108.164040539617,108.59986877441406,20922800.0
2016-04-18,108.69892004431533,109.75876890106055,108.16404199179676,109.40218353271484,21167200.0
2016-04-19,110.046010735443,111.38320199211584,108.1244203408304,111.22472381591797,30210500.0
2016-04-20,111.36339998483484,112.19542744999892,110.50165077561547,111.3534927368164,21027900.0
2016-04-21,111.48227433870505,112.95813703180913,111.24454570693052,112.36383056640625,20875200.0
2016-04-22,110.15498169308678,110.68985977467891,107.97585548542997,109.51114654541016,38458200.0
2016-04-25,108.82769003688936,109.620096077478,108.03527643928459,109.05550384521484,21017900.0
2016-04-26,109.4418016879438,109.45170893593868,107.1240044201975,107.72821807861328,22521500.0
2016-04-27,106.91598731079648,107.90650041893574,105.3014461080397,107.85697174072266,52213100.0
2016-04-28,118.445565361741,119.64408537723688,115.12734779063878,115.62260437011719,87110100.0
2016-04-29,115.71174646048259,116.72206655345784,114.74104024353208,116.46453857421875,37140600.0
2016-05-02,116.71215945176155,117.60362274602353,115.46411083979477,117.44513702392578,28095200.0
2016-05-03,116.40510630449789,117.03904169605167,115.90984971145167,116.31596374511719,24117500.0
2016-05-04,115.50373851488516,117.1777081492218,115.46411708221864,116.93997955322266,23448400.0
2016-05-05,116.92017364550769,117.85125842883525,116.13766734673472,116.69235229492188,22056700.0
2016-05-06,116.0485174060898,118.50498564062796,115.99898872871788,118.35640716552734,26395600.0
2016-05-09,118.40595215715986,119.13892982976178,117.77202429593395,118.10879516601562,21138100.0
2016-05-10,118.48517798766188,119.35682678222656,117.87105715423203,119.35682678222656,23220000.0
2016-05-11,119.26769496434687,119.93133697755268,118.28708148057804,118.3861312866211,22038400.0
2016-05-12,118.84178183668287,119.69361627045868,117.77202572401143,119.13893127441406,22035500.0
2016-05-13,119.23796251781019,119.49549803601705,118.54460638073225,118.67337036132812,18124300.0
2016-05-16,118.24745285739324,118.47527419875509,116.2367124446094,117.544189453125,31247800.0
2016-05-17,117.69277277104693,117.88097268873591,116.08813873947273,116.2367172241211,21328600.0
2016-05-18,115.69194741337284,117.14799550258657,115.62261179007695,116.53388214111328,21642300.0
2016-05-19,115.93956422320956,116.37538485913517,114.78065812443596,115.70183563232422,20544100.0
2016-05-20,115.85041769824473,116.87064503873953,115.84051045073066,116.2367172241211,18944800.0
2016-05-23,116.30604534159232,116.48433800026835,114.84009019871407,114.86980438232422,20441000.0
2016-05-24,115.13726366194123,116.61313391724896,115.01840690265296,116.58341217041016,20183600.0
2016-05-25,117.00932750936292,117.54420557123866,116.26644257181601,116.7716064453125,20019800.0
2016-05-26,117.1182743701742,118.62385861105878,116.80131046004308,118.33660888671875,18481300.0
2016-05-27,118.42574444344918,118.71299415080867,117.88096676978002,118.24745178222656,13493600.0
2016-05-31,118.32671170957357,118.96063958378762,116.99942758450548,117.68287658691406,23547600.0
2016-06-01,117.37580237748328,117.95030178930145,116.70225316704496,117.65314483642578,15029500.0
2016-06-02,117.56402148679199,118.30690643330314,117.09847904452235,117.80174255371094,13228300.0
2016-06-03,117.85126370079301,117.85126370079301,116.74188619777615,117.34609985351562,14135100.0
2016-06-06,117.49467762026751,118.29699088798422,117.23714207424122,117.6630630493164,12744700.0
2016-06-07,118.10879284075703,118.16822877202546,116.55368740601945,116.64283752441406,17103000.0
2016-06-08,116.64281757973323,117.47484490506287,116.15746074960951,117.26683807373047,14505600.0
2016-06-09,117.00931312238613,117.55409836574256,116.5932994221951,117.43523406982422,13859200.0
2016-06-10,116.42492698211913,116.9895192258901,115.15707124572229,115.51365661621094,18510800.0
2016-06-13,113.90900693066403,114.3844565455483,112.23503736709026,112.86896514892578,31718200.0
2016-06-14,112.98783730605358,113.8594861774919,112.50248796740168,113.8495864868164,17618500.0
2016-06-15,114.20617351873898,114.3448447604,112.9878389732704,113.51280975341797,19819400.0
2016-06-16,112.78973841292644,113.41375899516892,111.8685608541785,113.30480194091797,19236300.0
2016-06-17,113.33451968818768,113.34442693625337,111.49216451280415,111.94779968261719,24644300.0
2016-06-20,112.69068624376024,113.63167834139094,111.68036607970063,112.29448699951172,20785400.0
2016-06-21,113.03737099156875,114.11702677022483,112.88879249768519,113.2948989868164,19166300.0
2016-06-22,113.56233860565081,113.65148116527386,112.53220398247207,112.82936096191406,14846300.0
2016-06-23,113.28500249445501,113.99816568260422,112.46287468783272,113.98826599121094,16176900.0
2016-06-24,109.95685967541571,112.6015277985282,109.94695242860206,111.01670837402344,40643100.0
2016-06-27,110.51156654163272,110.51156654163272,107.20325580798367,107.93623352050781,36130400.0
2016-06-28,109.58046694149422,111.68035753767276,109.50123163291465,111.63082885742188,26813800.0
2016-06-29,112.29447432482354,113.16612314360985,111.96760318389792,113.07698059082031,20968300.0
2016-06-30,113.58213844313609,114.08730225379804,112.59162531627797,113.19583892822266,23192700.0
2016-07-01,113.1165891427367,114.03776659662812,112.7302896514611,113.106689453125,14980000.0
2016-07-05,112.85907205564567,113.1166000366211,111.89827307973118,113.1166000366211,14207000.0
2016-07-06,112.28457740458524,115.68203799642201,111.89827785960516,115.59288787841797,24337600.0
2016-07-07,115.52356044845784,115.86033889133165,114.26561191532161,114.75096130371094,16630200.0
2016-07-08,115.32544859201491,116.38529738077624,114.75094914019623,116.12776184082031,18142600.0
2016-07-11,116.593314788331,117.57392079859375,116.38530791082172,116.75180053710938,17711600.0
2016-07-12,117.50458213153227,117.59373225216686,116.45464052260743,116.81122589111328,15217700.0
2016-07-13,117.26685357809525,117.27676082575852,115.57307696443421,115.67212677001953,16207700.0
2016-07-14,116.38529873122044,116.52396997195595,115.59288516386111,116.17729187011719,14579700.0
2016-07-15,116.62302987434893,117.157907945067,115.47403841493039,115.75138092041016,16646000.0
2016-07-18,116.20700899238865,118.47528514032155,115.78108801164989,118.23756408691406,20868400.0
2016-07-19,117.86115579599165,119.70351083131378,117.53429220483359,119.46578979492188,21541300.0
2016-07-20,120.0997246734698,121.0407091841875,119.41626815192825,120.76336669921875,20046500.0
2016-07-21,120.76335958328808,120.94165224983588,119.10920446182627,119.46578979492188,17801700.0
2016-07-22,118.76253355486023,119.86200380552856,118.1781268403442,119.85209655761719,18422400.0
2016-07-25,120.23839132440102,120.69402646902402,116.66263822899576,120.47611236572266,18487400.0
2016-07-26,120.8426063854293,120.91194200484524,119.6044649265622,120.07000732421875,17612000.0
2016-07-27,121.2586361952258,123.81416231917765,120.3572730231909,122.16990661621094,52654200.0
2016-07-28,126.31022228038218,127.11254299898633,122.45712707561721,123.81413269042969,78955800.0
2016-07-29,123.46746938349035,124.64617492877721,122.53638457615774,122.76420593261719,35058800.0
2016-08-01,122.67505637036116,123.39813432002374,121.69445043381897,123.13069152832031,25006900.0
2016-08-02,122.88306309599807,123.61604829265598,120.91194397729103,121.9222640991211,23968400.0
2016-08-03,121.92225492123175,122.74438261512778,121.14965590557634,121.34776306152344,18525300.0
2016-08-04,121.77368709186135,123.60613487805212,121.34776614203189,123.18021392822266,21066000.0
2016-08-05,123.79433735576454,124.64617171605126,123.43775201563726,123.96272277832031,20184000.0
2016-08-08,124.06177091424642,124.25987051964658,123.3684147383303,124.0716781616211,15233900.0
2016-08-09,124.1509157787476,124.89380064833901,123.34860253783391,123.87357330322266,19621000.0
2016-08-10,123.88348954402016,124.28960359624591,123.35851874052152,123.6952896118164,10670100.0
2016-08-11,124.01223728687036,124.19052994742366,123.56650941399471,123.715087890625,11729500.0
2016-08-12,123.51699692789082,123.81415392010555,123.00193337267031,123.6952896118164,12159000.0
2016-08-15,123.72500693066762,123.7349066215754,122.52647931342133,122.7245864868164,19295100.0
2016-08-16,122.32837151474973,122.74438521552914,121.61520085226192,122.1302719116211,14222400.0
2016-08-17,122.48686107449255,123.20002420227405,121.68454027558788,123.19012451171875,13794200.0
2016-08-18,122.83354688119395,123.08117518690564,122.46705426821482,122.7344970703125,12400800.0
2016-08-19,122.42742355677734,122.98211605831641,122.1104596517617,122.38780212402344,11688300.0
2016-08-22,122.1599932336109,123.64576301492843,121.94207912322845,122.97221374511719,14386400.0
2016-08-23,123.3287957496498,123.90328763950025,123.071260211914,123.19012451171875,13309500.0
2016-08-24,123.28917679461584,123.50709090346368,121.9222637689397,122.3085708618164,12243700.0
2016-08-25,121.95196892432112,123.19011023162086,121.93215443147602,122.71466064453125,10730800.0
2016-08-26,122.87315784768089,124.00234222095405,122.73448661285896,123.77452087402344,17504800.0
2016-08-29,123.17029729931225,125.52772321476843,123.17029729931225,125.33952331542969,15925900.0
2016-08-30,125.39897903315504,125.39897903315504,123.96273780801847,124.64618682861328,17804300.0
2016-08-31,124.40845187207175,125.02257275420372,123.91319529013116,124.92352294921875,14200600.0
2016-09-01,125.1810445667249,125.42867284510608,124.4084455472981,124.97303771972656,13536100.0
2016-09-02,125.64660057970576,125.65650782788086,124.80466585321035,125.30982971191406,12118800.0
2016-09-06,125.46831463594515,128.70729727468176,125.27021500390117,128.49928283691406,26278400.0
2016-09-07,128.80631951205305,130.72791738365632,128.71717695859454,129.80674743652344,27990800.0
2016-09-08,129.67797665627924,129.83646238382383,128.57850648173894,129.03414916992188,15676600.0
2016-09-09,128.47948147110128,128.71719498027292,125.89423370361328,125.89423370361328,27100700.0
2016-09-12,124.76502741955991,127.53845952645852,124.55702057831866,127.46913146972656,21252800.0
2016-09-13,126.81538661043909,127.13235804624243,125.45838854672716,126.00316619873047,18016200.0
2016-09-14,125.6862124802478,127.57809621630774,125.6862124802478,126.557861328125,15691100.0
2016-09-15,126.76586979838423,127.87524719034349,126.45880559877061,127.13236236572266,15077200.0
2016-09-16,126.98380132280919,127.95450011941885,126.98380132280919,127.8455581665039,24119200.0
2016-09-19,128.67756827885393,128.7072824645397,127.0432124959793,127.42951202392578,14958800.0
2016-09-20,127.429531650084,127.94460280468552,126.8154182326196,127.41963195800781,11083800.0
2016-09-21,127.90494702947096,128.77658818172947,127.17196197699951,128.70726013183594,14068300.0
2016-09-22,129.26196095847433,129.48977474202815,128.3308762160841,128.845947265625,15538300.0
2016-09-23,126.34985645643836,127.37999860820493,126.09232847551242,126.74606323242188,28326300.0
2016-09-26,126.16166218488229,126.94416847742599,125.59706999368184,126.10222625732422,15064900.0
2016-09-27,126.39937552304426,127.786087797986,126.22108286526387,127.46913146972656,15637100.0
2016-09-28,127.98421368017442,128.24174166399575,127.18188531459222,128.00401306152344,12047600.0
2016-09-29,127.95448791389042,128.06344497044543,126.33996167552522,126.87483215332031,14532200.0
2016-09-30,126.81541011200154,127.37009511342224,126.2409106136636,127.05313873291016,18402900.0
2016-10-03,127.16207848061487,127.8653343280782,126.58757906050033,127.54837799072266,13156900.0
2016-10-04,127.94458324879643,128.05354030111548,126.33995676376277,126.97388458251953,14307500.0
2016-10-05,127.03332184202931,127.57810714174119,126.61730809880363,127.25123596191406,12386800.0
2016-10-06,127.21158213226528,127.8356101822859,126.8649116376101,127.5186538696289,11682700.0
2016-10-07,127.81581758523922,128.02383200889005,127.11256167210443,127.76630401611328,12804400.0
2016-10-10,128.44974023832586,129.46006790056714,127.97429815010763,129.0044403076172,15138700.0
2016-10-11,128.99452470211082,129.40063872541597,127.01349838046389,127.65734100341797,17537900.0
2016-10-12,127.78609275188502,128.42993535123452,127.2413226246296,127.82572174072266,11073000.0
2016-10-13,126.99370609357219,127.03331997204425,125.54755014780982,126.6073989868164,17139300.0
2016-10-14,127.27105321563171,127.72668084778321,126.36968252876608,126.66683197021484,13345300.0
2016-10-17,126.98377468556768,127.25121745089132,126.11212588984219,126.33003997802734,11351700.0
2016-10-18,127.45922269687661,128.16249367146463,126.79558071146505,127.35028076171875,13504000.0
2016-10-19,127.51865805867018,129.23224143765123,127.37998683344681,128.8756561279297,16752300.0
2016-10-20,128.83605154865208,129.4204506746744,128.27145180335413,128.76670837402344,13167500.0
2016-10-21,128.5488090767818,130.8765212725866,128.4695662026658,130.8170928955078,19088800.0
2016-10-24,131.4609095238117,132.14436603139623,130.89630976049176,132.01559448242188,17470200.0
2016-10-25,132.2335314588402,132.2335314588402,130.96567558730888,131.03500366210938,13336800.0
2016-10-26,130.39117378312207,131.00528720947202,129.69781747691505,129.79685974121094,13084700.0
2016-10-27,130.4902262881648,130.54965466732972,128.04365725232003,128.4596710205078,16741400.0
2016-10-28,129.26198054420033,131.70854950768447,128.69738073076573,130.0444793701172,24545500.0
2016-10-31,130.75762691778493,130.86658396170282,129.63835740920715,129.747314453125,15669000.0
2016-11-01,130.1633376150417,130.6883083792353,127.4295116281892,128.27145385742188,22077800.0
2016-11-02,128.99452998983858,128.99452998983858,125.08200586701048,125.96356201171875,39640900.0
2016-11-03,120.8426062266032,122.11046186969422,118.36632331212363,118.86157989501953,63766300.0
2016-11-04,118.45546280001108,120.77326747754832,118.11869195973651,119.60446166992188,30545500.0
2016-11-07,121.66472965104239,122.04112192016265,120.19876689259817,120.99118041992188,23008900.0
2016-11-08,120.87231588317785,123.42784156884495,120.38696656609106,123.04154205322266,19460800.0
2016-11-09,120.3473586581581,122.63544182427786,119.36675266653766,122.01142120361328,31916000.0
2016-11-10,122.75428731516935,123.00191558720374,114.17644034453075,119.65398406982422,67846700.0
2016-11-11,118.39603295174571,119.55493149753842,117.02912755596574,117.890869140625,32840100.0
2016-11-14,117.99984009724257,117.99984009724257,112.47278193624234,113.98826599121094,51377000.0
2016-11-15,115.62262274301669,117.36592073874647,114.73115924689527,116.0881576538086,34681400.0
2016-11-16,113.39395007907257,116.76168878331633,113.12650729347872,115.23629760742188,32397900.0
2016-11-17,115.70185529364491,116.67256164550781,114.90944919375244,116.67256164550781,18597800.0
2016-11-18,117.26686459436071,117.9998422929683,115.73156601400426,115.90985870361328,22879300.0
2016-11-21,117.07865255967455,120.79307691191062,116.68245334104859,120.61478424072266,35415400.0
2016-11-22,121.238804434478,121.81330384371216,119.75303479081286,120.317626953125,26089200.0
2016-11-23,120.07991059043746,120.15914589784585,118.80214774041073,119.693603515625,15672100.0
2016-11-25,119.86200422555105,119.99076822078636,118.93091940103363,119.23797607421875,8658600.0
2016-11-28,118.9804504552781,120.53555590510835,118.68329346710014,119.2677001953125,18101300.0
2016-11-29,119.42616305727368,120.94164687709808,119.25777764551879,119.72332000732422,18891000.0
2016-11-30,119.1785386396521,120.63459413937166,116.83101981795983,117.29656219482422,30188900.0
2016-12-01,117.25693840924933,117.32627402417673,112.91849373875932,114.008056640625,43277000.0
2016-12-02,114.01797183090179,115.37497759703678,113.215658579845,114.30522155761719,25070400.0
2016-12-05,114.85000090461338,116.45463498660887,113.97835202137773,116.31596374511719,20201500.0
2016-12-06,116.57350527424417,116.68246233486937,115.22640666743834,116.19710540771484,19131200.0
2016-12-07,115.89002455507271,116.83100891113281,115.46410364972647,116.83100891113281,21913700.0
2016-12-08,116.86074386203298,118.36632051335026,116.52396546397871,117.78192138671875,22442800.0
2016-12-09,118.08898154704835,118.80215223984229,117.82153875874273,118.54461669921875,17464700.0
2016-12-12,118.08898148159498,118.10878841993238,116.53387610506516,116.6527328491211,17805500.0
2016-12-13,116.74187088240281,120.36714478422371,116.49424261522599,119.16862487792969,29768000.0
2016-12-14,118.86157323181116,120.53554280640407,117.72248164360325,119.069580078125,25913100.0
2016-12-15,118.94082861934046,121.33786878491783,118.49509313857396,119.42617797851562,20139600.0
2016-12-16,119.7530459783547,120.34735237993887,118.13850464491556,118.73281860351562,25324300.0
2016-12-19,118.71300883953036,119.21817270166908,117.38572474165615,118.10879516601562,15918100.0
2016-12-20,118.36631908897762,118.63375430911277,117.67296292046761,117.960205078125,13684400.0
2016-12-21,117.79182600503424,118.06916848737858,117.35600534292851,117.91069030761719,10767600.0
2016-12-22,117.73239556960283,117.86115956071654,115.8207048560608,116.28624725341797,16258600.0
2016-12-23,115.89003548478534,116.4447204158693,115.1966793209304,116.157470703125,10890000.0
2016-12-27,115.85040021595479,117.55408379453,115.7513504268081,116.89044189453125,12051500.0
2016-12-28,117.06876232187419,117.12819069806352,115.54337102454583,115.81080627441406,12087400.0
2016-12-29,115.89004327607714,116.41501405786332,114.95895845886186,115.24620819091797,9934900.0
2016-12-30,115.49384046324981,115.72166182996789,113.68119944876305,113.95854949951172,18684100.0
2017-01-03,114.92925309558333,116.72207968958935,114.41418952212327,115.75138092041016,20663900.0
2017-01-04,116.43481865423892,118.52480191283948,116.17728313066792,117.56400299072266,19630900.0
2017-01-05,117.73239635334396,119.80256525765193,117.19751833305479,119.52522277832031,19492200.0
2017-01-06,119.8322950786646,122.70477742853325,118.89130296662461,122.23924255371094,28545300.0
2017-01-09,122.37789671498281,124.24005862530551,121.8727329172459,123.715087890625,22880400.0
2017-01-10,123.63586868883482,124.30941802904177,123.10099060481606,123.17032623291016,17324600.0
2017-01-11,123.17031559586721,124.9235282015788,122.88306585942249,124.89380645751953,18356500.0
2017-01-12,124.4183495022728,125.52772688059171,123.61603631979202,125.41876983642578,18653900.0
2017-01-13,126.28052470997191,128.04364453931612,126.16166796344295,127.1224594116211,24884300.0
2017-01-17,126.82530689394882,127.12246388475934,126.19138659045103,126.65692901611328,15294500.0
2017-01-18,127.1918160016354,127.21161538545675,125.63670287175256,126.70645904541016,13145900.0
2017-01-19,127.01349222349846,127.13236407457632,126.24089320463032,126.33995056152344,12195500.0
2017-01-20,126.88473448895448,127.26111919040258,125.57724993878493,125.83478546142578,19097200.0
2017-01-23,126.10221420769393,128.0238119464502,125.74562890448112,127.70684051513672,16593600.0
2017-01-24,128.15259974127866,128.66765571147525,127.16208656377992,128.14268493652344,15162700.0
2017-01-25,128.76671077108298,130.49020911014725,128.53889697626295,130.232666015625,18731300.0
2017-01-26,130.3812558446068,131.8769253182576,130.19305592053826,131.5203399658203,20020100.0
2017-01-27,131.42128198256538,131.68872477414206,129.83646995677518,130.926025390625,19539500.0
2017-01-30,130.33172544995423,130.33172544995423,128.37051359433318,129.73741149902344,18956100.0
2017-01-31,128.93507791910505,129.4204347396521,128.29125050211925,129.0836639404297,19790500.0
2017-02-01,130.9953960785724,132.22363812557907,129.44028279855505,131.96609497070312,50139800.0
2017-02-02,131.95615027037562,134.2046191350096,129.16289620320526,129.59872436523438,54366400.0
2017-02-03,129.99495459764154,131.5896814148065,129.51949739128426,129.73741149902344,24804900.0
2017-02-06,129.73738831296436,130.80714416503906,129.06384672871116,130.80714416503906,17058500.0
2017-02-07,130.98547828644803,131.73826291922032,130.41097878484567,130.58926391601562,14596400.0
2017-02-08,131.34205261766644,133.16459322629117,131.18356688282128,132.92686462402344,22390600.0
2017-02-09,133.21413258291588,133.2240322743752,132.04531908730834,132.86744689941406,16470600.0
2017-02-10,132.82781911402196,133.65984653048346,132.41179029176004,132.91696166992188,15061900.0
2017-02-13,133.42213262480865,133.42213262480865,132.43161936833044,132.77830505371094,13526200.0
2017-02-14,132.82781321237496,132.95656963827702,131.29251487928937,132.58018493652344,14364900.0
2017-02-15,132.18395669577566,132.43158494552947,131.40145807672636,132.17405700683594,13226500.0
2017-02-16,131.8075977067279,132.59999616905765,131.75806902432433,132.57028198242188,12831100.0
2017-02-17,132.23351518256953,132.81791435638317,131.90664400551302,132.2632293701172,12276500.0
2017-02-21,132.23348668575954,132.6396006467682,131.63917283481868,132.45140075683594,14759100.0
2017-02-22,132.33256156778768,135.49228578903555,132.19389033272986,134.82864379882812,27360100.0
2017-02-23,134.60083748352238,134.82865128647651,133.05563931734324,134.07586669921875,18422500.0
2017-02-24,132.88726506233402,134.3334059849919,132.88726506233402,134.15512084960938,12625700.0
2017-02-27,133.97682167276733,135.8786053689054,133.73910815702087,135.1159210205078,14306700.0
2017-02-28,135.4922764718648,135.51209096523368,133.4716364551109,134.25413513183594,16112100.0
2017-03-01,135.1753332621181,136.17574612086545,135.0069478372219,136.11631774902344,16257000.0
2017-03-02,135.78945663255598,136.51254218086228,135.0168575134071,135.46258544921875,12294800.0
2017-03-03,135.3338124266835,136.0271685879009,134.78902718785886,135.86868286132812,11160600.0
2017-03-06,135.58144728841384,136.52243177531918,135.21494713866895,136.11631774902344,12748200.0
2017-03-07,135.7300090130435,137.0572929409393,135.69039513917923,135.99745178222656,13527100.0
2017-03-08,135.84889806820993,136.6809407576145,135.749855802971,136.4134979248047,10184500.0
2017-03-09,136.41347202166733,137.25541424351175,136.09650055940975,136.9285430908203,15535300.0
2017-03-10,137.59218423255402,138.16668366880637,136.90872774608084,137.4733123779297,16314100.0
2017-03-13,137.39407871144115,138.35486251325528,137.35444972359554,138.275634765625,10955500.0
2017-03-14,138.13696224372617,138.13696224372617,137.20587752046242,137.998291015625,12944000.0
2017-03-15,137.9685722118385,138.77090057190975,137.17617377043672,138.39450073242188,19344800.0
2017-03-16,138.86994082629099,138.91946950667537,138.40439843593398,138.6619415283203,13612900.0
2017-03-17,139.00863862843607,139.00863862843607,138.37471069484926,138.5133819580078,20592800.0
2017-03-20,138.3846129420205,138.8600550705529,137.92897019640375,138.6124267578125,12099500.0
2017-03-21,139.81092269481536,140.95992155660642,137.08701157872483,137.1959686279297,29894800.0
2017-03-22,136.62147629771295,138.46383142563792,136.29462024714152,138.26573181152344,17055400.0
2017-03-23,138.15677014774073,139.05814074302836,137.77047062319335,138.206298828125,13022800.0
2017-03-24,138.75110845102915,139.68219339525334,138.4341369321299,139.00863647460938,16664700.0
2017-03-27,137.73088959081056,139.3157019428054,137.4535470513606,138.9888458251953,12800500.0
2017-03-28,139.0284032226233,140.60331524189874,138.68171763215344,140.4151153564453,14679400.0
2017-03-29,140.64297990383855,141.5047215831776,140.0882797955633,141.2967071533203,16527600.0
2017-03-30,141.04906041567529,141.59384564742598,140.50429029795515,141.05897521972656,12404000.0
2017-03-31,140.959935836564,141.2769073260093,140.5439220921914,140.70240783691406,11478300.0
2017-04-03,140.58353588051446,141.11842149009965,139.4840807015468,140.9302215576172,13564000.0
2017-04-04,140.51420856916928,140.7420223820157,139.92980938602588,140.38543701171875,12948600.0
2017-04-05,140.910386599552,142.0791999038633,139.94958769410323,140.50428771972656,17158100.0
2017-04-06,140.76183435715012,140.87079141595663,139.57322151546356,139.83074951171875,15103400.0
2017-04-07,139.8604564663982,140.20714212122624,138.9095722878363,139.44444274902344,11818300.0
2017-04-10,139.66236671143113,140.0882801495034,139.29588164945892,139.7019805908203,9039400.0
2017-04-11,139.46424669145,139.69206047119613,137.49312019286637,138.59259033203125,16638100.0
2017-04-12,138.39453064361948,139.06807248718982,138.11718810638052,138.255859375,11612500.0
2017-04-13,138.2954560289682,139.24635540533404,138.00821383477236,138.06764221191406,10965600.0
2017-04-17,138.43409858953768,140.20712541497667,138.42419890007673,140.07835388183594,11519700.0
2017-04-18,139.9297983606077,140.56372617851656,139.27605604756786,139.62274169921875,14807500.0
2017-04-19,140.0090331039801,141.68298755165853,139.92979024208512,140.92030334472656,15563900.0
2017-04-20,141.59384881011073,142.88151890100218,141.3363208375448,142.435791015625,15968200.0
2017-04-21,142.53483915540878,142.80228194330894,140.92031296541953,142.31692504882812,12382000.0
2017-04-24,143.5848094963839,144.28806545043943,142.97068099474762,144.0899658203125,14407200.0
2017-04-25,144.4069094464886,145.75400797197355,144.4069094464886,145.10028076171875,17767500.0
2017-04-26,145.69458750246145,146.18984411790038,144.70407427158355,145.16961669921875,12395000.0
2017-04-27,145.2785550612584,146.34831102660866,144.7535843255815,146.2987823486328,11275100.0
2017-04-28,148.0817153600607,150.09245583776712,147.65580196192056,148.82460021972656,30652200.0
2017-05-01,150.3004706809688,151.12259840838087,149.98349921853136,151.01364135742188,25218300.0
2017-05-02,151.88529718091453,151.98435455091018,150.2212421860225,151.3306121826172,21870400.0
2017-05-03,152.1428513071213,152.1428513071213,149.9042815410993,150.35992431640625,29782500.0
2017-05-04,148.74537318330678,150.08257211861783,147.30913199125263,149.41893005371094,36225500.0
2017-05-05,150.0132250640894,150.19152530407717,148.36896948146082,148.81471252441406,17148500.0
2017-05-08,149.28026727688214,149.64675236429744,148.31946815914088,149.62693786621094,15827500.0
2017-05-09,150.05285725182128,151.14241275526678,148.78500150459178,149.05242919921875,17453900.0
2017-05-10,148.80478366642663,149.09204093871452,147.44778551136525,148.8642120361328,12080700.0
2017-05-11,148.8840352005091,149.220806057809,147.9925793749431,148.61659240722656,11841900.0
2017-05-12,148.97318243631065,149.03262592537516,148.21049813802108,148.9038543701172,9598200.0
2017-05-15,148.74535274208938,150.0429225051594,148.34915354149862,148.76516723632812,15064700.0
2017-05-16,148.6859562949854,148.7850136734152,147.61620008688618,148.3590850830078,14550800.0
2017-05-17,146.59594033007863,147.25958230032165,143.04990158138358,143.475830078125,28300100.0
2017-05-18,143.3470894589874,146.744542905585,143.13907501077165,146.2592010498047,23031600.0
2017-05-19,147.04169508690077,147.97277999907084,146.55635324709158,146.6553955078125,16187900.0
2017-05-22,146.67517822078037,147.18033444887877,146.28887872540392,146.8336639404297,12586700.0
2017-05-23,147.11102638422298,147.3982685653454,145.85307037385732,146.66529846191406,12817800.0
2017-05-24,147.10110843534522,148.8047923316094,147.011965875595,148.61659240722656,17862400.0
2017-05-25,148.87411627141267,151.1423845336767,148.52743065403084,150.51837158203125,19891400.0
2017-05-26,150.7857945540688,150.80560904662713,149.71603866635994,150.68675231933594,14996200.0
2017-05-30,150.5282884366413,151.44945843479545,150.20141727515806,150.9344024658203,13226000.0
2017-05-31,151.25135898978212,151.89520162276025,149.65663217146664,150.02313232421875,18023900.0
2017-06-01,150.31035181916224,150.84522220346938,148.8741109530865,150.09243774414062,14530600.0
2017-06-02,150.40941243689983,152.17252445383272,149.86462723750378,152.1527099609375,16854400.0
2017-06-05,152.18243081779664,153.24228708074472,151.95461703861383,152.1725311279297,12520400.0
2017-06-06,151.95461969721606,153.0540898528987,151.03343464644007,151.3603057861328,13457100.0
2017-06-07,151.81594442927226,152.29138647707714,150.89475940299326,151.6673583984375,12066700.0
2017-06-08,152.61828139441488,153.26210895295213,151.6475826539328,153.2423095703125,17799400.0
2017-06-09,153.30172196249805,154.11393487298335,145.21913116267183,148.18077087402344,35577700.0
2017-06-12,146.76432602659534,147.78455332307783,143.18857308685554,147.03176879882812,33170200.0
2017-06-13,148.72554802223,149.7457753891306,147.48740654647372,149.25051879882812,20483400.0
2017-06-14,149.8250130563587,150.95419743848956,147.63598746706742,148.82460021972656,20808800.0
2017-06-15,146.26912297152884,148.61663506969532,144.98145243182057,148.37892150878906,18994200.0
2017-06-16,148.17088025804802,149.399122185616,147.19028176840786,149.21092224121094,22882400.0
2017-06-19,150.27073987159324,152.11309472961062,150.27073987159324,151.4197235107422,19026500.0
2017-06-20,151.42964637070307,152.3805304753498,150.7660044126185,150.8056182861328,14743900.0
2017-06-21,150.91459165494612,152.61827556692154,150.43914955119521,152.44989013671875,15039800.0
2017-06-22,151.5584178674162,153.0838166449466,151.45937561676567,151.94471740722656,13005500.0
2017-06-23,151.27118010033502,153.72764865291492,151.2018369202303,153.59889221191406,18027000.0
2017-06-26,154.76768806043194,155.01531636132862,151.74661976668588,152.13291931152344,18049700.0
2017-06-27,151.39004379566705,151.85558623934105,148.9632893192167,149.1514892578125,19360800.0
2017-06-28,149.48824187526282,152.01405341520933,148.4383003608926,151.78623962402344,16719100.0
2017-06-29,150.83534320319941,151.05325730811066,147.50721837204634,149.6071014404297,23973500.0
2017-06-30,150.45893872490697,150.47875321947822,148.63639818915553,149.54766845703125,17666000.0
2017-07-03,150.28064711349998,150.7065604871525,146.39783761723663,147.0218505859375,13862700.0
2017-07-05,147.58644296040407,149.4188981300209,146.72470145209115,148.91372680664062,14334300.0
2017-07-06,147.6162024634037,148.61661549990123,146.59597492809442,147.408203125,14951800.0
2017-07-07,147.83410001761249,150.54811171694396,147.77467164188076,150.00332641601562,13615900.0
2017-07-10,150.25096605600433,152.51923488035303,150.07266580132944,152.04379272460938,13378700.0
2017-07-11,151.91501282064127,153.94556801269292,151.4593851879861,153.7969970703125,13667700.0
2017-07-12,155.00540716109802,157.65007543874617,154.71814988582253,157.3925323486328,22739400.0
2017-07-13,157.23407425583574,158.26420135624346,156.91710277015193,157.74913024902344,13929200.0
2017-07-14,158.6109088603587,158.7991088166329,157.8184951511152,158.45242309570312,16371200.0
2017-07-17,158.72971640413007,159.25468711197612,157.30337519261263,158.2146453857422,12858800.0
2017-07-18,158.14533287232726,162.17671352629037,157.907604275703,161.31497192382812,23722900.0
2017-07-19,162.0380394622111,164.12802277304417,161.6220257609023,162.58282470703125,26273600.0
2017-07-20,163.236574258899,163.43467387108794,161.2654475996448,162.96913146972656,18523100.0
2017-07-21,162.60262850668326,163.484184530671,162.1965145223441,162.87005615234375,14744000.0
2017-07-24,163.07810277575683,164.59358685679388,162.75123158576395,164.42520141601562,17367000.0
2017-07-25,163.44457807746204,163.96954886558092,162.30549394038113,163.71202087402344,15383200.0
2017-07-26,164.43507859930227,164.43507859930227,162.54321001538517,164.03887939453125,35236900.0
2017-07-27,173.04263954445193,173.82515337538496,165.91094808251708,168.82305908203125,68910700.0
2017-07-28,167.46608604052378,171.78470939410306,167.44627154316768,170.8140106201172,24557600.0
2017-07-31,170.36827477324132,171.0814455046705,166.95100716832872,167.6443634033203,25478900.0
2017-08-01,168.20893654247342,168.85276399136757,167.44623724782238,168.24855041503906,14385000.0
2017-08-02,168.68439131707103,168.93201960288175,165.32655236603887,167.69387817382812,17433800.0
2017-08-03,167.69385621694227,168.0900553767509,166.65381452990817,166.99058532714844,10793800.0
2017-08-04,167.3669758450955,168.44663134274032,167.08963342577442,168.01080322265625,10777700.0
2017-08-07,168.33769411462274,170.42767730794517,168.05045197297568,170.3484344482422,12787800.0
2017-08-08,170.24943354395646,171.4083323096751,169.00137709315658,169.6055908203125,14393500.0
2017-08-09,168.36741754070093,169.82347305036328,167.95140383994467,169.5560302734375,10815000.0
2017-08-10,168.44667366681978,168.9716444577271,165.26713473427026,165.81190490722656,20832700.0
2017-08-11,166.35668682315412,167.2184435738484,165.26713138528825,166.48545837402344,13791200.0
2017-08-14,168.47639982109158,169.45701340732532,167.68398617591578,169.13014221191406,12954200.0
2017-08-15,169.86311876317023,169.87301845438998,168.39714830490075,169.3777618408203,8729200.0
2017-08-16,169.62536363040698,169.75413516629487,167.63443779614616,168.38722229003906,15779900.0
2017-08-17,167.73349304232028,168.2485641117844,165.26712497402517,165.32655334472656,17216000.0
2017-08-18,165.2572081186095,167.06984897266207,164.63319511995803,165.82180786132812,15093600.0
2017-08-21,165.57416494418115,166.40619227820505,164.24688108551976,166.1882781982422,11907500.0
2017-08-22,166.68354124415876,168.25845342675535,165.56425661819793,168.0306396484375,11391000.0
2017-08-23,167.23823824473413,167.75330931967105,166.60431042713154,167.10948181152344,9856500.0
2017-08-24,167.27788139239973,167.68398033555448,164.83131247192532,166.14869689941406,14030400.0
2017-08-25,166.26752520743088,166.7825962378431,164.60345538380292,164.7421417236328,12614500.0
2017-08-28,165.32657119463215,166.109070016737,164.75207169243936,165.6534423828125,8553700.0
2017-08-29,163.6822794660105,166.83210367089455,163.43465120660653,166.45571899414062,11121000.0
2017-08-30,166.57458548105748,168.56551136225445,166.03971505958216,168.3079833984375,11138300.0
2017-08-31,168.78346409952817,170.51686241381222,168.44669319726398,170.3385772705078,17226500.0
2017-09-01,170.76446150276178,171.27953257416357,169.68480579354153,170.38807678222656,11677600.0
2017-09-05,169.64517276861292,170.75454253807365,167.94148912892422,169.1003875732422,13210900.0
2017-09-06,169.28858409178963,170.84368167588065,167.96130027066138,170.45738220214844,13906300.0
2017-09-07,170.30886209315506,171.6658605005553,168.65470666793544,171.5668182373047,18049500.0
2017-09-08,171.44791404639867,171.844128366822,169.17964562884495,169.32821655273438,10998500.0
2017-09-11,170.76446713744502,172.24033722491615,170.56636752314805,171.8639373779297,12372000.0
2017-09-12,172.11156655204925,172.34929515883704,170.12064048005897,171.3191680908203,11186300.0
2017-09-13,171.36866568994668,171.52715141303653,170.4276812694001,171.40829467773438,9119300.0
2017-09-14,170.62578976933503,170.64560426426277,168.88249206647427,169.338134765625,15615700.0
2017-09-15,169.2588732449019,170.70501382058353,168.64474488207847,170.01165771484375,15660500.0
2017-09-18,170.35838292040327,170.43762579576727,167.73351368383248,168.39715576171875,12954000.0
2017-09-19,169.00133217197242,170.92292991196385,168.74380421938696,170.88331604003906,13168600.0
2017-09-20,170.86352277292534,171.40830804225402,169.08059603422763,170.53665161132812,12264100.0
2017-09-21,170.06122435911936,170.63572386472308,168.39715421977874,169.48672485351562,11161400.0
2017-09-22,168.59526307595084,170.10083229940642,167.61464953983122,168.922119140625,12097100.0
2017-09-25,167.63445403728392,167.69388240913446,160.02730504575482,161.3248748779297,41251600.0
2017-09-26,162.93943336102112,163.9299466337325,161.2357493228349,162.65219116210938,23363300.0
2017-09-27,164.32613634342874,166.742991006576,163.99928028278623,166.08924865722656,19242500.0
2017-09-28,166.34678894323193,167.4660736938179,165.57418985766896,167.12928771972656,12178700.0
2017-09-29,167.22832240203866,170.03147618672884,167.20850790883108,169.24896240234375,15340400.0
2017-10-02,169.7640422794156,170.23948434297864,167.14908825877293,167.8622589111328,13392300.0
2017-10-03,167.69388341010085,169.11030999443145,167.59482604707105,168.34762573242188,8190300.0
2017-10-04,168.2188623784113,169.05088985788197,166.69346355201606,166.82223510742188,12127900.0
2017-10-05,167.57499364035164,169.68479131232138,167.00050936108372,169.61546325683594,14580600.0
2017-10-06,168.63488776953497,170.7347711096752,168.13963112410315,170.59609985351562,13124500.0
2017-10-09,171.06160972947256,173.22093615159395,170.36825358072917,170.86351013183594,14570400.0
2017-10-10,171.35878545763296,171.55688507697408,169.17965941681632,169.962158203125,11341100.0
2017-10-11,170.31875861352125,171.14088646476358,169.7739732766699,171.1012725830078,11283700.0
2017-10-12,170.97248379358535,172.2007256007477,170.65551231533752,170.91305541992188,10351000.0
2017-10-13,171.80453953629413,172.99315254733517,171.55691119590915,172.091796875,13658300.0
2017-10-16,172.8346504377084,173.3398067190955,172.4087219104736,172.86436462402344,11498800.0
2017-10-17,173.05255766652377,174.4590845142974,172.70587202125634,174.43927001953125,15990100.0
2017-10-18,174.9741291408628,175.06328680452415,174.08267341648997,174.36001586914062,12752400.0
2017-10-19,173.2704461855036,174.36001662135328,170.99227818804914,172.90396118164062,14048400.0
2017-10-20,173.8350631511397,174.21146299616223,172.97332152072676,173.3199920654297,12602200.0
2017-10-23,173.53789670965944,173.67656794278398,169.6253728834745,169.6451873779297,13852700.0
2017-10-24,170.66542260175078,171.5965074019123,169.87300904114323,170.170166015625,12267900.0
2017-10-25,170.26922252334685,170.61590820828016,167.28778306624528,168.9815673828125,15868200.0
2017-10-26,169.75416116310623,170.65551671026833,168.77354763030905,169.0112762451172,11833100.0
2017-10-27,172.49787951244258,176.51937607481491,172.25025119553467,176.1925048828125,30285300.0
2017-10-30,177.55936066470477,178.9758021596758,175.92502020761378,178.16357421875,24353200.0
2017-10-31,178.85697805202625,179.08479185899282,177.24243667901501,178.351806640625,20174200.0
2017-11-01,180.62998230838303,181.16485277007615,178.85697038403487,180.92713928222656,40918300.0
2017-11-02,178.91641001004888,180.21397992628502,175.65761301150096,177.22262573242188,35529900.0
2017-11-03,177.58911079193,178.15371058914985,175.0335999526131,177.22262573242188,17822100.0
2017-11-06,176.8660276008418,178.73809687047452,176.6183993106045,178.46075439453125,13312700.0
2017-11-07,178.7876368508094,179.03526515669697,177.26225313671634,178.54000854492188,12928200.0
2017-11-08,178.08436593366667,178.6390660350212,177.41082419592757,177.85655212402344,10494100.0
2017-11-09,176.6183856290089,177.69804126344135,175.40995845713817,177.5989990234375,12610300.0
2017-11-10,176.65805648015896,177.40094146937065,176.2717568903302,176.7670135498047,11070200.0
2017-11-13,175.816094893841,177.34147858809794,175.61799527451353,177.0740509033203,9523400.0
2017-11-14,176.44010463772366,177.27213202047835,175.49910509457547,176.38067626953125,9585900.0
2017-11-15,174.98403985367946,176.87592341533994,174.72649678650342,176.2617950439453,10253700.0
2017-11-16,177.06411803287887,178.12397431489654,176.80659006543124,177.88624572753906,15607600.0
2017-11-17,177.59900632552416,178.27254799575226,177.2027920071275,177.30184936523438,13018000.0
2017-11-20,177.17308321484725,177.79711133904536,176.41039896752883,177.04432678222656,10052400.0
2017-11-21,177.45043762637363,180.16444929495103,177.29196699756224,180.13473510742188,14504000.0
2017-11-22,179.5800422956082,180.0059557076535,178.72820035748595,179.15411376953125,10376300.0
2017-11-24,178.68854882734144,181.41245972479499,178.5795917868821,181.0459747314453,9426300.0
2017-11-27,180.82808247741278,181.98698107634905,180.26349782799684,181.2936248779297,12344500.0
2017-11-28,181.76907840675622,182.5020636420828,180.36255142602081,180.68942260742188,14379700.0
2017-11-29,180.16446181523702,180.24370469216575,172.34931255728688,173.46859741210938,41933500.0
2017-11-30,175.17225894674615,176.58868551529983,173.53790315914793,175.49911499023438,25307600.0
2017-12-01,174.36004334375133,175.79628451001298,170.70504709263614,173.43887329101562,20182500.0
2017-12-04,174.61755779367107,174.89491538253404,169.16973543028604,169.84329223632812,24459400.0
2017-12-05,168.83297290365758,173.71621086748618,167.40663146907858,171.19039916992188,20184900.0
2017-12-06,170.8635156507025,175.09301096569496,170.26920172456593,174.38973999023438,20255800.0
2017-12-07,174.13220702165242,178.6786585498864,174.13220702165242,178.4310302734375,20404500.0
2017-12-08,179.80784636222387,180.55073120593295,177.04432139379966,177.30184936523438,19883800.0
2017-12-11,177.59903482601396,178.51030523351764,177.10377818406414,177.34149169921875,13168600.0
2017-12-12,176.9056604976893,177.48014484337835,174.92463413204453,175.28121948242188,16854100.0
2017-12-13,175.61800722971375,177.46036253153875,175.5684785430022,176.6085205078125,14615700.0
2017-12-14,176.59857448002737,178.6489438579294,175.9943608826487,176.6976318359375,13591000.0
2017-12-15,177.3216735475851,178.7777291299286,176.66793122203669,178.4706573486328,28463100.0
2017-12-18,179.29279908072078,179.5800563889044,178.04475781884219,179.1046142578125,17265400.0
2017-12-19,178.24283503214397,178.37160657575888,176.52925154617844,177.8070068359375,14920600.0
2017-12-20,178.10417610881552,178.10417610881552,175.6774217911442,176.202392578125,11860500.0
2017-12-21,176.25191267162688,176.98488273107077,175.37035657097564,175.7665557861328,11600700.0
2017-12-22,175.45950778342427,175.84580732717117,174.55813714333746,175.51893615722656,8509500.0
2017-12-26,174.95434713969757,175.3208321783826,173.0129346642715,174.32041931152344,8897300.0
2017-12-27,174.87508017152732,176.7471492118887,174.5878229261747,175.93492126464844,9496100.0
2017-12-28,176.26180036505338,177.2424137597653,175.99435760030826,176.23208618164062,12220800.0
2017-12-29,176.31133324334516,177.15327543084976,174.78594970703125,174.78594970703125,10261500.0
2018-01-02,175.9943885457413,179.85739932297383,175.86563209965655,179.69891357421875,18151900.0
2018-01-03,180.1545352839591,183.0270173530248,179.609750032507,182.91806030273438,16886600.0
2018-01-04,183.14586818332555,184.44345305455695,182.35346978572824,182.58128356933594,13880900.0
2018-01-05,183.82933630610296,185.12690614559187,183.1755939839992,185.077392578125,13574500.0
2018-01-08,185.42404897183405,187.1079182160733,184.56230741283588,186.49380493164062,17994700.0
2018-01-09,186.90985060424836,187.00890797663794,185.32503844424585,186.0877227783203,12393100.0
2018-01-10,185.16652762376015,186.10751207792646,183.8689578369167,186.0579833984375,10529900.0
2018-01-11,186.61269105113763,186.61269105113763,185.60237841392762,185.98867797851562,9588600.0
2018-01-12,176.37079547599575,179.75834914247744,175.71705307175364,177.66836547851562,77551300.0
2018-01-16,179.77812819076473,180.0257564665096,176.3509462042825,176.6976318359375,36183800.0
2018-01-17,177.55938625737724,177.61882974364633,174.13221913674,175.91514587402344,27992400.0
2018-01-18,176.44012875601672,179.26308242925015,175.40008682839067,178.0942840576172,23304900.0
2018-01-19,179.1343315088878,180.63990080209047,178.4607746237956,179.5701446533203,26826500.0
2018-01-22,179.0847823947207,183.63123417286803,178.69848286678723,183.61141967773438,21059500.0
2018-01-23,184.2849688450538,187.7517647621614,183.789712285467,187.5536651611328,25678800.0
2018-01-24,188.08855342418838,188.85125283017678,184.75052873265253,184.78024291992188,24334500.0
2018-01-25,186.1669278484808,186.83056978943284,184.82974427696138,185.70138549804688,17377700.0
2018-01-26,185.96887012280916,188.19752502441406,185.03778521233778,188.19752502441406,17759200.0
2018-01-29,186.95939392298487,187.04853649669252,183.8689971221793,184.21566772460938,20453200.0
2018-01-30,185.84008999600536,186.39477499437987,180.11492465501698,185.34483337402344,20858600.0
2018-01-31,186.58297502319792,188.02913101028977,183.4628643487493,185.1170196533203,43275100.0
2018-02-01,186.43438455220476,193.46703389680712,186.1075134020891,191.2581787109375,54211300.0
2018-02-02,190.21813593466268,192.36756273953554,188.1776812933119,188.47483825683594,26677500.0
2018-02-05,185.1566286670613,188.80172517019383,178.8965929858576,179.54042053222656,33128200.0
2018-02-06,176.87593783502504,184.00762938677275,176.05381011899692,183.55198669433594,37758500.0
2018-02-07,182.40299587863097,183.324180994455,178.24284354937745,178.4706573486328,27601900.0
2018-02-08,179.29278739220896,180.1149151550205,169.85319788423868,169.95225524902344,38478300.0
2018-02-09,173.10207123239243,175.22176875143597,165.5939798033236,174.43927001953125,39887600.0
2018-02-12,175.38026246242566,175.86561936508068,170.20978241744464,174.73643493652344,32092100.0
2018-02-13,173.9539235523314,174.3006092183524,171.45784116749542,171.50735473632812,21809400.0
2018-02-14,171.80453245493942,178.10419777923826,171.56681893094984,177.81695556640625,28929700.0
2018-02-15,178.787632317802,178.787632317802,175.16235038415647,178.2527618408203,20922100.0
2018-02-16,177.29195522108674,178.17351132530382,174.62747241338818,175.6774139404297,20645300.0
2018-02-20,174.10248124556443,176.26179241769336,173.44873901189933,174.34019470214844,21204900.0
2018-02-21,175.03357057095545,179.5503077343912,174.72649882466132,176.22218322753906,23200800.0
2018-02-22,177.00471961446172,178.5004043360287,175.72696413703656,177.29197692871094,18464200.0
2018-02-23,178.1933085083125,181.65020482092123,177.80700898682576,181.5511474609375,19007300.0
2018-02-26,182.8289428241421,183.898698978986,181.48184416034238,183.1756134033203,17599700.0
2018-02-27,182.70015007802155,182.94777836902296,179.738525390625,179.738525390625,15849800.0
2018-02-28,180.57056483921158,181.1450643262554,176.4500261753312,176.62832641601562,18783000.0
2018-03-01,177.3117568501919,178.4112270717761,172.75540534356068,174.27088928222656,23201600.0
2018-03-02,171.6460019202177,175.42976907303557,171.34886009274396,174.9444122314453,20025900.0
2018-03-05,174.52844567086657,179.43148363008976,174.22138895690406,178.6885986328125,16189300.0
2018-03-06,180.05550473033003,180.64981875021817,177.4108360584912,178.07447814941406,15086800.0
2018-03-07,177.04435644750845,182.07616593218276,176.38071433608158,181.9672088623047,19097300.0
2018-03-08,181.8185803771312,182.65060774534095,179.72859715272776,180.6101531982422,17225900.0
2018-03-09,182.16526314499902,183.75007499566212,181.47190701570705,183.4727325439453,18526300.0
2018-03-12,183.47275983056593,184.3345166110198,182.47234691766238,183.00721740722656,15301200.0
2018-03-13,183.84916649631955,184.22556637100234,179.3918568335163,180.15455627441406,18067500.0
2018-03-14,180.86771460779892,182.5020553263023,180.12482971501885,182.442626953125,16821700.0
2018-03-15,181.5016550484322,182.25443968433743,180.46161310351394,182.1157684326172,15614300.0
2018-03-16,182.73979231346402,183.57181980416672,181.67003620511807,183.33409118652344,24403400.0
2018-03-19,175.3307391685883,175.48922491073793,168.44667533055642,170.92295837402344,88140100.0
2018-03-20,165.88125256689625,168.58534946476186,160.41361528131628,166.55479431152344,129851800.0
2018-03-21,163.236568338648,171.75497226608036,161.75079863006934,167.78302001953125,106598800.0
2018-03-22,164.55394049546263,168.6546639842509,162.16680037897171,163.32569885253906,73743000.0
2018-03-23,163.87052292206974,165.01952197850233,157.51142934386212,157.87791442871094,53609700.0
2018-03-26,159.29433410055668,159.5716765770257,147.60627575639302,158.54153442382812,126116600.0
2018-03-27,154.82715149283393,161.30511777499373,149.3198992520968,150.7759552001953,79117000.0
2018-03-28,150.2113187768467,154.40120044034754,149.3693916362378,151.57823181152344,60029200.0
2018-03-29,153.6781130991885,159.88863494012733,152.67770023320637,158.2740936279297,59434300.0
2018-04-02,156.31290343986683,157.68971633979046,152.64800720613079,153.91586303710938,36796000.0
2018-04-03,155.0648565805598,155.89688410610472,149.37930492793646,154.6290283203125,42543900.0
2018-04-04,150.58773329759936,154.08424397960826,149.08214887458792,153.6286163330078,49885600.0
2018-04-05,160.02729417512074,160.03720897910998,155.1638712219709,157.82835388183594,41449600.0
2018-04-06,156.2336193898424,159.8886149683251,155.32234919609536,155.70864868164062,41644800.0
2018-04-09,156.32280549050142,159.00708788470257,154.5596780330655,156.43174743652344,34915200.0
2018-04-10,156.43173961041282,164.40537374994457,155.52046929647088,163.4742889404297,57889300.0
2018-04-11,163.79124252241257,167.05002388572345,161.7012593316959,164.7421417236328,56144600.0
2018-04-12,165.395880390504,165.8614227768486,161.55269967310542,162.3153839111328,38263000.0
2018-04-13,163.0186721510421,164.12804215218586,162.21635883849828,162.95924377441406,19990600.0
2018-04-16,164.1478372095887,164.2072655791788,161.83993980164306,163.2662811279297,18119400.0
2018-04-17,164.25681275217087,167.39673791596394,164.08842731469673,167.05996704101562,22743000.0
2018-04-18,165.29683987050814,166.5250665077042,164.19736966570864,164.78176879882812,20969600.0
2018-04-19,164.6233104272026,166.733108631013,163.63279710921216,166.5052947998047,22235000.0
2018-04-20,166.1981993638519,166.83212719274303,164.23698750478744,164.70252990722656,19119400.0
2018-04-23,165.6831347440789,166.85193297750297,163.52380827106558,164.26669311523438,23088100.0
2018-04-24,163.86060049683218,164.52425767793758,156.68929420462337,158.17506408691406,35079900.0
2018-04-25,158.6207920287947,159.5320624095824,154.70826769490242,158.17506408691406,41083600.0
2018-04-26,171.57668198275076,174.5977499885817,169.1796420721983,172.5077667236328,77556900.0
2018-04-27,175.13264540407877,175.41990271058444,170.96259308329832,171.9431915283203,29804700.0
2018-04-30,172.1412828567825,174.05298119739814,170.08102869539832,170.36827087402344,20750500.0
2018-05-01,170.36826199970878,172.36910279698296,168.6150494902249,172.2106170654297,26025900.0
2018-05-02,172.59694721102244,176.3906150667049,172.54741852187104,174.39968872070312,30424500.0
2018-05-03,173.46858035640216,174.44917874466034,170.4871259719792,172.36911010742188,24026100.0
2018-05-04,171.43801439551038,175.30100955783146,171.41819990097693,174.9345245361328,17677800.0
2018-05-07,175.66750293032248,177.79710003273476,175.4892027144479,176.2816162109375,18697200.0
2018-05-08,176.55898368037867,177.3414824838229,175.42979919997148,177.22262573242188,15577200.0
2018-05-09,177.9654994625043,181.27380982335106,177.08394334565517,180.92713928222656,23282800.0
2018-05-10,181.4125165941921,184.3642573013945,180.76868895312353,183.7699432373047,21071400.0
2018-05-11,183.09638194255353,186.53346415985783,182.43272475878047,185.21607971191406,21207800.0
2018-05-14,185.92922580796593,186.0777967314744,184.43354131250325,184.86936950683594,15646700.0
2018-05-15,183.126065529248,183.53216441084558,181.4619956731768,182.57138061523438,15429400.0
2018-05-16,181.95726218902814,182.57139061807365,180.9271351657108,181.46200561523438,16975500.0
2018-05-17,180.94693708713623,182.3138500864891,180.49130949670618,182.01669311523438,14840700.0
2018-05-18,181.7492735829573,182.44262980424773,180.87761712531668,180.9469451904297,13130500.0
2018-05-21,182.02657553523238,183.54205919357514,181.3926478292199,182.73974609375,13532900.0
2018-05-22,183.1755744210044,183.660931265403,181.68980481891924,182.05630493164062,12731400.0
2018-05-23,180.76862560188127,185.13679163420335,180.45165418170836,185.1268768310547,16628100.0
2018-05-24,184.11660886494886,185.02787924680064,183.2746665517212,184.16612243652344,12354700.0
2018-05-25,184.25526573260586,184.56232239975597,182.70015278732095,183.1656951904297,10965100.0
2018-05-29,182.59117789035727,185.03774641177642,181.96716492629983,183.9779052734375,16398900.0
2018-05-30,184.77033312233496,186.21648910277554,183.4925776930275,185.88961791992188,13736900.0
2018-05-31,186.0877218394342,190.89171720946445,185.70142227151663,189.96063232421875,30782600.0
2018-06-01,191.2383878865902,192.70434316849125,190.24787470157,192.149658203125,17307200.0
2018-06-04,190.0200544046621,192.13975211217618,189.653569346074,191.44639587402344,18939800.0
2018-06-05,192.45673306292838,193.1500893351711,190.79266289551273,191.10963439941406,15544300.0
2018-06-06,189.2177236187795,190.7034933263744,187.31594020674177,189.5247802734375,22558900.0
2018-06-07,188.94040168775933,189.15831581101725,184.99816320033185,186.394775390625,21503200.0
2018-06-08,185.75091747646246,187.6824149679042,184.66134703819776,187.3060302734375,12677100.0
2018-06-11,187.01881850367894,190.77287246986353,187.00891881147965,189.72291564941406,12928900.0
2018-06-12,190.3469084995291,191.44637869064218,189.74269487893488,190.57472229003906,11562700.0
2018-06-13,190.91152694396115,192.65482480188794,190.08939914269078,190.58465576171875,15853800.0
2018-06-14,191.2681210528934,195.40845932239583,191.07992111081907,194.9429168701172,19120900.0
2018-06-15,193.9325456562685,195.20041627986564,192.79346168118272,193.9919891357422,21860900.0
2018-06-18,192.95193938324414,197.68659041130297,192.28829747330602,196.4286346435547,16826000.0
2018-06-19,194.37831359224552,196.08199748593825,191.95154418869626,195.616455078125,19994000.0
2018-06-20,197.21119678108076,201.61897778023717,196.9239394708472,200.08367919921875,28230900.0
2018-06-21,200.83646596662777,201.46049416564964,198.19179733910784,199.5884246826172,19045700.0
2018-06-22,199.2516266643414,200.3213826681222,197.4191713116182,199.8261260986328,17420200.0
2018-06-25,198.10262578611707,198.10262578611707,191.2779909323466,194.4872589111328,25275100.0
2018-06-26,195.7254091843532,197.21117894502177,194.36839585873443,197.11212158203125,17897600.0
2018-06-27,197.29041190071746,198.84552487929085,193.94248756260788,193.9821014404297,18734400.0
2018-06-28,193.32835110465624,195.46786315530628,191.42656765319995,194.36839294433594,18172400.0
2018-06-29,195.44807157784726,195.72541406429775,192.11994662640956,192.47653198242188,15811600.0
2018-07-02,191.53553304007485,195.57682871804158,190.39644890335302,195.48768615722656,13961600.0
2018-07-03,192.70436807135135,193.54629531900034,190.6936272550382,190.90162658691406,13489500.0
2018-07-05,192.89255658529186,196.76545192297723,192.18928552455765,196.56735229492188,19684200.0
2018-07-06,196.5673200653723,201.70808543059442,195.82443524644492,201.30197143554688,19740100.0
2018-07-09,202.985868533329,203.84762531912077,200.20252878125035,202.7976837158203,18149400.0
2018-07-10,202.55995390876976,202.9660679571771,200.34119885033112,201.6090545654297,13190100.0
2018-07-11,200.30157391916836,202.5599427317,199.83603152137152,200.6185302734375,12927400.0
2018-07-12,201.50010403443062,205.11548648045175,201.26239052641867,204.95700073242188,15454700.0
2018-07-13,205.83858284947215,206.4526963078946,204.49148404961653,205.35324096679688,11486800.0
2018-07-16,205.53149614995922,206.73992350512015,204.8777537878494,205.26405334472656,11078200.0
2018-07-17,202.9561551907856,208.463421456482,202.89672681511092,207.9978790283203,15349900.0
2018-07-18,207.82948304580205,208.988381654745,206.46257001852135,207.37384033203125,15334900.0
2018-07-19,206.78943203722804,207.9978592746231,205.78900409494054,206.11587524414062,11350400.0
2018-07-20,206.86866285136333,209.49351646835717,206.52197722767124,207.9483184814453,16163900.0
2018-07-23,208.5822627551057,209.61238978989286,206.81915054189116,208.9091339111328,16732000.0
2018-07-24,213.06931214792382,214.1489679951608,210.5831292575461,212.63348388671875,28468700.0
2018-07-25,213.67348761862766,216.54596956943473,212.23724664322413,215.4365997314453,58954200.0
2018-07-26,173.2308466504192,178.421141070921,172.10166224800076,174.5878448486328,169803700.0
2018-07-27,178.1635859529565,178.22301432054235,171.3587658118319,173.2308349609375,60073700.0
2018-07-30,173.63694518855146,173.63694518855146,164.97985546610522,169.43716430664062,65280800.0
2018-07-31,169.05089559461192,172.58703517340942,168.38725352674925,170.94277954101562,40356500.0
2018-08-01,172.2799756205726,173.4190750144492,169.27872145044972,170.0216064453125,34042100.0
2018-08-02,169.0607705810279,175.1128062955991,168.65467169206036,174.69679260253906,32400000.0
2018-08-03,176.00428700779494,177.15328590852553,174.4788882672312,176.0934295654297,24763400.0
2018-08-06,177.27217029333244,184.0274632842014,176.68777106122866,183.9284210205078,49716200.0
2018-08-07,184.73072146902769,186.51364834515462,181.97709583802217,182.0662384033203,33398600.0
2018-08-08,182.9973195972365,185.07740342988168,182.01670605658393,183.42323303222656,22205200.0
2018-08-09,184.086899450606,184.80007022255674,180.74885941371542,181.3530731201172,19732100.0
2018-08-10,180.31302386004026,180.37246735032673,177.71788400340412,178.54991149902344,21500400.0
2018-08-13,178.39143236905315,180.8776150461129,177.20280444446766,178.34190368652344,17423300.0
2018-08-14,178.99566169504908,180.2635174858569,176.9254774506848,179.39186096191406,19102000.0
2018-08-15,177.63861283995405,179.15409664920458,173.1218755955972,177.82681274414062,33020200.0
2018-08-16,178.7084163913879,178.78765927289382,172.3592222047995,173.0426788330078,31351800.0
2018-08-17,172.84454024646018,174.5482240299317,170.4078713097176,172.15118408203125,24893200.0
2018-08-20,172.38889365907139,172.9138795081526,169.28859792668374,170.86351013183594,21518000.0
2018-08-21,171.17057601645882,172.51767451275782,169.76404914906348,170.9823760986328,19578500.0
2018-08-22,170.57630998618538,172.5870508696943,170.49706710481135,171.99273681640625,16894100.0
2018-08-23,171.4479503189749,173.88461978449453,171.1904222917387,171.25975036621094,18053600.0
2018-08-24,172.0521641534181,173.1615493718788,171.27956495725897,172.99314880371094,14631600.0
2018-08-27,174.32043356073072,176.97500183506332,174.12231881808142,175.7764892578125,17921900.0
2018-08-28,176.41040055708848,176.54907179548962,174.16193144284046,174.5878448486328,15910700.0
2018-08-29,174.62747654720158,175.1128183321167,173.09217809635888,174.23126220703125,18494100.0
2018-08-30,174.2312593455657,178.0843549455052,174.03315973574985,175.9547576904297,24216500.0
2018-08-31,175.46940840865383,175.93495082462655,173.31999656517846,174.06288146972656,18065200.0
2018-09-04,171.85402137193233,172.2403208730487,167.19861286477828,169.53622436523438,29809000.0
2018-09-05,167.88209239223997,169.5065334809936,165.08883783558483,165.593994140625,31226700.0
2018-09-06,165.39587855939047,165.39587855939047,158.48210112954283,160.98809814453125,41514800.0
2018-09-07,158.78915897630583,163.06818299371594,158.64058805099202,161.49325561523438,24300600.0
2018-09-10,161.9587945477962,163.44456422538946,160.62161090638074,162.6224365234375,20197700.0
2018-09-11,162.38474196504612,165.6039099748491,162.1668278444907,164.3657684326172,20457100.0
2018-09-12,161.701276237582,162.9295180188147,160.26503515291822,160.463134765625,24078100.0
2018-09-13,160.46310557018612,161.7705899814178,159.3339213577719,159.8291778564453,25453800.0
2018-09-14,160.18577643867167,161.29514625131074,158.81886355236273,160.78009033203125,21770400.0
2018-09-17,160.3838941566865,160.52256539893756,158.2542968405385,159.05661010742188,21005300.0
2018-09-18,157.8778957329582,160.2254071416523,157.36282464554583,158.77926635742188,22465200.0
2018-09-19,158.5613367565544,161.88946133292998,157.9670228588326,161.5130615234375,19629000.0
2018-09-20,162.93940789429544,164.87090545139128,162.90969370988094,164.4449920654297,18936000.0
2018-09-21,165.05911847075214,165.66333212521704,161.26545111423076,161.38430786132812,45994800.0
2018-09-24,159.50232234712274,164.12801668327245,159.35375142860747,163.8407745361328,19222800.0
2018-09-25,160.45323855085576,164.0190769989209,159.62119597701178,163.3455352783203,27622800.0
2018-09-26,162.74131139430173,167.69387707815736,162.65216883935977,165.3661651611328,25252200.0
2018-09-27,165.96048016905473,170.14044684255902,165.62370932772794,167.2382354736328,27266900.0
2018-09-28,166.73309211544623,167.18871973273122,161.01782660483147,162.89981079101562,34265600.0
2018-10-01,161.4833707361607,164.3063394882943,159.73015808649774,160.8989715576172,26407700.0
2018-10-02,160.04712083309903,160.7404770336718,157.164723862827,157.81846618652344,36031000.0
2018-10-03,158.4820834396429,162.10736472569178,158.01654111041663,160.88902282714844,23109500.0
2018-10-04,159.92825746565669,159.92825746565669,155.8572478752684,157.343017578125,25739600.0
2018-10-05,157.69963326810554,159.37358809310282,154.71817848413852,155.83746337890625,25744000.0
2018-10-08,154.0644098207405,156.83784968370725,152.92532573557284,155.75819396972656,24046000.0
2018-10-09,156.19402401382933,159.0665061578749,155.92658122631164,156.4020233154297,18844400.0
2018-10-10,155.33228767252257,156.19402932221695,149.87455025370605,149.9438934326172,30610000.0
2018-10-11,148.70574897879698,153.34134341983207,147.74494998230327,151.89520263671875,35338900.0
2018-10-12,155.2431187281612,155.4016044564258,149.86463968369813,152.281494140625,25293500.0
2018-10-15,151.8654990052792,154.0941538216027,151.1027995695415,152.0635986328125,15433500.0
2018-10-16,153.92575718695133,157.94725378701338,153.53945761351588,157.27369689941406,19180100.0
2018-10-17,158.04627927171515,158.96746438077128,156.4515524605806,157.90760803222656,17592000.0
2018-10-18,157.00624086133672,157.1548269087815,151.82586109123744,153.45030212402344,21675100.0
2018-10-19,154.38140392975896,155.8572741915126,152.09332061926568,152.5885772705078,19761300.0
2018-10-22,153.29181575330617,155.8473415956889,152.99467388770617,153.31163024902344,15424700.0
2018-10-23,149.78541358335914,153.30173861336405,149.4189285205078,152.9253387451172,19095000.0
2018-10-24,152.81639134090173,153.18287642691234,144.21874311641685,144.65455627441406,27744600.0
2018-10-25,146.32847612001788,150.76598508630377,145.60540588733525,149.51792907714844,22105700.0
2018-10-26,144.43663350770439,147.58645804205494,142.43579273050756,143.9908905029297,31303300.0
2018-10-29,147.0912289613091,147.41810017268497,137.71106655175814,140.74203491210938,31336800.0
2018-10-30,138.61240373336835,145.24883838964854,138.41430413888824,144.83282470703125,50528300.0
2018-10-31,153.5295292614611,154.91624154466217,147.54683683589752,150.3499755859375,60101300.0
2018-11-01,150.0825347515173,151.30086151575532,147.9331233443223,150.3103485107422,25640800.0
2018-11-02,150.3599013435581,152.66779882975408,147.54684758468758,148.9236602783203,24708700.0
2018-11-05,148.67602742392816,148.7651699785997,146.04125886074246,147.2694854736328,15971200.0
2018-11-06,147.8935346664936,149.53779033030028,146.59596469453726,148.51756286621094,16667100.0
2018-11-07,150.13206672906963,151.55839279189846,148.40856862136116,150.09243774414062,21877400.0
2018-11-08,149.06233314066114,149.50806104658648,145.34790873456416,146.46717834472656,24145800.0
2018-11-09,145.35782042902923,146.35823337730156,142.70325215565734,143.58480834960938,17326900.0
2018-11-12,143.10934988310908,143.66403488391435,139.15721169535493,140.2071533203125,18542100.0
2018-11-13,140.6528698565721,143.50555261691377,140.2764700162405,140.8113555908203,15141700.0
2018-11-14,142.33673557452363,144.1989051191763,140.20713836346064,142.851806640625,22068400.0
2018-11-15,140.9797519397532,143.4659347430381,139.49398207261976,142.48533630371094,30320300.0
2018-11-16,139.7316975453858,140.42505372867194,136.46300112242963,138.206298828125,37250600.0
2018-11-19,136.30449298798396,136.44316420184936,129.96521590552405,130.30198669433594,44362700.0
2018-11-20,125.82490949878465,132.8872745127721,125.64661679370602,131.17367553710938,41939500.0
2018-11-21,133.12497151099802,135.8885118750269,132.85754382211707,133.54100036621094,25469700.0
2018-11-23,132.38206897138357,133.2240111469205,130.01474328121512,130.48028564453125,11886100.0
2018-11-26,131.73825740115018,135.7003102553201,131.52034328504826,135.08619689941406,24263600.0
2018-11-27,134.4621843126085,135.3140263794818,132.4415437731133,133.71929931640625,20750300.0
2018-11-28,134.98714332528849,135.49229963733737,130.59917692073856,135.46258544921875,29847500.0
2018-11-29,134.63056856225785,138.66196502704472,134.3730405402601,137.3643798828125,24238700.0
2018-11-30,136.94834994017023,139.63264736918933,136.0568941035098,139.27606201171875,25732600.0
2018-12-03,141.64337908699034,142.31692076777398,139.4246242112898,139.75149536132812,24819200.0
2018-12-04,139.394899568996,142.0296679523531,135.8587757820946,136.6214599609375,30307400.0
2018-12-06,132.5504797821404,138.37468694938408,132.40189373808923,138.30535888671875,28218100.0
2018-12-07,137.92895866036224,139.53358515622253,135.36353318230547,136.11631774902344,21195500.0
2018-12-10,138.27563326948504,141.69290040371598,137.69121906031427,140.50428771972656,26422200.0
2018-12-11,142.5150280226962,142.5150280226962,139.7614028455408,140.7321014404297,20300300.0
2018-12-12,141.7226537468724,145.7936642720754,141.15805387540453,143.12918090820312,23696900.0
2018-12-13,144.1890385620353,144.46638109658255,141.83161190434916,143.63433837890625,18148600.0
2018-12-14,141.98014296335356,144.62481110500147,141.1580152834058,142.6933135986328,21785800.0
2018-12-17,141.7226288984203,143.54516953884632,137.10683381022747,138.86004638671875,24334000.0
2018-12-18,139.74160844963188,144.54558855178476,138.50346691082456,142.29713439941406,24709100.0
2018-12-19,139.8703416437942,143.53523657068334,131.24296711744836,131.9759521484375,57404900.0
2018-12-20,129.46007771838177,134.28388748490318,128.76672147172513,132.13446044921875,40297900.0
2018-12-21,132.12453522721626,133.62020449271014,122.24911890269675,123.76460266113281,56901500.0
2018-12-24,121.93218008221159,128.5091950426407,121.85293720819061,122.88307189941406,22066000.0
2018-12-26,124.80465337369593,132.9664869401379,124.69569632571321,132.90704345703125,39723400.0
2018-12-27,131.1835812711433,133.70939315890683,128.43985525257457,133.2438507080078,31202500.0
2018-12-28,134.05605324026175,134.6305527115725,130.9458423880153,131.9363555908203,22627600.0
2018-12-31,133.1744995387938,133.36269946902638,128.71719004435573,129.84637451171875,24625300.0
2019-01-02,127.76630172518523,136.2054632156757,127.34037319450194,134.392822265625,28146200.0
2019-01-03,133.4122145383374,135.86868284377482,129.87607544553947,130.49020385742188,22717900.0
2019-01-04,132.73867186138023,136.69082507078275,132.4811438638927,136.64129638671875,29002100.0
2019-01-07,136.25498430975898,137.55255409719652,134.62064368409187,136.74034118652344,20089300.0
2019-01-08,138.56287204102145,141.7820395018703,138.2161864227027,141.17782592773438,26263800.0
2019-01-09,141.59385395230558,143.3272519915252,139.92979908938983,142.86170959472656,22205900.0
2019-01-10,141.72260050191431,143.18855549600374,139.5038459620267,142.83197021484375,16125000.0
2019-01-11,141.79194841316382,143.9809890790824,141.21746409851912,142.435791015625,12908000.0
2019-01-14,140.65287257016718,145.17952509001276,139.92980217550297,144.01071166992188,20520300.0
2019-01-15,144.6248003195292,149.25049429998245,144.60500094126988,147.5369110107422,24069000.0
2019-01-16,147.58642960556844,148.23025697769958,145.60540370482258,146.14027404785156,18025700.0
2019-01-17,145.55591330244098,147.58646840736213,145.11018538039298,146.8931121826172,15787900.0
2019-01-18,148.32935023224297,150.98391832724,147.140737426811,148.61659240722656,31029600.0
2019-01-22,147.7845702253746,150.09246785452942,144.9814159834578,146.1700439453125,22378700.0
2019-01-23,146.8732834984095,147.38835455019185,141.70280382844732,142.93104553222656,20098400.0
2019-01-24,143.26782014678474,145.05074682385273,141.16793712381084,144.446533203125,20955500.0
2019-01-25,146.08087534037048,148.40858729183395,145.1497905597851,147.5963592529297,22237200.0
2019-01-28,146.64548336062506,147.54685400661765,144.82294268659737,146.07098388671875,15508500.0
2019-01-29,146.68510880447596,146.69502361031104,142.0693132672397,142.82211303710938,17632100.0
2019-01-30,144.83284372922697,149.51796701145534,144.31777262470558,148.9929962158203,44613200.0
2019-01-31,164.02898685115656,170.0512936190317,163.4346729040746,165.108642578125,77233600.0
2019-02-01,164.26668061331824,167.49576282986112,164.08839551902136,164.13792419433594,30806500.0
2019-02-04,164.12803843025216,167.69389208739807,162.06776910768258,167.6443634033203,20036000.0
2019-02-05,167.5452833783784,170.34843724095293,167.08965582015418,169.53622436523438,22557000.0
2019-02-06,169.57587561500563,170.83383175038145,167.6641921818272,168.87261962890625,13281200.0
2019-02-07,166.60433154433827,167.6344738247833,163.68232037586623,164.80160522460938,17517600.0
2019-02-08,162.90968572798542,165.782167583539,162.65215777100067,165.7425537109375,12561400.0
2019-02-11,166.30714636824283,166.70336068362698,163.51390723643058,164.2171630859375,12811200.0
2019-02-12,165.2770301867724,166.74298546450234,162.9394184722146,163.4742889404297,16292300.0
2019-02-13,163.81107387053356,164.64310131094078,162.17671806184268,162.5135040283203,14205100.0
2019-02-14,161.64182308544886,163.30587771392393,160.7107384230276,162.3946075439453,12755200.0
2019-02-15,162.94931530245077,163.13751522201042,159.33394829649333,160.95838928222656,15504400.0
2019-02-19,158.97736948206332,162.59273663650987,158.8089840508129,160.75038146972656,14345400.0
2019-02-20,160.71075036429232,162.16680582941174,159.72023726497466,161.01780700683594,11770700.0
2019-02-21,160.3937824512265,160.7008542145653,158.07598537512976,158.52171325683594,15607800.0
2019-02-22,159.05658682146375,160.86922751025153,158.7891440669791,160.35415649414062,15858500.0
2019-02-25,161.52300510727113,164.4945448972853,161.35460455215468,163.05828857421875,18737100.0
2019-02-26,162.78093632070426,164.66292047675483,162.24606584070946,162.57293701171875,13784100.0
2019-02-27,161.35456918253428,162.3747964110116,158.88820137044212,161.2654266357422,12697500.0
2019-02-28,160.8296358792709,161.94892071827928,159.3339662727106,159.91836547851562,11114200.0
2019-03-01,161.0574499896844,161.58242076881743,160.15607936361377,160.740478515625,11097800.0
2019-03-04,162.34506906771048,165.91092179061263,162.27574101939126,165.7821502685547,18894700.0
2019-03-05,165.78218869781378,170.24941288259268,164.96997573678337,169.63528442382812,28187900.0
2019-03-06,171.25972789190405,171.9233850426753,169.64520163781978,170.87342834472656,21531700.0
2019-03-07,169.87300881514645,170.1107374172219,166.01991318477525,167.52549743652344,18306500.0
2019-03-08,164.62327422308334,168.01082721193242,164.39546044197604,167.99102783203125,13184800.0
2019-03-11,169.97204919977483,172.64643147135249,169.95223470640653,170.43759155273438,18884000.0
2019-03-12,170.4574021432631,172.1511862579482,169.5956605504402,170.2890167236328,12155300.0
2019-03-13,170.6852387531999,172.37900783032623,170.48712402560216,171.7252655029297,11973300.0
2019-03-14,168.14951949564056,169.52633227268862,166.56470740537296,168.55563354492188,18037400.0
2019-03-15,165.57419370952235,165.9902074488087,160.96829816178962,164.40538024902344,37135400.0
2019-03-18,162.01825947252323,162.34511554450353,157.76894916838668,158.94766235351562,37524200.0
2019-03-19,159.94807376704563,162.2658862353651,159.29434651529496,160.0372314453125,25611500.0
2019-03-20,159.96788930663635,164.5440556688868,159.71036130360315,163.87051391601562,20211500.0
2019-03-21,163.32572713667582,164.81149699301554,162.19654265041893,164.5044403076172,16223000.0
2019-03-22,164.0784993905981,165.8317119208794,162.53330127470193,162.7809295654297,16389200.0
2019-03-25,161.45366605061983,164.9600764422807,160.46315276196572,164.7124481201172,12631200.0
2019-03-26,165.76239259658405,167.84246127992475,164.77187938146022,166.08924865722656,15437900.0
2019-03-27,166.2576442256486,167.33729997043608,163.22666118234383,164.29641723632812,10620300.0
2019-03-28,163.00877814386112,165.13837565546734,161.78053623259882,163.97947692871094,10443000.0
2019-03-29,164.81148560458402,165.6038991626828,163.2464729836976,165.108642578125,13455500.0
2019-04-01,166.23782200382072,167.29766320371212,165.6930367543293,167.0995635986328,10381500.0
2019-04-02,168.5259275892579,173.24076532560446,167.94152838581383,172.5474090576172,23946500.0
2019-04-03,172.84456086225086,176.27174333238733,171.30926231316073,171.89366149902344,27391100.0
2019-04-04,174.35012817382812,176.31133997078794,173.86477129128428,174.35012817382812,17847700.0
2019-04-05,175.20197744048605,175.3208341864952,173.4388651758687,174.052978515625,9594100.0
2019-04-08,173.5478501958108,173.83509241629517,172.5771362335468,173.27049255371094,7297400.0
2019-04-09,173.95394248880885,177.49008225664898,173.88461441647686,175.89535522460938,19751000.0
2019-04-10,176.48964215696606,177.09385583898353,174.86520104508787,176.13307189941406,11701500.0
2019-04-11,176.5490589499665,176.7075295580152,175.32081727489933,175.8259735107422,8071000.0
2019-04-12,176.31133892418978,177.9258801789181,176.26181024438242,177.40090942382812,12329800.0
2019-04-15,176.80664013429433,178.7876669145105,175.19209847192698,177.9457244873047,10834800.0
2019-04-16,177.30185198897428,178.46075054862632,176.60849581405824,177.17308044433594,11215200.0
2019-04-17,177.89618195987288,179.02536643628184,176.66794011495884,177.08395385742188,9973700.0
2019-04-18,177.10375515461178,177.1829980207035,175.65759929799262,176.58868408203125,11655600.0
2019-04-22,176.55896492951052,179.94651801096805,176.55896492951052,179.7187042236328,13389900.0
2019-04-23,181.00637203424947,182.4723272121815,179.75831583665874,182.0364990234375,19954800.0
2019-04-24,182.73975337769173,183.38358079816933,179.92668490073154,180.84786987304688,37289900.0
2019-04-25,195.11128500313959,196.597054796279,190.29739026880657,191.42657470703125,54148800.0
2019-04-26,190.67376787214204,191.0699670584721,187.2961146424683,189.67335510253906,22075000.0
2019-04-29,189.13849206324934,193.55618757482065,188.84133508115613,192.93215942382812,19641300.0
2019-04-30,192.34777579397715,195.51741525946724,190.45589180640707,191.5652618408203,23494700.0
2019-05-01,192.93214368194594,194.31885599985915,191.1789312332744,191.19874572753906,15996600.0
2019-05-02,191.1690488859808,192.1595620926439,187.94988096432567,190.70350646972656,13209500.0
2019-05-03,192.53596008726376,194.29907236896526,191.87231805889584,193.61561584472656,14575400.0
2019-05-06,189.42575611867792,192.43690969680307,188.74229956966738,192.04071044921875,13994900.0
2019-05-07,190.71342223532267,191.07000762433802,186.06792760030677,187.96971130371094,16253000.0
2019-05-08,187.59329612962784,188.91068051185528,186.76126866107327,187.7418670654297,12505700.0
2019-05-09,185.42406469467448,187.96969082779606,184.492979885113,186.8603057861328,12967000.0
2019-05-10,186.4640953613572,188.1974933262038,182.83881370465346,186.55323791503906,12578500.0
2019-05-13,181.75919227764373,183.67087571007846,179.1244232472319,179.81777954101562,16833300.0
2019-05-14,180.78845353180816,181.74925243883155,176.4103874849534,179.0154266357422,17628100.0
2019-05-15,178.70840564700927,185.50332740876135,178.31220637733452,184.50291442871094,16746900.0
2019-05-16,183.29448157151535,186.79099216610493,183.29448157151535,185.21607971191406,12953100.0
2019-05-17,183.08645627680912,185.80046788610042,182.5317713030052,183.54209899902344,10485400.0
2019-05-20,180.15454480888877,182.4822417495698,179.64937340627384,180.986572265625,10352000.0
2019-05-21,182.81903733755027,183.93830702963245,182.14548046998368,183.06666564941406,7502800.0
2019-05-22,182.9775210802697,184.96846252328066,181.86815100012723,183.5619354248047,9213800.0
2019-05-23,180.6894122191045,182.1553674914434,177.96550097806642,179.15411376953125,12768800.0
2019-05-24,180.60028702224886,181.88795730097132,179.11451711157673,179.3423309326172,8807700.0
2019-05-28,179.81778204154804,182.95772257640684,179.72863946982918,182.56150817871094,14843300.0
2019-05-29,181.75917880764527,182.80912041956958,179.629581395839,180.46160888671875,12797700.0
2019-05-30,181.34314688524313,181.73934609432058,179.17392069757105,181.2738037109375,8581500.0
2019-05-31,178.56970109703798,178.82722906290735,175.47930505048348,175.78636169433594,15226500.0
2019-06-03,173.33976885838598,173.3892975294369,159.48248703831393,162.5926971435547,56059600.0
2019-06-04,162.15689667119824,166.68353341147582,159.31411396460467,165.9109344482422,46044300.0
2019-06-05,165.89114370501332,167.11938549334087,163.0681902010638,166.57460021972656,19758300.0
2019-06-06,166.70336381797102,168.09007616281156,165.64350750767568,166.7330780029297,12446400.0
2019-06-07,168.5556349157121,172.22053085217433,167.2382505031559,171.70547485351562,16917300.0
2019-06-10,173.092155855056,176.17265205165853,172.15117147836378,173.1614990234375,14767900.0
2019-06-11,176.78676982371022,178.272539439821,175.1128003046472,176.41038513183594,15266600.0
2019-06-12,176.68776619578523,177.56932242276204,171.23994307953834,173.3794403076172,17699800.0
2019-06-13,173.8647638552238,176.34104661407335,172.9534936136508,175.78636169433594,12253600.0
2019-06-14,178.79752840862753,180.11491274970635,178.29237212864777,179.60975646972656,16773700.0
2019-06-17,183.25483575604957,187.7022453210671,182.66053692371574,187.21688842773438,29459900.0
2019-06-18,192.15957453182065,192.68454535621277,185.50332414303907,186.68203735351562,37571400.0
2019-06-19,185.22594345799752,186.31551387689183,182.79918946758374,185.70138549804688,21417100.0
2019-06-20,189.13847565747807,189.34649006110985,185.85987967597572,187.73194885253906,14635700.0
2019-06-21,186.95936475251648,190.17853262242735,186.95936475251648,189.32669067382812,22751200.0
2019-06-24,190.59455742202664,192.13975567111177,189.7526302294009,190.77285766601562,15509000.0
2019-06-25,191.05022062343937,191.3077486545179,186.34528219027882,187.0485382080078,16750300.0
2019-06-26,187.74185413496687,188.95028137636683,185.53301406199495,185.87969970703125,12808600.0
2019-06-27,188.07865510923213,196.99327409203536,186.48392821996939,187.70225524902344,11159000.0
2019-06-28,188.74231281449025,191.36716702050612,188.1380990954029,191.1690673828125,16378900.0
2019-07-01,193.35810843151583,193.42743650339352,190.10921089439967,191.1690673828125,14181800.0
2019-07-02,191.16904382950221,193.1500701904297,190.88180165734167,193.1500701904297,9050000.0
2019-07-03,192.31802472024478,195.52727745116385,192.31802472024478,195.3291778564453,10246100.0
2019-07-05,194.3188595828033,195.2004307824831,192.32793362236882,194.53677368164062,11164100.0
2019-07-08,193.33826265824044,194.81411756724523,191.80296426491321,193.90284729003906,9723900.0
2019-07-09,193.12034823722047,197.56775767968807,193.04110537228655,197.32012939453125,14698600.0
2019-07-10,198.10263543596233,201.0345610905885,197.77576427380922,200.80673217773438,20571700.0
2019-07-11,201.33170923118854,201.86659482740413,198.31065603780175,199.3209686279297,13678500.0
2019-07-12,197.78565650521193,203.35235062856086,197.27060055460612,202.92642211914062,15366300.0
2019-07-15,202.31231100496086,203.3820670212657,199.90537130379838,201.9755401611328,16030300.0
2019-07-16,201.95576343080754,203.5207763150487,201.17326454570397,201.90623474121094,12132700.0
2019-07-17,202.24298556841632,202.42128581045478,199.67755991078087,199.8855743408203,12083700.0
2019-07-18,198.25120076136693,200.54919852218333,197.4885165186062,198.87522888183594,11937900.0
2019-07-19,200.26193212996446,200.4105181639961,196.19093778162826,196.47817993164062,12098300.0
2019-07-22,198.0134792863114,200.6482477841344,196.92390882058592,200.40061950683594,13589000.0
2019-07-23,200.91568867382836,202.30241618644806,199.05353418344316,200.44024658203125,14583700.0
2019-07-24,195.75513790467008,202.8670157657039,195.34902384590035,202.71844482421875,32532500.0
2019-07-25,204.73908822818524,206.68050087183795,196.37915387884,198.80592346191406,39889900.0
2019-07-26,198.29083921100118,200.9553221276354,194.38821479883302,197.85501098632812,24434000.0
2019-07-29,197.1120985203476,197.7361265833086,193.44720322895614,194.0811309814453,16530800.0
2019-07-30,193.5363594578028,196.8248702971993,191.66429025061385,195.1707000732422,11903600.0
2019-07-31,195.0815410499404,196.874367241859,190.85204611889748,192.38734436035156,14593500.0
2019-08-01,192.327968175912,196.58717844471585,189.0691860262425,190.90162658691406,17777000.0
2019-08-02,189.28706045439066,190.79262949223292,186.2858069546769,187.22679138183594,15297000.0
2019-08-05,182.93786100126556,183.90855957626422,177.6386100402864,180.0059356689453,23086700.0
2019-08-06,181.94733918430256,184.0274074592827,181.35302532629152,182.75955200195312,18035700.0
2019-08-07,181.8582255760392,184.60193619774512,179.50079937526576,183.3935089111328,15833200.0
2019-08-08,184.8495774469452,188.53428793746522,182.30396625968544,188.3560028076172,14828900.0
2019-08-09,188.19751427551662,189.16821301195597,185.3448313279026,186.0679168701172,11058800.0
2019-08-12,185.07739003699646,185.81036010259612,182.7100641885772,183.61141967773438,10930900.0
2019-08-13,183.7600346831127,189.56444332154607,183.61144861723838,186.6622314453125,13577000.0
2019-08-14,184.0373327051021,184.22553260795206,177.6088973951702,178.00511169433594,18903700.0
2019-08-15,179.23337740699998,181.46203231701415,178.3221069908115,180.85781860351562,12925900.0
2019-08-16,182.00680407440407,183.3440029662779,180.62999130392635,181.957275390625,12654600.0
2019-08-19,184.24535337326594,185.72122347016028,183.09636955739475,184.40383911132812,9691200.0
2019-08-20,183.69067953178424,184.23546484310535,180.65971139938486,182.0662384033203,10083400.0
2019-08-21,183.24492629684948,184.13638205484352,181.4025712981686,181.80868530273438,8398200.0
2019-08-22,181.6898315615164,182.3633884062302,178.20323593087247,180.31301879882812,10821400.0
2019-08-23,179.12438732933424,181.39267081691872,174.9840497809335,176.06370544433594,17323400.0
2019-08-26,177.69805700357497,178.7876275383409,176.54907321076817,178.64895629882812,8773600.0
2019-08-27,180.20404533901944,182.29402863457622,179.29277507890413,179.5800323486328,14399600.0
2019-08-28,178.81733288071416,180.22385970164837,177.22260614817066,180.03565979003906,9386100.0
2019-08-29,182.02659792057725,184.31468077969416,181.72944096564623,183.8095245361328,10128700.0
2019-08-30,185.00805485466208,185.02786935065186,181.7195588798664,183.90858459472656,10774500.0
2019-09-03,182.25440991889056,183.9085649778403,180.3823407693936,180.65968322753906,9779400.0
2019-09-04,182.89825597798117,185.96885293761042,182.1454713884996,185.36463928222656,11308000.0
2019-09-05,186.74144735596775,189.5446014501332,186.15704821107946,189.08895874023438,13876700.0
2019-09-06,188.40554695119195,188.40554695119195,184.5821648968544,185.7113494873047,15226800.0
2019-09-09,185.9490262221933,187.1871676384169,184.0868718097341,186.96925354003906,14722400.0
2019-09-10,185.66179509689493,186.31553743087753,182.79921257703614,184.40383911132812,15455900.0
2019-09-11,184.69108752920104,187.64281246717204,184.31468769789163,186.7018280029297,11761700.0
2019-09-12,188.0588544869452,189.11869585157152,185.45379968884768,185.6915283203125,11419800.0
2019-09-13,185.55282528549793,186.18675308013576,184.77031145387932,185.41415405273438,11441100.0
2019-09-16,185.15660973114396,186.0084516164405,184.00762600193173,184.45335388183594,8444800.0
2019-09-17,184.88918847070408,186.53344392942236,183.77980346357674,186.29571533203125,9671100.0
2019-09-18,186.30561963382672,187.28623311905156,184.24535041420276,186.3551483154297,9681900.0
2019-09-19,186.87022631789495,189.28708097490235,186.36505490648454,188.336181640625,10392700.0
2019-09-20,188.8512593808466,191.26811412280153,186.33534726853642,188.128173828125,19934200.0
2019-09-23,187.54376610361308,188.29656581037167,183.4529568554923,185.0476837158203,13327600.0
2019-09-24,186.1966616637178,186.2560900357363,178.67867032274856,179.5602264404297,18546600.0
2019-09-25,179.72861232725143,181.6799244883696,176.18257335207298,181.06581115722656,18068300.0
2019-09-26,179.60976400752006,179.6790920736276,175.9844819947255,178.40133666992188,16083300.0
2019-09-27,178.77773045476368,179.04515813298937,173.9935499507578,175.41989135742188,14656200.0
2019-09-30,176.18256481707957,176.97497834037966,175.17225231105203,176.3905792236328,10740000.0
2019-10-01,177.45044631530277,178.1339028900037,173.22096553354325,174.1421356201172,17073000.0
2019-10-02,173.18130172091682,174.85527122929318,171.44790384652026,172.94358825683594,16151700.0
2019-10-03,173.90438556670298,178.1338654597459,171.98278780799447,177.67823791503906,16086300.0
2019-10-04,177.84664233893517,179.26306891445384,176.41040126812752,178.73809814453125,10430200.0
2019-10-07,178.29238959372285,179.46118800410133,176.4005056101104,177.9754180908203,9178300.0
2019-10-08,176.56886168979187,178.65884495813677,176.03399126013443,176.06370544433594,9466900.0
2019-10-09,177.46034232581027,179.00554044546192,176.25191505499933,178.143798828125,7556900.0
2019-10-10,178.60932451566862,179.8870797292188,177.4702254136987,178.3220672607422,8605000.0
2019-10-11,180.4219715809054,184.72081031379022,180.4120718900531,182.442626953125,14930500.0
2019-10-14,182.45254543975042,182.86855920888007,180.8380190506592,181.54127502441406,7006000.0
2019-10-15,182.05631431212092,188.5738924494373,181.9176430800091,187.0980224609375,15039100.0
2019-10-16,186.53344308076112,187.90034094595524,185.12690111180197,187.75177001953125,10516900.0
2019-10-17,188.49467396344087,189.02954446675017,186.97918990435977,188.5838165283203,9603000.0
2019-10-18,188.42533668479342,189.67339308833803,182.17520031743962,184.08689880371094,16874200.0
2019-10-21,185.26555066111192,188.10833333751518,184.97830853230562,187.95974731445312,8122600.0
2019-10-22,188.1974870947998,188.8413145576699,179.77812583003245,180.6101531982422,19537600.0
2019-10-23,180.28327916361334,184.61183157467602,180.27337947392382,184.38400268554688,12300400.0
2019-10-24,182.86854921030604,184.9585327475872,181.0658229759773,184.6118621826172,11413500.0
2019-10-25,184.0670738673444,187.20699896756088,183.33408864197534,186.10752868652344,8061200.0
2019-10-28,185.42406915980794,187.73196674371343,183.32418599935835,187.6031951904297,13657900.0
2019-10-29,189.87146417011613,190.70349157134473,186.6820106847089,187.5140380859375,13574900.0
2019-10-30,187.76166584684574,188.6432219248965,184.21562704018342,186.46409606933594,28734600.0
2019-10-31,194.83392715093467,196.21073977942632,186.46409433252012,189.8318328857422,42286500.0
2019-11-01,191.02045788294004,192.26849895117104,188.10834694303716,191.78314208984375,21711800.0
2019-11-04,192.70435626000972,195.4975957722311,191.9713710122474,192.87274169921875,16371300.0
2019-11-05,193.5165587495952,193.89295860150597,191.76336127039724,192.47653198242188,9942000.0
2019-11-06,192.1892563518245,192.52602717980284,189.53468848795202,189.7327880859375,10973000.0
2019-11-07,190.08938015013123,191.60486404381646,187.67252567250665,188.61351013183594,13473000.0
2019-11-08,188.1974983389156,190.51529548056422,187.9003413713637,189.02952575683594,10760800.0
2019-11-11,188.12818992750994,188.27677599575836,186.7513770003316,187.8112335205078,8631200.0
2019-11-12,188.19749660763233,193.2094906779906,187.93996863227306,192.62509155273438,17615500.0
2019-11-13,192.8529081920363,193.84342134670933,190.91151087273465,191.35723876953125,10860700.0
2019-11-14,191.0996823475953,192.18925278735324,189.63372721285475,191.31759643554688,9040500.0
2019-11-15,192.41708767916666,193.44722986507244,191.54544634574475,193.24913024902344,11524300.0
2019-11-18,192.71422909763314,196.74562472752012,191.21855973610926,195.52728271484375,16167200.0
2019-11-19,195.5272938194376,198.1026341084602,194.99242335751862,197.42909240722656,19056800.0
2019-11-20,196.69613272978697,197.69654572072838,193.57600676950602,195.6362762451172,12355400.0
2019-11-21,195.54710508495742,197.20126023875787,194.99242013686043,196.05226135253906,12131000.0
2019-11-22,196.49802489778352,197.40929528117786,195.74522514895523,196.93385314941406,9959800.0
2019-11-25,197.62717988641867,199.0634208727295,197.35973711486145,197.8946075439453,15272300.0
2019-11-26,198.10265544493438,198.25122639090483,196.16124277139946,197.08242797851562,11735500.0
2019-11-27,198.0035953005444,201.21286371489063,197.5281531660596,200.08367919921875,12736600.0
2019-11-29,199.68745216518892,201.86657801868765,199.3011526507688,199.72706604003906,7985200.0
2019-12-02,200.21242042279675,200.26193398723598,196.17112510695046,197.8054656982422,11503400.0
2019-12-03,195.72542576590502,197.04279509828882,193.22932812458748,196.93385314941406,11595300.0
2019-12-04,198.1026455503442,198.13235973805416,196.17114777903484,196.82489013671875,8456300.0
2019-12-05,197.96393020961983,199.38035655508222,196.32958979346648,197.4686737060547,9740400.0
2019-12-06,198.59791486240945,199.6577713386057,198.162086596087,199.1427001953125,12270600.0
2019-12-09,198.74645988190645,201.212843095993,198.31064678647374,199.42991638183594,11954800.0
2019-12-10,199.74689989525032,200.1331994471131,198.25121525765346,198.96438598632812,9475700.0
2019-12-11,198.37995958696905,200.7076713838834,198.37995958696905,200.34117126464844,8036800.0
2019-12-12,200.43036418781156,201.7279341400446,192.25862979357814,194.88348388671875,23734800.0
2019-12-13,194.53677738342594,194.93299171341098,191.33742412820706,192.2685089111328,18798000.0
2019-12-16,193.4175196836503,197.23098649216615,192.9618769546735,196.04237365722656,14911500.0
2019-12-17,196.95364724270777,197.11213298705007,194.26936485031013,196.50791931152344,10175700.0
2019-12-18,198.1917780717306,202.36184519945564,198.1917780717306,200.57891845703125,23274400.0
2019-12-19,200.8562812326509,204.34289220190658,200.58883841575624,204.10516357421875,16514600.0
2019-12-20,205.51166324747985,205.7394921531039,201.50008198440176,204.34286499023438,27306900.0
2019-12-23,204.7390548087318,206.61112396373323,203.72872721449957,204.22398376464844,13348900.0
2019-12-24,204.34285506253846,204.8281968073945,203.0551850128218,203.17404174804688,6046300.0
2019-12-26,203.61978515082225,205.8484396250461,203.36224207193246,205.81871032714844,9350700.0
2019-12-27,206.69039339627366,206.9479213944063,204.63012406911534,206.1258087158203,10284200.0
2019-12-30,205.8880775059903,205.9276913844222,201.96563852381547,202.47080993652344,10524300.0
2019-12-31,202.06465414700062,203.6098520251742,201.66845498840243,203.30279541015625,8953500.0
2020-01-02,204.78857212123646,207.79972512885573,204.31313009140806,207.78982543945312,12077100.0
2020-01-03,205.24422797698392,208.40395209907635,204.98668489565065,206.69036865234375,11188400.0
2020-01-06,204.73906277759764,210.76138447549258,204.56077766733944,210.58309936523438,17058900.0
2020-01-07,210.8009980848509,212.54429564098555,209.7411418488731,211.03871154785156,14912400.0
2020-01-08,210.97931264976435,214.18858087478415,210.59301310440352,213.17825317382812,13475000.0
2020-01-09,215.47623471940113,216.3082772934537,214.22819352937026,216.22903442382812,12642800.0
2020-01-10,217.1204715769008,217.7940283537506,215.3573594430147,215.9912872314453,12119400.0
2020-01-13,217.516680970494,219.86419216119907,217.1303814693143,219.8047637939453,14463400.0
2020-01-14,219.5076385536006,220.27033797627362,216.55591334602727,216.98182678222656,13288900.0
2020-01-15,218.51708577696448,219.57692688704694,218.05154343176017,219.0519561767578,10036500.0
2020-01-16,220.458520726566,220.51794909777288,218.2991941838506,219.66610717773438,10015300.0
2020-01-17,219.9236204700354,220.18114843274336,218.437850832965,220.03257751464844,15905900.0
2020-01-21,220.052449997659,220.26044933780486,217.04128094248867,219.3392791748047,14275800.0
2020-01-22,220.20098105866282,220.6368092730027,219.1807536996543,219.2203826904297,12212800.0
2020-01-23,218.65578438725052,219.38876958117424,217.18982911343474,217.6751708984375,11195000.0
2020-01-24,218.70533563135803,219.6760344155355,214.05982592174445,215.87246704101562,11905800.0
2020-01-27,211.0784062126389,214.01031733814784,210.4840921421531,212.83160400390625,13810700.0
2020-01-28,214.08952097118777,216.66486131909045,211.49438124152425,215.72386169433594,13413800.0
2020-01-29,219.33921664835265,222.07302728061785,216.37757712787618,221.1122283935547,33181300.0
2020-01-30,204.57069663160544,209.42420542364107,202.80758428745978,207.542236328125,48775500.0
2020-01-31,206.45264146876718,206.71018455185148,199.1525646419062,199.9945068359375,31359900.0
2020-02-03,201.5099838407684,203.19385305753318,200.5788991253491,202.25286865234375,15495600.0
2020-02-04,204.6598319730783,208.60208538011636,203.25330504670993,207.83938598632812,19628900.0
2020-02-05,210.49395537848,210.71186949231432,206.7300172974115,208.11672973632812,12538200.0
2020-02-06,208.47330109928237,209.1864717668593,207.3540164182736,208.84970092773438,10567500.0
2020-02-07,208.30493320053438,210.80103074700395,207.9384330315718,210.315673828125,12242500.0
2020-02-10,209.5133280754875,211.7716966581735,208.66148623366522,211.03871154785156,11856400.0
2020-02-11,208.1959657818333,208.85960779256362,204.55086945411307,205.22442626953125,25030800.0
2020-02-12,205.87816207419172,209.21618651754935,205.4324190702276,208.7605438232422,13813700.0
2020-02-13,207.53232804156045,212.29669407274417,207.19554206990543,211.11798095703125,15396600.0
2020-02-14,211.96980144622947,212.89097136600424,210.63260272794253,212.14808654785156,10741700.0
2020-02-18,211.52409876967474,215.91206503008158,211.37551271993013,215.73377990722656,15609200.0
2020-02-19,215.92198390868313,216.24885508744944,214.05981420445045,215.42672729492188,12135100.0
2020-02-20,214.4659248311874,216.6945795575329,210.9297854106504,212.54432678222656,13109200.0
2020-02-21,211.45476239091698,212.20756212682346,206.848881867314,208.18606567382812,14092300.0
2020-02-24,199.8855212066267,201.7179611403903,196.28995427396674,198.81576538085938,23080100.0
2020-02-25,200.33129798808406,201.56943950840596,194.09106170285523,194.90328979492188,21433500.0
2020-02-26,195.31927816661997,199.30114501079282,193.63540894046696,195.3291778564453,16524500.0
2020-02-27,190.00024440406045,194.02172547463962,187.70224658428288,187.9498748779297,21682600.0
2020-02-28,180.96675545927118,190.91151627759012,180.0951141360233,190.64407348632812,32568900.0
2020-03-02,192.18926049743837,194.70517229961789,187.05840976299632,194.57640075683594,24949000.0
2020-03-03,194.35849837640868,195.3688260570718,182.2247118597475,184.12649536132812,27984100.0
2020-03-04,187.3753855241149,190.01015433792102,184.621759959441,189.94081115722656,23062500.0
2020-03-05,185.0080261747884,187.19706666433638,182.1454440663209,183.41329956054688,19333400.0
2020-03-06,176.63819862906328,182.0364918696107,174.5878293073304,179.37200927734375,24559600.0
2020-03-09,167.9910251274705,173.3397897365874,163.62285879874125,167.8919677734375,29949000.0
2020-03-10,173.0129466417694,176.5985997511697,167.89199498024468,176.4995574951172,24517800.0
2020-03-11,172.3591932950792,174.2114632222763,166.06944366012237,168.62496948242188,20373900.0
2020-03-12,158.02647178096905,165.01950777952575,152.87580608218877,153.00457763671875,43266300.0
2020-03-13,161.97861740448548,169.1697375742382,156.1048815638944,168.66458129882812,35028600.0
2020-03-16,150.87496745030987,157.6203594578256,141.74243516842478,144.62481689453125,39120400.0
2020-03-17,149.30997192012035,152.47961127978044,138.67185423291497,148.0024871826172,34255600.0
2020-03-18,138.42420508887238,146.7742232287653,135.79935143154705,145.56581115722656,37553100.0
2020-03-19,145.22904123462826,158.412769570759,143.4263150613957,151.6772918701172,39862300.0
2020-03-20,154.5398604958232,157.75902812085627,146.59594107842844,148.3095245361328,32568400.0
2020-03-23,148.24022087913343,150.86507502139386,140.90051385850353,146.6950225830078,29830800.0
2020-03-24,153.73755450355938,159.7796757225296,151.1226003607916,159.4528045654297,30440400.0
2020-03-25,157.4123554195494,161.44375138520383,151.6079474818221,154.7280731201172,35184300.0
2020-03-26,156.74871203168718,162.44416286380218,155.53038504213757,161.79042053222656,26556800.0
2020-03-27,156.69917844857162,158.57124771114627,153.2819110789869,155.30255126953125,24879900.0
2020-03-30,157.66986315635367,165.1680543475872,156.56049335494643,164.37564086914062,22515200.0
2020-03-31,163.91010576765518,169.30839921268645,162.64225019167088,165.21759033203125,23676300.0
2020-04-01,160.0867481430365,162.5927454801223,156.54070886080467,158.08592224121094,19507600.0
2020-04-02,157.59067126282852,159.8193261763341,154.44083112577664,156.68930053710938,20886300.0
2020-04-03,155.65914104365785,156.4119407375599,149.39910557107916,152.71731567382812,25983300.0
2020-04-06,158.63069613518147,164.62330451667566,157.00625495656138,163.97947692871094,28453600.0
2020-04-07,170.1602429023796,171.74506994621117,164.43507825543503,167.22833251953125,31411900.0
2020-04-08,169.62537901823683,173.3398033763004,166.14868326014061,172.6266326904297,21664200.0
2020-04-09,174.23125574534905,175.40006911296433,169.9423471380508,173.5279998779297,23534300.0
2020-04-13,172.02243540934728,173.33981985392103,167.84246825860438,173.13180541992188,19355400.0
2020-04-14,177.28206493593865,179.5107198450218,174.9444529600723,176.47975158691406,21011800.0
2020-04-15,173.5279950420858,176.4995343872055,171.18048379593102,175.29110717773438,17423000.0
2020-04-16,176.26179581311075,176.3608531646153,170.87340235430747,174.5779266357422,23593200.0
2020-04-17,177.49996756461005,178.5697236653163,174.9840706138243,177.5395965576172,20974800.0
2020-04-20,175.72694452361762,178.7876265812138,175.09301670151973,176.549072265625,16110700.0
2020-04-21,173.58743768397315,173.71620923600642,166.74298786889506,169.17965698242188,24850500.0
2020-04-22,176.75705336355983,183.02700287646277,176.44999673176386,180.55072021484375,33242000.0
2020-04-23,182.333676352203,185.2755018408747,181.41249119324937,183.37371826171875,21426600.0
2020-04-24,181.49170941583634,188.60360126787867,179.1144840432602,188.26683044433594,28792000.0
2020-04-27,190.83225789982828,191.91191355387372,185.63206411320718,185.72120666503906,29197800.0
2020-04-28,186.87022510546225,187.40509558662583,180.82808850214573,181.17477416992188,21731000.0
2020-04-29,189.11866531471034,195.04194473483852,188.1974953553375,192.34774780273438,45954500.0
2020-04-30,204.9569698337117,207.7006953659654,199.65773379139367,202.7679443359375,46230100.0
2020-05-01,199.687447512538,205.3135546800858,197.16163607831987,200.35108947753906,30415600.0
2020-05-04,198.3007643992986,203.95660212829577,196.87442279480027,203.31275939941406,19250700.0
2020-05-05,205.05604687872122,208.3841718350032,204.54097578283546,205.10557556152344,21071200.0
2020-05-06,206.14559340216545,209.59259007069178,204.6994526567762,206.49227905273438,21857000.0
2020-05-07,209.15674084372512,209.59256900725873,207.05684288433847,209.2557830810547,15152000.0
2020-05-08,210.2265074311247,211.18730635477021,208.84969481590548,210.33546447753906,12506000.0
2020-05-11,208.88930914314122,212.96031862940882,208.37423809406243,211.15757751464844,12911900.0
2020-05-12,211.26652017428353,213.23764656981243,208.00773891479147,208.10679626464844,14704600.0
2020-05-13,207.44317527623556,208.780374161541,200.19262640475492,203.15426635742188,20684600.0
2020-05-14,200.6383266214866,204.96686393499513,198.78607200248504,204.84800720214844,17178900.0
2020-05-15,203.32266033567623,209.3350679416188,202.1835610226065,208.8794403076172,19383200.0
2020-05-18,210.13738398145594,212.60376746242017,208.9388713897747,211.1675262451172,20151900.0
2020-05-19,211.24672646428186,218.39823203181186,210.81089829566318,214.82247924804688,31843200.0
2020-05-20,221.37970823247397,229.1453283748717,221.07265154757792,227.788330078125,50162900.0
2020-05-21,232.4932346354918,234.9497028767117,229.00662431264297,229.19482421875,47782600.0
2020-05-22,229.31368856096068,233.75119825144705,226.56997808162896,232.6814422607422,33925600.0
2020-05-26,237.49535403901567,238.61462367673442,229.4721910787038,229.99716186523438,33178300.0
2020-05-27,226.8968279527748,228.37268270045374,219.03215204458186,226.96615600585938,34697600.0
2020-05-28,222.1720918721888,229.4325547258456,221.87493491868804,223.3210906982422,29377200.0
2020-05-29,223.06359268794756,225.3318766144068,220.76560968557115,222.9546356201172,23241500.0
2020-06-01,222.45933665290062,230.23487064365784,221.37968098597398,229.70989990234375,18223800.0
2020-06-02,228.7491100859438,230.78956476389462,224.410657637154,230.51222229003906,20919000.0
2020-06-03,229.90802978639826,230.44290028825608,226.36199055738982,227.97653198242188,15380300.0
2020-06-04,227.38221677710837,229.4325864370295,222.47917926577566,224.1432342529297,17041500.0
2020-06-05,224.55923810894672,229.1552184226013,223.17251066003203,228.58071899414062,16750400.0
2020-06-08,226.85724614811966,229.35334374484927,225.2526195358098,229.2047576904297,15466500.0
2020-06-09,229.32361384245348,237.49534751248987,228.22414361683278,236.40577697753906,27462900.0
2020-06-10,238.6740426621538,238.9216709365686,233.04792040815323,234.48416137695312,20720700.0
2020-06-11,227.7586259045024,230.68063705619545,221.42924665311355,222.30088806152344,26708200.0
2020-06-12,227.71896853012632,229.46228135775317,222.37020353307253,226.4114990234375,22091400.0
2020-06-15,222.95462009483168,231.55228282066503,222.6673779072991,230.29432678222656,15340300.0
2020-06-16,234.8902834595126,236.19776804816235,230.78955969861352,233.41441345214844,15236700.0
2020-06-17,232.77060720431487,235.33603282230533,229.53162473596834,233.2955780029297,19578100.0
2020-06-18,232.76069094379193,233.89977502255985,229.9476221064844,233.70167541503906,15782500.0
2020-06-19,235.53414492847656,238.54531374726636,233.31540486624527,236.524658203125,30081300.0
2020-06-22,236.29683442114816,238.41653213498182,234.66249363248468,236.95057678222656,18917800.0
2020-06-23,238.99101052025244,242.86392054625162,237.58448366742545,239.94190979003906,24017900.0
2020-06-24,238.9117892719681,240.9126302387042,230.47261227738775,231.79991149902344,20834900.0
2020-06-25,232.39419602713875,235.04877919252385,230.53204153772248,233.4441375732422,18704300.0
2020-06-26,230.43296979114263,230.87869766877523,213.35651829772772,214.0300750732422,76343900.0
2020-06-29,207.76011219815842,218.65575574609522,205.1451583512148,218.5467987060547,58514300.0
2020-06-30,218.49729630288027,225.34174592742818,216.3974132212774,224.91583251953125,33927100.0
2020-07-01,226.3322696181423,236.7326583752123,225.40118477783565,235.29641723632812,43399700.0
2020-07-02,236.732662575038,237.72317580756953,230.40328362372276,231.20559692382812,30633600.0
2020-07-06,231.54235343261277,238.1193602840796,230.066498480671,238.00050354003906,26206200.0
2020-07-07,237.13875590935973,245.3005745593555,236.5543567805918,238.5749969482422,27887800.0
2020-07-08,235.85108740206294,244.6468490348312,234.34550317797846,241.26919555664062,29791300.0
2020-07-09,242.67570698431908,244.1911908024865,236.97035702851417,242.18045043945312,22174900.0
2020-07-10,241.37817356398617,243.16110041650393,237.04963554723318,242.74508666992188,22982700.0
2020-07-13,244.6666559122793,247.77686670259865,236.15815129696398,236.73265075683594,24674900.0
2020-07-14,234.51390872770133,238.05004824119032,229.82878534509166,237.4557342529297,23378100.0
2020-07-15,239.2584594992504,242.49744180063882,235.7916634004404,238.00050354003906,19133600.0
2020-07-16,235.74216667337993,239.4664912604451,234.0880112671289,238.6443634033203,18880700.0
2020-07-17,238.713659424936,241.84368447878796,235.6034488652055,239.73388671875,18152400.0
2020-07-20,237.78258474297175,243.71576396181058,233.4045184268022,243.09173583984375,20872200.0
2020-07-21,243.88418437695208,244.56764096783084,237.80243335836957,239.4565887451172,19364200.0
2020-07-22,237.9806904035096,239.60513140880883,235.86099280983828,237.59439086914062,15427900.0
2020-07-23,237.35667802433187,240.12020314477962,229.55142933389942,230.39337158203125,21771800.0
2020-07-24,228.00624541096516,231.2749421297445,224.74744838354616,228.5213165283203,18325800.0
2020-07-27,229.26419550601724,232.72107695507452,228.64016734377225,231.2848358154297,13163100.0
2020-07-28,232.40408267700346,232.7309537984796,227.64961699539657,227.93685913085938,14170100.0
2020-07-29,228.9472154561437,231.48292677466168,228.12508770436878,231.07681274414062,13588300.0
2020-07-30,228.03596455211053,232.66165967532066,226.82753716247169,232.27536010742188,20615300.0
2020-07-31,253.39307050222632,253.42278468633907,246.6377638520265,251.26345825195312,53005100.0
2020-08-03,250.25312823166743,252.97703925190302,247.9551457029827,249.56968688964844,23124900.0
2020-08-04,249.17349876929944,250.40174058128656,245.08267440703182,247.4599151611328,17183500.0
2020-08-05,247.81647860198936,249.87674769438996,245.41943867793506,246.75662231445312,13050100.0
2020-08-06,246.67736798680647,264.0707901695229,246.31088298786528,262.7633056640625,45241600.0
2020-08-07,261.57471821795224,276.24424683732195,260.9308906696281,265.89337158203125,72766400.0
2020-08-10,265.4971694100839,271.2619333219477,257.2263780566775,260.5049743652344,30248800.0
2020-08-11,257.721599689285,263.39725049745243,252.70960594245247,253.7001190185547,28238300.0
2020-08-12,256.5131836243569,261.39640604605995,255.6613266234654,257.4244689941406,21415700.0
2020-08-13,259.0686426347748,262.6444100014648,257.1074463953452,258.8210144042969,17374000.0
2020-08-14,259.82148344699,260.1582542666289,256.22591613217014,258.7616271972656,14792700.0
2020-08-17,260.0096874846264,261.59451448252577,256.93909084395773,258.6824035644531,13351100.0
2020-08-18,258.4744595461197,262.6345972985706,256.8004896390881,259.85125732421875,18690400.0
2020-08-19,258.9102487832246,265.3683836888908,258.8706197930617,260.0988464355469,23291500.0
2020-08-20,259.0191834979784,267.0720600814609,258.97955450892067,266.45794677734375,20299700.0
2020-08-21,266.1409528565842,267.923864248888,263.89249912334805,264.4768981933594,15538600.0
2020-08-24,268.498366719377,274.6197298172881,266.2201686778361,268.8153381347656,23685600.0
2020-08-25,269.8256653562908,280.40433754528067,267.6960683303665,278.1558837890625,42127200.0
2020-08-26,281.30576351533256,301.77968573068813,281.30576351533256,301.0268859863281,69015200.0
2020-08-27,297.3124265213585,298.37228283158566,289.24963508505937,290.4382629394531,30301300.0
2020-08-28,292.2013377602492,294.41019265321574,288.2194863447359,290.8740539550781,17157400.0
2020-08-31,291.16137246217465,294.0635689355796,288.78411655701416,290.4184875488281,17345100.0
2020-09-01,291.9141519928641,298.6298306313767,289.9331254891369,292.6372375488281,17295900.0
2020-09-02,296.0445960038457,300.71981961095383,290.2698870040415,299.6302490234375,24341400.0
2020-09-03,293.1819790422668,294.77672094022876,280.93925095732334,288.3581848144531,32294100.0
2020-09-04,284.5248990312156,286.25829702357294,268.5677468796136,280.04779052734375,30333700.0
2020-09-08,268.7064116756068,276.6503164206625,266.8640716880054,268.5875549316406,24864000.0
2020-09-09,273.1538311094905,275.83814381106316,268.7757794234972,271.123291015625,22918800.0
2020-09-10,272.8963134636423,276.5116807577843,264.49675027438184,265.54669189453125,24814700.0
2020-09-11,267.4980017450848,268.81540127495344,260.1484104713204,264.0807189941406,18913900.0
2020-09-14,268.3795110835067,274.01553250623965,263.1793178016854,263.6250305175781,24093800.0
2020-09-15,268.1022038186588,271.9156552097692,266.74517543078093,269.8356018066406,18478500.0
2020-09-16,264.75424257186074,269.8553787525058,259.30642077682904,261.0199890136719,29183400.0
2020-09-17,255.82972426202454,259.0191776781204,247.81647684764812,252.40255737304688,31281400.0
2020-09-18,255.94860014348706,256.7410288258022,247.67782414348895,250.13429260253906,28130800.0
2020-09-21,245.1916085420344,247.57874876394493,241.8139703243855,245.7958221435547,24709400.0
2020-09-22,250.90691044631254,252.89785176375196,245.86520160089765,252.333251953125,30293100.0
2020-09-23,252.8384008960455,255.5424977739663,245.79585124714995,246.65760803222656,19641300.0
2020-09-24,244.1615266934333,249.8470784355819,243.2898701592135,247.16278076171875,20006800.0
2020-09-25,247.03396302866398,253.323727308525,244.270438108199,252.40255737304688,18351300.0
2020-09-28,256.93913211148265,257.1372468535625,252.4025947072845,254.3836212158203,18826300.0
2020-09-29,255.36423417894977,260.8318567711736,254.462863438966,259.3064880371094,20200200.0
2020-09-30,259.49466325844844,263.5557432623585,257.6324935755289,259.4154052734375,20142500.0
2020-10-01,262.83266928483647,265.78437911337403,262.28786891780663,264.10052490234375,20009800.0
2020-10-02,258.7319705495244,262.63459536856885,256.7212297602658,257.4740295410156,16367600.0
2020-10-05,259.7125433021223,262.3571963146567,258.36542978625084,262.1392822265625,12822300.0
2020-10-06,259.2965116815633,263.16942143393084,255.79008693062175,256.20611572265625,18696900.0
2020-10-07,256.7509050955619,257.71170405998953,252.40256808653643,255.67124938964844,23133400.0
2020-10-08,257.2858442687213,262.109639476845,256.6915302093973,261.2578125,16312800.0
2020-10-09,262.0104750426555,262.2383039035956,259.68279378912916,261.941162109375,14107800.0
2020-10-12,267.63672656932016,277.5220307262846,265.3288134730819,273.1340637207031,31019300.0
2020-10-13,274.9466358799191,276.4522352631806,270.79641345533537,273.52032470703125,18063300.0
2020-10-14,274.98626689950885,276.1055516404068,268.9243310147819,269.2413024902344,15577800.0
2020-10-15,265.06138438703516,266.4877260609296,261.1686740898967,264.1897277832031,15416100.0
2020-10-16,264.84342174497095,268.79555970257195,262.7831373807618,263.40716552734375,16622700.0
2020-10-19,263.0109597093469,266.0022985880011,257.41456636811296,258.9201354980469,13587000.0
2020-10-20,260.564388789371,267.1414106645317,260.386103675759,265.0216979980469,18763200.0
2020-10-21,276.9078058311252,280.36468645286106,273.74806701169484,276.085693359375,28998600.0
2020-10-22,277.2149350314145,279.7704761126994,272.430769393106,275.4815368652344,16720000.0
2020-10-23,276.15506233602224,282.53396962984647,274.193865586696,282.0882568359375,17535200.0
2020-10-26,280.4736704944667,282.5240397015065,271.6581106581841,274.4810485839844,21322900.0
2020-10-27,276.11542464857854,281.81087462744813,273.68865560983653,280.6024475097656,16287200.0
2020-10-28,276.1451462125154,276.1451462125154,264.72453176741044,265.1306457519531,23121800.0
2020-10-29,273.9264068164816,280.90954284628407,271.1826962002139,278.1658020019531,32368100.0
2020-10-30,271.89588234789227,274.0750235508318,256.64198461151057,260.6139221191406,47247800.0
2020-11-02,262.0898071068625,267.904114939418,254.89867137301752,258.8805236816406,27165700.0
2020-11-03,260.663489813936,267.48811089358315,258.40512064570134,262.7831726074219,17961900.0
2020-11-04,278.3342075093332,286.19888468780647,275.97678127116257,284.6536865234375,35364400.0
2020-11-05,289.130804374854,294.55882773076394,286.20880849750864,291.8844299316406,23823600.0
2020-11-06,291.1613809784407,291.8052085432263,285.3272434455106,290.6264953613281,13891000.0
2020-11-09,287.1200692674655,289.8043516954612,275.88765270530405,276.1253662109375,25117700.0
2020-11-10,270.5091466110844,271.40060239816665,261.495470923781,269.8454895019531,29067700.0
2020-11-11,270.87563193165107,275.7588544990614,269.89503358760794,273.8570861816406,14957000.0
2020-11-12,274.55048202167586,277.09610857593026,271.82657031985707,272.47039794921875,12899500.0
2020-11-13,275.08537729211383,275.1250062912006,270.5092103098543,274.32269287109375,10391200.0
2020-11-16,272.4406275855006,276.75928060273145,272.0246289936218,276.31353759765625,12970400.0
2020-11-17,275.0457120545683,275.0457120545683,270.69737460488284,272.3911437988281,15040300.0
2020-11-18,271.9156893003375,274.7584877486067,269.2611210178121,269.389892578125,12152900.0
2020-11-19,268.44884852705974,270.87561770467045,266.6362228608403,270.35064697265625,12963700.0
2020-11-20,269.9742408194019,270.4100689898648,266.8541306843616,267.1413879394531,18114700.0
2020-11-23,268.3201068296078,268.3795351970664,262.0204278264502,265.8834228515625,20990800.0
2020-11-24,265.9428886912123,275.1843940979705,265.32877532223586,274.2929382324219,16930400.0
2020-11-25,275.50132085982494,277.52194576620025,270.06338352951053,272.9754943847656,12467000.0
2020-11-27,274.75850085032664,276.4819843322284,272.21287439556164,275.17449951171875,7808400.0
2020-11-30,273.4113529330627,275.0655232504647,268.4389876321645,274.3424377441406,16693300.0
2020-12-01,276.5116662012387,286.5554542457171,276.31355147168836,283.83154296875,20738900.0
2020-12-02,282.6528158654563,289.01192354135395,278.1657925385597,284.7923278808594,17361600.0
2020-12-03,283.5343994328073,283.9305986615111,278.4035483851427,279.1761474609375,12921700.0
2020-12-04,277.6408230123897,280.7708481842717,276.6503098653914,277.0465393066406,10880300.0
2020-12-07,276.54136433068567,285.75312438669283,275.5607660008956,282.8707275390625,13007700.0
2020-12-08,283.29665006983254,283.7126486274751,278.87894005637264,280.7113952636719,10747700.0
2020-12-09,280.96898347261225,284.9013221631761,269.17196740092083,275.283447265625,25189700.0
2020-12-10,272.9259998490727,276.0857391930592,269.2808885099996,274.4909973144531,20065100.0
2020-12-11,271.92557828685716,273.8570910520238,267.68618314496956,270.9548645019531,14391400.0
2020-12-14,270.7765781052313,274.59005982237187,268.9837517012774,271.58880615234375,16376900.0
2020-12-15,272.2226814633891,273.4608227451075,264.9325201060993,272.93585205078125,23979500.0
2020-12-16,272.15343885691533,275.22400584664956,269.9247839738761,273.0548095703125,15885000.0
2020-12-17,274.44149362016714,277.779518195203,271.0142962583711,271.8760681152344,16377800.0
2020-12-18,273.15380390247185,275.3626591366418,268.5677533523085,273.77783203125,26693200.0
2020-12-21,270.3903789333273,272.0643491221298,265.2496115865672,270.2021789550781,16553700.0
2020-12-22,268.9243189417739,268.9243189417739,262.1194984702345,264.55615234375,17312900.0
2020-12-23,264.3580702558719,269.58797850135994,263.70432794667806,265.56646728515625,14329000.0
2020-12-24,266.32915992753277,267.8347289165201,263.6745921463999,264.8631896972656,6702000.0
2020-12-28,266.1905129972832,274.66930373992756,263.13974558086295,274.3721618652344,23299700.0
2020-12-29,274.3226058439081,277.84882994221704,273.6589487890418,274.1542053222656,16383000.0
2020-12-30,275.31310760887624,275.4418489106593,269.13228577288197,269.290771484375,11803800.0
2020-12-31,269.4196045160563,274.4613133408455,267.25037807615604,270.568603515625,12900400.0
2021-01-04,272.1732040488789,272.3911181525234,262.68410130594947,266.38861083984375,15106100.0
2021-01-05,265.74478500484213,269.8157795959103,265.66552702407506,268.39935302734375,9871600.0
2021-01-06,259.5144419273582,265.20989246584026,257.54333045745466,260.81201171875,24354100.0
2021-01-07,263.37746723645864,269.03328943239956,262.2680972324981,266.1905212402344,15789800.0
2021-01-08,265.76458628392135,266.3985292223334,260.68324888419426,265.0316162109375,18528300.0
2021-01-11,258.00886354638374,260.9704880467235,253.47229661405348,254.40338134765625,30412300.0
2021-01-12,254.19538257553936,257.2560644378407,247.92543281700054,248.7079315185547,26383500.0
2021-01-13,249.16358876608618,251.5408143077679,246.835876791248,249.2527313232422,19528900.0
2021-01-14,250.99603885687142,252.61058020950628,242.28943447826555,243.30966186523438,29739400.0
2021-01-15,245.54820540225506,251.45167046400326,244.81523533956985,248.9753875732422,24942900.0
2021-01-19,254.4628486043435,259.7125869811391,250.32251046228353,258.6230163574219,28028500.0
2021-01-20,266.37866964606815,267.75549730725703,261.09924834305565,264.94244384765625,25199900.0
2021-01-21,266.7055731706139,271.0043964970448,264.9523455969533,270.28131103515625,20838700.0
2021-01-22,269.4295058227628,275.8282126455766,269.41959101775956,271.8958740234375,21954000.0
2021-01-25,275.50129960232124,277.442696613341,268.93419359316493,275.3725280761719,19087000.0
2021-01-26,275.50135703410825,282.6825777621719,275.174470749115,279.3742370605469,19373600.0
2021-01-27,279.84967377207175,280.7609591531987,265.5763759229261,269.5582580566406,35346200.0
2021-01-28,274.550435696971,284.06928306563213,262.18885056916974,262.4859924316406,37758800.0
2021-01-29,262.7831823065703,264.0312388131039,252.4323358318135,255.87930297851562,30389500.0
2021-02-01,257.0579547960191,261.6638650003675,252.49170380850907,259.52435302734375,22914300.0
2021-02-02,261.4954971487179,266.2994924411919,260.77241159646826,264.5462646484375,17320800.0
2021-02-03,263.1001338539739,266.64618834103106,261.33702141627396,264.120361328125,14223400.0
2021-02-04,264.47696981449684,265.61605408071716,261.4955150644546,263.9618835449219,16060000.0
2021-02-05,264.2689247371608,266.6164665465893,263.1496701489156,265.5566101074219,12454400.0
2021-02-08,266.2004525778357,267.2999078445918,262.48602765814496,264.051025390625,13755200.0
2021-02-09,263.9123745439926,270.7964542912547,263.22891792680264,266.8938293457031,14613400.0
2021-02-10,269.8652859670446,271.20245436941093,265.18014847296837,269.290771484375,14687200.0
2021-02-11,269.31062931352466,270.9845686927139,265.94286049047133,267.8248596191406,12828600.0
2021-02-12,267.9536372737997,268.6073796553555,265.79432561318777,267.933837890625,9097600.0
2021-02-16,268.23094024278475,273.9759344635849,267.48805540434125,271.3708801269531,15417200.0
2021-02-17,268.66681852255147,271.37093072073657,267.02256281287777,270.9747314453125,12763200.0
2021-02-18,267.0126051592973,269.3700310107842,263.50618056389004,266.8343200683594,15249100.0
2021-02-19,267.299891699962,267.70600576068745,257.68201648601115,259.0786437988281,25622600.0
2021-02-22,255.50292471890293,260.5743481152235,255.08689582133027,257.8603210449219,17434900.0
2021-02-23,257.03820982127485,264.92268748526686,252.5412859412433,263.3378601074219,21924600.0
2021-02-24,259.8413241780457,263.8529209249846,255.93872983384247,261.80255126953125,15736100.0
2021-02-25,259.81159448568474,264.4075901408542,251.62996107684947,252.2738037109375,19053100.0
2021-02-26,254.03691078720234,263.0307569595766,254.03691078720234,255.17599487304688,26619500.0
2021-03-01,258.3456553002382,264.1203338490786,255.4533435093878,262.3968505859375,22157300.0
2021-03-02,263.2585857115384,264.17975569299955,256.19622206421116,256.54290771484375,15191700.0
2021-03-03,257.82070913625853,258.51405029278646,252.6799428143298,252.98699951171875,15513500.0
2021-03-04,254.0369175729114,263.96184879696193,251.0950922065757,255.19583129882812,31626500.0
2021-03-05,258.1971191085164,262.9317715448575,253.18510903907818,261.7728576660156,26820100.0
2021-03-08,263.0307856211326,263.06049980998165,252.63041144508927,252.887939453125,18391800.0
2021-03-09,258.70222592602937,265.9825038679535,257.34522770157434,263.2189636230469,22039700.0
2021-03-10,266.09153407637973,266.41839019777206,260.37625241690597,262.3869934082031,14210300.0
2021-03-11,265.566488104602,275.26362110910316,265.27926103154766,271.2817687988281,21834000.0
2021-03-12,266.58672955021365,267.1810132708041,261.5152767193577,265.8537292480469,20600200.0
2021-03-15,266.5273047379639,273.3420410598998,265.95282032587755,271.15301513671875,16844800.0
2021-03-16,273.46086936880795,279.4634071357952,272.1930136892877,276.6305236816406,22437700.0
2021-03-17,273.09439583252146,283.5146144211581,272.7972539529488,281.315673828125,21315000.0
2021-03-18,277.21488693793754,282.484423703659,275.63997479040444,275.97674560546875,18728300.0
2021-03-19,278.5520817357276,290.0222095793189,278.5322823567859,287.35772705078125,38930500.0
2021-03-22,287.69459710301464,296.8667296111386,284.0296858396633,290.7552795410156,28273100.0
2021-03-23,290.3689154352846,295.1729101187354,287.0606052378312,287.8728332519531,23000900.0
2021-03-24,288.23937336319835,288.95254415590006,278.4927260149861,279.46343994140625,18675000.0
2021-03-25,278.31444299499725,285.32726398662305,275.1150740955086,276.0956726074219,24505600.0
2021-03-26,275.6597686678641,281.8009616455641,275.13479796249743,280.3349914550781,17629200.0
2021-03-29,283.05898569802116,290.39869315944725,281.99915939976836,288.06109619140625,21718800.0
2021-03-30,287.0804789640792,289.69544879073186,283.98019748339556,285.2678527832031,17474500.0
2021-03-31,287.238931680073,293.68718270002597,285.872018539616,291.7358703613281,19498200.0
2021-04-01,295.5690865740002,299.5311387538878,293.7861751842745,295.8266296386719,17616000.0
2021-04-05,298.0355560277913,307.8218018655717,297.8275264742955,305.9794616699219,28237000.0
2021-04-06,305.910094507977,308.3962923247204,302.3541557305206,303.3545837402344,17335200.0
2021-04-07,303.43381723603534,311.26878046067907,302.6017897557278,310.1197814941406,22855200.0
2021-04-08,311.8631017255652,312.8833291604011,307.1086200052298,310.0504455566406,20894100.0
2021-04-09,308.44572519986366,311.75403481064683,307.3858690933875,309.49566650390625,15988600.0
2021-04-12,308.0990701921149,309.1886405859398,305.0086743318546,308.5844421386719,10881900.0
2021-04-13,309.24811983508664,311.44706036333304,306.38555238599173,306.8213806152344,14036900.0
2021-04-14,304.38462229546184,305.1077076425876,299.08540211094095,299.9471435546875,17421400.0
2021-04-15,303.43380985632155,307.19777815062554,301.21506996279595,304.8997802734375,14558300.0
2021-04-16,305.24647144717045,306.01907054746965,301.72021658409255,303.27532958984375,13059200.0
2021-04-19,302.11642139777234,304.7809041528577,297.70862584969257,299.3726806640625,14553500.0
2021-04-20,299.12509671705584,302.20560874636607,294.3904444325384,299.7788391113281,16796400.0
2021-04-21,299.08544252148204,299.11515670534817,294.5687052054597,298.6099853515625,14863500.0
2021-04-22,298.4713053900647,300.0462478528295,293.2315127452414,293.7069396972656,16375400.0
2021-04-23,295.92574287113536,299.7193952494216,294.33100084899013,298.27325439453125,17536800.0
2021-04-26,300.4622419382234,302.89889571505785,298.69912981871545,300.16510009765625,16172600.0
2021-04-27,301.3933498896892,302.4432914446423,298.2534098015694,300.6900939941406,15309300.0
2021-04-28,304.4440667847475,307.970320939588,302.472955551377,304.1865539550781,33907200.0
2021-04-29,326.98823178082347,328.6622016045069,318.55895428519204,326.384033203125,56526800.0
2021-04-30,323.0460045654419,326.6910860560486,321.4215483325027,321.99603271484375,26332400.0
2021-05-03,323.07568311712924,325.4330789910443,318.78674430724675,319.51971435546875,18719500.0
2021-05-04,316.9840076550552,319.13343449276175,310.14947295975657,315.3397521972656,24032600.0
2021-05-05,315.1714346548724,318.0142030372732,311.5065232919036,312.031494140625,15577600.0
2021-05-06,311.5361864398612,317.20192289215305,310.2980449968609,316.9840087890625,19012200.0
2021-05-07,319.3216906257411,319.87637566962724,315.7261224186473,316.052978515625,15916700.0
2021-05-10,311.36779578780806,311.59559445247663,301.93809182805666,303.0672912597656,24239200.0
2021-05-11,297.89684420384543,303.9290659503811,296.84690263254413,303.62200927734375,18920100.0
2021-05-12,298.2732367565769,302.066888910531,295.36112560839774,299.67974853515625,24645500.0
2021-05-13,303.17627257275063,305.92989811064587,299.89767623825156,302.36407470703125,18079200.0
2021-05-14,306.6034106647462,313.84405846969884,306.1477529083865,312.94268798828125,19245700.0
2021-05-17,310.5753709868139,312.6851687301964,308.6240589670911,312.4672546386719,15401300.0
2021-05-18,312.59609557012277,313.4974663202442,306.8709297797794,307.0195007324219,14522400.0
2021-05-19,301.30420301758033,311.6748770965376,300.6900896898586,310.6150207519531,19106200.0
2021-05-20,310.6051220589719,316.22134531367755,310.1891234345134,315.58740234375,17320200.0
2021-05-21,316.26097906524933,316.89489181665107,312.81398212754493,313.2300109863281,13600900.0
2021-05-24,315.19121507544736,322.8578082404256,315.01292994390656,321.5503234863281,16445400.0
2021-05-25,323.97704223709934,326.0571259903941,321.7186733635957,324.6803283691406,16437000.0
2021-05-26,325.2349701032148,326.70091008969223,322.7289732643222,324.551513671875,9686900.0
2021-05-27,324.88832409842223,330.6134890883512,323.6600974242012,329.59326171875,20477700.0
2021-05-28,327.85987379111714,329.71212866456455,325.2151902097347,325.6114196777344,12037400.0
2021-06-01,327.0179420230442,328.2759131910481,323.54126108571313,326.00762939453125,11765900.0
2021-06-02,327.2457775014368,328.72163259409155,324.01669458283635,326.0274353027344,11654300.0
2021-06-03,322.6894173217037,324.2742446259864,320.411248853593,322.94696044921875,12610800.0
2021-06-04,322.808268314938,329.3060329412009,322.0950975521498,327.216064453125,13289400.0
2021-06-07,326.3543125651219,334.486417785911,325.8095121473382,333.3869323730469,20136700.0
2021-06-08,333.5058347955077,335.0906318673665,329.0881237849051,330.51446533203125,14580500.0
2021-06-09,332.5548814987026,333.60482303900284,326.86934558484336,327.1169738769531,13727900.0
2021-06-10,327.6518293267885,330.7719394748892,325.43305947840076,329.30596923828125,13240200.0
2021-06-11,329.42479425079745,329.67242249629567,325.80942791213545,328.1173400878906,13587900.0
2021-06-14,328.75133961587863,333.6246780763796,326.68117056342567,333.57513427734375,12250800.0
2021-06-15,333.7930113307263,336.69523778647385,331.8516140520772,333.5552978515625,15795200.0
2021-06-16,333.5057342479645,334.34764610303927,325.6014297430221,327.93902587890625,17232200.0
2021-06-17,327.3547177791445,334.7736826551358,327.0179468979532,333.317626953125,17794100.0
2021-06-18,331.3563563653161,332.96098280037313,325.8788199623062,326.5325622558594,23039500.0
2021-06-21,327.94897595830304,329.7616318441304,324.5416085040417,329.1376037597656,11337500.0
2021-06-22,329.53384010249897,336.6952614461643,329.4446975415484,335.8136901855469,15345300.0
2021-06-23,336.1306904318117,340.16208676994773,334.99160619587457,337.3589172363281,14817800.0
2021-06-24,338.60694713631705,341.6280003378415,338.54751876191796,339.92431640625,12329100.0
2021-06-25,339.33989698064187,340.85538089347347,336.4575000821068,338.1314697265625,14594400.0
2021-06-28,339.21115629947866,354.7424269031566,338.52769974443873,352.2661437988281,29156100.0
2021-06-29,352.8900882087451,353.355630570849,345.7385824793546,348.5516662597656,21417300.0
2021-06-30,348.8290572016556,349.5719421235001,343.87649105602554,344.4113464355469,15107500.0
2021-07-01,343.5297925010339,351.30532710377554,343.2128210248615,351.0279846191406,17137000.0
2021-07-02,351.7312211820553,353.05850515897635,349.2747377188818,351.33502197265625,11521300.0
2021-07-06,353.11796850230905,355.38625227576136,345.86740436275744,349.4332580566406,13488500.0
2021-07-07,351.8897146253104,353.1080264652179,346.6796057347171,347.1649475097656,14218900.0
2021-07-08,342.4501381103431,345.0254482373053,339.3101979789028,342.3708801269531,14406500.0
2021-07-09,342.04398874911004,347.38283860521636,341.9944449575918,347.0956115722656,13018700.0
2021-07-12,347.8979785536571,350.82988930030984,346.323066118622,349.8096618652344,10018600.0
2021-07-13,348.16538722065025,355.0890647643764,345.4909895092377,348.7497863769531,11456000.0
2021-07-14,351.19634118213213,351.83028410965335,343.4406364928842,344.33209228515625,13894200.0
2021-07-15,345.91696745041355,345.91696745041355,336.9924330267508,341.19219970703125,14781600.0
2021-07-16,341.637855285962,342.7075960657856,336.9131189806477,337.9234313964844,11026100.0
2021-07-19,334.3675312852325,336.5664716872563,331.3662776499896,333.75341796875,14372300.0
2021-07-20,335.5858785801721,340.1917893966919,331.32668367645437,338.41876220703125,11024300.0
2021-07-21,338.2602656262326,343.2326311231738,338.0126373205033,342.9454040527344,9279700.0
2021-07-22,343.3911131424493,348.20502307221824,341.93505751142794,347.85833740234375,12385400.0
2021-07-23,357.4861286683113,371.769312325479,353.80141829304677,366.2818908691406,33694300.0
2021-07-26,366.0738612891666,370.8877712404162,364.72677782406714,368.9265441894531,14925200.0
2021-07-27,368.38175825329347,369.60998491635195,361.09156557240647,364.3206481933594,15705400.0
2021-07-28,371.00659460771374,373.9682191858756,363.44897460861154,369.7387390136719,29676900.0
2021-07-29,357.5752528439892,362.05236147117967,353.3556570848168,354.9206848144531,33413200.0
2021-07-30,350.6416924434431,357.3078575349941,349.59175081086903,352.91986083984375,15976200.0
2021-08-02,354.7027953668976,355.9904504806916,347.4126022414212,348.61114501953125,13180400.0
2021-08-03,349.38372209565347,350.41383403048724,344.4014420488461,347.9078369140625,12406100.0
2021-08-04,349.07670874807616,357.06024348807574,348.1753380221966,355.5150451660156,14180600.0
2021-08-05,356.2281548861246,360.44772024474685,353.51412836776825,359.52655029296875,10247200.0
2021-08-06,357.9714941756855,361.6859189842906,357.9714941756855,360.0614929199219,8925000.0
2021-08-09,360.30907080063406,362.3098964686687,357.32761656532114,358.179443359375,7798900.0
2021-08-10,358.39735106109157,360.645835202951,355.6338412039036,357.7040100097656,7469900.0
2021-08-11,358.66484832977187,358.92236121570915,354.4155380890591,356.5451354980469,8400300.0
2021-08-12,355.0494273890599,359.55624983432654,353.722113254543,359.2095642089844,7170700.0
2021-08-13,359.5265893080232,361.2005590896514,358.0507342641751,359.7345886230469,7195700.0
2021-08-16,359.0808678836191,363.4688647423414,353.9896452792087,363.0825500488281,11222100.0
2021-08-17,359.5363998758503,361.21036917215815,351.7014388487906,355.04937744140625,12328700.0
2021-08-18,352.8702792197322,356.44601687302344,351.78070880319615,352.077880859375,10042400.0
2021-08-19,348.0168439640311,354.1778377214747,347.67015827341595,351.7510681152344,12004500.0
2021-08-20,351.23598679466534,356.57483722451366,349.9582163027017,355.9607238769531,8697700.0
2021-08-23,356.03007430064173,362.22078192713013,355.6933034331285,359.9029846191406,10942000.0
2021-08-24,360.21002504836736,364.4692196120128,358.40728381412873,362.04248046875,9235100.0
2021-08-25,362.13166211478307,367.3417414254632,361.93354736706345,364.89520263671875,9684500.0
2021-08-26,364.88527071747336,365.93521232939764,360.67558946443523,360.9232177734375,7888700.0
2021-08-27,361.6363470647813,370.1943647244572,360.6260043338875,369.09490966796875,11219100.0
2021-08-30,369.02554420163244,377.87081859633844,367.0048890899752,377.0487060546875,13547300.0
2021-08-31,376.3454529760262,379.1287922840251,375.20633876326497,375.7808532714844,12345400.0
2021-09-01,375.98888322266714,380.6839058837033,375.2162841742934,378.425537109375,11567200.0
2021-09-02,377.8807187829725,378.1283470390557,370.5112994636916,371.7197265625,14832900.0
2021-09-03,371.1948669704203,373.5820077009204,369.5704106148331,372.6905517578125,7509600.0
2021-09-07,372.3141303375376,379.3269509430826,369.61001824595786,378.5543518066406,10793800.0
2021-09-08,376.55352385584115,377.25677980528826,371.23447249592255,373.98809814453125,11067200.0
2021-09-09,374.0574007225001,376.2265967126152,372.9975443965652,374.4139709472656,9098900.0
2021-09-10,377.74206518582065,380.1490350168657,374.6714987267356,375.097412109375,11549600.0
2021-09-13,378.05907727144006,378.12842045134016,370.79862869383606,372.9381408691406,13026300.0
2021-09-14,373.819627278225,374.99834025199544,371.5513438797853,372.9578857421875,8711600.0
2021-09-15,373.4234785548974,373.97816353185317,364.18200364591615,370.3727111816406,17940300.0
2021-09-16,369.2534158300907,370.01610009451014,366.20261831628665,369.5208435058594,11934200.0
2021-09-17,367.88651504280114,367.88651504280114,358.1596680635038,361.2599792480469,26299000.0
2021-09-20,355.8913540769739,357.6049526670388,346.4814793800692,352.3255310058594,19822800.0
2021-09-21,355.0989661005446,356.6243648232441,351.8203699754345,354.0886535644531,11751900.0
2021-09-22,343.93586134676525,346.5210859287137,337.457897458438,339.9539794921875,43692900.0
2021-09-23,342.0836035508044,346.3527429943944,339.7460070496701,342.67791748046875,21806300.0
2021-09-24,339.9837519281476,350.98836964938835,339.12201025317967,349.6115417480469,18801900.0
2021-09-27,346.49142305859095,351.78075996478805,343.78731111719344,350.22564697265625,15205800.0
2021-09-28,344.6688992571174,346.2834407025634,335.7047663722413,337.4183349609375,21710300.0
2021-09-29,339.89454722109275,341.954831293771,335.66506737771306,336.38812255859375,14452200.0
2021-09-30,337.2202296554088,339.54791148346095,334.94203116786514,336.1702880859375,16547100.0
2021-10-01,338.3692386235149,341.7468926509986,335.4274431004235,339.7559814453125,14905300.0
2021-10-04,332.3468924966681,332.75300653568115,319.6386214521133,323.1351318359375,42885000.0
2021-10-05,325.462816840307,332.0002100638623,323.0657918027774,329.80126953125,35377900.0
2021-10-06,326.61179751747477,331.20779305855666,322.70917327497307,330.4748229980469,26443000.0
2021-10-07,333.8029318269269,335.6254723970714,325.859027239439,326.09674072265625,28307500.0
2021-10-08,328.36508603119205,330.2371405195799,325.5916305506723,326.9189147949219,15946100.0
2021-10-11,324.52182973320663,327.3249686608532,322.2238319594093,322.3625183105469,14708200.0
2021-10-12,319.9654552495772,321.3026540210022,314.35914730509916,320.69842529296875,31658700.0
2021-10-13,323.86809085993633,323.89780504577215,319.5989815358349,321.4611511230469,14761500.0
2021-10-14,325.24483801305564,327.3843497456993,323.9968121733905,325.4132385253906,14302200.0
2021-10-15,325.56187197248846,325.9481866307319,319.4504224439795,321.6790771484375,21596400.0
2021-10-18,325.82932780455684,332.7034918007029,324.39307157962,332.15869140625,21585000.0
2021-10-19,336.4277860404439,339.21112557939546,334.08027470662927,336.7645568847656,18786300.0
2021-10-20,340.1917721794309,340.7167429686975,336.2297193613997,337.5470886230469,13639500.0
2021-10-21,337.0518912984495,339.0626322481088,334.59540723714275,338.63671875,16354400.0
2021-10-22,323.25396996528013,326.5028518621988,318.0636605456688,321.53045654296875,35224500.0
2021-10-25,317.2614167876542,326.43358016472126,316.6869323398005,325.57183837890625,38409000.0
2021-10-26,325.14586602148887,327.07734858494814,306.66288646204555,312.81396484375,65654000.0
2021-10-27,311.20936900598383,316.2213637707614,309.0995708888927,309.258056640625,29971800.0
2021-10-28,310.0207424940007,322.4318727096912,305.187032840823,313.9134826660156,50806800.0
2021-10-29,317.15242672886217,322.9073060534718,316.5680275630656,320.5003662109375,37059400.0
2021-11-01,322.94695416563655,330.2866611044085,322.9073251710822,326.8495788574219,31518900.0
2021-11-02,328.23627153602354,331.61392520094756,320.72816449549913,324.9675598144531,28353000.0
2021-11-03,324.3832046032669,328.9990004029986,320.13392413154486,328.4740295410156,20786500.0
2021-11-04,330.8413083006295,334.07036062817366,329.4941946923522,332.6638488769531,22495300.0
2021-11-05,337.08147935404895,343.50001452836716,336.41785256636246,337.8937072753906,26872800.0
2021-11-08,341.1525567353101,341.51904176895226,335.1302197794764,335.4075622558594,18342500.0
2021-11-09,336.7744965969037,338.0720665037819,331.2969596702002,332.18841552734375,17556700.0
2021-11-10,329.33570280681266,330.02907409300826,322.42194046577737,324.53173828125,21872600.0
2021-11-11,326.69105208747396,329.30599106646946,323.8977977694065,324.6307678222656,12376600.0
2021-11-12,327.0476189596031,338.61680509690734,326.6514197520635,337.6560363769531,25414300.0
2021-11-15,341.07327248331154,350.29494689782047,339.94410328360664,344.2627258300781,25076600.0
2021-11-16,340.56810141250594,343.3613555726596,337.6361911387599,339.70635986328125,18181100.0
2021-11-17,340.9742524042192,344.0052203611665,336.8735434975521,337.53717041015625,13602800.0
2021-11-18,336.4971255196184,339.2111218533816,332.1190441354008,335.4768981933594,17487200.0
2021-11-19,338.9536336608704,348.7597084263022,336.6754351335871,342.0242004394531,26488500.0
2021-11-22,345.7386376225434,350.47328974569933,337.2796762366128,337.7749328613281,27116800.0
2021-11-23,335.7145918334211,338.161160356584,330.3361130495969,334.050537109375,17225000.0
2021-11-24,332.8124078929449,338.5375725100761,329.65266862595445,337.82440185546875,13566200.0
2021-11-26,332.6143461583221,334.54585913872853,328.75135042557554,329.95977783203125,14750700.0
2021-11-29,333.6940422195019,337.4381813076392,332.12901426806184,334.8232116699219,16650900.0
2021-11-30,331.8219143229741,332.6242275781667,320.3616696093828,321.38189697265625,25390000.0
2021-12-01,327.15661956547683,327.36461887760754,307.34635518559134,307.6534118652344,30329600.0
2021-12-02,308.4458324380547,311.6154870570519,304.2856947571959,307.4454345703125,24396200.0
2021-12-03,310.75369663856657,310.7734960191587,296.65868384936425,303.9290466308594,27471000.0
2021-12-06,305.20678293595284,317.0632250429124,303.43375615905313,314.8543701171875,21758300.0
2021-12-07,318.5193623185968,323.4422145233577,317.9547624949446,319.7475891113281,18794000.0
2021-12-08,321.9167907612685,329.59326807942176,320.0051075354831,327.4240417480469,19937700.0
2021-12-09,326.4137280700366,332.9412064242333,324.88832927968264,326.6910705566406,16879200.0
2021-12-10,329.40507435185765,331.8516432168082,323.2737950957278,326.6217346191406,14528000.0
2021-12-13,327.810377265732,337.8541660579988,326.4632635062332,331.3167724609375,22948700.0
2021-12-14,324.9378002398384,332.51524940120004,324.5416010577948,330.5738220214844,20461000.0
2021-12-15,329.3357423616507,338.86447503477905,320.9064951197649,338.41876220703125,24681300.0
2021-12-16,335.7641498312168,341.192142407616,330.5738405036605,331.72283935546875,22635000.0
2021-12-17,329.642814879257,333.91192479347194,327.6122747009842,330.6234436035156,40012600.0
2021-12-20,326.6514269703458,326.770283712428,319.4702065982761,322.3625183105469,17901800.0
2021-12-21,323.3134343162159,332.8124527785697,320.67866543768434,331.029541015625,16116800.0
2021-12-22,330.6333198075791,331.3366059985338,325.14589801660594,327.31512451171875,16764600.0
2021-12-23,326.9683491824881,333.4760268837815,325.2448359977262,332.0595703125,13987700.0
2021-12-27,335.6353952368642,344.56981318906895,334.80336779762223,342.8958435058594,17795000.0
2021-12-28,343.3415998845721,349.3639069197179,341.92517324461073,342.93548583984375,16637600.0
2021-12-29,343.6189229149858,346.37254828226514,338.39892945980847,339.68658447265625,10747000.0
2021-12-30,340.7365693760043,343.9359381624236,339.9639702243325,341.0931396484375,10593300.0
2021-12-31,339.7657936019813,340.1818224054571,333.0798301588364,333.1590881347656,12870500.0
2022-01-03,335.0906254019801,337.84425106909487,333.99117018748643,335.328369140625,14537900.0
2022-01-04,336.72493992335905,339.83513533403027,328.72157715983485,333.3373718261719,15998000.0
2022-01-05,329.86068284228344,332.57470946548466,320.76777925565807,321.09466552734375,20564500.0
2022-01-06,319.7574388910342,335.9523337516314,319.6583815376853,329.30596923828125,27962800.0
2022-01-07,329.5833338518881,333.80292951818393,325.7599676256304,328.6423645019531,14722000.0
2022-01-10,322.22384601970924,325.2250998004948,312.4375707870831,324.9576721191406,24942400.0
2022-01-11,323.67988482158984,331.45541906764635,322.1941151017598,331.1978759765625,16226800.0
2022-01-12,332.0001874933041,333.17890054986333,326.8990508604978,330.0984191894531,14104900.0
2022-01-13,331.80211343174307,332.4459409483051,322.6695807714662,323.38275146484375,14797100.0
2022-01-14,318.73720911459196,329.57342451372193,318.16269460653893,328.75128173828125,16868500.0
2022-01-18,320.22299635207634,321.13425149852793,314.62660324655985,315.1317443847656,22645600.0
2022-01-19,316.54812963066564,323.99680669876165,316.30050138192433,316.55804443359375,20814700.0
2022-01-20,320.8272174640283,324.7100424845301,312.9823698959232,313.5568542480469,16925000.0
2022-01-21,311.82347328682636,315.2902696559625,300.1651432361492,300.2939147949219,28710700.0
2022-01-24,295.01446719943397,306.593569684713,286.2682483704496,305.7813415527344,38878100.0
2022-01-25,297.10443625557576,303.3248577294075,294.756894660404,297.3025207519531,25108500.0
2022-01-26,304.09745777455754,304.592714359199,288.0907613315765,291.83489990234375,28348800.0
2022-01-27,294.9253304379061,298.84775458037524,291.4684487482399,291.8448486328125,21629900.0
2022-01-28,292.81549576317013,299.0359172039558,290.25007030403094,298.84771728515625,21871600.0
2022-01-31,297.8274458105845,310.81308714340366,296.48036262094104,310.2881164550781,21579500.0
2022-02-01,311.57578296454324,316.62740557123163,309.15892870139135,315.9736633300781,18023800.0
2022-02-02,324.7100103575125,324.88829546004257,313.86387986602153,319.93572998046875,58458300.0
2022-02-03,242.32901363877835,245.6472384293022,233.5134534665645,235.50437927246094,188119900.0
2022-02-04,232.74087623430282,240.3083961012587,227.926981717232,234.84075927734375,89342200.0
2022-02-07,235.4449621196371,236.0392760284612,221.8848352891076,222.77630615234375,88613800.0
2022-02-08,218.75482835465843,223.62815108596232,214.09940460460425,218.09117126464844,94729700.0
2022-02-09,222.0730512053515,231.15605522249825,220.10193965659207,229.79905700683594,86563300.0
2022-02-10,226.10444116008378,232.7705904328928,224.54932825862693,225.90634155273438,49310400.0
2022-02-11,226.2926387978529,228.2340360899679,216.69456404523424,217.4671630859375,46156900.0
2022-02-14,217.22943132787472,218.90340092969973,212.74240807450155,215.63470458984375,38184000.0
2022-02-15,218.37844109115068,219.05198279600086,213.01976118237621,218.90341186523438,42685500.0
2022-02-16,210.3949235772099,215.39701852481616,210.34539489178158,214.48573303222656,45817500.0
2022-02-17,211.9896377822518,215.43661946171025,205.19471667420856,205.739501953125,38747500.0
2022-02-18,207.40357732976162,208.75067600964022,203.2335097258475,204.2042236328125,37128400.0
2022-02-22,200.420446093118,205.51168356092646,198.16207710671472,200.1629180908203,39852400.0
2022-02-23,202.2231896272038,204.9768152650617,196.17115303881118,196.56735229492188,44481400.0
2022-02-24,189.2474848694048,206.37346975534885,188.41545725359495,205.63058471679688,49957200.0
2022-02-25,202.99576396471832,209.3152425919104,201.25245117706206,208.4832000732422,37627600.0
2022-02-28,205.70977460452164,211.12788303037252,204.86784745096298,209.0279998779297,34239800.0
2022-03-01,207.87897236201061,209.74114176291238,200.30155345137098,201.55950927734375,27094900.0
2022-03-02,202.8372707267524,207.16580812270612,200.10346002099692,206.13568115234375,29452100.0
2022-03-03,207.03705624171792,207.09648461057753,199.5091504961994,201.04444885253906,27263500.0
2022-03-04,200.4501311822766,203.93674152571404,196.9040924710924,198.16204833984375,32130900.0
2022-03-07,198.88515752892494,198.98421490387696,185.5033283763237,185.6915283203125,38560600.0
2022-03-08,186.06790181370198,194.83393414825153,184.34440348664342,188.4847412109375,37508100.0
2022-03-09,193.8830410714381,197.2111657166558,192.08029996134783,196.61685180664062,31894700.0
2022-03-10,192.9916083208707,194.41794989537487,189.25738405082512,193.3581085205078,24853000.0
2022-03-11,190.81243386483254,191.72370405961993,184.8990697311759,185.8301544189453,34694500.0
2022-03-14,185.25568104260796,190.46577499012574,184.05716854445654,184.85948181152344,31010500.0
2022-03-15,188.98990976643933,190.45586497885327,184.1463011258414,190.20823669433594,31721700.0
2022-03-16,192.85289158357224,201.79722339086277,192.67460648582,201.69818115234375,40640300.0
2022-03-17,199.78649048919837,206.06633995487073,199.20209138393267,205.8682403564453,29499700.0
2022-03-18,204.7390705419784,214.743259669373,204.0457143412949,214.4362030029297,52128000.0
2022-03-21,212.4650818757495,212.67309629838934,205.66026101300244,209.483642578125,30142300.0
2022-03-22,209.3647573623365,217.37802014383146,208.18604430863425,214.59466552734375,31998800.0
2022-03-23,211.30618023128324,214.74326220311647,210.1472816148888,211.43495178222656,23717300.0
2022-03-24,212.96033180585613,218.5765396728198,212.75231738973233,217.4869842529297,31502300.0
2022-03-25,218.4180370982393,223.3607028824541,216.81341072111672,219.7156219482422,40039000.0
2022-03-28,220.02268559332694,221.9145541779981,217.4572451094087,221.4688262939453,26224100.0
2022-03-29,223.92529863513838,228.69956380832625,223.15268452995326,227.67933654785156,31417900.0
2022-03-30,226.73840298278216,228.95714310035652,224.55927674700726,225.68846130371094,25588000.0
2022-03-31,226.28272496608523,226.32235395574506,220.1514461799206,220.25050354003906,24192300.0
2022-04-01,222.41971622069119,225.12381271034022,220.58726096814928,222.7168731689453,19544800.0
2022-04-04,223.83617917233548,232.12678532160837,223.71732241926705,231.671142578125,28054800.0
2022-04-05,231.85930344501298,234.61292859668646,228.82833584022353,229.6405487060547,29727200.0
2022-04-06,224.75733250702032,226.81760158115827,219.30951042408836,221.18157958984375,28995100.0
2022-04-07,221.8056138662761,223.38054134268012,216.48656281289078,220.8349151611328,21037200.0
2022-04-08,220.27032335899074,222.99423457374422,217.94261136622518,220.22079467773438,18375700.0
2022-04-11,216.3479069476987,218.5171334305325,213.17826750170013,214.40650939941406,20516600.0
2022-04-12,218.15064207686711,219.92365413164242,211.1080923146567,212.10850524902344,20128800.0
2022-04-13,209.81051440593964,214.5550660092556,209.32515749428055,212.950439453125,19231800.0
2022-04-14,212.85138968765997,212.9504470573422,208.00778054523929,208.18606567382812,18379500.0
2022-04-18,208.00776267439792,211.35570197679016,206.32389333269717,208.7704620361328,16580800.0
2022-04-19,208.52285013971436,216.35779832971022,207.01726579292762,215.24842834472656,20089900.0
2022-04-20,211.58351727354366,212.1283025357954,197.03287649629226,198.51864624023438,43036500.0
2022-04-21,199.6874702292032,201.04446849753194,183.81944428982817,186.28582763671875,49954100.0
2022-04-22,188.5639795498347,190.8916914488266,181.53134540165973,182.36337280273438,36426800.0
2022-04-25,180.99648355626618,185.40426453530642,179.93664222860235,185.21607971191406,29281100.0
2022-04-26,184.85949098758962,185.4141759842542,177.79712674340837,179.23336791992188,31747400.0
2022-04-27,172.77521210159048,179.49090557558733,167.39673262179144,173.290283203125,71062900.0
2022-04-28,200.99491983751713,206.5516990270539,191.06997417573916,203.77825927734375,100890600.0
2022-04-29,202.5203292563053,210.46423399242218,198.0035765082643,198.56817626953125,49193400.0
2022-05-02,199.26154166414338,209.86994484783412,199.08325654016426,209.12705993652344,49915300.0
2022-05-03,208.45348112375598,212.8612614435595,206.1158695779456,210.01849365234375,41556300.0
2022-05-04,208.65159974367043,222.17211400565108,204.99661872779126,221.29055786132812,41375900.0
2022-05-05,216.66489939657043,218.08132625702262,204.20423942269423,206.3041229248047,41129200.0
2022-05-06,205.37297683708496,207.3936319689628,199.1129420778056,201.83685302734375,34747200.0
2022-05-09,197.94413940474152,200.64825111989848,193.72455893047646,194.3485870361328,36303200.0
2022-05-10,197.61725725948858,201.0345394440255,192.34773558358862,195.77490234375,34452500.0
2022-05-11,194.4674542936816,198.7662778642114,186.48392048726012,186.949462890625,31153400.0
2022-05-12,185.28536782639935,196.17111163475803,183.02699929234953,189.42572021484375,38262200.0
2022-05-13,190.75302497459322,197.99367371070613,189.46535485183276,196.7357177734375,24549800.0
2022-05-16,195.18060277699027,203.42166363098988,194.07121786496788,198.14222717285156,27112600.0
2022-05-17,200.2025278122885,203.51085346403778,196.47820353456214,200.69778442382812,24872700.0
2022-05-18,198.10263662564876,199.09314980877699,189.8120461193555,190.416259765625,23960000.0
2022-05-19,189.38610768968732,193.4373027695066,187.8012957479595,189.47525024414062,24446900.0
2022-05-20,193.1203601951297,196.03247142713522,186.08771041560578,191.70391845703125,31465600.0
2022-05-23,193.33826590922556,195.12119261810062,189.4257419542698,194.36839294433594,25059200.0
2022-05-24,178.83715605748554,181.93745200535835,174.4392751597391,179.5602264404297,50406300.0
2022-05-25,178.6885611845718,183.69065547407655,177.61882031303085,182.08602905273438,28030200.0
2022-05-26,181.14503749919965,191.00063965461956,180.53090911005106,189.81202697753906,23056500.0
2022-05-27,189.54458527586345,193.4769234474915,187.99938727559226,193.27882385253906,22562700.0
2022-05-31,193.0411200354568,195.72541750062638,190.188437137274,191.802978515625,26131100.0
2022-06-01,194.64570481295453,197.63705831447248,183.2449055874557,186.85037231445312,36623500.0
2022-06-02,186.66218951386134,199.03370349714083,185.94901887716446,196.9734344482422,31951600.0
2022-06-03,194.1207580004967,194.74478610572024,187.97957964846339,188.9700927734375,19465000.0
2022-06-06,192.14963756794617,195.0518336336499,186.61265797164182,192.40716552734375,30574200.0
2022-06-07,190.10918926100416,194.6655559796352,189.6733761532848,193.7938995361328,18828700.0
2022-06-08,192.82316328472308,200.11333954616137,192.5656353465903,194.77447509765625,22267200.0
2022-06-09,192.43689932612924,197.55785065104567,181.9374535766167,182.25442504882812,23501600.0
2022-06-10,181.30352312640838,181.3629666121128,173.35961842280193,173.90440368652344,27450800.0
2022-06-13,168.97165680873468,170.94278367699715,162.47389211014527,162.7017059326172,31749300.0
2022-06-14,164.4549107520517,165.16808148844072,159.82921577082692,162.17672729492188,27244300.0
2022-06-15,165.61381092467224,170.52676325175744,162.42435707852283,167.74342346191406,30008300.0
2022-06-16,162.16684106230747,163.51393977461578,158.09583073506965,159.3438720703125,26944100.0
2022-06-17,160.14614537695002,164.32611172774554,158.38303332726244,162.18661499023438,31374200.0
2022-06-21,164.355851494448,166.16849250243672,154.49034827782717,155.5601043701172,50724900.0
2022-06-22,156.87747219482296,159.26459731842343,153.96536121467946,154.37147521972656,47267800.0
2022-06-23,154.78748921824135,158.2344706377645,152.78664848748156,157.24395751953125,40499200.0
2022-06-24,160.19568191049788,168.63485788504363,159.76976852564044,168.54571533203125,68736000.0
2022-06-27,169.6947209654169,170.12063436732203,166.41610972665632,167.882080078125,29174600.0
2022-06-28,168.28818788840098,169.6749154471535,159.0863268420066,159.15565490722656,27744500.0
2022-06-29,162.01826528724015,164.75207651287346,158.79909711088973,162.38475036621094,28595200.0
2022-06-30,160.61171649424432,163.662499099928,156.98644950729903,159.7202606201172,35250600.0
2022-07-01,158.78916804730673,159.09622471985023,153.5295453943019,158.51182556152344,31423900.0
2022-07-05,156.63976047323413,166.65384976185075,155.53039050001706,166.59442138671875,28618600.0
2022-07-06,166.60432602595623,169.9621653469318,163.8903293874413,168.15943908691406,23085900.0
2022-07-07,167.84244611426894,171.08142826698978,166.1882910081597,170.55645751953125,24083400.0
2022-07-08,168.36744012814103,170.76448040971164,166.55479904407864,169.2589111328125,19249200.0
2022-07-11,165.4850457717474,165.90105949752098,160.37399408818905,161.3347930908203,21885600.0
2022-07-12,163.2365684897572,164.33603867968444,160.56218603464612,161.72108459472656,16639700.0
2022-07-13,158.6405848594401,163.41485023652393,158.09579962086448,161.93899536132812,16555100.0
2022-07-14,159.69053841599668,161.04753665588296,155.78791401167612,156.5506134033203,23765200.0
2022-07-15,159.01697389019125,163.41485467893096,158.3038183296143,163.13751220703125,23342800.0
2022-07-18,165.16805161874285,170.0611885197258,164.06858152514536,165.64349365234375,23574300.0
2022-07-19,168.7537165962495,174.81566721051857,167.90187470254017,174.11239624023438,25933700.0
2022-07-20,175.80620781098557,181.85824456676832,175.0236938545795,181.3530731201172,24784300.0
2022-07-21,178.91638488722018,182.10583825691035,177.17307216995528,181.43228149414062,27195800.0
2022-07-22,171.42813799948678,173.93413535039315,166.8123425579943,167.6641845703125,42583900.0
2022-07-25,167.39672752297426,168.95184047126608,163.24647487797617,165.0690155029297,26166300.0
2022-07-26,164.36577613140153,164.42520450996705,156.4515695817072,157.6401824951172,28468400.0
2022-07-27,161.04752955878874,169.2489772381672,160.48294492213745,167.97122192382812,43846600.0
2022-07-28,159.53203755044004,159.97776542286496,153.38095966010903,159.1952667236328,73214300.0
2022-07-29,156.19402525924158,158.6207795194617,153.69792782191408,157.5906524658203,42065400.0
2022-08-01,155.75819743727132,163.62287449877195,153.7573565832548,158.4127655029297,40596700.0
2022-08-02,156.8081488726603,160.7008737717732,156.51099187734874,158.67031860351562,27374500.0
2022-08-03,161.14658767306634,167.93159371925523,160.0372177754891,167.19862365722656,31721900.0
2022-08-04,166.70337407267044,170.5168408125815,165.2176042772171,168.95184326171875,23938200.0
2022-08-05,165.40580145795138,169.98196751551527,164.22708835487424,165.524658203125,25832700.0
2022-08-08,166.40623279185021,175.82600874276545,165.5444910656688,168.6348876953125,27299100.0
2022-08-09,167.34719657787392,167.9216960285414,165.01949970334167,166.93118286132812,18655100.0
2022-08-10,174.32045027403476,178.76784555190278,172.29979457192744,176.6481475830078,30262100.0
2022-08-11,178.00512324377314,181.36296218766384,174.69679786571436,175.80618286132812,24079100.0
2022-08-12,179.09466955498624,179.73851213251677,177.21270072780848,178.78761291503906,21274000.0
2022-08-15,177.26223658947166,179.71870492263832,176.50943693686588,179.17391967773438,15878700.0
2022-08-16,177.7376808343577,179.27297922912655,175.36044022225494,177.76739501953125,21156700.0
2022-08-17,175.0830916959517,176.4500046227847,172.51766637115318,173.19122314453125,20118100.0
2022-08-18,172.68603456346102,174.09256122420092,170.22956653019898,173.0030059814453,18844500.0
2022-08-19,168.58533215134486,170.68523027006805,165.46522182916303,166.36659240722656,26240800.0
2022-08-22,163.92004384491045,163.92004384491045,160.72067515239857,161.50318908691406,19499700.0
2022-08-23,160.93860243634407,163.48422896199042,159.17548990919445,159.58160400390625,18111800.0
2022-08-24,159.076427981894,163.89032279947102,158.25430020178976,161.711181640625,20891500.0
2022-08-25,163.61293429410443,167.27784457960507,162.46395067120955,167.1787872314453,15550500.0
2022-08-26,166.88164351357545,169.2984979053426,160.13625169424387,160.24520874023438,24023600.0
2022-08-29,159.13584314980767,161.50316892678902,157.5014874163074,157.65997314453125,20052700.0
2022-08-30,158.82879152817029,160.12636135178465,154.43091067186754,155.66905212402344,19567900.0
2022-08-31,165.48504700457096,166.24773128382174,160.60180908621714,161.38430786132812,40953000.0
2022-09-01,162.02814751740178,165.77228612219326,158.8287941834729,163.791259765625,30145700.0
2022-09-02,165.86143654279775,166.3368786589815,157.7095169310426,158.79908752441406,22634200.0
2022-09-06,158.58116293213033,160.15607522887,156.1940225896066,157.03594970703125,19339800.0
2022-09-07,156.2633236882435,159.43297734395523,155.32233937159168,158.86837768554688,16831200.0
2022-09-08,157.2043426339125,160.69093790556735,156.24354370628316,160.52255249023438,22530800.0
2022-09-09,161.70129618072903,167.93161818584852,161.47348235372078,167.54531860351562,22086800.0
2022-09-12,165.80197348855194,169.76402556079313,165.69301645200414,167.35708618164062,23220400.0
2022-09-13,160.00749643486537,160.0966541099515,151.22164914578732,151.6772918701172,44444100.0
2022-09-14,151.87540587693218,152.08340520576425,147.63601016835642,150.03305053710938,43064200.0
2022-09-15,148.37888441023696,152.73713656291972,147.2893138150501,148.13125610351562,34606300.0
2022-09-16,146.64547344444176,147.17044419967905,142.92113436392827,144.90216064453125,40122800.0
2022-09-19,143.8621279672062,147.1704380911289,143.723456737881,146.61575317382812,22169500.0
2022-09-20,144.39701436844177,147.42798236909735,143.8423293897639,144.70407104492188,23217400.0
2022-09-21,145.00120831523847,148.18076193332314,140.65285652443168,140.77171325683594,38338600.0
2022-09-22,140.2071471475212,143.20840094862743,139.53359030903127,141.46510314941406,34418500.0
2022-09-23,140.07835464057428,141.2669672856025,137.5723578166796,139.07794189453125,31710700.0
2022-09-26,138.7906874652121,140.89058546527335,134.8979783286699,135.07626342773438,30497000.0
2022-09-27,136.61154889942657,138.09731837498967,132.8475965385276,133.12493896484375,30826500.0
2022-09-28,133.34287852401653,140.68258476393316,132.99620798185623,140.26657104492188,32658500.0
2022-09-29,138.03793219247984,138.51337433800606,133.9173932938307,135.1159210205078,38985400.0
2022-09-30,134.7593224231971,139.65245999644353,134.2145371462914,134.392822265625,33166400.0
2022-10-03,135.83898824004308,138.29545689957237,134.8088610970253,137.2950439453125,27723100.0
2022-10-04,139.15718736958863,141.03915616677125,138.01808826474223,138.9491729736328,34670700.0
2022-10-05,136.92855939681456,138.87987174086814,133.50137684468012,137.66152954101562,27979300.0
2022-10-06,136.41345747443108,140.1080668924418,135.30408770289597,137.7506561279297,36231100.0
2022-10-07,135.4626025621912,136.9780868038213,131.18359267818693,132.1840057373047,33214800.0
2022-10-10,132.28305369387297,134.81876531320103,130.61898349741801,132.52076721191406,24024000.0
2022-10-11,130.3713468401543,131.40148906593097,125.78527329367769,127.32056427001953,38481400.0
2022-10-12,127.1026638877012,128.43984766883375,125.05229426365273,126.29043579101562,34605200.0
2022-10-13,122.35810591510078,129.8959126818522,121.36759262177752,129.05397033691406,34325700.0
2022-10-14,129.75723087651306,130.53972966444917,125.3197283580918,125.55745697021484,23559400.0
2022-10-17,129.0638473635695,133.5112410757792,128.94497552562387,132.7683563232422,29612200.0
2022-10-18,135.78944052529357,136.53232536820332,130.15341843217345,131.54014587402344,25445000.0
2022-10-19,131.62932404482603,135.70033469009013,130.96568188593824,131.96609497070312,30691000.0
2022-10-20,131.66889301614896,135.4724746302485,130.06426670512602,130.2821807861328,26356300.0
2022-10-21,125.11173045962862,128.88558365269435,124.2499887392057,128.77662658691406,46348600.0
2022-10-24,126.0427959801584,132.21368855731725,123.38822048552552,128.48936462402344,63563400.0
2022-10-25,129.63833855579537,137.0374714342576,129.35108133904697,136.20542907714844,38433200.0
2022-10-26,130.4307801137802,134.26407674548548,127.31066935949349,128.58843994140625,82791500.0
2022-10-27,97.05048569225889,101.52760198647805,95.465658542467,97.0108642578125,232316600.0
2022-10-28,98.63529568612601,99.89324399006124,96.58493388441028,98.25889587402344,95928300.0
2022-10-31,97.28820099802837,98.3777639314206,91.72151447773034,92.27620697021484,121361400.0
2022-11-01,93.43510291839118,96.56512039753022,92.66250390635734,94.29684448242188,110189600.0
2022-11-02,93.31624220877565,94.29684810347324,89.62163242073564,89.68106079101562,71821100.0
2022-11-03,89.22543462884886,89.60182694018093,87.57127932884133,88.06653594970703,60664000.0
2022-11-04,89.4928598535333,90.52299441637443,87.2542980620321,89.9286880493164,55638100.0
2022-11-07,93.88083882412117,95.96091500917095,92.21677636467815,95.80243682861328,81987300.0
2022-11-08,95.01003187364735,96.87220167398475,93.89075458930797,95.55481719970703,52088300.0
2022-11-09,100.75499828127565,103.90483038349184,99.78429207444763,100.50736999511719,107677300.0
2022-11-10,106.10377075474774,111.68035703751443,103.61758064619659,110.80870819091797,80671000.0
2022-11-11,108.19376126643847,113.80996935413211,107.77773997485608,111.94779968261719,59961700.0
2022-11-14,109.93706017775395,115.16696877051291,109.74886780471479,113.13642120361328,53395000.0
2022-11-15,114.9688636373619,117.6135319944272,113.32461570055189,115.96928405761719,50670500.0
2022-11-16,113.41376358768983,114.97877628756191,111.59122289190168,112.15581512451172,33287800.0
2022-11-17,109.36256549323626,111.26434901405536,108.75835183969228,110.39269256591797,35093800.0
2022-11-18,112.72040524202392,113.23546878120747,109.57057296208852,110.98700714111328,33357700.0
2022-11-21,110.46202750500028,111.30396976120818,108.15413751811265,108.81777954101562,24351100.0
2022-11-22,108.81776947498913,110.5610746422182,107.2923783982906,110.38278198242188,29029000.0
2022-11-23,110.66011508585879,111.6010994259504,109.67950931838242,111.17517852783203,21343100.0
2022-11-25,110.24411606959775,111.66055016933491,109.96676604108382,110.35307312011719,12007600.0
2022-11-28,109.72904260427873,110.97709125576286,107.35180959664743,107.74801635742188,23309400.0
2022-11-29,108.50081269087607,109.88753262931635,107.5102995287067,108.42156982421875,23899200.0
2022-11-30,108.47109485006094,117.0390349255215,108.34232330682798,116.97959899902344,43348600.0
2022-12-01,118.06916728118868,120.05019362857115,117.27676127644517,119.29740905761719,36551400.0
2022-12-02,116.71218027368302,122.86326676594648,116.49426614542944,122.3184814453125,39950500.0
2022-12-05,120.59498251869725,123.48727925905526,120.19877572591844,121.2685317993164,35474900.0
2022-12-06,118.77243307602735,119.40636087482815,112.66096131903342,113.03736114501953,43689200.0
2022-12-07,112.68078144324511,114.78066454780486,111.80912500858332,112.84916687011719,29461100.0
2022-12-08,115.28581946173176,116.22680388684195,113.50289285340003,114.23587799072266,30619400.0
2022-12-09,114.20617728304649,116.42492477977007,112.78974307623727,114.80048370361328,26033400.0
2022-12-12,114.0873151976776,114.6221932537079,112.06666728279076,113.62177276611328,24747100.0
2022-12-13,120.97136650019226,122.13027261188758,117.51447777377302,119.0101547241211,44701100.0
2022-12-14,118.25737445633456,122.9623123199685,118.25737445633456,120.4365005493164,36922000.0
2022-12-15,117.20743006404071,117.50457949311263,112.92841329506689,115.04811096191406,34531000.0
2022-12-16,119.0893953275674,122.14016998320139,117.69276820586836,118.29698181152344,67064000.0
2022-12-19,115.72166364811206,116.68246270007808,113.24538054800018,113.39395904541016,29769900.0
2022-12-20,112.18552719737988,116.21691562087499,111.39311361422443,115.97918701171875,28742500.0
2022-12-21,115.5928802480329,119.19834746785773,114.52313180171168,118.62385559082031,20392800.0
2022-12-22,116.08815408174438,117.49468869101955,113.29490691785752,116.00891876220703,23618100.0
2022-12-23,114.92924008883372,117.05884488206574,114.44389075917199,116.92017364501953,17796600.0
2022-12-27,116.81123646984146,117.47487858248883,114.94907414334801,115.77119445800781,21392300.0
2022-12-28,115.14716055480385,117.02913716344688,114.4141828960539,114.52313995361328,19612500.0
2022-12-29,115.2957288538749,119.88180188588926,114.67170075084074,119.11911010742188,22366200.0
2022-12-30,117.0390450751294,119.27759949927703,116.62302378162738,119.19835662841797,19583800.0
2023-01-03,121.65482664397801,125.17115140314009,121.11994862794397,123.55661010742188,35528500.0
2023-01-04,126.171558930905,127.8257215902195,124.65607506131268,126.16165924072266,32397100.0
2023-01-05,124.93341987784395,127.30075323963864,123.35850760945776,125.7357406616211,25447100.0
2023-01-06,127.74648766592082,129.09358621249376,124.84428370915916,128.78652954101562,27584500.0
2023-01-09,129.91571471851663,131.6887266933285,128.053545069192,128.2417449951172,26649100.0
2023-01-10,126.06260385789115,132.17407566800205,125.94374711771763,131.7283477783203,28684400.0
2023-01-11,129.71760465565723,132.58018696370937,129.10347624461448,131.62928771972656,25423000.0
2023-01-12,132.17407328237496,136.37383924236823,130.51000337982552,135.41305541992188,30757700.0
2023-01-13,133.68957009095007,136.08661026210743,133.5607985362658,135.6804962158203,22423800.0
2023-01-17,134.88807965994005,135.45267943590727,132.97639644804792,134.07586669921875,21147600.0
2023-01-18,134.52159711506673,135.94793856083538,131.54015778330873,131.75807189941406,20215500.0
2023-01-19,131.23308619798556,136.14602271529233,130.886400567009,134.8583526611328,28625200.0
2023-01-20,134.60085418873717,138.61243614975027,133.33299835072307,138.04783630371094,28688600.0
2023-01-23,137.96854462545986,142.39613880035196,137.34453173332696,141.91079711914062,27470100.0
2023-01-24,140.34581759991946,143.6244138707233,140.01894643052984,141.7820587158203,21970200.0
2023-01-25,139.8802655646775,141.8117631472624,138.97889498812754,140.15760803222656,26622000.0
2023-01-26,143.0301056874632,146.11060246577705,141.94055019281916,145.90260314941406,25482100.0
2023-01-27,146.83369483490682,151.73673257370015,145.99175249689753,150.3004913330078,35771900.0
2023-01-30,147.9925523152107,149.68632109689497,145.55588366268134,145.6648406982422,28040100.0
2023-01-31,146.5464197760389,148.45811804426916,146.12050636971617,147.55674743652344,29842100.0
2023-02-01,146.62565043446605,152.12300106668854,145.66485153504922,151.6673583984375,55661000.0
2023-02-02,181.6403212965096,195.28959242253296,178.4508674807709,186.97918701171875,150475700.0
2023-02-03,181.7294538486321,194.90328212954861,181.1549543921134,184.7604217529297,76809700.0
2023-02-06,184.76043379020655,188.89087219497117,183.76002085700577,184.29489135742188,42483800.0
2023-02-07,183.81944605515912,191.9416514749655,182.6506325907058,189.80213928222656,47080700.0
2023-02-08,188.1975137730895,189.01964156799266,181.18467828828204,181.68983459472656,36139100.0
2023-02-09,184.36420525560894,184.87926117745036,175.58825872232373,176.23208618164062,37118800.0
2023-02-10,174.67698939911818,177.19288599656554,171.70545013027487,172.4978485107422,33433600.0
2023-02-13,176.5292403361186,179.28286545834536,174.15201501653706,177.72775268554688,31463200.0
2023-02-14,175.4793152985136,179.7880384821239,174.211459661062,177.7772979736328,24034600.0
2023-02-15,174.74635431762565,176.49956708799974,173.66669844956726,175.47933959960938,25308900.0
2023-02-16,171.11111849736147,174.18171480254935,170.16021937970712,170.80406188964844,25827500.0
2023-02-17,168.60516042374334,171.53707107206532,168.09008932075568,171.23992919921875,24171300.0
2023-02-21,172.6563653808154,176.4797472010521,170.24942539355874,170.44752502441406,34592600.0
2023-02-22,169.44708372613064,171.12103817383402,168.08017080797535,169.49659729003906,22433200.0
2023-02-23,170.36825355773084,172.04222311849063,167.77311406677143,170.40786743164062,20017800.0
2023-02-24,167.04014620363478,169.10041548269487,166.0694474951461,168.77354431152344,19791300.0
2023-02-27,170.24942260395335,171.47764936355122,167.4561679783528,167.93161010742188,19277000.0
2023-02-28,170.26919668746766,175.86560479859628,170.23948250344299,173.28036499023438,46051100.0
2023-03-01,172.93369415041172,176.16277682159105,171.40831048855307,171.77479553222656,30998400.0
2023-03-02,170.74465517302596,173.3496943814179,169.8036556249056,172.87425231933594,17352000.0
2023-03-03,177.22260390810277,184.84955183576477,175.37034922805032,183.4925537109375,45877700.0
2023-03-06,186.21647081114867,187.86072625525287,182.88834604740944,183.1458740234375,33209400.0
2023-03-07,187.20696090579204,188.55405921845838,182.26429549162035,182.75955200195312,36701500.0
2023-03-08,181.1351414835572,183.5024673934866,179.61965751813128,183.21522521972656,19432400.0
2023-03-09,184.5821497311838,187.13766060957806,178.5895415605495,179.9663543701172,26582800.0
2023-03-10,179.29277653353364,183.0171155818211,177.10375097626599,177.8070068359375,25665000.0
2023-03-13,176.2717416799859,182.03652083953313,173.16153073142507,179.183837890625,24728000.0
2023-03-14,185.80045991237515,192.4765240355097,184.79013225971568,192.1793670654297,41642600.0
2023-03-15,191.11952635215644,195.90370710795526,189.0295428142903,195.87399291992188,42123600.0
2023-03-16,196.3791193612989,203.80796752037094,194.22970777429103,202.98583984375,50447100.0
2023-03-17,198.65730939359918,199.9845933501362,193.57597223962446,193.7542724609375,50141100.0
2023-03-20,196.5970373541154,197.46869372524705,191.80295754095243,195.9333953857422,25186300.0
2023-03-21,201.27226874787596,201.61895439545566,196.07207471836767,200.2421417236328,31827000.0
2023-03-22,200.57889601999216,205.40268981865003,197.77574222736249,197.91441345214844,28477800.0
2023-03-23,200.9156843977696,205.90787915450176,200.23222790371437,202.34202575683594,27389700.0
2023-03-24,203.23347532157342,205.61071588518217,201.618949208631,204.05560302734375,27716400.0
2023-03-27,202.86699200948348,203.90703382018634,199.44972472920065,200.91567993164062,18527200.0
2023-03-28,198.251213288919,199.12286975176147,196.02255856245037,198.77618408203125,19127300.0
2023-03-29,201.62884381819555,203.76835573732308,200.61851622626915,203.40187072753906,18851100.0
2023-03-30,201.45056036683914,206.11586863298473,200.89587544563574,205.8682403564453,22608300.0
2023-03-31,205.27395811389536,210.1571808662877,204.80841570733872,209.9293670654297,25440300.0
2023-04-03,206.8587784510358,211.46467401947712,206.22485059107794,211.0486602783203,17924600.0
2023-04-04,211.3655991037935,214.18856760860652,210.52365688613878,212.6829833984375,21026400.0
2023-04-05,212.11839275844684,213.14853493585227,207.948340708809,209.47372436523438,19396600.0
2023-04-06,207.26488994042649,214.88193897105816,206.67057596666902,214.04991149902344,26104400.0
2023-04-10,212.6730936421114,213.6140781496592,208.6615122004268,212.71270751953125,16106100.0
2023-04-11,213.43578481904638,213.97067042272036,211.38543030904896,211.82125854492188,16710100.0
2023-04-12,212.80183023094443,214.78285642586448,210.56327607173571,211.9698028564453,18972200.0
2023-04-13,213.6834014078192,219.0519809623616,213.64378753129026,218.25958251953125,23310400.0
2023-04-14,215.81301034526476,220.002876745345,215.4861391914952,219.38876342773438,21591200.0
2023-04-17,217.70487663152431,218.88358968767463,215.07012316287006,216.78370666503906,15481900.0
2023-04-18,217.8237318595725,218.34870257516053,214.15883654006043,215.82289123535156,12281000.0
2023-04-19,211.44484639890769,215.26822781778745,210.90996082631122,213.6536865234375,15898100.0
2023-04-20,211.4547592142383,214.69374169456987,210.7515032877705,211.0486602783203,16475400.0
2023-04-21,208.21576298804675,211.38540184850598,207.5917349057892,210.87033081054688,17717200.0
2023-04-24,211.65285743008363,211.89058604375018,208.71104707388366,210.77130126953125,15750900.0
2023-04-25,208.82002216725226,209.25583532556473,205.16502565438975,205.58103942871094,19198200.0
2023-04-26,210.4840490269133,212.07877583821966,206.8983961811567,207.4134521484375,41992700.0
2023-04-27,237.61421360809004,239.39714041089053,234.52381722592398,236.2968292236328,71196500.0
2023-04-28,236.74256085137512,238.14908781947963,233.5134931736731,238.04014587402344,39554000.0
2023-05-01,236.35626316778945,241.68522920561682,234.21676606804377,240.8730010986328,29143900.0
2023-05-02,240.87297648072555,242.5964747735725,236.72273914833664,236.97036743164062,24350100.0
2023-05-03,237.1981807524699,239.45654948262515,230.54193130126578,234.7813262939453,34463900.0
2023-05-04,233.8205539721338,235.94025170983895,230.72024268176773,231.30465698242188,17889400.0
2023-05-05,230.03678481002527,232.45362425710945,227.66945893038118,230.5716552734375,27000500.0
2023-05-08,229.22455146200411,233.38470367106154,228.08546738460632,231.0570068359375,16400500.0
2023-05-09,229.26416785025685,233.64223392089175,228.88776803728726,231.15603637695312,16865600.0
2023-05-10,233.92950237387436,234.50400184784013,228.53120841644537,230.8688201904297,19119000.0
2023-05-11,230.839089011673,235.95014041291967,230.09620416081847,233.55308532714844,20449000.0
2023-05-12,234.49408450743593,234.7119986057812,229.25426157090317,231.5918731689453,16161400.0
2023-05-15,234.6723657587002,237.9806759406008,233.0974535307574,236.59396362304688,20653200.0
2023-05-16,233.5530831324823,237.3665647099799,233.28565547078995,236.55435180664062,18163800.0
2023-05-17,236.18790801006693,241.5267744236108,235.8808512862693,240.18959045410156,21193100.0
2023-05-18,239.01081275421058,244.7458769218774,238.90185570924135,244.50816345214844,22943300.0
2023-05-19,245.1223028350806,246.3307301483114,241.10082166096547,243.30966186523438,21733600.0
2023-05-22,243.0818666558983,251.1644586142748,242.79460934204064,245.96426391601562,27738500.0
2023-05-23,244.46857428444022,249.22304093583918,244.31008853611925,244.3992462158203,17748100.0
2023-05-24,242.95307004564268,247.22217940621383,242.62619888462493,246.84579467773438,17724300.0
2023-05-25,250.9960568619732,253.19499753303285,246.80618995696838,250.2928009033203,22371400.0
2023-05-26,250.53045707735257,259.82147427075887,250.31255811248136,259.5540466308594,25727200.0
2023-05-30,262.7335915408227,266.10132992966425,258.8111682516101,260.02947998046875,23816500.0
2023-05-31,257.5333953168798,262.48596061143525,255.99811216679154,262.2086181640625,25473700.0
2023-06-01,263.3774087064437,271.4005702973418,263.3675241312208,270.02374267578125,25609500.0
2023-06-02,270.07328646413066,272.7377689338347,268.54788793363946,270.02374267578125,19416900.0
2023-06-05,267.73565236184436,272.95567522858454,267.0026824133088,268.8153381347656,20742900.0
2023-06-06,267.5772290847876,273.94622119971035,267.13148608899905,268.54791259765625,19419000.0
2023-06-07,269.09272209655296,271.6482327358904,260.30684502086973,261.0992736816406,26163600.0
2023-06-08,258.1475829448044,265.11089054583636,256.4240993987722,262.07000732421875,20899400.0
2023-06-09,259.98989379458584,265.40800175291315,259.21729477256025,262.43646240234375,16949800.0
2023-06-12,264.6354110376893,269.171947954945,262.8128402447696,268.47857666015625,15442500.0
2023-06-13,272.27225707913595,273.1042844903447,266.53717752794984,268.74603271484375,16164000.0
2023-06-14,269.31060381633694,272.3811700449063,265.77446502375466,270.7567443847656,19175100.0
2023-06-15,269.7166923285356,281.2957923401222,268.8450662331816,279.1562805175781,25973500.0
2023-06-16,282.0486223485546,285.11921919058693,277.4724563852191,278.3341979980469,43127700.0
2023-06-20,276.08571934063275,282.0981107121687,273.5995218578343,281.632568359375,20701600.0
2023-06-21,280.8402245162712,281.30576695944643,275.7192576413435,278.9681701660156,20556200.0
2023-06-22,276.43240411858153,282.5537985253659,275.1546638845414,282.1773986816406,17563100.0
2023-06-23,278.8393987823927,286.9219906486609,276.303687243336,285.99090576171875,51092000.0
2023-06-26,285.96114599891996,287.0408016578684,274.9664444688068,275.82818603515625,24232700.0
2023-06-27,279.33461780939916,286.6049805652143,277.98750423234264,284.3267822265625,26108300.0
2023-06-28,282.1179537188452,286.80306142426997,281.36515407566424,282.58349609375,16722100.0
2023-06-29,281.8010174332736,283.8513870995625,278.02716439837025,278.85919189453125,15395700.0
2023-06-30,282.0585363879827,286.30781606923114,281.7217655418178,284.2574768066406,19694900.0
2023-07-03,283.98012096094413,286.65448822329904,282.14766566033023,283.3065490722656,8629300.0
2023-07-05,284.9210824129646,295.2917556059608,283.6433120714384,291.57733154296875,33865500.0
2023-07-06,293.08296585588556,295.2917909504346,288.546398462907,289.2199401855469,47600500.0
2023-07-07,289.40817516418497,293.39005806454645,285.9215791528859,287.7738342285156,25586000.0
2023-07-10,292.74622385457667,295.3017653593224,284.3268599380165,291.30999755859375,37058300.0
2023-07-11,291.1118374118712,297.3322593974168,289.1308109167539,295.460205078125,27585900.0
2023-07-12,298.8873730534734,306.5143371662796,297.2530322373194,306.4053649902344,36677100.0
2023-07-13,310.64476690096654,313.23990683187645,307.346371012215,310.436767578125,30281000.0
2023-07-14,308.83213129456794,311.89281357613527,304.4441346718589,305.9398193359375,23054100.0
2023-07-17,304.622450294575,308.7528735776736,301.8192808976482,307.6732177734375,25323100.0
2023-07-18,307.9307466175745,311.2192576767141,304.70166393183575,309.0896301269531,20731900.0
2023-07-19,310.0603145228861,315.656707492978,307.5741169685938,313.0120544433594,21763700.0
2023-07-20,310.5259012052386,312.54655668172427,299.35291305042153,299.6500549316406,23836900.0
2023-07-21,301.68063423092167,302.56217532359824,288.43747663292555,291.46844482421875,42139300.0
2023-07-24,292.97398967317366,294.6974729481113,285.56494014140014,288.8435363769531,24915700.0
2023-07-25,292.38953164519654,295.4700125315615,289.09110646406873,291.6763610839844,19585600.0
2023-07-26,298.3327194965797,298.9072039415246,289.13084197445914,295.7375793457031,47256900.0
2023-07-27,322.0356546162688,322.2634835399387,306.9006137595752,308.75286865234375,64229200.0
2023-07-28,313.8738229924983,323.10541313417497,311.26876847868454,322.3922424316406,39220300.0
2023-07-31,320.61916124805936,322.5704731028449,314.57702579201833,315.57745361328125,25799600.0
2023-08-01,314.5275623433994,321.06495535004046,311.6748795602786,319.64849853515625,22817900.0
2023-08-02,314.98321285600684,315.36952753218844,307.7029344377785,311.3282165527344,20461100.0
2023-08-03,306.9897889433069,312.9526985325905,306.9897889433069,310.2188720703125,15180200.0
2023-08-04,311.9720477871673,315.3893306240948,307.25722522644406,307.7821960449219,17612800.0
2023-08-07,310.25845861265213,314.06202564992486,307.51471771954186,313.5568542480469,16236500.0
2023-08-08,311.417355003948,314.8742667487999,307.1680447624097,309.674072265625,15183500.0
2023-08-09,309.9117947088459,310.65467965644325,299.97694788543293,302.3145446777344,19955800.0
2023-08-10,305.01858779959167,309.37683912774725,300.98719247412265,302.8394470214844,14358900.0
2023-08-11,299.6995818732655,301.8291791770591,297.51052596850735,298.7784118652344,14046300.0
2023-08-14,298.12468234695706,303.3050471851978,295.42057035149384,303.2852478027344,15641900.0
2023-08-15,303.23573255839176,304.3153883439505,297.1836810480724,299.0854797363281,11623600.0
2023-08-16,297.35207507384723,298.2237012992778,291.4882236227425,291.4981384277344,18547700.0
2023-08-17,290.26982041695067,293.24135939502446,282.24668935859756,282.3853454589844,23950100.0
2023-08-18,276.3828692004736,282.97969007662385,271.7769893291427,280.5628356933594,35347900.0
2023-08-21,280.76098805581677,287.74409425900024,279.17616083700443,287.1497802734375,20181500.0
2023-08-22,289.77460388443,290.1212895252961,284.0296398257357,284.87158203125,12980200.0
2023-08-23,285.76301218379916,294.5785721986234,284.94089966053144,291.44854736328125,18287000.0
2023-08-24,295.66822507637113,296.6191093966774,283.92075164813576,284.0296936035156,18360900.0
2023-08-25,283.4155014413955,285.65407058848444,273.4113136752037,282.7914733886719,23701400.0
2023-08-28,285.2678086138085,288.685091329054,283.08866742900494,287.5063781738281,14239300.0
2023-08-29,285.8423214240037,296.31205450186155,285.4461221404547,295.1630554199219,20844500.0
2023-08-30,294.3508150946284,295.46018502009133,290.6462752451663,292.3004455566406,17717000.0
2023-08-31,292.993835010856,298.2435738699453,292.8551788613167,293.0830078125,17229900.0
2023-09-01,296.5299230469669,298.8774344248062,291.67641455662425,293.56829833984375,12842300.0
2023-09-05,294.2022097056467,298.53077763296955,292.7065553799555,297.3025207519531,14956000.0
2023-09-06,298.8477299151188,300.42264228000386,292.85513713016263,296.33184814453125,15418100.0
2023-09-07,295.1729517016714,304.13708462017706,289.4477862636945,295.83660888671875,33748700.0
2023-09-08,296.38130332585723,302.35409555221355,293.96444916920996,295.0639343261719,17548000.0
2023-09-11,298.5505622887693,306.1081822096508,298.42179074704086,304.6422119140625,19489300.0
2023-09-12,303.42389752430716,305.73181022527893,297.3817911415824,298.7982177734375,13480400.0
2023-09-13,299.4915568567056,304.26583773885517,298.461444892175,302.16595458984375,13210900.0
2023-09-14,303.8299600120974,309.90180977969953,302.13619117869405,308.7627258300781,19343100.0
2023-09-15,308.6537849214161,309.0400995553301,295.91580045562455,297.46099853515625,28131100.0
2023-09-18,295.36112560839774,300.7198055041135,294.97481096128314,299.67974853515625,14234200.0
2023-09-19,299.6104169528462,303.26541275379753,296.9657336438742,302.17584228515625,15924400.0
2023-09-20,302.15599166433145,305.137445596626,296.5893131993745,296.8270568847656,19379500.0
2023-09-21,292.89475480833073,297.4114924198118,290.48778484547785,292.9244689941406,21319600.0
2023-09-22,296.4605898952741,302.4829271039052,295.4403625041758,296.24267578125,25369600.0
2023-09-25,292.8353085025185,298.0949306651933,290.91371066299604,297.9760437011719,18987000.0
2023-09-26,294.8361547804382,297.4510938392562,293.2018140901691,296.1238098144531,19417200.0
2023-09-27,297.59968714880796,298.44159914142534,284.0692739315367,294.9153747558594,36429800.0
2023-09-28,296.1039900746693,303.42386620320735,293.8852503920913,301.07635498046875,22167100.0
2023-09-29,304.46396216982265,307.69304497998434,296.5200267011032,297.3619689941406,25373700.0
2023-10-02,299.86790018031377,304.2657803806441,298.7684452442603,303.9092102050781,16265600.0
2023-10-03,301.3735019450162,303.8596690767924,296.79733661685424,298.0849914550781,17362300.0
2023-10-04,295.8960087559188,303.988484388807,295.6681798457942,302.6809997558594,16880500.0
2023-10-05,301.7400433121273,303.3050408800176,296.6587057199005,301.8985290527344,19130000.0
2023-10-06,298.58029150078266,313.30921745867073,298.0553207313564,312.43756103515625,21803900.0
2023-10-09,309.53535964271543,317.2910643135758,308.8618179548679,315.3397521972656,22503700.0
2023-10-10,316.09254623261626,321.5799974544419,315.1416620885946,318.7867431640625,19038000.0
2023-10-11,319.94565622912586,325.72033448452714,319.88622785949,324.71002197265625,22036300.0
2023-10-12,324.88831419473127,327.40422606729186,319.62869177037254,321.0847473144531,20530500.0
2023-10-13,320.4607225818261,321.9662917082613,309.4065920496677,311.70458984375,21341000.0
2023-10-16,315.61707391483526,318.76689797101363,312.5266479918058,318.1032409667969,16536100.0
2023-10-17,315.16147558308313,321.32246875666357,314.2898191503353,320.92626953125,16387800.0
2023-10-18,318.34100210265814,322.84782436704296,312.566294121495,313.9629211425781,16851000.0
2023-10-19,316.8453422527521,318.83628330064334,308.7924657356501,309.8424072265625,18709200.0
2023-10-20,311.1597692159627,312.3087376985452,303.56252118397265,305.7218322753906,22312300.0
2023-10-23,306.56384258485366,314.34926200984773,304.34510263783415,311.03106689453125,17796800.0
2023-10-24,313.7748127044329,315.32992589339574,307.6831617465476,309.5849304199219,19525500.0
2023-10-25,307.0591214527887,307.9307779888873,296.0049894531203,296.6884460449219,42192500.0
2023-10-26,292.201471469002,292.201471469002,276.7494554067217,285.61456298828125,66684100.0
2023-10-27,291.68632343873867,296.47048865526347,290.19063890851703,293.91497802734375,29596300.0
2023-10-30,296.2525271354828,306.4647136642608,296.2128981519486,299.7886657714844,28435100.0
2023-10-31,300.4325203848506,300.799005388581,294.04369891681733,298.411865234375,19434200.0
2023-11-01,298.9864087498311,309.77308153694946,298.9864087498311,308.89154052734375,20434600.0
2023-11-02,314.2897989524733,315.79539823157603,305.4048951115766,307.9208068847656,21631800.0
2023-11-03,309.58487787137284,312.5564173686942,308.0693939368615,311.6154479980469,16764300.0
2023-11-06,312.9823619745799,315.3100437389214,311.4668780353655,312.8040466308594,12887700.0
2023-11-07,314.05212768606896,317.95475229762457,312.1305295685795,315.7954406738281,14055600.0
2023-11-08,315.1219118176017,318.28162139513483,311.89282882713593,316.746337890625,13609700.0
2023-11-09,316.3896873110975,321.1045088081468,315.77554383710776,317.5089416503906,16103100.0
2023-11-10,316.9048127654654,325.97791779553546,316.4293555216482,325.6510314941406,19096200.0
2023-11-13,323.1054827650028,329.1773045077901,322.61022606562545,326.0671081542969,16908900.0
2023-11-14,331.36627891832995,334.89250332742375,330.16773623809127,333.1194763183594,17179400.0
2023-11-15,334.72406820461396,335.189610547894,326.8891063406788,329.5535888671875,14531200.0
2023-11-16,326.24528156612547,331.4058461421863,323.28365719124406,331.0195617675781,18932600.0
2023-11-17,327.1269200752358,332.3171999029748,326.2255493780863,331.861572265625,14494400.0
2023-11-20,331.71295756214494,338.6267198833228,331.01958627794073,336.7447509765625,16960500.0
2023-11-21,335.1203106996373,336.6754236460935,332.7133709283329,333.78314208984375,12027900.0
2023-11-22,335.9919365414085,339.66676186673806,335.36790845868984,338.25030517578125,10702700.0
2023-11-24,336.90327036431415,338.6168389093447,333.575130186915,335.02130126953125,5467500.0
2023-11-27,332.9906898115843,336.67539978710187,331.0294932012364,331.5247497558594,15684500.0
2023-11-28,330.2371429198549,336.1604236004403,330.2371429198549,335.77410888671875,12637200.0
2023-11-29,336.4674889319936,336.6754882757467,327.64201118163817,329.0485534667969,16024500.0
2023-11-30,328.7414398329136,330.33615157241326,319.34144902768867,324.04638671875,23146400.0
2023-12-01,322.39217603291,323.75905855552435,317.71695355209107,321.7384338378906,15276400.0
2023-12-04,314.2799272235099,317.8160362113912,310.684359636547,316.9840087890625,19037100.0
2023-12-05,315.9539032859979,318.8263854464524,312.3979646168893,315.27044677734375,16952100.0
2023-12-06,318.8758951493905,319.1928666161261,314.0323015033506,314.43841552734375,11294300.0
2023-12-07,314.75539531827485,325.1260706090225,314.75539531827485,323.4917297363281,15905100.0
2023-12-08,320.02490074141053,330.0092905560532,319.93575818228777,329.59326171875,14087400.0
2023-12-11,326.275031733119,326.7604037408782,316.96421399269616,322.1941223144531,25802500.0
2023-12-12,321.5205844460303,331.29694470138276,321.4809554549513,331.04931640625,18485500.0
2023-12-13,330.7619874529635,335.1598674398667,329.48424749113525,331.5643005371094,16353300.0
2023-12-14,330.6827884467792,331.5247305865681,325.52222390985685,330.0092468261719,19607300.0
2023-12-15,328.8404795440418,335.44721612845785,328.0777952344313,331.7427062988281,31776900.0
2023-12-18,334.27845836250503,344.26281969354756,333.8228004544026,341.3507080078125,18993900.0
2023-12-19,342.30151181037013,350.2454464042836,341.84588423756173,347.0361633300781,17729400.0
2023-12-20,345.3424330076955,351.59256909633797,344.4906061358793,345.9664611816406,16369900.0
2023-12-21,349.631440600792,353.0288944031548,345.8971856323,350.73089599609375,15289600.0
2023-12-22,352.2066409856545,353.8112976274182,347.88801830324877,350.0374450683594,11772800.0
2023-12-26,351.6222919010442,353.5934338402026,350.0969232474257,351.46380615234375,9898600.0
2023-12-27,352.69198979976716,355.59418578837534,351.9391902070133,354.4352722167969,13207900.0
2023-12-28,356.2875978197097,358.46670864757215,354.41551342692884,354.9206848144531,11798800.0
2023-12-29,355.5843620184723,356.58479013043086,348.48239854275886,350.6020812988281,14987100.0
2024-01-02,347.9871019247918,349.80964257100067,336.78440013969424,343.00482177734375,19042200.0
2024-01-03,341.7072282507653,344.6490534368862,339.92428649150503,341.2020568847656,15451100.0
2024-01-04,341.2317950845528,344.84716219440776,340.14222452633334,343.8269348144531,12099900.0
2024-01-05,343.69817761155576,350.14642844198295,342.97512229623686,348.61114501953125,13920700.0
2024-01-08,351.3350830812256,355.5744788380945,348.71019862777234,355.25750732421875,13890200.0
2024-01-09,353.0189265845029,357.21872344248277,351.9887843105003,354.0391540527344,13463900.0
2024-01-10,356.75316996886426,369.4020132685552,355.673483927434,366.9554443359375,22117200.0
2024-01-11,368.59967889024267,369.24350641928106,359.48694543472374,366.16302490234375,17205400.0
2024-01-12,366.6483774313238,373.4829126090935,366.0342640709305,370.9372863769531,19310000.0
2024-01-16,370.1052786047655,372.04667615700424,363.7462003164905,363.9739990234375,15306900.0
2024-01-17,362.82493580761343,365.0437057028351,355.207887663619,364.87530517578125,12724800.0
2024-01-18,367.9657714157107,373.27493835408353,367.4309160047918,372.561767578125,16354300.0
2024-01-19,375.40452085135644,380.713657349176,374.38429341542127,379.81231689453125,21670800.0
2024-01-22,384.2695290249299,386.6467541705567,377.5439373158621,378.1580505371094,17680500.0
2024-01-23,380.97120072030714,384.6955402068536,378.45528860579554,381.54571533203125,15506100.0
2024-01-24,386.30012845970674,392.3917782859589,384.130902243188,386.9934997558594,15698500.0
2024-01-25,386.4685271599293,391.73803411902367,382.0013032021332,389.449951171875,15091100.0
2024-01-26,390.6088476761586,393.02570206239767,387.87502184266094,390.4008483886719,13163700.0
2024-01-29,391.24284314914115,399.10752125894237,389.3707887094187,397.21563720703125,18742400.0
2024-01-30,399.76121986923005,402.50493055873574,395.7793676762908,396.26470947265625,18614700.0
2024-01-31,385.3096431913748,394.2242621855197,383.4276741160016,386.4388427734375,20180800.0
2024-02-01,390.202793052028,396.70055756924916,389.32122174795825,391.0348205566406,29727100.0
2024-02-02,455.2399032679539,481.34981845992024,448.71242446996234,470.48388671875,84707600.0
2024-02-05,465.4222780967846,467.4231035813849,454.8634053263283,455.0516052246094,40832400.0
2024-02-06,459.5981196307582,462.68851594350934,448.7024745533049,450.4061584472656,21655200.0
2024-02-07,453.65502691303504,467.0467539432998,451.8522857085582,465.13507080078125,23066000.0
2024-02-08,463.87720464502877,466.12565899626054,460.61840736281044,465.541259765625,18815100.0
2024-02-09,468.46320816531784,469.0971208651362,463.0351852005723,463.6690979003906,18413100.0
2024-02-12,463.74837373627713,474.6043898556988,462.15363177871683,464.4516296386719,19382000.0
2024-02-13,452.5357758409982,463.4512510126125,450.77266349570505,455.75494384765625,20916600.0
2024-02-14,463.4908181010599,469.61218220678217,461.668277504602,468.7900695800781,16858400.0
2024-02-15,470.77105978662837,483.98450076808814,467.74009215217376,479.43804931640625,24212300.0
2024-02-16,473.5741866930007,474.41612884332096,464.7586264657843,468.82965087890625,23324600.0
2024-02-20,465.26388698857164,471.66259414707395,462.13386147781995,467.2746276855469,18015500.0
2024-02-21,462.56466468971513,465.0435750042367,457.8944061299946,464.0817565917969,12921800.0
2024-02-22,476.1887559057501,485.85650633156365,472.04402503691097,482.0290832519531,21625800.0
2024-02-23,483.9328234211238,490.18959016774244,478.2809264814278,479.9467468261719,18374300.0
2024-02-26,479.39150323604184,482.0389927339429,476.54571907149233,477.67608642578125,12101400.0
2024-02-27,475.93094897037633,483.1594294927157,475.8714575450173,482.9412841796875,10809600.0
2024-02-28,480.9085722921796,486.907522790946,478.6775531423705,479.93682861328125,12715500.0
2024-02-29,484.3195546013671,487.552063138325,478.5387191534961,485.99530029296875,17732000.0
2024-03-01,487.9586415363697,499.99624539001076,487.70085542253184,498.06268310546875,16273600.0
2024-03-04,498.7567562385564,500.1647906143656,492.23227759267877,493.9873352050781,12324100.0
2024-03-05,490.82420867793127,491.3993025170749,483.774202750876,486.08453369140625,15325300.0
2024-03-06,493.4320464792398,498.7269951265134,490.12022602615707,491.905029296875,11757900.0
2024-03-07,499.03439218279726,515.464586754887,497.15042639519817,507.8692321777344,18586400.0
2024-03-08,509.85236353130205,519.1532399324959,495.1375554414042,501.681884765625,18597100.0
2024-03-11,492.8173020983641,493.1246845604503,471.98452986780427,479.510498046875,20428300.0
2024-03-12,489.0989682140232,498.0726121426963,480.6409267770064,495.5342102050781,15448200.0
2024-03-13,491.2109605365192,496.75380029779205,486.8877252679301,491.3894348144531,12090700.0
2024-03-14,496.0398777918056,497.1206790545212,484.0419458530124,487.68096923828125,12620000.0
2024-03-15,484.88478837848186,487.6809762474695,477.23980709395425,480.0162048339844,29153600.0
2024-03-18,487.7602691724572,493.22379670069625,482.7032865306879,492.7875061035156,11755300.0
2024-03-19,484.05190249857895,492.4405270480434,477.2200107250525,492.0538024902344,10903100.0
2024-03-20,495.2862577806937,503.91287737762434,490.9927986303071,501.2554626464844,11711100.0
2024-03-21,510.3679755607639,510.6951481365173,501.7413558566456,503.4765930175781,9712500.0
2024-03-22,502.7230277884361,505.6679745462413,500.0854634986058,505.28125,8120600.0
2024-03-25,501.5232328338281,502.9411622859138,496.02003372279785,498.7765808105469,8380600.0
2024-03-26,500.86879957486735,505.69771210174656,491.03246997795776,491.7067565917969,11205400.0
2024-03-27,495.08795895460764,495.6730084213494,483.95271311983527,489.69384765625,9989700.0
2024-03-28,488.6824070325279,488.7320033895107,481.0572773127883,481.483642578125,15212800.0
2024-04-01,483.09006246690836,493.2337442810698,477.715771498576,487.2050476074219,9247000.0
2024-04-02,481.00777417070816,493.332909265965,480.56155820012424,493.17425537109375,11081000.0
2024-04-03,494.7210362407457,502.96093094280087,494.5425619770506,502.46514892578125,12099200.0
2024-04-04,512.0635580942514,525.529016635998,506.2728269006487,506.6099853515625,26476300.0
2024-04-05,512.4998457681293,526.2231206005386,510.0705014315204,522.8914794921875,19263300.0
2024-04-08,524.815045299126,527.0063630993916,514.5126803759262,514.86962890625,13260600.0
2024-04-09,517.824544305965,521.43385245963,502.4652247831383,512.53955078125,10863800.0
2024-04-10,504.9936097019228,518.1516523500891,501.533030959177,515.4447021484375,11418500.0
2024-04-11,516.7140095804983,519.4408111507805,512.9262270458913,518.7467041015625,10369500.0
2024-04-12,513.3823520372883,515.8017710471306,505.03336836231813,507.5816955566406,11984500.0
2024-04-15,512.3609842707413,514.1557734317244,493.08500557083784,496.0101318359375,13512900.0
2024-04-16,493.90796246555647,500.51178277733743,492.9163983994056,495.5440673828125,9847900.0
2024-04-17,498.85591149070433,498.915402916696,483.0305567140863,490.0012512207031,12193700.0
2024-04-18,495.60358641978974,507.8890804087812,494.8301676155044,497.5668640136719,14808700.0
2024-04-19,498.5583859169193,498.5583859169193,471.71677042132734,477.01171875,25215400.0
2024-04-22,485.58881746124194,487.85950793443664,469.4064825805502,477.6662292480469,17271100.0
2024-04-23,487.1059160948081,494.5525729635424,484.84515091601025,491.9150085449219,15079200.0
2024-04-24,503.7740230079072,505.69765966351633,480.49208848896643,489.33685302734375,37772700.0
2024-04-25,417.84509411294425,442.00950571892685,411.0033080645005,437.65655517578125,82890700.0
2024-04-26,437.73589675242187,442.67389706305494,428.31603742283374,439.55047607421875,32691400.0
2024-04-29,435.8519163054503,436.05024123083757,424.9447111321204,428.970458984375,21502600.0
2024-04-30,427.41368867556076,435.9114001850208,426.094921750983,426.5411376953125,18429500.0
2024-05-01,424.9844158145951,446.16421228489577,423.5069646018028,435.4850769042969,20344900.0
2024-05-02,435.1379716896752,440.21477487294436,428.63331382859496,437.9540100097656,15221300.0
2024-05-03,442.1681779544759,450.33868682815734,440.1057379124643,448.1473083496094,16489100.0
2024-05-06,451.73678292958675,462.22754860054084,449.5156889129606,461.7515869140625,15094600.0
2024-05-07,462.35650691306915,467.55229394823317,457.41850600841207,464.2900390625,13406800.0
2024-05-08,459.58995052807484,471.56803128563115,459.0941684886702,468.6131896972656,11683900.0
2024-05-09,466.0351330222178,472.0638295136627,463.6851309164721,471.409423828125,9437700.0
2024-05-10,473.06530711359864,473.47185202089554,465.63850177770763,472.1828308105469,10750000.0
2024-05-13,468.761985930002,469.3569305152037,458.945506184659,464.0619812011719,14668800.0
2024-05-14,459.46103273015086,468.5536884567925,456.19877850637766,467.8695068359375,10478600.0
2024-05-15,470.9731552567984,478.4297068407501,467.2250439452183,477.4778137207031,13100500.0
2024-05-16,470.99297269630273,473.66028268880433,468.76195335195183,469.2379150390625,16608200.0
2024-05-17,466.85817083953674,468.8115535735992,464.468527685711,467.9290771484375,10807300.0
2024-05-20,465.9856007107736,469.2081843110967,463.1001453020371,464.88494873046875,11745100.0
2024-05-21,463.17946491456047,466.72928170123606,458.37037248576144,460.7104797363281,11742200.0
2024-05-22,463.92312996761706,469.72378649655917,461.72185626853627,463.8338928222656,10078600.0
2024-05-23,468.8907879236737,470.3582832733149,457.6464558245764,461.8506774902344,11747900.0
2024-05-24,463.6752352138894,475.8020759819644,462.36636323892645,474.1858215332031,12024300.0
2024-05-28,472.5596395169396,476.80353296035594,470.83432754185407,475.8714904785156,10175800.0
2024-05-29,470.6557942549928,475.8020140805509,469.70390124255897,470.3583068847656,9226200.0
2024-05-30,467.6910675787074,467.7505590058323,460.78975943086266,463.1100158691406,10719600.0
2024-05-31,461.87050546187555,465.1625052496806,450.6261731781115,462.8918151855469,16919800.0
2024-06-03,466.8878996805303,475.5541912724924,464.2900063460105,473.46197509765625,11279400.0
2024-06-04,472.97611184843925,474.85018266553476,469.23792579938714,472.9661865234375,7088700.0
2024-06-05,480.363187571929,492.4602501067534,479.82773454392105,490.8836669921875,15690500.0
2024-06-06,488.82136867120744,498.57835753569253,486.7490029613656,489.59478759765625,10667300.0
2024-06-07,491.7265789696624,494.7012714058208,486.0350104583895,488.80145263671875,9380700.0
2024-06-10,489.6938468637623,498.41962936646013,489.24766116121003,498.3601379394531,11220900.0
2024-06-11,495.94072493862217,503.31796457657777,494.06665418520794,503.1890563964844,9673700.0
2024-06-12,509.65397288652093,509.67382353309137,500.21429445923974,504.54742431640625,11983200.0
2024-06-13,501.4438768343439,505.0630797783249,497.1305669103621,499.84747314453125,9954600.0
2024-06-14,498.9045621902086,503.3710310196468,497.01872585359297,500.4033203125,10243300.0
2024-06-17,497.931886688797,506.94421496041383,492.31405778392946,502.85491943359375,11266600.0
2024-06-18,500.8003564878036,502.22962900145706,491.3314336573948,495.76812744140625,13060400.0
2024-06-20,498.259391865037,499.91696133696803,493.06835183815394,497.9616394042969,11801200.0
2024-06-21,499.6986415235137,499.6986415235137,488.72105562366477,491.0932312011719,22359200.0
2024-06-24,495.4802914334782,504.0161854748307,490.6068739936716,495.19244384765625,13525300.0
2024-06-25,493.346237261071,506.9044538855146,491.80779914771927,506.7952880859375,12063200.0
2024-06-26,502.87471843803064,509.9813697140083,500.9193965765523,509.2965087890625,8882300.0
2024-06-27,510.41810706315476,518.983806151596,510.0707392924352,515.6885375976562,10121200.0
2024-06-28,513.296567923661,517.9913037379077,500.085717284705,500.462890625,15855100.0
2024-07-01,501.1874411086425,502.8052699262197,489.495219499114,500.91943359375,10328200.0
2024-07-02,497.0286864794213,506.6961009256739,495.72845013238583,505.70355224609375,7739500.0
2024-07-03,502.59678863192033,507.4702054941814,502.2493905922956,506.1600341796875,6005600.0
2024-07-05,507.7878251400153,536.839709201403,507.7878251400153,535.8868408203125,21354100.0
2024-07-08,538.3086692589983,538.7652633902379,522.7257058530672,525.3757934570312,14917500.0
2024-07-09,529.7728386645047,533.4750257204164,524.2542706278135,526.05078125,8753200.0
2024-07-10,526.8348467952301,534.8645915820666,524.4229609796452,530.705810546875,10983300.0
2024-07-11,526.9341618869837,531.4701164402055,504.58194713448745,508.87969970703125,16458300.0
2024-07-12,494.0509955659597,504.3040091670601,490.54730025689014,495.1527099609375,19750500.0
2024-07-15,494.91448674725234,502.9044904330817,489.6936716981226,492.462890625,12539200.0
2024-07-16,497.7631475779309,500.1949038845635,482.1702167801202,486.1404113769531,14075800.0
2024-07-17,475.5995554100859,475.5995554100859,455.6989365749335,458.54754638671875,28076600.0
2024-07-18,471.4605574176505,475.66895354258486,461.07850815029263,472.3042297363281,19267200.0
2024-07-19,472.51270275883394,483.0833397083784,472.1653046770745,473.2372741699219,15149400.0
2024-07-22,482.95432180955487,488.39349946265787,480.2942986254853,483.7682189941406,12023100.0
2024-07-23,486.190008830993,491.5299252139767,484.08581061840755,485.048583984375,9455500.0
2024-07-24,468.7906621093542,472.7509216284224,457.14805525103003,457.8329162597656,17649700.0
2024-07-25,459.80813573615626,460.0959530597902,439.3516905984103,450.0315246582031,18240500.0
2024-07-26,460.7410356167679,466.2695078588332,455.9966548974544,462.2298583984375,14222400.0
2024-07-29,466.378717391361,470.42830214656203,461.5549156888034,462.2397766113281,11339600.0
2024-07-30,463.5201633832549,469.20747736306356,453.29692564312126,459.7385559082031,11390400.0
2024-07-31,467.51032266540363,472.94950096820355,463.27215021386985,471.29193115234375,24285800.0
2024-08-01,517.1178818271846,523.2418904517718,488.43322994893407,494.03118896484375,43083100.0
2024-08-02,485.3562933703574,497.4157534972901,472.6020370673127,484.5027160644531,24044700.0
2024-08-05,447.986839705261,479.877432709628,447.44091977308,472.1851806640625,21396200.0
2024-08-06,475.4308003148297,498.81524393632793,475.08340223151134,490.4083557128906,20955000.0
2024-08-07,499.38099343504456,506.3486738626253,483.2322079563975,485.2768859863281,20105300.0
2024-08-08,493.7929306324072,506.1600777605636,491.0336467240987,505.8325500488281,16156800.0
2024-08-09,503.92691898101947,514.4777473636277,501.93191658451127,513.9119873046875,13696600.0
2024-08-12,513.0087224748454,514.1601129276078,505.3065649209693,512.1055297851562,9767400.0
2024-08-13,516.1351552948641,527.539527869593,514.2890296237302,524.6015625,13743800.0
2024-08-14,524.1252009407872,530.0209419315548,519.231943709077,522.8348999023438,11444200.0
2024-08-15,527.8274136979614,535.7479929533919,522.7753751004825,533.326171875,13482100.0
2024-08-16,527.9366493658493,529.6834840963852,520.7505462768639,523.489990234375,14776700.0
2024-08-19,522.9441662122896,527.6984530171916,518.864805302129,525.3362426757812,9879700.0
2024-08-20,524.4130998854604,527.1327343067669,521.9615335886784,522.80517578125,7944400.0
2024-08-21,523.2220385463697,535.3807593570484,523.0036463443084,531.1723022460938,13423300.0
2024-08-22,532.998659918411,540.1747677416513,524.651351881195,527.9664306640625,15708300.0
2024-08-23,532.919128531442,535.8471587492915,521.1475177530665,524.0656127929688,11323900.0
2024-08-26,523.6685724347711,524.0656160730285,511.11287006456706,517.2368774414062,9584000.0
2024-08-27,515.1128326129023,520.10538095147,511.4701963578698,515.23193359375,6282700.0
2024-08-28,513.8126435479745,517.2072035545497,508.63156866482615,512.9293212890625,9106100.0
2024-08-29,515.182413963802,523.2717104675047,511.8375295396617,514.3585815429688,8317400.0
2024-08-30,517.4650951669857,519.638778632655,511.3609587247378,517.4254150390625,9157500.0
2024-09-03,515.7679426882084,521.5743274693662,504.8300382894065,507.9466552734375,12459100.0
2024-09-04,502.29902994766616,512.7406596216255,500.3139329346916,508.9193115234375,8335200.0
2024-09-05,507.9069828183979,517.7431433118987,507.34122283337155,513.0086669921875,8640900.0
2024-09-06,517.9912255587304,520.6711186741176,494.5372992256927,496.542236328125,14744500.0
2024-09-09,502.3884428492591,507.5199025556735,498.3388272776319,501.0286560058594,11047800.0
2024-09-10,504.3735402066735,510.3486723480254,496.3041146023549,501.0286560058594,9899000.0
2024-09-11,503.2320824996693,509.29653999219613,491.9070991785975,508.0161437988281,10782500.0
2024-09-12,513.1971940506171,522.7852465648621,511.38081331810554,521.6834716796875,11970500.0
2024-09-13,516.4627996748932,523.6488423260053,513.256826288116,520.7108764648438,10321400.0
2024-09-16,521.1281382181504,530.6259533280987,514.0346260182868,529.8113403320312,9527600.0
2024-09-17,534.1031245656153,538.5738540479329,527.1188831506324,532.8314819335938,11690800.0
2024-09-18,533.576646824704,540.6602747416101,530.4272830013175,534.450927734375,10323500.0
2024-09-19,546.4224729031623,558.4139697214512,542.9651282970003,555.4632568359375,15647000.0
2024-09-20,556.3574747764472,560.8282044844723,552.6815293333295,557.6986694335938,22066800.0
2024-09-23,565.79568831657,570.2465287607513,558.7517785275044,560.73876953125,12830700.0
2024-09-24,562.9940181626635,564.0570656157435,550.5852691689676,559.6658325195312,12993000.0
2024-09-25,560.3810423744214,573.127604746704,560.0531719288753,564.6133422851562,16543400.0
2024-09-26,571.985117409489,573.6442984744751,558.692143405245,564.146484375,14400800.0
2024-09-27,566.3917847848174,567.1270224226568,560.8381786570521,563.6696166992188,9398400.0
2024-09-30,564.0073938800123,570.941972898618,561.1262327442129,568.716552734375,12792300.0
2024-10-01,574.2205248608127,579.2476097981382,566.3917752628688,572.7203369140625,15259300.0
2024-10-02,571.1207599191655,572.2533592458284,565.6367064603336,569.0841064453125,6524700.0
2024-10-03,566.4414622307997,579.5654984827303,565.0306550145035,578.9793701171875,11581000.0
2024-10-04,579.9330588287207,592.9677138142647,577.6480315032886,592.0636596679688,14169500.0
2024-10-07,594.3288394544564,599.0281143286868,580.2410807650159,580.976318359375,12014200.0
2024-10-08,585.8542501548128,589.6990721427995,582.158416080028,589.033447265625,7857400.0
2024-10-09,590.1262897055611,590.5237120984355,577.8268124952664,586.6689453125,9529700.0
2024-10-10,583.7481340170177,586.3908052566998,578.7309940775933,580.032470703125,7740400.0
2024-10-11,581.0259788888972,587.3644849060782,578.9197733211103,586.1126708984375,8587100.0
2024-10-14,590.3548605756521,596.1966189040863,586.1226207270662,586.57958984375,8252000.0
2024-10-15,586.3211938265786,586.7682788653303,576.366411572846,582.45654296875,9564200.0
2024-10-16,577.6183295542279,578.2938992429113,570.2962722964854,573.0382690429688,11268400.0
2024-10-17,579.53582551599,581.1651122717486,571.4587011555543,573.1774291992188,8701200.0
2024-10-18,577.3202260516767,580.171553360977,571.5083014783453,572.7203369140625,7694300.0
2024-10-21,572.2832200812247,573.4853107818262,565.4081878247276,571.4188232421875,8171900.0
2024-10-22,570.5544876920058,579.7344367073867,568.3986195156929,578.2243041992188,8544500.0
2024-10-23,576.197574254934,581.1948858843222,558.8412364272328,560.0234985351562,14248400.0
2024-10-24,563.441056755549,565.1796737231452,557.8675620582958,564.0868530273438,7184700.0
2024-10-25,570.1968098323885,577.5089214512785,568.0011631602342,569.521240234375,11337900.0
2024-10-28,578.2143411299127,579.9529581350283,570.3855922786825,574.3992919921875,10925100.0
2024-10-29,576.3764798430535,589.8084987307076,571.6573758802128,589.4210815429688,13019100.0
2024-10-30,597.070965919608,597.2895664833175,585.546441221901,587.95068359375,26864900.0
2024-10-31,581.1948579404038,586.0630100655928,559.3479019568509,563.88818359375,26838400.0
2024-11-01,563.9179102535862,569.9384899607375,558.9007706039847,563.4708251953125,15303200.0
2024-11-04,560.4306960625767,564.9908663460168,554.2611288203346,557.032958984375,12064600.0
2024-11-05,563.6099673972353,569.7497621186542,562.9840604007563,568.7066040039062,9775400.0
2024-11-06,559.0896053301655,569.2729344365789,551.5588922903491,568.3291015625,18305400.0
2024-11-07,573.1375924498267,590.9310688981116,571.4685274060897,587.8512573242188,14653700.0
2024-11-08,587.6922331143957,589.2420834760235,580.7179368061435,585.506591796875,9415700.0
2024-11-11,582.5459618099937,583.1818134340144,572.7600561464711,579.376708984375,10209100.0
2024-11-12,584.7117650187471,595.7594290937752,576.6048691782358,581.0159912109375,16287700.0
2024-11-13,578.8204258154949,581.8307464278207,571.4288165237241,576.2274169921875,10757600.0
2024-11-14,573.2468901583926,576.9824428535567,569.2828529077551,573.4058227539062,11053700.0
2024-11-15,567.5044802644791,568.8457355956763,547.9127777703728,550.4760131835938,17712900.0
2024-11-18,553.4166660972182,556.2581090791501,546.5119214490906,550.7938842773438,14327300.0
2024-11-19,548.2703647450397,557.7781231358199,547.0185508210035,557.4403686523438,9522400.0
2024-11-20,559.2683729001642,562.6661102785154,550.595177235104,561.841552734375,9797300.0
2024-11-21,565.8155982322771,566.2924566863295,545.4787130366308,559.4274291992188,11154700.0
2024-11-22,559.8844629759321,560.1626708650182,550.9827807357749,555.503173828125,9164000.0
2024-11-25,558.4437730688312,568.8655913664321,552.7709528081841,561.4342041015625,13599800.0
2024-11-26,562.3183927344387,573.7435897599618,561.5236085472491,569.809326171875,10356600.0
2024-11-27,571.1506727838479,571.2400534262138,560.43081696294,565.4976806640625,7200200.0
2024-11-29,565.2988867077967,574.6973750898246,563.2125706078951,570.5842895507812,7130500.0
2024-12-02,573.7436354149476,590.6330584488074,571.8261964294463,588.9739379882812,12522400.0
2024-12-03,591.1297938679786,610.2049186716846,587.4041859234326,609.6585083007812,14907200.0
2024-12-04,608.9729851561366,613.7616404411217,601.1640649329522,609.7876586914062,14697000.0
2024-12-05,613.0661894209172,615.8678538672092,603.1014009485657,604.9691772460938,8081200.0
2024-12-06,606.1316400708595,625.6935708205644,604.5719053436146,619.7127685546875,16935500.0
2024-12-09,619.8616946855406,622.3256047567189,602.2271495803348,609.5790405273438,11426000.0
2024-12-10,613.5431250969708,621.5209236734686,608.754469147132,615.2916870117188,10938900.0
2024-12-11,619.3152570040297,634.2475228007214,617.4872593239821,628.564697265625,10837200.0
2024-12-12,627.392354257623,632.518763915665,623.1302807591452,626.6869506835938,7474700.0
2024-12-13,623.1401892861142,626.9751278219147,612.8774249101342,616.3148803710938,8453300.0
2024-12-16,626.3870017566752,627.550372564558,615.0520560402483,620.6797485351562,10885600.0
2024-12-17,622.5988247624721,628.7634772034443,613.0237415005263,615.9072265625,12897800.0
2024-12-18,617.458323440846,623.78203663293,592.9190852764012,593.7841186523438,17075500.0
2024-12-19,606.9089504961745,608.032510942815,591.6067053508576,592.1734619140625,14958100.0
2024-12-20,587.2118506480338,599.6703586208927,576.6921729829667,581.9122314453125,48989400.0
2024-12-23,586.2374721206529,597.6619953392855,582.906601529598,596.4290161132812,10205800.0
2024-12-24,599.2826535850089,604.5226181500589,595.8623301938501,604.2839965820312,4726100.0
2024-12-26,602.0268537854263,602.8421845071757,595.5241740559009,599.9089965820312,6081400.0
2024-12-27,595.9914781565597,598.4175650201639,586.4362995119768,596.3892211914062,8084200.0
2024-12-30,585.3922526209689,593.5355460021086,582.2403486947754,587.8680419921875,7025900.0
2024-12-31,588.8922329910956,590.5824891387454,580.5202095603594,582.1707763671875,6019500.0
2025-01-02,586.3567230754558,601.4600950104973,584.467595428158,595.8224487304688,12682300.0
2025-01-03,601.310965103985,606.0239224033938,593.0085500993464,601.1817016601562,11436800.0
2025-01-06,608.3406674545436,627.3913686715185,602.1660620801258,626.6058959960938,14560800.0
2025-01-07,628.097263397103,628.4949456812498,604.7610873296783,614.3660278320312,12071500.0
2025-01-08,609.9017687218794,612.9244095793259,599.3522320412079,607.2369995117188,10085800.0
2025-01-10,606.5508887308883,626.3174527189176,593.9332602713454,612.3475952148438,19256600.0
2025-01-13,603.6376302707936,605.4969606390209,595.0369984046291,604.8606567382812,10785000.0
2025-01-14,601.619200037685,602.0367877207286,585.1933967179181,590.8609008789062,13598000.0
2025-01-15,606.7299597252418,618.910097282811,603.0410962176045,613.6005249023438,15524300.0
2025-01-16,608.0125311778029,612.7354412728062,606.2327616419763,607.8136596679688,8355300.0
2025-01-17,620.4909670416874,621.4057031954426,600.2271914060634,609.2753295898438,17280600.0
2025-01-21,614.3064567694454,617.9555093172025,605.5367510281436,612.9442749023438,11674000.0
2025-01-22,619.7452202875946,630.0859318995294,615.897296296924,619.944091796875,12274000.0
2025-01-23,623.7820662654243,632.9693595822604,617.6075215774163,632.8202514648438,9910200.0
2025-01-24,632.7705834013218,648.281591059828,630.5831180425407,643.7973022460938,19065300.0
2025-01-27,623.0363611550106,660.0838730741682,621.5349631376207,656.1166381835938,28399200.0
2025-01-28,662.2018029505741,678.6872642266189,655.709014401459,670.4843139648438,20950100.0
2025-01-29,671.1503434079071,677.1658269410399,661.8735372244253,672.6318359375,21377800.0
2025-01-30,692.8459111464791,706.7362084668212,672.244049664603,683.0819091796875,29322900.0
2025-01-31,687.0591393102349,701.2775724581132,681.6700672504257,685.24951171875,19303900.0
2025-02-03,672.0552133808774,699.9850409352784,671.3990041073107,693.4823608398438,21415700.0
2025-02-04,698.493525085138,703.6738334316884,687.6656180103822,700.1738891601562,13826300.0
2025-02-05,699.537557457663,714.0443756323507,695.023471471929,700.8500366210938,17778200.0
2025-02-06,701.8543643488606,714.8001305820779,699.4879326570451,707.9295043945312,13080700.0
2025-02-07,712.7119725933773,720.8751716095816,707.6907856196146,710.4450073242188,16427100.0
2025-02-10,714.46201254255,717.0869710502225,707.2732650282198,713.3086547851562,12904300.0
2025-02-11,709.2519213485424,719.5329180252578,705.9905981597891,715.6949462890625,12998000.0
2025-02-12,711.2205731043938,722.9532645960217,708.5359592891488,721.2431030273438,12016500.0
2025-02-13,717.4050792825848,724.8424002660025,713.9448849935358,724.4049072265625,12569100.0
2025-02-14,721.9987138789817,736.6844367741571,721.4816601081104,732.4686279296875,16901200.0
2025-02-18,731.8024756909897,732.7967725329612,702.4110634697961,712.284423828125,21938700.0
2025-02-19,700.0844830018293,702.9679685337271,691.4241951004963,699.7564086914062,17535500.0
2025-02-20,693.3034063210538,701.6057615774716,689.6841508587038,690.8773193359375,12587400.0
2025-02-21,692.6073286354539,699.8557309488359,678.4683956288643,679.651611328125,15660400.0
2025-02-24,682.3660927463782,683.3504369488164,658.6719810754673,664.319580078125,15677000.0
2025-02-25,662.1718483496754,664.1903000980276,638.1993657059429,653.7501831054688,20579700.0
2025-02-26,655.8879894912211,679.1147510461686,654.2473752935454,669.8578491210938,14488700.0
2025-02-27,678.5579109809865,684.7225637116007,653.8198000036269,654.4859619140625,12500000.0
2025-02-28,654.2870702842284,665.8109973539985,638.9351246579868,664.38916015625,17534200.0
2025-03-03,669.8379661322937,677.3648013727483,647.1282576387357,651.314208984375,10843800.0
2025-03-04,641.8285608669278,646.0443697452546,620.0932465782156,636.3499755859375,21495200.0
2025-03-05,637.3442702985346,655.7387617190071,634.0232921722067,652.7260131835938,13770000.0
2025-03-06,644.3043610495913,646.849758566996,620.5505946552596,624.3488159179688,13446500.0
2025-03-07,621.803350595964,631.1696089419441,597.1845534786361,622.0916748046875,21375700.0
2025-03-10,604.6021195261419,606.6304633422532,583.5230132390974,594.57958984375,21999900.0
2025-03-11,591.6563759772822,611.4230037979147,589.9462143877115,602.255615234375,17401500.0
2025-03-12,626.3076684168919,629.7180996475525,605.8748176968612,616.026611328125,15747000.0
2025-03-13,616.7126625470211,616.9612367761815,583.1650942894606,587.2715454101562,16480300.0
2025-03-14,599.8953822688998,605.926179590697,591.914068126194,604.6722412109375,12364500.0
2025-03-17,604.5330139333223,610.145791783639,595.1185744835724,601.9853515625,15473900.0
2025-03-18,597.1587204090904,597.3577688817956,571.8910444369675,579.553955078125,20297700.0
2025-03-19,581.4646990631072,589.4659367740201,572.0005129037568,581.2457275390625,20537500.0
2025-03-20,579.952013079878,607.2597973961192,576.7176730240673,583.1763916015625,24336500.0
2025-03-21,580.6087578221687,594.6607153580624,578.1506887401925,593.376953125,25015900.0
2025-03-24,612.0067329441661,619.5402641270977,609.2501215154047,615.8680419921875,15741300.0
2025-03-25,623.7399580748611,630.8256453980655,618.1868283737851,623.2921142578125,15312500.0
2025-03-26,621.8789578468637,623.729980786782,603.6870115810134,608.0359497070312,12609800.0
2025-03-27,599.0992913670475,611.2902653192839,597.2084221310924,599.676513671875,10436500.0
2025-03-28,597.4174350028129,598.8504988672187,571.1545792698175,573.9609985351562,17602800.0
2025-03-31,560.7848045267424,575.9115762646734,550.6339405485874,573.5828247070312,21124700.0
2025-04-01,568.0894659442173,587.0675247580245,567.2534867114175,583.1763916015625,12836600.0
2025-04-02,572.1397763325173,589.8042481703526,570.5972571371435,581.1163330078125,13470800.0
2025-04-03,543.588036975163,549.8975147269518,527.74476370987,529.0584106445312,34777500.0
2025-04-04,504.17882025902844,515.5039899950378,491.8186836840174,502.2979431152344,38589800.0
2025-04-07,482.7624960602015,536.7709789044776,479.5779034791825,513.7623901367188,36606100.0
2025-04-08,540.6323266100003,544.7921778120626,500.4369329768723,507.9903869628906,28034200.0
2025-04-09,506.8160916317589,585.057289769847,499.69058816526285,582.947509765625,39216600.0
2025-04-10,572.717028666801,578.4990311252001,532.7206791716873,543.65771484375,28173500.0
2025-04-11,532.929645345754,544.7623677490587,526.0430064952079,540.9508056640625,17642300.0
2025-04-14,553.490102125213,555.0824290396921,525.7345350359763,528.9190673828125,14130900.0
2025-04-15,529.5460805193426,535.348006407367,515.0064915389678,519.0071411132812,15558700.0
2025-04-16,506.05972448726374,510.89629171463736,493.24178266268706,499.88958740234375,18735100.0
2025-04-17,502.8154217219696,504.85553152235843,495.6103178269469,499.0635986328125,14593500.0
2025-04-21,488.9624892710341,491.12204638412413,477.48804834845106,482.32464599609375,16166000.0
2025-04-22,489.4999049556232,504.43758854395816,484.0164453354945,497.869384765625,17399400.0
2025-04-23,525.9832078416969,532.7603901449021,514.0310705693126,517.7630004882812,18173900.0
2025-04-24,516.2305527386591,531.327501952741,515.0064987584616,530.5811157226562,13910000.0
2025-04-25,544.1652287179842,547.2104816596852,533.6660761055184,544.6329956054688,17098900.0
2025-04-28,552.9625978702912,555.7988405135861,537.9851302140396,547.0910034179688,15179000.0
2025-04-29,543.3690983377817,553.8881740688888,541.4981522607771,551.7684326171875,11835000.0
2025-04-30,535.8057750755402,546.454169152335,526.9486349137103,546.3546752929688,29244000.0
2025-05-01,589.2270079320605,590.0928108725743,567.7509767640606,569.4527587890625,31159000.0
2025-05-02,580.6485914612911,601.4279850243998,575.5433057566704,594.1432495117188,24739300.0
2025-05-05,588.3711864956578,600.3034638901578,585.2164780987113,596.3824462890625,13887700.0
2025-05-06,589.6749204940905,593.1580557272168,583.7535784495642,584.4800415039062,10600700.0
2025-05-07,587.5153323507782,600.1740725426264,583.8431102074584,593.9342651367188,13139100.0
2025-05-08,603.3686118483918,608.3544812296859,593.7452230797331,595.1285400390625,14622800.0
2025-05-09,600.8109394870412,604.0452793268493,588.8588608245773,589.6350708007812,10427300.0
2025-05-12,627.8798729663799,637.304273026421,618.0375744395401,636.348876953125,21965100.0
2025-05-13,642.4293923602365,657.735287467703,639.7324895847986,652.868896484375,18570800.0
2025-05-14,658.0239223471476,659.4768483323002,651.1571463178209,656.1828002929688,12348200.0
2025-05-15,651.1273776640966,654.1427460084102,635.5030160453498,640.7774658203125,14341800.0
2025-05-16,634.8859798905997,637.3540104501689,623.1328893923761,637.2545166015625,18519000.0
2025-05-19,625.222752281206,639.9016788170561,624.7749084759689,637.3440551757812,9592400.0
2025-05-20,632.9453765445664,636.2692486398543,629.2134460315281,634.0300903320312,6743500.0
2025-05-21,628.7456601662759,643.4942563973034,627.1334710926182,632.4378051757812,11464600.0
2025-05-22,630.9947479726117,640.150428905794,627.6708761460998,633.5026245117188,8228400.0
2025-05-23,620.9932602026271,629.4025560827494,619.6497894649584,624.0385131835938,8454100.0
2025-05-27,632.3481771649191,639.981262122007,629.7010214066802,639.2249145507812,9508400.0
2025-05-28,639.5035017882426,647.7436324004989,639.4537548696857,640.4788208007812,9042900.0
2025-05-29,648.5100680358424,650.1720041827151,636.4185881552338,641.9418334960938,8858800.0
2025-05-30,639.4039890838231,646.2806651819949,629.7308559455258,644.3699340820312,16241000.0
2025-06-02,641.2849672699225,670.0158498921635,641.155588826551,667.667236328125,15766300.0
2025-06-03,668.2145898171319,672.3246940222688,661.8255419819219,663.63671875,11585000.0
2025-06-04,666.0948954485151,685.6800602730475,665.3485093161423,684.6351318359375,14031900.0
2025-06-05,688.3271613596083,691.0340864353897,678.9625308264896,681.3211059570312,13083100.0
2025-06-06,692.8154651620004,699.4234846834818,688.5361970003321,694.3480834960938,11728000.0
2025-06-09,695.0944598989832,701.7920116440988,690.5962202918921,690.7156372070312,12773200.0
2025-06-10,697.9704528283436,699.8413987256182,688.2276487579279,699.0154418945312,10850100.0
2025-06-11,700.3191821519877,705.454291870014,688.6556236044764,690.7952880859375,9582500.0
2025-06-12,689.9593345072929,692.0293290729078,683.6897030900501,690.01904296875,7322700.0
2025-06-13,684.6351288995007,691.2232256070356,677.728566821259,679.57958984375,9274400.0
2025-06-16,696.4957433738915,704.2840574478909,690.6993236168908,699.2744140625,13720300.0
2025-06-17,699.1549233609281,703.108804504359,693.238994654824,694.4042358398438,10066100.0
2025-06-18,695.3503400453831,698.7465537027304,692.0836651620434,692.9501342773438,10068300.0
2025-06-20,697.9100487923474,698.975719664775,675.919516070965,679.5845947265625,22538600.0
2025-06-23,680.9192120003645,696.2169479400084,675.9992299066224,695.6990966796875,11080100.0
2025-06-24,702.0332271284436,710.2995766217482,699.2644647708578,709.3135986328125,13823200.0
2025-06-25,710.429070970547,713.6758686004573,702.5212476934295,705.807861328125,9320400.0
2025-06-26,711.4648967683559,725.2687117209913,708.1683136455351,723.1473999023438,13964800.0
2025-06-27,723.5755683841301,732.4494310569042,722.9182092007885,730.65673828125,18775700.0
2025-06-30,741.5324738401788,744.8689334249254,731.2742298621163,735.0986938476562,15402100.0
2025-07-01,733.893576308325,734.7600455077777,712.4707423479545,716.3051147460938,13431200.0
2025-07-02,712.4309163210858,717.3807446486052,709.911140766825,710.6780395507812,9336700.0
2025-07-03,723.6651827300041,726.0754187289656,711.524583891452,716.0960083007812,8601700.0
2025-07-07,714.691699254539,724.053627417977,710.6183091744663,715.4386596679688,9457100.0
2025-07-08,718.6457055045739,719.9802408545968,711.9130919841612,717.7493286132812,7770700.0
2025-07-09,719.7908939937631,734.5409296194899,719.7908939937631,729.8101806640625,11418000.0
2025-07-10,728.5851937618205,732.8179695463292,716.6836120454662,724.2926635742188,9913600.0
2025-07-11,719.5718173438482,722.2210100216284,706.8237059553837,714.60205078125,10873900.0
2025-07-14,714.6916780207232,725.0495530943306,713.6459456305495,717.9982299804688,8939400.0
2025-07-15,720.9661812972705,721.5338176914017,706.9432281110463,707.5109252929688,11529500.0
2025-07-16,710.4788478373293,711.0763918410653,696.4360166593995,700.0612182617188,13067600.0
2025-07-17,701.5352245721698,703.0391144882735,694.2847001730921,698.5672607421875,11803300.0
2025-07-18,699.3441638290562,701.8539702144897,688.8469022692487,701.4257202148438,12779800.0
2025-07-21,703.935467146971,714.094140720639,702.8997039450122,710.0804443359375,9404400.0
2025-07-22,713.2874984053531,713.695810051256,698.5673681499907,701.95361328125,8921100.0
2025-07-23,703.5072478245529,711.7337817619899,702.0730813658738,710.6880493164062,8771600.0
2025-07-24,714.1438962383025,720.6872763494622,711.1062695692692,711.9030151367188,10920800.0
2025-07-25,714.0144936743148,717.7294182953093,709.0148797574245,709.7916870117188,8271700.0
2025-07-28,712.3014741673994,721.8027888995285,709.7916676847334,714.7216186523438,8715700.0
2025-07-29,717.0819684709821,721.5338231804328,697.0733629096566,697.1630249023438,13267000.0
2025-07-30,705.220260506502,705.6285721008213,688.3986981647392,692.3924560546875,27077300.0
2025-07-31,772.0582967543337,781.5695805434973,762.4075657653623,770.305419921875,38831100.0
2025-08-01,757.6469231660217,762.8955845641383,742.2894337714881,746.9703979492188,19028700.0
2025-08-04,756.9199199436857,773.701607011529,755.3363370487518,773.2235717773438,15801700.0
2025-08-05,773.3032507518016,779.956171055707,759.9077481452855,760.3659057617188,11640300.0
2025-08-06,766.8794027711585,770.5046654460572,757.3780876386139,768.861328125,9733900.0
2025-08-07,770.3552105915298,771.8591006297718,756.4717038209484,758.7424926757812,9019700.0
2025-08-08,759.658747758983,766.7797947505699,755.5056648409816,766.1821899414062,7320800.0
2025-08-11,766.9590730751903,770.3253796334465,761.5709644271586,762.76611328125,7612000.0
2025-08-12,769.867116884642,790.4533266506146,769.2994197367773,786.7982177734375,14563100.0
2025-08-13,787.943722897786,792.2362532867143,775.0760401421516,776.9185791015625,8811800.0
2025-08-14,774.7274293874929,784.617178000717,769.3791976719999,778.960205078125,8116200.0
2025-08-15,780.9720282034339,793.0229651164598,777.6555069770899,782.047607421875,13375400.0
2025-08-18,771.9487538776341,772.6658066945315,753.4938227994072,764.260009765625,16513700.0
2025-08-19,764.0110161040656,764.0608013068265,746.3229839925046,748.4343872070312,12286700.0
2025-08-20,744.5402806181255,747.1596267051697,728.0374276650272,744.6896362304688,11898200.0
2025-08-21,741.6918632286945,742.4786396352457,730.1388392043501,736.1045532226562,8876300.0
2025-08-22,736.2339614223348,753.8323905933418,731.4136114592857,751.7308959960938,10612700.0
2025-08-25,751.7609296230241,755.8044731291578,747.0899344704388,750.2470703125,6861200.0
2025-08-26,747.7571485914523,751.8106610061906,744.9087541771366,751.0437622070312,7601800.0
2025-08-27,749.2510563210803,751.0935950889643,739.8294348400382,744.3510131835938,8315400.0
2025-08-28,740.9847476708056,749.9980580487584,737.7977043404688,748.06591796875,7468000.0
2025-08-29,742.2595260689985,744.1119731912547,732.3697173104384,735.7061767578125,9070500.0
2025-09-02,723.0974285537161,733.0170837996081,718.8048988776511,732.1306762695312,9350900.0
2025-09-03,733.0171338161767,737.2499093850881,731.015270232833,734.0628662109375,7699300.0
2025-09-04,745.53621296405,758.0751543418567,742.7973581267053,745.6159057617188,11439100.0
2025-09-05,749.5698677544291,754.8782839951389,742.0106616303525,749.4005737304688,9663400.0
2025-09-08,752.9361769242321,763.4035930252454,748.9723260269124,749.2511596679688,13087800.0
2025-09-09,754.4200531631994,763.1943457772385,750.3765098642984,762.5968017578125,10999000.0
2025-09-10,762.0291033400259,762.5968005514799,747.9563642207584,748.932373046875,12478300.0
2025-09-11,751.5915523569047,754.0315742808393,745.336974982777,747.8567504882812,7923300.0
2025-09-12,745.6955270108052,754.4997269984316,740.7456986088828,752.5277709960938,8248600.0
2025-09-15,754.4000905423925,770.9328504065699,748.942319380906,761.600830078125,10533800.0
2025-09-16,763.8915286963957,778.1933163916536,761.9992046361366,775.8428955078125,11782500.0
2025-09-17,776.8288860861533,780.1154998547986,763.2043349956956,772.576171875,9400900.0
2025-09-18,777.5857421327424,785.5832269744436,770.2256780600211,777.0877685546875,10955000.0
2025-09-19,783.2326732749732,787.5949262795673,766.0725248094219,775.2252807617188,23696800.0
2025-09-22,779.2068840936374,783.0737723834768,761.8856333765553,762.5733032226562,11706900.0
2025-09-23,766.6494677320859,767.994879580523,748.5309344746781,752.8463134765625,10872600.0
2025-09-24,754.9392103751906,758.5369918811637,749.9860410574281,758.0885009765625,8828200.0
2025-09-25,750.9028646268723,754.2116481824468,742.0329280425029,746.378173828125,10591100.0
2025-09-26,747.4645278033088,749.387995888731,734.8572684361654,741.2356567382812,9696300.0
2025-09-29,746.1888021735474,748.2418964072087,736.6512086302703,740.8868408203125,9246800.0
2025-09-30,739.740790143385,740.4583269528289,723.8446976774693,731.8973999023438,16226800.0
2025-10-01,719.0508505989554,719.4096189488256,707.7990405756898,714.9149169921875,20419600.0
2025-10-02,720.1372426569798,725.309699629413,715.7122502133443,724.5921020507812,11415300.0
2025-10-03,727.1634377305112,728.528801479838,707.7791777004747,708.1578979492188,16154300.0
2025-10-06,702.8060248479621,714.4565078636942,688.1756596108709,713.2406005859375,21654700.0
2025-10-07,715.2936403041813,716.0710326272052,703.3641353885179,710.6693725585938,12062900.0
2025-10-08,711.0380954481734,717.2171476536749,705.4171476518181,715.4132690429688,10790600.0
2025-10-09,715.8517801132227,731.0302734375,710.0314963104157,731.0302734375,12717200.0
2025-10-10,728.4490335307075,732.784364410351,702.1283419878271,702.9156494140625,16980100.0
2025-10-13,710.5996089558437,717.5061741064447,705.2477676379041,713.280517578125,9251800.0
2025-10-14,705.3873404797914,713.1310322093289,696.9658939978091,706.25439453125,8829800.0
2025-10-15,714.6359337847463,721.45283752448,707.1114691724935,715.124267578125,10246800.0
2025-10-16,715.1242355877501,723.0373960268438,701.5004654735715,709.6627807617188,9017000.0
2025-10-17,704.6896374063629,716.1108563950927,703.7328609179003,714.496337890625,12232400.0
2025-10-20,718.7519624447335,731.2894517891565,717.7453670972193,729.69482421875,8900200.0
2025-10-21,733.5318410857864,736.0034377690635,726.2863984755653,730.7911376953125,7647300.0
2025-10-22,731.3492269695964,738.0962989037338,721.5823690736463,730.9306030273438,8734500.0
2025-10-23,732.2163225390138,739.9002195728755,730.6216949207216,731.5186767578125,9856000.0
2025-10-24,734.2991918313108,738.7042934120783,728.6783045992579,735.8638916015625,9151300.0
2025-10-27,747.1953964386955,753.1950643156673,745.4812403760276,748.28173828125,11321100.0
2025-10-28,750.0856988126538,755.8362124836232,742.9997491476457,748.8997192382812,12193800.0
2025-10-29,752.1985111114485,756.5935760115584,739.9998990805568,749.12890625,26818600.0
2025-10-30,666.8879738141238,678.658047871129,647.9720940268795,664.2169799804688,88440100.0
2025-10-31,672.2297387877188,672.6084590133829,643.3875718813117,646.1581420898438,56953200.0
2025-11-03,653.7823467127146,657.1011064498967,634.0293422915395,635.55419921875,33003600.0
2025-11-04,625.9168165443936,639.5705142822006,623.8937108241939,625.1992797851562,27356600.0
2025-11-05,630.1724007040705,640.0588479681868,624.4218873891514,633.8001098632812,20219900.0
2025-11-06,633.7004019945108,633.8499192315176,615.9107705740217,616.8475952148438,23628800.0
2025-11-07,614.4058308842617,620.0267784116583,599.1675434782962,619.6082153320312,29946800.0
2025-11-10,628.9565496273584,632.8533046281837,616.0203887455347,629.624267578125,19245000.0
2025-11-11,625.8770169082796,627.4317408228605,617.2961380110504,624.9601440429688,13302200.0
2025-11-12,626.0065293511232,626.8636074098682,605.7153735895874,606.951171875,24493300.0
2025-11-13,610.9974282481795,615.5619618736964,600.9614641591972,607.8281860351562,20973800.0
2025-11-14,599.7556041676178,611.6054241702889,593.1879159768617,607.3997192382812,20724100.0
2025-11-17,606.980994504603,609.6220599721263,593.3871535288397,599.9747924804688,16501300.0
2025-11-18,589.6000552799869,601.6192836786712,581.8065445386262,595.6694946289062,25500600.0
2025-11-19,591.7128101062766,593.3174134864839,579.2849960343485,588.3243408203125,24744700.0
2025-11-20,601.4597887996167,604.6688739678727,581.3778841958236,587.1583251953125,20603000.0
2025-11-21,586.5105272163902,596.0980011467227,579.8929596850738,592.2410888671875,21052600.0
2025-11-24,596.6959653725695,614.6152243710839,595.6096842408232,610.9775390625,23554900.0
2025-11-25,621.8904932046078,634.8963639496133,616.209750572071,634.0691528320312,25213000.0
2025-11-26,635.5341804250853,636.2018983414315,629.4946697427255,631.4679565429688,15209500.0
2025-11-28,633.9297145559904,645.8592201326509,633.351658244955,645.7595825195312,11033200.0
2025-12-01,637.3878853503733,643.1383983949365,635.6039586340122,638.7034301757812,13029900.0
2025-12-02,640.1684965318557,645.6797698761368,635.9129124654792,644.912353515625,11640900.0
2025-12-03,642.2314810232181,646.6564735939825,635.3946865356451,637.437744140625,11134300.0
2025-12-04,673.7147555733686,673.8143931879296,657.8186630061315,659.293701171875,29874600.0
2025-12-05,661.7552947151958,672.4091587454953,660.1507520483126,671.1434326171875,21207900.0
2025-12-08,667.0772284693074,674.4223082782987,662.8216443414645,664.5457763671875,13161000.0
2025-12-09,661.5261117632423,662.2336726422647,651.1313781996487,654.7391357421875,12997100.0
2025-12-10,647.7527447265774,652.2973264314004,641.2249002906431,647.93212890625,16910900.0
2025-12-11,641.1152201817421,653.0647369194785,638.6336478086467,650.50341796875,13056700.0
2025-12-12,647.603240055161,708.5963563082138,636.4510671197735,642.0520629882812,14016900.0
2025-12-15,644.0420011784053,651.3232442601446,637.0599755890928,645.8473510742188,15549100.0
2025-12-16,641.8476715248971,660.8387602004772,641.5484540168895,655.462646484375,14309100.0
2025-12-17,653.9265721002572,659.5321367260491,647.5330578779101,647.832275390625,15598500.0
2025-12-18,655.3429055936973,668.838131561853,654.7743619360156,662.7438354492188,20260300.0
2025-12-19,664.7087499822148,669.2770065062657,656.4899183910027,657.0784301757812,49977100.0
2025-12-22,659.9510918299604,671.850451614429,654.9639304343692,659.8014526367188,15659400.0
2025-12-23,658.3550860644432,664.2898196014329,656.5597203493141,663.2325439453125,8486800.0
2025-12-24,660.8288080412273,666.4642636433252,660.499638357634,665.8358764648438,5627500.0
2025-12-26,666.3446246130748,667.2323539771746,659.6219406041037,661.5868530273438,7133800.0
2025-12-29,656.3204105957403,658.5546491157273,652.7097106878265,656.9986572265625,8506500.0
2025-12-30,656.9986226731097,670.4938487731155,656.1508296487782,664.239990234375,9187500.0
2025-12-31,663.0430265979899,663.2923846373272,657.7466642776019,658.39501953125,7940400.0
2026-01-02,661.0282405096659,662.6840120988863,641.8476382600104,648.7398681640625,13726500.0
2026-01-05,649.3383972038786,662.8336242718107,646.086758236235,657.098388671875,12213700.0
2026-01-06,657.8763534012292,663.8110870761799,650.2260655901538,658.9236450195312,11074400.0
2026-01-07,653.956457912222,657.4574546517152,643.154250211399,647.0242919921875,12846300.0
2026-01-08,644.2215315163064,645.438369611356,634.0875860000896,644.4010620117188,11921700.0
2026-01-09,643.7826886268982,653.2682792823022,641.1993122536916,651.3831176757812,11634900.0
2026-01-12,650.8544758921091,652.2907198459545,639.5834431006995,640.321533203125,14797200.0
2026-01-13,640.6208286715078,640.6208286715078,622.4974409136,629.4695434570312,18030400.0
2026-01-14,624.8912385916063,626.8362434492608,613.241238448095,613.939453125,15527900.0
2026-01-15,616.8918216697934,622.5672130846042,612.6527349978052,619.2058715820312,13076100.0
2026-01-16,622.5772500418334,627.4646923832119,618.4878021974878,618.6573486328125,17012500.0
2026-01-20,606.3190803349536,609.8300611005736,598.4593098618273,602.5687255859375,15169600.0
2026-01-21,605.1819875834877,616.682409772708,598.5391160903739,611.3860473632812,14494700.0
2026-01-22,627.7339506004921,658.8738165275513,624.9411525277235,645.967041015625,21394700.0
2026-01-23,643.114354212172,664.7785515369834,642.7951686151001,657.0684204101562,22797700.0
2026-01-26,663.4220687284304,673.5460296758964,659.5919023824141,670.6334838867188,16327400.0
2026-01-27,672.8578395915863,675.0820939991542,662.9532839044604,671.241943359375,13297400.0
2026-01-28,672.7679591112906,675.9397859199995,664.3895050245095,667.0127563476562,25709600.0
2026-01-29,735.536439340887,742.0895763731422,710.7203206800697,736.4141845703125,59852900.0
2026-01-30,725.6319721911391,730.2899638188994,711.7577161829028,714.6602172851562,23744600.0
2026-02-02,712.7650416713351,719.4478497361232,701.7135364812315,704.5960693359375,14365200.0
2026-02-03,705.5536352374374,715.1589125312489,684.6474336745422,689.9238891601562,13760700.0
2026-02-04,685.964025393825,687.0612373376343,665.7461161570209,667.2721557617188,16882800.0
2026-02-05,661.8760941724082,679.7500626324993,651.8219602792932,668.4890747070312,17131800.0
2026-02-06,663.7811558190369,670.2644652243433,644.8399277739295,659.7615356445312,18159300.0
2026-02-09,661.4770916291903,681.5554070660584,657.0884263930592,675.4810180664062,14837500.0
2026-02-10,675.8600189134125,678.9022357565889,668.0700760446862,668.9976806640625,10455800.0
2026-02-11,672.2693241407737,677.5258114827353,655.4126950742984,666.9729614257812,14323800.0
2026-02-12,668.2496878446467,674.2642338266133,643.6231428364971,648.1414794921875,14960100.0
2026-02-13,643.4434668857905,649.7572295518577,632.9405378190771,638.127197265625,12336400.0
2026-02-17,637.8578591323172,640.9498744421038,627.1853229648948,637.6483764648438,12674700.0
2026-02-18,632.1725643806327,643.3438180480059,626.5371085480483,641.568359375,14649200.0
2026-02-19,636.9303135148713,645.5281745630167,635.085027341747,643.1243896484375,10035700.0
2026-02-20,638.0474161403351,661.6466355641227,637.1397796110642,653.9763793945312,14183500.0
2026-02-23,650.8644258547187,656.0112104148094,634.3669181695027,635.6137084960938,8605900.0
2026-02-24,631.4543872367445,639.4637360573605,627.364878734925,637.6583862304688,10135600.0
2026-02-25,640.8801577475739,652.200989167557,640.4911445683953,652.011474609375,11330700.0
2026-02-26,648.8795635426123,659.3027431401059,645.8374072363367,655.322998046875,10637700.0
2026-02-27,641.7977899641362,647.7723993687464,636.4814590544522,646.515625,15703000.0
2026-03-02,635.5238627543893,658.2453970983619,632.870719934867,651.8817749023438,9816100.0
2026-03-03,646.6253451355694,657.3477420502325,637.1996588761248,653.39794921875,12263800.0
2026-03-04,656.2705097002453,671.0424780902056,655.9812154011644,666.015380859375,10810100.0
2026-03-05,660.2303336051802,668.9778340733714,648.6401755256248,658.8738403320312,13341400.0
2026-03-06,646.2363956775138,647.8023107770981,634.4766301866302,643.2041625976562,13159400.0
2026-03-09,633.1500554179556,646.0867221220876,625.1705976379839,645.7276611328125,13489700.0
2026-03-10,651.881802754218,658.6044862124207,647.3335142418318,652.3905029296875,9859300.0
2026-03-11,653.0787479235273,657.4275379105374,646.6951571900124,653.178466796875,8977200.0
2026-03-12,647.0841872338415,651.8219905315074,635.2646391478804,636.5413208007812,11617500.0
2026-03-13,622.2880080608647,627.55441857404,607.9848031082139,612.1341552734375,18957600.0
2026-03-16,630.9168848948667,633.6621719731276,622.0321132511823,626.3746948242188,15134900.0
2026-03-17,626.9137167736849,635.4590438783874,620.6345187532272,621.5928344726562,10348800.0
2026-03-18,615.2837198825454,621.5829031274002,613.5566433895493,614.6248168945312,11726300.0
2026-03-19,611.1008889698486,611.9494078221777,601.2278243573462,605.6602172851562,13247700.0
2026-03-20,602.4957192983555,602.9249750667714,586.2435901825164,592.642578125,21214900.0
2026-03-23,604.7517959610541,607.5969482872343,597.9834469761715,603.0247802734375,13638000.0
2026-03-24,598.0732713770465,599.9700396349708,589.9871770786485,591.9038696289062,10739700.0
2026-03-25,597.7138608396341,602.6354044215132,592.3830467312241,593.8704833984375,12585000.0
2026-03-26,581.4917396573854,582.0008753864581,542.4188017705425,546.6016235351562,35780100.0
2026-03-27,539.1743922574078,542.6683942166816,519.3684267008094,524.8190307617188,30133000.0
2026-03-30,535.4607543945312,538.6253045735799,527.6341638126921,535.4607543945312,22795200.0
2026-03-31,549.0374119135495,572.7067990959439,545.8329522821889,571.1494750976562,32898300.0
2026-04-01,579.135725523027,591.5344219412718,572.8365426099092,578.2372436523438,23608100.0
2026-04-02,565.0699110449033,577.5085793033603,558.7408105198895,573.4755249023438,13518500.0
2026-04-06,576.7000047794845,581.7912404462878,571.0197533967594,572.0380249023438,9515700.0
2026-04-07,571.4988503418972,574.2441373249518,563.7921103124964,574.064453125,9580800.0
2026-04-08,604.9614419693103,628.8704088339113,590.8157434643455,611.3704223632812,32036600.0
2026-04-09,625.8954391113879,636.4074215325429,621.9322723369008,627.3130493164062,19012900.0
2026-04-10,633.3826022362973,637.4856047359222,623.2600266965629,628.780517578125,13294800.0
2026-04-13,628.4211571313969,633.911731180996,623.3299219303536,633.4425659179688,9538900.0
2026-04-14,642.117619704398,665.1181727259973,638.2742422102883,661.3546142578125,17818000.0
2026-04-15,665.856909197143,677.3372007350248,663.081644256971,670.4290771484375,14952600.0
2026-04-16,674.831464225754,676.4187660594131,666.605595861725,675.7099609375,9544800.0
2026-04-17,677.4369744478516,690.3348757077041,673.9729506648888,687.3699340820312,16283500.0
2026-04-20,680.192296240317,682.2088539380842,666.8552067290691,669.7601928710938,12534000.0
2026-04-21,669.8500580611455,675.0411586256739,666.1863646700106,667.6937866210938,8660100.0
2026-04-22,673.2042912464699,677.2174214115423,668.6022063234784,673.5636596679688,9215600.0
2026-04-23,662.562575853328,668.412518474367,651.9308032468797,658.0203857421875,11667000.0
2026-04-24,659.1883568751083,679.5034568571632,652.719481738207,673.8731689453125,13348300.0
2026-04-27,669.8500343121515,681.330325511242,669.6903353309991,677.4569702148438,12805200.0
2026-04-28,673.0844464119266,677.0176962940845,664.489217253305,670.189453125,10606800.0
2026-04-29,667.7636045616339,673.0944797535534,662.6723692427279,667.9732666015625,18947500.0
2026-04-30,618.2586017744245,619.7859479396749,598.9717055442339,610.8612670898438,52765000.0
2026-05-01,613.6365485572411,617.8193701850194,605.0712358749745,607.7067260742188,21404000.0
2026-05-04,606.8981537761392,612.9477660987843,601.7170456287333,609.3638916015625,16203900.0
2026-05-05,612.2588828439087,613.2970785161436,599.3310648754198,603.9232177734375,17171300.0
2026-05-06,600.0199080772063,618.8875416216711,597.0749516023062,611.8296508789062,19915500.0
2026-05-07,613.6664846485507,623.9089111604618,612.4885142038465,615.7529296875,12307400.0
2026-05-08,614.145727971313,615.7130447332122,605.0213768033159,608.5852661132812,13557000.0
2026-05-11,603.533915527778,603.8732987260729,597.0550476209405,597.8336791992188,15940600.0
2026-05-12,593.8005792809215,602.7152673522038,591.5843523282613,601.966552734375,11351600.0
2026-05-13,597.8037594995824,618.837657653709,595.6374345129168,615.5732421875,14634400.0
2026-05-14,614.944289073115,622.6610217742586,613.9460028895547,617.3701171875,10651200.0
2026-05-15,612.9377281921389,620.1353935587166,608.2657561335159,613.1773071289062,13272600.0
2026-05-18,608.0660990208263,614.5350350972873,602.6554048207697,610.1625366210938,13772400.0
2026-05-19,607.8763927177921,612.8778161384099,599.5207424161133,601.5772094726562,11749900.0
2026-05-20,599.7304526335664,606.9580352784536,596.7854960328639,604.0230712890625,11329700.0
2026-05-21,598.9717538809448,608.5552775708169,593.7906457726523,606.339111328125,13476100.0
2026-05-22,606.8381854335279,613.7563010923075,605.9097866322771,609.214111328125,11688600.0
2026-05-26,607.8465495511928,613.4169431409898,604.2626749853522,611.2906494140625,12234200.0
2026-05-27,608.3555996261091,637.4057020013258,607.9562607968793,634.1712646484375,23143600.0
2026-05-28,638.4040398455469,641.8980416273442,628.2315007921775,634.2012329101562,16772400.0
2026-05-29,632.4143189973911,633.4126052152244,622.281689514161,631.426025390625,19806500.0
2026-06-01,629.3196791836195,634.6604862727559,598.5025873828931,599.44091796875,29138800.0
2026-06-02,602.2062063737548,607.8365556216692,595.6574508079194,596.6058349609375,18252000.0
2026-06-03,601.9665545007575,623.0803311577063,599.2412527816401,621.9122924804688,23020100.0
2026-06-04,622.6011661035562,641.2991089275577,621.3633009071642,626.4945068359375,21469200.0
2026-06-05,622.3915225332053,628.0717733238163,581.9109692668093,591.9837036132812,30091600.0
2026-06-08,590.9854370177134,590.9854370177134,578.2273099921849,584.3867797851562,19512400.0
2026-06-09,589.9871222602228,596.6057643945405,580.0142532419713,583.588134765625,16977400.0
2026-06-10,579.7347558037309,590.3066340250939,569.6221111934292,570.00146484375,17064000.0
2026-06-11,564.8602908302337,571.1893911411966,556.0553993401948,567.455810546875,17628000.0
2026-06-12,571.968101190783,575.0827493186854,559.9387644415484,566.00830078125,14326400.0
2026-06-15,579.4427159724761,600.795858737961,578.8431525395191,593.011962890625,17653300.0
2026-06-16,593.1818700134238,605.3322537623429,591.5331468141493,599.7366943359375,11344400.0
2026-06-17,591.5331725816898,593.3417428489197,565.7435277503374,567.1324462890625,20478300.0
2026-06-18,572.3682769745303,579.7624046842873,562.6559105294999,576.7647705078125,28824600.0
2026-06-22,571.5689356803741,575.3559250048318,559.3685422933314,563.4053344726562,15405500.0
2026-06-23,561.8066012038755,571.7487666818112,560.5775907162,561.7566528320312,13103300.0
2026-06-24,561.4469285838474,568.591253761232,555.1119012433646,557.230224609375,13963600.0
2026-06-25,555.1118879211193,555.9013039685537,539.7540133926082,542.44189453125,16968600.0
2026-06-26,542.9115767800729,556.4108722579447,539.9738926737891,549.8161010742188,18867700.0
2026-06-29,559.5583857816937,570.4498144711828,557.5599629753306,562.1563110351562,15011400.0
2026-06-30,560.4976417791106,565.0939897966132,550.9951316644288,562.8457641601562,18111100.0
2026-07-01,607.4305787144307,627.784571153574,594.6306830487989,612.4266357421875,45536300.0
2026-07-02,607.4206544757068,609.5189740900589,579.9622828274885,582.4403686523438,21705900.0
2026-07-06,594.3709360150443,603.1040338931904,581.301233826573,599.8165893554688,17674100.0
2026-07-07,607.1109147253509,624.8768626804635,603.1839600389557,615.0946044921875,18560800.0
2026-07-08,613.9055418180343,615.5142576272189,597.5384532703483,602.6444091796875,13606500.0
2026-07-09,583.529455055522,632.77062206454,576.6149292518581,630.9819946289062,26579700.0
2026-07-10,659.8193113874754,677.3254544051542,657.491131647921,668.6823120117188,40608900.0
2026-07-13,660.858454671636,676.0864269737083,653.6841239854351,656.2120971679688,19840700.0
2026-07-14,651.4858277274717,665.9743929146624,648.5381419230179,660.5186767578125,16748200.0
2026-07-15,663.0767089741589,685.5390243545221,656.1421789132482,680.7727661132812,19003400.0
2026-07-16,676.7459348014426,681.3622866487058,659.6393793096187,664.0159301757812,15816000.0
2026-07-17,647.1892801723585,651.68573177941,625.5063791142821,645.5006103515625,22267900.0
2026-07-20,646.1900645769782,652.784835830389,635.5084916103011,645.3406982421875,10225200.0
2026-07-21,653.664124760039,655.3627963853286,642.6928027946103,643.3023071289062,9140500.0
2026-07-22,647.189254956408,648.4882176170956,623.5079318845419,626.6754150390625,11019600.0
2026-07-23,607.9301851876114,614.1653155952538,596.7490071058414,605.6220092773438,15494800.0
2026-07-24,604.8226548171024,609.4989569016461,593.9812354037057,594.7206420898438,11503500.0
2026-07-27,606.7411202287035,610.7779733376527,592.6622656813121,593.4016723632812,11195300.0
2026-07-28,596.3493616660036,600.5260580457825,586.5370982909723,592.9420166015625,12009300.0
2026-07-29,592.7821833537371,599.4968549179539,581.7608519604674,585.148193359375,22371100.0
2026-07-30,525.58522592167,539.4542858116451,524.0764068649972,538.60498046875,42271500.0
2026-07-31,543.171288392182,557.8897136701136,539.7939490076644,556.27099609375,24261500.0
2026-08-03,561.7966164985271,597.0488245114987,558.9188827428958,589.7745361328125,25938100.0
2026-08-04,581.0414552494501,592.32253050782,577.794018053301,587.4763793945312,17959200.0
2026-08-05,599.9865089938204,600.5260612032997,579.6625219517506,588.3057250976562,14897200.0
2026-08-06,586.487189429669,594.8405827519979,585.5379263278069,589.4348754882812,11811500.0
2026-08-07,585.1781899072663,598.2678350979388,585.1581861630435,591.633056640625,11250300.0
2026-08-10,598.657568915248,607.7304260788247,591.5631919202813,594.4508666992188,14967300.0
2026-08-11,597.5284100969216,611.9470231090784,592.9320621063698,598.6475219726562,13146900.0
2026-08-12,600.5960026412422,604.023290419805,577.7540447074138,578.3934936523438,16186900.0
2026-08-13,580.2520897369063,595.380104391766,578.9331233348041,594.5007934570312,11164200.0
2026-08-14,596.5092089028919,601.3853654698224,588.8252707092146,589.3848266601562,8758000.0
2026-08-17,589.2849441761664,589.774548021712,564.3046582848494,568.5213012695312,17225600.0
2026-08-18,557.0403796583744,560.2178647510921,542.7816737373303,543.2412719726562,27094900.0
2026-08-19,540.9131223962278,553.6330639150415,536.8463247077087,545.5994262695312,16971700.0
2026-08-20,546.5187091013889,549.5562899225255,538.8847190657524,545.3995971679688,13872200.0
2026-08-21,546.4587335768297,553.4332095869578,542.8015857242297,549.4663696289062,13848000.0
2026-08-24,549.7661710202622,560.9772946036173,545.8692218355393,558.5792236328125,12990600.0
2026-08-25,563.4353464162,570.3498724402046,560.9573215839381,569.6004638671875,9769100.0
2026-08-26,589.8444773654404,592.8721171723366,561.4369046651577,575.6856689453125,31416300.0
2026-08-27,576.0253592943615,587.926001033879,567.1723610665189,570.6495971679688,15221400.0
2026-08-28,571.0992793335739,588.7253835559844,570.5497252457161,577.564208984375,16042400.0
2026-08-31,577.1744781551006,578.2236379136884,568.6911832402849,571.888671875,13383800.0
2026-09-01,557.9096596695957,584.4887194481862,555.6614340241316,578.083740234375,15796900.0
2026-09-02,578.3335366296732,599.9065373056851,576.5449702025707,592.3824462890625,16552700.0
2026-09-03,604.0133041368691,618.9715308723809,603.8733999005765,610.1984252929688,19737100.0
2026-09-04,611.8670721034152,616.9730886717387,604.7926993516937,616.2836303710938,15966200.0
2026-09-08,615.7241045276966,624.3072966603136,609.2591747857786,612.9962158203125,18909700.0
2026-09-09,648.1284941622514,657.3411939542544,638.056426220049,653.1744995117188,35900700.0
2026-09-10,653.1945472302951,662.9768054946985,641.6336632885306,643.8718872070312,21531900.0
2026-09-11,652.9947023490145,663.716221985592,645.6904688887529,647.51904296875,16925000.0
2026-09-14,657.311302577125,668.072768706455,648.708045415434,665.0751342773438,19332300.0
2026-09-15,658.7801108800835,678.3346866933342,655.6825797136325,669.7114868164062,19502800.0
2026-09-16,679.3738238485387,684.7695900234191,671.3801323225093,672.779052734375,17217800.0
2026-09-17,681.9018750257407,682.6612854975235,666.5239959332205,681.77197265625,15928000.0
2026-09-18,688.0769980771287,689.6058209010791,660.278927643704,665.2250366210938,27596400.0
2026-09-21,680.2999877929688,753.0,679.5999755859375,741.25,48720500.0
2026-09-22,731.4000244140625,757.27001953125,730.0,736.5999755859375,28122100.0
2026-09-23,747.5999755859375,763.9000244140625,739.510009765625,744.0999755859375,30829200.0
2026-09-24,744.3599853515625,779.8200073242188,743.010009765625,777.5900268554688,34808500.0
2026-09-25,768.8499755859375,769.5700073242188,746.5399780273438,751.6599731445312,25826700.0
2026-09-28,750.0399780273438,750.5800170898438,713.1900024414062,715.6199951171875,27943100.0
2026-09-29,725.0,740.4500122070312,715.0999755859375,738.7899780273438,23591100.0
2026-09-30,730.27001953125,738.25,721.2999877929688,725.1799926757812,19293000.0
2026-10-01,728.530029296875,735.8800048828125,721.510009765625,725.9299926757812,12408400.0
2026-10-02,733.25,741.5800170898438,726.2000122070312,728.0800170898438,12964100.0
2026-10-05,727.7100219726562,746.7000122070312,727.1199951171875,741.9000244140625,15215300.0
2026-10-06,746.72998046875,747.5999755859375,736.6900024414062,738.8800048828125,12563100.0
2026-10-07,738.2899780273438,738.2899780273438,720.1500244140625,721.3099975585938,13231600.0
2026-10-08,724.5399780273438,724.9500122070312,711.6799926757812,720.8900146484375,16041100.0
2026-10-09,726.510009765625,728.0700073242188,716.2000122070312,718.6699829101562,12605100.0
