date,open,high,low,close,volume
2014-01-02,30.79341759871901,30.834642897698757,30.58730368401527,30.63677215576172,30632200.0
2014-01-03,30.669757004106955,30.686246497843573,30.175081627156423,30.4306640625,31134800.0
2014-01-06,30.381178577764217,30.414157546780018,29.771083376209873,29.787572860717773,43603700.0
2014-01-07,29.952462569798467,30.084375292045788,29.85352566932744,30.018417358398438,35802800.0
2014-01-08,29.680405160125016,29.795828454762123,29.334135276213697,29.482534408569336,59971700.0
2014-01-09,29.58146907421859,29.606201736861216,29.185730746693256,29.29290771484375,36516300.0
2014-01-10,29.597961331773217,29.80407525986342,29.47429171689951,29.7133846282959,40548800.0
2014-01-13,29.672158476830063,29.696891138455385,28.715790105052395,28.83945655822754,45901900.0
2014-01-14,28.63333819074149,29.581463242407967,28.55089390148703,29.49901580810547,41623300.0
2014-01-15,29.597964146285282,30.331729296853343,29.556738840707908,30.30699348449707,44812600.0
2014-01-16,30.249273753693235,30.504856112801704,29.93598290129391,30.414165496826172,38018700.0
2014-01-17,30.36469800736834,30.36469800736834,29.804068007774617,29.99369239807129,46267500.0
2014-01-21,30.356452080814172,30.356452080814172,29.7298672676599,29.820554733276367,31567300.0
2014-01-22,29.894762765328984,29.94423124031961,29.47429173558001,29.62269401550293,21904300.0
2014-01-23,29.754594868184494,29.787573838282594,29.284655551953506,29.729862213134766,43954000.0
2014-01-24,30.87585265834857,30.9582969331182,30.117352121268553,30.348201751708984,76395500.0
2014-01-27,30.39767234508112,30.414161831912264,29.663907478859233,29.705129623413086,44420800.0
2014-01-28,29.779334099970622,30.001937479722987,29.47428642181296,29.903003692626953,36205500.0
2014-01-29,29.66390880595244,30.40592002130974,29.59795400072522,30.224538803100586,52745900.0
2014-01-30,30.3317117499982,30.405912854043283,29.870015642045743,30.389423370361328,35036300.0
2014-01-31,30.463636042041937,31.238623199086955,30.14209885076846,31.19740104675293,93162300.0
2014-02-03,31.114947358483985,31.321061203043225,30.034909680776398,30.07613182067871,64063100.0
2014-02-04,30.480120665130634,30.66149873544888,29.886511702148425,29.968955993652344,54697900.0
2014-02-05,29.919490864926594,30.067893106605418,29.515506285901324,29.53199577331543,55814400.0
2014-02-06,29.515504343909015,29.886509923695513,29.424813741622547,29.828798294067383,35351800.0
2014-02-07,29.94423243239965,30.166835861145874,29.688650019013448,30.14210319519043,33260500.0
2014-02-10,30.199807977692096,30.339963912963867,29.91949296210019,30.339963912963867,26767000.0
2014-02-11,30.40591271543246,30.719203468819128,30.389423231825678,30.645002365112305,32141400.0
2014-02-12,30.793410415401997,30.999524282024627,30.75218827108707,30.89234733581543,27051800.0
2014-02-13,30.776933480315762,31.21389400469213,30.776933480315762,31.007780075073242,37635500.0
2014-02-14,30.82639919565212,31.14793642666614,30.776933864757048,31.016023635864258,31407500.0
2014-02-18,31.256902478216926,31.38149625172954,31.074161141373516,31.08246612548828,32834000.0
2014-02-19,30.916349654934564,31.356586813452346,30.908041499887393,31.1572322845459,29750400.0
2014-02-20,31.20706565871824,31.45625639506535,31.065858736619994,31.35658073425293,27526100.0
2014-02-21,31.514386882107598,31.85494814411709,31.44793752711173,31.5476131439209,38021300.0
2014-02-24,31.30673217773438,31.54761785893678,31.18213843025918,31.306732177734375,32085100.0
2014-02-25,31.24029046918574,31.439641781455613,31.024322850822738,31.182146072387695,30736500.0
2014-02-26,31.215369304782325,31.348271222885764,30.89141790881301,31.123998641967773,41041800.0
2014-02-27,31.10738518875691,31.47286466765469,30.924643864992206,31.447946548461914,33903400.0
2014-02-28,31.547619604236594,31.946325321750876,31.4147176983985,31.821731567382812,41215000.0
2014-03-03,31.497785219499757,31.67222157321624,31.140613865168767,31.38149642944336,29717500.0
2014-03-04,31.73035963537399,31.96293716906805,31.622375851031215,31.90479278564453,26802400.0
2014-03-05,31.771903666533603,31.788516806856585,31.506099758630985,31.655614852905273,20520100.0
2014-03-06,31.68052317743841,31.76358885335362,31.472863740597692,31.688831329345703,23582200.0
2014-03-07,31.79681455741,31.863267103580792,31.30673811961171,31.48117446899414,26591600.0
2014-03-10,31.55592868941608,31.57253865558486,31.331656122559906,31.414718627929688,19006600.0
2014-03-11,31.456259359012495,31.755289538257816,31.331665563415232,31.580856323242188,25216400.0
2014-03-12,31.39810481638656,31.921407461105233,31.389799833481174,31.78850555419922,30494100.0
2014-03-13,31.913093412768664,31.938014694142755,31.265197132396978,31.472856521606445,32169700.0
2014-03-14,31.273515053333263,31.680525808914897,31.157223097392418,31.315046310424805,27195600.0
2014-03-17,31.48117063309697,31.904794473107028,31.389799977561303,31.605764389038086,20479600.0
2014-03-18,31.780202938545788,33.142451682415654,31.74697983250561,32.85172653198242,64063900.0
2014-03-19,32.785268787347384,32.851718151107654,32.32011056650093,32.619140625,35597200.0
2014-03-20,32.602532044212275,33.7654261743884,32.59422706081929,33.4996223449707,59269800.0
2014-03-21,33.82357200185951,34.00631016195756,33.233816759676635,33.35841369628906,80721800.0
2014-03-24,33.507932871654496,33.757123606878814,33.10922706156917,33.64083480834961,46098400.0
2014-03-25,33.77374614709264,34.0478582501901,33.19229882394925,33.50794219970703,43193100.0
2014-03-26,33.624225498922854,33.81527185663673,32.89326317955014,33.05108642578125,41977500.0
2014-03-27,33.00954813334907,33.20059445039571,32.677291740187734,32.693904876708984,35369200.0
2014-03-28,33.05108083286194,33.75712173835542,32.95971016232308,33.47470474243164,43472700.0
2014-03-31,33.58269316162526,34.471475530239644,33.55777503665009,34.0478515625,46886300.0
2014-04-01,34.180756003774746,34.54623559414797,34.11430344081638,34.405025482177734,32605000.0
2014-04-02,34.42163941719196,34.604380800911606,34.197366764981304,34.34688186645508,28666700.0
2014-04-03,34.297026170858345,34.297026170858345,33.815254857277495,34.06444549560547,30139600.0
2014-04-04,34.26382380499366,34.38011263941114,32.92649587192656,33.1175422668457,51409600.0
2014-04-07,33.192285311924635,33.4497841674079,33.009547152882305,33.059383392333984,37559600.0
2014-04-08,33.017863431346086,33.167378538110725,32.56101312451314,33.07600784301758,35918600.0
2014-04-09,33.16736821048693,33.68236276863285,33.12583695345822,33.61591339111328,27398700.0
2014-04-10,33.590992068433714,33.7986515220016,32.46963228661985,32.693904876708984,45960800.0
2014-04-11,32.39486845861126,33.05107296478282,32.39486845861126,32.56930160522461,34330200.0
2014-04-14,32.486243427446276,32.73543412269309,32.31181025763666,32.54438781738281,32006600.0
2014-04-15,32.67729140954303,33.19228596196352,32.43640568537005,33.017852783203125,33968700.0
2014-04-16,33.27535278496469,33.574379743681675,33.1507558423587,33.557769775390625,30615800.0
2014-04-17,33.23382568359375,33.39164893483228,32.81850667487353,33.23382568359375,36688400.0
2014-04-21,33.33350149003283,33.3501146291039,33.051084463089246,33.17567825317383,22221200.0
2014-04-22,33.19228757225005,33.34180263805017,33.08430693366369,33.21720886230469,27056700.0
2014-04-23,33.217207643035636,33.217207643035636,32.78527559864889,32.968013763427734,24602800.0
2014-04-24,33.009535356104074,33.20058159920103,32.64405283137027,33.10921096801758,42381600.0
2014-04-25,33.46639240763217,33.790340591204476,33.01784730639456,33.15074920654297,56876800.0
2014-04-28,33.34180068167004,34.29703541616181,33.300269425525116,33.94816589355469,50610200.0
2014-04-29,34.139219754571414,34.21397729961312,33.54946754848268,33.64914321899414,29636200.0
2014-04-30,33.557769775390625,33.640832291373364,33.366720285092946,33.557769775390625,35458700.0
2014-05-01,33.42487944595632,33.52455513344612,33.183993629942414,33.22552490234375,28787400.0
2014-05-02,33.48301149056105,33.507929611069116,32.943095642919666,32.968013763427734,43416600.0
2014-05-05,32.826806020686035,32.926481668814645,32.6440646919238,32.75204849243164,22460900.0
2014-05-06,32.63576374335782,32.68559998926816,32.35334673154811,32.44471740722656,27112400.0
2014-05-07,32.57763024046739,32.81851290307839,31.98787472800178,32.74375534057617,41744500.0
2014-05-08,32.67729243841721,33.142450765055955,32.369957327786686,32.926483154296875,32120400.0
2014-05-09,32.84342575073242,33.10092149081431,32.702215649620626,32.84342575073242,29647600.0
2014-05-12,33.00954194508696,33.242119475519765,32.934784429071954,33.20058822631836,22782600.0
2014-05-13,33.392988462532166,33.87815868650586,33.33443387563681,33.81123733520508,27004800.0
2014-05-14,33.710859057451835,33.83633499772571,33.501734617652524,33.66067123413086,18818700.0
2014-05-15,33.535198146077526,33.79451362223872,33.0500278728055,33.12531280517578,37793200.0
2014-05-16,33.18386435782841,33.32607063527093,32.84926717093759,33.31770706176758,29867100.0
2014-05-19,33.13367665226062,33.30934041532477,33.00820071236582,33.25078582763672,24537400.0
2014-05-20,33.192237854003906,33.409725910042205,33.00820728975018,33.192237854003906,21320900.0
2014-05-21,33.29260109888482,33.7526741027832,33.24241328925017,33.7526741027832,22398700.0
2014-05-22,33.70250048282609,33.75268831359119,33.33443937195568,33.54356384277344,20201800.0
2014-05-23,33.76941958154114,33.76941958154114,33.459916249707504,33.56029510498047,18020000.0
2014-05-27,33.67739002255051,33.67739002255051,33.30096867712775,33.61883544921875,26160600.0
2014-05-28,33.577014935391546,33.61883917941415,33.30933594446449,33.46826934814453,25711500.0
2014-05-29,33.585390286151416,33.75268730501762,33.384629396131444,33.74432373046875,19888200.0
2014-05-30,33.836345027848076,34.27132437449005,33.669044788218606,34.2462272644043,34567600.0
2014-06-02,34.254589964863456,34.37169916140537,34.028735146824225,34.120750427246094,18504300.0
2014-06-03,33.96180783877207,34.0287291913618,33.66903489865631,33.70249557495117,18068900.0
2014-06-04,33.635569587229284,33.769409082979344,33.342796687458936,33.72758483886719,23209000.0
2014-06-05,33.953441116094986,34.505529459812564,33.794507704913634,34.472068786621094,31865200.0
2014-06-06,34.69792175292969,34.84849158353283,34.49716410611568,34.69792175292969,24060500.0
2014-06-09,34.622633758327076,34.69791866693288,34.3131305522743,34.522254943847656,15019200.0
2014-06-10,34.321498758966584,34.43024435074644,34.1792956851652,34.38842010498047,15117700.0
2014-06-11,34.237856809033254,34.35496599594741,34.10401728241907,34.17930221557617,18040000.0
2014-06-12,34.13747006433164,34.196024644242485,33.702490905718726,33.94507598876953,29818900.0
2014-06-13,34.38006586153781,34.77322093508243,34.17930813235638,34.48881149291992,26310000.0
2014-06-16,34.329864855986145,34.80666826862606,34.329864855986145,34.71465301513672,24205300.0
2014-06-17,34.53899691013691,35.05762468242653,33.74432331633095,34.865230560302734,22518600.0
2014-06-18,34.8066729900962,34.91541859451526,34.446978690928816,34.84013366699219,27097000.0
2014-06-19,34.7732058375401,34.940505999878674,34.57244819552196,34.72301483154297,19828200.0
2014-06-20,34.67283643817894,34.99070651389854,34.614281844097185,34.865230560302734,47764900.0
2014-06-23,34.90705103245789,35.13290580986819,34.87359035632621,35.124542236328125,18743900.0
2014-06-24,34.99071134678451,35.082723442345866,34.76485651370883,34.923789978027344,26509100.0
2014-06-25,34.88195833580811,35.17473128469349,34.681197463011124,35.15800094604492,20049100.0
2014-06-26,35.07434920844987,35.08271278150977,34.656100353773375,34.898685455322266,23604400.0
2014-06-27,34.80667904145966,35.375497883641074,34.72302733467632,35.342037200927734,74640000.0
2014-06-30,35.27510207852182,35.30856274818579,34.88195037841797,34.88195037841797,30793100.0
2014-07-01,35.01580253222896,35.258387688564575,34.87359623020985,35.024166107177734,26917000.0
2014-07-02,34.907049100895854,35.04925537109375,34.739748920480615,35.04925537109375,20208100.0
2014-07-03,35.05762195613625,35.124543310446086,34.76484900849522,34.965606689453125,15969300.0
2014-07-07,34.923781370523734,35.23328464727753,34.89032069439205,35.124542236328125,21952400.0
2014-07-08,35.02416035336213,35.13290595574878,34.80667233957455,34.948875427246094,31218200.0
2014-07-09,35.11616889004641,35.124535653004024,34.73974433158178,34.85685348510742,18445900.0
2014-07-10,34.60591711953591,35.13291168833712,34.33823804766558,34.87359619140625,21854700.0
2014-07-11,34.881961080810854,35.208194732666016,34.69793053218032,35.208194732666016,24083000.0
2014-07-14,35.316925145753416,35.50931918606279,35.16635534186178,35.250003814697266,21881100.0
2014-07-15,35.40894810731052,35.52605727122934,35.157996252072614,35.50932693481445,28748700.0
2014-07-16,35.559517424023525,37.06521590460556,35.53442351300903,36.87282180786133,63318000.0
2014-07-17,38.0188320849416,38.236320145729444,37.01503391679728,37.24925231933594,82180300.0
2014-07-18,37.349625858614914,37.508559282550365,37.015025481820004,37.38308334350586,43407500.0
2014-07-21,37.27434561676764,37.77624305403586,36.9899362180527,37.50856399536133,37604400.0
2014-07-22,37.64238997283507,37.767865882471824,37.29942610294419,37.500186920166016,43095800.0
2014-07-23,38.018815759361466,38.018815759361466,37.324521234276844,37.53364562988281,52362900.0
2014-07-24,37.58385345507952,37.64240805677782,37.073589190863146,37.14051055908203,30725300.0
2014-07-25,37.05685521287973,37.35799495834469,37.05685521287973,37.22415542602539,26737700.0
2014-07-28,37.10703341360028,37.23250613686895,36.74733919645699,36.780799865722656,29684200.0
2014-07-29,36.73062423201463,36.88119411573211,36.5047694064384,36.71389389038086,27763100.0
2014-07-30,36.86445670797015,36.88955062011763,36.21198946424933,36.45457458496094,31921400.0
2014-07-31,36.28726381547554,36.546576008049755,36.03631519418427,36.103233337402344,31537500.0
2014-08-01,36.14507171074024,36.1785323909269,35.63480750634512,35.852298736572266,31170300.0
2014-08-04,35.94430679940992,36.36255564486366,35.81046729650414,36.27890396118164,34277400.0
2014-08-05,36.2287099711891,36.35418268886241,35.82719153086165,36.03631591796875,26266400.0
2014-08-06,35.751922607421875,36.111613778346566,35.30857653867902,35.751922607421875,24634000.0
2014-08-07,35.835566745199486,36.34583092608197,35.676633308115576,36.161800384521484,30314900.0
2014-08-08,36.16179358528608,36.23707850258865,35.89411458842923,36.13669967651367,28942700.0
2014-08-11,36.18688749405849,36.34582409224467,35.98612984190852,36.13669967651367,20351600.0
2014-08-12,36.00285473437055,36.46292774121758,35.969394067076436,36.40437316894531,21431100.0
2014-08-13,36.53822143640185,36.95647030523338,36.404381926015176,36.87282180786133,22889500.0
2014-08-14,36.87280873091186,37.15721479750643,36.81425097433619,37.031742095947266,19313200.0
2014-08-15,37.291072074187994,37.55875110499269,37.140502220487136,37.46673583984375,41611300.0
2014-08-18,37.59220687342404,37.734413146972656,37.37471886744955,37.734413146972656,26891100.0
2014-08-19,37.85224532665396,38.163681616627954,37.734404741848394,38.15526580810547,28139500.0
2014-08-20,38.163689890273076,38.214194385102424,37.79333322760533,37.835418701171875,24770500.0
2014-08-21,37.74283530045065,38.087941381213945,37.73441948863922,38.06269073486328,22285500.0
2014-08-22,38.172107006225175,38.273115999338685,37.93642577745883,38.00376510620117,18294500.0
2014-08-25,38.21419450922049,38.247860961633585,37.911173961091855,38.02059555053711,16910000.0
2014-08-26,38.13843691133167,38.21419204347578,37.82699736200831,37.88591766357422,14873100.0
2014-08-27,37.7933278849471,37.87749882018135,37.675484080337625,37.76807403564453,21287900.0
2014-08-28,37.66708350251419,37.86067930056907,37.54924286116919,37.77650833129883,17657600.0
2014-08-29,37.95325144703881,38.24785291187459,37.759655740015994,38.239437103271484,21607600.0
2014-09-02,38.2394519108521,38.26470255735444,37.751251339030944,37.95326614379883,22976800.0
2014-09-03,37.48189307664446,37.970093552992935,37.48189307664446,37.843833923339844,33684500.0
2014-09-04,37.65865129142942,38.10476301395156,37.6418164627228,38.096343994140625,26475500.0
2014-09-05,37.97009731283251,38.660309411872554,37.97009731283251,38.64347457885742,36939400.0
2014-09-08,38.73605817858759,39.39260050352305,38.710807538679475,39.11483383178711,45736700.0
2014-09-09,39.11483547362319,39.535696614640294,39.072746790788926,39.35893249511719,40302400.0
2014-09-10,39.40943470127626,39.510440470203214,38.9549039247317,39.42626953125,27302400.0
2014-09-11,39.342108623977026,39.56095504760742,39.11484317775528,39.56095504760742,29216400.0
2014-09-12,39.485190619901594,39.57778058115005,39.224255566466454,39.30842971801758,38244700.0
2014-09-15,39.173761655273225,39.316852923453126,38.80340174061246,38.92124557495117,37667600.0
2014-09-16,39.047496149820915,39.43468762893689,38.96332520598377,39.35893249511719,27910600.0
2014-09-17,38.938075586188084,39.30001646367456,38.912824942475645,39.156925201416016,38311900.0
2014-09-18,39.21584032694471,39.41785508268902,39.10641553379506,39.291595458984375,35556600.0
2014-09-19,39.401031210076646,40.040738894499434,39.22426704554659,39.998653411865234,202522400.0
2014-09-22,39.813465571118705,39.880804898765604,39.544114682362874,39.611454010009766,38686100.0
2014-09-23,39.434698437273546,39.54412326298575,39.11484619429413,39.19060134887695,33430300.0
2014-09-24,39.24951258379456,39.65353891108759,39.005412340977166,39.62828826904297,26582700.0
2014-09-25,39.45994998229471,39.6367109289845,38.74448396187218,38.75290298461914,33077400.0
2014-09-26,38.66031229434331,39.24109962754591,38.51721780850376,39.06433868408203,27078800.0
2014-09-29,38.702396621351895,39.190597167895376,38.51721666081247,39.0895881652832,26091000.0
2014-09-30,39.03067075589991,39.12326074305706,38.727650147355256,39.022254943847656,33033100.0
2014-10-01,38.9464842085838,39.16533055445955,38.592959236427355,38.635047912597656,38088400.0
2014-10-02,38.5761316099165,38.80339378798842,38.416202330120434,38.517208099365234,25119400.0
2014-10-03,38.70238913310384,38.97173999945574,38.390952795931135,38.794979095458984,32453200.0
2014-10-06,38.82022973576835,38.97173999945574,38.65188464156951,38.794979095458984,20604000.0
2014-10-07,38.60138593340848,38.66030623866728,38.231026059306544,38.32361602783203,25723700.0
2014-10-08,38.28153586295884,39.46836436491047,38.163695236099514,39.37577438354492,33031000.0
2014-10-09,39.140077185846565,39.39259317066904,38.50036981023531,38.59295654296875,34422800.0
2014-10-10,38.38253112713252,38.82022705748577,36.99369142037094,37.06102752685547,51978100.0
2014-10-13,36.8842601839048,37.5071359172499,36.60649357550071,36.74116897583008,37100200.0
2014-10-14,36.926361896539966,37.35564213152915,36.66542999969971,36.80852127075195,38115700.0
2014-10-15,36.19407717515409,36.52234852415871,35.436525438283915,36.37925720214844,60218700.0
2014-10-16,35.7984517718778,36.26140164932577,35.53751988922465,35.975215911865234,49040400.0
2014-10-17,36.362405302076645,36.985278028230454,36.01729927517633,36.72434616088867,40683300.0
2014-10-20,36.24456180286348,37.15362017728138,36.03413123710098,37.103118896484375,34527900.0
2014-10-21,37.33881222707693,37.86067930056907,37.19571772621754,37.77650833129883,36433800.0
2014-10-22,37.877499655963824,37.93641995411098,37.229373165429706,37.35563278198242,33570900.0
2014-10-23,37.557650291367175,38.256281381868405,37.48189515156482,37.89434051513672,45451900.0
2014-10-24,39.41786156558666,39.47678187676172,38.029018320080496,38.82865524291992,61076700.0
2014-10-27,38.475129459622174,38.80340067612706,38.475129459622174,38.64347457885742,30371300.0
2014-10-28,38.60138971008779,39.14009153139699,38.52563456578392,39.131675720214844,29049800.0
2014-10-29,39.08957101127944,39.30842054331668,39.00540009028962,39.24108123779297,30276100.0
2014-10-30,38.98857214256145,38.98857214256145,38.52562557361134,38.76130676269531,30073900.0
2014-10-31,39.51044084275724,39.53569469341373,39.123249382456734,39.51885986328125,35849700.0
2014-11-03,39.468354536317,39.94813594671901,39.33367910902724,39.93130111694336,23130400.0
2014-11-04,39.81346790961913,40.175408789690614,39.7713824328258,40.040733337402344,21530800.0
2014-11-05,40.23431988420371,40.31849402942735,39.779789132741996,40.28482437133789,22449600.0
2014-11-06,40.28483911484783,41.12656160964727,40.225918797085185,40.991886138916016,33037800.0
2014-11-07,41.17705198284958,41.17705198284958,40.64676926363411,40.975040435791016,28000600.0
2014-11-10,40.949794308362556,41.37065549052079,40.86562014538131,41.15180587768555,36370100.0
2014-11-11,41.118136785821356,41.20231094997629,40.9497948793436,41.134971618652344,23445200.0
2014-11-12,40.874027418064045,41.17704468494745,40.84035776254975,41.0592041015625,22722100.0
2014-11-13,41.08445457310142,41.791501226234274,41.000280441231546,41.75783157348633,26210400.0
2014-11-14,41.86728045812883,42.128212389954605,41.5726756432422,41.73260498046875,29081700.0
2014-11-17,41.589494883842754,41.84201090840089,41.3622294984658,41.6315803527832,30318600.0
2014-11-18,41.614647251230956,41.784054151673786,41.250423546187626,41.284305572509766,23995500.0
2014-11-19,41.21654947953716,41.29278243790002,40.59821692000216,40.84385681152344,26177500.0
2014-11-20,40.65750841681214,41.250431060791016,40.54739342678944,41.250431060791016,21510600.0
2014-11-21,41.52146565606602,41.54687555554924,40.29326989275642,40.64055252075195,42884800.0
2014-11-24,40.6490287693016,40.65749765960027,40.14080810985603,40.31021499633789,35434200.0
2014-11-25,40.36949566373782,40.63207642611489,40.19161993656306,40.208560943603516,28008000.0
2014-11-26,40.225513056101015,40.64902865553655,40.047634048650714,40.44573974609375,27163600.0
2014-11-28,40.61514298326806,40.82690076396167,40.327152272278056,40.496559143066406,21534400.0
2014-12-01,40.55586909320343,41.31819550390963,40.411872058107605,41.18267059326172,31191600.0
2014-12-02,41.369007185413444,41.54688297589948,40.82690769183628,41.04713439941406,25773500.0
2014-12-03,41.03019020636066,41.081013241632505,40.49656287626054,40.72526168823242,23534800.0
2014-12-04,40.98784239512366,41.55535502286378,40.826907617998955,41.3690071105957,30320400.0
2014-12-05,41.352058363999056,41.47911432245068,40.979365840330765,41.01324462890625,27313400.0
2014-12-08,40.87771666320616,40.95394958622911,40.19162358716661,40.40338134765625,26663100.0
2014-12-09,39.903640407482,40.589733612540485,39.85281737218716,40.31021499633789,24330500.0
2014-12-10,40.30173510225436,40.36949589964547,39.55634694395183,39.72575378417969,30431800.0
2014-12-11,39.87823043798103,40.437270900608446,39.53941666559028,39.95446014404297,29060400.0
2014-12-12,39.62411521037215,40.42879542975928,39.53094126912548,39.76811218261719,34248400.0
2014-12-15,39.97989285058457,40.37799551220404,39.429321008692575,39.53096389770508,29247800.0
2014-12-16,38.87873476904585,39.25142734721316,38.22652033387728,38.251930236816406,47801400.0
2014-12-17,38.15876749432326,38.92109711812261,38.03171471113581,38.743221282958984,34970900.0
2014-12-18,39.45471498909039,40.25092315673828,39.25142607864433,40.25092315673828,40105600.0
2014-12-19,40.34410455852035,40.74220710029894,39.95446767745471,40.36951446533203,64551200.0
2014-12-22,40.47114565147351,40.75913635989668,40.41185373190115,40.64055252075195,26566000.0
2014-12-23,40.970897910370645,41.33512158194017,40.767612233456425,41.03866195678711,23648100.0
2014-12-24,41.19960053572379,41.19960053572379,40.72526509155121,40.776084899902344,11437800.0
2014-12-26,41.004784156718536,41.004784156718536,40.50503557201387,40.55585861206055,13197800.0
2014-12-29,40.40340829233412,40.47116914067308,40.030712317377805,40.191650390625,14439500.0
2014-12-30,40.18315939375141,40.33562526987245,39.67494196079302,39.82740783691406,16384700.0
2014-12-31,39.58176454659415,40.18315587689994,39.34459686279297,39.34459686279297,21552500.0
2015-01-02,39.5224797128594,40.16622206911381,39.42083686317038,39.607181549072266,27913900.0
2015-01-05,39.27683686204249,39.581768618969726,39.17519402012263,39.242958068847656,39673900.0
2015-01-06,39.28530158726092,39.598702175689326,38.5737953654457,38.666969299316406,36447900.0
2015-01-07,38.94649870619703,39.35307334162107,38.53145517950431,39.15825653076172,29114100.0
2015-01-08,39.59870865804818,40.44573985928985,39.57329875598457,40.31021499633789,29645200.0
2015-01-09,40.32715984789913,40.5050356416163,39.7257684132356,39.971405029296875,23944200.0
2015-01-12,40.16622219823204,40.26786827941575,39.26837109928488,39.471656799316406,23651900.0
2015-01-13,39.78506505686994,40.5812733929366,39.01426662829603,39.268375396728516,35270600.0
2015-01-14,38.92955780029297,39.1667287616564,38.64156702884079,38.92955780029297,29719600.0
2015-01-15,39.149780387956085,39.28530524132811,38.46368400022856,38.52297592163086,32750800.0
2015-01-16,38.378982125126164,39.20060013391444,38.260395051319286,39.16672134399414,35695300.0
2015-01-20,39.217552141973755,39.514015062874996,38.59921962398195,39.293785095214844,36161900.0
2015-01-21,38.91261667288245,39.08202357874209,38.52298305122286,38.89567565917969,39081100.0
2015-01-22,39.28530090237142,39.92904307699708,39.031192234260416,39.92057418823242,35898000.0
2015-01-23,40.1154061208564,40.14081602793231,39.641067391373866,39.96294021606445,26211600.0
2015-01-26,39.81046650397874,39.92058146499327,39.166724212011125,39.81893539428711,42525500.0
2015-01-27,36.37998195815122,36.591739707347486,35.668475791605104,36.134342193603516,169164000.0
2015-01-28,36.20211053354292,36.24446144218995,34.863799848359676,34.88920974731445,84507100.0
2015-01-29,34.66899382217906,35.676959977326106,34.55040994876979,35.58378601074219,63585300.0
2015-01-30,35.194150134202445,35.21956327058834,34.17771192030282,34.22006607055664,78004900.0
2015-02-02,34.381003616441994,35.04168705450589,34.076071804668416,34.9654541015625,50352500.0
2015-02-03,35.26189765205518,35.516006278562664,34.77061817379643,35.23648452758789,52082400.0
2015-02-04,35.52449065373426,35.75318948664794,35.0332141924577,35.439788818359375,41614800.0
2015-02-05,35.7616575201765,36.11740906547864,35.45672577782178,35.95647430419922,36548200.0
2015-02-06,36.15128329113181,36.244457217996434,35.70235789569333,35.922584533691406,34616600.0
2015-02-09,35.778609968581094,36.202125694751395,35.75319682781625,35.880252838134766,31381100.0
2015-02-10,36.20210986227779,36.22751976076141,35.72777129319154,36.08352279663086,29670700.0
2015-02-11,36.12588127190473,36.12588127190473,35.75318548318488,35.89718246459961,38262500.0
2015-02-12,36.13434964104372,36.498573303222656,36.00729367287247,36.498573303222656,33268800.0
2015-02-13,36.74420497947042,37.15924835205078,36.54938824094969,37.15924835205078,40264900.0
2015-02-17,37.5090155172235,37.53460625288203,36.843627102637214,37.17632293701172,33695700.0
2015-02-18,37.2189825140362,37.27869641167244,37.01424682630955,37.13367462158203,27111700.0
2015-02-19,36.83509172537316,37.13366110487466,36.72419313263167,37.108070373535156,27603400.0
2015-02-20,37.11660750847572,37.43224178224554,36.92893668138766,37.41518020629883,29721100.0
2015-02-23,37.27869737748558,37.69669467176869,37.23604505723514,37.662574768066406,32518800.0
2015-02-24,37.66256625599211,37.79052318782402,37.46635976969031,37.61138153076172,25271700.0
2015-02-25,37.491957931254476,37.611385715918516,37.36399773102126,37.52608108520508,29759800.0
2015-02-26,37.5260786530421,37.730811055150326,37.440770773694624,37.585792541503906,28957300.0
2015-02-27,37.64550169176479,37.70521557271079,37.24456284470243,37.40664291381836,33807700.0
2015-03-02,37.25308702999733,37.69667812504996,37.15072085549658,37.43223190307617,31924000.0
2015-03-03,37.15924596718615,37.389572255179445,36.75830725243914,36.920387268066406,31748600.0
2015-03-04,36.69008292205403,36.860695450840126,36.57918754438189,36.73273849487305,25748700.0
2015-03-05,36.74126746858505,36.88628925626694,36.528002622236556,36.775390625,23193500.0
2015-03-06,36.68154698759593,36.77538402381163,35.9564479418318,36.135589599609375,36248800.0
2015-03-09,35.99056611629168,36.7924438389302,35.99056611629168,36.553585052490234,32108000.0
2015-03-10,36.12705121972031,36.434153013295315,35.85407257080078,35.85407257080078,39159700.0
2015-03-11,36.09293919357172,36.144120667544776,35.69200029191404,35.81142807006836,32215300.0
2015-03-12,35.25691916760605,35.52989770315498,34.855980519823184,34.992469787597656,59992500.0
2015-03-13,34.71951429261557,35.376370346608326,34.64273882515764,35.29959487915039,58007700.0
2015-03-16,35.37637241623406,35.521390944270294,35.214289056472175,35.453147888183594,35273500.0
2015-03-17,35.291055906325056,35.683465586064386,35.10338510731483,35.572566986083984,31673400.0
2015-03-18,35.34224695366369,36.53653127175811,35.256942325583935,36.25502014160156,44194800.0
2015-03-19,36.050280339797176,36.33179143763615,36.01616044498003,36.07587432861328,33879100.0
2015-03-20,36.30619918435085,36.664482471163915,36.24648530321534,36.57917785644531,71904500.0
2015-03-23,36.57918010509849,36.79244490916759,36.493872230973246,36.56211853027344,26246100.0
2015-03-24,36.493882962353226,36.82657563386651,36.46829221967178,36.59625244140625,25513300.0
2015-03-25,36.61329383414277,36.621826247199586,35.3507667971891,35.367828369140625,43469900.0
2015-03-26,35.16310394818518,35.49579654090274,34.90718356532904,35.154571533203125,37495600.0
2015-03-27,35.07778983076849,35.342239327412805,34.830405161053385,34.949832916259766,34401400.0
2015-03-30,35.0607348455166,35.436083008588625,34.898654755020964,34.941307067871094,35049700.0
2015-03-31,34.78774902375531,35.001013798553544,34.58301666227985,34.68538284301758,34887200.0
2015-04-01,34.63419901340359,34.770688342606825,34.3868143414593,34.736568450927734,36865300.0
2015-04-02,34.68539347292052,34.75363978376902,34.22474063718287,34.3697624206543,37487500.0
2015-04-06,34.412409701411974,35.64081382943231,34.275920353854154,35.444610595703125,39223700.0
2015-04-07,35.495797574723994,35.751714710870914,35.239880438577075,35.42755126953125,28809400.0
2015-04-08,35.36782140989379,35.564024567486676,35.00953823189673,35.33369827270508,24753400.0
2015-04-09,35.18868830511104,35.50431926480358,35.18868830511104,35.384891510009766,25723900.0
2015-04-10,35.51286228331556,35.78584101983785,35.32518818164528,35.589637756347656,28022000.0
2015-04-13,35.31665399968202,35.87967297049838,35.30812158491174,35.62375259399414,30276700.0
2015-04-14,35.65788326111036,35.854086538068806,35.30812902754732,35.52992630004883,24244400.0
2015-04-15,35.62375191088052,36.22089402100182,35.5555088648407,36.0502815246582,27343600.0
2015-04-16,35.78582421873065,36.118516694286,35.6749256421583,35.9649658203125,22509700.0
2015-04-17,35.54697054075922,35.60668767059016,35.11191183886352,35.50431823730469,42387600.0
2015-04-20,35.59814569062595,36.8265492724665,35.55549339863395,36.60475540161133,46057700.0
2015-04-21,36.6815525746523,36.80951278064777,36.2806136330855,36.37445068359375,26013800.0
2015-04-22,36.40003366294533,36.792443359063476,36.29766747247051,36.67301559448242,25064300.0
2015-04-23,36.58771459538422,37.20191836191009,36.51093912456849,36.97159194946289,46309500.0
2015-04-24,38.950681341170316,41.0662676797316,38.94215218135236,40.835941314697266,130933700.0
2015-04-27,40.28999949751361,41.05775434351982,40.28147033440853,40.97244644165039,59248200.0
2015-04-28,40.759167322070496,41.97904223204071,40.690924278591005,41.9363899230957,60730800.0
2015-04-29,41.561041615449305,42.06434662941566,41.37336756659877,41.85108184814453,47804600.0
2015-04-30,41.543974934878634,42.260544642018395,41.45866708036086,41.49279022216797,64725500.0
2015-05-01,41.44162556470705,41.69754272368941,41.288074618485,41.50986862182617,38937300.0
2015-05-04,41.262483823126416,41.68901353921378,41.10040370251207,41.151588439941406,34039500.0
2015-05-05,40.7932839280509,41.08332413818498,40.3582252399308,40.60560989379883,50369200.0
2015-05-06,40.580034949785215,40.750647478734834,39.25779354521146,39.47958755493164,52433000.0
2015-05-07,39.471044438816236,40.17055263146835,39.3772074183596,39.837860107421875,32971700.0
2015-05-08,40.56296903227032,40.9297847913149,40.53737829462259,40.73358154296875,35364900.0
2015-05-11,40.56296712572554,40.8700689797157,40.40941619873047,40.40941619873047,24609400.0
2015-05-12,39.965815895941645,40.673856481931196,39.59900023763705,40.3923454284668,29928300.0
2015-05-13,41.10892139319215,41.2198199995934,40.58002560400265,40.63121032714844,34184600.0
2015-05-14,40.97244493278408,41.64636268899783,40.97244493278408,41.561058044433594,32980900.0
2015-05-15,41.68900227367235,41.72312542273754,40.98949398864896,41.2027587890625,28642700.0
2015-05-18,40.929784933650005,41.134520598032694,40.614153902966216,40.95537567138672,24136500.0
2015-05-19,40.83517205477354,41.04982286888025,40.50890190024411,40.85234451293945,28574800.0
2015-05-20,40.68920779801899,41.152854342564254,40.586176324334986,40.85234451293945,25047900.0
2015-05-21,40.59475808215582,40.86951084300913,40.36293482606498,40.714962005615234,22410700.0
2015-05-22,40.61192913921904,40.65485864250172,40.19980001214528,40.268489837646484,25720600.0
2015-05-26,40.208397028115755,40.25132654116779,39.658888124989176,40.0023307800293,29581900.0
2015-05-27,40.1998039937702,41.01547773817477,40.028082688320055,40.87810134887695,27335600.0
2015-05-28,40.783652161357594,41.23012622016139,40.68920528493411,40.74072265625,19283700.0
2015-05-29,40.723538092489456,40.84374198117995,40.00231148503618,40.234134674072266,36519600.0
2015-06-01,40.40587311528958,41.01548068184302,40.02808556112327,40.55183410644531,28837300.0
2015-06-02,40.294251471557175,40.65486327055624,40.02808328040678,40.28566360473633,21498300.0
2015-06-03,40.6720255845155,40.98971107141966,40.199794561809405,40.22555160522461,28002200.0
2015-06-04,40.1740435315837,40.491725790727344,39.66746752496,39.80484390258789,27745500.0
2015-06-05,39.761904300516335,39.94221013624048,39.358359860772445,39.61594009399414,25438100.0
2015-06-08,39.753323341035525,39.86494266243129,39.21240246460631,39.263919830322266,22121600.0
2015-06-09,39.28967215616204,39.444220959435,39.03209190914396,39.195228576660156,24406100.0
2015-06-10,39.31543878631888,40.20838684298218,39.229576506652556,40.019493103027344,28417400.0
2015-06-11,40.06242892600733,40.28566433773832,39.60737023556823,39.87353515625,27347800.0
2015-06-12,39.6846405745693,39.89929137252727,39.409887815207995,39.46998977661133,23931000.0
2015-06-15,39.023505959277905,39.19522720973808,38.654306417147176,39.04926300048828,33254500.0
2015-06-16,38.93765244722317,39.70181201974231,38.894722943787784,39.34978485107422,27070300.0
2015-06-17,39.26392356943473,39.555848785670015,38.94624130554408,39.46998977661133,28704100.0
2015-06-18,39.6846396071761,40.18262774313728,39.641706828382084,40.11394119262695,32658300.0
2015-06-19,40.1740500186752,40.20839493745581,39.487168019621706,39.58161163330078,63837000.0
2015-06-22,39.779084323520536,40.113939017969265,39.63312008921846,39.69322204589844,20318100.0
2015-06-23,39.60736987276338,39.736158398436004,39.16948036966641,39.41847610473633,25896500.0
2015-06-24,39.212410187482384,39.71040166154976,39.10937871106939,39.18665313720703,34890900.0
2015-06-25,39.52149536107148,39.547255678490664,39.06643681549585,39.195228576660156,20616000.0
2015-06-26,39.19522471223913,39.73614219505262,38.66288854220172,38.86036682128906,49835300.0
2015-06-29,38.671495498329996,38.83462895499323,38.087644960898,38.096229553222656,34081700.0
2015-06-30,38.38814135360159,38.39672921822506,37.72701661595347,37.907325744628906,35945400.0
2015-07-01,38.17350158397212,38.83462651198334,37.86440387473969,38.1649169921875,28343900.0
2015-07-02,38.19068059054267,38.42250391221248,37.83006871815332,38.12199401855469,21752000.0
2015-07-06,37.744199829020445,38.19067393270046,37.73561523726059,38.113399505615234,23034000.0
2015-07-07,38.070466282720815,38.19925807373745,37.1946906196171,38.0361213684082,36435800.0
2015-07-08,38.15634104716158,38.551301174204916,37.80431371839073,37.984622955322266,39785900.0
2015-07-09,38.42249973887489,38.826044359651135,38.207848902344864,38.22502136230469,32424700.0
2015-07-10,38.64572351038639,38.75734282879975,38.26793933116303,38.302284240722656,25465800.0
2015-07-13,38.619976710402874,39.16948230787816,38.59421965905614,39.10079574584961,28178300.0
2015-07-14,39.02351838968395,39.46140460629513,38.90331445866565,39.16947937011719,22880300.0
2015-07-15,39.22099392901032,39.40129981259558,39.00634313179608,39.28968048095703,26629600.0
2015-07-16,39.50433033647687,40.08818075300681,39.46998869897776,40.06242370605469,26271700.0
2015-07-17,39.9679780250181,40.16545636659769,39.71898231268726,40.028079986572266,29467100.0
2015-07-20,40.0538436055578,40.465972779547386,39.873534430746744,40.28566360473633,30631900.0
2015-07-21,40.165459266783905,40.637693677823734,39.90787894505131,40.59476089477539,42781900.0
2015-07-22,39.01493344917427,40.2942538294872,38.8088704877769,39.10079574584961,59152400.0
2015-07-23,38.86897910734139,39.69323764456514,38.7230148156782,39.590206146240234,33934000.0
2015-07-24,39.41846445412263,39.770491560747004,39.324017598024035,39.44422149658203,32333200.0
2015-07-27,39.44422859100514,39.50433055109405,38.85179358070966,38.937652587890625,39701400.0
2015-07-28,39.13514339954789,39.18665750584153,38.45684594731145,38.9290771484375,34328900.0
2015-07-29,38.98059075624447,40.16546094065545,38.86038354413563,39.744747161865234,40945900.0
2015-07-30,39.71898353043708,40.69779395285285,39.43564617089645,40.251319885253906,39777900.0
2015-07-31,40.60335113660627,40.67203769794076,39.925053738627895,40.09677505493164,31201500.0
2015-08-03,40.33718031025065,40.35435276829581,39.88212163564401,40.191219329833984,24125900.0
2015-08-04,40.139699663610145,40.96395795084165,40.079597701539804,40.817996978759766,33403900.0
2015-08-05,41.195783850323295,41.56498351261177,40.81799959660762,40.85234451293945,26959700.0
2015-08-06,40.96395759903021,41.01547496978146,39.77908754955268,40.028079986572266,27368000.0
2015-08-07,39.830609447163575,40.16546423436121,39.718990092993735,40.13112258911133,19163000.0
2015-08-10,40.31141757687485,40.77506405278504,40.216970708599334,40.63768768310547,23079900.0
2015-08-11,40.19981323289611,40.30284472972134,39.409899631715625,39.84778594970703,29237400.0
2015-08-12,39.658888119666564,40.26849899604656,39.24675889886087,40.13112258911133,30181400.0
2015-08-13,40.40587255254772,40.44021419537497,39.916468932658965,40.12253189086914,22627200.0
2015-08-14,39.95081403826492,40.44021770057326,39.94222944564195,40.3543586730957,21473400.0
2015-08-17,40.19122218132638,40.74072777651208,39.985155945475896,40.62910842895508,21099700.0
2015-08-18,40.48217890100022,40.992095460583336,40.3611823100669,40.85381317138672,23574100.0
2015-08-19,40.43032116209318,40.68960333500218,40.01547430111248,40.28339767456055,31485500.0
2015-08-20,39.81667444474591,40.16238164333118,39.46232604980469,39.46232604980469,36238200.0
2015-08-21,39.15123079611379,39.30679886697465,37.22391891479492,37.22391891479492,70053100.0
2015-08-24,34.95953693570685,36.89548963230365,34.32862357406256,36.0225830078125,88753700.0
2015-08-25,36.79176187559953,37.37082115713752,34.9076638560613,34.976806640625,70616600.0
2015-08-26,36.30778296224347,37.02512472716212,35.48673358376989,36.91276931762695,63408000.0
2015-08-27,37.362171571265264,37.98444335993711,37.10289275828832,37.94123077392578,50943200.0
2015-08-28,37.5091036743936,38.15730244782038,37.50045917781195,37.9671630859375,28246700.0
2015-08-31,37.647383432434445,37.9671605494939,37.24981903897462,37.61281204223633,34441700.0
2015-09-01,36.446069136971964,36.80906230742876,36.00529524810737,36.143577575683594,49688900.0
2015-09-02,36.61027548482783,37.49182641059087,36.19542857215878,37.47454071044922,37671500.0
2015-09-03,37.51774366674128,38.01037445493998,37.4053882931616,37.59552764892578,28285200.0
2015-09-04,36.99919341647204,37.19797401156473,36.47199113096488,36.82633972167969,37138800.0
2015-09-08,37.42268152739823,38.02766781104689,37.33625632840986,37.93259811401367,32469800.0
2015-09-09,38.2091811656393,38.3733937387211,37.08563655146433,37.22391891479492,33469500.0
2015-09-10,37.26711661976658,37.84617605108349,36.94733940071979,37.41404342651367,31366600.0
2015-09-11,37.28439301239058,37.67331293679225,37.11153934633323,37.578243255615234,27132500.0
2015-09-14,37.53504575915741,37.54368696232634,37.04241475575898,37.19798278808594,23656000.0
2015-09-15,37.32759831291737,38.27829164206485,37.23253194722055,38.01036834716797,28882200.0
2015-09-16,38.00172820013012,38.35607667251801,37.889372841497206,38.28693389892578,23372200.0
2015-09-17,38.278303849257625,38.89193130751788,38.09680896108091,38.24373245239258,32768200.0
2015-09-18,37.595528951911916,38.01902026890695,37.44860547875432,37.578243255615234,63143700.0
2015-09-21,37.69924272039147,38.43387003317731,37.681957022770774,38.12273406982422,26177200.0
2015-09-22,37.49181262620822,38.07086853195976,37.431314346410566,37.94123077392578,28085900.0
2015-09-23,37.96716700011355,38.174588782724705,37.60417393517933,37.91530990600586,17145200.0
2015-09-24,37.55232510533658,38.14002572865785,37.39675709934505,37.949886322021484,27905600.0
2015-09-25,38.442514995337774,38.658581291375135,37.82024300773897,37.97581100463867,29384600.0
2015-09-28,37.880747452307546,38.10545496644333,37.34490062406556,37.41404342651367,27613800.0
2015-09-29,37.48316855911075,37.656022202039914,37.206604049187696,37.54366683959961,32763600.0
2015-09-30,37.923965715873955,38.28695559217516,37.73382627767193,38.252384185791016,34958900.0
2015-10-01,38.675855724405956,38.675855724405956,37.81159079201699,38.55485916137695,28657900.0
2015-10-02,38.26100826929153,39.384552001953125,37.95851357021136,39.384552001953125,41839000.0
2015-10-05,39.540131608279765,40.52539337658704,39.49691900907348,40.30068588256836,34369300.0
2015-10-06,40.0414024935724,40.77602648830731,39.94633280784938,40.40439224243164,27017200.0
2015-10-07,40.7068878371356,40.922954127772016,39.71298487835409,40.447608947753906,27711500.0
2015-10-08,40.24018865935769,41.06988245516051,40.188331560778735,41.00938415527344,33772700.0
2015-10-09,41.00938066865189,41.087164661452086,40.55131791242419,40.71553039550781,28600600.0
2015-10-12,40.6031786253539,40.68096262508659,40.18833172574956,40.62046432495117,19769100.0
2015-10-13,40.24019242777648,40.73282337122525,40.24019242777648,40.52539825439453,19987800.0
2015-10-14,40.31797949735583,40.70689626347933,40.2142652826063,40.34390640258789,24697800.0
2015-10-15,40.62909698486328,40.6463826808266,40.21425017247195,40.62909698486328,27189400.0
2015-10-16,40.63774169169967,41.08715989834447,40.53403081229223,41.06122970581055,26450300.0
2015-10-19,40.98346112128622,41.3810256860642,40.63775696106227,41.156314849853516,29387600.0
2015-10-20,41.00074060362757,41.320521106882026,40.63775079592487,41.28594970703125,30802200.0
2015-10-21,41.415576810036406,41.47607839259778,40.71552427694551,40.79330825805664,25144300.0
2015-10-22,41.07851809583395,42.305776220792914,40.698242648461544,41.510650634765625,56637100.0
2015-10-23,45.20107177058736,46.7308216538083,45.15785916760807,45.693702697753906,135227100.0
2015-10-26,45.39985706708029,46.9468928105289,45.37393016199912,46.88639450073242,64633300.0
2015-10-27,46.66168318793146,46.99010161541866,46.30733456055081,46.402400970458984,50999900.0
2015-10-28,46.27276249995171,46.653038024902344,45.6850618633578,46.653038024902344,47000800.0
2015-10-29,46.27275165835841,46.52338931460473,45.99618710557266,46.117183685302734,30202100.0
2015-10-30,46.082623276929795,46.661682713983645,45.47763693715617,45.49492263793945,46619800.0
2015-11-02,45.676407365991786,46.11718439540638,45.477626796673086,46.01347351074219,30285000.0
2015-11-03,45.74556023804818,47.00738671983847,45.71963333539409,46.799964904785156,36596900.0
2015-11-04,46.82588995421118,47.4308762685087,46.72217905078909,47.016029357910156,37087800.0
2015-11-05,47.093810846678714,47.275305742209966,46.6703194601958,46.998741149902344,31468500.0
2015-11-06,46.748096749992946,47.51729211803417,46.63574137020538,47.46543502807617,32851200.0
2015-11-09,47.14567195183101,47.422236586989044,46.29005114209538,46.80860900878906,32513100.0
2015-11-10,46.73081198234547,46.78266907333438,46.03940058704127,46.246822357177734,55283700.0
2015-11-11,46.411040968892245,46.843173560228465,46.203615874410445,46.367828369140625,36516300.0
2015-11-12,46.2209086613292,46.65304131892979,45.97027092866233,46.08262634277344,35361100.0
2015-11-13,45.86654714212676,46.05668651312226,45.39984321163396,45.66776657104492,36848200.0
2015-11-16,45.875204295329375,46.57525708729191,45.67642037249674,46.4715461730957,32165200.0
2015-11-17,46.262718631581805,46.57595179910934,45.984289886920095,46.08870315551758,31551300.0
2015-11-18,46.114809569032,46.96749810238986,46.09740735580435,46.85438537597656,29710000.0
2015-11-19,46.97620067390053,47.5591598785133,46.79347909533385,46.93269348144531,28149200.0
2015-11-20,47.2024217872649,47.245925659647824,46.3497332758554,47.15021514892578,37147600.0
2015-11-23,47.2024217872649,47.38514004275279,46.7673764251703,47.15021514892578,28235900.0
2015-11-24,46.91528776408525,47.36773531493642,46.61946011993558,47.20241928100586,24600000.0
2015-11-25,47.063201760161085,47.185013915878166,46.71516418457031,46.71516418457031,21005100.0
2015-11-27,46.8108832410653,47.054510916168056,46.80218379369477,46.92399597167969,9009100.0
2015-11-30,47.45473658580866,47.82017300200329,46.98488692001685,47.2894172668457,56241400.0
2015-12-01,47.3416424611956,48.05511668430762,47.2459319377554,48.046417236328125,39952800.0
2015-12-02,48.13340732669136,48.69026472872899,47.90718525178805,48.037696838378906,47274900.0
2015-12-03,48.28132255340616,48.52494682748937,46.92398019966016,47.158905029296875,38627800.0
2015-12-04,47.0892925711045,48.925183887198315,47.07189036441978,48.64675521850586,43963700.0
2015-12-07,48.54235502249494,48.69897159490242,48.10730972561464,48.559757232666016,30709800.0
2015-12-08,48.263925861784024,48.81208054112346,47.84628277884972,48.542354583740234,32878000.0
2015-12-09,48.176916443453024,48.61196175113597,47.428637983177175,47.837581634521484,36373200.0
2015-12-10,48.194314721122666,48.42923956639611,47.86367938490832,48.08990478515625,31775800.0
2015-12-11,47.60265095563932,47.94198572312273,46.993586935451006,47.03709411621094,39549500.0
2015-12-14,47.272016416817465,48.037693633977995,46.706456288587525,47.97678756713867,46768900.0
2015-12-15,48.42924403404783,48.63806724437685,47.93329264354026,48.02900314331055,39843000.0
2015-12-16,48.32483456502803,48.94259811801476,47.64616161411489,48.83818817138672,37503300.0
2015-12-17,49.03830613433086,49.41244535318659,48.31612935217094,48.464046478271484,41280900.0
2015-12-18,48.52496317909956,48.72508366012197,47.01100376209872,47.09801483154297,84684200.0
2015-12-21,47.75058089968561,48.15952129183812,47.185020589147776,47.70707702636719,37246300.0
2015-12-22,47.84628175004566,48.27262426925344,47.41993591170578,48.15951156616211,28322200.0
2015-12-23,48.46405241769203,48.620669008459544,48.237826978080015,48.56846237182617,27279800.0
2015-12-24,48.603242705894836,48.69025040469221,48.229103626630405,48.437923431396484,9558500.0
2015-12-28,48.159515585091796,48.68157196044922,47.837582977724104,48.68157196044922,22458300.0
2015-12-29,48.97739502643529,49.464643582040125,48.77727460979304,49.203617095947266,27731400.0
2015-12-30,49.134018749825124,49.4037447198462,48.977402171495065,48.99480438232422,21704500.0
2015-12-31,48.759865329457156,48.89037689400849,48.22040690809127,48.272613525390625,27334100.0
2016-01-04,47.26331476073622,47.68095779418945,46.45413034619191,47.68095779418945,53778000.0
2016-01-05,47.79407334154933,48.19431419096109,47.45473856404232,47.89848327636719,34079700.0
2016-01-06,47.26331763468783,47.332926470728644,46.67165580486882,47.02839279174805,39518900.0
2016-01-07,45.85377801857769,46.5411504301648,45.30561997852814,45.39262771606445,56564900.0
2016-01-08,45.5666423784556,46.358424667116886,45.375224709406275,45.53184127807617,48754000.0
2016-01-11,45.688455532443534,45.98428646653377,44.77486107453117,45.5057373046875,36943800.0
2016-01-12,45.90597959474529,46.20181053794946,45.2969188167946,45.92338180541992,36095500.0
2016-01-13,46.810864146669516,47.045788959441765,44.63563808670224,44.93146896362305,66883600.0
2016-01-14,45.244705464577116,46.48023236677268,44.87056628847411,46.210506439208984,52381900.0
2016-01-15,44.644345907499556,45.21860551962463,43.800357038493026,44.36591720581055,71820700.0
2016-01-19,44.79226492294561,44.96628371156322,43.55673783011198,43.991783142089844,43564500.0
2016-01-20,43.48712382924489,44.70525188596042,42.72144324161992,44.191898345947266,63273000.0
2016-01-21,44.37461234309998,44.879266390381154,43.76554837260366,43.92216491699219,40191200.0
2016-01-22,44.731351610913926,45.531836581448815,44.6008367107743,45.497032165527344,37555800.0
2016-01-25,45.192515720079044,45.81028272104963,44.94019190636024,45.06200408935547,34707700.0
2016-01-26,45.06199565812053,45.6275525903714,44.85317244124799,45.39262771606445,28900800.0
2016-01-27,45.253397445936415,45.418716735960224,44.39200986190256,44.5660285949707,36775200.0
2016-01-28,45.122898181182784,45.42742855768615,44.59214239430647,45.29691696166992,62513800.0
2016-01-29,47.62006302442164,47.93329620361328,46.98489721956418,47.93329620361328,83611700.0
2016-02-01,47.75057827692995,47.93329652631098,47.41994288343147,47.6026611328125,44208500.0
2016-02-02,47.13280775645234,47.211116045788934,45.81027292186243,46.114803314208984,56313800.0
2016-02-03,46.3323175068496,46.45412964153423,44.60083601190336,45.38391876220703,57559800.0
2016-02-04,45.33172056507073,45.949487435861485,44.69655480248968,45.244712829589844,46987100.0
2016-02-05,45.19249776569122,45.24470438871948,43.121684839213145,43.64373779296875,62009000.0
2016-02-08,43.11298875870744,43.13039096908102,41.9296650063618,42.99117660522461,59290500.0
2016-02-09,42.651844903552565,43.71335657963688,42.34731117855941,42.87806701660156,46740500.0
2016-02-10,43.40881764715729,43.84386292855856,43.08688506827734,43.252201080322266,38237000.0
2016-02-11,42.35600843231475,43.600238190008454,42.20809131219284,43.234798431396484,48878600.0
2016-02-12,43.72203736258025,44.09617645529302,43.28699221469388,43.93955993652344,34243300.0
2016-02-16,44.60558416042985,44.77208709716797,43.930803822655506,44.77208709716797,37291200.0
2016-02-17,45.12262731225474,46.244338440543714,45.087573003755004,45.937618255615234,40789000.0
2016-02-18,45.85875500113924,46.40208345753914,45.65719438149488,45.73606491088867,27176000.0
2016-02-19,45.54327527625515,45.81493784724578,45.157684515422034,45.41182327270508,33559100.0
2016-02-22,45.814939463723874,46.445903754285105,45.814939463723874,46.13918685913086,25008300.0
2016-02-23,45.86751908832155,45.89380815171502,44.67569918435571,44.85096740722656,28895300.0
2016-02-24,44.42155713748464,45.13139188319183,43.992153533373774,45.008705139160156,33014500.0
2016-02-25,45.33294822153368,45.65719223022461,44.35145094651726,45.65719223022461,26939500.0
2016-02-26,46.095361693727895,46.16547031436674,44.78085514341668,44.95612335205078,35975900.0
2016-02-29,44.999938724535234,45.262842704037375,44.39526692619884,44.58806228637695,31654000.0
2016-03-01,44.66693833227286,46.0866046194193,44.623118768297964,46.077842712402344,33024500.0
2016-03-02,45.928857389321855,46.41084244173046,45.70977297068495,46.40208053588867,29289900.0
2016-03-03,46.41961357227865,46.41961357227865,45.37676946793387,45.87628173828125,24427800.0
2016-03-04,45.92009927145664,45.96391549020586,45.3154240866425,45.59585189819336,33034200.0
2016-03-07,45.18398576885616,45.394305004160444,44.32517498160839,44.71952438354492,38407800.0
2016-03-08,44.5179625298089,45.683493485885656,44.34269428956892,45.26285171508789,33835100.0
2016-03-09,45.47316167155433,46.31444504188094,45.44687261090754,46.30568313598633,28251600.0
2016-03-10,46.3845624878621,46.393324395424095,44.83344409822824,45.61338424682617,38387800.0
2016-03-11,46.44589692539855,46.507240295410156,45.9025685011688,46.507240295410156,32275700.0
2016-03-14,46.19176834701048,46.962946609001285,46.12166305571878,46.59488296508789,24083600.0
2016-03-15,46.22680510669727,46.962928771972656,46.218043202225054,46.962928771972656,21104800.0
2016-03-16,46.84024636107277,47.848032616218475,46.796430148755604,47.62894821166992,31691700.0
2016-03-17,47.50627064864373,48.19857830294266,47.32224051561643,47.9006233215332,28223900.0
2016-03-18,48.12845326474383,48.17227281353947,46.84023942983783,46.87529373168945,67625500.0
2016-03-21,46.66498407898647,47.26089400226786,46.38455627308502,47.19955062866211,23925700.0
2016-03-22,46.980453367027415,47.54130882567292,46.8490014063614,47.383567810058594,23124100.0
2016-03-23,47.4186309504435,47.5325557813913,47.09438695478283,47.29594421386719,20129000.0
2016-03-24,47.182027312152776,47.61143430529726,47.085629619224626,47.50627136230469,19950000.0
2016-03-28,47.50626157461438,47.576370188831646,46.73508687600069,46.91911697387695,17025100.0
2016-03-29,47.02428867937997,48.075894763099754,46.840258534044,47.94444274902344,23924300.0
2016-03-30,48.13723009106637,48.75942905527221,48.11094102983495,48.24238967895508,23008300.0
2016-03-31,48.15475014630775,48.71560565630613,48.075879631279065,48.400123596191406,26360500.0
2016-04-01,48.2423860001628,48.73313627782564,47.82174433772156,48.698081970214844,24399200.0
2016-04-04,48.57539367675781,48.776950924603625,48.19856823944875,48.57539367675781,18928800.0
2016-04-05,48.36507479157956,48.4614724701292,47.72534869379719,47.812984466552734,19272300.0
2016-04-06,47.6377261586156,48.3738500878445,47.506274143660455,48.303741455078125,21188700.0
2016-04-07,48.08464774267437,48.119702052314594,47.52379216028272,47.72534942626953,19225100.0
2016-04-08,47.90938826319913,48.44395488220301,47.602671355392104,47.690303802490234,22167200.0
2016-04-11,47.75163216228092,48.33001478239449,47.58512589668189,47.59389114379883,21414200.0
2016-04-12,47.64648790571924,48.0057862900275,47.1119212830491,47.89186477661133,24944300.0
2016-04-13,48.30373371265636,48.58416151284594,48.10217644020529,48.50529098510742,20818000.0
2016-04-14,48.391366607321366,48.70684869948493,48.259914621265594,48.51405334472656,20877100.0
2016-04-15,48.46147968479154,49.004808184911845,48.29497670621238,48.7681999206543,28793800.0
2016-04-18,48.62797827124689,49.59194836099231,48.38260145299526,49.478023529052734,23786000.0
2016-04-19,49.62699805758706,49.74968478382938,48.79447668856227,49.41667556762695,29596800.0
2016-04-20,49.32904367013441,49.51307376145001,48.627974267768344,48.715606689453125,36195700.0
2016-04-21,48.899637748979636,49.27646318701801,48.56662852265121,48.882110595703125,38909100.0
2016-04-22,45.49069104479752,45.94638706168857,44.49166657594386,45.376766204833984,126834100.0
2016-04-25,45.376769147414954,45.683489375981814,45.24532048628345,45.66596221923828,33226900.0
2016-04-26,45.79740444144714,45.87627496422252,44.77209098833012,45.07880783081055,33532600.0
2016-04-27,45.11387497416406,45.13140213342979,44.29888045460871,44.64065170288086,43369300.0
2016-04-28,44.36021272217626,44.491664712240365,43.43129691466153,43.729251861572266,43134800.0
2016-04-29,43.24726872938865,44.03597407994617,43.24726872938865,43.702964782714844,48411700.0
2016-05-02,43.816877800346546,44.47413096735174,43.624082468277024,44.351444244384766,33114500.0
2016-05-03,44.11484244525654,44.17618582028686,43.466351039697614,43.62409210205078,26460200.0
2016-05-04,43.67667571868405,43.8694711028122,43.343666421452724,43.702964782714844,24257600.0
2016-05-05,43.7029503129173,44.079775706423,43.580263597443306,43.7642936706543,25390700.0
2016-05-06,43.7467734976608,44.158653259277344,43.518927181573375,44.158653259277344,24787300.0
2016-05-09,44.2462946433804,44.33392708154167,43.81688767327845,43.878231048583984,17951600.0
2016-05-10,44.10607876050007,44.78085585862949,43.98338867242254,44.710750579833984,22891000.0
2016-05-11,44.80714627734266,45.37676376055089,44.693221443515846,44.737037658691406,24039100.0
2016-05-12,44.86848943893366,45.403055953298114,44.623112617756064,45.14015197753906,24102800.0
2016-05-13,45.07881882139283,45.48193678217422,44.72828567923278,44.76333999633789,22592300.0
2016-05-16,44.51795924639618,45.53451095325613,44.47414302530875,45.420589447021484,20032000.0
2016-05-17,45.64120555490432,45.65002874588518,44.441049600789526,44.57341766357422,27803500.0
2016-05-18,44.54693429504509,45.12936238743855,44.38808996381556,44.83815002441406,24907500.0
2016-05-19,44.53811787822768,44.670485930149425,43.964512887531804,44.40574645996094,23842400.0
2016-05-20,44.54694539123905,45.19997262299455,44.47634976329932,44.67049026489258,23905800.0
2016-05-23,44.65284743864486,44.72344644387456,44.10571861349811,44.14984130859375,26118700.0
2016-05-24,44.74108638239566,45.63237674669134,44.47634690353967,45.52648162841797,34757900.0
2016-05-25,45.81769230007078,46.320701666986295,45.70297399562135,45.99418640136719,24040200.0
2016-05-26,45.82652493155732,45.87064762114424,45.323518864306465,45.79122543334961,24335200.0
2016-05-27,45.81770036442823,46.17068862915039,45.6853322899166,46.17068862915039,17721400.0
2016-05-31,46.11772487862563,46.770751953125,45.95888391242556,46.770751953125,37653100.0
2016-06-01,46.276570604395495,46.726630682269736,46.276570604395495,46.63838195800781,25324800.0
2016-06-02,46.45308047420135,46.541329228455645,45.74710727189578,46.311885833740234,22840800.0
2016-06-03,46.22362814140441,46.25892426736477,45.535301506831985,45.702972412109375,23368300.0
2016-06-06,45.87948016144014,46.19716558769863,45.791231404413445,46.00302505493164,18243300.0
2016-06-07,46.100084022163884,46.53249102761326,45.97653579711914,45.97653579711914,20866800.0
2016-06-08,45.90594567991637,46.276580300439335,45.77357424896084,45.9235954284668,21149400.0
2016-06-09,45.88829794663311,45.88829794663311,45.43824112104083,45.55295944213867,20305700.0
2016-06-10,45.04995166153983,45.93241889630592,45.041128470384116,45.429412841796875,25833200.0
2016-06-13,43.75271547094162,44.75872731221375,43.293832227031714,44.24689483642578,83217800.0
2016-06-14,44.03511151113264,44.21160224557007,43.743895739889936,43.97333908081055,42577100.0
2016-06-15,43.92920701723668,44.229245937589916,43.84978485107422,43.84978485107422,33757600.0
2016-06-16,43.69977239725467,44.53811683856947,43.69094584085892,44.4675178527832,31188600.0
2016-06-17,44.48516112324205,44.50281086711923,43.96450546107074,44.23807144165039,45710500.0
2016-06-20,44.688133234064836,44.85580413688273,44.14982776651335,44.18512725830078,35607900.0
2016-06-21,44.29983687005947,45.38527069960523,44.264537387876544,45.17347717285156,34097800.0
2016-06-22,45.07643146929614,45.411766620787894,44.961709777288114,44.99700927734375,28816800.0
2016-06-23,45.252909407455256,45.941235998013745,45.13819111431605,45.80886459350586,29028800.0
2016-06-24,43.95568933409781,44.95287477578017,43.69977305628058,43.97333908081055,133503000.0
2016-06-27,43.3291358985968,43.37326194935628,42.39372287016877,42.737884521484375,50216300.0
2016-06-28,43.17029752077796,43.65565721559482,42.94968070180502,43.629180908203125,38140700.0
2016-06-29,44.04393640188796,44.75873602280043,43.94686447439237,44.599891662597656,31304000.0
2016-06-30,44.75872296499019,45.270552024721944,44.56457916663809,45.15583038330078,28527800.0
2016-07-01,45.12055693321367,45.64121280881168,45.06760767987723,45.147029876708984,21400400.0
2016-07-05,44.85579486416625,45.25290228247683,44.7763727072353,45.15583038330078,24806400.0
2016-07-06,44.811681319308164,45.48235824623709,44.46751966543322,45.341163635253906,28167500.0
2016-07-07,45.3764597632409,45.54413067814566,45.06759760369802,45.341163635253906,19585200.0
2016-07-08,45.65001685262068,46.20597199723939,45.49117252558677,46.15302276611328,28391000.0
2016-07-11,46.329524813775095,46.62074058559299,46.303051876826196,46.4089469909668,22269200.0
2016-07-12,46.717811034462756,47.123748493401095,46.5854429780146,46.956077575683594,27317600.0
2016-07-13,47.264947436485265,47.529686939978326,46.9296089366765,47.220821380615234,25356800.0
2016-07-14,47.51203535366421,47.6444067834648,47.28259535720119,47.423789978027344,24545500.0
2016-07-15,47.609101734543316,47.6532244172162,46.956074585411926,47.388484954833984,32024400.0
2016-07-18,47.38849516154049,47.95327370062525,47.25612371866628,47.61793518066406,31433900.0
2016-07-19,47.39731413453153,47.5649850627603,46.708990772083865,46.85018539428711,53336500.0
2016-07-20,49.550531081833746,50.15943219439041,49.00339903320547,49.33873748779297,89893300.0
2016-07-21,49.40050923823299,49.62112601941464,49.20636539356276,49.24166488647461,32776700.0
2016-07-22,49.488754674447755,49.974110887452554,49.22401186158632,49.92116165161133,32157200.0
2016-07-25,49.832918888289406,50.07118541247367,49.647598236360615,50.06235885620117,25610600.0
2016-07-26,49.87705402472156,50.556554274542655,49.8682274662451,50.088844299316406,28079000.0
2016-07-27,49.9564648192596,50.12413236224775,49.51523125380611,49.5858268737793,32327500.0
2016-07-28,49.41816398570109,49.74467591231566,49.17107424300307,49.60348129272461,37550400.0
2016-07-29,49.647592543221144,50.08882604859274,49.462275278887745,50.01823043823242,30558700.0
2016-08-01,49.947639056296175,50.080010474573136,49.54170497755283,49.92999267578125,26003400.0
2016-08-02,50.16825584252778,50.2123818928501,49.691726142689724,49.92999267578125,35122000.0
2016-08-03,50.018234586127925,50.397695701522885,49.85056705206645,50.27415084838867,22075600.0
2016-08-04,50.1241311058782,50.759508501435775,50.00940943915922,50.6447868347168,26587700.0
2016-08-05,50.87423396119978,51.368413424504915,50.697739853014326,51.147796630859375,29335200.0
2016-08-08,51.236045837402344,51.26251877565184,50.9889527371415,51.236045837402344,19473500.0
2016-08-09,51.33311231952516,51.624328093848895,51.20074426729666,51.359588623046875,16920700.0
2016-08-10,51.324278020024245,51.46547259831319,51.0242391203672,51.20073318481445,15756900.0
2016-08-11,51.20957127818807,51.580209258039254,51.20957127818807,51.447837829589844,18162300.0
2016-08-12,51.209564385023874,51.350758985403004,50.847753011155795,51.13014221191406,21655200.0
2016-08-15,51.191918095248134,51.62432848167104,51.1477954108405,51.28899002075195,19283900.0
2016-08-16,51.15578940232534,51.16466758363606,50.85388042787171,51.00483322143555,20523500.0
2016-08-17,51.093644664585796,51.21795955777562,50.81837355300348,51.11140441894531,18856400.0
2016-08-18,50.98708485261021,51.23571802004649,50.85389177926296,51.14691925048828,14214300.0
2016-08-19,50.995971697036154,51.262361258606354,50.79173958692143,51.1646842956543,17271000.0
2016-08-22,51.14691467357192,51.28011112232671,50.84500565874395,51.20907211303711,15221900.0
2016-08-23,51.41330814463051,51.661937905264914,51.368907069665994,51.40442657470703,18732400.0
2016-08-24,51.32450238992658,51.53761600381323,51.25346677684835,51.457698822021484,18151500.0
2016-08-25,51.39554535567347,51.759611792519074,51.30674659831708,51.653053283691406,18552600.0
2016-08-26,51.75073174814263,52.12367976537725,51.22683091994313,51.52873992919922,20971200.0
2016-08-29,51.661935613375874,52.03488023778245,51.59089660644531,51.59089660644531,16417200.0
2016-08-30,51.48434376738615,51.67081608786195,51.15579681407263,51.40442657470703,16930200.0
2016-08-31,51.191310387637095,51.324503435118416,50.880519835528595,51.0225944519043,20860300.0
2016-09-01,50.62302351084623,51.34227837439954,50.62302351084623,51.13804626464844,26075400.0
2016-09-02,51.20907211303711,51.67081551144026,50.98708028999674,51.20907211303711,18900500.0
2016-09-06,51.30675651611621,51.324516271020514,50.800615356987535,51.15580368041992,16278400.0
2016-09-07,51.03149414825479,51.36004118020675,50.978214877940715,51.2002067565918,17493400.0
2016-09-08,51.1735620218009,51.31563666978407,50.77397601580861,50.995967864990234,20146100.0
2016-09-09,50.4276545542187,51.075870158148476,49.91263198852539,49.91263198852539,35113900.0
2016-09-12,49.726166249256536,50.80060581418395,49.379859561992845,50.658531188964844,29303000.0
2016-09-13,50.17015085363385,50.30334729932624,49.770564903883006,50.1967887878418,30130200.0
2016-09-14,50.072464106476005,50.28557770038622,49.75279540927352,49.957027435302734,24062500.0
2016-09-15,49.85935371016736,50.9249115136868,49.70839754269586,50.7828369140625,26847000.0
2016-09-16,51.17356059938902,51.17356059938902,50.39214836353818,50.83613204956055,44607000.0
2016-09-19,50.853884247373365,51.2801081161453,50.48093624511905,50.55197525024414,20937100.0
2016-09-20,50.924915188077044,50.924915188077044,50.392136247875676,50.44541549682617,17384000.0
2016-09-21,51.06700958917171,51.368918675578776,50.68518667935683,51.28900146484375,33707300.0
2016-09-22,51.43105763146713,51.5020966320485,51.173549722674636,51.342262268066406,19822200.0
2016-09-23,51.38667230011225,51.42219180893975,50.95157017261927,50.995967864990234,19955300.0
2016-09-26,50.685183073428924,50.73845895191056,50.46319121355019,50.52534866333008,21688700.0
2016-09-27,50.55197189082369,51.555375753914284,50.3299800955495,51.457698822021484,28065100.0
2016-09-28,51.395546870228976,51.55538125085434,51.209071167948494,51.52873992919922,20536400.0
2016-09-29,51.33338864659436,51.653054015628385,50.800606256885075,50.969322204589844,25463500.0
2016-09-30,51.120281313284174,51.297875465073886,50.91604922429035,51.14691925048828,29910800.0
2016-10-03,50.978209066045984,51.10252396194541,50.66742182629743,50.98708724975586,19189500.0
2016-10-04,50.85388937026842,51.14691682761277,50.587499848866315,50.82725143432617,20085900.0
2016-10-05,50.87164309375547,51.46657950812752,50.845001773644356,51.182430267333984,16726400.0
2016-10-06,51.271236419677734,51.37779155351776,50.86276886319212,51.271236419677734,16212600.0
2016-10-07,51.36890253601461,51.484339223546705,50.98707635883826,51.32450485229492,20089000.0
2016-10-10,51.422187658422324,51.84841156796938,51.38666815246177,51.53762435913086,18196500.0
2016-10-11,51.40441455766594,51.51985122839994,50.51644746318264,50.7828369140625,26497400.0
2016-10-12,50.711822509765625,50.85389716878921,50.081366422056405,50.711822509765625,22177500.0
2016-10-13,50.34774794183402,50.880526981235356,50.0103194103057,50.54309844970703,25313700.0
2016-10-14,50.7206977032104,51.27123993837479,50.7206977032104,50.98708724975586,27402500.0
2016-10-17,50.93380126037794,51.022596629154584,50.49869582378951,50.809486389160156,23830000.0
2016-10-18,51.084770031241604,51.45771814878559,50.978214877940715,51.2002067565918,19149500.0
2016-10-19,51.031482887314304,51.36002984676695,50.969325445994244,51.08475875854492,22878400.0
2016-10-20,51.05812389257173,51.07588364649183,50.31223116456109,50.83613204956055,49455600.0
2016-10-21,53.52664711624585,53.67760326043581,52.82515579416056,52.97610855102539,80032200.0
2016-10-24,53.22474639769023,54.165992736816406,53.21586821717305,54.165992736816406,54067000.0
2016-10-25,54.03281291835388,54.49455635559903,53.98841522747634,54.15713119506836,35137200.0
2016-10-26,53.99729777882991,54.34360451622226,53.695388733121526,53.83746337890625,29911600.0
2016-10-27,53.81970179467825,54.01505569623695,53.35795836474736,53.36683654785156,28479900.0
2016-10-28,53.286904880516275,53.73977000436717,52.905082138840534,53.16259002685547,33574700.0
2016-10-31,53.42010672187115,53.65097670390305,53.206993103027344,53.206993103027344,26434700.0
2016-11-01,53.25140099875808,53.29579868707135,52.61206344760223,53.10044479370117,24533000.0
2016-11-02,53.118206903468966,53.215883854488204,52.65646347240407,52.77190017700195,22147000.0
2016-11-03,52.86068732428508,52.95836426009071,52.48774271920118,52.5765380859375,21600400.0
2016-11-04,52.07928485847962,52.638701833197636,51.963848158016916,52.13256072998047,28697000.0
2016-11-07,53.08267205798501,53.73976920121907,53.08267205798501,53.650970458984375,31664800.0
2016-11-08,53.76641678376703,53.97064884658735,53.41123191303326,53.69538116455078,22935400.0
2016-11-09,53.27804040320534,53.801941269329916,52.56766720862792,53.428993225097656,49632500.0
2016-11-10,53.70426472264571,53.713146293015726,51.173559139447946,52.12368392944336,57822400.0
2016-11-11,51.70633432034114,52.49662465775876,51.51098043474978,52.40782928466797,38767800.0
2016-11-14,52.40783362491873,52.461112885581436,50.86276893896663,51.60866165161133,41328400.0
2016-11-15,52.1450418344278,53.18204232598326,52.13610026412437,52.62778091430664,35904100.0
2016-11-16,52.69035855998042,53.33401521702825,52.574145427065595,53.325077056884766,27332500.0
2016-11-17,54.00448269342768,54.48722512300378,53.61113890463019,54.2100944519043,32132700.0
2016-11-18,54.33524944301183,54.657077731197845,53.90614619550032,53.950843811035156,27686300.0
2016-11-21,54.084932923757954,54.505097956746596,54.01341402018158,54.406761169433594,19652600.0
2016-11-22,54.51404742091295,54.7643568149269,54.36207483460727,54.63920211791992,23206700.0
2016-11-23,54.54086850182803,54.62132558464208,53.86145578822823,53.99555206298828,21848900.0
2016-11-25,53.90614362128462,54.11175537109375,53.75417105368152,54.11175537109375,8409600.0
2016-11-28,53.941902115116555,54.54979919511794,53.82568559417855,54.18327331542969,20732600.0
2016-11-29,54.219044758653766,54.89845748701335,54.102828212017656,54.612388610839844,22366700.0
2016-11-30,54.406773513596626,54.692842372389244,53.83463579601139,53.870391845703125,34655400.0
2016-12-01,53.73630336493328,53.772062827748556,52.69036124395176,52.922794342041016,34542100.0
2016-12-02,52.81550333558342,53.16414946670161,52.56519058205036,52.96747589111328,25515700.0
2016-12-05,53.369770150680324,54.16539933414374,53.244615458028946,53.834632873535156,23552700.0
2016-12-06,54.02237651993489,54.04919441406248,53.459176871783185,53.5932731628418,19907000.0
2016-12-07,53.64689572154167,54.87163154123489,53.45916368852341,54.86268997192383,30809000.0
2016-12-08,54.80011015739476,55.05042293367875,54.388886653069456,54.54085922241211,21220800.0
2016-12-09,54.69283682427633,55.41695046788312,54.648139209038504,55.399070739746094,27349400.0
2016-12-12,55.264975065719995,55.69407831489824,55.17557983430308,55.57786178588867,20198100.0
2016-12-13,55.872879573737556,56.69532672416221,55.64044989520318,56.30198287963867,35718900.0
2016-12-14,56.319859442891094,56.72214483523941,55.89969432085955,56.033790588378906,30352700.0
2016-12-15,56.0516757656691,56.453961197115134,55.694087957670384,55.944400787353516,27669900.0
2016-12-16,56.275155754386105,56.275155754386105,55.53316239850156,55.69407653808594,42453100.0
2016-12-19,55.92651322901186,57.00821125201963,55.80135512658114,56.874114990234375,34338200.0
2016-12-20,56.93670136282435,57.035038182362115,56.34668385580789,56.802608489990234,26028400.0
2016-12-21,56.70427167045247,56.94564293380604,56.42714094359241,56.802608489990234,17096300.0
2016-12-22,57.0707819908867,57.30321161950123,56.686376389162916,56.81153106689453,22176600.0
2016-12-23,56.722129119589695,56.80258617576762,56.14105000161483,56.53439712524414,12403800.0
2016-12-27,56.507582573196714,57.27639377721994,56.507582573196714,56.570159912109375,11763200.0
2016-12-28,56.677450484144956,56.677450484144956,56.167890094525866,56.3109245300293,14653300.0
2016-12-29,56.194713100014305,56.498661729399,56.07849654489979,56.230472564697266,10250600.0
2016-12-30,56.284092416828074,56.310913712852,55.45270385448133,55.55104064941406,25579900.0
2017-01-03,56.13213285195831,56.17683047540563,55.54211535590748,55.944400787353516,20694100.0
2017-01-04,55.85499067767031,56.09636188704687,55.53316239850156,55.69407653808594,21340000.0
2017-01-05,55.59573974053889,56.015904817254686,55.45270532870937,55.69407653808594,24876000.0
2017-01-06,55.694080211757914,56.45395334551979,55.46165055603203,56.176822662353516,19922900.0
2017-01-09,56.10529511901874,56.39136732776615,55.90862495140431,55.99802017211914,20382700.0
2017-01-10,56.0784927609619,56.38244136983744,55.67620733594868,55.98015594482422,18593000.0
2017-01-11,55.97121324148241,56.52547122084228,55.810299084537654,56.48971176147461,21517300.0
2017-01-12,56.37349585224855,56.67744442145673,55.38119307012158,55.97121047973633,20968200.0
2017-01-13,55.98015115604079,56.20364266079526,55.738779921680795,56.05167007446289,19422300.0
2017-01-17,56.033792622484896,56.051672352817185,55.452713322420024,55.899696350097656,20664000.0
2017-01-18,56.024855447449724,56.05167675015726,55.533174760473194,55.87288284301758,19670100.0
2017-01-19,55.640440765030725,56.30197364091371,55.604681309521006,55.69407653808594,18451700.0
2017-01-20,56.02485209889102,56.158948373783495,55.756662959316,56.087432861328125,30213500.0
2017-01-23,56.051658518233516,56.42712253191054,55.93544200486295,56.284088134765625,23097600.0
2017-01-24,56.49864872859802,56.98139116010431,56.26621567185374,56.78471755981445,24672900.0
2017-01-25,57.16913233222803,57.30322520005868,56.72214928570586,56.92776107788086,23672700.0
2017-01-26,57.321099314715795,57.69656337776742,56.811535584530844,57.4551887512207,43554600.0
2017-01-27,58.4564418153219,58.92130799945653,58.00945877234166,58.80508804321289,44818000.0
2017-01-30,58.72462073856226,58.81401596232457,57.928991652366456,58.223995208740234,31651400.0
2017-01-31,57.98263484156081,58.24188579793617,57.446256609937656,57.79490280151367,25270500.0
2017-02-01,57.53564835896846,57.76808141274209,56.740019219178286,56.838356018066406,39671500.0
2017-02-02,56.54334737490606,56.68638179312195,56.09636439170523,56.47182846069336,45827000.0
2017-02-03,56.766846908316076,56.94564080896694,56.3824412154902,56.92776107788086,30301800.0
2017-02-06,56.766847397242344,56.900943676437954,56.4450190553409,56.89200210571289,19796400.0
2017-02-07,56.98140012498823,57.017156176858684,56.5254755089874,56.70426940917969,20277200.0
2017-02-08,56.82941776843676,57.04397110674402,56.51653103570704,56.62380599975586,18096400.0
2017-02-09,56.784720820369266,57.60717131499839,56.605926938040355,57.267459869384766,22644400.0
2017-02-10,57.43730141222477,57.482002429428576,57.19593024220126,57.213809967041016,18170700.0
2017-02-13,57.42836863931153,57.98262996359747,57.33003184273792,57.85747528076172,22920100.0
2017-02-14,57.92942798743573,58.20823531899627,57.578661301522075,58.073326110839844,23108400.0
2017-02-15,58.01038067049764,58.07333739830495,57.70459281022461,58.03736114501953,17005200.0
2017-02-16,58.22622439810727,58.67591721799762,57.95641282323379,58.028358459472656,20546300.0
2017-02-17,57.983388370041396,58.18125429187135,57.83049447108818,58.1182975769043,21248800.0
2017-02-21,58.10930967287659,58.41509751221249,57.96540466958801,58.001380920410156,20655900.0
2017-02-22,57.857472352011996,57.91143328763644,57.60564550340858,57.88445281982422,19292700.0
2017-02-23,57.93841634716466,58.217230537819276,57.7315615101732,58.1182975769043,20273100.0
2017-02-24,58.037349308079634,58.28018725278632,57.686589487296466,58.1182975769043,21796800.0
2017-02-27,58.046347317638386,58.046347317638386,57.60565029591857,57.767539978027344,15871500.0
2017-02-28,57.632630895631145,57.74055277610141,57.34482434721403,57.54269027709961,23239800.0
2017-03-01,57.67759048055138,58.45106257070086,57.57865752517643,58.406097412109375,26937500.0
2017-03-02,58.18126565194474,58.23522660051903,57.45276196823302,57.56968307495117,24539600.0
2017-03-03,57.55169132251269,57.81251056291931,57.218916149810404,57.78553009033203,18135900.0
2017-03-06,57.53370479281541,58.06433906646391,57.389803216885404,57.80351638793945,18750300.0
2017-03-07,57.73157430177622,58.26220860810454,57.73157430177622,57.92044448852539,18521000.0
2017-03-08,57.794517453552224,58.53201333122052,57.785521676743514,58.45106506347656,21510900.0
2017-03-09,58.63095213666238,58.63994105260012,57.9923891549198,58.21723556518555,19846800.0
2017-03-10,58.5589958500428,58.69390505982779,58.235216491265795,58.3971061706543,19538200.0
2017-03-13,58.46906006421467,58.630949747479804,58.07332820250711,58.199241638183594,20100000.0
2017-03-14,58.03735762151599,58.05534917795077,57.69559352870637,57.92943572998047,14280200.0
2017-03-15,58.055343671418676,58.388111954447936,57.7855252446355,58.2352180480957,24833800.0
2017-03-16,58.23523212291446,58.244227902452785,57.830511246690726,58.13629913330078,20674300.0
2017-03-17,58.37912352582106,58.67591556363708,58.17226181532607,58.34314727783203,49219700.0
2017-03-20,58.37912147817444,58.621952566373466,58.20823602166229,58.3971061706543,14598100.0
2017-03-21,58.63095079294207,58.90975813951609,57.67759736926235,57.749549865722656,26640500.0
2017-03-22,57.668600426126105,58.58597061211104,57.668600426126105,58.487037658691406,20680000.0
2017-03-23,58.4061039963709,58.67591556363708,58.253203226975614,58.34314727783203,19269200.0
2017-03-24,58.783849358724275,58.86479077732887,58.24421931605544,58.44208526611328,22617100.0
2017-03-27,58.12729070841671,58.657931797430365,57.87546383028187,58.55000305175781,18614700.0
2017-03-28,58.42408354233567,58.88277208657583,58.14527622219317,58.720882415771484,20080400.0
2017-03-29,58.567994570253134,58.909758638683904,58.415093798537455,58.88277816772461,13618400.0
2017-03-30,58.83781393708776,59.34147462154036,58.78385298801983,59.098636627197266,15122800.0
2017-03-31,59.044680825419185,59.53034999467545,58.86479954323021,59.233551025390625,21040300.0
2017-04-03,59.18857780113788,59.305502347655676,58.63096299196994,58.954742431640625,20400900.0
2017-04-04,58.81082443486949,59.188564743897835,58.71189146891906,59.11661911010742,12997400.0
2017-04-05,59.62927642189883,59.67424159117043,58.8558041480345,58.96372604370117,21448600.0
2017-04-06,58.999694589383665,59.413411146191045,58.89177270781422,59.11661911010742,18103500.0
2017-04-07,59.22455685050829,59.32348984295046,58.85581222012617,59.07166290283203,14108500.0
2017-04-10,59.00869719382406,59.19756737018971,58.78385076551709,58.936744689941406,17952700.0
2017-04-11,58.9997103931436,59.008706172939895,58.32517100558075,58.891788482666016,18791500.0
2017-04-12,58.83780594039359,58.91875421476244,58.55899859241061,58.666927337646484,17108500.0
2017-04-13,58.72088714296148,59.23353666481706,58.41509246826172,58.41509246826172,17896500.0
2017-04-17,58.49605651286291,58.900777400692824,58.46907603524351,58.891788482666016,16689300.0
2017-04-18,58.756879651066534,59.09864380629425,58.603985702288576,58.81084060668945,15155600.0
2017-04-19,59.0446661100878,59.13460329788316,58.36113113166146,58.49604034423828,26992800.0
2017-04-20,58.87377946004263,59.13460210261454,58.58597634785421,58.90975570678711,22299500.0
2017-04-21,59.06264191016973,59.989007842341955,58.86477600975109,59.71919631958008,32522600.0
2017-04-24,60.69053899064925,60.852428661605785,60.348768095425974,60.735504150390625,29770000.0
2017-04-25,61.06829231267212,61.19420576566944,60.79847384952441,61.08627700805664,30242700.0
2017-04-26,61.23020234162516,61.43705728516458,60.8164855927755,61.00535583496094,26190800.0
2017-04-27,61.29311726551041,61.49997206790194,60.78046785459441,61.401039123535156,34971000.0
2017-04-28,61.976672879010316,62.183527750752205,60.879421209452126,61.57194519042969,39548800.0
2017-05-01,61.76981409131341,62.55228217047057,61.6079243805143,62.426368713378906,31954400.0
2017-05-02,62.69617912515265,62.69617912515265,62.17453374901865,62.32743453979492,23906100.0
2017-05-03,62.39937012473186,62.39937012473186,61.79678342277215,62.12955856323242,28928000.0
2017-05-04,62.08461146113618,62.129583503656136,61.733851487145486,61.88674545288086,21749400.0
2017-05-05,61.96766093837568,62.0845785805284,61.59890959796325,62.05759811401367,19128800.0
2017-05-08,62.030634954022744,62.10258745931452,61.53597005735247,62.00365447998047,18566100.0
2017-05-09,61.93169627688943,62.30943660226579,61.76980658576128,62.09358596801758,22858400.0
2017-05-10,62.04863779646837,62.561287538509006,61.98568105136761,62.33644104003906,17977800.0
2017-05-11,61.48200799133459,61.81478317593176,61.266157341152656,61.57194519042969,28789400.0
2017-05-12,61.70686175811025,61.70686175811025,61.194212114358805,61.5,18714100.0
2017-05-15,61.28412976419383,61.589924414004315,60.77148028406388,61.544952392578125,31530300.0
2017-05-16,61.71683252639501,62.8113262561231,61.65351493545536,62.7841911315918,34956000.0
2017-05-17,62.313824577743446,62.50377734632021,60.99319563828136,61.03842544555664,30548800.0
2017-05-18,60.96605830377439,61.62636929901323,60.73087573644987,61.246463775634766,25201300.0
2017-05-19,61.05651711333207,61.599240329675,60.99319951977706,61.2283821105957,26961100.0
2017-05-22,61.40926903561721,61.96103942786561,61.056498706290924,61.915809631347656,16237600.0
2017-05-23,62.16003804697464,62.18717316381592,61.85249062021179,62.12385559082031,15425800.0
2017-05-24,62.29575138378109,62.304791826473476,61.915838856560754,62.205291748046875,14593900.0
2017-05-25,62.38619475808055,63.20932349117078,62.331924505663686,62.97414779663086,21854100.0
2017-05-26,63.1369657161086,63.516871286798406,62.88368843454844,63.28168869018555,19827900.0
2017-05-30,63.1279180501267,63.68873596191406,63.109823365272135,63.68873596191406,17072800.0
2017-05-31,63.79726928643075,63.98722204942354,63.145998726970035,63.173133850097656,30436400.0
2017-06-01,63.534948921221236,63.86963152827933,62.820360804161545,63.4083137512207,21603600.0
2017-06-02,63.71587993688948,65.00032669593642,63.534967568720134,64.90987396240234,34770300.0
2017-06-05,65.09978263411607,65.93195826015865,64.95505283771047,65.38018798828125,33316800.0
2017-06-06,65.3983120899,65.68776491185639,65.37117006503877,65.59730529785156,31511100.0
2017-06-07,65.70582569163848,65.82341347998158,65.08169049721687,65.47969055175781,22301800.0
2017-06-08,65.58827375720215,65.59731419894965,64.67468536036299,65.08172607421875,24588300.0
2017-06-09,65.16312258934158,65.19930505087778,62.04245256755823,63.6073112487793,49187400.0
2017-06-12,62.639460370663066,63.26359583036166,61.626372029008785,63.118865966796875,47761700.0
2017-06-13,63.3359688517079,64.05960453860594,63.28169859057602,63.90583419799805,25258600.0
2017-06-14,64.14099285709695,64.31285092014541,62.80226940704751,63.56208038330078,25510700.0
2017-06-15,62.65755930871064,63.50783015578798,62.23243078627292,63.22742462158203,26068700.0
2017-06-16,63.07362525611367,63.34498332205028,62.61230757259431,63.317848205566406,48345100.0
2017-06-19,63.77014520178709,64.16814547948378,63.63446266156315,64.10482788085938,23798300.0
2017-06-20,64.05959032200185,64.10482013030824,63.20027917297916,63.2364616394043,21512200.0
2017-06-21,63.50781014245377,63.878675191171766,63.26358715754345,63.56208038330078,19891100.0
2017-06-22,63.80632519423048,63.85154810514814,63.05555448177328,63.55305480957031,22965700.0
2017-06-23,63.39928780089255,64.44855887903076,63.24551745702449,64.4123764038086,27617300.0
2017-06-26,64.58423255834231,64.86463807639373,63.71587397567609,63.797279357910156,19607000.0
2017-06-27,63.41737508790041,63.48069268687431,62.57615161518964,62.60328674316406,25215100.0
2017-06-28,62.60328390861997,63.17314227358308,62.2233783319779,63.136966705322266,25806200.0
2017-06-29,62.75705590993757,62.85655597807313,61.59019712088462,61.9520149230957,28918700.0
2017-06-30,62.21433500402247,62.757058277261436,62.17815253232643,62.35001754760742,24161100.0
2017-07-03,62.71181100410195,62.95603396680983,61.52685794490968,61.662540435791016,16165500.0
2017-07-05,61.74395645237033,62.811314863979376,61.70777399252442,62.485679626464844,21176300.0
2017-07-06,61.752991865830694,62.21430956494904,61.61731627882355,62.024356842041016,21117600.0
2017-07-07,62.141961304518205,63.17313744870463,62.141961304518205,62.82941436767578,16878300.0
2017-07-10,62.829416617800184,63.54400483122282,62.59423402704208,63.299781799316406,15014500.0
2017-07-11,63.31786997414029,63.932958129933084,63.091734724232644,63.30882263183594,17460000.0
2017-07-12,63.942005231586684,64.47568110683213,63.81537004420302,64.35809326171875,17750900.0
2017-07-13,64.67466132003095,65.16311413575455,64.50279637530468,64.91888427734375,20269800.0
2017-07-14,65.34405121977005,66.27572750688176,65.090780800101,65.83250427246094,25868100.0
2017-07-17,65.8505673512483,66.43851329993066,65.77820243719268,66.34806060791016,21803900.0
2017-07-18,66.11289676697174,66.3842618208014,65.72395077150257,66.3028564453125,26435300.0
2017-07-19,66.48374435929924,66.97219718680546,66.43851456188085,66.80937957763672,22416200.0
2017-07-20,67.09883493590371,67.2073823132512,66.28474685854363,67.13501739501953,42361000.0
2017-07-21,66.43853097520376,67.19834897273336,66.18526060972718,66.74607849121094,46717100.0
2017-07-24,66.51088590936087,66.70988599548933,66.1490681983181,66.57420349121094,21394800.0
2017-07-25,66.75510930252916,67.21642011065536,66.48374432037409,67.10787963867188,22018700.0
2017-07-26,67.24356535851123,67.2797478216558,66.7641597987693,66.98125457763672,16252200.0
2017-07-27,66.7189162140408,67.31590941812142,65.41637554899647,66.17619323730469,36844200.0
2017-07-28,65.7329900889694,66.31189575288457,65.61540224823972,66.06767272949219,18306700.0
2017-07-31,66.30285429661383,66.4294894773371,65.49781340440175,65.76012420654297,23600100.0
2017-08-01,66.12192367848304,66.41137642595191,65.57015330032395,65.65156555175781,22132300.0
2017-08-02,65.62442392792202,65.63346436521992,64.62038330008089,65.36210632324219,26499200.0
2017-08-03,65.29882437895994,65.5249596545196,64.99127681562632,65.26264190673828,18214400.0
2017-08-04,65.48877975649236,66.06768553259231,65.34404986191677,65.74205017089844,22579000.0
2017-08-07,65.8505873100945,65.9410400295306,65.36213434381945,65.48876953125,18705700.0
2017-08-08,65.20834710527586,66.1490704252168,64.90080652625045,65.8415298461914,22044600.0
2017-08-09,65.35308575683551,65.58826834377018,65.17218032140883,65.55208587646484,22213400.0
2017-08-10,65.03648477760677,65.29880243724406,64.53898457810526,64.59326171875,24734500.0
2017-08-11,64.77419021673148,65.76013672593821,64.47568999058407,65.57923126220703,21443700.0
2017-08-14,66.0857570776554,66.68275739440935,65.98625702486308,66.5651626586914,20096600.0
2017-08-15,66.91983295356349,66.91983295356349,66.4196888630436,66.5833740234375,19181400.0
2017-08-16,66.69247411183308,67.3835898103118,66.5378845420544,66.97438049316406,18150400.0
2017-08-17,66.91073002250401,67.17444533212961,65.83768463134766,65.83768463134766,22977500.0
2017-08-18,65.71946477363609,66.23779985880283,65.41028560677485,65.91952514648438,18761500.0
2017-08-21,65.9013466010764,65.91044214730755,65.20113523652543,65.6103515625,17734800.0
2017-08-22,65.7921842450973,66.60151396253633,65.7921842450973,66.52877044677734,14343700.0
2017-08-23,66.3468912635631,66.51967184851344,65.95586626563559,66.12864685058594,13766500.0
2017-08-24,66.14685086561053,66.25597657381431,65.53758127167325,66.10138702392578,17098300.0
2017-08-25,66.25599499715909,66.70157962162477,65.9104405652282,66.21961975097656,12794300.0
2017-08-28,66.43784767136559,66.4651273647115,65.97407900875065,66.22869873046875,14569700.0
2017-08-29,65.70125832784149,66.5287792369561,65.51938910761672,66.42874908447266,11478400.0
2017-08-30,66.39238998528758,67.48361944752196,66.22870487216565,67.30175018310547,16897800.0
2017-08-31,67.31992672955931,68.16563189550901,67.11077779289377,67.99285125732422,27652800.0
2017-09-01,67.93828705667482,67.96556674753543,66.96527210140319,67.23808288574219,21736200.0
2017-09-05,66.69245720291802,67.1926079640639,66.36509399491874,66.93798828125,21556000.0
2017-09-06,67.05623426095175,67.3290451573507,66.70158425835469,66.74705505371094,16535800.0
2017-09-07,67.00165544364337,67.83826510799115,66.92890496729993,67.6018295288086,17471200.0
2017-09-08,67.59272680466353,67.69275695427578,67.14713543353047,67.27445220947266,14703800.0
2017-09-11,67.57454843090682,68.14744974787635,67.57454843090682,67.9837646484375,17910400.0
2017-09-12,67.98375357577612,68.42024247794306,67.62910374106573,67.91100311279297,14394900.0
2017-09-13,68.13835512602489,68.41116594140338,67.79280077269709,68.39297485351562,13380800.0
2017-09-14,68.2020071318567,68.64759163584876,67.76551123355136,67.99285125732422,15733900.0
2017-09-15,68.04739788465206,68.55663717038796,67.35628246982124,68.48388671875,38578400.0
2017-09-18,68.4111585871391,69.08408307143416,68.23837796011566,68.34750366210938,23307000.0
2017-09-19,68.39298641512147,68.84766655903628,68.21111713270291,68.60214233398438,16093300.0
2017-09-20,68.52027202756115,68.70214818341977,67.57453683069421,68.1474380493164,21587900.0
2017-09-21,68.30206070233515,68.42027505757332,67.39270029563424,67.48363494873047,19186100.0
2017-09-22,67.2835450910078,67.75641618066591,67.15623524483821,67.66548156738281,14111400.0
2017-09-25,67.37448404190587,67.51998498281928,66.31053442847673,66.61972045898438,24149200.0
2017-09-26,66.99255447880824,67.11986433317412,66.37418935565967,66.61972045898438,18019600.0
2017-09-27,66.8834385018097,67.4472373267078,66.53787722165461,67.15624237060547,19565100.0
2017-09-28,66.87435554969838,67.26538074601072,66.66519963349342,67.17444610595703,10883800.0
2017-09-29,67.23809912807742,67.78371389069011,67.18353279530848,67.73824310302734,17079100.0
2017-10-02,67.93830096711763,68.21111180731495,67.56546688590701,67.84736633300781,15304800.0
2017-10-03,67.90192495834378,68.09288976917613,67.46543594440354,67.52909088134766,12190400.0
2017-10-04,67.37449096325325,67.9473923046203,67.02893659988536,67.92011260986328,13317700.0
2017-10-05,68.40207107914752,69.22049659557207,68.16563549932101,69.08409118652344,21195300.0
2017-10-06,68.81126818338434,69.13863833198373,68.69305388333804,69.11135864257812,13959800.0
2017-10-09,69.0840813670079,69.61151184016519,68.98405121044819,69.37507629394531,11386500.0
2017-10-10,69.41145152704577,69.6842553684998,69.23867090428514,69.37507629394531,13944500.0
2017-10-11,69.43871913219601,69.52965373018765,69.0658782612057,69.49327850341797,15388900.0
2017-10-12,69.55695856786211,70.28444949058887,69.44783978596043,70.1298599243164,16876500.0
2017-10-13,70.55724321151459,70.81186985426872,70.28443935822081,70.46630859375,15335700.0
2017-10-16,70.40265291415511,70.75730277614858,70.3389979886144,70.61180877685547,12380100.0
2017-10-17,70.44813219838277,70.58453760897481,70.24807185456342,70.5572509765625,16824000.0
2017-10-18,70.6300064754884,70.79369159226285,70.35720257277622,70.57544708251953,13300700.0
2017-10-19,70.5390652896418,70.86643549278483,70.33900495018025,70.84825134277344,15092800.0
2017-10-20,71.22107963664423,71.81216506334172,71.13014501819848,71.66666412353516,22866400.0
2017-10-23,71.83038482113756,72.14865961241287,71.62123578881524,71.68489074707031,20627200.0
2017-10-24,71.74851818336712,72.02132206929987,71.3483974918915,71.71214294433594,17517200.0
2017-10-25,71.45752687493544,71.93039113086512,70.93919183341715,71.50299072265625,20410800.0
2017-10-26,72.02129125576371,72.2213515159079,71.61208213300662,71.62117767333984,32120700.0
2017-10-27,76.72273221150809,78.38685631381853,76.03161643006945,76.21348571777344,71066700.0
2017-10-30,76.11345893645968,76.68636040033154,75.5769396572001,76.28623962402344,31756700.0
2017-10-31,76.71363997707766,76.71363997707766,75.57693953519097,75.64059448242188,27086600.0
2017-11-01,76.09527465917655,76.16802515254584,75.3677836012215,75.64059448242188,22307400.0
2017-11-02,75.79519853432565,76.80458927427799,75.58604949833278,76.43175506591797,23992900.0
2017-11-03,76.45899804878766,76.87730285773391,75.84063290993954,76.51355743408203,17633500.0
2017-11-06,76.56811331087196,77.02279333513573,76.45899454528328,76.81364440917969,19860900.0
2017-11-07,77.08647031548071,77.20469159584705,76.32261098635315,76.63179016113281,17939700.0
2017-11-08,76.51355536186584,76.94095570274149,76.2316559616571,76.8954849243164,18034200.0
2017-11-09,76.48626969837773,76.63176368981864,75.38594493749102,76.46807861328125,21178400.0
2017-11-10,76.19529303597997,76.4771924817301,75.68605353711064,76.2680435180664,19397800.0
2017-11-13,76.07707711877491,76.33169686289737,75.89520091735336,76.32260131835938,14196900.0
2017-11-14,75.93160400094331,76.47721892954371,75.45873957958835,76.43175506591797,18801300.0
2017-11-15,76.28550702179449,76.4865721280759,75.57264489785953,75.83768463134766,19383100.0
2017-11-16,75.94734311756632,76.23979952029298,75.80111840255833,76.03873443603516,20962800.0
2017-11-17,75.96559214153147,75.96559214153147,75.16133215835865,75.30756378173828,22079000.0
2017-11-20,75.30758360582203,75.4812249884105,75.17049316599262,75.4263916015625,16315000.0
2017-11-21,75.6183329751398,76.62365147931946,75.6183329751398,76.51398468017578,21237500.0
2017-11-22,76.614525953028,76.67850058405116,75.89252256135964,75.95649719238281,20553100.0
2017-11-24,75.86510034872938,76.24894810699142,75.65489402051276,76.09358215332031,7425600.0
2017-11-27,76.1392429799398,76.7515792633719,76.13010873186938,76.65104675292969,18265200.0
2017-11-28,76.83385605836547,77.7386419943602,76.78815691128345,77.57413482666016,21926000.0
2017-11-29,77.41874648053656,77.61067029186515,76.02043944606478,76.16666412353516,27381100.0
2017-11-30,76.32204375495158,77.24510498080622,76.1666708696974,76.92523193359375,33054600.0
2017-12-01,76.40428175069923,77.51013238055009,76.05699206475951,77.00747680664062,29532100.0
2017-12-04,77.15370885257342,77.1628500741248,73.75389959720049,74.1011962890625,39094900.0
2017-12-05,74.33881714435056,75.56348292233895,74.00980984671747,74.56729888916016,26152300.0
2017-12-06,74.53075790837296,75.98389865270026,74.42108414602903,75.6548843383789,26162100.0
2017-12-07,75.43554594722109,75.673168952751,74.94202446160234,75.38984680175781,23184500.0
2017-12-08,76.43171238201037,77.29994721429784,76.1575384660588,76.91609954833984,24489100.0
2017-12-11,77.03490362617595,78.02194640785498,76.87953771777534,77.89399719238281,22857900.0
2017-12-12,77.96711062065187,78.64342162518312,77.75691131407001,78.21387481689453,23924100.0
2017-12-13,78.36010838290089,78.59773138362894,77.83917020961549,78.00367736816406,22062700.0
2017-12-14,78.07677852955825,78.4789086132223,77.25424289147685,77.40047454833984,19306000.0
2017-12-15,77.92144689031097,79.59392862173758,77.57415003888912,79.37458801269531,53936700.0
2017-12-18,79.62134137091965,79.96863120196353,78.80794670851085,78.94503021240234,22283800.0
2017-12-19,78.91759891959384,78.91759891959384,77.93055603781379,78.4423599243164,23524800.0
2017-12-20,78.78052844410723,78.87192674992536,77.41877875450068,78.1590576171875,23674900.0
2017-12-21,78.64343267128999,78.68912484436446,78.04937863963647,78.1407699584961,17990700.0
2017-12-22,78.04936219298102,78.25956148479362,77.61067419310079,78.14989471435547,14145800.0
2017-12-26,77.96712037479796,78.16818545682872,77.71122189683537,78.04937744140625,9891200.0
2017-12-27,78.2778616097194,78.57945924196751,77.8848726572263,78.33269500732422,14678000.0
2017-12-28,78.50632689412835,78.53374358716759,78.18645385415502,78.3418197631836,10594300.0
2017-12-29,78.2595801144981,78.64343482053593,78.14077209400477,78.17733001708984,18717400.0
2018-01-02,78.71653962973676,78.88104678877039,78.14076805947431,78.55203247070312,22483800.0
2018-01-03,78.65254763966074,79.0638189327669,78.57029756466488,78.91758728027344,26061400.0
2018-01-04,79.13693666596708,80.11484526314953,79.11866119370926,79.6121826171875,21912000.0
2018-01-05,80.11486285669618,80.80030826660203,79.90465652966543,80.5992431640625,23407100.0
2018-01-08,80.60837981382149,80.95567662770723,80.06002486412633,80.6814956665039,22113000.0
2018-01-09,81.01963687172771,81.09275271142944,80.29763364327123,80.62664794921875,19484300.0
2018-01-10,80.29763580169293,80.59923341903689,79.88637139455875,80.26107788085938,18652200.0
2018-01-11,80.54437990819368,80.54437990819368,79.73098547733065,80.49868774414062,17808900.0
2018-01-12,81.03790316449704,82.05236266412187,80.83683811445111,81.88785552978516,24271500.0
2018-01-16,82.34482520663133,82.97543709777433,80.43472103303876,80.74545288085938,36599700.0
2018-01-17,81.4126253371003,82.50933503562712,81.11102772955684,82.38138580322266,25621200.0
2018-01-18,82.07065181347411,82.86576388380405,81.9427025843932,82.3448257446289,24159700.0
2018-01-19,82.38138245474288,82.8109292772314,81.9427013822469,82.25343322753906,36875000.0
2018-01-22,82.25342298392356,83.73398710780944,82.01580003183368,83.72484588623047,23601600.0
2018-01-23,83.98991394042969,84.35548622744591,83.66089957938624,83.98991394042969,23412800.0
2018-01-24,84.58397911619203,85.38823267482006,83.6974684701713,83.91680908203125,33277500.0
2018-01-25,84.51083802706177,85.21455880920227,84.01731656816533,84.38288879394531,26383200.0
2018-01-26,85.10490244067924,85.9639892578125,84.61138092136723,85.9639892578125,29172200.0
2018-01-29,86.9510289263168,87.23434411296064,85.65325404030271,85.8360366821289,31569900.0
2018-01-30,85.26940280390865,85.59841712384056,84.17268607989872,84.75759887695312,38635100.0
2018-01-31,85.68065674703534,87.1886377003251,85.46131621812165,86.83220672607422,48756300.0
2018-02-01,86.63114688895881,87.80097241059556,85.52529598263936,86.14676666259766,47227900.0
2018-02-02,85.58012327478943,85.88172085666305,83.6243200628307,83.88021850585938,47867800.0
2018-02-05,82.76521827210672,85.21454265601774,80.42556762695312,80.42556762695312,51031500.0
2018-02-06,79.4111468477963,83.60607700821097,77.91230655229063,83.46898651123047,67998600.0
2018-02-07,82.70126416868521,83.87108978125282,81.52229733244455,81.89701080322266,41107600.0
2018-02-08,81.98841821832637,82.14378418771751,77.4644808187755,77.69296264648438,55628700.0
2018-02-09,78.87192247296564,81.27554856961001,76.61452110681981,80.59010314941406,63499100.0
2018-02-12,81.10188960340845,82.05237463235815,80.36161087727021,81.45832061767578,35720300.0
2018-02-13,81.27552494818946,82.25342651788257,80.24278999208475,82.09806060791016,26407700.0
2018-02-14,81.27170289396189,83.54888593635553,81.17988223999659,83.38360595703125,34960900.0
2018-02-15,83.75086710050786,85.13738162196726,83.20912052249615,85.08229064941406,27823900.0
2018-02-16,84.88943060663523,85.85356434531833,84.2925932503156,84.47623443603516,30596900.0
2018-02-20,83.99879888880501,85.44958168636238,83.5672342127381,85.13739013671875,30911700.0
2018-02-21,85.37611824531966,85.72503940330421,84.00796508789062,84.00796508789062,26922500.0
2018-02-22,84.52218563816994,85.14657575357019,83.88861135778087,84.22835540771484,24392800.0
2018-02-23,85.94542495277975,86.37698964615764,84.80683365919467,86.36780548095703,26329200.0
2018-02-26,86.679995548319,87.64412263587263,86.54226110567855,87.6165771484375,30199800.0
2018-02-27,87.910397804178,88.00221842080582,86.496337890625,86.496337890625,25869100.0
2018-02-28,87.08402762327995,87.88288196892705,85.97298167468091,86.10153198242188,31167300.0
2018-03-01,86.30350713191159,86.8360764829132,84.32933247248396,85.2567367553711,37135600.0
2018-03-02,84.09061424828909,85.53221979609141,83.42949453112489,85.44039916992188,32830400.0
2018-03-05,84.78845804008719,86.56062347632951,84.71500574119285,85.98214721679688,23901600.0
2018-03-06,86.6248825238887,86.76261694260889,85.33937996373636,85.68830108642578,22175800.0
2018-03-07,85.54140691434773,86.2576176308536,84.87110300977957,86.18415832519531,26716100.0
2018-03-08,86.56063904308299,87.3227637005713,86.10152881647065,86.70755767822266,25887800.0
2018-03-09,87.49722116395915,88.6449966430664,87.23093641215041,88.6449966430664,36937300.0
2018-03-12,88.60825426879894,89.2601898067012,88.18587379376923,88.85617065429688,26073700.0
2018-03-13,89.06735774868787,89.28772863107221,86.28515171514434,86.68917083740234,35387800.0
2018-03-14,87.34110848909674,87.60739318940833,85.85358923387952,86.17496490478516,32132000.0
2018-03-15,85.88115217008969,86.84528638418135,85.23840069767235,86.47799682617188,27611000.0
2018-03-16,86.93707623003581,87.57982747479682,86.23922701753591,86.86361694335938,49081300.0
2018-03-19,86.07394264655247,86.22086121226073,84.57724653707919,85.29345703125,33344100.0
2018-03-20,85.44038743411205,86.10150005500329,85.3944736246015,85.51383972167969,23075200.0
2018-03-21,85.33019606888861,86.35860512570227,84.66907646132722,84.91699981689453,24457100.0
2018-03-22,83.80596842313675,84.24671727438843,82.32764010182407,82.44700622558594,38604700.0
2018-03-23,82.18070852728795,83.06219908536069,79.95861730763806,80.0504379272461,44068900.0
2018-03-26,83.1999457130788,86.31271211067552,83.00712028199803,86.11070251464844,56396800.0
2018-03-27,87.17580128075284,87.35944246221877,81.27164692616316,82.15313720703125,56569000.0
2018-03-28,82.47453925650076,83.76923311953303,81.60223285628295,82.07970428466797,52501100.0
2018-03-29,82.80510486946633,84.74255021459317,81.1706738970954,83.80596160888672,45867500.0
2018-04-02,83.07137136345905,83.44783795162802,80.35344078023876,81.28083801269531,48515400.0
2018-04-03,82.2541919045459,82.68575664905212,80.7023970586745,82.3735580444336,37213800.0
2018-04-04,80.66565160747314,85.17411662373384,80.55546965544389,84.77928161621094,35560000.0
2018-04-05,84.88028566410132,85.45876192357147,83.92533572392968,84.82518768310547,29771900.0
2018-04-06,84.00795787604686,84.89863252454646,82.16234045551977,82.85100555419922,38026000.0
2018-04-09,83.59477092034959,85.55057749624869,83.20912010349022,83.34684753417969,31533900.0
2018-04-10,84.83436816834286,85.65158362878041,84.1457029822125,85.28429412841797,26812000.0
2018-04-11,84.48542880563636,85.6607493493689,83.99877329975925,84.34769439697266,24872100.0
2018-04-12,84.87110063732773,86.45962480182462,84.87110063732773,85.92705535888672,26758900.0
2018-04-13,86.35863145215232,86.4779975822261,84.8802960472021,85.46795654296875,23346100.0
2018-04-16,86.37695991357475,86.91871338648184,85.78011547935824,86.46878051757812,20288100.0
2018-04-17,87.23089905589121,88.64495868124222,87.12071013511724,88.21339416503906,26771000.0
2018-04-18,88.35115204871119,88.8102621657754,87.70839368154263,88.55316162109375,21043300.0
2018-04-19,88.55316696474958,89.13164322519089,87.5431190418864,88.25015258789062,23552500.0
2018-04-20,88.06651033026803,88.25015158390038,86.35862005072107,87.23092651367188,31154400.0
2018-04-23,87.91038185503211,88.41540566305707,86.89115708280917,87.55227661132812,22331800.0
2018-04-24,88.36952755505756,88.58072132520986,84.85274881802547,85.50468444824219,34524800.0
2018-04-25,85.6699608475403,85.6699608475403,82.8969314872132,84.76091766357422,33729300.0
2018-04-26,85.89953216908208,87.36868359521519,85.48632873314469,86.55146789550781,42529000.0
2018-04-27,89.61829475015541,89.89376362657663,86.23006680077594,87.9838638305664,48272800.0
2018-04-30,88.45214385580131,88.51641898254026,85.53220365951428,85.87194061279297,41523600.0
2018-05-01,85.5873113734427,87.49721123526412,85.20166053753591,87.23092651367188,31408900.0
2018-05-02,87.22174750975215,87.38702744998581,85.56895511288063,85.86278533935547,27471000.0
2018-05-03,85.35775854557981,87.16665366377438,84.88946422941343,86.37698364257812,31142500.0
2018-05-04,85.68832427722681,87.57067882976406,85.32103472972375,87.37785339355469,22531300.0
2018-05-07,87.38700893529793,88.80106878981906,87.32273380579532,88.35114288330078,24242000.0
2018-05-08,88.01143058716477,88.29608369638373,87.28603557571358,87.97470092773438,23484600.0
2018-05-09,88.1583381160763,89.03982881493054,87.27684741722204,89.01228332519531,27327400.0
2018-05-10,89.4897583522538,89.93968438174052,89.1132916352653,89.90296173095703,22388100.0
2018-05-11,89.80194115261534,89.866216288394,89.10409181740098,89.71011352539062,16778300.0
2018-05-14,89.91210253732467,90.61913587468479,89.35198776555832,90.01310729980469,19454100.0
2018-05-15,89.28770862822223,89.84782337479405,88.46130924758658,89.36116790771484,24594000.0
2018-05-16,89.7854046510123,89.82229350027809,89.10297852916644,89.59174346923828,17384700.0
2018-05-17,89.23211303015593,89.95142821929379,88.37446637329985,88.69723510742188,17246700.0
2018-05-18,88.54042871652265,89.38885107340639,88.54042871652265,88.86319732666016,17865800.0
2018-05-21,89.45341046838934,90.38483454742206,89.26897326113641,90.00672912597656,19422500.0
2018-05-22,90.08049365207613,90.5323696688546,89.63783456923274,89.91449737548828,15441200.0
2018-05-23,89.18595127796534,91.04879901171026,88.82629388066519,90.98424530029297,21251200.0
2018-05-24,91.04881312903532,91.24247429331479,89.27818370337116,90.66148376464844,26649300.0
2018-05-25,90.65228132415173,91.27937773362841,90.24651098983473,90.70761108398438,18363900.0
2018-05-29,90.22806254058256,91.18715157534086,89.66552690183384,90.38484191894531,28671000.0
2018-05-30,90.66147866610426,91.52834890721931,90.29260429917045,91.2516860961914,22158500.0
2018-05-31,91.5652475568824,92.21078480397527,90.93815121578005,91.15025329589844,34140900.0
2018-06-01,91.55603829580795,93.0131163571511,91.45459570699106,92.94856262207031,28655600.0
2018-06-04,93.3819800641315,93.9352986930755,93.0038746622591,93.76007843017578,27281600.0
2018-06-05,94.06440376495941,94.36873146573886,93.6309686218786,94.2396240234375,23514400.0
2018-06-06,94.50708707918005,94.6177466090165,93.97220923220485,94.51630401611328,21122900.0
2018-06-07,94.66383020696597,94.70071905079759,92.57043229344373,93.03153228759766,28232200.0
2018-06-08,93.22521660468448,94.01830935455665,92.7180107065853,93.72320556640625,22165100.0
2018-06-11,93.15141987314341,93.68629050239028,92.83786822830334,93.18830871582031,23490900.0
2018-06-12,93.23443938704428,93.55720805186631,92.91167072222225,93.4281005859375,18325200.0
2018-06-13,93.80620771733297,94.07364662604031,92.73645208250359,93.00389099121094,29492900.0
2018-06-14,93.74163486041375,94.09206834042506,93.14220343116642,93.52952575683594,25691800.0
2018-06-15,93.61253011280647,93.63097101825238,92.28455977420134,92.33988952636719,65738600.0
2018-06-18,92.22924614787229,93.24366498463827,91.68514435840487,93.01311492919922,23586000.0
2018-06-19,91.89725350517371,93.14222239737875,91.75892206474441,93.01311492919922,28653100.0
2018-06-20,93.4834342145444,94.54395878647206,93.2528841709377,93.94453430175781,26180800.0
2018-06-21,94.13817916397662,94.48861263657083,93.03153492513619,93.27130889892578,23198200.0
2018-06-22,92.59809112548828,92.9300766014312,91.8787693261034,92.59809112548828,38923100.0
2018-06-25,92.2200103689668,92.32145294323894,89.73007290333607,90.73526763916016,35433300.0
2018-06-26,91.13182326856993,92.29379748787353,91.06726953615468,91.37159729003906,26897200.0
2018-06-27,91.83268985028008,92.23845311965374,89.82229330260405,89.95140075683594,31298400.0
2018-06-28,89.80386127633282,91.39927086614159,89.69320174499498,90.95661163330078,26650700.0
2018-06-29,91.23325989051662,92.13701912109275,90.67994121514471,90.93815612792969,28053200.0
2018-07-02,90.46784220985514,92.27535383741453,90.3756235929466,92.229248046875,19564500.0
2018-07-03,92.66267194030688,92.80099633081876,91.24248289914642,91.34392547607422,14670300.0
2018-07-05,91.75891373820976,92.1462361076013,91.3254785475831,91.99868774414062,18977400.0
2018-07-06,92.11857388451546,93.53876298238353,91.91568872255876,93.2897720336914,19234600.0
2018-07-09,93.74164920509479,94.29496790298317,93.37276772789286,93.92608642578125,18212000.0
2018-07-10,94.06440517731954,94.53472917323798,93.93529773307965,94.1750717163086,19293100.0
2018-07-11,93.28053934829003,94.37795265735183,93.23442653003333,94.04596710205078,19644600.0
2018-07-12,94.7744856183854,96.28690000699505,94.73760381197073,96.08401489257812,24335900.0
2018-07-13,96.25004714998572,97.38434957074323,95.99182515775023,97.22757720947266,24635200.0
2018-07-16,97.19986944358864,97.58719170731752,96.38832904054516,96.74799346923828,21786900.0
2018-07-17,96.47137019656469,98.2143281329593,96.20393127565896,97.70711517333984,25901700.0
2018-07-18,97.69788473890611,97.79932731681505,96.57279944633683,96.94168090820312,29493900.0
2018-07-19,96.76645197578351,97.11688546350729,95.80736307504533,96.2776870727539,40171600.0
2018-07-20,99.67139191767527,99.78205143054332,97.8269916543689,98.00220489501953,56004000.0
2018-07-23,98.02988131638405,99.72672625944745,97.87310193956468,99.56995391845703,29707000.0
2018-07-24,100.12325597749064,100.35380598269218,98.91517620169948,99.2840576171875,26316600.0
2018-07-25,99.56073373359185,102.5025546521883,99.22874109543798,102.20745086669922,30702100.0
2018-07-26,102.1244352124986,102.36420920408963,100.98090907971005,101.0915756225586,31372100.0
2018-07-27,101.60801351355798,101.60801351355798,97.88232403740352,99.3025131225586,37005300.0
2018-07-30,98.85065311692796,99.16419784397677,96.60970609043389,97.17224884033203,34668300.0
2018-07-31,98.20506362564312,98.41717269461569,97.18142119207364,97.82696533203125,27655200.0
2018-08-01,97.78088641162107,98.1682088083346,97.21834372484842,98.01143646240234,23628700.0
2018-08-02,97.19987009675283,99.68058302372827,96.68343337248388,99.20104217529297,26104300.0
2018-08-03,99.413157319667,99.64370730692426,98.50939827385449,99.63448333740234,18659600.0
2018-08-06,99.70828184367745,99.98493766466297,99.19184498001282,99.71749877929688,20265900.0
2018-08-07,100.11406061914748,100.6120496170039,99.7544030711117,100.40916442871094,16080200.0
2018-08-08,100.82416943201476,101.21149190377612,100.29851549581561,100.97171783447266,15487500.0
2018-08-09,101.17457653301145,101.58957081758214,101.0731339547272,101.13768768310547,13677200.0
2018-08-10,100.90712824236995,101.15612619706866,99.94803934169875,100.51980590820312,18183700.0
2018-08-13,100.7411477327063,101.05469945888534,99.68984006908853,99.7912826538086,18472500.0
2018-08-14,100.11405465340142,101.211475177866,99.63451362987259,101.0362548828125,16788300.0
2018-08-15,100.43449628589548,100.8973707363679,98.88849731641442,99.66613006591797,29982800.0
2018-08-16,100.25862655722872,100.77704377346073,99.33287749229736,99.64762878417969,21384300.0
2018-08-17,99.38841325243581,99.88831856022277,98.76816311723704,99.59207916259766,18061500.0
2018-08-20,99.52726264525455,99.88830413826693,98.5737424425345,98.93478393554688,17914200.0
2018-08-21,98.98107721125476,99.37914954698577,97.99052610553863,98.11087799072266,22881900.0
2018-08-22,97.99052425242935,99.36988820056841,97.92572210890347,99.11067962646484,18000600.0
2018-08-23,99.19401679578431,100.1475372321656,98.93480817963076,99.57357025146484,18167700.0
2018-08-24,99.67538881130407,100.4993048205329,99.57355586068891,100.35118865966797,17234000.0
2018-08-27,101.15658306539498,101.49911271414486,100.45301895976844,101.46208190917969,19662300.0
2018-08-28,101.77685780101362,102.29527503427035,101.6379940241327,102.0730972290039,19151500.0
2018-08-29,102.24899712273543,103.71168256538994,102.08236198290257,103.70242309570312,20818000.0
2018-08-30,103.37838754442372,104.24859385116497,103.16546923292591,103.6375961303711,22798700.0
2018-08-31,103.39691629947859,104.40597939959572,103.2395335891452,103.98939514160156,23222700.0
2018-09-04,102.61928339331338,103.64686543001508,102.0360640196063,103.4154281616211,22634600.0
2018-09-05,102.76740076471602,103.14695419048971,100.07346772430594,100.43450927734375,32872400.0
2018-09-06,100.2123243209793,100.89737656967127,99.52727207228735,100.66593933105469,23477600.0
2018-09-07,100.19382716457443,100.64744224127016,99.2680780741476,100.17530822753906,22498600.0
2018-09-10,100.75848717821358,101.49908897851896,100.31413174835214,101.25839233398438,20727900.0
2018-09-11,100.81405943644546,103.30431924417773,100.804799969574,102.98030853271484,24301800.0
2018-09-12,103.15621955108462,103.54503246688934,102.30453209849192,103.4154281616211,18891100.0
2018-09-13,103.79497128854888,105.28542761241907,103.79497128854888,104.52631378173828,26055600.0
2018-09-14,104.94292711510269,105.28545685273399,104.09123956861517,104.95218658447266,19122300.0
2018-09-17,105.24839785505532,105.25765025904198,103.55427562219154,103.81348419189453,20736500.0
2018-09-18,103.85977816915505,105.25765401463005,103.4246750275275,104.80403900146484,22170900.0
2018-09-19,104.65592522308387,104.90587434050498,102.7951677919561,103.40615844726562,21728400.0
2018-09-20,103.94307415480176,105.35021628630983,103.61906348731729,105.13729095458984,23714500.0
2018-09-21,105.53538817732326,106.72960525950992,105.08177313557785,105.77608489990234,71229700.0
2018-09-24,104.63743436405858,106.36858796725518,103.88757974769345,106.1556625366211,27334500.0
2018-09-25,106.27599842284461,106.55371891227321,105.30395905258183,105.95198059082031,22668000.0
2018-09-26,105.97047593770148,106.51666438935726,105.29467614434583,105.51686096191406,19352000.0
2018-09-27,106.25747012283641,106.3778220142651,105.72053400251995,105.91494750976562,19091300.0
2018-09-28,105.71125647599132,106.06303847316617,105.23912261598876,105.87789154052734,21647800.0
2018-10-01,106.22970363950031,107.09065053974841,106.21119176615191,107.02584838867188,18883100.0
2018-10-02,106.7388622363262,107.23876047961764,105.94271753344823,106.5999984741211,20787200.0
2018-10-03,106.84994462819988,107.55351582436879,106.39632960963893,106.6185073852539,16648000.0
2018-10-04,106.10010043508444,106.2389642068008,103.34136512591644,104.41523742675781,34821700.0
2018-10-05,104.2671042225449,104.7670095152075,102.4248657450153,103.80422973632812,29068900.0
2018-10-08,103.3691471518721,103.71166979614644,101.22140247494828,102.6192855834961,29640600.0
2018-10-09,102.887749578486,104.68370500829724,102.57299828945773,103.92459106445312,26198600.0
2018-10-10,102.98031087929608,103.22100758311196,97.93498194366879,98.27751159667969,61376300.0
2018-10-11,97.52765729193052,100.84184045985295,96.46304451238059,98.04608154296875,63904300.0
2018-10-12,100.91590894843738,102.98032543670145,99.16624375643045,101.434326171875,47742100.0
2018-10-15,100.82331630875129,101.35099290038424,99.00884224544484,99.61058044433594,32068100.0
2018-10-16,101.40655537998632,103.13770870751122,100.86035974841012,102.75814819335938,31610200.0
2018-10-17,103.38765514609847,103.50799998106973,101.41581219394271,102.48967742919922,26548200.0
2018-10-18,101.92494519572107,102.32301747679821,99.82349845052971,100.4437484741211,32506200.0
2018-10-19,100.84185284352398,102.62854894393008,100.17531234098207,100.59190368652344,32785500.0
2018-10-22,101.20288821203226,102.3323032093066,100.20307751973317,101.4898681640625,26545600.0
2018-10-23,99.76797979330264,100.87888297770238,97.3054908009247,100.07347869873047,43770400.0
2018-10-24,100.36045628781694,100.43451084281922,94.04684108789353,94.72264099121094,63897800.0
2018-10-25,98.63856043850126,101.1565918281231,98.26825941967601,100.25862121582031,61646800.0
2018-10-26,97.84242159921828,100.6752114970754,96.98147468045124,99.01811981201172,55523100.0
2018-10-29,100.08273104346118,100.6289195964939,94.08387405084903,96.1390380859375,55162000.0
2018-10-30,95.96311382797371,96.62964696049582,92.67670311110807,96.02791595458984,65350900.0
2018-10-31,97.61096288528086,100.11048200329013,97.56467261672746,98.87923431396484,51062400.0
2018-11-01,99.10144463813442,99.35139378911569,97.69430204156501,98.05534362792969,33384200.0
2018-11-02,98.57375097718233,99.35137670241276,97.18512755678172,98.27751159667969,37680200.0
2018-11-05,98.47193690742945,99.7402086876284,98.0368336888862,99.52729034423828,27922100.0
2018-11-06,99.40692136653952,100.75851400853666,98.3885989171339,99.7216796875,24340200.0
2018-11-07,101.3139663623149,103.90605915935069,101.27693555712673,103.6468505859375,37901700.0
2018-11-08,103.4987286241075,103.87828199591975,102.67481267786016,103.45243835449219,25644100.0
2018-11-09,102.6192838613924,103.17473189549057,100.68447167898773,101.434326171875,32039200.0
2018-11-12,101.29543930809682,101.79534454370703,98.22195335289952,98.93478393554688,33621800.0
2018-11-13,99.56430307043802,100.66593952560729,98.72186813005159,98.99959564208984,35374600.0
2018-11-14,100.5058134343671,100.6545766021726,97.1308288657352,97.595703125,39495100.0
2018-11-15,97.61427602832889,100.22687368184289,96.61015321420481,99.74340057373047,38505200.0
2018-11-16,99.55746978053084,101.23101280259544,99.29714133888199,100.68246459960938,33502100.0
2018-11-19,100.66387066412342,100.93349859021787,96.27546354172044,97.27029418945312,44773900.0
2018-11-20,94.64837829989536,95.73618209149464,92.37049074440347,94.564697265625,64052500.0
2018-11-21,96.32190761845342,97.0936002909583,95.05744955782859,95.8663330078125,28130600.0
2018-11-23,94.9923876600706,96.51717439370799,94.8343321422536,95.82916259765625,13823100.0
2018-11-26,97.42832560544561,99.13905907958066,97.23307931285954,98.99030303955078,32336200.0
2018-11-27,98.80436700807172,99.78990521201301,97.95829958704567,99.61325073242188,29124500.0
2018-11-28,100.31054655869544,103.50888307749067,100.28265524379705,103.31363677978516,46788500.0
2018-11-29,102.57912353482604,103.31362548499001,101.37044800297826,102.44895935058594,28123200.0
2018-11-30,102.9231304102952,103.17416641491972,101.6772711362564,103.09978485107422,33665600.0
2018-12-03,105.06156667705791,105.45205929326048,102.95104098084359,104.21549224853516,34732800.0
2018-12-04,104.07604644136164,104.72686753574386,100.6080815125074,100.89630126953125,45197000.0
2018-12-06,98.38595674793915,101.56569397056495,97.62356348824378,101.51921081542969,49107400.0
2018-12-07,100.7661165279575,101.76094690870966,96.97274891791253,97.45621490478516,45044900.0
2018-12-10,97.43764699031088,100.39424754510067,96.59157243872225,100.0316390991211,40801500.0
2018-12-11,102.08635871972184,103.15556351188069,99.89215232454038,100.96135711669922,42381900.0
2018-12-12,103.09978856664077,103.45309036751493,101.37975562786976,101.41694641113281,36183000.0
2018-12-13,101.88181999944426,103.08119615274552,100.99855486200929,101.76094818115234,31333400.0
2018-12-14,100.64524955596535,101.58429728855633,98.08844183052511,98.58120727539062,47043100.0
2018-12-17,98.00477394091753,98.36737521870621,94.56470089648415,95.66180419921875,56957300.0
2018-12-18,96.46137832785277,97.1679889648928,95.3177848901882,96.66592407226562,49319200.0
2018-12-19,96.36841071902464,99.37149369355274,94.22998683591966,96.40560150146484,68198200.0
2018-12-20,95.8105746669011,96.98205253397556,91.84054505934131,94.3787612915039,70334200.0
2018-12-21,94.49030848146617,95.76406608889972,90.61326012960724,91.32917022705078,111242100.0
2018-12-24,90.81779772861478,91.08742553784074,87.37773248094764,87.5171890258789,43935200.0
2018-12-26,88.4562494970154,93.61635521285486,87.35914625893676,93.4954833984375,51634800.0
2018-12-27,92.32401323107835,94.08123703061523,89.62774161962797,94.07193756103516,49498500.0
2018-12-28,94.91800216091694,95.21552843167096,92.52854927290323,93.33743286132812,38196300.0
2018-12-31,94.17422660812731,95.20624801270391,93.38394180020042,94.43455505371094,33173800.0
2019-01-02,92.55642433605153,94.60186727766205,91.98927743895305,94.01612854003906,35329300.0
2019-01-03,93.06780510614082,93.15148614324133,90.37153356835667,90.55748748779297,42579100.0
2019-01-04,92.71450597391993,95.30850470419871,91.98000393114563,94.76924896240234,44060600.0
2019-01-07,94.49963642404227,96.01512391661572,93.88600610618126,94.89012908935547,35656100.0
2019-01-08,95.80124730424653,96.66591334110157,94.56468060005534,95.57810974121094,31514400.0
2019-01-09,96.56364641282622,97.51198643405203,95.98719998836931,96.94483947753906,32280800.0
2019-01-10,95.96862050245953,96.4613859656991,95.18762824317267,96.3219223022461,30067600.0
2019-01-11,95.94071094117449,96.17314797158267,94.49959851527765,95.57810974121094,28314200.0
2019-01-14,94.74136517609254,95.64322227614912,94.146326756277,94.88082885742188,28437100.0
2019-01-15,95.30848782854767,97.67004905474218,94.72274193591113,97.63285827636719,31587600.0
2019-01-16,97.86529480526552,98.79504297949228,97.58636751563122,97.97686004638672,29853900.0
2019-01-17,97.62357343374724,99.13906063913635,97.40043582348393,98.6648941040039,28393000.0
2019-01-18,99.9107514017139,100.31984292334074,98.46964579370251,100.1431884765625,37427600.0
2019-01-22,99.25062100730099,99.5760314607729,97.4933974651368,98.25579071044922,32371300.0
2019-01-23,98.66489943811888,99.52026623488581,97.93968975207686,99.21344757080078,25874300.0
2019-01-24,99.3528796869692,99.48304384976673,97.93965864314617,98.73924255371094,23164800.0
2019-01-25,99.70620300614567,100.30124133456077,98.73926394911703,99.64112091064453,31225600.0
2019-01-28,98.79505553930674,98.99960129858704,97.30745969010901,97.69795227050781,29476700.0
2019-01-29,97.51201248399933,97.59569353101836,94.99239509768105,95.70830535888672,31490500.0
2019-01-30,97.27029441204519,98.90664672851562,97.00066648533374,98.90664672851562,49471900.0
2019-01-31,96.50786622773542,97.8281069724671,95.93141978872971,97.0936050415039,55636400.0
2019-02-01,96.48928819859835,96.78680740403813,95.15974769760429,95.55953979492188,35535700.0
2019-02-04,95.64320393609864,98.367366561146,95.55022343743022,98.31157684326172,31315100.0
2019-02-05,98.60911054865613,99.73410523309047,98.51613712968302,99.6876220703125,27325400.0
2019-02-06,99.48306422621978,99.48306422621978,98.1163331434924,98.58120727539062,20609800.0
2019-02-07,97.80026691429902,98.17216071534777,96.96349167510019,97.87464141845703,29760700.0
2019-02-08,97.0564214558101,98.34877098520779,96.93555673419306,98.24649810791016,21461100.0
2019-02-11,98.73927619970999,99.0925851277653,97.59568965210272,97.85601806640625,18914100.0
2019-02-12,98.68347951708743,99.61322777490315,98.06984935550553,99.38079071044922,25056600.0
2019-02-13,99.94793264903785,100.20826101308414,99.21343071138385,99.30640411376953,18394900.0
2019-02-14,98.84152060291028,99.75267688378484,98.23718999820194,99.39007568359375,21784700.0
2019-02-15,100.32913566309254,100.69173690806221,99.81777129535784,100.61735534667969,26606900.0
2019-02-19,100.21756765408242,101.02645120890445,100.2082681851535,100.57086944580078,18038500.0
2019-02-20,100.71093618428742,100.78563541714837,99.24499757701822,100.0479965209961,21607700.0
2019-02-21,99.81456635053183,102.22356317255677,99.78655591925192,102.158203125,29063200.0
2019-02-22,102.75579485378032,103.82956617257503,102.54103631579433,103.61481475830078,27763200.0
2019-02-25,104.35244034620297,104.74460062745418,103.885580833177,104.1937026977539,23750600.0
2019-02-26,103.88556174679877,105.73432108944016,103.80152334556442,104.91265106201172,21536700.0
2019-02-27,104.28708646941689,104.91267654419379,103.53076916944435,104.73526763916016,21487100.0
2019-02-28,104.61388477854021,105.39820537286741,104.32443414830676,104.60454559326172,29083900.0
2019-03-01,105.40753527734225,105.52891618043107,104.26839697984079,105.07139587402344,23501200.0
2019-03-04,105.52890374515972,105.7436622200831,103.4560538339007,104.81928253173828,26608000.0
2019-03-05,104.80995790718804,104.94067799748723,103.85756766019237,104.2964096069336,19538300.0
2019-03-06,104.45515798707962,105.1927969288456,104.04431930465012,104.34310913085938,17687000.0
2019-03-07,104.01628499521844,104.15634425241615,102.58769624396326,103.07322692871094,25339000.0
2019-03-08,101.92479087367776,103.37205135351937,101.58865139315834,103.18531036376953,22818400.0
2019-03-11,103.63347005532513,105.46355844471744,103.62413799437518,105.35151672363281,26491600.0
2019-03-12,105.34217904261601,106.43462858104856,105.18344851967332,106.08915710449219,26132700.0
2019-03-13,106.56534903527819,107.3776871460494,106.2385488034889,106.91082763671875,35513800.0
2019-03-14,106.94816848581128,107.5644192832843,106.75208836281031,106.9948501586914,30763400.0
2019-03-15,107.69514455440294,109.47855123917266,106.9948553140671,108.22737121582031,54681100.0
2019-03-18,108.47011309527417,109.81467046928438,108.35807139657948,109.7773208618164,31207600.0
2019-03-19,110.26287467288245,110.58968202594784,109.2357851847489,109.85204315185547,37588700.0
2019-03-20,109.60928619400558,110.87914475861164,108.97435691170254,109.73066711425781,28113300.0
2019-03-21,109.37585250708065,112.81193900786722,109.32916370357661,112.251708984375,29854400.0
2019-03-22,111.57942551475436,111.6634568091499,109.28247752636707,109.29181671142578,33624500.0
2019-03-25,108.83427736838422,110.18817410562987,108.61018681741983,109.86137390136719,27067100.0
2019-03-26,110.75776547031889,110.84179677241363,109.10507862533953,110.0948257446289,26097700.0
2019-03-27,110.06679365483346,110.37492263592199,107.86321623493906,109.03036499023438,22733400.0
2019-03-28,109.65597780758549,109.7866979169624,108.43280089311348,109.17977905273438,18334800.0
2019-03-29,110.24419125735626,110.47762098451452,109.20776269887678,110.12281036376953,25399800.0
2019-04-01,111.0658731697101,111.21527163039491,110.27221343752652,111.13123321533203,22789100.0
2019-04-02,111.16857474714706,111.5607421160738,110.66436566456426,111.28996276855469,18142300.0
2019-04-03,111.91556273741057,112.44778229590851,111.25262308550687,112.01827239990234,22860700.0
2019-04-04,112.13961930691055,112.2610073023465,110.5336219334915,111.44866943359375,20112800.0
2019-04-05,111.47670588938573,112.261033518883,111.4580346446476,111.94356536865234,15826200.0
2019-04-08,111.86886241905232,112.06494253897311,110.77641298361789,111.98091125488281,15116200.0
2019-04-09,110.76707419019314,111.6167618365554,110.72039251788176,111.37399291992188,17612000.0
2019-04-10,111.82219437496948,112.37308518992687,111.61677504610032,112.22369384765625,16477200.0
2019-04-11,112.55046546993825,112.83991601954229,111.97155724702102,112.35438537597656,14209100.0
2019-04-12,112.64386084875551,112.96132901663233,112.39175985037127,112.93331146240234,19745100.0
2019-04-15,112.92397033987314,113.52154988870117,112.57849176919969,113.02667999267578,15792600.0
2019-04-16,113.57758933102583,113.586928516548,112.13966108019707,112.76525115966797,14071800.0
2019-04-17,113.20408182482275,113.77365094577425,112.55048141899813,113.6989517211914,19300900.0
2019-04-18,114.0911432658111,115.33298430004031,113.2601338064279,115.19293212890625,27991000.0
2019-04-22,114.49261364031283,115.78114315280038,114.4459248460092,115.55705261230469,15648700.0
2019-04-23,115.87452996111688,117.25643725712153,115.6224289579656,117.12571716308594,24025500.0
2019-04-24,117.45251231709337,117.50853317676774,116.26668521344186,116.72421264648438,31257000.0
2019-04-25,121.43950869598945,122.66267848604654,120.29103814659383,120.5898208618164,38033900.0
2019-04-26,121.1033604453802,121.869016921011,120.46843831698403,121.28076934814453,23654900.0
2019-04-29,121.29010548429896,121.55154569270618,120.77657137684231,121.16873168945312,16324200.0
2019-04-30,121.20607190230884,122.03708131640306,120.81391159708238,121.94371795654297,24166500.0
2019-05-01,121.87833307601908,121.99037479054327,119.23590674493316,119.40397644042969,26821700.0
2019-05-02,119.49735202590337,119.51602327010687,117.2003971848161,117.84466552734375,27350200.0
2019-05-03,118.91844807977836,120.85123893074154,118.81573842362141,120.35636901855469,24911100.0
2019-05-06,118.01276444366867,120.03893331772208,117.75132421781815,119.6561050415039,24239800.0
2019-05-07,118.07809172596352,118.75037047652874,115.98656337597939,117.20039367675781,36017700.0
2019-05-08,117.12572576361251,117.9940848084473,116.48145730733499,117.19108581542969,28419000.0
2019-05-09,116.05191795329704,117.45249624316492,115.37963923436693,117.18171691894531,27235800.0
2019-05-10,116.63083195856203,119.45065992002532,115.61307464677384,118.70368194580078,30915100.0
2019-05-13,115.883853211928,117.22841070708623,114.88477427419512,115.17422485351562,33944900.0
2019-05-14,115.65975452878482,117.53652425600004,115.50101691299027,116.46275329589844,25266300.0
2019-05-15,116.45340558810436,118.74948222900501,115.92858255440808,118.10282897949219,24722700.0
2019-05-16,118.78698158814498,121.25175745868842,118.5151998649632,120.83001708984375,30112200.0
2019-05-17,120.24896841574427,122.26390402423397,119.88347059655385,120.02405548095703,25770500.0
2019-05-20,118.57140095026452,119.57417810959048,117.85915295958311,118.29025268554688,23706900.0
2019-05-21,119.4242377298326,119.51795382115691,118.6276402284567,118.92753601074219,15293300.0
2019-05-22,118.66514013798412,120.18336671180455,118.57141688706866,119.649169921875,15396500.0
2019-05-23,118.27152508977515,118.35587458844678,116.90324995090113,118.2527847290039,23603800.0
2019-05-24,118.93691861104664,119.41487285737321,118.0559715569012,118.30900573730469,14123400.0
2019-05-28,119.00253044579348,119.95844616765655,118.13095707435339,118.23404693603516,23128400.0
2019-05-29,117.5030352488129,117.51240900373234,116.24722379265059,117.09068298339844,22763100.0
2019-05-30,117.39058114847812,117.85916880274307,116.9407338543485,117.8310546875,16829600.0
2019-05-31,116.42528506567169,116.79078284308702,115.57245215164943,115.90983581542969,26646800.0
2019-06-03,116.0691715369704,116.55650674765947,111.53324604563242,112.31109619140625,37983600.0
2019-06-04,113.66061417816002,115.53496469468662,113.07019633948286,115.4225082397461,29382600.0
2019-06-05,117.10006287475238,117.96226967316758,116.40655508370786,117.9247817993164,24926100.0
2019-06-06,118.49645732464687,119.93033451190594,117.70922628747518,119.78975677490234,21459000.0
2019-06-07,121.07364938554547,123.94140280708315,120.20206913577334,123.1447982788086,33885600.0
2019-06-10,124.08199321343226,125.6564550166469,123.70712884608348,124.26943969726562,26477100.0
2019-06-11,125.46902063023671,125.8064042749911,123.03235938477074,123.80084991455078,23913700.0
2019-06-12,123.14482274128426,123.6790195005128,122.49818382770798,123.22917938232422,17092500.0
2019-06-13,123.6883990724366,124.6443219364454,123.29478714023557,124.00704956054688,17200800.0
2019-06-14,123.95081774134687,125.38469501122161,123.3697735483724,124.1288833618164,17821700.0
2019-06-17,124.29755108635382,125.328435224055,124.20382784649068,124.50373077392578,14517800.0
2019-06-18,125.7595181883917,126.74355481916128,125.17847425219607,126.6685791015625,25934500.0
2019-06-19,126.51868327302087,127.39024956037937,125.40344222132903,127.16533660888672,23744400.0
2019-06-20,128.8147485620881,129.01156167699372,127.19343921611303,128.34616088867188,33042600.0
2019-06-21,127.99941611139504,129.07716208670809,127.88695964097253,128.3649139404297,36727900.0
2019-06-24,128.39301260860177,129.70505227285932,128.39301260860177,129.12400817871094,20628800.0
2019-06-25,128.6273347046384,128.94597093598418,124.39129752853474,125.04731750488281,33327400.0
2019-06-26,125.90951062001223,127.21218374961302,125.20662912633928,125.51588439941406,23657700.0
2019-06-27,125.7126792946035,126.24687601646973,125.12225434941632,125.7220458984375,16557500.0
2019-06-28,126.11569916667041,126.14381328437315,124.79427843399512,125.54402160644531,30043000.0
2019-07-01,128.0462344341776,128.11182925301864,126.49052038540506,127.1559066772461,22613500.0
2019-07-02,127.56828276734362,128.00875625231572,126.83728726040238,127.9993896484375,15237800.0
2019-07-03,128.20561841826904,129.086565725482,127.72764973447762,128.82415771484375,13629300.0
2019-07-05,127.39964773548309,128.7023211900468,127.19346796855955,128.44927978515625,18141100.0
2019-07-08,127.83068443150086,128.48671847504428,126.86539517334259,128.3555145263672,16779700.0
2019-07-09,127.4558407020966,128.36490188641113,127.2684085022726,127.88694763183594,19953100.0
2019-07-10,128.51488396908354,129.87378561659764,128.41179408960792,129.1896514892578,24204400.0
2019-07-11,129.51764589277087,130.47356886735088,129.20837627451962,129.705078125,22327900.0
2019-07-12,130.1267824407969,130.38919035318898,129.33954440346187,130.1736297607422,18936800.0
2019-07-15,130.67971237761174,130.77342131766108,129.7612846842394,130.1736297607422,16651500.0
2019-07-16,130.22988113504934,130.31422347687305,127.94317120009755,128.46798706054688,22726100.0
2019-07-17,129.04900820205842,129.26455447066715,127.66199306033704,127.70885467529297,20211000.0
2019-07-18,127.03408850320196,128.0368584307365,126.20936983371017,127.84942626953125,30381800.0
2019-07-19,131.41073283770953,131.83245889838872,127.8775776534815,128.03689575195312,48992400.0
2019-07-22,128.77727619478478,130.4454472763572,128.7023004461548,129.73318481445312,25074900.0
2019-07-23,130.97964294124037,131.19520360270238,129.3583333276953,130.53916931152344,18034600.0
2019-07-24,130.1736220895351,131.8980352266951,130.12677477235053,131.87928771972656,20738300.0
2019-07-25,131.60752706683664,131.77622606531844,130.56727616020288,131.3826141357422,18356900.0
2019-07-26,131.5512812981361,132.77897855057645,131.4856864686977,132.46034240722656,19037600.0
2019-07-29,132.6103191632778,132.61968576922405,130.61413098427352,132.1698455810547,16605900.0
2019-07-30,131.33574914602943,132.34790021052507,131.01711296836243,131.53256225585938,16846500.0
2019-07-31,131.51378328713773,131.66373473493385,126.59361402006459,127.70885467529297,38598800.0
2019-08-01,128.3930100907393,132.08548288794373,128.32740095873314,129.38641357421875,40557500.0
2019-08-02,129.41455750603876,129.630118160732,126.76234920406252,128.29931640625,30791600.0
2019-08-05,124.92550197337033,125.51591283771656,122.56381561549392,123.90398406982422,42749600.0
2019-08-06,125.3941018245335,127.15598228019141,124.8411716363261,126.22818756103516,32696700.0
2019-08-07,125.38467062156676,127.12781716157795,123.54781513648969,126.78106689453125,33414500.0
2019-08-08,128.0181359828158,130.25798410281516,127.3902160247668,130.1642608642578,27496500.0
2019-08-09,129.90187801239043,130.62350704802847,127.88695669618893,129.0584259033203,23466700.0
2019-08-12,128.45859998994524,129.1989620393762,126.74356781197011,127.25900268554688,20484300.0
2019-08-13,127.50270196465162,130.07993403034587,126.51866504317269,129.8925018310547,25154600.0
2019-08-14,128.2187436929065,128.74530707742247,125.68934554077875,125.9808349609375,32527300.0
2019-08-15,126.36640813154341,126.54506670856385,124.35417479943732,125.69879150390625,28074400.0
2019-08-16,126.82714752913726,128.31281714708828,126.67669670377454,128.0025177001953,24449100.0
2019-08-19,129.6198140798624,130.2780184343801,128.7171235738247,130.14637756347656,24355700.0
2019-08-20,129.95834106503386,130.42848915399998,129.04625262461713,129.06504821777344,21170800.0
2019-08-21,130.2780002751543,131.16188071992357,129.7608346587705,130.503662109375,14970300.0
2019-08-22,130.38146604791604,130.88921964983857,128.152954442496,129.5540008544922,18697000.0
2019-08-23,128.99920635000507,130.0899531180804,124.87130761785419,125.42607879638672,38508600.0
2019-08-26,126.93055478578043,127.46651601360738,125.90562130137893,127.36308288574219,20312600.0
2019-08-27,128.24698997461041,128.55728942257775,126.62028166961235,127.63580322265625,23102100.0
2019-08-28,126.82714301223675,127.65459382670159,125.57654747303681,127.46653747558594,17393300.0
2019-08-29,129.05566508525567,130.17461995978218,128.7359677919003,129.87371826171875,20168700.0
2019-08-30,130.84218699291898,130.87039472603064,128.13414417974815,129.62921142578125,23940100.0
2019-09-03,128.45383754713433,129.0086087454522,127.59816474091492,127.91786193847656,18869300.0
2019-09-04,129.10264919338846,129.4693640751677,128.33159955346446,129.41294860839844,17995900.0
2019-09-05,130.80453527455379,131.99871482977684,130.47542604076222,131.68841552734375,26101800.0
2019-09-06,131.66968040203156,131.81071909791473,129.94893657334757,130.7952117919922,20824500.0
2019-09-09,131.2559300150329,131.40638083548524,128.31281295925083,129.3095245361328,25773900.0
2019-09-10,128.6325274355,128.717150652931,126.47924102898769,127.95551300048828,28903400.0
2019-09-11,127.79565649488906,128.13416369155442,127.02460674501427,127.99311065673828,24726100.0
2019-09-12,129.61982397289833,130.15578529256243,128.6983234584626,129.3095245361328,27010000.0
2019-09-13,129.5539574876609,129.81723917056854,128.41620757533343,129.12142944335938,23363100.0
2019-09-16,127.72041897400321,128.53847197683487,127.56057036125333,128.19056701660156,16731400.0
2019-09-17,128.78293550075657,129.30949892024898,128.2845654632615,129.187255859375,17814200.0
2019-09-18,129.1590699993063,130.3908555672847,128.37862253191844,130.24981689453125,23982100.0
2019-09-19,131.92350543803306,133.86991031016734,131.70724141841268,132.6475372314453,35772100.0
2019-09-20,132.59115619014355,133.19294515787774,129.99594395699876,131.11489868164062,39167300.0
2019-09-23,130.91741739201672,131.29354442748715,130.17458981210405,130.83279418945312,17139300.0
2019-09-24,131.9799654136106,132.29026485832162,128.70773889777342,129.17788696289062,29773200.0
2019-09-25,129.29072142779168,131.60385628417788,127.90848493088666,131.0396728515625,21382000.0
2019-09-26,131.1148718343039,131.81068166677636,130.17457586801976,131.20889282226562,17456600.0
2019-09-27,131.7824724996925,131.97994096348273,128.49143665355754,129.5069580078125,22477700.0
2019-09-30,129.80782332004188,130.90796755938885,129.553939465493,130.72930908203125,17280900.0
2019-10-01,131.32174631835753,131.87651752973946,128.82055544794514,128.88638305664062,21466600.0
2019-10-02,128.1153422144816,128.2281731539498,125.60475337685614,126.6108627319336,30521700.0
2019-10-03,126.89297423016744,128.58551032521106,125.26626575860587,128.14356994628906,24132900.0
2019-10-04,128.5855169428686,129.99596137002985,128.27521744715918,129.87371826171875,22897700.0
2019-10-07,128.9522205859526,129.93012232314214,128.83938963298726,128.93341064453125,15303700.0
2019-10-08,128.89579011144485,129.53518456755847,127.52295150305427,127.5699691772461,25550500.0
2019-10-09,129.25309674419262,130.41905462210212,128.79234653089637,129.9865264892578,19749900.0
2019-10-10,130.2216305157642,131.33117318413008,129.99595425456926,130.7952117919922,17654600.0
2019-10-11,131.75426290595945,132.6099356573228,131.17128401274712,131.3405303955078,25446000.0
2019-10-14,131.3499483590246,131.91411734100868,131.1900997634069,131.2183074951172,13304300.0
2019-10-15,131.69785021286717,133.3245582106238,131.4627762222408,133.11770629882812,19695700.0
2019-10-16,132.3842649969557,132.57233567158409,131.19949722479822,132.02696228027344,20751600.0
2019-10-17,132.53471281384464,132.97665306327167,130.71994849631562,131.34994506835938,21460600.0
2019-10-18,131.41574130060494,131.64141746717655,128.40679748519608,129.2060546875,32273500.0
2019-10-21,130.18398633013535,130.23100400258022,128.82995771128697,130.16517639160156,20078200.0
2019-10-22,130.672940083348,131.65084163887934,128.12473153592026,128.22816467285156,27431000.0
2019-10-23,128.70771176264134,129.2436729830338,127.5135319116312,129.0462188720703,29844600.0
2019-10-24,131.06782591553826,132.0363294042335,130.39081181791786,131.58499145507812,37029300.0
2019-10-25,131.0208394927047,132.7133751402502,130.88919862832773,132.32785034179688,25959700.0
2019-10-28,135.77875297709673,136.97293305797643,134.94189001044404,135.581298828125,35280100.0
2019-10-29,135.47787572150747,135.8727983964971,134.13324471943645,134.30250549316406,20589500.0
2019-10-30,134.95132259052556,136.34295703111934,134.26489599368983,135.9762420654297,18496600.0
2019-10-31,136.2488472601146,136.2770549845492,134.4528932974216,134.81019592285156,24605100.0
2019-11-01,135.6471121085509,135.79756293011184,134.4341364356935,135.1393585205078,33128400.0
2019-11-04,136.18308155649737,136.3429301666834,135.5530849112538,135.9197998046875,16912000.0
2019-11-05,136.31473569655643,136.3617533741931,135.31802406089378,135.83518981933594,18250200.0
2019-11-06,135.75048901243457,135.89154197962614,134.650344737656,135.45899963378906,16575800.0
2019-11-07,135.2522025601353,136.23011864719925,135.1863892866918,135.64712524414062,17786700.0
2019-11-08,135.38380912623475,137.27381319989922,135.17694286595528,137.24560546875,16732700.0
2019-11-11,136.66264091061882,137.67816248856838,136.08905967717826,137.3866729736328,14362600.0
2019-11-12,137.546495296601,138.7594851498781,137.33962903244176,138.28933715820312,18641600.0
2019-11-13,137.97902293877326,138.65603712187527,137.5464805198783,138.51498413085938,16919200.0
2019-11-14,138.24232852893402,139.5493394573427,138.2235185906592,139.22023010253906,19729800.0
2019-11-15,140.03825856613946,141.03498425138966,139.41767418945162,141.01617431640625,23485700.0
2019-11-18,141.1101899264331,141.56152786853488,140.08525665580837,141.3640594482422,21534000.0
2019-11-19,141.8718983846795,142.29502881448042,141.23248949369315,141.41114807128906,23935700.0
2019-11-20,141.81684690437555,142.31689851081478,140.07138836760183,141.16583251953125,25696800.0
2019-11-21,140.95830154876376,141.33570859986688,140.10916087784383,141.03378295898438,18576100.0
2019-11-22,141.59040048900815,141.8074004595796,140.41103091498735,141.13751220703125,15901800.0
2019-11-25,141.5243190678164,142.79804369806604,141.44883770338845,142.684814453125,22420900.0
2019-11-26,142.80749590026912,143.807598941976,142.76976241042755,143.43963623046875,24620100.0
2019-11-27,143.72268660917013,143.88307913372716,142.9584574759159,143.7132568359375,15184400.0
2019-11-29,143.5057188938195,143.6944151770697,142.73204541690905,142.82640075683594,11977300.0
2019-12-02,143.23204122740458,143.25091516735534,139.9392513375931,141.09974670410156,27418400.0
2019-12-03,139.15619722421118,140.98656693702017,138.36364983072966,140.87335205078125,24066000.0
2019-12-04,141.65645044887273,141.6941839441331,140.76956214592752,141.38284301757812,17574700.0
2019-12-05,141.5715117276472,141.82625956002167,141.03371234781216,141.45828247070312,17869100.0
2019-12-06,142.45840932459984,143.28867568329738,141.7790913241923,143.1754608154297,16403500.0
2019-12-09,142.5338724971307,143.6094567942985,142.38290976152146,142.80747985839844,16687400.0
2019-12-10,142.7414176881793,143.30752070647608,142.24136626054283,142.59046936035156,16476100.0
2019-12-11,142.97733313010576,143.28868844106424,141.8357113865266,143.1282958984375,18856600.0
2019-12-12,143.08112959320556,144.7699951052196,142.4867370401877,144.581298828125,24612100.0
2019-12-13,144.35483838796566,146.13804463924706,144.1944458506823,145.7983856201172,23845400.0
2019-12-16,146.34557021247258,147.09092523450985,146.07196288444794,146.74183654785156,24144200.0
2019-12-17,146.6663923139394,146.91171039074393,145.7228966870931,145.9493408203125,25425600.0
2019-12-18,145.58137795355316,146.69469588173047,145.46814868875833,145.6474151611328,24129200.0
2019-12-19,145.2983891301687,146.96838114018226,145.0625151218405,146.91177368164062,24958900.0
2019-12-20,148.4590633343229,149.5346479229728,147.45894573733023,148.5156707763672,53477500.0
2019-12-23,149.18554470269504,149.18554470269504,148.38358194606292,148.5156707763672,17718200.0
2019-12-24,148.5816455857477,148.79865988457055,148.2419866795432,148.4873046875,8989200.0
2019-12-26,148.65718692312868,149.76107521454566,148.5062241491052,149.7044677734375,14520600.0
2019-12-27,150.44033085196224,150.53468614570986,149.27983560116874,149.97802734375,18412800.0
2019-12-30,150.00638847496876,150.0346921946084,147.87407895143622,148.68548583984375,16348400.0
2019-12-31,147.9118016528635,148.85529720444745,147.60987616598882,148.78924560546875,18369400.0
2020-01-02,149.8082523011168,151.64806611302345,149.38368209784642,151.54428100585938,22622100.0
2020-01-03,149.37423516693,150.91212325532504,149.12891708911667,149.6572723388672,21116200.0
2020-01-06,148.20428443592868,150.11014950002246,147.66648505583996,150.04409790039062,20813700.0
2020-01-07,150.31775905585243,150.6479739507231,148.4307674396651,148.6760711669922,21634100.0
2020-01-08,149.94976152661232,151.71410823807295,149.02513979117086,151.04421997070312,27746500.0
2020-01-09,152.69535469097917,153.05388769690074,151.93112540707537,152.9312286376953,21385000.0
2020-01-10,153.61994018744716,153.99733261890012,152.07259378733414,152.2235565185547,20725900.0
2020-01-13,152.61983778477074,154.08225879341623,152.14809000111734,154.053955078125,21626500.0
2020-01-14,154.15771689928422,154.35585727301714,152.58208126728542,152.9689178466797,23477400.0
2020-01-15,153.43126994245833,154.6766912077971,153.384106673567,153.95962524414062,21417900.0
2020-01-16,155.06348538883978,156.84669124133654,154.76155992975546,156.7806396484375,23865400.0
2020-01-17,157.96006852492908,158.00724619527017,156.08250665954205,157.6581573486328,34371700.0
2020-01-21,157.26181751293308,158.6865048817787,157.02594364620745,157.0919952392578,29517200.0
2020-01-22,157.94115889124797,158.02608443731478,156.31834529508856,156.33721923828125,24138800.0
2020-01-23,156.7995091165525,157.3750419094932,155.93149504133996,157.299560546875,19680800.0
2020-01-24,158.04494334885658,158.06381729197344,155.15784910579725,155.71450805664062,24918100.0
2020-01-27,152.04434924158312,154.14835533565494,151.14803107063887,153.11050415039062,32078100.0
2020-01-28,154.52572901855586,156.3938465269941,153.8558551144735,156.11080932617188,24899900.0
2020-01-29,158.35633240490503,159.21491704236274,156.32782218345113,158.54502868652344,34754500.0
2020-01-30,164.2154249334723,164.2154249334723,161.1396198225113,163.01718139648438,51597500.0
2020-01-31,162.47939891941252,162.6586510071575,159.99800065070156,160.61126708984375,36142700.0
2020-02-03,160.79992994302856,164.6399635094619,160.7716262299697,164.52674865722656,30107000.0
2020-02-04,167.1308156372182,170.43305034843976,166.3477125352507,169.9424285888672,36433300.0
2020-02-05,173.63148935041767,173.79188187042314,168.32904883087167,169.73484802246094,39186300.0
2020-02-06,170.7444028199159,173.4333710847966,169.88581835396727,173.2541046142578,27751400.0
2020-02-07,172.51816064750537,175.1410770270383,172.16905751732648,173.4993896484375,33529100.0
2020-02-10,173.20692015646554,178.16970172026257,172.89556488773874,178.03761291503906,35844300.0
2020-02-11,179.87740947996318,179.9245871338013,173.13142248247357,174.018310546875,53159900.0
2020-02-12,175.09392315032483,175.34867100497553,171.57468843308777,174.27308654785156,47062900.0
2020-02-13,172.73518298540432,175.70718848393082,172.5370425670888,173.32958984375,35295800.0
2020-02-14,172.89556091915946,174.93351477862925,172.32945782599572,174.8769073486328,23149500.0
2020-02-18,175.12223737437887,177.09413993131065,175.0184522715613,176.65069580078125,27792200.0
2020-02-19,177.91843177575387,178.0319558816132,176.41417962942194,177.1804962158203,29997500.0
2020-02-20,176.8682788334859,177.15210351535464,171.33376249869883,174.47471618652344,36862400.0
2020-02-21,173.29213644538692,173.6043421717942,167.69138773814998,168.95912170410156,48572600.0
2020-02-24,158.72260501512415,165.13697612345229,154.42742730343585,161.67434692382812,68311100.0
2020-02-25,164.80588644043308,165.41137248279898,158.60910642870195,159.0064697265625,68073300.0
2020-02-26,160.5579939912632,163.9165403125389,159.13888503210237,160.99317932128906,56206100.0
2020-02-27,154.51260805417675,158.02252986335748,149.46056861111845,149.6497802734375,93174900.0
2020-02-28,144.19092080033346,154.88154350179207,143.80302759023863,153.27320861816406,97012700.0
2020-03-02,156.3952882488152,163.5949026496789,153.55706992157735,163.47190856933594,71030800.0
2020-03-03,164.4274035772847,165.56268769141312,153.50971883054677,155.6383819580078,71677000.0
2020-03-04,159.40378432160293,161.49459677203134,156.6885460281868,161.35269165039062,49814400.0
2020-03-05,157.09534494624057,161.65540698924337,156.75475826135863,157.30348205566406,47817300.0
2020-03-06,153.84087330986785,154.31390963214946,147.5873325518678,152.85696411132812,72821100.0
2020-03-09,142.8569792905139,149.24297008661304,141.9109065799807,142.49746704101562,70419300.0
2020-03-10,149.63087915242681,152.3461034986869,144.35179113826226,152.24203491210938,65354400.0
2020-03-11,148.65637705232737,149.19563087249077,142.9988530891375,145.34512329101562,56371600.0
2020-03-12,137.46435020909462,145.19376153679778,131.10674124965627,131.56085205078125,93226400.0
2020-03-13,139.54574792995695,153.17866141268556,133.1408305761294,150.26475524902344,92727400.0
2020-03-16,132.45018724186286,141.29597337845718,127.71982341179633,128.11717224121094,87905900.0
2020-03-17,132.4501447695368,139.54568823933343,127.71978245633906,138.6658477783203,81059800.0
2020-03-18,130.55801437499716,138.12659491847523,127.73872216460964,132.82858276367188,81593200.0
2020-03-19,135.0707696064013,142.05277456804424,131.50407237825715,135.01400756835938,85922700.0
2020-03-20,138.12659117445455,139.16727674534297,128.53341617306285,129.9430694580078,84866200.0
2020-03-23,129.62142646533584,132.9894576902478,125.3735689196874,128.64697265625,78975200.0
2020-03-24,135.99793848446913,141.5324690597713,133.65168243997798,140.3404083251953,82516700.0
2020-03-25,140.87969928171756,146.00741194957217,136.6507528558583,138.99700927734375,75638200.0
2020-03-26,140.3971505448925,148.21171848467063,140.36876952530807,147.69137573242188,64568100.0
2020-03-27,143.5665425152988,146.53721042878792,141.15405407019614,141.62709045410156,57042300.0
2020-03-30,144.21928944249186,151.93924425192506,141.9203258368067,151.5891876220703,63420300.0
2020-03-31,150.80395913051478,155.89383408368766,148.11711654538772,149.20510864257812,77927200.0
2020-04-01,144.74910853301455,149.24295340577154,142.686677183813,143.9071044921875,57969900.0
2020-04-02,143.67058132052205,147.09535941069365,142.2514724629254,146.88722229003906,49630700.0
2020-04-03,146.73587914437556,148.8929237102213,143.9828041677828,145.53436279296875,41243300.0
2020-04-06,151.67439501876555,157.52111786991853,149.0821504046339,156.35745239257812,67111700.0
2020-04-07,160.44443456648847,160.83232776277265,154.45579380630528,154.67340087890625,62769000.0
2020-04-08,156.735833137713,157.68190566062015,154.68285749531506,156.22496032714844,48318200.0
2020-04-09,157.38867656009003,158.34420492135874,154.52207704035817,156.23446655273438,51385100.0
2020-04-13,155.48703939874497,156.6412491390872,153.54758765892907,156.58447265625,41905300.0
2020-04-14,159.8862710690104,164.38011596592045,158.9401984591346,164.3328094482422,52874300.0
2020-04-15,161.9676554409461,164.20985772371654,160.11336089467187,162.61099243164062,40940800.0
2020-04-16,164.9004763113015,167.71976894625868,163.57596585517592,167.49270629882812,50479600.0
2020-04-17,169.82004176943852,170.2930780974871,166.38579340831046,168.9685821533203,52765600.0
2020-04-20,167.10478652148615,169.1104555567061,165.55322823395514,165.61944580078125,36669600.0
2020-04-21,164.1435824529207,164.3044130492384,157.1521070976366,158.7698974609375,56203700.0
2020-04-22,162.14741225062102,164.61666276960204,161.60815827581536,164.1625518798828,34620200.0
2020-04-23,164.72073463272773,165.61950089925315,161.69330458109863,162.17579650878906,32790800.0
2020-04-24,162.78126717777104,165.14644893831272,161.50407768863286,165.13699340820312,34277600.0
2020-04-27,167.0669739854221,167.36025421154562,163.95440116620728,164.66395568847656,33194400.0
2020-04-28,166.12090220980403,166.19658975824308,160.25525434705176,160.65260314941406,34392700.0
2020-04-29,163.87866134490363,168.09813614063847,162.6109278007802,167.8616180419922,51286600.0
2020-04-30,170.2930911771575,170.6715144942926,166.72639294766603,169.5457000732422,53875900.0
2020-05-01,166.3195642920733,169.00640698439105,164.62608627101295,165.15589904785156,39370500.0
2020-05-04,165.08025525456762,169.34703857135958,164.42746268440473,169.19566345214844,30372900.0
2020-05-05,170.87962012199586,173.74621880637977,170.1984467280906,171.01206970214844,36839200.0
2020-05-06,172.2609510356639,174.266620913768,171.8352211285472,172.69613647460938,32139300.0
2020-05-07,174.23819799492594,174.5977102209606,172.73394594797495,173.69894409179688,28316000.0
2020-05-08,175.0045278283873,175.02345332485953,173.47189464038965,174.720703125,30877800.0
2020-05-11,173.27318985590108,177.3980669441104,172.98937962637464,176.6696014404297,30892700.0
2020-05-12,176.7263533728261,176.953401543454,172.4690269424975,172.66769409179688,32038200.0
2020-05-13,172.70555522733514,174.124664120845,167.01964968834875,170.05654907226562,44711500.0
2020-05-14,167.96577722205026,170.94591553471406,166.206081041102,170.79454040527344,41873900.0
2020-05-15,169.40379528420186,176.97237777471676,167.45488760264234,173.28269958496094,46610400.0
2020-05-18,175.7329910015149,176.15872079777952,174.0395273458231,174.93829345703125,35264500.0
2020-05-19,175.0517906256059,176.53713135528739,173.59484535150193,173.727294921875,26799100.0
2020-05-20,175.33067758013874,176.31734175025474,174.5053064670877,176.1370849609375,31261300.0
2020-05-21,175.89036299593658,177.09522556251395,173.88858961139377,174.0214080810547,29119500.0
2020-05-22,173.793711198166,174.99857365139462,173.17704270151106,174.0972900390625,20826900.0
2020-05-26,176.78211352652647,176.93391016769624,171.8108965752744,172.2567901611328,36073600.0
2020-05-27,170.95709263901247,172.65528721071786,167.54175424409405,172.48451232910156,39517100.0
2020-05-28,171.4694145313809,174.7044964020531,171.1278792209249,172.09555053710938,33810200.0
2020-05-29,173.3572845951785,174.81830197515532,171.15629113953952,173.85061645507812,42130400.0
2020-06-01,173.1770609318364,173.61347275196593,172.15246956934172,173.4521942138672,22622400.0
2020-06-02,174.79932576140044,175.5108562597508,172.04808029156248,175.42547607421875,30794600.0
2020-06-03,175.34010611420507,176.40265375468076,174.16370374358848,175.85240173339844,27311000.0
2020-06-04,174.84678806804004,176.3077911894076,172.94937314484073,173.53756713867188,28761800.0
2020-06-05,173.25297060087948,178.10086682904225,172.67425840814317,177.59805297851562,39893600.0
2020-06-08,176.40270704913542,178.8788346549259,174.97964553951172,178.69857788085938,33211600.0
2020-06-09,178.3570056532285,180.91851294557603,177.65495690893232,180.06468200683594,29783900.0
2020-06-10,181.32644965381985,188.3373967476079,181.21259492226793,186.74356079101562,43872300.0
2020-06-11,183.2238936451731,185.7189846562895,176.52602066269233,176.71575927734375,52854700.0
2020-06-12,180.76673647244982,181.88621894783518,175.6816632491681,178.11036682128906,43373600.0
2020-06-15,175.11242934147475,181.03236926005948,174.57165912641244,179.24879455566406,32770200.0
2020-06-16,182.99619824445867,185.54822386322215,181.63955340017736,183.64132690429688,42556700.0
2020-06-17,185.0264195648279,186.25026032660236,183.755155009725,184.27694702148438,25687800.0
2020-06-18,184.04928125447887,186.41156847786314,184.04928125447887,186.2502899169922,23061600.0
2020-06-19,188.40379930616814,189.06789159169878,184.40025291552126,185.14024353027344,44441100.0
2020-06-22,185.74740733013832,190.46248405943822,185.2161335256187,190.28224182128906,32818900.0
2020-06-23,191.72430349967055,193.48890010509766,191.0981530482965,191.5535430908203,30917400.0
2020-06-24,191.25942523146253,192.82478671322252,186.4779316388063,187.69227600097656,36740600.0
2020-06-25,187.6543607899241,190.32022675323847,185.44387040822522,190.06407165527344,27803900.0
2020-06-26,189.48538121109078,189.63717791443284,184.88415764056126,186.25978088378906,54675800.0
2020-06-29,185.73795493775134,188.3469005872741,183.6223412461814,188.2615203857422,26701600.0
2020-06-30,187.7302732345924,193.9158366509064,187.59745474347227,193.0714874267578,34310300.0
2020-07-01,192.72044279649725,195.76580026984053,191.42071814154644,194.20042419433594,32061200.0
2020-07-02,195.13013735746952,197.35012374670447,194.4850232532677,195.68038940429688,29315800.0
2020-07-06,198.11865175793838,200.30068259478165,197.41660277401056,199.89273071289062,31897600.0
2020-07-07,199.6554977974831,203.65904475231002,197.32168536857642,197.56834411621094,33600700.0
2020-07-08,199.29500916856912,202.32137420232715,197.985788069965,201.91343688964844,33600000.0
2020-07-09,205.2339388954469,205.28137717576948,200.6232188850265,203.32704162597656,33121700.0
2020-07-10,202.66288887882965,203.09930069264342,200.2531782297019,202.7103271484375,26177600.0
2020-07-13,203.47876352409864,204.73106426787515,195.9080823607609,196.4488525390625,38135600.0
2020-07-14,195.55707625734152,198.1375617448352,191.66736982330443,197.6632080078125,37591800.0
2020-07-15,198.81116499075517,200.4903815184619,194.513520663541,197.36912536621094,32179400.0
2020-07-16,194.8645170233169,195.14913217192185,191.93301428777966,193.46043395996094,29940700.0
2020-07-17,193.9822114975741,194.5229672110187,191.0601908439934,192.47377014160156,31635300.0
2020-07-20,194.4850750154066,201.41064399654718,192.59714151482572,200.74655151367188,36884800.0
2020-07-21,202.70085147260994,202.9664884191698,197.3596235217493,198.04269409179688,37990400.0
2020-07-22,198.469647456198,201.41064710941038,197.70119653727062,200.88885498046875,49605700.0
2020-07-23,196.56274446847777,200.10142002435128,191.7812497049233,192.1512451171875,67457000.0
2020-07-24,190.13998614831087,192.4548351386783,187.37924340277607,190.974853515625,39827000.0
2020-07-27,191.13608416979247,193.50785270867794,190.55737206725937,193.39401245117188,30160900.0
2020-07-28,193.1663548161839,194.20044262484834,191.3922762383716,191.6579132080078,23251400.0
2020-07-29,192.11329538850467,194.15301100588138,191.6484234376394,193.59327697753906,19632600.0
2020-07-30,190.69023617073978,193.97277098377302,189.33359119030618,193.4414825439453,25079600.0
2020-07-31,193.9158251459421,194.57993203827127,188.80229182700702,194.49453735351562,51044000.0
2020-08-03,200.6706193833469,206.47670479362864,199.64601352103927,205.43312072753906,78983000.0
2020-08-04,203.18473622325433,203.75396666130567,199.52272374465682,202.34986877441406,49280100.0
2020-08-05,203.8772042760797,203.97208080178652,200.71802153102377,202.0177459716797,28806400.0
2020-08-06,201.4485573768755,205.27184763929066,200.6990847830471,205.2528839111328,32656800.0
2020-08-07,203.82985270561375,204.6362455553224,200.110905826952,201.58140563964844,27820400.0
2020-08-10,200.81292214799484,201.01215709979328,195.76580559059593,197.56834411621094,36716500.0
2020-08-11,196.5342796413907,196.9991371237321,192.72047084685101,192.9481658935547,36446500.0
2020-08-12,194.76017573811987,199.49423184687646,194.2478800065006,198.46014404296875,28013100.0
2020-08-13,198.69731859856634,200.5093535572689,197.47347770925523,197.99526977539062,22588900.0
2020-08-14,198.05219433177936,198.83962338076026,196.8663098259881,198.1850128173828,17958900.0
2020-08-17,198.84911796083807,200.35755956457717,198.20398926781266,199.49423217773438,20184800.0
2020-08-18,199.73137013580597,201.46750643555848,198.4790838805201,200.6421356201172,21336200.0
2020-08-19,201.1271806773052,201.7072917926525,198.9969334890695,199.4248809814453,27627600.0
2020-08-20,199.2727129413533,204.46518399896465,198.67359226975614,204.06576538085938,26981500.0
2020-08-21,203.38106694213636,205.65395866789385,202.42056119155308,202.5822296142578,36249300.0
2020-08-24,204.26546784718295,204.95970892133417,202.02110524249252,203.21937561035156,25460100.0
2020-08-25,202.6582908961741,205.99629872084208,202.6582908961741,205.8631591796875,23043700.0
2020-08-26,207.204020152532,211.20772464468666,206.70949576600856,210.31378173828125,39600800.0
2020-08-27,211.96860261070134,219.82386528727073,208.6496040485612,215.47779846191406,57602200.0
2020-08-28,216.9993776717254,219.3388462628036,215.4777849434819,217.69361877441406,26292900.0
2020-08-31,215.87720527831104,217.49390391341316,213.3190105239383,214.47923278808594,28774200.0
2020-09-01,214.46018620608552,216.3051300886576,213.43310359585612,216.1339569091797,25725500.0
2020-09-02,216.79968568500595,221.45007970614427,216.2100697451334,220.2993621826172,34080800.0
2020-09-03,218.03599425353192,218.07402790705368,204.42717283201821,206.6525115966797,58400300.0
2020-09-04,204.5602790966604,207.66053649902892,195.13585763014288,203.75192260742188,59664100.0
2020-09-08,196.38166751320594,199.7386992158592,192.29236112281333,192.72982788085938,52924300.0
2020-09-09,197.42779993984246,204.31303742314904,196.57189039154144,200.93698120117188,45679000.0
2020-09-10,202.94357291773917,204.21792506843929,194.10878152227107,195.30703735351562,35461500.0
2020-09-11,197.04740148822023,198.40734044461416,191.37944373526474,194.03273010253906,33620100.0
2020-09-14,194.23243866542157,198.9493952369475,194.03272208163065,195.34510803222656,30375800.0
2020-09-15,198.20759638726756,199.5009581300524,196.79059988981783,198.54995727539062,21823900.0
2020-09-16,200.29976727754675,200.32829613829634,194.61278702726065,195.00270080566406,26328100.0
2020-09-17,190.24772725890895,194.3180098283197,190.16214066313728,192.96759033203125,34011300.0
2020-09-18,192.86300660159972,193.67134874869507,186.63394712032712,190.5710906982422,55225300.0
2020-09-21,187.52789122522552,192.77742085630518,186.75758272996697,192.61573791503906,39839700.0
2020-09-22,195.01224432710944,197.9032952203945,192.17826567778008,197.25660705566406,33517100.0
2020-09-23,197.71307502263417,197.90328680548734,190.22870282103128,190.76126098632812,30803800.0
2020-09-24,190.0575169900214,195.49724276427847,189.43935775910268,193.23385620117188,31202500.0
2020-09-25,193.5762159252499,198.79720103506912,192.61569582922453,197.63699340820312,29437300.0
2020-09-28,200.54710188628258,202.15429594905353,197.86527201585727,199.1776580810547,32004900.0
2020-09-29,199.09203395936672,199.7767557329698,196.67648367162218,197.10443115234375,24221900.0
2020-09-30,197.55140923532704,201.5931629854757,196.41971586350593,200.02401733398438,33829100.0
2020-10-01,203.02918183905925,203.50468227611734,200.96551168356183,202.04965209960938,27158400.0
2020-10-02,197.80816211628797,200.65165967071292,195.46869381405818,196.08685302734375,33154800.0
2020-10-05,197.06638251862154,200.10007732438478,196.83813710773543,200.07154846191406,21331600.0
2020-10-06,198.5880185697547,199.8813658869558,194.78401489952358,195.8206024169922,28554300.0
2020-10-07,196.9142313045831,199.81478676432883,196.5908945021514,199.5485076904297,25681100.0
2020-10-08,200.1951569928357,200.8418450303163,198.11247759861763,200.26173400878906,19925800.0
2020-10-09,200.87991823945055,205.2830570981348,200.87991823945055,205.23550415039062,26458000.0
2020-10-12,208.06947707751453,212.89105852593914,206.18649938983765,210.5515899658203,40461400.0
2020-10-13,211.80689343114148,214.17489058111875,209.62909353363688,211.94003295898438,28950800.0
2020-10-14,212.07318132071637,213.23340347358484,208.39281281758815,210.0380401611328,23421700.0
2020-10-15,206.46232088906044,209.56257889479267,205.4257187807253,208.89688110351562,22733100.0
2020-10-16,209.36286230184777,211.39800384153673,208.57354424934155,208.89688110351562,26057900.0
2020-10-19,209.61959061778887,211.40747673142792,203.24788828089612,203.723388671875,27625800.0
2020-10-20,205.22599923044717,206.71906311300145,202.64878038007848,204.13233947753906,22753500.0
2020-10-21,202.67730485689108,206.29111113797111,202.67730485689108,204.27499389648438,22724900.0
2020-10-22,203.44762839667925,205.47326508493126,201.32690031910607,204.360595703125,22351500.0
2020-10-23,204.49372004805122,205.682471159576,202.71535302876916,205.63491821289062,18879600.0
2020-10-26,203.3715320530445,205.73951481810852,197.90327731407123,199.7862548828125,37111600.0
2020-10-27,201.2222840641838,204.1513686811001,200.0240281118137,202.8009490966797,36700300.0
2020-10-28,197.49437094383575,198.60704034441673,192.19730305331996,192.74887084960938,51195600.0
2020-10-29,194.07071340209816,197.19949921682837,193.4050013251985,194.68885803222656,31432600.0
2020-10-30,193.52863229189919,194.27991642057273,189.83874512601912,192.54910278320312,36953700.0
2020-11-02,194.27998468668173,195.2214808850895,190.31431232371153,192.41603088378906,30842200.0
2020-11-03,193.89960348859515,197.92233386665959,193.1673286170387,196.3151397705078,27512000.0
2020-11-04,203.5332416095093,207.62254888258494,202.01163417869662,205.787109375,42311800.0
2020-11-05,211.16023264419107,213.1383162499668,210.3138424268703,212.34898376464844,36080100.0
2020-11-06,211.36945163349586,213.3665592979318,207.3467219500644,212.75791931152344,25231900.0
2020-11-09,213.44262960592522,216.94230571136617,207.20406645370713,207.68907165527344,44395000.0
2020-11-10,203.9897140385274,205.89171603422466,199.44393042970094,200.67071533203125,44045100.0
2020-11-11,201.9830874003012,207.3562368625371,201.80239490141182,205.9392547607422,29440800.0
2020-11-12,206.56688136453027,208.37377700320786,203.95162927579585,204.88360595703125,21593900.0
2020-11-13,205.75849401760067,206.76655234956274,203.66629556300347,205.90113830566406,18621100.0
2020-11-16,204.34155952810386,207.07094198920106,204.00871791849252,206.58592224121094,24953300.0
2020-11-17,205.51127030664728,207.01383873960796,203.59024470584538,203.95162963867188,24154100.0
2020-11-18,203.71326545564156,205.16257527401476,201.11976980133684,201.26280212402344,28372800.0
2020-11-19,201.548888063899,203.1221420494546,200.16631477761183,202.54051208496094,24792700.0
2020-11-20,202.3307353728972,203.37003680442817,200.2330586209765,200.60491943359375,22843100.0
2020-11-23,201.13884979714734,202.4165237769286,198.4786172840736,200.33792114257812,25683500.0
2020-11-24,199.84208903643668,204.28535867251247,199.14604498028865,203.9134979248047,33979700.0
2020-11-25,205.10539897142638,205.2770203254931,202.57865426468067,203.92306518554688,21012900.0
2020-11-27,204.85748627754103,206.2114413491955,204.08514657585314,205.2198028564453,14512200.0
2020-11-30,204.14235782857054,204.77165061209422,201.03396893960857,204.11375427246094,33064800.0
2020-12-01,204.53325969211036,207.21258045120723,203.427221673315,206.15420532226562,30904500.0
2020-12-02,204.88608561309852,205.44864163250293,202.90282321758022,205.35328674316406,23724500.0
2020-12-03,204.62865056946853,206.31633327179273,203.71329304727672,204.27586364746094,25120900.0
2020-12-04,204.2567859272353,205.36283866897801,203.26514741770256,204.39027404785156,24666000.0
2020-12-07,204.39979784802395,205.51538022737813,203.08399056805192,204.32351684570312,24620000.0
2020-12-08,204.01841676740997,206.85981512623442,202.98864501239464,205.96353149414062,23284100.0
2020-12-09,205.15307027564458,205.2198070616338,201.3867847777883,201.9493408203125,32440600.0
2020-12-10,201.92071460477283,203.16978500107612,200.57628932591146,200.72885131835938,26733300.0
2020-12-11,200.28071849667674,203.3986370668293,199.38443493743736,203.34141540527344,30979400.0
2020-12-14,203.18887039404368,206.15422700053367,202.97910127982664,204.23770141601562,28798400.0
2020-12-15,205.16259868933062,205.40097137190162,202.36887783317297,204.1709747314453,27000600.0
2020-12-16,204.76207968917942,209.8727892217096,204.73347613883266,209.08139038085938,35023300.0
2020-12-17,209.64401851369269,210.61658320796064,207.78471435488265,209.21495056152344,32515800.0
2020-12-18,208.42352294921875,209.47236851032108,205.97305948244417,208.42352294921875,63354900.0
2020-12-21,207.43191606202316,213.58192850421912,207.1744694851634,212.2375030517578,37181900.0
2020-12-22,212.33281028911077,215.13607479940188,211.53188172877358,213.52467346191406,22612200.0
2020-12-23,212.73331641714506,213.16238433393622,210.53075516838518,210.7405242919922,18699600.0
2020-12-24,211.12187050307205,213.2100170826922,210.91210142344104,212.3900146484375,10550600.0
2020-12-28,214.01100956940522,215.51752679632904,212.64752469356728,214.49729919433594,17933500.0
2020-12-29,215.7844577615069,216.61398993703023,213.18143246826625,213.72491455078125,17403200.0
2020-12-30,214.7546914133142,215.13609639636613,211.16957186730082,211.3697967529297,20272300.0
2020-12-31,211.3888944378769,212.62843531139845,209.46283906668538,212.07540893554688,20942100.0
2021-01-04,212.18027520947413,212.62841698318834,204.81932615715849,207.5653839111328,37130100.0
2021-01-05,207.15537629858184,208.35678384593277,205.66793319149298,207.76560974121094,23823000.0
2021-01-06,202.30207594833803,206.42116185748517,202.08277720892175,202.37835693359375,35930700.0
2021-01-07,204.0851012672595,209.13860385305338,203.7704622038596,208.13743591308594,27694500.0
2021-01-08,208.50935599080088,210.3209971953534,206.93610202945297,209.4056396484375,22956200.0
2021-01-11,208.3091269515907,208.72866521274221,206.65004779588634,207.3747100830078,23031300.0
2021-01-12,206.43071832954556,207.00281851869494,203.39862515474547,204.93373107910156,23249300.0
2021-01-13,204.06609203445853,206.6786473478846,203.98026681062188,206.27818298339844,20087100.0
2021-01-14,205.86816670165965,207.34608009721836,202.84560313156365,203.11257934570312,29480800.0
2021-01-15,203.58937360625876,204.53332025134935,202.16866697946386,202.75982666015625,31746500.0
2021-01-19,203.80864277429654,206.88841374691182,202.740737816412,206.37353515625,30480900.0
2021-01-20,207.57490501983722,215.28864064220252,207.1839703739338,213.9060821533203,37777300.0
2021-01-21,214.2493131339701,215.7749037585545,212.07535595085912,214.5067596435547,30709400.0
2021-01-22,216.5186569680968,219.3695992284759,215.29819010893078,215.4412078857422,30172700.0
2021-01-25,218.46375592415686,219.09306319554696,213.7916579255343,218.8546905517578,33152100.0
2021-01-26,221.07631811924728,223.28840861584396,219.3791061148144,221.5244598388672,49169600.0
2021-01-27,226.93077069531466,229.2572901681162,219.43633373660575,222.06796264648438,69870600.0
2021-01-28,224.6519085705631,231.35494595830795,224.15608941190865,227.81748962402344,49111200.0
2021-01-29,225.01427347529136,226.94985841468173,220.59007724966867,221.1717071533203,42503100.0
2021-02-01,224.12753966421562,231.22151337138575,221.61985426554327,228.50405883789062,33314200.0
2021-02-02,230.0772547566796,231.04027489971,227.58864403248438,228.37049865722656,25916300.0
2021-02-03,228.4278061274255,233.6910650567209,228.1322117475735,231.69827270507812,27158100.0
2021-02-04,231.3740195281117,231.92704579102912,229.19051802891084,230.75424194335938,25296100.0
2021-02-05,230.96404361998185,231.96521174500666,229.23822781496764,230.93544006347656,18054800.0
2021-02-08,231.84126833297145,232.34661726281524,229.6101034862142,231.19290161132812,22211900.0
2021-02-09,230.62074758686083,233.37633460972975,230.15354654314694,232.43238830566406,23565000.0
2021-02-10,233.6051986080707,234.48240822021572,229.68635163313002,231.52659606933594,22186700.0
2021-02-11,233.3954023264637,233.74818915408628,230.88771766756295,233.118896484375,15751100.0
2021-02-12,232.5849755201089,233.89126765033635,231.44078960935016,233.59568786621094,16561100.0
2021-02-16,233.6338058939717,234.68265139758873,231.62194010002432,232.36566162109375,26728500.0
2021-02-17,230.62633988583025,233.48383401445355,230.26317424435055,233.3787078857422,21653500.0
2021-02-18,231.0850549171446,233.12065774190984,230.1867070550558,232.9868621826172,16925600.0
2021-02-19,232.94861675471643,233.05374286763362,229.53680847582015,230.29180908203125,25262600.0
2021-02-22,226.89910873117762,227.38650364294293,222.1015579602541,224.11805725097656,36446900.0
2021-02-23,220.12330808748274,224.4238980172316,218.59420361274584,222.9330291748047,30228700.0
2021-02-24,219.81750035690945,224.77751683776836,218.85226200566777,224.1563262939453,26339700.0
2021-02-25,221.79571907790498,224.1944868826835,217.7818387956284,218.8426513671875,39542200.0
2021-02-26,221.2701038437731,224.93993666424794,219.36828237595617,222.0824432373047,37819200.0
2021-03-01,225.44649207075136,226.94692722517456,222.8183535831064,226.44041442871094,25324000.0
2021-03-02,226.50727933754183,226.78443662211785,223.1050373218698,223.5064239501953,22812500.0
2021-03-03,221.87222352894128,223.22929686707522,217.18935003891934,217.47605895996094,34029500.0
2021-03-04,216.69242752888238,222.18762655907133,214.32231379550353,216.682861328125,44727800.0
2021-03-05,219.34920613150112,222.9330311039714,216.42480728718476,221.3370361328125,41872800.0
2021-03-08,221.11721209862156,223.0285853688386,217.06511009863868,217.31358337402344,35267400.0
2021-03-09,222.5603436572341,224.9495606251016,221.40395622843207,223.4204559326172,33080500.0
2021-03-10,226.49775933721102,226.49775933721102,221.75754664949608,222.12071228027344,29746800.0
2021-03-11,224.5481556095097,228.5715884889649,223.92695049895786,226.6219940185547,29907600.0
2021-03-12,223.6402007655921,225.37000564303278,222.89476643503502,225.3031005859375,22653700.0
2021-03-15,224.5481774437209,224.7679813250752,221.53775526745213,224.40481567382812,26034900.0
2021-03-16,225.8096756026788,229.42217053471424,225.48474559099003,227.1763153076172,28092200.0
2021-03-17,225.68545000558402,227.97910725828262,222.89484607669814,226.5360107421875,29562100.0
2021-03-18,222.25446195114884,223.8122356956036,220.12328502570756,220.49600219726562,34833000.0
2021-03-19,220.78273384233583,222.1684765675346,219.18673888764525,220.14242553710938,46430700.0
2021-03-22,220.0660021106585,226.4021956379215,219.94175816101423,225.53253173828125,30127000.0
2021-03-23,226.96602417339062,230.36826626043398,226.5646375366449,227.05203247070312,31638400.0
2021-03-24,227.31009164866788,227.45343882328078,224.8922054193831,225.0260009765625,25620100.0
2021-03-25,224.87307416129178,226.4403997014099,221.30836700029914,222.0442352294922,34061900.0
2021-03-26,221.28923500414234,226.22058135679828,221.28923500414234,226.00076293945312,25479900.0
2021-03-29,226.10590310307379,226.3066037177728,221.60462710644518,224.81573486328125,25227500.0
2021-03-30,223.18152021260835,223.48734696493838,220.85920846541862,221.5759735107422,24792000.0
2021-03-31,222.58898590552727,228.504688728598,222.092024753779,225.32225036621094,43623500.0
2021-04-01,227.9026180384794,232.07896442554832,227.50123135762215,231.61068725585938,30338000.0
2021-04-05,232.0024876345528,238.8834432319684,231.94514876834452,238.0328826904297,36910600.0
2021-04-06,236.63761942729994,238.3482924573763,235.93997211608016,236.8765411376953,22931900.0
2021-04-07,236.82872905017194,239.81046701686373,236.23620793695045,238.82611083984375,22719800.0
2021-04-08,241.56895386752916,242.8782401027182,240.8330709564721,242.02767944335938,23625200.0
2021-04-09,241.66447918870722,244.64623146115184,241.2535409277266,244.51243591308594,24326800.0
2021-04-12,243.42294217131268,246.25178094538492,243.33691929386083,244.56976318359375,27148700.0
2021-04-13,245.85997018976445,247.70443852421852,245.44900274248587,247.0354461669922,23837500.0
2021-04-14,246.0702390380511,247.36039284010613,243.85303874101194,244.26397705078125,23070900.0
2021-04-15,246.50023643300656,248.41160962288492,246.3091166131629,248.00067138671875,25627500.0
2021-04-16,247.9720336082455,249.43423311853752,246.18490411402684,249.1857452392578,24878600.0
2021-04-19,248.66012567205544,249.89296968561638,246.39515285160775,247.2743682861328,23209300.0
2021-04-20,246.39515408454807,248.6696931162886,245.45857061111263,246.81565856933594,19722900.0
2021-04-21,247.46555615795987,249.12844195003234,245.85044304245912,249.03286743164062,24030400.0
2021-04-22,248.6792536850278,250.1796889584141,244.31177259860783,245.77398681640625,25606200.0
2021-04-23,246.45249067643994,249.92163806126072,245.86950662395327,249.57757568359375,21462600.0
2021-04-26,250.0649948328601,250.81042932030428,248.6410309291481,249.95985412597656,19763300.0
2021-04-27,249.98856571822188,251.52723678852888,248.5932710146838,250.36129760742188,31014200.0
2021-04-28,244.73223532354257,245.1718722009615,241.74094589292326,243.27960205078125,46903100.0
2021-04-29,244.13972189863736,244.7513607810362,237.96597962533752,241.3204345703125,40589000.0
2021-04-30,238.67321772170197,241.8652080140417,238.5394221580297,241.0050811767578,30945100.0
2021-05-03,242.17101569943725,243.07892977459548,239.99205108430252,240.6992645263672,19626600.0
2021-05-04,239.84869211716045,240.07806217476235,234.86955799688863,236.80960083007812,32756100.0
2021-05-05,238.0233052697771,238.44380971230865,234.9268899795364,235.54808044433594,21901300.0
2021-05-06,235.52901416460628,238.787909724678,233.84701060906457,238.66366577148438,26491100.0
2021-05-07,240.97636894929843,243.03110387686792,240.03980016990303,241.27264404296875,27032900.0
2021-05-10,239.75312515895706,240.57501632961734,236.1692999233959,236.2266387939453,29299900.0
2021-05-11,233.71316381907252,235.67232428967642,231.82090841094862,235.31871032714844,33641600.0
2021-05-12,231.43867462866248,233.55074890972617,227.52036743013335,228.40914916992188,36684400.0
2021-05-13,231.0850835966739,234.7166965487015,230.72191792668391,232.2605743408203,29624300.0
2021-05-14,234.69753359414418,238.13799684815163,234.61152529388377,237.1536407470703,23901100.0
2021-05-17,235.62457790092228,235.66279895566683,232.7288481318082,234.31527709960938,24970200.0
2021-05-18,235.35699284135924,235.49078841035117,232.13631840202916,232.308349609375,20168000.0
2021-05-19,229.23349986422667,232.98844077307308,228.5534036384875,232.88307189941406,25739800.0
2021-05-20,233.68769674460555,237.50968232520998,233.5919015513451,236.10157775878906,21800700.0
2021-05-21,237.14570923286777,237.87370305685576,234.434868777639,234.8467559814453,21863100.0
2021-05-24,237.35639824386888,240.58450892855902,237.08818926220172,240.2205047607422,21411500.0
2021-05-25,241.16883875801892,242.10757024941074,240.258842900914,241.12094116210938,17704300.0
2021-05-26,240.8431336244148,242.28956203132947,240.19177311991052,240.90061950683594,17771600.0
2021-05-27,240.59410618250013,240.89105082585857,238.75495243524915,238.8124237060547,24426200.0
2021-05-28,240.43125068294205,241.46577734023427,239.05188180655244,239.1668243408203,18270200.0
2021-06-01,240.65156753252833,240.70903880096463,236.56137302167372,236.9828338623047,23213300.0
2021-06-02,237.6820771452927,238.77407495911604,235.48849322989898,236.88702392578125,19406700.0
2021-06-03,234.89465583263,235.96749192379863,232.76813099742398,235.36402893066406,25307700.0
2021-06-04,237.32767135182317,241.05387621610285,237.0881979939227,240.23008728027344,25281100.0
2021-06-07,239.45420630763013,243.39114906663502,239.2913661711621,243.12294006347656,23079200.0
2021-06-08,244.41610603256754,245.23032134430707,241.87767951827612,241.93516540527344,22455000.0
2021-06-09,243.12298447597894,244.77056271994914,242.54825705692008,242.91224670410156,17937600.0
2021-06-10,243.5826953035072,246.61921549103198,242.98880609942194,246.40847778320312,24563600.0
2021-06-11,247.12693967190552,247.60588643152087,245.80504193815267,247.0311737060547,18999700.0
2021-06-14,247.04074761199934,249.00444698400887,245.98705883099325,248.9469757080078,19150500.0
2021-06-15,248.83200246183026,249.04274021679365,246.83000840597398,247.4813690185547,18038900.0
2021-06-16,248.47756739780246,249.60787470899828,243.70726187295284,246.54263305664062,27220000.0
2021-06-17,245.28781559047806,250.72864409894245,245.23034431439226,249.9144287109375,27565500.0
2021-06-18,248.6978922715238,251.25545152765278,247.8549413204467,248.5063018798828,37202200.0
2021-06-21,248.8799005360509,252.42408900844677,247.05990870075678,251.5715789794922,26696100.0
2021-06-22,251.65774581795188,254.5984854619368,251.35121292558,254.3302764892578,24694100.0
2021-06-23,254.7900567334399,255.59468368349337,253.29574536439966,254.10037231445312,19518700.0
2021-06-24,254.95291945680933,256.5717616960537,254.29197064989475,255.46060180664062,21446900.0
2021-06-25,255.02004959422766,255.99709064188596,253.61194468968128,253.86097717285156,25611100.0
2021-06-28,254.98165166765068,257.5775346492932,254.7134426795022,257.4051208496094,19590000.0
2021-06-29,257.5488508865929,260.2117939597386,256.69634077251254,259.9723205566406,19937800.0
2021-06-30,259.29213672725416,259.93390886061087,258.24803655019747,259.4932861328125,21656500.0
2021-07-01,258.2576514590782,260.393764479173,258.24809240227785,260.16387939453125,16725300.0
2021-07-02,261.33246402879064,266.29434443811215,261.02593114886895,265.9590759277344,26458000.0
2021-07-06,266.32313540922155,267.6067092239565,262.75018203961656,265.9687194824219,31565600.0
2021-07-07,267.6354450424523,268.871135874846,265.48018461117033,268.14312744140625,23260000.0
2021-07-08,265.24073769242233,266.9936993883383,263.2962148119462,265.7388610839844,24618600.0
2021-07-09,264.1104136034873,266.3422927365469,263.72726202590263,266.2369384765625,23916700.0
2021-07-12,267.4055564436705,267.9898574546222,264.93417481129705,265.6430358886719,18931700.0
2021-07-13,265.83459322837217,270.94018194655666,265.7100916289199,269.14892578125,26120100.0
2021-07-14,270.4612659855572,271.71610427305967,268.73703995210985,270.6145324707031,23113700.0
2021-07-15,270.1259657212331,270.6145007583491,268.04732397373385,269.1968078613281,22604200.0
2021-07-16,270.19301525007796,272.1375378043733,267.69289811879054,268.9285888671875,26186800.0
2021-07-19,267.18517762868595,268.5645463527231,262.8938342495344,265.3460388183594,32935600.0
2021-07-20,266.32311662863236,269.13932573027193,264.62765573380375,267.5588073730469,26259700.0
2021-07-21,267.1565353861028,269.66621209300195,265.6143406282734,269.55126953125,24364300.0
2021-07-22,271.88850209711006,274.3598838297518,271.48620317580924,274.0916748046875,23384100.0
2021-07-23,275.26981960045765,277.7794956122771,274.4364570259696,277.4729919433594,22768100.0
2021-07-26,276.83114535151964,277.49209402331843,274.5705313449942,276.8790283203125,23176100.0
2021-07-27,277.2430893009287,277.386767469363,271.0359585638651,274.47479248046875,33604100.0
2021-07-28,276.82168997630873,277.9328501720767,271.8789549948285,274.1683349609375,33566900.0
2021-07-29,274.18749223056574,276.4672839877571,274.034225725681,274.4365539550781,18168300.0
2021-07-30,273.1625443688404,274.58979654944085,271.9555890183441,272.9134826660156,20944800.0
2021-08-02,274.30240564943875,274.69514554535544,271.79272901793587,272.8272705078125,16267400.0
2021-08-03,273.40193331425957,275.1357179422913,272.0417118924598,275.03033447265625,17879000.0
2021-08-04,274.1682781399353,275.48058755485204,272.6643783324015,274.4460754394531,16191300.0
2021-08-05,274.8004613109347,277.4346681421628,274.0533056335625,277.32928466796875,13900200.0
2021-08-06,276.3618692799431,277.31017451192804,275.5093300140489,277.2718505859375,16589300.0
2021-08-09,277.549613584763,279.2738100175353,275.6912980438974,276.18939208984375,16117600.0
2021-08-10,276.6395815082073,277.07064519895766,273.1911889125419,274.37896728515625,18616600.0
2021-08-11,275.1165861447633,276.50554342388034,273.82342406292844,274.8675537109375,13955900.0
2021-08-12,274.56099216059465,277.76035263480225,274.28319488720257,277.6070861816406,14561300.0
2021-08-13,277.29097757297944,280.5669564608098,277.118534553158,280.5190734863281,18249000.0
2021-08-16,280.8448619530897,282.4062333930583,277.80832599999417,282.19549560546875,22507600.0
2021-08-17,280.0784907881244,281.07467896746925,278.82362342575755,280.7394104003906,20075300.0
2021-08-18,280.2787552513025,282.9467958439038,278.58001926830815,279.0215148925781,21813000.0
2021-08-19,277.06362454641453,285.49002748635985,277.0156499058455,284.8182067871094,29850500.0
2021-08-20,287.64948045556423,293.52300710937357,286.0563295513358,292.10260009765625,40817600.0
2021-08-23,291.03730802800146,293.1007158957985,289.6936956458467,292.38092041015625,22830200.0
2021-08-24,292.73604870310123,293.3406816671721,289.8376824227541,290.4327087402344,18175800.0
2021-08-25,292.0449832645035,292.32331236094075,288.3212662286274,289.84722900390625,20006100.0
2021-08-26,288.8682448842241,290.2502542246481,286.9104227257453,287.0447692871094,17666100.0
2021-08-27,286.94883316309097,288.7531250293206,284.87581884584097,287.6494445800781,22605700.0
2021-08-30,288.9931195332121,291.96828042904804,288.93553823039747,291.3636474609375,16348100.0
2021-08-31,292.1602193870829,292.23698468985657,289.3578025746856,289.7225036621094,26285300.0
2021-09-01,290.6726548011196,292.89922956574026,289.348226203396,289.6745300292969,18983800.0
2021-09-02,290.0295511305213,291.14280883019796,288.0908835783772,289.0218200683594,16285600.0
2021-09-03,288.8682855530755,290.41346160185293,288.16770342962735,289.01226806640625,14747900.0
2021-09-07,288.8875018649386,288.96426715610795,286.1906707011484,288.0909118652344,17180400.0
2021-09-08,287.70704475507114,288.50360551584674,285.49007706649724,288.1197204589844,15046800.0
2021-09-09,288.7051331589924,289.9719800475994,285.0389683549398,285.2789001464844,19927000.0
2021-09-10,286.40184654237044,287.84143755665605,283.48426721928973,283.80096435546875,19633400.0
2021-09-13,285.56683334808685,286.51698324787736,282.2365785977501,285.0293884277344,23652900.0
2021-09-14,287.49592696697243,289.2522444456008,286.0947332155957,287.7166748046875,21853400.0
2021-09-15,291.0468952158528,293.02393100782655,289.66488563272827,292.5440673828125,28356300.0
2021-09-16,291.52681517817695,293.0143809877708,288.6476328716932,292.9280090332031,19550800.0
2021-09-17,291.9202715592397,292.23696868760265,287.4671227397801,287.7934265136719,41372500.0
2021-09-20,284.3959685720782,286.68973080217256,277.860228217035,282.4477233886719,38278700.0
2021-09-21,283.78172248901336,285.5572235689827,282.22696919676986,282.92755126953125,22364100.0
2021-09-22,284.77985651789885,288.12929500202966,282.6492610078595,286.5553283691406,26626300.0
2021-09-23,286.81448200996863,288.781911071233,285.5476350659735,287.4958801269531,18604600.0
2021-09-24,286.21945226743645,287.72620170617705,284.971789339243,287.2943420410156,14999000.0
2021-09-27,284.21369275698544,284.53038991922193,281.14255329173125,282.3230285644531,23571700.0
2021-09-28,278.12892262453175,279.0694657966121,271.36285777992146,272.1018371582031,43186200.0
2021-09-29,273.61835886055644,275.2210876343897,271.6125315867732,272.5626525878906,26353700.0
2021-09-30,274.20369075422246,276.23830803362955,270.27840943903544,270.56634521484375,32343600.0
2021-10-01,270.7582465838053,278.301717984921,269.96168585473896,277.4571533203125,30086300.0
2021-10-04,275.8256741827499,276.1615846612485,268.9636285015287,271.70843505859375,31350700.0
2021-10-05,272.6105528079684,278.7048275786298,272.6105528079684,277.1308898925781,24993000.0
2021-10-06,274.27078634672546,281.80464930436574,274.0116705954445,281.3055725097656,28002600.0
2021-10-07,283.2922830435044,284.6935059183277,282.08304662293614,282.9755859375,20430500.0
2021-10-08,284.2904075857707,284.6935059183277,281.92948674808355,282.9755859375,17685700.0
2021-10-11,281.1232834858587,285.9698937714107,280.96011698698385,282.3805236816406,19298600.0
2021-10-12,283.44582055374815,283.541799129027,280.5762456707699,281.08489990234375,17974100.0
2021-10-13,283.0331577701654,285.307706593833,281.67033223174053,284.37677001953125,23416300.0
2021-10-14,287.16002147005213,291.0565122938527,285.8355929980948,290.5574645996094,27262900.0
2021-10-15,290.1639632249141,292.1890031616516,288.4172524202229,291.9586486816406,25384800.0
2021-10-18,291.34445521764906,295.7975751445461,290.49989041550754,294.9146423339844,22729300.0
2021-10-19,295.9319655865493,296.843689092521,294.8474688799696,295.8168029785156,17682100.0
2021-10-20,296.7571598680594,297.22744598637564,293.78200048681214,295.0296630859375,16537100.0
2021-10-21,294.79939513287235,298.49432114907256,294.02198921283684,298.24481201171875,16918100.0
2021-10-22,297.89928072629334,298.56149475669326,295.40398445260985,296.709228515625,17449300.0
2021-10-25,296.90120994069343,296.9396072317386,294.1180067552253,295.72076416015625,17554500.0
2021-10-26,298.4752347150335,299.81884727726106,296.1718947099922,297.6210632324219,28107300.0
2021-10-27,303.2738027325777,312.9670535510442,303.2738027325777,310.1550598144531,52588700.0
2021-10-28,311.2683538472866,311.78661480927093,308.41796248920383,311.2875671386719,26297900.0
2021-10-29,311.07636256657173,318.6294104720148,310.8556147805,318.26470947265625,34766000.0
2021-11-01,318.01525586042806,318.14002510806927,313.2262255270214,316.10540771484375,27073200.0
2021-11-02,317.00761151451354,320.0211701448277,316.7100983107005,319.71405029296875,26487100.0
2021-11-03,320.45291058114077,321.4126377941951,317.3337971387141,320.54888916015625,21500100.0
2021-11-04,319.483574923038,322.98657305209764,316.2396925724103,322.8905944824219,23992200.0
2021-11-05,324.8772219585156,325.1459443683277,320.9519417312207,322.52587890625,22570100.0
2021-11-08,323.7160006633111,324.0519110698877,320.97119469393846,323.4184875488281,20897000.0
2021-11-09,323.5336374688277,325.078813563159,321.0575540639552,322.4203796386719,21307400.0
2021-11-10,321.0959739152807,321.1535552109362,316.63324777065986,317.477783203125,25500900.0
2021-11-11,317.9096735712425,320.3281758647958,317.19948472941286,319.0421447753906,16849800.0
2021-11-12,320.4721079279366,323.6488025020353,320.3473387102782,323.1593322753906,23831000.0
2021-11-15,323.94632259604236,324.2726263246895,320.5776708005054,322.5355224609375,16723000.0
2021-11-16,322.1612942198898,326.95035397533974,321.9981569596239,325.8370666503906,20886800.0
2021-11-17,325.8850760747881,329.0098960712893,324.9812796361216,326.0581359863281,19053400.0
2021-11-18,325.1544168389848,329.25996932773234,324.13524688369495,328.1253967285156,22463500.0
2021-11-19,329.442570826056,331.8078109454933,329.0195159309197,329.8944396972656,21963400.0
2021-11-22,331.3463577773727,336.2018658663324,326.4716305863018,326.7408447265625,31031100.0
2021-11-23,324.06781451737515,326.37539705653046,320.7122484325142,324.6735534667969,30427600.0
2021-11-24,323.3275227878649,325.13511563845185,321.04881262656716,324.8947448730469,21661300.0
2021-11-26,321.4719205549108,324.91401757282057,315.48186952965966,316.9817810058594,24217200.0
2021-11-29,322.0391233399611,325.97158534962614,321.8468150001387,323.6640319824219,28563500.0
2021-11-30,322.4045150069706,324.7697551795586,316.31831064916247,317.856689453125,42885600.0
2021-12-01,322.2218403334276,326.2119893836903,316.7029366546509,317.3663330078125,33337600.0
2021-12-02,317.577871266218,320.64500484816296,315.17416340213174,316.799072265625,30766000.0
2021-12-03,319.2027012508651,319.88537524190724,305.78040807041685,310.568603515625,41779300.0
2021-12-06,311.472416708919,314.8376070697841,306.9342159628672,313.6261291503906,30032600.0
2021-12-07,318.8662344123449,322.8659778487916,317.3855423848686,322.0198974609375,31021900.0
2021-12-08,322.3948633464057,322.57754746432244,318.05856561396024,322.0679626464844,24761000.0
2021-12-09,321.52959065515364,323.52946273979535,319.327785978313,320.2700500488281,22214200.0
2021-12-10,322.0776255201496,329.7887095654795,321.894941380308,329.346435546875,38095700.0
2021-12-13,327.55808990182186,330.5483179150928,326.0197109116661,326.327392578125,28899400.0
2021-12-14,320.38543259627,321.75075164875943,311.6263053995195,315.6933898925781,44438700.0
2021-12-15,315.9529188096588,322.2794934666321,312.00123771055326,321.7602844238281,35381100.0
2021-12-16,322.77946305235776,323.7890378493558,310.57824093079836,312.3858337402344,35034800.0
2021-12-17,308.52067208536005,312.4050716507524,305.0304840740271,311.32818603515625,47750300.0
2021-12-20,307.72260504980915,310.36668315061627,305.3381461233178,307.5880126953125,28326500.0
2021-12-21,310.8378750297764,315.10686227817746,307.48227910762097,314.6838073730469,24740600.0
2021-12-22,315.6548897596977,320.760362669551,313.2031195933652,320.3661804199219,24831500.0
2021-12-23,319.9335482909737,323.4333613707806,319.9143291893332,321.798828125,19617800.0
2021-12-27,322.5391310058425,329.2887615338592,322.5102876848739,329.2599182128906,19947000.0
2021-12-28,329.9329216504245,330.567504020854,327.21193737349995,328.1061096191406,15661500.0
2021-12-29,328.1541872836197,331.0386367329647,326.5965892757154,328.7791748046875,15042000.0
2021-12-30,328.7407262620481,329.91373694625986,325.7697466785753,326.25048828125,15994500.0
2021-12-31,325.47161689597885,326.28885396518314,322.91406861710993,323.365966796875,18000800.0
2022-01-03,322.433341000755,324.98126516990294,317.0778734645708,321.8564453125,28865100.0
2022-01-04,321.9333951684874,322.2891685868689,313.5588850186426,316.33758544921875,32674300.0
2022-01-05,313.30880899330907,313.5107415320477,303.80938242850283,304.1939697265625,40054300.0
2022-01-06,301.0884509560254,306.4247001927171,299.49238536143025,301.79034423828125,39646100.0
2022-01-07,302.0499018859666,304.30939297872214,298.1462829521569,301.94415283203125,32720000.0
2022-01-10,297.56933505306506,302.59790121232373,292.9542288432168,302.16522216796875,44289500.0
2022-01-11,301.309612939468,304.4151849277161,297.9540459272227,302.8479919433594,29386800.0
2022-01-12,307.35733034753923,310.9532679259109,304.86706317706137,306.01123046875,34372200.0
2022-01-13,308.1264806975711,308.5206922774309,292.2908533568236,293.0600280761719,45366000.0
2022-01-14,292.5312389014695,298.8481900342401,292.05049734205875,298.2520751953125,39846400.0
2022-01-18,292.3581778205605,297.8674572905509,290.1179057310112,290.99285888671875,42333200.0
2022-01-19,294.49261706590465,301.81911235300396,291.04089684223516,291.6466064453125,45933900.0
2022-01-20,297.16558676731063,299.6462002381442,289.541032877528,289.9833068847656,35380700.0
2022-01-21,291.03131903917586,292.39660859622313,284.22400232617673,284.6278381347656,57984400.0
2022-01-24,280.94540441346044,285.666261131879,265.4174271692936,284.95477294921875,85731500.0
2022-01-25,280.29152732225515,283.627874669316,274.18613344698997,277.37823486328125,72848600.0
2022-01-26,296.12711173242496,296.6174774054617,281.7433356306015,285.2815856933594,90428900.0
2022-01-27,291.0024967310887,295.4637633356451,286.45467082104994,288.2911071777344,53481300.0
2022-01-28,288.666071926605,296.5983072336974,283.1087009699881,296.38677978515625,49743700.0
2022-01-31,297.05023502997614,300.34811523788875,294.5695920371354,299.0020446777344,46444500.0
2022-02-01,298.45396439636784,298.6654918462446,293.37733494145994,296.8675231933594,40950400.0
2022-02-02,297.70403751014493,302.98257070424955,296.9829251353378,301.3865051269531,36636000.0
2022-02-03,297.5694324128608,299.2424331685659,288.4064984985747,289.6468200683594,43730000.0
2022-02-04,288.6467895203125,296.9059245774293,288.4160430007419,294.1560974121094,35096500.0
2022-02-07,294.37728012769503,295.9829403994106,288.3487625883948,289.35833740234375,28533300.0
2022-02-08,289.64680820459523,293.79079836630905,288.3968918064597,292.8293151855469,32421200.0
2022-02-09,297.9347607103794,299.9154135304483,295.5503014236904,299.22314453125,31284700.0
2022-02-10,292.3293112144285,297.21363213902004,289.1179613871902,290.7332458496094,45386200.0
2022-02-11,291.5120766241171,292.5697139503908,282.8875716532668,283.6759948730469,39175600.0
2022-02-14,282.45487744042305,285.3297318388345,280.128104788829,283.63751220703125,36359500.0
2022-02-15,288.4546070123702,289.2141576740427,285.5797520645728,288.8968811035156,27058300.0
2022-02-16,287.4709345634299,289.8796128761614,282.9522516965207,288.5596618652344,29982100.0
2022-02-17,285.53430336959343,285.958233038907,279.40664080865434,280.1099853515625,32461600.0
2022-02-18,282.34522991631013,283.12563925409984,275.85144328731116,277.4122619628906,34264000.0
2022-02-22,274.5892573925205,280.89036647915503,274.10752185323537,277.20989990234375,41736100.0
2022-02-23,279.58004589911764,281.04454083688285,269.8682698302373,270.03204345703125,37811200.0
2022-02-24,262.55549170711595,284.37810398388814,261.60163542289047,283.82891845703125,56989700.0
2022-02-25,284.3588691791243,286.75790276376836,280.9963351099328,286.4495849609375,32546700.0
2022-02-28,283.5591880367457,288.212770094987,282.29704319923974,287.87554931640625,34627500.0
2022-03-01,285.5728578838848,289.01245712557574,281.47810528267394,284.17584228515625,31217800.0
2022-03-02,284.57084383733564,290.4576682481348,282.9715074955346,289.22442626953125,31873000.0
2022-03-03,291.82574561580225,292.0569692471533,283.3086360922176,285.1103515625,27314500.0
2022-03-04,283.5400519171684,284.8600032419661,276.6801391557429,279.2718505859375,32356500.0
2022-03-07,277.99032843801785,279.10795849514665,268.3556169829133,268.72174072265625,43157200.0
2022-03-08,267.6523109324147,273.5872975701551,260.13724667838545,265.7735595703125,48159500.0
2022-03-09,273.0862641319039,279.0212499230222,270.52342735372963,277.96142578125,35204500.0
2022-03-10,272.6815567548242,276.1307994626257,270.3306851201847,275.1576843261719,30628000.0
2022-03-11,277.441127086034,278.9345249185214,269.22271985726513,269.83935546875,27209300.0
2022-03-14,270.099573663449,274.9747366839514,265.74469344120354,266.342041015625,30660700.0
2022-03-15,270.1090844059089,277.3062135170462,268.54826618468866,276.6606750488281,34245100.0
2022-03-16,278.54922541650404,283.8098008663318,272.85513484526456,283.6363830566406,37826300.0
2022-03-17,282.576451409173,284.81168204871824,278.7996317030362,284.4359436035156,30816600.0
2022-03-18,284.5804958303675,290.0048436231841,282.0369470428673,289.4556579589844,43390600.0
2022-03-21,287.9719290179041,289.17626805109586,284.1276588300462,288.2320556640625,28351200.0
2022-03-22,288.8487272384041,293.85879050986216,287.8563528268932,292.953125,27599700.0
2022-03-23,289.5327166388402,292.15335927003025,286.84462397235353,288.5499572753906,25715400.0
2022-03-24,288.21276856606795,293.08793014220737,287.42271518108265,292.9915771484375,24484500.0
2022-03-25,294.0802506516708,294.34037722493025,288.35723081756106,292.58685302734375,22566500.0
2022-03-28,293.2131884282858,299.4468485037341,293.2131884282858,299.35052490234375,29578200.0
2022-03-29,302.4431603178221,304.2833933051364,297.7606763526413,303.88836669921875,30393400.0
2022-03-30,302.298756961056,304.40876140768165,300.1983672332794,302.39508056640625,28163600.0
2022-03-31,302.4335907750661,303.6283150055242,296.643149106342,297.04779052734375,33422100.0
2022-04-01,298.0691183624966,298.801365976558,294.3790361342476,298.1173095703125,27110500.0
2022-04-04,298.76279420407815,303.59940925877385,298.3966704273003,303.46453857421875,24289600.0
2022-04-05,301.826575864707,303.36813547948924,298.5507800600473,299.5238952636719,23156700.0
2022-04-06,294.0418160572362,295.7856968034289,285.8715686354388,288.5596618652344,40110400.0
2022-04-07,285.8233566950077,292.5580106672026,285.5246829888432,290.3612976074219,31411200.0
2022-04-08,289.4652859924413,290.1204393434208,285.4572423231668,286.1220397949219,24361900.0
2022-04-11,281.1311855569594,281.9212093584241,274.58920983375054,274.8397216796875,34569300.0
2022-04-12,278.6744620730792,280.1196691925059,270.24408720975697,271.7567443847656,30966700.0
2022-04-13,272.4022274692682,278.0385105603026,271.02444128433206,277.11358642578125,21907200.0
2022-04-14,277.56643644763085,277.7784013045191,269.1168039398963,269.608154296875,28221600.0
2022-04-18,268.72168356502846,272.1419936429615,268.17249807222686,270.2728576660156,20778000.0
2022-04-19,269.17453350895715,275.7165098517803,268.2399654599824,274.8782653808594,22297700.0
2022-04-20,278.82852699073885,279.11758595882566,274.94573968215394,275.8995666503906,22906700.0
2022-04-21,278.0384980731543,282.5860831842899,269.82973426697856,270.5523376464844,29454600.0
2022-04-22,271.39056854763874,272.8550636325426,263.393769113378,264.02001953125,29405800.0
2022-04-25,263.30699380770614,270.8413145666887,260.8790281069364,270.465576171875,35678900.0
2022-04-26,267.36328244773966,268.19185364215673,260.13724778699,260.3492126464844,46518400.0
2022-04-27,271.7952151207864,280.34119944845656,268.96260761022705,272.8742980957031,63477700.0
2022-04-28,274.7723263295594,280.3508322510041,271.17856852888485,279.0501403808594,33646600.0
2022-04-29,278.0673672865681,279.2909943451643,266.3997469147851,267.3824768066406,37073900.0
2022-05-02,267.56556930704056,274.5314764230111,266.1300066784379,274.0786437988281,35151100.0
2022-05-03,273.58720656762404,273.7510095686542,269.9163845488467,271.4868469238281,25978600.0
2022-05-04,272.2672643508038,280.254447114598,266.62133844584713,279.3873291015625,33599300.0
2022-05-05,275.1095502622621,275.8899595127689,264.3186620189304,267.2187194824219,43260400.0
2022-05-06,264.77152276793004,269.04933732325316,261.36082642726797,264.6944580078125,37780300.0
2022-05-09,260.1951021714655,262.41107478567983,253.701313889151,254.91526794433594,47726000.0
2022-05-10,261.76549132988686,263.7502396394238,255.3873167232384,259.6554870605469,39336400.0
2022-05-11,255.97500607449467,261.44751510704526,249.82805548109343,251.0323944091797,48975900.0
2022-05-12,248.27685759923378,250.38686155412384,240.88703639881442,246.0223388671875,51033800.0
2022-05-13,247.94925284306044,253.4314048561223,246.0223109587589,251.58152770996094,34925100.0
2022-05-16,250.46395431193443,256.1099105942852,246.43665192316664,251.9477081298828,32550900.0
2022-05-17,256.38924817495007,258.52815492499775,252.87258498124666,257.0733337402344,28828800.0
2022-05-18,253.98310507106706,254.56254010236933,244.10384241044304,245.36892700195312,31356000.0
2022-05-19,245.19505877898175,248.83582357923467,243.24432488041336,244.46112060546875,32692300.0
2022-05-20,248.42057161150723,249.6760190694131,237.99085911430905,243.90103149414062,39199300.0
2022-05-23,246.7305445650261,252.5344867374103,244.74115917492952,251.713623046875,33175400.0
2022-05-24,249.0483104249833,252.3703436440929,244.80880649372511,250.71897888183594,29043900.0
2022-05-25,249.28976865012686,255.50894824222092,248.31438673907394,253.5195770263672,28547900.0
2022-05-26,253.27807996316005,257.9521373499767,252.46688284359203,256.78363037109375,25002100.0
2022-05-27,259.2752549960121,263.96861721941957,258.3867839504424,263.8720397949219,26910800.0
2022-05-31,263.1864174502178,265.34961052088613,259.70983610714705,262.5490417480469,37827700.0
2022-06-01,265.7648261496329,268.16944748829445,260.78173234380733,263.08013916015625,25292200.0
2022-06-02,255.38343546239255,265.2337143251771,252.63114082746247,265.1661071777344,44008200.0
2022-06-03,261.04251687853196,264.0748772583433,259.20766358686035,260.762451171875,28059000.0
2022-06-06,262.732495427998,264.77980709613064,258.0584370323219,259.5359802246094,22400300.0
2022-06-07,257.49836222355793,263.76584558835543,256.8223496712607,263.1574401855469,22860700.0
2022-06-08,262.3944559964506,263.64023679590827,260.36644828068603,261.1390380859375,17372300.0
2022-06-09,258.5992407787773,263.36021011485053,255.55724349069746,255.71176147460938,26439700.0
2022-06-10,251.6460439882833,251.6460439882833,243.87204872141055,244.3162841796875,31422800.0
2022-06-13,236.70645685368288,240.4824068795414,233.24919461693813,233.95416259765625,46135800.0
2022-06-14,235.49935216611019,237.31490178828415,233.22991513839273,236.10775756835938,28651500.0
2022-06-15,239.79674911112798,246.54710394987805,237.97154789524555,243.1284637451172,33111700.0
2022-06-16,237.54664093367091,238.93727329741498,234.68813195099327,236.57127380371094,33169200.0
2022-06-17,236.3105360612127,241.91168786918539,235.66350856453076,239.15939331054688,43084800.0
2022-06-21,241.67988876042264,246.01595545881753,240.95560233610817,245.04058837890625,29928300.0
2022-06-22,243.254000161548,248.35298995386094,241.7861089374633,244.4514923095703,25939900.0
2022-06-23,246.80783416507126,250.4775400388381,244.9343443692557,249.98501586914062,25861400.0
2022-06-24,252.83392578793828,258.7924022848079,252.747014945619,258.5220031738281,33923200.0
2022-06-27,259.0144557779908,259.1013666061605,254.2534870945373,255.8083038330078,24615100.0
2022-06-28,254.92950951957212,257.7590479870569,247.53212753900692,247.6866455078125,27295500.0
2022-06-29,248.75856369685934,252.9884007989355,246.99130319168566,251.3370361328125,20069800.0
2022-06-30,248.23707094153858,250.6320551562228,244.22935890804,248.0246124267578,31730900.0
2022-07-01,247.59975426359935,250.86384714723536,245.88076751202806,250.68035888671875,22837700.0
2022-07-05,247.3775897790424,253.96377399992517,246.00627607080364,253.83822631835938,22941000.0
2022-07-06,254.70741739613206,258.8020409501888,253.40369581093594,257.08306884765625,23824400.0
2022-07-07,256.0304829734668,259.8354043168909,255.93390553134637,259.1980285644531,20859900.0
2022-07-08,255.71173945693104,258.9082544536916,254.26316663768768,258.48333740234375,19658800.0
2022-07-11,256.5421992795978,257.3920332460969,253.19116684927542,255.44129943847656,19455200.0
2022-07-12,256.764381930095,256.8223224888686,243.39887133033,244.97299194335938,35868500.0
2022-07-13,241.61228376039588,244.8570873615849,239.603594413408,244.0555419921875,29497400.0
2022-07-14,241.9792718550764,246.39258278636146,237.50800563214514,245.36892700195312,25102800.0
2022-07-15,246.9526808402148,251.44325042079436,246.03525438925857,247.91839599609375,29774100.0
2022-07-18,250.84451446983314,251.89714046464383,244.6156545937457,245.5330810546875,20975000.0
2022-07-19,248.7488781014716,250.81552252522303,244.9825951721847,250.6320343017578,25012600.0
2022-07-20,250.98933621319566,255.7889412022588,250.03328774217377,253.278076171875,22788300.0
2022-07-21,250.88314483137592,255.80829794667736,248.21776161035194,255.75999450683594,22404700.0
2022-07-22,256.1462886118709,256.23319944277154,250.1878423691355,251.43359375,21881300.0
2022-07-25,252.05171581946772,252.53457351260846,248.0053659932447,249.9561004638672,21056000.0
2022-07-26,250.95075721193598,250.97009037906219,241.01356825164817,243.263671875,39348000.0
2022-07-27,252.2061678876976,260.79136010238045,249.97536828625238,259.5262756347656,45994000.0
2022-07-28,260.5016826567174,268.31431531179504,258.68613331334205,266.933349609375,33459300.0
2022-07-29,268.1791152582621,272.33167871252647,267.1457929503217,271.1148681640625,32152800.0
2022-08-01,268.29499686655436,271.63636311853617,266.38287021128184,268.4784851074219,21539600.0
2022-08-02,266.5373945260248,268.3626103956282,263.0415102262708,265.3978576660156,22754200.0
2022-08-03,267.2713577584934,273.7802690088794,267.12647689627147,272.78558349609375,23518900.0
2022-08-04,272.13853085373546,274.0699612486414,270.56443983776984,273.92510986328125,18098700.0
2022-08-05,269.5794716360938,273.92519131686254,269.1255841794727,273.2105712890625,16774600.0
2022-08-08,274.31141927705306,276.11733164460054,269.74360476800535,270.7093200683594,18739200.0
2022-08-09,270.05259210657965,273.37462502798235,268.0921621074516,272.6213684082031,23405200.0
2022-08-10,278.29016718582943,279.8739248174104,277.1023268586765,279.2462158203125,24687800.0
2022-08-11,280.8783329903544,281.22597639185335,276.68713164605356,277.17962646484375,20065900.0
2022-08-12,278.58955073001846,281.9019470214844,277.10234096743113,281.9019470214844,22619700.0
2022-08-15,281.02309922866345,284.0940662295999,280.16359862776034,283.4084167480469,18085700.0
2022-08-16,281.97918336040345,283.9589172842201,280.46303283251734,282.67449951171875,18102900.0
2022-08-17,280.4002359720042,283.8938831580585,280.1389500408416,281.9293212890625,18253400.0
2022-08-18,280.8357509194147,282.5003080383182,279.76151632304703,280.81640625,17186200.0
2022-08-19,279.5873490654093,279.9260727784797,276.3550169722019,276.9259948730469,20570000.0
2022-08-22,272.98706978174897,273.35482511498725,268.2837472368672,268.7966613769531,25061100.0
2022-08-23,267.52899169921875,269.8709667468448,266.5225077065828,267.52899169921875,17527400.0
2022-08-24,266.53214693938304,268.29348622669727,266.24179973569437,266.89990234375,18137000.0
2022-08-25,268.3902454376077,270.02577059536407,265.67082824168347,269.86126708984375,16583400.0
2022-08-26,270.0838799821935,271.3032734990673,259.3417106465169,259.4481506347656,27549300.0
2022-08-29,257.28030737067536,258.78033116845745,255.34477754961907,256.6802978515625,20338500.0
2022-08-30,258.0739373346952,258.4416632715631,252.25765951741022,254.49319458007812,22767100.0
2022-08-31,256.8351555238569,258.4996828935802,252.9060026363371,253.04150390625,24791800.0
2022-09-01,250.5253477936383,252.4802522057439,247.17688880265302,252.0060272216797,23263400.0
2022-09-02,253.2640858923777,256.2060699210947,246.26713504013372,247.80587768554688,22855400.0
2022-09-06,247.9414362596074,249.51886860124202,243.81874738590238,245.08651733398438,21328200.0
2022-09-07,246.48975437812405,250.48661397846638,245.0574662441124,249.77047729492188,24126700.0
2022-09-08,249.20919235362013,252.0350498159717,246.57685541782593,250.18661499023438,20319900.0
2022-09-09,252.10280861891394,256.68034817535016,251.89958621733555,255.93515014648438,22084700.0
2022-09-12,257.21261449388913,258.828795252262,256.61260484004885,258.0545654296875,18747700.0
2022-09-13,250.49630836570796,252.0060195193781,243.4800115748494,243.86712646484375,33353300.0
2022-09-14,245.35744562009026,246.03487812902216,241.8057500396919,244.0896759033203,23913000.0
2022-09-15,241.71864109172554,243.2960878234106,236.15399296543862,237.47015380859375,31530900.0
2022-09-16,236.38626175161542,237.3927455707123,234.25718181157072,236.85079956054688,39791800.0
2022-09-19,234.65397254260654,237.23790323040416,233.0861980227324,236.6378936767578,26826900.0
2022-09-20,234.26687239156138,235.66044153829108,231.91519584554464,234.63461303710938,26660300.0
2022-09-21,236.39595324962926,239.67667590576733,231.19904532157508,231.2474365234375,28625600.0
2022-09-22,230.20225587391255,235.99917354124665,229.91193818738796,233.21200561523438,31061200.0
2022-09-23,231.81840003910415,233.35715746883162,227.618303873853,230.25062561035156,34176000.0
2022-09-26,229.4087220067833,233.66688257896323,229.26354838030127,229.7958221435547,27694200.0
2022-09-27,232.24423519066093,234.00557453802256,226.9408872481293,228.78932189941406,27018700.0
2022-09-28,229.17642964868273,234.5184966384645,227.16347665591098,233.2991180419922,29029700.0
2022-09-29,231.18941598968382,232.21524468551831,226.85383225435683,229.84422302246094,27484200.0
2022-09-30,230.608739886535,232.78621136819163,225.2279682767935,225.39248657226562,35694800.0
2022-10-03,227.82159220301807,233.82173303998002,227.0957683574116,232.9797821044922,28880400.0
2022-10-04,237.18953820241006,242.28966427196394,237.08308345370094,240.8573760986328,34888400.0
2022-10-05,238.0605054835281,242.50254306214893,236.23143031780648,241.16702270507812,20347100.0
2022-10-06,239.9379683013216,242.27028548507374,238.1476119193884,238.834716796875,20239900.0
2022-10-07,233.13457344372063,233.54104772265964,225.65375442204814,226.68927001953125,37769600.0
2022-10-10,225.53767911003112,226.99899922194305,219.42139605833714,221.86016845703125,29743600.0
2022-10-11,220.28267336430167,221.67625738261597,216.8858233948525,218.1439208984375,30474000.0
2022-10-12,218.13425298449135,220.51496168634117,216.74068361052014,218.4729766845703,21903900.0
2022-10-13,212.76313280674802,228.4893134395643,212.06634085274027,226.68927001953125,42551800.0
2022-10-14,227.94737889006004,229.5925913283704,220.9794733149992,221.1923828125,30198600.0
2022-10-17,228.21834487388986,231.2571263231049,227.5602570081076,229.8732147216797,28142300.0
2022-10-18,235.3991931876777,236.0669387164965,227.782871649091,230.81198120117188,26329600.0
2022-10-19,229.39901697875123,231.88618020226818,226.7376631373762,228.85707092285156,19985700.0
2022-10-20,228.16996380022994,233.53137553473397,227.29896641864062,228.53770446777344,21811000.0
2022-10-21,227.17315124335872,235.16688446931025,226.94088233766772,234.31524658203125,26299700.0
2022-10-24,235.90241694894004,239.850900353894,233.52172305739012,239.27992248535156,24911200.0
2022-10-25,239.28957660185964,242.9477272430807,237.90567969361152,242.57998657226562,34775500.0
2022-10-26,223.71824496136685,230.61841449713438,222.64402516459023,223.86341857910156,82543200.0
2022-10-27,223.5924561627655,226.1570426979962,218.5020167351225,219.4407501220703,40424600.0
2022-10-28,218.94715681380413,228.97320270821285,218.76327910286216,228.2667236328125,40647700.0
2022-10-31,226.22473999169745,227.34735093033876,223.69887276321543,224.6472930908203,28357300.0
2022-11-01,227.0376938120004,228.14094541319034,220.00203754140927,220.81495666503906,30592300.0
2022-11-02,222.0633621151271,223.84404616078317,212.94700287287873,213.0050811767578,38407000.0
2022-11-03,212.9953870246754,213.30507890075714,207.08234251389777,207.34364318847656,36633900.0
2022-11-04,210.53729517480699,214.4470595832424,206.55009302136054,214.25350952148438,36789100.0
2022-11-07,214.83416409790135,221.04721381188003,214.14704442988435,220.5246124267578,33498000.0
2022-11-08,221.32785232766216,224.18275612145348,218.5600438397234,221.49237060546875,28192500.0
2022-11-09,220.04075814745045,221.2601516912574,217.09875857930578,217.27294921875,27852900.0
2022-11-10,227.84090847628838,235.4862608906142,227.42477661146236,235.1475372314453,46268000.0
2022-11-11,235.15723711883936,239.99606241623323,234.1313937515766,239.14442443847656,34620200.0
2022-11-14,234.1894756115481,236.0475827819004,231.49908988674315,233.76365661621094,31123300.0
2022-11-15,237.74116029609917,239.03796188941354,232.29263846364998,234.17010498046875,31390100.0
2022-11-16,235.62584176038104,236.60604855552322,233.3257795259496,234.5971221923828,24093300.0
2022-11-17,230.76369976880173,236.0722947974397,230.6181318208113,234.54861450195312,23123500.0
2022-11-18,236.3245938837583,236.5478177930803,231.9767921721455,234.1021728515625,27613500.0
2022-11-21,234.30592331964255,237.4503233596823,234.07301467051525,234.9076385498047,26394700.0
2022-11-22,236.4022474427257,238.0714956068187,233.60723931445074,237.7997589111328,19665700.0
2022-11-23,237.87737314142396,240.9538320187203,237.06216314669393,240.2744903564453,19508500.0
2022-11-25,240.01245273021934,241.36143645953254,239.44956540890726,240.18714904785156,9200800.0
2022-11-28,238.81873915133238,239.3719120438035,233.69454115958348,234.62620544433594,24778200.0
2022-11-29,234.27685297681788,235.6258367832805,231.18099474535325,233.23843383789062,17956300.0
2022-11-30,233.47135371926146,247.7958155951577,232.78229762918565,247.61141967773438,47594200.0
2022-12-01,246.37888704446783,248.5624948221186,243.51593758658888,247.17469787597656,26041500.0
2022-12-02,242.44842226131698,248.5042854543991,242.32225350861475,247.49497985839844,21528500.0
2022-12-05,244.57377324279298,246.33037684588194,240.7403313992676,242.8171844482422,23435300.0
2022-12-06,243.41888770234414,244.42819318650004,236.58661356400265,237.88706970214844,22463700.0
2022-12-07,237.60562791314456,238.89638442921668,235.06294286518101,237.15919494628906,20481500.0
2022-12-08,237.61534962771674,241.40027877672188,235.88787438426903,240.0998077392578,22611800.0
2022-12-09,237.47946700334126,240.9829448599812,236.95540766792848,238.17822265625,20609700.0
2022-12-12,240.1483469667902,245.08814984287235,239.87661027319498,245.0590362548828,30665100.0
2022-12-13,253.96813536884156,256.13234388565945,245.6024963823434,249.33889770507812,42196900.0
2022-12-14,249.54272515265737,254.84160556776638,246.8059293712521,249.63006591796875,35410900.0
2022-12-15,246.2333334693487,246.69916567601095,240.04158720461845,241.6623077392578,35560400.0
2022-12-16,241.21585785298825,242.46778637167077,236.32456849542362,237.46975708007812,86102000.0
2022-12-19,237.63473277219197,237.9744109828848,231.66621136200337,233.3548583984375,29696400.0
2022-12-20,232.33586378495446,235.74230142731602,231.38478542376703,234.66505432128906,25150800.0
2022-12-21,234.55829818550004,238.37232600874938,233.02491849714485,237.21743774414062,23690600.0
2022-12-22,234.14097913275145,234.84944921071,226.96904125544336,231.1615753173828,28651700.0
2022-12-23,229.1429380757911,231.82149149891836,227.03697155694044,231.6856231689453,21207000.0
2022-12-27,231.65651213728756,231.87972122287346,228.87120393787913,229.96786499023438,16688600.0
2022-12-28,229.8999205275325,232.6464155156222,227.26018028486453,227.60955810546875,17457100.0
2022-12-29,228.69652150065144,234.7815128184782,228.69652150065144,233.8983612060547,19770700.0
2022-12-30,231.18100636407286,232.87936810259998,229.67674014824095,232.74349975585938,21938500.0
2023-01-03,235.90726682667218,238.4984794551215,230.39486293780934,232.5105438232422,25740000.0
2023-01-04,225.42597193507248,225.99855889308043,219.29246770974694,222.33981323242188,50623400.0
2023-01-05,220.49584400645332,220.83552222933494,215.21636361108918,215.75013732910156,39585600.0
2023-01-06,216.4198034707522,219.09835714227594,212.87751216247153,218.2928466796875,43613600.0
2023-01-09,219.76796959383623,224.41663581790868,219.72915641914315,220.41819763183594,27369800.0
2023-01-10,221.0393201111181,224.48457072526574,220.62201553173728,222.09716796875,27033900.0
2023-01-11,224.4651718383663,228.98766979827053,224.2904903213458,228.81298828125,28669300.0
2023-01-12,228.31806724666527,232.82115199293077,226.66823290759064,231.47216796875,27269500.0
2023-01-13,230.00668936190732,232.30675151679418,227.98806347571494,232.17088317871094,21333300.0
2023-01-17,230.94806647820474,233.80131636600996,230.09402846864725,233.25784301757812,29831300.0
2023-01-18,234.44182098542313,235.22791734206064,228.57033988504867,228.85177612304688,30028700.0
2023-01-19,226.8817052615486,228.57036731781892,223.8731729886452,225.08628845214844,28623000.0
2023-01-20,227.92985845985373,233.63635883113758,227.59018017735744,233.13169860839844,35389800.0
2023-01-23,233.98570310784828,237.93559913009912,232.57847740404011,235.42202758789062,31934000.0
2023-01-24,235.3444433426029,236.75165457820094,233.34523105924467,234.89801025390625,40234400.0
2023-01-25,227.56105444486033,236.12080454500452,224.0866898660757,233.5101776123047,66526600.0
2023-01-26,236.4604658112775,240.98296392015405,234.85915928502237,240.68211364746094,33454500.0
2023-01-27,241.6429128288479,242.45812290706542,239.54664564896942,240.83740234375,26498900.0
2023-01-30,237.2950768809861,238.35292478678218,235.05324194345323,235.54820251464844,25867400.0
2023-01-31,236.26634887736424,240.6335642533175,235.78110272448055,240.49769592285156,26541100.0
2023-02-01,240.68209268360533,247.65022035562143,238.22674832599188,245.29193115234375,31259900.0
2023-02-02,251.1827927216543,256.87957707013254,249.65911289346886,256.792236328125,39940400.0
2023-02-03,251.88158807324123,256.40408589321055,249.51358441442338,250.72669982910156,29077300.0
2023-02-06,249.84354121530777,250.67815038089995,247.26202813154237,249.19329833984375,22518000.0
2023-02-07,252.84238703481986,260.8392350360664,252.40565360237943,259.6649475097656,50841400.0
2023-02-08,265.13855400297484,268.5935048183664,258.3547915146365,258.8594665527344,54686000.0
2023-02-09,265.72080730740066,265.8955184484022,255.0453909060254,255.84120178222656,42375100.0
2023-02-10,253.812867726257,256.29732581806934,252.96854410513563,255.3365478515625,25818500.0
2023-02-13,259.7426206728503,266.49724001770915,259.26705921966635,263.31402587890625,44630900.0
2023-02-14,264.624192764422,266.85631358119707,261.3342091005598,264.1389465332031,37047900.0
2023-02-15,261.05478666212923,263.39953537520864,258.9727165508735,262.0277099609375,28922400.0
2023-02-16,256.8711190669115,259.5174708073064,254.80852706316685,255.0517578125,29603600.0
2023-02-17,252.36656000925092,253.047588426155,249.06833614983722,251.0725555419922,30000100.0
2023-02-21,247.58946437392655,248.57212619836037,244.77771723097973,245.82847595214844,28397400.0
2023-02-22,247.21003358389876,247.45326436545926,243.56157186049097,244.69989013671875,22491100.0
2023-02-23,248.64026115369037,249.88560171481558,243.6978093067613,247.8716583251953,29219100.0
2023-02-24,243.19187704458037,244.2037105882477,241.38223939221282,242.47190856933594,24990900.0
2023-02-27,245.62415477191715,245.97440765666494,242.63727394286974,243.3864288330078,21190000.0
2023-02-28,242.3259744546454,244.68044668021838,241.99516930320846,242.66648864746094,22491000.0
2023-03-01,243.97020688018864,244.13560203633548,239.1347775749903,239.60179138183594,27565300.0
2023-03-02,239.87418786109544,244.5928558822364,238.95963779243274,244.3107147216797,24808200.0
2023-03-03,245.3614953141732,248.69861464364337,244.58315381318207,248.37754821777344,30760100.0
2023-03-06,249.48667584365674,253.07676463691814,249.04886339595808,249.91476440429688,24109800.0
2023-03-07,249.36019623261095,250.71257368875254,246.5290010946981,247.26841735839844,21473200.0
2023-03-08,247.16140250674363,247.6478641053872,244.01886473628258,246.8306121826172,17340200.0
2023-03-09,248.8932225660645,252.53194586818475,244.76802281359187,245.4879913330078,26653400.0
2023-03-10,244.2815470078051,245.9452372856859,240.89577859254197,241.8589630126953,28333900.0
2023-03-13,240.701198918384,250.9266314715002,239.07641892091627,247.04466247558594,33339700.0
2023-03-14,249.79803486123274,254.00107026600773,248.93213379575317,253.72865295410156,33620300.0
2023-03-15,252.9405641280701,259.26456442561187,252.19139432118732,258.2527160644531,46028000.0
2023-03-16,258.0289293565625,269.0716125790634,256.15119488258745,268.72137451171875,54768800.0
2023-03-17,270.72558821466924,275.6582857099673,268.83811504692954,271.8638916015625,69527400.0
2023-03-20,269.4802718017387,269.96673338942173,262.5433248107774,264.85888671875,43466600.0
2023-03-21,267.43710366119547,267.5538496813645,262.2222204606799,266.36688232421875,34558700.0
2023-03-22,265.9971973475459,273.43034485869043,264.81022985408475,264.9172668457031,34873300.0
2023-03-23,270.41432409449396,273.4498402612258,267.7485235593219,270.14190673828125,36610900.0
2023-03-24,269.733262600463,273.03148703992207,267.82634113000586,272.9731140136719,28172000.0
2023-03-27,272.90492269572303,273.8389205347129,268.0597550905618,268.896484375,26840200.0
2023-03-28,268.32248351379377,268.6630125541161,264.68373074732534,267.77764892578125,21878600.0
2023-03-29,271.4065938576128,273.52758857930763,270.8714980799914,272.9146423339844,25087000.0
2023-03-30,276.53397442659906,276.757727762298,273.8584356014265,276.35882568359375,25053400.0
2023-03-31,276.04750748202,281.4374805787577,275.33726286422353,280.4937438964844,32766000.0
2023-04-03,278.761931454292,280.46454697415277,276.26154151333856,279.4527282714844,24883300.0
2023-04-04,279.45268618193273,282.5854994542806,277.9349286652677,279.4040222167969,25824300.0
2023-04-05,278.1100227693913,279.37481068956913,275.2593657381629,276.6408996582031,22064800.0
2023-04-06,275.5415669627722,284.17139086476425,274.39352473015583,283.70440673828125,29770300.0
2023-04-10,281.3791115118309,281.75856581319096,277.00095709388467,281.55426025390625,23103000.0
2023-04-11,278.0127931758795,278.2365761916983,274.0140932371224,275.1718444824219,27276600.0
2023-04-12,277.07878271017614,279.2386732168352,274.32539366289427,275.81396484375,27403400.0
2023-04-13,275.91126538247534,282.05040792429327,275.50265429718814,281.9920349121094,24222700.0
2023-04-14,279.22900330153806,280.6689405579413,276.00862936698525,278.3923034667969,20987900.0
2023-04-17,282.0796326398558,283.70442754241606,278.4117226515916,280.980224609375,23836200.0
2023-04-18,283.6751943988744,283.86005216252715,279.23866745372095,280.56182861328125,20161800.0
2023-04-19,278.2462970182061,281.2234396408052,276.8355761901663,280.63970947265625,17150300.0
2023-04-20,277.5263678512321,281.2040166915489,277.3609578281469,278.3630676269531,23244400.0
2023-04-21,277.2928600656761,278.5187231488767,275.3956478853203,278.0225524902344,21676400.0
2023-04-24,274.4519370721957,277.2345132199959,271.173190218911,274.1405944824219,26611000.0
2023-04-25,271.94171485112884,273.97512034038175,267.91379941457996,267.96246337890625,45772200.0
2023-04-26,288.6663495624961,291.4586346304273,284.80384294642164,287.3723449707031,64599200.0
2023-04-27,287.9560271426598,296.9361172975543,287.25552138127716,296.57611083984375,46462600.0
2023-04-28,295.7783383038111,300.5651029592613,295.097280309873,298.9403381347656,36469600.0
2023-05-01,298.6582327311371,300.24410228095644,296.8875053999733,297.2864074707031,21294100.0
2023-05-02,299.42687857918656,300.8084130116415,295.6811180076152,297.1405029296875,26404400.0
2023-05-03,298.31766627691815,300.25377368049993,295.85617210321027,296.15777587890625,22360800.0
2023-05-04,297.9480161890788,299.42687857918656,295.1849176329067,297.1405029296875,22519900.0
2023-05-05,297.44211220444237,303.52288282414327,296.03136154416666,302.2386169433594,28197100.0
2023-05-08,301.73263089775384,301.80074263730194,297.80201345372643,300.2926940917969,21318600.0
2023-05-09,299.66027036784914,301.6450415111089,298.01602819734876,298.6873474121094,21340800.0
2023-05-10,300.2635487654328,304.52495706862396,299.33928955394174,303.8536376953125,30078000.0
2023-05-11,301.7034562423544,302.6958271056149,297.9674351385275,301.7131652832031,31680200.0
2023-05-12,302.1412397708911,302.2385380136494,298.2982115576061,300.6040344238281,19774700.0
2023-05-15,300.7305114762556,301.5088380158988,299.2613882145806,301.08074951171875,16336500.0
2023-05-16,301.4407550392499,305.2157014683238,301.4407550392499,303.2990417480469,26730300.0
2023-05-17,304.49844392680916,306.58503594078644,302.9870982202375,306.165771484375,24315000.0
2023-05-18,306.68243649097326,311.07992095632784,305.892648471435,310.5728759765625,27276000.0
2023-05-19,308.83734438329236,310.7972045125446,308.47658062453104,310.3974304199219,27546700.0
2023-05-22,310.6509792014614,314.54141972113337,310.0757031921086,313.1665954589844,24115700.0
2023-05-23,312.04526511786804,314.66815212283035,307.3845270869392,307.394287109375,30797200.0
2023-05-24,306.8774884337067,308.6033161721185,304.8103574976606,306.0194396972656,23384900.0
2023-05-25,315.1752035575117,318.74389070661766,312.01605056749,317.7883605957031,43301700.0
2023-05-26,315.9356633458704,325.0816363269195,315.7991718307155,324.5843811035156,36630600.0
2023-05-30,326.86600894737563,327.36326419300417,322.2735022093098,322.9462890625,29503100.0
2023-05-31,323.99940574363865,327.5583326539221,319.16313582793106,320.19671630859375,45950600.0
2023-06-01,317.7980281716673,325.2084138620462,316.61822604492374,324.2821044921875,26773900.0
2023-06-02,325.9104976467162,329.07941048845686,324.2529005654924,327.03179931640625,25873800.0
2023-06-05,326.8562209549611,330.11288397336966,326.31019540433937,327.5582580566406,21307100.0
2023-06-06,326.96353250247705,327.0025428376745,323.88240041372416,325.3547058105469,20396200.0
2023-06-07,323.37532887108034,326.1444673202271,314.45362725824225,315.3116760253906,40717100.0
2023-06-08,315.85770223750364,318.4903491637824,315.28242630303987,317.144775390625,23277700.0
2023-06-09,316.8814584828526,321.7567079982965,316.3159426317722,318.6365661621094,22529000.0
2023-06-12,320.38185009345415,323.81404443234743,317.0471964419212,323.5702819824219,24260300.0
2023-06-13,326.1249342097831,328.57231892797256,322.1467437962909,325.9494323730469,22951300.0
2023-06-14,325.9982202996805,330.58096729872784,324.50639495848685,328.9233703613281,26003800.0
2023-06-15,329.0598905688736,341.1114945004108,328.78687775426107,339.4149169921875,38899100.0
2023-06-16,342.5545684921727,342.70082003895476,333.41835487715986,333.7888488769531,46552000.0
2023-06-20,330.8442648527532,333.5451430628632,327.4803299242777,329.6156921386719,26375400.0
2023-06-21,327.9775897528391,329.3036733312241,323.784886322757,325.2377014160156,25117800.0
2023-06-22,325.7836965611128,331.63399647710884,325.0231587622799,331.2342224121094,23556800.0
2023-06-23,326.0177487407771,329.5279351767741,325.13047930366815,326.6612854003906,23146900.0
2023-06-26,325.39364834816934,327.7240020967906,320.29412674467744,320.4013977050781,21520600.0
2023-06-27,323.58000578054765,327.7629776694117,321.08388072367944,326.222412109375,24354100.0
2023-06-28,326.31026905867196,329.5474425224492,325.48147052492266,327.4705810546875,20259500.0
2023-06-29,326.35897729326905,327.72404134255896,324.3211263632283,326.69049072265625,16997000.0
2023-06-30,329.32315064368396,334.17891054970244,328.78688502474677,332.0435485839844,26832800.0
2023-07-03,330.727231395335,332.394558661991,328.1726050055835,329.5571594238281,12508700.0
2023-07-05,326.7295145394102,333.12584042536054,326.3785108077479,329.7131652832031,18172400.0
2023-07-06,328.88439044633213,334.432427956872,327.1293121494876,332.7553405761719,28161200.0
2023-07-07,330.85400764917136,333.2623825906087,328.591884271755,328.806396484375,21214800.0
2023-07-10,326.25174994494995,326.8660362322845,319.41663962980306,323.55084228515625,32791400.0
2023-07-11,322.800041689948,324.55511973893175,318.84134117994995,324.17486572265625,26698200.0
2023-07-12,328.201859758283,333.12585071299276,327.2950703339859,328.7868957519531,29995300.0
2023-07-13,331.0879653631058,335.16366709536976,330.5614300476907,334.1106262207031,20567200.0
2023-07-14,338.9176246633776,342.66181307865304,335.71946186556954,336.6262512207031,28352700.0
2023-07-17,337.05526407197954,338.33257714303016,333.6621092446477,337.1040344238281,20363900.0
2023-07-18,337.20159333535736,357.62890667109644,333.63293583363816,350.5207824707031,64738600.0
2023-07-19,352.72436118966306,353.4166384044317,343.6466474604791,346.22076416015625,39732900.0
2023-07-20,344.74845393864297,349.0386682151087,336.7530316118285,338.2156066894531,33778400.0
2023-07-21,340.4386749626526,341.55997642385313,331.35120253084744,335.1929016113281,69405400.0
2023-07-24,337.2210689969038,338.2643797019485,333.7693834548789,336.49951171875,26678100.0
2023-07-25,338.4496147386664,343.11038262849917,336.4605340248674,342.22308349609375,41637700.0
2023-07-26,332.92109821610006,336.0705206538034,324.79891447113727,329.3426513671875,58383700.0
2023-07-27,331.9850338749244,332.8138025679025,320.8401897883476,322.4685363769531,39635300.0
2023-07-28,325.3449560601863,331.52676966933615,324.8574310459994,329.92767333984375,28484900.0
2023-07-31,328.51383777853505,329.2743755389443,325.04263262807757,327.5387878417969,25446000.0
2023-08-01,326.8270321220212,330.093455775555,325.374217054016,327.9483337402344,18311900.0
2023-08-02,325.3059183538415,325.3059183538415,318.2172862001048,319.328857421875,27761300.0
2023-08-03,317.86625965352187,321.64945793431025,317.8175190621743,318.5097961425781,18253700.0
2023-08-04,323.5996092744747,326.7782818997198,319.0753628445266,319.6018981933594,23741500.0
2023-08-07,320.1771409046875,322.84876819218033,319.3483425125627,321.87371826171875,17741500.0
2023-08-08,318.80233812895545,320.54768595225426,314.9411484793251,317.9150390625,22327600.0
2023-08-09,318.3245710835293,318.94858760325343,313.03978705069517,314.19036865234375,22373300.0
2023-08-10,317.8857952635295,320.0699275319088,313.16655676040074,314.8728942871094,20113700.0
2023-08-11,312.26953644201075,314.3658880842269,311.2457160426732,313.0008239746094,24355500.0
2023-08-14,313.37132372944086,315.974690482468,312.09398089474894,315.9552001953125,18836100.0
2023-08-15,314.9411611661193,316.9790121676308,312.89355014228914,313.82958984375,16966300.0
2023-08-16,313.45822252754004,316.99540096942354,312.4811083303605,313.0673828125,20698900.0
2023-08-17,313.2042018447522,314.50375064279973,308.9732805542869,309.6279602050781,21257200.0
2023-08-18,307.29267431715726,311.0936633520083,304.4199558180871,309.2371520996094,24755000.0
2023-08-21,310.65396660689254,315.3831966115051,309.78435031765304,314.5135803222656,24040000.0
2023-08-22,318.050696980202,318.6174101401044,314.1031469540319,315.08026123046875,16084600.0
2023-08-23,316.409231948521,321.66611285256477,316.0574552143243,319.5164489746094,21166400.0
2023-08-24,325.2325153533981,325.35954498918005,312.63749714645934,312.64727783203125,23281400.0
2023-08-25,314.11295718549064,317.91391657239774,311.5040487015702,315.5884094238281,21684100.0
2023-08-28,318.20709765634393,318.68587419815776,314.3572643100924,316.2919616699219,14808500.0
2023-08-29,314.5136087751781,321.45112744073015,314.5136087751781,320.8941650390625,19284600.0
2023-08-30,321.14825395413936,322.26214904101624,318.97905844898986,321.2655029296875,15222100.0
2023-08-31,321.6660497077852,323.33690686450706,319.30141990622377,320.2590026855469,26411000.0
2023-09-01,323.7277749745022,324.3922056211829,319.3014478601216,321.138427734375,14942000.0
2023-09-05,321.47064520868975,327.18677054781415,321.13842988312655,325.91650390625,18553900.0
2023-09-06,325.7503980121673,326.80566842614127,322.62362005663084,325.2618408203125,17535800.0
2023-09-07,323.7082248346301,325.45723807010125,321.49993683780025,322.35980224609375,18381000.0
2023-09-08,322.5356945258159,328.4667861972207,321.92010767166425,326.6200256347656,19530100.0
2023-09-11,329.5220626550476,330.67508035139593,327.7534879124914,330.2060546875,16583300.0
2023-09-12,328.13454656577954,329.08234867340195,323.89387388585794,324.1772155761719,17565500.0
2023-09-13,323.7277859536388,329.141008354495,323.59100543664357,328.36907958984375,16544400.0
2023-09-14,331.388322477558,333.05917964974554,328.86738060055865,330.9486389160156,20267000.0
2023-09-15,329.20939816193993,329.6783939916595,322.1057573596053,322.6627197265625,37679800.0
2023-09-18,320.29806225418173,322.83856545069517,318.8910152474716,321.52923583984375,16834200.0
2023-09-19,318.7053767522615,321.85168591600774,317.0833634746371,321.12860107421875,16505900.0
2023-09-20,321.96898600781554,322.04714204193704,313.1749561204339,313.4289855957031,21436500.0
2023-09-21,311.95356654433346,317.9041899225686,307.79104947595397,312.2173767089844,35560400.0
2023-09-22,313.96642687422224,314.09345652566765,308.9147319725734,309.75506591796875,21447900.0
2023-09-25,309.34467850848546,310.39997887585656,307.7910700190704,310.27294921875,17836000.0
2023-09-26,307.918083681108,308.650919524038,302.92501329864484,304.99652099609375,26297600.0
2023-09-27,305.1528159801847,307.1070447852302,302.6025617027996,305.6316223144531,19410100.0
2023-09-28,303.87275106769863,308.2600143272614,302.36801659248266,306.4621276855469,19683600.0
2023-09-29,310.4781242122937,312.1587623008752,307.7715278533527,308.5238952636719,24147300.0
2023-10-02,309.0417636602757,314.5233913479347,307.96693177846345,314.4354248046875,20570000.0
2023-10-03,313.48763043750324,314.03484198855955,304.0877937628594,306.2179260253906,21033500.0
2023-10-04,306.84326360549875,312.7157312613082,306.81395136342184,311.6604309082031,20720100.0
2023-10-05,311.7873983700248,312.6570444101147,307.6932870679997,312.05120849609375,16965600.0
2023-10-06,309.3055602997531,321.65630098463043,309.06128169271835,319.7704772949219,25673600.0
2023-10-09,317.3179339483483,322.7409074969346,315.7838570263933,322.27191162109375,19891200.0
2023-10-10,323.38576454759857,323.52257487302114,320.1710797301385,320.8746032714844,20557100.0
2023-10-11,323.6300784570828,325.203248275294,321.60747414676473,324.8124084472656,20063200.0
2023-10-12,323.00471335948436,325.99468102864705,321.1970457612764,323.5812072753906,19313100.0
2023-10-13,324.7733126546174,326.19011074612195,318.8910644547027,320.229736328125,21072400.0
2023-10-16,323.4737360067268,328.44727494049874,323.03405238313746,325.0273742675781,22158000.0
2023-10-17,322.04718865285014,325.82861728065586,319.9170860395432,324.4606628417969,18338500.0
2023-10-18,324.88074324116036,327.909803713785,320.78663169696983,322.5552062988281,23153600.0
2023-10-19,324.5485712503718,329.1703335138683,323.33695882729216,323.7375793457031,25052100.0
2023-10-20,324.1284784182767,324.3239132792786,318.0019801932009,319.1940612792969,25027700.0
2023-10-23,318.0213985858915,325.1152580837002,316.96612824184217,321.7832946777344,24374700.0
2023-10-24,323.71803518553446,324.2456853865201,320.10272927891094,322.9656677246094,31153600.0
2023-10-25,337.1240202368528,338.2770379621599,329.89337919706037,332.87359619140625,55053800.0
2023-10-26,332.74660165744723,333.81165295289384,319.45783763585234,320.3861083984375,37828500.0
2023-10-27,322.867891093588,329.0139487725961,320.8843501338627,322.2620849609375,29856500.0
2023-10-30,325.7796837612077,331.6814625082959,324.2358264617481,329.5904235839844,22828100.0
2023-10-31,331.09518568729226,331.24174686809175,327.0303866312015,330.3721008300781,20265300.0
2023-11-01,332.0137764699235,339.4691655982699,331.87696611346865,338.1500549316406,28158800.0
2023-11-02,339.29318001958046,340.8467882699962,336.87970636333785,340.3484802246094,24348100.0
2023-11-03,341.62854640879175,346.2796209573482,339.3811651738514,344.7259826660156,23637700.0
2023-11-06,345.36110615399525,349.3575005821622,345.2633887474612,348.37060546875,23828300.0
2023-11-07,351.17493911544506,354.16490704694723,349.44545721598166,352.2790832519531,25833900.0
2023-11-08,353.4027369651116,355.54261993465985,352.2985928972702,354.8879699707031,26767800.0
2023-11-09,354.00856480709007,356.441600143659,352.11296032697913,352.4354248046875,24847300.0
2023-11-10,353.21708130319655,361.6300519453443,352.8067099465058,361.20989990234375,28042100.0
2023-11-13,359.79306407971893,360.03734267871334,357.52615152445077,358.2882995605469,19986500.0
2023-11-14,362.5192886771421,363.43777876485865,358.94304574778874,361.79620361328125,27683900.0
2023-11-15,363.5193564786247,365.3306930182784,359.4365063311856,361.9430236816406,26860100.0
2023-11-16,363.20606948048294,368.48342035388106,362.4423744800686,368.30718994140625,27182300.0
2023-11-17,365.8006186204478,366.5447423144695,359.3287982048387,362.1192321777344,40157000.0
2023-11-20,363.4605799020616,370.950669899153,363.2451772540551,369.5505676269531,52465100.0
2023-11-21,367.8175710979016,368.35606277121207,363.3626595435668,365.27191162109375,28423100.0
2023-11-22,370.09894608755127,371.8515394102055,367.13228112759265,369.95208740234375,23345300.0
2023-11-24,369.44288626548433,370.0695230751344,367.2986899991627,369.5408020019531,10176600.0
2023-11-27,368.9044009726802,372.683733332582,368.336537498751,370.6961364746094,22179200.0
2023-11-28,370.44160282909473,374.994400937648,370.25557188472965,374.70068359375,20453100.0
2023-11-29,375.738494499301,376.2671856758015,369.5505906614915,370.9311218261719,28963400.0
2023-11-30,370.578695000301,372.145257364252,367.62183057461635,370.98992919921875,30554400.0
2023-12-01,368.8848238631299,370.25555453657734,363.54872995472044,366.6818542480469,33040500.0
2023-12-04,361.3849305128498,361.79613477265366,355.3145134346435,361.4241027832031,32063300.0
2023-12-05,358.7903292029664,365.28172122334854,357.9776614584204,364.7334289550781,23065000.0
2023-12-06,365.73212951183393,366.35873644463544,360.3372921206186,361.0911865234375,21182100.0
2023-12-07,360.5331422311326,363.68583789268007,358.66306211428184,363.1962890625,23118900.0
2023-12-08,361.4828850941495,366.6329187107603,360.53315912391304,366.4077453613281,20154400.0
2023-12-11,360.7778775179064,363.8326571061726,358.44762055822775,363.5389099121094,27708800.0
2023-12-12,363.0983520859286,366.59373770012405,362.7164896784692,366.5545654296875,24838300.0
2023-12-13,368.16030502773964,369.74646839477913,363.02004212186165,366.5447998046875,30955500.0
2023-12-14,365.50699652896213,365.94760248987683,356.51888591572833,358.28125,43277500.0
2023-12-15,359.1819619943408,364.6159417445296,358.6238691889497,362.9808654785156,78502300.0
2023-12-18,361.72762335454945,365.2034079122954,360.97369907312446,364.8607177734375,21802900.0
2023-12-19,363.7249858043668,365.4580078125,362.1094806161989,365.4580078125,20603700.0
2023-12-20,367.1616214647713,368.1700908565403,362.78505374172363,362.8731689453125,26316700.0
2023-12-21,364.77262075610525,366.58395739776404,362.30530541678434,365.7321472167969,17708000.0
2023-12-22,365.86912345752546,367.33776961451264,364.9193977474864,366.75030517578125,17107500.0
2023-12-26,367.1615944273694,369.0610461329153,365.69294804965995,366.8287048339844,12673100.0
2023-12-27,365.8790367110042,367.2203958335403,365.0174259193831,366.2510986328125,14905400.0
2023-12-28,367.5239062248259,368.59111915362496,366.33920635042557,367.435791015625,14327000.0
2023-12-29,368.140698335078,369.2764551389083,365.67338313483896,368.17987060546875,18730800.0
2024-01-02,366.0454121665628,368.0427796247224,359.1036138103624,363.117919921875,25258600.0
2024-01-03,361.2967846745382,365.45794912599047,360.8072359155438,362.8535461425781,23083500.0
2024-01-04,362.9221232500447,365.30132326469203,359.49528162444665,360.2491760253906,20901500.0
2024-01-05,361.25767175006894,364.28307999206555,358.8392992881915,360.06317138671875,21004600.0
2024-01-08,361.58074269539895,367.35744261436474,361.2968258961624,366.85809326171875,23134000.0
2024-01-09,364.2341014424794,368.1308907001316,363.4312342532303,367.9350891113281,20830000.0
2024-01-10,368.5029465849431,376.1399255368866,368.4540036584579,374.7691650390625,25514200.0
2024-01-11,377.9316910243427,382.5138608324762,372.4291670394017,376.59033203125,27850800.0
2024-01-12,377.4323150873344,380.55563874578314,376.6098767088899,380.35003662109375,21661200.0
2024-01-16,385.43152054781376,385.79378183747036,379.5177633564959,382.11236572265625,27202300.0
2024-01-17,379.8703470627965,381.95580012337945,376.7665941196336,381.3291931152344,22234100.0
2024-01-18,383.53215294829613,385.75469397471676,381.9655906494616,385.63720703125,23392100.0
2024-01-19,387.48767542805655,390.33685302734375,385.2749052923237,390.33685302734375,29331100.0
2024-01-22,391.6585969965062,392.24606151114637,385.3630068278654,388.22198486328125,27016900.0
2024-01-23,387.47792092588605,391.03205041405533,385.6959559124731,390.56207275390625,20525900.0
2024-01-24,393.1468390669837,397.1513444657461,392.07962632176026,394.1455078125,24867000.0
2024-01-25,395.8687348533506,398.5025096949156,394.11614184479663,396.4072265625,21021200.0
2024-01-26,395.917682766026,397.68007633393063,394.01823107466254,395.48687744140625,17803300.0
2024-01-29,397.5724131081032,401.4104892723421,395.8785633157736,401.1559143066406,24510200.0
2024-01-30,403.64273939955535,404.41620490062047,397.95418539261016,400.0494384765625,33477600.0
2024-01-31,398.4535945955144,406.6388669659615,388.9073919493629,389.2696533203125,47871100.0
2024-02-01,393.4307745878308,399.4718199134869,393.40140285508346,395.34002685546875,30657700.0
2024-02-02,395.36939499914837,404.0246140998081,395.12462060191353,402.62451171875,28256700.0
2024-02-05,401.33212452419457,402.5657971362689,395.5456537728456,397.17095947265625,25352300.0
2024-02-06,397.39611409161796,399.44242436350055,394.4881932042721,397.0142517089844,18382600.0
2024-02-07,398.9235343367266,405.64012962816963,398.88436206584436,405.3953552246094,22340500.0
2024-02-08,405.39538860876115,406.87383568951475,403.9071708692484,405.4541320800781,21225300.0
2024-02-09,406.5703156804263,412.0238969836169,406.4136564644989,411.759521484375,22032800.0
2024-02-12,411.7693143498308,411.9455447595813,406.0807592685953,406.5801086425781,21202900.0
2024-02-13,396.4757753769111,401.49855072964925,394.9581860838381,397.8269348144531,27824900.0
2024-02-14,400.2792461565028,402.01544302317166,396.8460672009255,401.672119140625,20401200.0
2024-02-15,400.34788638470263,401.3189759217452,396.5713838346197,398.79803466796875,21825500.0
2024-02-16,400.17130014605374,400.4950166150196,395.737605866878,396.34576416015625,22296500.0
2024-02-20,395.5414273661721,396.76756266074034,390.4112964520626,395.10003662109375,24307900.0
2024-02-21,392.53007321174096,394.60959394201785,389.63638185870155,394.5016784667969,18518900.0
2024-02-22,402.3587454167674,404.9483275530714,400.76967888893086,403.7908630371094,27009900.0
2024-02-23,407.7341476569605,407.92049268532105,401.1620503723916,402.5058898925781,16295900.0
2024-02-26,403.60445096908654,404.29109863437077,399.58272164729414,399.7593078613281,16193500.0
2024-02-27,400.20071277924296,400.52442923735737,396.13976854109416,399.7004699707031,14835800.0
2024-02-28,400.38709194736896,401.48570431449235,397.5817089338175,399.9358825683594,13183100.0
2024-02-29,400.83834831741547,406.29219561123216,398.17027676875426,405.7428894042969,31947300.0
2024-03-01,403.4180998812608,407.93028353505224,403.03556125394095,407.5673522949219,17823400.0
2024-03-04,405.54668869062186,409.38204334564557,404.4480762959748,406.9984436035156,17596000.0
2024-03-05,406.0567462440755,406.3412180011649,392.991071894389,394.9626770019531,26919200.0
2024-03-06,395.27659515513125,397.4247865981622,390.784048581795,394.41339111328125,22344100.0
2024-03-07,398.3664041641416,401.95653150490796,394.5604758378121,401.3287658691406,18718500.0
2024-03-08,400.1712786506048,402.58433424165736,396.61057729290076,398.4645080566406,18002200.0
2024-03-11,396.05149669102667,397.9348236347475,393.5992262388283,396.7969665527344,16120800.0
2024-03-12,399.8378019777306,407.63603426425436,399.02366133031137,407.3515625,22457000.0
2024-03-13,410.11771230614136,410.1961717884516,403.5946789555971,407.17498779296875,17115900.0
2024-03-14,412.21687278632703,419.652174073812,410.0098292271171,417.101806640625,34157300.0
2024-03-15,411.28505067232237,414.53185475986993,404.9091467039747,408.4698486328125,45079900.0
2024-03-18,406.3412048651448,412.6975005120342,405.8801768330178,409.35260009765625,20106000.0
2024-03-19,409.8528340561438,413.61954764814055,407.61636469929994,413.364501953125,19837900.0
2024-03-20,413.94328882066856,417.82767717758037,412.6288753346162,417.11163330078125,17860100.0
2024-03-21,421.6237557740876,422.5948752417206,419.004747660182,421.17254638671875,21296200.0
2024-03-22,421.49625883993525,421.6531778067011,417.9355573407252,420.5545654296875,17648500.0
2024-03-25,417.12133968666853,419.2499233779995,413.560638589499,414.7867736816406,18060500.0
2024-03-26,417.48430243445387,417.85705232022457,413.3056540804049,413.59991455078125,16725600.0
2024-03-27,416.3366986755512,416.3465173372015,411.0103740796991,413.3841552734375,16705000.0
2024-03-28,412.92315255513495,413.81578270674646,411.1182848623514,412.687744140625,21871200.0
2024-04-01,415.85607505767865,419.7208560550212,414.15909296576694,416.4642333984375,16316000.0
2024-04-02,412.08929633397446,414.3159769269491,409.86264567594,413.3939208984375,17912000.0
2024-04-03,411.71659648353796,415.17920112214335,411.0888008867087,412.4228515625,16502300.0
2024-04-04,416.8761903565226,420.4859554910503,409.59786785676073,409.9019470214844,19370900.0
2024-04-05,411.9912731648726,418.36717662742586,410.33353586981326,417.39605712890625,16554800.0
2024-04-08,417.0527386666228,419.12244053087517,415.21841524840187,416.4837951660156,14272400.0
2024-04-09,418.2985199584035,419.5736887198931,413.5705349702072,418.1415710449219,12496900.0
2024-04-10,414.12962029851764,415.9344877287147,411.68716854848634,415.17919921875,16216600.0
2024-04-11,417.6903079757618,421.17251987057847,414.29634428569665,419.760009765625,17966400.0
2024-04-12,415.9541617479342,417.06259294079354,411.7558753294146,413.84521484375,19253800.0
2024-04-15,418.4554515197094,418.6712525249299,405.5368771254888,405.7428894042969,20273500.0
2024-04-16,406.6550977488978,410.4119627811132,405.8311384974836,406.6648864746094,16765600.0
2024-04-17,409.2838890616667,410.88277399306753,402.4959920980667,403.9771728515625,15855500.0
2024-04-18,402.79031869935466,404.02627254838046,396.2378594372626,396.5517272949219,21029900.0
2024-04-19,396.3163237053195,397.73865251494925,390.17582902876677,391.50006103515625,30565800.0
2024-04-22,392.441727661041,395.1588624515417,388.1944084543801,393.304931640625,20286900.0
2024-04-23,396.52234656320184,400.40676483693346,395.3648819975192,399.7887878417969,15734500.0
2024-04-24,401.7407287200192,404.59517495198185,399.01380533371923,401.2502746582031,15065300.0
2024-04-25,386.5072408836068,392.2553782643455,380.62179192671005,391.4216003417969,40586500.0
2024-04-26,404.3009099992489,405.1150505614492,398.0132854043954,398.5625915527344,29694700.0
2024-04-29,397.5130370183344,398.562615947593,391.56873588609426,394.5703125,19582100.0
2024-04-30,393.8248513162942,394.4820730278576,381.74008419354954,381.8970031738281,28781400.0
2024-05-01,385.1143087080168,394.050396924473,382.85823208751793,387.39984130859375,23562500.0
2024-05-02,390.067981051651,392.2946320183516,387.1154376190438,390.2445373535156,17709400.0
2024-05-03,394.59976579857647,399.37678414031285,394.1877711661832,398.8961486816406,17446700.0
2024-05-06,400.9560656726651,406.02734455936377,398.61168058742396,405.6448059082031,16996600.0
2024-05-07,406.74340224425765,406.75322090554647,401.27973632622934,401.52496337890625,20018200.0
2024-05-08,400.37733960441915,404.3598247646084,398.9451919846881,402.70208740234375,11792300.0
2024-05-09,402.73146980472023,404.84041635842834,401.2895336143813,404.44805908203125,14689700.0
2024-05-10,405.0562460600837,407.44966453116945,403.93799631140473,406.8218688964844,13402300.0
2024-05-13,410.029454744504,410.3629599472109,402.9767222457907,405.82135009765625,15440200.0
2024-05-14,404.1537549120692,409.51932355356394,403.6927268958918,408.6070861816406,15109300.0
2024-05-15,410.66098813896724,416.46861670856214,410.04189641490217,415.7512512207031,22239500.0
2024-05-16,414.49335406459187,418.05067177577746,413.0684896947791,413.6973876953125,17530100.0
2024-05-17,415.2205635959117,415.5939858480529,410.7886784280323,412.930908203125,15352200.0
2024-05-20,412.930965804356,419.37732877198647,412.714775522377,417.97210693359375,16272100.0
2024-05-21,419.4362019217813,425.4698558470045,417.4905197677202,421.6079406738281,21453300.0
2024-05-22,422.63977275649836,424.91959180983645,419.7310556819618,423.06231689453125,18073700.0
2024-05-23,425.46982612085486,426.0889176680517,418.05062390261264,419.6032409667969,17211700.0
2024-05-24,419.78997344657733,423.5929302999633,417.0581313925194,422.7085266113281,11855300.0
2024-05-28,422.1877338257991,423.35712243524114,419.2102222377172,422.86578369140625,15718000.0
2024-05-29,418.3159892619867,423.4750461602697,418.3159892619867,421.7357177734375,15517100.0
2024-05-30,416.95003623481153,416.95003623481153,407.0643033400361,407.48687744140625,28394500.0
2024-05-31,409.5308671519035,409.5308671519035,397.50290358954135,407.9389343261719,47995300.0
2024-06-03,408.3319723384426,409.21637607324783,401.83648858598,406.3567810058594,17484700.0
2024-06-04,405.2856495851976,409.226195718034,402.58328662384173,408.86260986328125,14348900.0
2024-06-05,410.57248754759564,416.7338647316788,409.0886349128657,416.66510009765625,16988000.0
2024-06-06,416.6651146111646,417.9425834215114,413.2945078470223,417.166259765625,14861300.0
2024-06-07,418.8171717087438,418.89577271534046,415.67259164399417,416.50787353515625,13621700.0
2024-06-10,417.34315052242914,420.66457531575907,416.5471841383872,420.4582214355469,13982900.0
2024-06-11,418.1096457911631,425.3224952545953,417.88361916349896,425.1849060058594,14551100.0
2024-06-12,427.7792095971262,435.7192312163597,425.74505981738713,433.4197692871094,22366200.0
2024-06-13,433.21335923548196,435.709368351957,431.7589858154619,433.9306945800781,15960600.0
2024-06-14,430.6879302565991,435.4637589084296,429.1549556248856,434.90362548828125,13582000.0
2024-06-17,434.92324397820295,443.1286073434569,433.0856417971322,440.6031188964844,20790000.0
2024-06-18,441.9198947788086,442.34246889984814,437.18341197055486,438.6082763671875,17112500.0
2024-06-20,438.5689526211533,438.79497924029823,433.6260860366594,437.9793701171875,19877400.0
2024-06-21,439.63031872191465,442.77486911461057,438.77539399018497,441.9887390136719,34187100.0
2024-06-24,442.00833058442447,444.9072412251996,438.677069430459,439.9152526855469,15913700.0
2024-06-25,440.4851865060809,443.60028735592437,439.01117026568124,443.138427734375,16413400.0
2024-06-26,441.22215886891127,445.7424809709231,440.42619256271684,444.3274230957031,16507000.0
2024-06-27,444.3471470164623,448.2680510068741,443.9442456044681,445.00555419921875,14806300.0
2024-06-28,445.2216529567904,447.49163533200266,438.67701793083796,439.2076721191406,28362300.0
2024-07-01,440.88808384173325,449.447196335744,437.94005138791704,448.81829833984375,17662800.0
2024-07-02,445.349461110364,451.6287548273333,445.26099374388446,451.3241271972656,13979800.0
2024-07-03,450.2529744663604,453.0339384006955,449.94834686189404,452.78826904296875,9932800.0
2024-07-05,451.6483951731934,460.2370169877969,451.01949716215944,459.460693359375,16000300.0
2024-07-08,458.4682018620652,459.59830504287737,456.41440936822374,458.16357421875,12962300.0
2024-07-09,458.9104170237532,459.23468742094946,450.0663190511327,451.57965087890625,17207200.0
2024-07-10,453.2305340754163,458.3797547644369,450.9113994976311,458.17340087890625,18196100.0
2024-07-11,454.95999295662324,456.728800279139,443.72796749516465,446.82342529296875,23111200.0
2024-07-12,446.459846610387,448.45468069664645,442.8436006787632,445.693359375,16324300.0
2024-07-15,445.4476817175394,449.33910606074033,443.61007966105154,446.09625244140625,14429400.0
2024-07-16,446.3517811207802,446.43038212668165,438.92274152217504,441.7331848144531,17175700.0
2024-07-17,434.92324477920374,437.14410559537976,431.5723108003405,435.8371276855469,21778000.0
2024-07-18,436.6428994208888,436.94752703468305,426.8750830594602,432.7416687011719,20794800.0
2024-07-19,425.5976305961669,433.49836608097274,424.51667935003445,429.53814697265625,20940400.0
2024-07-22,434.1370473740231,436.89836840804566,431.3069317261726,435.2671203613281,15808800.0
2024-07-23,436.21057880982977,440.6228216077749,435.4244487287082,437.1441345214844,13107100.0
2024-07-24,432.82034171919196,433.83249840274334,420.18309274942834,421.47039794921875,26805800.0
2024-07-25,421.3721232816147,422.35480083589914,410.2777152857788,411.15228271484375,29943800.0
2024-07-26,410.95575198353527,421.490056226304,410.0418390958428,417.90325927734375,23583800.0
2024-07-29,424.10394408211863,424.66407745687695,417.34314804369717,419.3379821777344,15125800.0
2024-07-30,420.3108034246303,421.6177512482942,410.13024936818454,415.5939636230469,32687600.0
2024-07-31,413.21586942488864,414.47369536650564,405.0694649339739,411.1031188964844,42891400.0
2024-08-01,413.50088916463085,420.05533154219523,405.9342601346404,409.8846130371094,30296400.0
2024-08-02,405.3445889736249,407.8111188309651,397.33577420400843,401.41387939453125,29437900.0
2024-08-05,382.4286607640187,394.09303926008795,378.90082173461536,388.3050537109375,40709200.0
2024-08-06,393.07103331037194,398.64282840268,391.59701693545804,392.6877746582031,24946500.0
2024-08-07,401.56132604317764,402.9763539760022,390.58480577308114,391.5281677246094,20650900.0
2024-08-08,395.4687471216862,398.82948747665125,393.01205329948556,395.71441650390625,20203000.0
2024-08-09,397.03114540515713,400.98149772413467,395.29181721770595,398.9866638183594,19276700.0
2024-08-12,400.008700380632,401.6792641246606,397.23754263585204,399.7630310058594,16762900.0
2024-08-13,402.49490035510087,407.762067699129,402.4752575998139,406.8383483886719,19414300.0
2024-08-14,407.61460282522484,410.484034234621,405.30533476037385,409.638916015625,18267000.0
2024-08-15,413.27153919674845,414.56116454959863,411.16483466760724,414.482421875,20752100.0
2024-08-16,414.05913029915934,414.787612725286,410.8104315549657,411.9622497558594,22775600.0
2024-08-19,412.4446299731582,415.19125033166955,409.9835081573214,414.97467041015625,15234000.0
2024-08-20,415.14201975205145,419.23729981689326,415.082955234779,418.19378662109375,16387600.0
2024-08-21,417.48497282390196,419.7689009161739,415.1616884163413,417.5440673828125,16067300.0
2024-08-22,417.7605748245769,420.1528076484466,408.16220140309326,409.08758544921875,19361900.0
2024-08-23,410.4953972510095,412.73993890763575,405.68142906839694,410.308349609375,18493800.0
2024-08-26,409.89487877847426,410.7907306533513,404.94310328054127,407.0596618652344,13152800.0
2024-08-27,406.43949576869113,407.9161688910183,403.8700989564779,407.4042663574219,13492900.0
2024-08-28,408.42810007077503,408.54622911327857,400.975815861933,404.21466064453125,14882700.0
2024-08-29,408.48716903331825,415.4865852646763,404.2146650393698,406.6954650878906,17045200.0
2024-08-30,409.1368946584357,410.9974871196902,405.72085639315753,410.6529541015625,24308300.0
2024-09-03,411.41094371784055,413.3503087826454,400.7001374742272,403.0726623535156,20313600.0
2024-09-04,399.59755429893164,404.8446523736478,398.0814949690352,402.5410461425781,15135800.0
2024-09-05,401.28095677141835,406.67574622741506,399.8141378862011,402.03900146484375,14195500.0
2024-09-06,402.6985299905477,404.26379961304895,394.56697518152896,395.4530029296875,19609500.0
2024-09-09,400.90684301767806,402.294919165343,395.8960031892495,399.4104919433594,15295100.0
2024-09-10,401.8519446669211,409.8554868302287,401.3597203496137,407.7586364746094,19594300.0
2024-09-11,409.03846009013733,417.39642045511704,403.2105102076021,416.4612121582031,19266900.0
2024-09-12,416.72697057085117,420.7238298297295,413.2223356546228,420.3595886230469,17395700.0
2024-09-13,419.20778281644255,425.11447510259467,418.84354159900835,423.8937683105469,15874600.0
2024-09-16,423.9035976857479,426.7880250402565,421.5606050753592,424.632080078125,13834700.0
2024-09-17,433.3838900790578,434.9786922694464,425.54765628869114,428.38287353515625,18874200.0
2024-09-18,428.2351941115192,429.2491750935579,423.71657808226,424.1103515625,18898000.0
2024-09-19,434.3683366283435,434.6341269777226,430.1056566789826,431.8678283691406,21706600.0
2024-09-20,430.4206942067389,432.4092699149114,427.46734788448686,428.5010070800781,55167100.0
2024-09-23,427.52635570448473,429.6724465370328,423.6968661035608,426.7683410644531,15128900.0
2024-09-24,426.2662748026867,426.61083784634445,419.4735849772464,422.495849609375,17015800.0
2024-09-25,423.14559476109406,426.3844395741606,421.90520976014716,425.39013671875,13396400.0
2024-09-26,428.32378449228514,428.5305103087993,422.45647860828996,424.6025695800781,14492000.0
2024-09-27,424.80927883764434,425.1341637224931,420.8222737453315,421.36370849609375,14896100.0
2024-09-30,421.5507517579481,423.7264049247719,418.7549211722127,423.6082458496094,16807300.0
2024-10-01,421.78703621784,421.81656847562806,412.2969368087723,414.147705078125,19092900.0
2024-10-02,416.0082934736332,416.2445815766932,410.22958475813624,410.64306640625,16582300.0
2024-10-03,411.1353013004486,413.02542591560956,407.84724636027164,410.062255859375,13686400.0
2024-10-04,411.7357819472086,413.2223089798081,408.5166457695598,409.5896911621094,19169700.0
2024-10-07,409.5306729821077,410.6233966552464,402.6395318501973,403.171142578125,20919800.0
2024-10-08,404.5099645290717,409.19594995144206,401.82243880752753,408.2607116699219,19229300.0
2024-10-09,409.39277177231503,413.8424985783194,407.8570343920262,410.9678955078125,14974300.0
2024-10-10,408.77270009487955,410.8597268157618,406.7250296963955,409.3731994628906,13848400.0
2024-10-11,409.66850956364067,410.64310419410805,406.82343830885475,409.845703125,14144900.0
2024-10-14,411.2731366880873,417.4456494762865,411.0270245046469,412.6218566894531,16653100.0
2024-10-15,415.61453317923247,415.9098858066577,408.80216519233556,412.22802734375,18900200.0
2024-10-16,408.71356498849764,409.8850312589263,404.09649835161355,409.6487731933594,15508900.0
2024-10-17,415.7917465890575,415.9295838303706,409.127039576057,410.2394714355469,14820000.0
2024-10-18,410.6529471112624,413.12389293089865,409.78662744422246,411.6570739746094,17145300.0
2024-10-21,409.64875806524304,412.4445885621628,407.3156196249642,412.26739501953125,14206100.0
2024-10-22,411.9819473916582,423.88392916296095,411.53896348036403,420.8616943359375,25482200.0
2024-10-23,424.1595150969288,424.3760949935698,415.95907136722593,417.99688720703125,19654400.0
2024-10-24,418.7155841953702,419.35549993342784,415.8311564953273,418.12493896484375,13581600.0
2024-10-25,420.1233311665373,425.7937351729216,419.9362835126177,421.49169921875,16899100.0
2024-10-28,424.9471252042487,425.2227696357769,419.670464602579,419.9559631347656,14882400.0
2024-10-29,421.3440208086144,426.43363353122214,419.17822176857095,425.23260498046875,17644100.0
2024-10-30,430.6372355196224,431.68074872313076,425.3802831426112,425.8035888671875,29749100.0
2024-10-31,408.9005934690843,409.6881704469,399.9814907408766,400.0307312011719,53971000.0
2024-11-01,402.6493843637014,409.0384470027673,401.162857168779,403.98822021484375,24230400.0
2024-11-04,403.42703719981586,404.0374205874987,399.26283871579096,402.1078796386719,19672300.0
2024-11-05,402.0192756499378,408.4477238969609,401.7337771398714,405.06121826171875,17626000.0
2024-11-06,406.00629877245973,413.91141971077946,404.1358224259815,413.6455993652344,26681800.0
2024-11-07,414.72850912180576,420.21189508853655,413.3502870767265,418.81396484375,19901800.0
2024-11-08,418.70569909892066,419.8673412736044,415.22074253188157,415.96893310546875,16891400.0
2024-11-11,415.9492116532179,418.20360735923634,409.53061759674426,411.5093688964844,24503300.0
2024-11-12,411.7456911405818,417.8394313280264,410.7120319666306,416.45135498046875,19401200.0
2024-11-13,415.0829203341967,422.65330239599416,411.7062388180916,418.5875549316406,21502200.0
2024-11-14,418.390720208814,421.51143597611144,413.4684764416515,420.2513427734375,30246900.0
2024-11-15,413.29128434963707,416.22492241780895,407.2073982420546,408.5462341308594,28247600.0
2024-11-18,408.41819885611204,411.89330132284374,405.69128696291637,409.29437255859375,24727000.0
2024-11-19,406.6855735772408,411.4404774532615,405.149836063281,411.2928161621094,18133500.0
2024-11-20,410.3871084118776,410.8005900683197,404.19491792354364,409.028564453125,19191700.0
2024-11-21,413.80284233986384,414.0790385036892,404.71793020151534,407.26287841796875,20780200.0
2024-11-22,405.7832472742104,411.73135363774225,405.4774597411712,411.3367919921875,24814600.0
2024-11-25,412.69810354496985,415.36141754143,409.2160446876401,413.1025390625,27691100.0
2024-11-26,413.891635863064,423.21330950979313,413.161695275106,422.17755126953125,23458900.0
2024-11-27,419.33665679394954,421.42789081016514,416.28862504102557,417.2454528808594,18332400.0
2024-11-29,414.38481768654003,419.1097738504757,412.1259094010287,417.70904541015625,16271900.0
2024-12-02,415.84474493949193,427.1195090506518,415.58826631722377,425.126953125,20207200.0
2024-12-03,424.00241788094525,426.5967051479557,421.93093157664276,425.3439636230469,18302000.0
2024-12-04,427.1490673141917,433.69890467425466,426.75450568960144,431.4794616699219,26009400.0
2024-12-05,431.9727342727058,438.62119043191433,430.2465005729482,436.60888671875,21697800.0
2024-12-06,436.29321828806303,440.04162946603964,435.7704172944161,437.5459899902344,18821000.0
2024-12-09,436.5892007915705,442.2413642775732,434.51771418120455,439.9627380371094,19144400.0
2024-12-10,438.3548361326827,443.51378920495125,435.6027181772746,437.3092041015625,18469500.0
2024-12-11,438.019420871054,444.2338797106506,438.019420871054,442.892333984375,19200200.0
2024-12-12,443.0106891858234,449.96496224230685,443.0106891858234,443.45458984375,20834800.0
2024-12-13,442.34986354702323,445.2992475559922,439.5286887575998,441.19573974609375,20177800.0
2024-12-16,441.19569319284585,446.039014950384,439.23272866925197,445.45703125,23598800.0
2024-12-17,444.8849575716068,449.1068307764244,443.4645114369834,448.2880859375,22733500.0
2024-12-18,445.1907332778121,446.50265760588917,431.08492025325205,431.4499206542969,24444500.0
2024-12-19,435.6224481744677,437.1612597390131,430.39443838506674,431.09478759765625,22963700.0
2024-12-20,427.2280306144627,437.71367214918683,422.80889160222836,430.670654296875,64263700.0
2024-12-23,430.8087749659741,431.7064201820156,426.95187171586906,429.3390197753906,19152500.0
2024-12-24,428.74712104240933,433.6299083717355,428.2933766162313,433.3635559082031,7164500.0
2024-12-26,433.1169230295789,434.9516783695283,430.7002140852734,432.16009521484375,8194200.0
2024-12-27,428.69783929596434,429.3094144533034,420.55987996664646,424.68310546875,18117700.0
2024-12-30,420.27376177490316,421.7435167493127,416.17025429217676,419.0604553222656,13158700.0
2024-12-31,420.313230174155,420.9346790911402,414.94710727917607,415.77569580078125,13246500.0
2025-01-02,419.7509810335182,420.2836558558519,409.21603069875914,412.8953552246094,16896500.0
2025-01-03,415.36136467137544,418.2713132207811,413.8423008464514,417.6005554199219,16662900.0
2025-01-06,422.1873855590837,428.42156165470556,419.70162020085996,422.0394287109375,20573600.0
2025-01-07,423.1738138555601,424.80139942668757,415.0851648128758,416.63385009765625,18139100.0
2025-01-08,417.70906128958796,421.171402275518,415.81515330470927,418.79412841796875,15054600.0
2025-01-10,418.86316848876044,418.94206877538755,409.3836648034606,413.26031494140625,20201100.0
2025-01-13,409.6007014640922,412.8164377086338,406.690782868284,411.52423095703125,17604800.0
2025-01-14,412.1357932076061,414.03957499111027,405.14208486737954,410.0248718261719,16935900.0
2025-01-15,413.43787278736687,422.3353628905166,412.58953664498,420.5203552246094,19637800.0
2025-01-16,422.87788427352234,423.6571336957602,418.6264203199314,418.8138122558594,15300000.0
2025-01-17,428.1947089431654,428.57942688248704,422.3551241092644,423.20343017578125,26197500.0
2025-01-21,424.3575582513444,425.0480336398343,419.82002384260585,422.6806335449219,26085700.0
2025-01-22,431.6175824572203,441.1957044539868,430.0787709144918,440.1402587890625,27803800.0
2025-01-23,435.9972845633218,440.68277574358376,435.50407496539947,440.643310546875,18389300.0
2025-01-24,439.11439458237174,440.5841496239721,435.40544858930485,438.0293273925781,15549500.0
2025-01-27,418.2516444520013,429.2896784954125,417.74856099112463,428.6583557128906,35647800.0
2025-01-28,428.6977608632086,442.2906153004339,425.5214900534852,441.12664794921875,23491700.0
2025-01-29,440.6235877197962,440.81100977301065,434.41900262341227,436.3227844238281,23581400.0
2025-01-30,413.0827588425547,417.1172097708342,407.54896156269734,409.3540954589844,54586300.0
2025-01-31,413.2899024984714,414.97667080056476,409.2751693701902,409.4231262207031,34161900.0
2025-02-03,406.0101743775102,409.7684293585694,403.11009933813943,405.33941650390625,25679100.0
2025-02-04,407.0853452090854,408.29865167160733,404.1753965052981,406.7696838378906,20532100.0
2025-02-05,406.74994863541014,408.20982973334895,404.82641922275565,407.67718505859375,16316700.0
2025-02-06,408.3775613386283,412.5205341470821,408.3775613386283,410.1728515625,16309800.0
2025-02-07,410.82391537114063,412.96442836557605,402.5577169319091,404.185302734375,22886800.0
2025-02-10,408.0914590052598,409.8176925215145,405.33937124502273,406.6217041015625,20817900.0
2025-02-11,404.07678288840276,406.88805357704496,403.741373863551,405.8523254394531,18140600.0
2025-02-12,401.6797299133385,405.17166210079324,398.87830316572246,403.4848937988281,19121700.0
2025-02-13,401.4725759938153,405.41825241635894,400.8412533167097,404.9645080566406,23891700.0
2025-02-14,402.25188608897315,403.3566707547541,400.3678218416371,402.8831787109375,22758500.0
2025-02-18,402.45907065768193,405.02376683445937,400.9794417214404,404.0768127441406,21423100.0
2025-02-19,402.34067225656025,409.8473079963777,402.11378500109834,409.1370849609375,24114200.0
2025-02-20,410.4714772753562,414.4448231183109,407.75338500421714,411.3017272949219,23508700.0
2025-02-21,412.49761092708707,413.19936436928833,403.15727713591093,403.4735412597656,27524800.0
2025-02-24,403.77011965609864,404.62012670611466,394.6867476536957,399.31243896484375,26443700.0
2025-02-25,396.44608593506547,397.25657880262406,392.09714469383994,393.283203125,29387400.0
2025-02-26,393.3919661639477,398.91710270889797,389.6755831630129,395.0920104980469,19619000.0
2025-02-27,396.61410618114576,401.03224256641477,387.6197164134029,387.97552490234375,21127400.0
2025-02-28,388.10398215130573,393.01631660620876,382.0846478468725,392.38372802734375,32845700.0
2025-03-03,394.1925192721913,394.1925192721913,381.67940898205217,383.98236083984375,23007700.0
2025-03-04,378.9514422192701,388.0249203607145,376.5792952112664,384.1009826660156,29342900.0
2025-03-05,384.82253320835395,397.00948665687173,384.29868393839774,396.36700439453125,23433100.0
2025-03-06,389.7051801734712,397.4838599812305,388.12373889118527,392.284912109375,23304600.0
2025-03-07,387.76795648683793,390.2191619837315,381.0666253730808,388.7464599609375,22034100.0
2025-03-10,381.3631423753148,381.91664235119805,372.8431639999478,375.7490539550781,32840100.0
2025-03-11,374.6024872406928,381.5212666884101,372.5367409966354,376.0356750488281,30380200.0
2025-03-12,378.5066728711865,380.7503233781215,374.55308456142495,378.82293701171875,24253600.0
2025-03-13,378.71423026442886,380.8491715851453,373.07049136146827,374.3751525878906,20473000.0
2025-03-14,375.3734493768336,385.7022111357248,375.10659301872727,384.05157470703125,19952800.0
2025-03-17,382.2131776873556,388.15342385678485,381.0962841175908,384.1899719238281,22474300.0
2025-03-18,382.57886557924786,382.87537263830677,376.67813379609476,379.0700378417969,19486900.0
2025-03-19,381.056782844969,385.15862531644393,379.5445362897292,383.3202209472656,19185500.0
2025-03-20,381.26425870483627,387.24407880313566,378.83281046953476,382.35150146484375,18470500.0
2025-03-21,378.7735544022507,387.19468720298374,378.35841433019584,386.72027587890625,39675900.0
2025-03-24,390.81219242783766,390.81219242783766,385.2870564688155,388.51910400390625,21004500.0
2025-03-25,389.3493790004213,391.7610400507305,388.08423198363494,390.5749816894531,15775000.0
2025-03-26,390.4168571879551,390.72325787798576,384.0614710304359,385.4452209472656,16108400.0
2025-03-27,385.60336562359333,387.6888690270636,382.9050306805178,386.0481262207031,13766800.0
2025-03-28,383.5771397086297,384.6149747790714,372.5565178920864,374.4048156738281,21632000.0
2025-03-31,368.2174556076631,372.6948931611048,362.97893300010196,371.0343933105469,35184700.0
2025-04-01,370.3030004386035,378.4078694453165,368.89949332324585,377.7555236816406,19689500.0
2025-04-02,373.5844861787052,380.61197570359644,372.25014394283687,377.70611572265625,16092600.0
2025-04-03,370.4413527847735,373.10014336261634,365.0644702169303,368.78082275390625,30198000.0
2025-04-04,359.90502676066706,370.2436515761853,355.30898645827625,355.664794921875,49209900.0
2025-04-07,346.808801297969,366.6953473866903,340.78946619633433,353.7077941894531,50425000.0
2025-04-08,363.98715955184485,369.31460473132455,346.1861164728992,350.44610595703125,35868900.0
2025-04-09,349.43791334353114,388.66739600040677,349.00301621371585,385.95916748046875,50199700.0
2025-04-10,377.6269854135807,379.44563241847453,363.5324334212975,376.92523193359375,38024400.0
2025-04-11,376.2234920445777,385.52428234575257,374.4937970946495,383.94287109375,23839200.0
2025-04-14,388.6575040815548,390.0709046779098,379.75203666792555,383.3102722167969,19251200.0
2025-04-15,384.0021677861047,387.3429548173336,379.702634359307,381.2544250488281,17199900.0
2025-04-16,376.25312290658945,377.1821883945702,363.7301188576812,367.2982177734375,21967800.0
2025-04-17,369.41339637295704,369.9767899290697,362.6330071079686,363.5126647949219,21120200.0
2025-04-21,358.6102367890087,360.25097956592975,351.54320368031085,354.9531555175781,20807300.0
2025-04-22,359.1637239988867,363.5027713530303,355.6845470865514,362.5638122558594,19485000.0
2025-04-23,371.6966268435602,375.9764033603888,368.69189108581185,370.0460205078125,20545500.0
2025-04-24,371.3408006891215,383.9428636514652,370.8367085183124,382.8061828613281,22232300.0
2025-04-25,382.5097039822226,387.6098369882708,380.13755681192964,387.3034362792969,18973200.0
2025-04-28,387.41210451108003,388.18305301396595,382.1538550582223,386.62139892578125,16579400.0
2025-04-29,386.75975859738145,390.51568553400665,385.85045019118235,389.4679870605469,14974000.0
2025-04-30,385.7713871677669,392.0576085897077,379.97939447353656,390.6738586425781,36461100.0
2025-05-01,426.1078502028247,431.91962985286955,419.9699127886788,420.464111328125,58938100.0
2025-05-02,426.7305579775838,434.3412277785372,425.0008630376841,430.2294921875,30757400.0
2025-05-05,427.8474632490504,434.40054108405303,427.09627177369964,431.10919189453125,20136100.0
2025-05-06,427.18521188154574,432.65104629505106,426.16716413896285,428.2823181152344,15104200.0
2025-05-07,428.8061738000786,433.0365119798482,426.10783898687293,428.3218688964844,23295300.0
2025-05-08,432.8487322038109,438.5221520354275,430.60508165893515,433.0859680175781,23491300.0
2025-05-09,434.89471877509555,435.6261229679929,430.8225275981773,433.63946533203125,15324200.0
2025-05-12,440.7658165502587,444.1560114514232,434.67728663767485,444.04730224609375,22821900.0
2025-05-13,442.5844751269483,445.4409573721911,440.19254074927665,443.9287109375,23618800.0
2025-05-14,442.94024625817593,448.6333924695745,442.94024625817593,447.6845397949219,19902800.0
2025-05-15,446.35766502511365,451.7246251089068,446.0209967126778,448.694580078125,21992300.0
2025-05-16,447.6251542704443,449.91254071320964,444.3376746324017,449.82342529296875,23849800.0
2025-05-19,446.46663650360125,455.0913715701619,446.3874026485213,454.37841796875,21336500.0
2025-05-20,451.13047896335826,453.8535607411002,449.8729211666083,453.68524169921875,15441800.0
2025-05-21,450.12049890400635,453.29906971148773,447.3875051898017,448.14007568359375,19216900.0
2025-05-22,450.4967994491365,455.74490907390424,449.4570590917957,450.40765380859375,18025600.0
2025-05-23,445.5754438212613,449.2491205375805,444.51591011589574,445.7734680175781,16883500.0
2025-05-27,452.0118204825961,456.4380677238799,451.65532857824905,456.18060302734375,20974300.0
2025-05-28,456.7054113344306,457.9926743719098,452.45739496057166,452.8831787109375,17086300.0
2025-05-29,457.0321490211595,457.2004982884002,450.85323834601354,454.19024658203125,13974800.0
2025-05-30,455.2200705832806,457.16087682654637,451.08099341488645,455.8537902832031,34770500.0
2025-06-02,452.6653804963421,457.5867035205711,452.41782757710985,457.4480895996094,16626500.0
2025-06-03,456.9529759669727,459.5968543955761,456.3489311405408,458.43829345703125,15743800.0
2025-06-04,459.4581695952893,461.13162957016016,458.48775137554446,459.3294372558594,14162700.0
2025-06-05,460.40879598021155,465.05289099241804,459.487906406924,463.1021728515625,20131700.0
2025-06-06,465.4885869985769,468.7067748339504,464.19141216551986,465.7757568359375,15285600.0
2025-06-09,465.10242514198006,468.7958952647425,464.0329796350046,468.12255859375,16469900.0
2025-06-10,466.5778015728124,468.1720277278758,462.38919566775553,466.3104553222656,15375900.0
2025-06-11,465.4192790589967,470.81594475736864,465.0628173622344,467.99383544921875,16399200.0
2025-06-12,470.37032681118086,475.7174938929388,468.88500933710617,474.1826477050781,18950600.0
2025-06-13,471.74673205457395,474.48960742449077,468.13246560456287,470.3109130859375,16814500.0
2025-06-16,470.5584575569121,475.98482813726486,470.3505215770748,474.45001220703125,15626100.0
2025-06-17,470.74663593423935,474.0539393845567,469.4395492382731,473.3608093261719,15414100.0
2025-06-18,473.3211507460615,476.29178558337986,469.81579317674493,475.5392150878906,17526500.0
2025-06-20,477.5097592999014,478.7277002496467,472.2022093150259,472.7270202636719,37576200.0
2025-06-23,473.52910172023695,482.97572926336846,467.8849134818946,481.24285888671875,24864000.0
2025-06-24,484.1640031375646,487.0356109071577,482.0350238939456,485.3126220703125,22305600.0
2025-06-25,487.223778215148,489.71910084538035,484.5997232276066,487.4515075683594,17495100.0
2025-06-26,488.15453290095326,493.1650012559548,487.9861836300842,492.5807800292969,21578900.0
2025-06-27,492.6797669341534,494.41263722515527,488.20402140418383,491.0855407714844,34539200.0
2025-06-30,492.17479474651304,495.8583832017286,490.4815111095117,492.5411682128906,28369000.0
2025-07-01,491.61036068604886,493.1748817381986,486.1741086010328,487.2336120605469,19945400.0
2025-07-02,485.193750746375,488.6694029786285,483.91639959647097,486.2829895019531,16319600.0
2025-07-03,488.9763901568408,495.2345347518064,488.6100166980764,493.9571533203125,13984800.0
2025-07-07,492.51147619590915,493.86806132382594,490.38252718836065,492.84814453125,13981600.0
2025-07-08,492.37283752871576,493.3234624825612,489.27347018920887,491.7589111328125,11846600.0
2025-07-09,495.4028504286207,501.8194324629264,494.84833435120834,498.5814514160156,18659500.0
2025-07-10,498.125990037999,499.50239882384955,492.87788004768845,496.5713806152344,16492100.0
2025-07-11,493.5907782355643,500.0865639242522,492.9273231662245,498.393310546875,16459500.0
2025-07-14,496.6109349689791,499.0369655948213,496.1257409313552,498.09625244140625,12058800.0
2025-07-15,498.0962552049,503.3245715280963,497.8685258646023,500.8688659667969,14927200.0
2025-07-16,500.2351113436526,501.7600457375481,496.9773367906475,500.6708068847656,15154400.0
2025-07-17,500.730191050298,508.3449206172861,500.67078077223215,506.6912841796875,17503100.0
2025-07-18,509.4440643876484,509.6025320949179,502.4630844244223,505.05743408203125,21209700.0
2025-07-21,501.7501069031347,507.0774803175347,500.60145783110823,505.06732177734375,14066800.0
2025-07-22,505.968437121084,506.19619667447284,500.32421875,500.32421875,13868600.0
2025-07-23,501.78972599996087,501.8293429250601,495.79895793496456,500.9183349609375,16396600.0
2025-07-24,503.7899711970312,508.6420022469781,502.334358860161,505.87933349609375,16107000.0
2025-07-25,507.4537274302719,513.2167663968169,505.3643953860848,508.681640625,19125700.0
2025-07-28,509.0480107678364,509.9589885432546,505.12675096242896,507.48345947265625,14308000.0
2025-07-29,510.4838436674275,512.5533521818816,506.5526719682665,507.55279541015625,16469200.0
2025-07-30,510.12731827097724,510.89971236727115,504.4534248625209,508.2162170410156,26380400.0
2025-07-31,549.7952354974353,550.0131135040644,526.6936395202101,528.2779541015625,51617300.0
2025-08-01,529.7632164041114,530.5553736121248,515.7616096000787,518.9797973632812,28977600.0
2025-08-04,523.0990575737549,532.9813491761439,522.9604134562841,530.3969116210938,25349000.0
2025-08-05,531.9219176627233,532.0407382325785,522.0792108748774,522.584228515625,19171600.0
2025-08-06,525.7034415927023,526.495598904166,518.9006917137275,519.8017578125,21355700.0
2025-08-07,521.6434435727333,522.9208551796034,512.483986539974,515.7418212890625,16079100.0
2025-08-08,517.4845698020915,519.524403327164,514.3257923084495,516.9300537109375,15531000.0
2025-08-11,517.1875004407061,522.4257584225397,514.6327376205326,516.6627197265625,20194400.0
2025-08-12,518.623257971221,525.782467566966,517.5835480141434,524.0595092773438,18667000.0
2025-08-13,526.9014833945702,527.4857348349631,514.2861971986356,515.484375,19619200.0
2025-08-14,517.4449565045493,520.8017882377586,515.0486614235291,517.36572265625,20269100.0
2025-08-15,517.6528943134479,520.9502551513766,513.9990113965767,515.0783081054688,25213300.0
2025-08-18,516.4844919382945,517.7024328589179,508.9885829187347,512.0383911132812,23760600.0
2025-08-19,509.9589996924715,510.11740696385556,503.5721224631474,504.7801818847656,21481000.0
2025-08-20,504.87923949406314,505.9981835608303,499.50239716393804,500.7698669433594,27723000.0
2025-08-21,499.5796529563519,503.4875031078027,498.61756740599895,500.1251525878906,18443300.0
2025-08-22,500.1350363394598,506.56216679087737,498.310055406757,503.0907287597656,24324200.0
2025-08-25,502.4956130920682,504.0428801746979,500.0060864475961,500.14495849609375,21638600.0
2025-08-26,500.24412923099453,500.8590951140394,494.44189267773186,497.9430847167969,30835700.0
2025-08-27,497.90339657266526,503.1502356611414,495.82052770460996,502.6047058105469,17277900.0
2025-08-28,502.9518399416591,506.919197559233,501.3748189208979,505.4810485839844,18015600.0
2025-08-29,504.5090396010348,505.44137107101903,500.3730559294206,502.55511474609375,20961600.0
2025-09-02,496.3859077753076,501.87077891116434,492.75577163159113,500.9979553222656,18128000.0
2025-09-03,499.6788070917271,503.64616490840893,498.220801883355,501.22607421875,16345100.0
2025-09-04,500.18461248708434,504.0032003466391,499.04400319618804,503.8246765136719,15509500.0
2025-09-05,504.9157294675595,507.79205789513924,488.35199810583333,490.9605407714844,31994800.0
2025-09-08,494.0451682561979,497.10997900607424,490.99031585598385,494.13446044921875,16771000.0
2025-09-09,497.33805669614713,498.15137232357364,493.63851485593227,494.34271240234375,14410500.0
2025-09-10,498.8754294126598,499.1233892811019,492.66650462093776,496.2867126464844,21611800.0
2025-09-11,498.15141065447875,499.0639163525314,493.81707669294536,496.9215393066406,18881600.0
2025-09-12,502.5154742767582,508.367321245748,499.73833579713096,505.73895263671875,23624900.0
2025-09-15,504.63805606783444,511.26350676755015,502.8626547877709,511.1544189453125,17143800.0
2025-09-16,512.6619733694059,513.0090929577493,504.449544036503,504.8859558105469,19711900.0
2025-09-17,506.4530503919847,507.1175961354426,501.80132099339164,505.8579406738281,15816600.0
2025-09-18,507.31598208941665,508.88310546808697,503.51725007824297,504.3008117675781,18913700.0
2025-09-19,506.39351766303514,515.0621842649809,506.1455578149837,513.703369140625,52474100.0
2025-09-22,511.38257317258103,513.5149918534414,508.3574141571104,510.2518615722656,20009300.0
2025-09-23,509.60711582016205,510.3907077578639,503.17008724169204,505.0744323730469,19799600.0
2025-09-24,506.215041937542,508.29788064425674,502.7832857896144,505.9869079589844,13533700.0
2025-09-25,504.15198973027213,505.84805701475193,500.9186136455738,502.8923645019531,15786500.0
2025-09-26,505.8975942449135,509.745935901324,502.4856643393456,507.2861633300781,16213100.0
2025-09-29,507.325895548039,512.6322125671903,504.72728094557834,510.40057373046875,17617800.0
2025-09-30,509.05168089535164,513.9315141469417,505.5009089039439,513.7232666015625,19728200.0
2025-10-01,510.5989672146665,516.262392605391,507.5143608700387,515.4689331054688,22632300.0
2025-10-02,513.4157691025699,517.3434144406598,506.51254498360566,511.53125,21222900.0
2025-10-03,512.8800919259904,516.2424417743944,510.7972535535121,513.1280517578125,15112300.0
2025-10-06,514.377848960065,526.6965386672223,513.9712214168786,524.256591796875,21388600.0
2025-10-07,523.9788048028778,525.4764919541412,517.1847292577561,519.7039794921875,14615200.0
2025-10-08,519.0097599169904,522.6497936321297,518.8213080060119,520.56689453125,13363400.0
2025-10-09,518.07745494396,520.0512058016051,513.1777655449532,518.136962890625,18343600.0
2025-10-10,515.3994727403434,519.3073226434543,505.47115003636685,506.790283203125,24133800.0
2025-10-13,512.1957986627914,512.1957986627914,507.50441729945595,509.8550720214844,14284200.0
2025-10-14,506.0662879637401,511.07509568876407,501.87079590760095,509.3790283203125,14684300.0
2025-10-15,510.75765569343554,512.9694382549203,505.838110317394,509.2401123046875,14694700.0
2025-10-16,508.3970827878481,512.6321960787722,503.9833851231019,507.4349670410156,15559600.0
2025-10-17,504.88592623971425,511.27334399694297,503.17003321642534,509.3888854980469,19867800.0
2025-10-20,510.41049011219013,514.4671401409408,509.2401268135401,512.5726928710938,14665600.0
2025-10-21,513.2770012430817,514.4572928075203,508.85337476268893,513.4356689453125,15586200.0
2025-10-22,516.8971823641815,520.943843958813,513.4852520447155,516.2921142578125,18962700.0
2025-10-23,518.1964086283891,519.6742395740552,514.3777908083965,516.3118896484375,14023500.0
2025-10-24,518.5237205252405,521.0628270774097,516.4607380708425,519.3370361328125,15532400.0
2025-10-27,527.4404441110845,530.2175826339089,524.6930292943027,527.1825561523438,18734700.0
2025-10-28,545.511702993095,549.2013167264516,536.3570441492753,537.6464233398438,29986700.0
2025-10-29,540.4929653309738,541.8121286840217,532.3499420595073,537.130615234375,36023000.0
2025-10-30,526.150935240438,530.6042843733296,517.8591725476514,521.469482421875,41023100.0
2025-10-31,524.5640198650095,525.0004316167937,510.896444053691,513.5843505859375,34006400.0
2025-11-03,515.5680732671589,520.6760707602963,510.3907002836433,512.810791015625,22374700.0
2025-11-04,507.5837170627558,511.34276641791416,503.6956934801851,510.13275146484375,20958700.0
2025-11-05,509.11117977922714,510.6287232020861,502.4460174356622,503.02130126953125,23024300.0
2025-11-06,501.53353925537283,501.5732213085109,491.7639146320967,493.04339599609375,27406500.0
2025-11-07,492.89463000746537,495.30479262227396,489.2248119110569,492.76568603515625,24019800.0
2025-11-10,495.9593732946225,502.71379706788474,494.7294718777327,501.8707275390625,26101500.0
2025-11-11,500.68055811559174,505.4414057875519,498.2505695472254,504.5289001464844,17980000.0
2025-11-12,505.203338237195,507.494515261433,495.0469117437556,506.9688415527344,26574900.0
2025-11-13,506.1455939798088,509.3095642884979,497.1992129195551,499.1828918457031,25273100.0
2025-11-14,494.16416907736203,507.42505738590404,493.38060745410195,506.0166320800781,28505700.0
2025-11-17,504.300789978241,507.94082387806293,500.7896697837805,503.3486022949219,19092800.0
2025-11-18,491.32749949419616,498.8754133867433,482.8076023204449,489.7604064941406,33815100.0
2025-11-19,486.1005289347495,491.14898819063853,478.88983663624714,483.14483642578125,23245300.0
2025-11-20,489.60385435710714,490.45844852333465,472.50235794747454,475.41387939453125,26802500.0
2025-11-21,475.4834301610789,475.9007957312625,465.3179114267742,469.1436462402344,31769200.0
2025-11-24,472.0055061050608,473.89352206444323,465.0694984877541,471.0118103027344,34421000.0
2025-11-25,471.08139630740516,476.12935785467323,461.95927573241335,473.98297119140625,28019800.0
2025-11-26,483.244222260298,485.23161394332453,478.1664510662567,482.4393310546875,25709100.0
2025-11-28,484.5260924315005,489.5243812398697,483.5820692635899,488.9082946777344,14386700.0
2025-12-01,485.3608038657598,486.77183499200703,481.59468809959253,483.6715087890625,23964000.0
2025-12-02,483.6516286444489,490.38888506208144,483.2541563831954,486.91094970703125,19562700.0
2025-12-03,473.31720798581483,481.18726202656165,472.20427350128017,474.71832275390625,34615100.0
2025-12-04,476.7355376297969,478.28570075231454,473.48613274494215,477.8087158203125,22318200.0
2025-12-05,479.4781253050461,480.35258253184975,475.86108806940297,480.1141052246094,22608700.0
2025-12-08,481.8331697469475,489.19642891935564,481.3263751862239,487.92449951171875,21965900.0
2025-12-09,486.016607703579,489.01755801519323,485.42038417588924,488.9181823730469,14696100.0
2025-12-10,480.97857754952304,481.19719183884354,472.084987996716,475.5430603027344,35756200.0
2025-12-11,473.6252734590456,482.96600869209163,472.86010822118624,480.4221496582031,24669200.0
2025-12-12,476.79515128743174,479.4085762318817,473.3370788032073,475.5132751464844,21248100.0
2025-12-15,477.0733420562278,477.6894285774835,469.5411111878212,471.8266296386719,23727700.0
2025-12-16,468.9350114671635,474.87732355778707,467.911505956298,473.38677978515625,20705600.0
2025-12-17,473.903466892556,476.9739832708393,472.0055042784347,473.1184387207031,24527200.0
2025-12-18,475.1754171439269,486.51349034093164,474.87732052138307,480.9289245605469,28573500.0
2025-12-19,484.2875835443981,484.7745151206103,479.44828972039977,482.856689453125,70836100.0
2025-12-22,483.05539282771,485.6489546100234,479.6470235443271,481.86297607421875,16963000.0
2025-12-23,481.922585996358,484.75459468390824,481.6840783901604,483.7807922363281,14683600.0
2025-12-24,482.6181454723109,486.0762176057581,481.77349801821515,484.9433898925781,5855900.0
2025-12-26,483.64168016456847,485.0427948985028,482.8964083055729,484.6353759765625,8842200.0
2025-12-29,481.80333660098637,485.27135560420123,481.1276307272214,484.02923583984375,10893400.0
2025-12-30,482.8666136001516,486.5929730105466,482.43933166580535,484.4068603515625,13944500.0
2025-12-31,484.76453377627826,485.0626606980731,480.25314655477007,480.5711364746094,15601600.0
2026-01-02,481.3363251826272,481.6046121327098,467.1960229709088,469.95849609375,25571600.0
2026-01-05,471.0714124582114,473.0687506521617,466.54016219074447,469.8690490722656,25250300.0
2026-01-06,470.81304872472026,475.7219083069673,466.78859294331005,475.4933776855469,23037700.0
2026-01-07,476.73554642416184,486.61288592496,474.9369593023546,480.4221496582031,25564200.0
2026-01-08,478.20618966596595,479.6172511411785,472.86010104573086,475.0959167480469,18162600.0
2026-01-09,471.07145138115897,476.7951491709672,469.2231916595613,476.258544921875,18491000.0
2026-01-12,473.6649886945649,477.95773148860775,472.68120923483104,474.1717529296875,23519900.0
2026-01-13,471.68755017526297,472.78062170166186,463.01260460367837,467.7028503417969,28545800.0
2026-01-14,463.51936213123724,465.24841354789686,454.2879494306214,456.4840087890625,28184300.0
2026-01-15,461.1940901109254,461.32327541703046,453.02590941718984,453.7811279296875,23225800.0
2026-01-16,454.9437362325269,460.26996150673693,453.60227115836847,456.9609375,34246700.0
2026-01-20,448.37541805572727,453.92022725149957,446.44764578645413,451.65460205078125,26130000.0
2026-01-21,449.74673993987386,449.836168925793,435.9144806057656,441.31024169921875,37980500.0
2026-01-22,444.79810039972057,449.9851935867555,441.89652570286836,448.2959289550781,25349400.0
2026-01-23,449.02131930234236,468.1301005814363,447.6897705604439,463.0125732421875,38000200.0
2026-01-26,462.3766075757791,471.2602507862521,459.0874767807031,467.3152770996094,29291200.0
2026-01-27,470.7137217228436,479.82589540353166,470.17711748937944,477.5503234863281,29213900.0
2026-01-28,480.16374552458444,480.69040309270366,474.9865988275796,478.5937194824219,36875400.0
2026-01-29,437.21619626544543,439.71038237575016,418.365786117595,430.7671203613281,128855300.0
2026-01-30,436.4014165119217,436.8286984461687,423.7616041817895,427.577392578125,58566800.0
2026-02-02,427.5276741085398,428.02452201181774,419.58805431821895,420.70098876953125,42219900.0
2026-02-03,419.3496095186449,419.3893355198486,405.98438775489564,408.61767578125,61424100.0
2026-02-04,408.40896545860215,417.15347618992746,406.66005118226167,411.578857421875,45012400.0
2026-02-05,404.87141244319446,405.72597626088844,389.84673704915224,391.188232421875,66289200.0
2026-02-06,396.6535630940219,399.25704122003975,390.4429643868461,398.61114501953125,53515300.0
2026-02-09,402.2977759502542,412.2744908996196,398.3428555009064,410.99261474609375,45480500.0
2026-02-10,416.97464756162884,421.0090502850332,410.0982892644293,410.6646728515625,44857900.0
2026-02-11,413.5563153661985,413.8345489802859,398.4819668946231,401.8207702636719,42491000.0
2026-02-12,402.44681466699853,403.6392618034954,395.50089045865866,399.3067321777344,40802400.0
2026-02-13,401.900312028468,402.98343690196634,395.54063411681335,398.7900390625,34091600.0
2026-02-17,396.70323107498865,397.99502346077054,392.0427954340728,394.35809326171875,32078800.0
2026-02-18,395.62013745533494,400.02220283554806,393.82155037537984,397.08087158203125,23223400.0
2026-02-19,399.07278661262325,402.7976819572589,395.0690225854118,396.8517761230469,28234000.0
2026-02-20,394.51123443489973,398.5050592846536,393.56508699389525,395.6267395019531,34015200.0
2026-02-23,393.405742102137,393.7642745182822,381.55377772275136,382.9182434082031,43238300.0
2026-02-24,382.5895619940176,387.78846403174964,380.1693467763097,387.429931640625,33884700.0
2026-02-25,388.95376053046306,399.84960746436826,388.5852587696308,398.9831237792969,43625500.0
2026-02-26,403.0765245044552,405.8453028142193,397.1306190557743,400.0986022949219,34405900.0
2026-02-27,389.30236795593413,395.2183958601928,388.30640407164015,391.15484619140625,51367200.0
2026-03-02,391.2743390590049,399.57073485574693,389.0533591512552,396.9413757324219,35474900.0
2026-03-03,391.5532542396072,405.05852201627056,391.0851500003899,402.2996826171875,38199200.0
2026-03-04,399.6504140582061,409.3710312257941,398.69429724653685,403.5645751953125,35808000.0
2026-03-05,402.78771732924594,409.9486695143622,402.7677785996419,409.0224304199219,39001300.0
2026-03-06,407.54843921074234,411.38287590243635,406.8612216895844,407.30938720703125,31123900.0
2026-03-09,403.2857003455267,408.55432729115563,401.8714182880504,407.757568359375,30131900.0
2026-03-10,408.37506928692744,408.5443965203919,401.30371964643086,404.122314453125,31706400.0
2026-03-11,403.9330670994013,407.35918518479474,399.96912002302975,403.245849609375,25512100.0
2026-03-12,402.9968458288957,404.4808221962511,400.0886180975,400.2380065917969,27263900.0
2026-03-13,399.3815063856616,403.16615688192843,392.65875035547907,393.9534912109375,26848000.0
2026-03-16,396.4633374914087,399.01300251860397,393.1965772756644,398.33575439453125,27733700.0
2026-03-17,398.6544574759768,402.7677932271478,396.1446394015159,397.7979431152344,26228300.0
2026-03-18,395.5271224277118,396.3936061005556,389.42185925959103,390.20867919921875,25908500.0
2026-03-19,388.52551763585893,390.90585551603124,385.4977789148814,387.4498596191406,25138800.0
2026-03-20,385.2288602760525,385.43800417098345,378.58576812261686,380.3287048339844,50853200.0
2026-03-23,382.3505545919761,385.64719283721575,380.1395134056624,381.4541931152344,29680100.0
2026-03-24,380.8167328036651,380.9263046350485,370.34917314154325,371.2355651855469,42733600.0
2026-03-25,375.39872248264555,375.5381416220395,368.13813722010167,369.5424499511719,31181200.0
2026-03-26,369.32332012922615,373.2075730440749,363.7160388213271,364.4928894042969,36836600.0
2026-03-27,360.43934753557875,360.9871459448897,355.07111764854045,355.3300476074219,37883400.0
2026-03-30,360.43933630538186,363.88536295562653,354.84202394218255,357.5111999511719,44797000.0
2026-03-31,363.07862179545566,371.3949263066763,361.6046146993887,368.67596435546875,45244400.0
2026-04-01,371.98254731341393,372.48052926345224,366.7139201659809,367.8791809082031,29417200.0
2026-04-02,365.7278929006101,372.1319638369453,362.680245817395,371.9526672363281,24099100.0
2026-04-06,371.9825539180967,372.22160592655575,368.0086676124431,371.3750305175781,16146600.0
2026-04-07,368.8452727581139,370.9467724245638,365.080530373921,370.78741455078125,21443300.0
2026-04-08,383.4261612830284,383.44606961738685,369.91092498913014,372.8191223144531,33064800.0
2026-04-09,370.9965328148009,371.9924966612836,365.5685176937085,371.5642395019531,30435300.0
2026-04-10,371.47460743717505,374.1238749235223,368.5365019241105,369.37310791015625,28111100.0
2026-04-13,372.10205289266787,382.98796126737693,369.5225100750242,382.8186340332031,35745800.0
2026-04-14,386.3543213772784,393.09698589720546,384.95994763093,391.5233459472656,37504500.0
2026-04-15,396.3936283702306,412.69755239260473,395.1287651714373,409.5602722167969,45063400.0
2026-04-16,418.16537187855886,419.12151906860663,410.4765600541581,418.56378173828125,41642400.0
2026-04-17,423.10539315661504,429.83808848207923,418.99205736838906,421.0835876464844,48568200.0
2026-04-20,419.4501847919345,421.6213787702164,414.6197538627068,416.38262939453125,27582200.0
2026-04-21,418.5438369146158,425.45582843737157,415.516128706763,422.4480285644531,32048500.0
2026-04-22,424.4698510786937,431.9495495900464,421.9600330275293,431.1726989746094,29378200.0
2026-04-23,418.19529609754903,421.9500690544079,409.7495112929088,414.0719909667969,38308000.0
2026-04-24,415.28707116170386,423.23487407473965,414.12178001797366,422.90618896484375,27457400.0
2026-04-27,420.6752229306716,425.38611256831246,415.3866572294081,423.1053771972656,30867300.0
2026-04-28,422.8563830057505,428.1847957314844,420.197146128082,427.5174865722656,30438100.0
2026-04-29,422.8663369761165,425.0973167681131,418.59367375245296,422.746826171875,38288300.0
2026-04-30,409.15192465494977,412.74737011555624,396.4035989759817,406.1341552734375,70909400.0
2026-05-01,411.1338775963461,415.4264794885345,408.7834174283456,412.76727294921875,31372400.0
2026-05-04,409.87897009526375,419.0816663151199,409.14193618030583,411.9505615234375,28066500.0
2026-05-05,413.6437044066962,415.09780308537887,407.1500007946646,409.7196044921875,25700900.0
2026-05-06,406.3532485673598,416.73120520087787,403.4748984673602,412.2891845703125,30285900.0
2026-05-07,418.41437649189606,426.25263786097554,417.06984955189336,419.07171630859375,34942400.0
2026-05-08,415.70537649227293,416.9403619714099,412.32904436576047,413.44451904296875,33383800.0
2026-05-11,406.22377045102496,411.02432350049145,403.86334099070683,410.99444580078125,35657900.0
2026-05-12,412.8071154720842,413.8229876767416,404.9987623844293,406.1241760253906,38594200.0
2026-05-13,401.57265715241186,404.6700902960666,399.41140211310335,403.57452392578125,29667100.0
2026-05-14,402.8474630718804,410.17774231087935,399.2619871856725,407.7774658203125,27077500.0
2026-05-15,412.5979239362014,426.4418454559798,411.2434277199191,420.2170715332031,50771200.0
2026-05-18,414.93848271907115,423.40417602339767,413.9325494355234,421.83056640625,32564100.0
2026-05-19,428.16486989475214,430.9535870211983,414.808990493047,415.7352600097656,33018700.0
2026-05-20,412.49835957243755,420.3963455784958,409.63991780241736,419.36053466796875,27864000.0
2026-05-21,423.9518891931334,425.5388979071037,414.92886694253497,418.3025207519531,31393500.0
2026-05-22,418.7517174636334,423.60257118762803,415.54772693408205,417.7835388183594,22390300.0
2026-05-26,415.6475333356961,418.9812539216563,412.24393696715845,415.248291015625,30398000.0
2026-05-27,410.23773822181624,415.15846763645,408.8104019854481,411.8946228027344,28901500.0
2026-05-28,412.2040283766931,428.68298564682067,411.89461329838434,426.18768310546875,47250500.0
2026-05-29,431.7372486144539,449.48383969057267,431.54760317786213,449.3940124511719,79654400.0
2026-06-01,463.96658383705716,465.4438139523178,457.40892124774234,459.6546936035156,53628900.0
2026-06-02,446.0403151791343,452.64787129328397,439.6024225764256,440.48077392578125,37036800.0
2026-06-03,437.62618910935214,439.56254639446627,423.45285793258154,426.53704833984375,39037000.0
2026-06-04,434.9911260035114,435.33048350032107,425.60879436274143,427.2456970214844,26899500.0
2026-06-05,427.5351398188391,428.66302140752947,413.6213308264138,415.8870849609375,34782200.0
2026-06-08,413.3618539280056,416.37616844333525,407.79232157753756,410.9663391113281,32086700.0
2026-06-09,408.26144336727174,411.20591258759293,397.7312786929967,402.6520080566406,35317300.0
2026-06-10,397.80110870103243,404.2789346443135,396.41373636313654,396.61334228515625,32576000.0
2026-06-11,394.46741202742857,396.1043451719433,383.278483574852,389.6065673828125,47224100.0
2026-06-12,390.6945042817559,391.003919361718,381.55171206615995,390.00579833984375,34865800.0
2026-06-15,396.05442037645633,400.99513175706005,392.11186050588947,399.0088806152344,32266400.0
2026-06-16,395.0463355104342,396.094350419825,389.9559121071713,393.0899963378906,31506800.0
2026-06-17,389.51671695343225,389.6364865987809,376.6110198431126,378.1980285644531,41987800.0
2026-06-18,377.11008548581106,380.6534028700893,372.5786075934489,378.6871032714844,59714200.0
2026-06-22,375.0339909424311,380.9129385065033,366.3802985575179,366.6497802734375,45171100.0
2026-06-23,371.6802994138851,376.51120135394876,369.9735210485466,373.23736572265625,40647600.0
2026-06-24,370.87185096853153,378.16811350773463,364.09460041679364,364.7733154296875,44509900.0
2026-06-25,362.0883479855026,363.5456265920902,348.54386902384044,352.1670227050781,66179000.0
2026-06-26,356.4789138154501,375.90234020580533,354.762144454129,372.2691955566406,186201600.0
2026-06-29,376.790685328561,379.7850483907747,359.2237492715265,367.8774719238281,51229900.0
2026-06-30,370.3328407149792,373.44697342275583,366.7595808670141,372.319091796875,44945700.0
2026-07-01,380.1144231011508,388.09939143880604,374.18561213385976,383.5579528808594,48065800.0
2026-07-02,383.7575696594082,391.4630649298244,382.97903650468743,389.7562561035156,42128900.0
2026-07-06,386.31276024010407,388.418780928489,380.5036887115837,386.0133056640625,34224500.0
2026-07-07,391.75251064257776,394.8267404517197,387.4905448392632,388.109375,29297500.0
2026-07-08,383.3084264217563,384.58602015004215,380.6134873969759,382.6197204589844,25908300.0
2026-07-09,373.74643420118315,383.92725049460796,372.64849496928053,383.6377868652344,31083200.0
2026-07-10,387.07131223677504,391.1736053926777,380.783162110783,384.37640380859375,24644600.0
2026-07-13,387.02143811329415,392.91034623109437,383.4281962321871,390.2553405761719,28914900.0
2026-07-14,382.1007052927433,387.46061042423804,377.93852713765,384.20672607421875,27863900.0
2026-07-15,387.07132248997675,398.2103568181361,385.6739591427675,394.8866271972656,36253700.0
2026-07-16,397.56157784187184,405.2271399033625,391.31333055964967,400.3463439941406,37047400.0
2026-07-17,394.1180409920291,397.64143734197864,388.6583483977542,393.08001708984375,33049800.0
2026-07-20,390.67455694621333,402.4224305318551,388.91785418191677,401.53411865234375,27915800.0
2026-07-21,398.0606303262699,400.7156358198418,395.57531880381754,397.00262451171875,24126600.0
2026-07-22,398.8291961465565,400.246541441447,386.2329133568751,389.6065673828125,28142500.0
2026-07-23,389.23725659651495,391.04385321150613,376.68090752842744,380.8630065917969,30351800.0
2026-07-24,386.32274187573427,388.29903252889795,379.9347732203772,380.9828186035156,27659400.0
2026-07-27,389.3470355932277,393.45931979821836,387.2609663085435,388.368896484375,27856200.0
2026-07-28,392.4212554523594,399.56780545733704,390.5647345556998,392.61090087890625,32367500.0
2026-07-29,392.6607942930367,400.4960502148319,388.00954678983055,389.8061828613281,47209000.0
2026-07-30,437.07720086969465,457.8281459885008,431.6274684759506,450.2524108886719,110160700.0
2026-07-31,449.1544591210436,465.962813447145,448.4857046349594,463.8468017578125,60846000.0
2026-08-03,475.2353605631651,490.7261876465455,474.10747895013026,486.73370361328125,66762100.0
2026-08-04,479.99640781848416,498.50158065157444,478.2696778930625,491.884033203125,50455500.0
2026-08-05,495.42733843271316,497.3038108374591,484.7674131728324,486.5440673828125,33388900.0
2026-08-06,487.6319998350186,500.61756372489685,487.60205742358346,498.9207458496094,36441500.0
2026-08-07,498.2719734340298,504.23075699317457,497.79289485093346,499.0505065917969,28846200.0
2026-08-10,502.4940586092805,512.7647021753171,501.32624359045303,505.109130859375,31206100.0
2026-08-11,503.3823542433026,504.38047525067043,498.61133704649393,502.86334228515625,23049800.0
2026-08-12,499.0505227551261,500.557695253814,490.59643643442394,491.5047302246094,29001500.0
2026-08-13,492.34314786956145,500.3979918654044,492.0836571155829,495.9463806152344,23039000.0
2026-08-14,495.42733437790497,499.07050046550256,492.991947114923,494.4691467285156,16217600.0
2026-08-17,489.21906226283284,491.73431632358415,477.51109147171053,479.44744873046875,29635800.0
2026-08-18,480.6352093836093,483.36006030134655,476.2534434403709,480.72503662109375,24087600.0
2026-08-19,479.16797047398614,488.3806080919379,478.4592826108848,483.3999938964844,19961900.0
2026-08-20,483.29998779296875,484.1600036621094,479.5,481.1499938964844,20020800.0
2026-08-21,479.8800048828125,486.3599853515625,478.5299987792969,483.239990234375,22510800.0
2026-08-24,483.2099914550781,490.6099853515625,481.8599853515625,487.30999755859375,17230800.0
2026-08-25,485.44000244140625,492.44000244140625,484.29998779296875,491.7099914550781,19519000.0
2026-08-26,487.8500061035156,497.3999938964844,487.30999755859375,496.3699951171875,20758900.0
2026-08-27,494.8800048828125,506.4800109863281,490.0799865722656,505.05999755859375,28688800.0
2026-08-28,505.3299865722656,517.780029296875,504.8699951171875,513.530029296875,29207300.0
2026-08-31,510.3800048828125,512.1900024414062,506.3900146484375,507.2900085449219,27208900.0
2026-09-01,497.5199890136719,505.9700012207031,496.7799987792969,501.0199890136719,21046900.0
2026-09-02,499.8500061035156,500.2699890136719,493.80999755859375,496.82000732421875,15336100.0
2026-09-03,501.6600036621094,515.6500244140625,500.79998779296875,510.1199951171875,24125900.0
2026-09-04,510.0,511.0,499.3599853515625,499.70001220703125,18101800.0
2026-09-08,493.010009765625,495.19000244140625,490.1499938964844,493.95001220703125,18882300.0
2026-09-09,493.07000732421875,494.3900146484375,489.79998779296875,491.6499938964844,12889600.0
2026-09-10,488.32000732421875,494.5199890136719,486.0,492.44000244140625,16038800.0
2026-09-11,495.6499938964844,498.9700012207031,492.5799865722656,495.6300048828125,14510500.0
2026-09-14,497.05999755859375,509.95001220703125,495.3399963378906,505.4100036621094,23091900.0
2026-09-15,500.05999755859375,505.8999938964844,495.5400085449219,497.1199951171875,17794600.0
2026-09-16,493.0299987792969,495.9700012207031,487.2300109863281,490.29998779296875,16670300.0
2026-09-17,497.79998779296875,501.4700012207031,493.1700134277344,497.75,17841600.0
2026-09-18,497.9700012207031,498.6499938964844,491.1000061035156,493.7799987792969,39622300.0
2026-09-21,494.95001220703125,501.8699951171875,491.3299865722656,501.6099853515625,27959900.0
2026-09-22,507.32000732421875,508.5,493.6499938964844,498.0,21652800.0
2026-09-23,500.760009765625,509.44000244140625,495.8800048828125,500.5899963378906,19445600.0
2026-09-24,495.07000732421875,498.8999938964844,491.2200012207031,497.92999267578125,16657600.0
2026-09-25,499.0400085449219,519.4000244140625,497.25,516.1699829101562,38193100.0
2026-09-28,505.4700012207031,513.3300170898438,502.2200012207031,509.2200012207031,19626900.0
2026-09-29,508.30999755859375,513.6400146484375,502.3999938964844,508.9599914550781,21341800.0
2026-09-30,511.6099853515625,519.8300170898438,510.30999755859375,512.9000244140625,27223300.0
2026-10-01,519.8800048828125,522.8499755859375,512.1699829101562,512.7999877929688,19731900.0
2026-10-02,519.3900146484375,522.5,513.6599731445312,517.530029296875,17822300.0
2026-10-05,521.6199951171875,532.3499755859375,521.469970703125,525.1799926757812,26604800.0
2026-10-06,531.6799926757812,535.6900024414062,528.780029296875,529.2999877929688,21107500.0
2026-10-07,530.72998046875,531.72998046875,524.6900024414062,529.760009765625,16790200.0
2026-10-08,529.8099975585938,533.510009765625,518.7899780273438,522.6099853515625,20228700.0
2026-10-09,528.239990234375,537.219970703125,526.239990234375,535.0700073242188,18483600.0
