date,open,high,low,close,volume
2014-01-02,79.12774953920464,79.15486245538904,78.64872940329084,78.87467956542969,29177500.0
2014-01-03,78.87470522179068,78.94701095210313,78.28724012550043,78.30531311035156,35723700.0
2014-01-06,78.32337861336458,78.41375731193796,77.72686679096546,78.01608276367188,32073100.0
2014-01-07,78.37754565908314,78.85655860810142,78.23293433348269,78.73906707763672,25860600.0
2014-01-08,78.75719080522343,79.12775239431869,78.58546646925714,78.91083526611328,27197400.0
2014-01-09,79.20006939895062,79.20910933856513,78.3776141758224,78.64875030517578,23674700.0
2014-01-10,78.83851342142265,78.99215783742903,78.25104177118939,78.90177917480469,38008900.0
2014-01-13,78.7933073871923,79.06445022490168,77.43760698954306,77.7358627319336,48842300.0
2014-01-14,77.99800246414667,79.28139779165383,77.99800246414667,79.21813201904297,37178900.0
2014-01-15,79.56157776003334,80.02251806654425,79.48023900353563,79.8688735961914,39835600.0
2014-01-16,79.80559273579034,79.99539002719577,79.67906120818674,79.87789154052734,31630100.0
2014-01-17,79.63387204668756,79.86886213527019,79.23619757300177,79.42599487304688,36895800.0
2014-01-21,79.93212892669072,80.06769350313844,79.36273012380424,80.03154754638672,26412700.0
2014-01-22,80.23938751220703,80.43822467647688,80.00439750939276,80.23938751220703,29376900.0
2014-01-23,79.99540515516323,80.00443819780665,79.40793329707734,79.96829223632812,35011900.0
2014-01-24,79.57962061557227,79.69711217434016,78.36852460598746,78.39563751220703,63974600.0
2014-01-27,78.39567152408787,78.5312430094525,77.04901039915765,77.63648223876953,63519300.0
2014-01-28,77.2749188604768,77.67259316408008,77.10319461202113,77.59124755859375,44378800.0
2014-01-29,76.92245761282344,77.49184941959949,76.6061288312812,76.75977325439453,51939300.0
2014-01-30,77.69973588699604,78.44989201288827,77.61839025029091,78.17874908447266,65833600.0
2014-01-31,77.31106260273528,78.3413941813756,77.22971700681754,77.97083282470703,45187000.0
2014-02-03,77.82627526016186,78.17875696536377,75.98252108924704,76.18135833740234,65596900.0
2014-02-04,76.5699673150562,77.04898040078625,76.3349772916124,76.74169158935547,37675500.0
2014-02-05,76.48862922283864,76.81399793486544,75.684247377953,76.54286193847656,41721800.0
2014-02-06,76.76882504794028,77.61839292167654,76.7507451745164,77.51897430419922,32308600.0
2014-02-07,77.95278597862406,78.95600499328931,77.72683587433819,78.90177917480469,38359400.0
2014-02-10,78.87466343373656,79.3898294222317,78.82043761245822,79.35368347167969,30205400.0
2014-02-11,79.52541648656256,80.41114414891615,79.43503780153506,80.25749969482422,38635500.0
2014-02-12,80.42019563912052,80.591913096706,80.16712563105543,80.4111557006836,32507200.0
2014-02-13,79.82367560113885,81.0709180543536,79.80560262157861,81.00765228271484,40454500.0
2014-02-14,80.98053655397827,81.3510981288906,80.73651341340192,81.17033386230469,33212400.0
2014-02-18,81.30591301254636,81.72166052175727,81.1070757482602,81.5680160522461,29546600.0
2014-02-19,81.41436672506562,81.60416403998187,80.84496788486493,81.00765228271484,41749900.0
2014-02-20,81.06186881812897,81.54088197847757,80.71842021602954,81.38723754882812,41814800.0
2014-02-21,81.64937867529216,81.76687721787226,81.17940519133484,81.27882385253906,31192200.0
2014-02-24,81.46857833550696,82.0831629650332,81.3781996625812,81.71260833740234,31500400.0
2014-02-25,81.83010770318533,81.99279208810027,81.36012752656379,81.62223052978516,26771700.0
2014-02-26,81.83914265833958,82.10123875015549,81.22455800778816,81.5499267578125,42953700.0
2014-02-27,81.56172835968796,82.16070928206038,81.4346715905764,82.07903289794922,28742400.0
2014-02-28,82.06090237675063,82.55098159937624,81.26225860140336,81.98829650878906,48609800.0
2014-03-03,81.21683596176447,81.59801310827291,80.65415808790458,81.38019561767578,38885700.0
2014-03-04,82.26960543426657,82.56909931155793,82.18792213860822,82.41481018066406,33189000.0
2014-03-05,82.55096977290052,82.78693534793221,82.37853259221477,82.6417236328125,27203300.0
2014-03-06,82.83229876966077,82.89582715630178,82.2696207520046,82.5691146850586,24063900.0
2014-03-07,82.83229230477747,82.91397560926919,81.74323235476606,82.16070556640625,31167800.0
2014-03-10,82.11530473395001,82.27866436440233,81.70690219578323,82.23328399658203,18131700.0
2014-03-11,82.43296375175476,82.64169686954716,81.63431342538816,81.87935638427734,27484300.0
2014-03-12,81.507263077627,82.23330762695446,81.20777610579786,82.18792724609375,27977200.0
2014-03-13,82.49652075551316,82.52374622171077,80.65419035266655,81.02628326416016,48542000.0
2014-03-14,80.76305737883533,81.11700213487528,80.43633807724879,80.47264099121094,38732300.0
2014-03-17,80.98994924848544,81.59801443116925,80.94457579693024,81.18053436279297,28467200.0
2014-03-18,81.2803787601778,82.26053686963263,81.25315330003866,82.16070556640625,31250200.0
2014-03-19,82.18794287672013,82.27870365570256,81.18055916187768,81.71601867675781,40869400.0
2014-03-20,81.46188480974874,82.18792239212284,81.2985251420017,81.94288635253906,31634500.0
2014-03-21,82.4122507681369,82.45773491946186,80.80221313387784,80.95684814453125,62754000.0
2014-03-24,81.24796480326549,81.3116384794942,79.51057910050461,80.24737548828125,77735300.0
2014-03-25,80.66578922687852,81.18427676729175,79.83802464240864,80.51115417480469,41723300.0
2014-03-26,80.91134991905109,81.09327955279794,79.46504576526978,79.4741439819336,40930400.0
2014-03-27,79.36502241266437,79.71977668544802,78.59184020121049,79.02845764160156,64784500.0
2014-03-28,79.2831345292165,80.0563164996375,78.96475935912528,79.18307495117188,39895100.0
2014-03-31,79.80162216305632,80.28372361881772,79.70156258470128,79.74703979492188,33924300.0
2014-04-01,80.13819332330253,81.2024559915748,79.78343910054512,81.14788055419922,38683800.0
2014-04-02,81.49356296626658,81.5754330887689,80.99327176841368,81.35712432861328,34631600.0
2014-04-03,81.43898662471608,81.57543220079447,80.24737626944601,80.71128845214844,30319100.0
2014-04-04,81.24792775929264,81.32979784277919,78.35531204106373,78.56452941894531,131213200.0
2014-04-07,78.07334392707135,78.80104189302494,77.2728671426416,77.81864929199219,83995800.0
2014-04-08,77.90961592327791,78.6464121587078,77.63672483020304,78.5372543334961,51495700.0
2014-04-09,78.82832716220629,79.92897566977709,78.61910977122325,79.88349151611328,45685200.0
2014-04-10,79.93806519202553,79.93806519202553,77.19099309281981,77.4093017578125,73659600.0
2014-04-11,76.7179995544257,77.71859561114456,76.32686629213775,76.5087890625,93657400.0
2014-04-14,77.18188746189706,77.51845211553106,76.39960730256905,77.10911560058594,46500700.0
2014-04-15,77.39111828416576,77.80954614959673,75.75378581951598,77.36383056640625,84631500.0
2014-04-16,78.03696175316774,78.39171600341797,77.40021819483783,78.39171600341797,46970900.0
2014-04-17,78.09152097809391,78.8010293312561,77.89140181388771,78.4098892211914,53719500.0
2014-04-21,78.59181878293141,78.99205017089844,78.22796638849188,78.99205017089844,25947900.0
2014-04-22,79.26495098032653,79.81982438882038,79.12850544809054,79.61970520019531,38593400.0
2014-04-23,79.61968340501349,79.64697111600931,78.87378923153437,78.91927337646484,34376700.0
2014-04-24,80.22005269027554,80.2382421869986,78.81922548575476,79.67427062988281,48926300.0
2014-04-25,79.20126466960785,79.29222602992921,78.20977404426321,78.40079498291016,44334000.0
2014-04-28,78.77373613120464,79.23764807593493,77.41839316787059,78.65548706054688,58623800.0
2014-04-29,78.89202473360955,79.42870182204511,78.50997577075502,79.28316497802734,36742700.0
2014-04-30,78.9192924574944,79.57422543936778,78.71917327526553,79.49235534667969,38689400.0
2014-05-01,79.61969352060157,80.18366506582304,79.41957436133244,79.72885131835938,37127200.0
2014-05-02,80.00172549253641,80.14726920485067,79.39227681200936,79.58329772949219,40074200.0
2014-05-05,79.11029330883215,80.01992067687226,78.91927239433247,80.00172424316406,27924400.0
2014-05-06,79.87441046436125,79.91989462780072,78.92839677207397,78.96478271484375,33698500.0
2014-05-07,79.12849821530158,79.210368303123,77.80044283207282,78.73735809326172,67489100.0
2014-05-08,78.4553791596321,79.61970135735503,78.27345641870329,78.66459655761719,46556900.0
2014-05-09,78.61910852973547,79.0102486493822,78.09152289115943,78.95567321777344,35081500.0
2014-05-12,79.42868993536,80.28374218819876,79.3559180542868,80.25645446777344,38951100.0
2014-05-13,80.32917887101756,80.60206981737406,80.15635441556982,80.31098937988281,30311900.0
2014-05-14,80.06541790780854,80.36559667992188,79.70157242150998,79.89259338378906,26483600.0
2014-05-15,79.87439479089534,80.01084031453055,78.75555676488341,79.26494598388672,59680300.0
2014-05-16,79.35590594565124,79.82891616054356,78.81013080069722,79.78343200683594,66804100.0
2014-05-19,79.54694683107326,80.46567283488943,79.41050821557862,80.33832550048828,32017000.0
2014-05-20,80.30190525336234,80.59298574192375,79.7197442762395,80.04721069335938,33716000.0
2014-05-21,80.19280001448274,80.85682450357343,80.14731584294054,80.81134033203125,36837700.0
2014-05-22,80.90227620947806,81.39347591739515,80.77492890815593,81.16606903076172,30617100.0
2014-05-23,81.24792741394053,81.77551302556716,81.06600469126577,81.75731658935547,22687300.0
2014-05-27,82.12118997392092,82.79431254783093,82.04841809027961,82.776123046875,29725200.0
2014-05-28,82.7488455582014,82.86709467880958,82.45776492755,82.52143859863281,30468100.0
2014-05-29,82.81249087154085,83.05808725021433,82.64875763912276,83.04899597167969,33036100.0
2014-05-30,83.06718842872706,83.18543751305661,82.62147286789221,83.05809020996094,29906400.0
2014-06-02,83.15815718808253,83.17635362723216,82.44864873922636,82.97623443603516,30409900.0
2014-06-03,82.703329504783,83.07628010584428,82.5941786478144,82.93983459472656,21774500.0
2014-06-04,82.73064269901411,83.38557580216465,82.60329536672475,83.24913024902344,20118300.0
2014-06-05,83.32189386635972,84.10417422415864,83.03991150712118,83.94953918457031,35583100.0
2014-06-06,84.25879391820166,84.43162536621094,84.09506068848421,84.43162536621094,22680600.0
2014-06-09,84.44980594632028,84.57716016923806,84.14053595612313,84.3679428100586,23399500.0
2014-06-10,84.29520362597454,84.55899651158063,84.19514401626502,84.51351928710938,20626000.0
2014-06-11,84.22240925934142,84.61354937292339,84.14054611319757,84.49530029296875,22878200.0
2014-06-12,84.31338517376136,84.40434654654469,83.44014350320721,83.7312240600586,35275900.0
2014-06-13,84.09507099206766,84.18603930631753,83.61296946213865,83.97682189941406,39447100.0
2014-06-16,83.83130521382532,84.29521041631085,83.64937548155774,84.04961395263672,25212300.0
2014-06-17,83.98589615496752,84.32245383799253,83.84945066243299,84.09504699707031,19977900.0
2014-06-18,84.17694454514056,84.6863338143085,83.66755527597263,84.56808471679688,34514000.0
2014-06-19,84.69544206481261,84.75001751014176,84.13147035007798,84.51351928710938,38422200.0
2014-06-20,84.54905503113973,84.70411252922653,84.3940044916087,84.61289978027344,25897500.0
2014-06-23,84.60378824937766,84.6585103346067,84.37577028284849,84.63114929199219,20837900.0
2014-06-24,84.62203206026001,85.34256971579948,84.30280827832647,84.54906463623047,31945800.0
2014-06-25,84.35752841441058,85.23311660682779,84.34841270553531,85.08718872070312,32818600.0
2014-06-26,85.14190464919363,85.15102731596538,84.47609610452953,85.13278198242188,22563900.0
2014-06-27,85.02333219735324,85.52496749975904,84.9959711574018,85.50672912597656,22877800.0
2014-06-30,85.48849860062852,85.86244444522144,85.4337695571457,85.65267181396484,19751900.0
2014-07-01,85.95365516569699,86.82012765851326,85.91717145413621,86.59210968017578,31862500.0
2014-07-02,86.64685417434988,86.86574954176245,86.56477102102951,86.7380599975586,18777300.0
2014-07-03,87.02079119828831,87.28528594970703,86.78365053442094,87.28528594970703,15291700.0
2014-07-07,87.184956374676,87.29440751628515,86.8566168669624,87.02079010009766,23266400.0
2014-07-08,86.85661952168569,86.92046428326984,85.61620104643036,85.97190856933594,40612400.0
2014-07-09,86.19994474802267,86.71070294841113,85.95368135957926,86.6103744506836,29919000.0
2014-07-10,85.49761195009424,86.69243078695834,85.39728349145933,86.33672332763672,44245300.0
2014-07-11,86.55562713542115,86.8930892944336,86.2911254419573,86.8930892944336,19566300.0
2014-07-14,87.28528198151014,87.61362843699692,87.13935408938083,87.41297149658203,19579000.0
2014-07-15,87.54977484369124,87.67746434587634,86.49177511722085,87.11198425292969,39467500.0
2014-07-16,87.7413047908981,87.83251753817329,87.36735896958122,87.45856475830078,22052600.0
2014-07-17,87.2214425281652,87.53155062545316,86.02663043937956,86.30025482177734,43111500.0
2014-07-18,86.74716323637355,87.7139572712322,86.64683476574973,87.6683578491211,36682200.0
2014-07-21,87.4859467526961,87.70484904831878,87.14848455775306,87.55891418457031,29750700.0
2014-07-22,87.96933005165609,88.25207706630349,87.87812425535792,88.11526489257812,25770400.0
2014-07-23,88.42539245537327,88.78110003838052,88.26121918948083,88.68077850341797,28947500.0
2014-07-24,88.83580810628533,88.93613657609721,88.45273956257999,88.58042907714844,24707200.0
2014-07-25,88.12438151896069,88.35239947335387,87.76867406679176,88.23382568359375,29898900.0
2014-07-28,88.32505234454057,88.48922558883946,87.57715355574726,88.2612075805664,25603400.0
2014-07-29,88.45272423700709,88.653374183309,88.03316509491147,88.10613250732422,27022200.0
2014-07-30,88.59867142837322,88.76284466283357,88.10615172499213,88.45274353027344,35348500.0
2014-07-31,87.7230763327777,87.86900421951351,86.53738006972561,86.66506958007812,50047900.0
2014-08-01,86.48267554789606,86.95694997431501,85.77126042898874,86.34586334228516,60708000.0
2014-08-04,86.52826822171725,87.27616694082035,86.20903747303542,86.9386978149414,33230500.0
2014-08-05,86.59208832380078,86.83834461790573,85.87155085493515,86.27285766601562,50331100.0
2014-08-06,85.7347634278196,86.7471638505135,85.6617960016572,86.20903778076172,34431900.0
2014-08-07,86.61034844580846,86.7745216692913,85.63443177248166,85.93541717529297,33274700.0
2014-08-08,86.07221374154585,86.65593910614297,85.70738364903384,86.55561065673828,40236900.0
2014-08-11,86.89308747283866,87.34000771719636,86.8292427177242,87.0663833618164,28277500.0
2014-08-12,86.97516988495072,87.25790992427581,86.5829787214244,87.02989196777344,28152300.0
2014-08-13,87.38562364588886,87.98759455802384,87.34002421708203,87.95111083984375,27996500.0
2014-08-14,88.06965828055496,88.42536575615966,87.9510914415388,88.4071273803711,25006600.0
2014-08-15,88.91789857072395,89.0455880958188,87.99671084804783,88.8358154296875,55205500.0
2014-08-18,89.30097161480786,89.60195008210731,89.17327513471602,89.51986694335938,38938300.0
2014-08-19,89.72965969902091,90.07625158528515,89.67493759426702,90.02152252197266,21363400.0
2014-08-20,89.94856203515367,90.20394113541663,89.86647191946423,90.02152252197266,23435600.0
2014-08-21,90.0670834175151,90.24949498025512,89.93027126618254,90.20389556884766,19339500.0
2014-08-22,90.24037742656147,90.52311743058945,90.03972053652033,90.34070587158203,24692000.0
2014-08-25,90.76938679468687,90.91532162973978,90.44104733292968,90.65994262695312,24124700.0
2014-08-26,90.7967736824432,90.8514957776932,90.541387667976,90.75116729736328,20100400.0
2014-08-27,90.77851658844443,90.87884505578101,90.57785965377128,90.76939392089844,15589100.0
2014-08-28,90.45929540397209,90.77851919167163,90.36808960156604,90.66907501220703,23563900.0
2014-08-29,90.86971858847551,91.12510455918911,90.5413721561142,91.00653076171875,17906300.0
2014-09-02,91.22544311372145,91.29841054756288,90.89710357855,91.27104949951172,18326800.0
2014-09-03,91.51728554067988,91.51728554067988,90.5687369458912,90.73291015625,25950700.0
2014-09-04,90.94267292195931,91.40783146062718,90.42279230529117,90.65081024169922,24663500.0
2014-09-05,90.78764114401537,91.16158701850027,90.32248250928653,91.10686492919922,30798200.0
2014-09-08,91.13424700154863,91.50819992087352,90.86062953335409,91.28018188476562,25571300.0
2014-09-09,91.28929243026353,91.62676160968782,90.349859288028,90.52315521240234,36449200.0
2014-09-10,90.641717560105,91.30753321643243,90.38633850021748,91.27104949951172,31080100.0
2014-09-11,90.87887335106777,91.24370362237707,90.51404307975848,91.1980972290039,28691900.0
2014-09-12,91.11597866090189,91.14333970286903,90.45016315262566,90.73291015625,30444400.0
2014-09-15,90.8332393710601,90.84236203867586,89.58370529140747,89.8573226928711,32972200.0
2014-09-16,89.51986376627411,90.8150042721948,89.42865796249431,90.64170837402344,38166900.0
2014-09-17,90.62349096678169,91.20721659631343,90.23129965707521,90.7785415649414,37196500.0
2014-09-18,91.06125632255011,91.47169285794234,90.96093481413666,91.46257019042969,30196700.0
2014-09-19,91.8447388757236,91.93616166914708,91.04020852844015,91.4059066772461,46918000.0
2014-09-22,91.18644782522014,91.19559219350825,90.1625017804507,90.55562591552734,48658000.0
2014-09-23,90.18996606485457,90.71108367598494,90.12596940998284,90.3088150024414,33989600.0
2014-09-24,90.4001991544062,91.32358504435123,90.0893603850815,91.27787017822266,35959000.0
2014-09-25,90.98532010809892,91.10417597905251,89.32140069073667,89.35797119140625,68642500.0
2014-09-26,89.65055970941098,90.47337882569902,89.49514025830999,90.3088150024414,56106200.0
2014-09-29,89.41285251541348,90.43679888664285,89.36713763450723,90.18995666503906,33342700.0
2014-09-30,90.43682686724469,90.78424332935306,89.8882830022112,90.31797790527344,41834300.0
2014-10-01,90.06196072102325,90.15338350503662,88.59003088054082,88.87344360351562,58164900.0
2014-10-02,88.83687309488802,89.14771893066703,87.73978573650507,88.87344360351562,54501300.0
2014-10-03,89.39455255623369,90.11680433823652,89.08371372543054,89.75110626220703,41627800.0
2014-10-06,90.03452978995978,90.25394585493255,89.28485184078441,89.55912017822266,36038700.0
2014-10-07,89.13859063427627,89.3945772657208,88.2792009643303,88.28834533691406,45154000.0
2014-10-08,88.33405325081652,90.29053032252315,87.82207305323533,90.00711059570312,64931600.0
2014-10-09,89.88826681502168,90.11682729888567,88.41633674092866,88.55347442626953,62497100.0
2014-10-10,88.03235724137463,88.526048725998,86.32272230249994,86.34101104736328,77579400.0
2014-10-13,86.18556180202104,86.84381694060339,84.9147663998009,84.98790740966797,80835900.0
2014-10-14,85.51817256264331,86.09414234353355,84.75935025004205,84.99705505371094,71814500.0
2014-10-15,83.71709793204018,84.80504760178562,82.50115500410227,84.44849395751953,108847800.0
2014-10-16,82.66575236057953,84.64051824695183,82.63832621912086,83.91826629638672,93165800.0
2014-10-17,85.02449035644531,85.83816502872924,84.53079893026546,85.02449035644531,69546700.0
2014-10-20,85.01534057841477,86.36842147246142,84.84163938449741,86.29528045654297,41479300.0
2014-10-21,87.3649603475451,88.5626220703125,87.14554422796154,88.5626220703125,53609800.0
2014-10-22,88.8368655646164,88.95572145135911,88.05061713354762,88.10547637939453,39178000.0
2014-10-23,88.99227515401833,89.92480550421502,88.8368557540222,89.43111419677734,48123800.0
2014-10-24,89.62313028540713,90.22653327362146,89.26657651059394,90.16253662109375,43157600.0
2014-10-27,89.98883475353875,90.3911034406067,89.61399220875045,90.2265396118164,29545700.0
2014-10-28,90.6470545128344,91.60700399164857,90.58305788091346,91.5887222290039,34495100.0
2014-10-29,91.2870282670495,91.5338774210708,90.60134702271746,91.25045776367188,40552800.0
2014-10-30,90.83908590021164,91.66190509724693,90.63795154370158,91.4424819946289,35935800.0
2014-10-31,92.96010340072843,93.02410004558827,92.40241536333075,92.70411682128906,54254100.0
2014-11-03,92.86866613534538,93.22521981183071,92.73152849628715,92.9783706665039,33481000.0
2014-11-04,92.68580037659923,92.9052233577726,92.03668975129014,92.66751861572266,22773300.0
2014-11-05,93.28008507875239,93.28008507875239,92.35669895384325,92.67668914794922,25818600.0
2014-11-06,92.66753685408905,92.99666441551727,92.26526828454114,92.96923828125,24671900.0
2014-11-07,93.13382737513247,93.17039788913195,92.40243104536756,92.88697814941406,20931700.0
2014-11-10,92.93268984522196,93.33495153518152,92.68584062797812,93.21610260009766,20360000.0
2014-11-11,93.23437576691553,93.5086441040039,92.97838222047774,93.5086441040039,15454000.0
2014-11-12,93.1338032667862,93.77376965833639,93.1338032667862,93.67320251464844,22050300.0
2014-11-13,93.84692477314022,94.42289461210702,93.63664608424732,94.07548522949219,28027800.0
2014-11-14,94.04804354242863,94.36802673339844,93.73719774612194,94.36802673339844,19251300.0
2014-11-17,94.14866006287166,94.35893185217171,93.63667971369055,94.08466339111328,23361600.0
2014-11-18,94.16690477863682,94.9165827706856,94.15776040766596,94.78858947753906,26336800.0
2014-11-19,94.68801429468421,94.68801429468421,93.92005460091157,94.35888671875,23760200.0
2014-11-20,93.95662285231809,94.86172721916945,93.8834888124109,94.7794418334961,22874000.0
2014-11-21,95.62057447922304,95.71200426605178,94.66062449354206,94.96232604980469,34049100.0
2014-11-24,95.21828802892516,95.74854996457138,95.13600263713306,95.70283508300781,17928300.0
2014-11-25,95.84910583496094,96.13252553269834,95.60226362091746,95.84910583496094,17526000.0
2014-11-26,95.94051695589224,96.52563102932301,95.83994982060477,96.47077178955078,18973800.0
2014-11-28,96.72680274885022,97.13820884331803,96.66280609026383,96.91879272460938,17360400.0
2014-12-01,96.65363382890554,96.83647937921862,95.4651168265386,95.82167053222656,35969500.0
2014-12-02,95.92226871422955,96.37938971302985,95.72113435873935,96.2056884765625,26031300.0
2014-12-03,96.35193024985156,96.51649403151671,95.77596050157877,96.37935638427734,32974300.0
2014-12-04,96.28793380743082,96.70848414474113,95.93138010894792,96.33364868164062,31008800.0
2014-12-05,96.4890859996072,96.63536106902447,96.13253223495732,96.34280395507812,25622200.0
2014-12-08,96.09594356775001,96.51649390364591,95.15427575312327,95.6571044921875,32685800.0
2014-12-09,94.54176850255342,96.03198045048033,94.20349645174714,95.9588394165039,46035100.0
2014-12-10,95.78510182608198,96.02280662604183,94.27660856989145,94.45030975341797,39330100.0
2014-12-11,94.72458438410453,96.03195031190074,94.7062956437937,94.8982925415039,47576000.0
2014-12-12,93.99322771050278,95.0720336633931,93.85609697611669,93.865234375,46889400.0
2014-12-15,94.34975165923419,94.69716800984355,92.63097957371767,92.89611053466797,52968400.0
2014-12-16,92.31100418982899,93.68236701651729,91.38761793349418,91.4059066772461,65348600.0
2014-12-17,91.46987846763994,93.3349252668973,91.35102259089491,93.0698013305664,79715300.0
2014-12-18,94.40459509882673,95.3188367523789,94.14860855184978,95.3096923828125,49840900.0
2014-12-19,95.40789705865716,96.11448318537313,95.16930653487857,95.72907257080078,51419900.0
2014-12-22,95.57308515139036,95.99520258802758,95.52719992956162,95.9676742553711,33869200.0
2014-12-23,96.31636427351117,96.32554271677613,95.51800773588096,95.62812805175781,30156900.0
2014-12-24,95.7474007523229,96.07775463309926,95.68316566445526,95.71070098876953,14291300.0
2014-12-26,95.98601064541992,96.59166188310058,95.9584823166346,96.38977813720703,13924300.0
2014-12-29,96.29803051764156,96.58249929659479,96.24296684992974,96.3714370727539,17073800.0
2014-12-30,96.09613329943681,96.316366936178,95.60060236594333,95.72907257080078,18604000.0
2014-12-31,95.8942451015223,96.27048425622888,94.6095361114253,94.74718475341797,24367100.0
2015-01-02,95.21520183057768,95.61896237382727,94.00390619862526,94.46273040771484,31314600.0
2015-01-05,94.0497771513076,94.15989747337635,92.81095328271448,93.07707214355469,36521300.0
2015-01-06,93.21470653888544,93.37070505379727,91.41611689346028,91.82905578613281,66205500.0
2015-01-07,92.43472431252651,93.2330739216843,92.21448366073679,93.0128402709961,37577400.0
2015-01-08,93.80202123164372,94.9766100717754,93.70107934684162,94.79308319091797,40212600.0
2015-01-09,95.08673875813895,95.11426709257685,93.61849557782851,94.1690902709961,41410100.0
2015-01-12,94.35261289907156,94.45355478817842,92.94861189744233,93.18720245361328,34129800.0
2015-01-13,94.09565790033963,95.08671974858731,92.40718138098049,93.15965270996094,56162300.0
2015-01-14,92.22367263761004,93.12297123237225,91.82908350946472,92.64579010009766,51354200.0
2015-01-15,93.07704652152407,93.22386657609819,91.33351374144803,91.44363403320312,51005400.0
2015-01-16,91.32435031773302,92.63658758892907,91.17753023901554,92.51729583740234,35362200.0
2015-01-20,93.07707127207628,93.49001022404055,92.03095272607233,93.25142669677734,30964100.0
2015-01-21,92.97612820033503,94.16907382573099,92.64577424256694,93.72859954833984,40128800.0
2015-01-22,94.09563509122208,95.56387062099779,93.26975041787973,95.46292877197266,40887200.0
2015-01-23,95.4537782152348,95.96766605159993,95.17848791110116,95.67401885986328,34783000.0
2015-01-26,95.56387329101562,95.73822867167578,95.07752091454198,95.56387329101562,19960900.0
2015-01-27,94.05895530998025,94.1140119702971,92.77424622747733,93.08625030517578,45253200.0
2015-01-28,94.58199180162411,94.68293365528909,92.59069705405042,92.60904693603516,43591700.0
2015-01-29,92.53565015039334,93.67353907013816,91.72812217604934,93.49918365478516,46539700.0
2015-01-30,93.41659657532212,94.13236110489461,92.64576838886666,92.77423858642578,42927600.0
2015-02-02,92.98529150560114,93.66434919663776,91.53540570489865,93.5817642211914,43624700.0
2015-02-03,93.92128267668672,94.54528367165298,93.3064601231301,94.48104858398438,30750400.0
2015-02-04,94.09565765666999,95.02248440130343,93.88459546688381,94.39848327636719,34073200.0
2015-02-05,94.6370490120602,95.27940690294318,94.39846553934045,95.21517181396484,23605500.0
2015-02-06,95.3620204104324,95.59143251130493,94.2975519029567,94.63707733154297,34169300.0
2015-02-09,94.2700163005624,94.78389712653188,94.1048393206292,94.3342514038086,22604700.0
2015-02-10,94.85726821851375,95.9309146070013,94.71044119046518,95.80244445800781,23686500.0
2015-02-11,95.91257835190846,96.37140241157357,95.72905152848224,96.15116882324219,20303600.0
2015-02-12,96.77521327666594,97.30745110511702,96.62839315222239,97.27074432373047,22520300.0
2015-02-13,97.54599278338968,98.12410854793525,97.36245896846309,98.10575866699219,29030200.0
2015-02-17,98.10579972606833,98.26179828321979,97.85803072249637,98.19756317138672,17675300.0
2015-02-18,98.07825764735897,98.39026174130977,97.94978743252675,98.335205078125,15149600.0
2015-02-19,98.27097663726603,98.88580646644768,98.24344830184496,98.82157135009766,19828100.0
2015-02-20,98.75726559958798,99.5372648834171,98.44526168539778,99.48220825195312,28336700.0
2015-02-23,99.42718476903423,99.61071861652282,99.20695115314832,99.58318328857422,17868000.0
2015-02-24,99.4547248260446,99.77590734675633,99.15190619389828,99.65660858154297,19745000.0
2015-02-25,99.5098011435172,99.89521181606833,99.18861858195578,99.40885925292969,19472300.0
2015-02-26,99.50976801555149,99.96859209234603,99.23447076903484,99.91352844238281,22255500.0
2015-02-27,99.87685933394913,99.94110144997819,99.3171001902185,99.47309875488281,27757600.0
2015-03-02,99.66576660174833,100.40905936640279,99.64740971804586,100.37235260009766,22988600.0
2015-03-03,100.06953485934838,100.17047671724912,99.2711784380698,99.90435791015625,20788900.0
2015-03-04,99.57401507259613,99.72083515424264,98.97754230086197,99.51895141601562,21007400.0
2015-03-05,99.77590558856369,99.99613922654414,99.2803746522818,99.69331359863281,15381000.0
2015-03-06,99.56484669044391,99.75755200519649,98.31684436538804,98.56461334228516,30990400.0
2015-03-09,98.76647570735759,99.09682962767967,98.36271525004197,98.84906768798828,26237100.0
2015-03-10,98.14245129401665,98.16998661507823,97.01374816894531,97.01374816894531,34234500.0
2015-03-11,97.16058072507352,97.27987946174542,96.41728798593132,96.45399475097656,25459700.0
2015-03-12,96.38061078753431,97.19731730730776,96.31637567927466,97.08720397949219,21473200.0
2015-03-13,96.99542353164729,97.38084114254532,96.05942533626863,96.66506958007812,42021100.0
2015-03-16,97.02295770982523,97.949777450794,96.92201583687206,97.91307067871094,25674100.0
2015-03-17,97.6469743524823,98.2250903521958,97.41756224132745,98.069091796875,19603800.0
2015-03-18,97.8029324678263,99.48223010738113,97.29822323153415,99.03257751464844,40622200.0
2015-03-19,99.13354288599855,99.45471838480793,98.98672280130032,99.17942810058594,31314000.0
2015-03-20,99.99615988951926,100.318074008231,99.80301141829223,99.82140350341797,31761400.0
2015-03-23,99.76624587375795,100.04216932477368,99.59148944273902,99.62828063964844,17268500.0
2015-03-24,99.6190599087189,100.07893924651883,99.25116205224039,99.2695541381836,22445300.0
2015-03-25,99.42592731764181,99.5179017964594,96.96097339243472,96.99776458740234,41581400.0
2015-03-26,96.19756991004563,97.21850274352164,95.87565573219347,96.6666488647461,47846300.0
2015-03-27,96.64825128969855,97.28288005652246,96.50108652120453,97.05294036865234,33878400.0
2015-03-30,97.64160837322041,98.24864559939962,97.64160837322041,98.1658706665039,30570200.0
2015-03-31,97.88994273005473,98.09229081643468,97.09894949268053,97.12654113769531,30488100.0
2015-04-01,97.12652197344492,97.14492107796022,95.9952226478361,96.62065887451172,32970500.0
2015-04-02,96.71264260656822,96.9977655990373,96.37232931247065,96.68505096435547,19164200.0
2015-04-06,96.11480507070364,97.74277523648476,95.96764027841424,97.4760513305664,24451100.0
2015-04-07,97.42085240709434,98.13826316303481,97.31048583984375,97.31048583984375,19379400.0
2015-04-08,97.34725906846458,98.22103405840495,97.33806653369622,98.08306884765625,25866900.0
2015-04-09,98.03707529449241,98.7360938629649,97.7059686222706,98.69930267333984,23114700.0
2015-04-10,98.6625242203527,99.11321108853888,98.44178407130819,99.10401153564453,17164300.0
2015-04-13,99.1775965608783,99.68345970826967,98.7453087869891,98.85568237304688,17783500.0
2015-04-14,98.7544744072064,99.03959730171447,98.00946523741351,98.57051849365234,23755700.0
2015-04-15,98.82807747636875,99.39833044253947,98.70851136192115,99.18678283691406,21128600.0
2015-04-16,98.92007769240877,99.22359281226011,98.78211244672876,99.04884338378906,16195300.0
2015-04-17,98.10149156291973,98.36821547944035,97.08055858174149,97.50364685058594,46514000.0
2015-04-20,97.99107685827501,99.14077504693903,97.95428567417366,98.96601867675781,28945900.0
2015-04-21,99.53630204963285,99.71105847344226,99.26957114594592,99.3891372680664,22759800.0
2015-04-22,99.64664039548072,100.09732714847678,99.0028122014878,99.93177032470703,21429200.0
2015-04-23,99.59146541396426,100.75956282809688,99.57307332854872,100.30887603759766,29473200.0
2015-04-24,101.36661341916094,101.80810071728617,101.2010565595143,101.67013549804688,32508100.0
2015-04-27,102.04722639649788,102.2403819013582,101.19185051275308,101.41259765625,31121300.0
2015-04-28,101.48619721201713,101.67935276292097,100.35489765503044,101.21027374267578,36849200.0
2015-04-29,100.64923548602914,101.23788073047766,100.023799036652,100.57565307617188,34043900.0
2015-04-30,100.00536196364965,100.41005100143909,98.46935967184324,98.99362182617188,44080500.0
2015-05-01,99.37991641667043,100.36405780708351,99.36151731561542,100.29967498779297,32874300.0
2015-05-04,100.6215901236989,101.09066896463341,100.41004256258692,100.4652328491211,23507300.0
2015-05-05,100.06975147920997,100.25370041621207,98.78208786858883,98.82807159423828,47843300.0
2015-05-06,99.0028215124336,99.28794445127392,97.49441787275948,98.14744567871094,42687200.0
2015-05-07,98.11987773562443,99.01204497321844,98.04629534099323,98.73611450195312,29335800.0
2015-05-08,99.75703455035149,100.18012273908667,99.60987679727957,99.96858215332031,33023300.0
2015-05-11,100.03297755209255,100.23532562803743,99.50871527223684,99.58229064941406,19679300.0
2015-05-12,98.99364944443869,99.63748489493037,98.23025487845534,99.1316146850586,33665000.0
2015-05-13,99.56389356542518,100.07895626584758,99.18678907604233,99.33395385742188,20738400.0
2015-05-14,100.14332746286928,100.8699376977638,99.77542958659039,100.78716278076172,23904200.0
2015-05-15,101.0446941010378,101.18265931324349,100.53882399535105,100.78716278076172,23937400.0
2015-05-18,100.62162336866628,101.43100866084049,100.54804097377678,101.2286605834961,17631100.0
2015-05-19,101.3390186370359,101.49537593929853,100.95272164890393,101.11827850341797,14212900.0
2015-05-20,101.19187075923963,101.78971544572364,100.64921637827337,101.18267822265625,21131900.0
2015-05-21,101.00792097634464,101.8449049341479,100.86076320295273,101.70693969726562,16771800.0
2015-05-22,101.58735956083201,101.9736636009632,101.5229767236773,101.60575866699219,13543800.0
2015-05-26,101.38503309791973,101.52299132795183,100.03298630597347,100.43767547607422,25488400.0
2015-05-27,100.74117927921958,102.16680821248664,100.52043913414431,102.05643463134766,30572700.0
2015-05-28,101.86330639878861,102.10244569691217,101.51380051476502,101.8265151977539,17302400.0
2015-05-29,101.76209852105835,101.90006372477315,100.9803050562768,101.21944427490234,30383000.0
2015-06-01,101.76210145362145,101.83568383335007,100.73196918902676,101.55975341796875,24570200.0
2015-06-02,101.18265546921226,101.7345092798673,100.68598493446214,101.23783874511719,19449600.0
2015-06-03,101.69773152039008,101.91847167036263,101.29303539777135,101.54137420654297,20507200.0
2015-06-04,100.97113165155606,101.61496709654769,100.4468693554419,100.76878356933594,31374600.0
2015-06-05,100.64917576234153,100.88831494387371,99.9133661347967,100.52960968017578,22641700.0
2015-06-08,100.4836472052116,100.5572295920992,99.30635708382059,99.50870513916016,24549200.0
2015-06-09,99.26958013917175,99.70186795268211,98.59815304255282,99.3431625366211,27554600.0
2015-06-10,99.68345862545742,100.99871402191283,99.5730920578015,100.70439147949219,30297900.0
2015-06-11,101.04470337854664,101.3114342753805,100.67679845128605,100.85155487060547,17593500.0
2015-06-12,100.3181033913833,100.52965102689984,99.8858155836956,100.0237808227539,27201800.0
2015-06-15,99.27876020883076,99.68344928097112,98.69930771414431,99.52709197998047,31238800.0
2015-06-16,99.42590505345358,100.23529712709026,99.37992133294327,100.06974029541016,16456900.0
2015-06-17,100.23531367560942,100.66759440234098,99.729443546069,100.3456802368164,23296700.0
2015-06-18,100.71359023349297,101.98285487188642,100.65840695010283,101.80810546875,43032400.0
2015-06-19,101.85789462483943,101.94086697340308,101.23101978758174,101.30477142333984,27877600.0
2015-06-22,102.05146026611328,102.35568040773956,101.82099174064027,102.05146026611328,19120900.0
2015-06-23,102.16212318594404,102.22665411416371,101.71040668840637,102.13446807861328,18127900.0
2015-06-24,102.01459752156858,102.44787246706254,101.58131554273295,101.60897064208984,15815900.0
2015-06-25,102.00540876085023,102.10681551248258,101.2402512833857,101.40618896484375,18326700.0
2015-06-26,101.3877293262641,101.61819788016388,100.3552276727899,100.73319244384766,32311700.0
2015-06-29,99.61775326002808,100.17088357027188,98.30869319691838,98.35478973388672,50874900.0
2015-06-30,99.092255972321,99.30429013338446,98.40085032103956,98.70507049560547,34809900.0
2015-07-01,99.68225545917272,99.88506891002358,99.02772561628082,99.48866271972656,21293000.0
2015-07-02,99.77444231542746,99.85740761289543,99.21209852145032,99.51631164550781,20499400.0
2015-07-06,98.88942913172335,99.85739972577862,98.67740203271305,99.28583526611328,24311000.0
2015-07-07,99.39646936460082,99.62693789930202,97.56194179771487,99.53475189208984,44230800.0
2015-07-08,98.82492443090156,98.94477259401108,97.61727132065755,97.80164337158203,39691500.0
2015-07-09,99.10146339315293,99.19364939429231,97.73708666293062,97.74630737304688,28381000.0
2015-07-10,99.04616099551096,99.60850479006915,98.6866306394284,99.23975372314453,26415800.0
2015-07-13,100.0970803584533,101.06504383603584,100.08785964914097,100.9820785522461,25780700.0
2015-07-14,101.1203679433321,101.9223938746005,101.06505071703224,101.64583587646484,21977200.0
2015-07-15,101.8394496959361,102.15288356546452,101.47069858864083,101.75647735595703,28631500.0
2015-07-16,102.59538331356936,103.21303735613253,102.39256985879527,103.1946029663086,29838900.0
2015-07-17,104.02428493895198,104.71569061279297,103.84913361758498,104.71569061279297,35926800.0
2015-07-20,104.93692805283376,105.45317528616977,104.61427353199876,105.07521057128906,26539000.0
2015-07-21,105.112080831748,105.2780184495731,104.70646101410755,105.01068115234375,35468900.0
2015-07-22,103.406624569024,104.32849874444548,103.406624569024,103.82147216796875,35575000.0
2015-07-23,103.92284895818439,104.26393780351154,103.16691263339642,103.43424987792969,25698300.0
2015-07-24,103.98740973867076,104.17178176030805,102.26350249966085,102.42021942138672,30844700.0
2015-07-27,101.83943448595272,102.28193012194525,101.35084233092951,101.57209014892578,35994800.0
2015-07-28,102.02382988972809,102.65070471224602,101.21258301549317,102.44789123535156,33553500.0
2015-07-29,102.66912249795341,103.0563079374158,102.27271634802536,102.8350601196289,26714100.0
2015-07-30,102.59538791936588,103.49882076148174,101.97773384907447,103.32366943359375,25438100.0
2015-07-31,103.64632200871863,103.70163221294229,102.99179213648344,103.20381927490234,22081700.0
2015-08-03,103.22225289945948,103.50803164414582,102.19897199858299,102.88115692138672,25001800.0
2015-08-04,102.83504899449512,103.0194209838145,102.26348457426018,102.68754577636719,22132300.0
2015-08-05,103.25912936234884,104.17178283555471,103.13928121703995,103.48037719726562,28989900.0
2015-08-06,103.57257699442857,103.71085954716001,101.36007725075393,101.82101440429688,42125400.0
2015-08-07,101.5720991941432,101.9316295679071,100.8530384466154,101.69194030761719,30006800.0
2015-08-10,102.33724549308599,103.07474055079498,102.32802478277902,102.8534927368164,21500800.0
2015-08-11,102.30960290819574,102.70600909978187,100.97288108385088,101.53522491455078,36123300.0
2015-08-12,100.83456993782498,102.08831907023954,99.7651998150832,101.88550567626953,41889000.0
2015-08-13,101.98692592855768,102.47552509412624,101.49833379633013,101.7195816040039,22510500.0
2015-08-14,101.47992129734077,102.02382374046344,101.27710783267044,101.87632751464844,17924900.0
2015-08-17,101.62742408465938,102.75211189165131,101.36930039781066,102.72445678710938,21224900.0
2015-08-18,102.58616008626213,102.66913242179051,102.06069207238903,102.198974609375,13984400.0
2015-08-19,101.88553134432593,102.42944076821279,100.93600206365115,101.5260009765625,42511400.0
2015-08-20,100.58569022486643,100.90834477440531,98.70506609325763,98.71428680419922,57747300.0
2015-08-21,97.32228853252116,98.15197697085115,94.39994812011719,94.39994812011719,97763400.0
2015-08-24,86.8681995773844,94.51975039087779,78.11960930037905,90.7677230834961,150829900.0
2015-08-25,94.09571398371344,94.71336810601365,90.35290639881849,90.42665100097656,75088300.0
2015-08-26,93.07241832055249,95.16507669170751,91.20101482124335,94.98069763183594,104103800.0
2015-08-27,96.3543084506886,97.45134122890327,95.21118617283528,97.38681030273438,69377700.0
2015-08-28,96.87054947952657,97.7186721155461,96.65851530385045,97.36836242675781,49919600.0
2015-08-31,96.82444082075709,97.3591295156022,95.92100809269346,96.16069030761719,39549400.0
2015-09-01,93.76384421217392,95.22040744956931,92.76821817395351,93.15541076660156,73155500.0
2015-09-02,94.84241448658376,95.80116449173691,93.7546026570198,95.78273010253906,43963600.0
2015-09-03,96.16070659675674,96.81523650993778,95.0452395306305,95.31258392333984,45131800.0
2015-09-04,94.00349159411802,94.81473817079971,93.65317497766655,94.17864990234375,49379600.0
2015-09-08,95.98556407729885,96.95352796738267,95.58915780802353,96.83368682861328,37343500.0
2015-09-09,97.97678336035851,98.00443845947409,95.49693965065161,95.745849609375,47146700.0
2015-09-10,95.63524704185461,97.42368560524584,95.52462661663432,96.78759002685547,47686700.0
2015-09-11,96.3450509461169,97.32223510742188,96.06848594071272,97.32223510742188,29106100.0
2015-09-14,97.6817743048031,97.70021572462704,96.65849353814212,97.0272445678711,19718800.0
2015-09-15,97.25772616813599,98.47459980663112,96.89819579994483,98.17037963867188,30020200.0
2015-09-16,98.18881384266581,98.81568852146322,97.84771788851354,98.72349548339844,31329100.0
2015-09-17,98.622100479589,100.23538025546867,98.30865960865185,98.7603759765625,56139800.0
2015-09-18,97.24482337618373,98.51085900240378,97.18937156851077,97.355712890625,48384000.0
2015-09-21,97.89170427566104,98.46465929636956,96.78276680704404,97.66067504882812,35772600.0
2015-09-22,96.16361888321441,96.49630158842089,95.30418973650661,96.2005844116211,47359700.0
2015-09-23,96.45934147598044,96.71810018935588,95.77549678819469,96.27452087402344,21775100.0
2015-09-24,95.34117199979883,96.28377551348679,94.50946509079618,95.92337036132812,38284300.0
2015-09-25,96.94914397056692,97.04155428536995,94.51871109356213,95.11014556884766,44700000.0
2015-09-28,94.70353026926203,94.7682181888607,92.12524253019322,92.40247344970703,44077500.0
2015-09-29,92.63348777700463,93.57609108226322,91.25655539629132,91.92192077636719,49315500.0
2015-09-30,93.23415508820466,94.13979276805465,92.87375005501247,94.03813934326172,41411400.0
2015-10-01,94.2044823347824,94.47247709120364,92.95691883581559,94.4632339477539,39339100.0
2015-10-02,93.151001496242,96.11741638183594,92.85528432214566,96.11741638183594,59370900.0
2015-10-05,96.82898880662263,97.75310590849986,96.6164458214451,97.49435424804688,32853500.0
2015-10-06,97.26330920628139,97.58674872941836,96.27450434957531,97.03227996826172,33051500.0
2015-10-07,97.64222376126757,97.8270443754546,96.37618069767751,97.61449432373047,37389300.0
2015-10-08,97.24483360590628,98.16895059254229,96.30223033128384,98.00260925292969,50188900.0
2015-10-09,98.04881166150523,98.6310098800639,97.78081688716844,98.44618225097656,23916200.0
2015-10-12,98.63101763448502,98.87128299550864,98.27984863683658,98.68646240234375,16162000.0
2015-10-13,98.12272101331243,99.12076883830646,97.95637970914676,98.04878997802734,26999600.0
2015-10-14,98.04882184601495,98.53860277567783,97.48510985703778,97.8917236328125,30902600.0
2015-10-15,98.25213051076288,99.50893034001913,98.12275467985009,99.49968719482422,38393800.0
2015-10-16,99.71225094180974,99.97100263921314,99.23170603195632,99.91555786132812,27091100.0
2015-10-19,99.78614820144266,100.55315988729552,99.56435506414424,100.48847198486328,23776300.0
2015-10-20,100.31292657934216,100.5254695906877,99.62907476343128,99.97100067138672,23404700.0
2015-10-21,100.47923348913044,100.5808798615624,99.32408736585568,99.36104583740234,30195200.0
2015-10-22,100.24821250602795,101.46804663047234,99.96173144959614,101.38487243652344,42778700.0
2015-10-23,104.11102666882148,104.64700918110601,103.56579396177342,104.22191619873047,53170900.0
2015-10-26,104.14797925057243,104.48990506616386,103.75060867316456,104.2865982055664,25918000.0
2015-10-27,104.00938743746585,104.64702347288528,103.98165800074823,104.4991683959961,31390500.0
2015-10-28,104.65629161765585,105.36785888671875,103.81534143103462,105.36785888671875,42221900.0
2015-10-29,104.88729586476616,105.37707682311044,104.77639926930065,105.20149230957031,24913300.0
2015-10-30,105.24769741884954,105.423281926437,104.70247170648392,104.73019409179688,27199200.0
2015-11-02,105.00744030328602,106.04245415872894,104.78565413799649,105.91307830810547,22176900.0
2015-11-03,105.7005392927884,106.66162217682343,105.54344103638178,106.2827377319336,20418400.0
2015-11-04,106.63384931664423,106.70778036130032,105.84835135591769,106.29192352294922,28633000.0
2015-11-05,106.38436166602469,106.64311332248822,105.45100143339222,106.0054702758789,25004100.0
2015-11-06,105.80217638714468,106.19954706566341,105.12757477854957,106.07941436767578,29924900.0
2015-11-09,105.6820262761103,105.82064524353585,104.305093847378,104.95197296142578,33479800.0
2015-11-10,104.39750880730615,104.78563629307877,104.08330533040412,104.6839828491211,35452100.0
2015-11-11,104.97043045415069,105.47869754593204,104.37899622941535,104.55458068847656,22748800.0
2015-11-12,104.12948965530799,104.63775675624244,103.46412437788555,103.53805541992188,31196900.0
2015-11-13,103.10373034755698,103.2146269224284,101.44956012060328,101.5050048828125,52836000.0
2015-11-16,101.40337292611562,102.98361232793225,101.17234365011107,102.96512603759766,33980600.0
2015-11-17,103.14068935350672,103.76908913715407,102.77104117775195,103.02979278564453,30579500.0
2015-11-18,103.44567029817992,105.10907684578555,103.34401685327329,105.0074234008789,32966500.0
2015-11-19,105.06288825060737,105.56191239191227,104.87806057764918,105.08136749267578,26188100.0
2015-11-20,105.58038817809091,105.8761053946897,105.47873472390496,105.79293823242188,22727600.0
2015-11-23,105.82988725975972,106.2180218003613,105.03515303965199,105.48796844482422,20696200.0
2015-11-24,104.8041116474971,105.64505444559074,104.27735819261407,105.39554595947266,26374400.0
2015-11-25,105.55265635984883,105.68203218989802,105.26618231480471,105.48796844482422,14159900.0
2015-11-27,105.71896214116667,105.84833792767557,105.27538297995646,105.63578796386719,8828000.0
2015-11-30,105.95005733913528,105.95005733913528,105.02593997385797,105.36785888671875,25041600.0
2015-12-01,105.79291820657161,106.42131805419922,105.66353533899974,106.42131805419922,28639400.0
2015-12-02,106.50446351256134,106.96652192259414,105.6080690690254,105.76516723632812,22395500.0
2015-12-03,106.05166770669962,106.23648828444897,103.35324073856863,103.97240447998047,42754300.0
2015-12-04,104.28661818633445,106.57843180336937,104.07407519168075,106.40284729003906,40037300.0
2015-12-07,106.47674040666652,106.54142830160993,105.41400466078044,105.92227172851562,25892100.0
2015-12-08,104.81333794281325,106.27344434858061,104.7763724204638,105.9315185546875,30792600.0
2015-12-09,105.46947338683583,106.05167162411284,103.6859272489056,104.32357025146484,48509200.0
2015-12-10,104.56383922087156,105.49719935840001,104.24963577685718,104.79486846923828,30154600.0
2015-12-11,103.58427485364909,103.86151278375428,102.31823903062056,102.38292694091797,56022200.0
2015-12-14,102.52153616020314,103.20538072554818,101.07990893133307,103.15917205810547,53098500.0
2015-12-15,104.11104430782667,104.68399244397034,103.65822181580114,103.78759765625,48428000.0
2015-12-16,104.48989892001472,105.50642611275642,103.39944068223119,105.33084869384766,44944100.0
2015-12-17,105.79291770684537,105.79291770684537,103.77834235636001,103.79682159423828,45668800.0
2015-12-18,103.4742422857485,103.70597713487433,101.80575561523438,101.80575561523438,53746100.0
2015-12-21,102.76976562866012,102.95515066508226,102.00967566415207,102.93661499023438,26432800.0
2015-12-22,103.48351030445622,103.76159494318496,102.93661947280545,103.61328125,26540300.0
2015-12-23,104.15092503211126,104.45681677098572,103.96553995690769,104.38265991210938,25656900.0
2015-12-24,104.38263271170112,104.65144595108907,104.31774724508924,104.36408996582031,11468600.0
2015-12-28,104.11383051798934,104.32702968632461,103.36301188582637,104.30848693847656,19183600.0
2015-12-29,104.92954156353376,106.18091546255104,104.86465608574659,105.94918060302734,27725700.0
2015-12-30,105.85649222307744,105.89357065317017,104.97590249233406,104.99443817138672,19520100.0
2015-12-31,104.62362661810684,104.81828299508365,103.66887333295686,103.68741607666016,29886800.0
2016-01-04,101.45351287284781,101.59255519501342,100.22068886534464,101.49986267089844,50807600.0
2016-01-05,102.00039157471144,102.13016249842602,100.85098893381732,101.32372283935547,38795200.0
2016-01-06,99.56255920291075,100.93442548369688,99.56255920291075,100.35045623779297,41891100.0
2016-01-07,98.20920356651116,99.45130574861248,97.15249346411848,97.20811462402344,61386300.0
2016-01-08,97.91261770176816,98.52440117171226,96.30901631295202,96.41098022460938,69344000.0
2016-01-11,97.09691636229773,97.38426535532201,95.22450161190211,96.70760345458984,50024100.0
2016-01-12,97.63455190240116,98.3297566176185,96.47587737703891,97.82920837402344,46734200.0
2016-01-13,98.22774307934309,98.46874923904423,94.30678735429535,94.4551010131836,69870700.0
2016-01-14,94.82591862189099,97.31011689426704,93.31500263205801,96.46659851074219,78445700.0
2016-01-15,93.26863635917475,94.49219597128145,92.2397331544503,93.4725570678711,91443900.0
2016-01-19,94.74248019338017,94.89079389971079,92.58270958085139,93.67649841308594,56563800.0
2016-01-20,92.20267865749506,94.39025657281982,90.14487171409739,93.38916015625,86675000.0
2016-01-21,93.78772610218073,94.87224347199816,92.52708798834662,93.4818344116211,61660100.0
2016-01-22,95.3635315056168,96.22558550805232,95.03910410082645,96.18850708007812,42229800.0
2016-01-25,95.84554966693932,96.39244059993854,94.6776038686184,94.76103210449219,38881500.0
2016-01-26,95.15960172524343,96.0216485738488,94.32535485499557,95.61380004882812,36143900.0
2016-01-27,95.05762359100233,95.46547205494721,92.83296796081493,93.23155212402344,54524700.0
2016-01-28,94.77953295614205,94.81661137268483,92.93492593304379,94.54779815673828,47641500.0
2016-01-29,94.52000107876475,96.5592646997493,94.49219403142182,96.52218627929688,54245100.0
2016-02-01,96.05872723995328,97.14325170999696,95.68795713845383,96.78174591064453,32750300.0
2016-02-02,96.33681785894282,96.37389628578813,94.39951072019944,94.6868667602539,44928100.0
2016-02-03,95.3171757361726,95.3171757361726,92.58270039101906,94.23265838623047,61572900.0
2016-02-04,93.98238245475926,94.97420730090589,93.10179287927824,94.223388671875,49321600.0
2016-02-05,93.88968218846318,93.92676060896041,90.58050918293137,90.95128631591797,70749900.0
2016-02-08,89.25501369550572,89.95948976189784,87.91094705094262,89.56090545654297,91673100.0
2016-02-09,88.36511567997161,90.63611389237774,88.22607338550117,89.28278350830078,73778400.0
2016-02-10,90.3117037272405,91.47964932168274,89.56088509537788,89.62577056884766,59421700.0
2016-02-11,88.48564211372538,90.20975011621172,88.23537156522956,89.49600982666016,76839200.0
2016-02-12,90.50635477614458,90.95128876209233,89.6628436710994,90.85858917236328,49186500.0
2016-02-16,92.20263640255052,92.90711212158203,91.62793159597426,92.90711212158203,40565900.0
2016-02-17,93.58380393413599,95.14106245825022,93.34279770236007,95.01129150390625,41766500.0
2016-02-18,95.30791082613015,95.3264465028453,93.8062664206877,93.92677307128906,38991500.0
2016-02-19,93.47258140429547,94.49222057317802,93.26866064250653,94.20486450195312,28257900.0
2016-02-22,95.08545911967035,95.82700650387032,94.99276658064377,95.73431396484375,23979100.0
2016-02-23,95.17813253983576,95.43767442576977,94.09361519990321,94.15850067138672,29869700.0
2016-02-24,93.05546247709788,95.1781549321528,92.48075740018749,95.05765533447266,40739100.0
2016-02-25,95.25229579348033,95.99384307861328,94.39950616119707,95.99384307861328,29389300.0
2016-02-26,96.72614238438295,96.74468513603266,95.6416247884681,95.87335968017578,30925000.0
2016-02-29,95.78065292750735,96.49439317639917,95.01129150390625,95.01129150390625,27553900.0
2016-03-01,95.91968548539268,98.0609130859375,95.62306518110947,98.0609130859375,37699800.0
2016-03-02,97.94040633586727,98.1165199876294,97.33789439798113,98.09798431396484,29209800.0
2016-03-03,97.99604114412882,98.02384819649646,97.20814401510283,97.91261291503906,25474600.0
2016-03-04,98.02384099192093,98.58000321435726,97.30082939555508,97.9496841430664,31655400.0
2016-03-07,97.44912422619232,98.01455775429288,96.65195587745991,97.34716033935547,25861200.0
2016-03-08,96.67981385422638,97.52332530654434,96.37392205495108,96.540771484375,28898500.0
2016-03-09,96.90225464544864,97.1803322478566,96.36462804667806,97.16179656982422,31047400.0
2016-03-10,97.56962802028593,98.12579015922422,95.76209222875491,97.01346588134766,44236100.0
2016-03-11,98.06091548116395,98.70977020263672,97.75502379590418,98.70977020263672,31454000.0
2016-03-14,98.33901368235861,99.10837520783656,98.31120662731513,98.87664031982422,25374900.0
2016-03-15,98.52439780555243,98.95078911610281,98.20923470611007,98.83955383300781,26524600.0
2016-03-16,98.59853522359396,99.97967279114638,98.57072110431315,99.72013092041016,31693100.0
2016-03-17,99.43278541579393,99.8962551115498,99.06201531677827,99.66452026367188,29623700.0
2016-03-18,99.90438546863034,100.07172978303534,99.29079437778844,99.82071685791016,37682300.0
2016-03-21,99.644070763497,100.30414912526012,99.58829169130881,100.211181640625,17288600.0
2016-03-22,99.64406494445855,100.7503970980126,99.62547428580295,100.51797485351562,18840300.0
2016-03-23,100.32272518801213,100.39709490386272,99.46740607258305,99.69053649902344,20912900.0
2016-03-24,99.20712821399867,99.74634962259644,99.03978388350161,99.71846008300781,19017300.0
2016-03-28,99.99735198645055,100.01594973951781,99.40235156166042,99.57899475097656,13892300.0
2016-03-29,99.39307612972434,101.24315565826647,99.2257317894112,101.1780776977539,29963900.0
2016-03-30,101.78234158612582,102.30296508857822,101.45694480412983,101.6707763671875,23807200.0
2016-03-31,101.59641051205357,101.97758639814812,101.36398826725369,101.52203369140625,21447200.0
2016-04-01,100.90845292471818,102.63767516948008,100.76899814505065,102.6004867553711,26389000.0
2016-04-04,102.60047437545006,102.67485119469363,101.96828559780755,102.21000671386719,17163000.0
2016-04-05,101.41978220293845,101.80095814490791,101.09439243111395,101.22454833984375,20107900.0
2016-04-06,101.32681673425823,102.92588317970149,101.32681673425823,102.8886947631836,25056000.0
2016-04-07,102.2936937791564,102.47963586082668,100.97353691764069,101.41049194335938,28567200.0
2016-04-08,102.04267868560733,102.2843927472393,100.98283366779017,101.33611297607422,22898000.0
2016-04-11,101.7730808383735,102.28440565756358,100.95494977892393,100.96424865722656,25772100.0
2016-04-12,101.03862843347382,102.00550610902933,100.42503012105804,101.81027221679688,28564100.0
2016-04-13,102.59118571268054,103.26986184315297,102.46102981252932,103.11181640625,25356700.0
2016-04-14,103.13040025535251,103.50227727106652,102.26578920832718,103.12110137939453,17199700.0
2016-04-15,103.03745253843516,103.25127707573395,102.60049749313049,102.86080932617188,21353300.0
2016-04-18,102.563289002432,103.44649070496575,102.49821105690809,103.40930938720703,17126100.0
2016-04-19,103.60452207339208,103.60452207339208,102.15420272313436,102.777099609375,42481400.0
2016-04-20,102.77714070539378,103.33495278947753,102.4238542808672,102.86080932617188,18078300.0
2016-04-21,102.80498585158041,103.24194070819573,102.40521939690707,102.87006378173828,20216000.0
2016-04-22,101.5313446602254,102.00548808212045,100.51798695682358,101.31752014160156,39074000.0
2016-04-25,101.01072103961272,101.32681192556618,100.82477896584757,101.31752014160156,14351900.0
2016-04-26,101.53134905012283,101.69869337726448,100.5179913029066,100.82478332519531,19118300.0
2016-04-27,99.79282257752845,100.24837533427916,99.1885303490831,100.01595306396484,33059800.0
2016-04-28,100.12750689481484,100.71321553023748,98.61211631120536,98.8073501586914,29818200.0
2016-04-29,98.80734383585954,99.01187654669879,97.50577784294393,98.2867202758789,67502800.0
2016-05-02,98.53773928570536,99.35587017975614,98.12868093164444,99.21641540527344,24813800.0
2016-05-03,98.509852650475,98.95610652336873,98.0357092404563,98.29602813720703,38569400.0
2016-05-04,97.7010073045632,98.06359251670685,97.42210487832834,97.66382598876953,27474500.0
2016-05-05,98.01711646548182,98.23094806710144,97.44070670313009,97.63594055175781,20788100.0
2016-05-06,97.15250457019368,98.17516109444493,97.05953708489166,98.15657043457031,30758500.0
2016-05-09,98.16589034892083,98.8910539651978,98.11941013943246,98.43550109863281,19289600.0
2016-05-10,98.78879436513795,99.8300419192265,98.61215111522635,99.78356170654297,21178900.0
2016-05-11,99.63479805836211,99.93229834311799,98.85386247074027,98.88175201416016,20966300.0
2016-05-12,99.11416341196143,99.2350204511192,97.7475191912465,98.44478607177734,29196300.0
2016-05-13,98.36111631224449,98.96540859400436,97.8869728529412,98.08220672607422,21059300.0
2016-05-16,98.2309364698629,99.671950066168,98.13796190180915,99.30937194824219,18311900.0
2016-05-17,99.22569444073181,99.51389571552731,97.8032645369918,98.06358337402344,29932700.0
2016-05-18,97.84046043051784,98.9467925204457,97.65452548279916,98.4168701171875,27524400.0
2016-05-19,98.03569635108921,98.27741746266626,97.18968310001519,97.9055404663086,27334600.0
2016-05-20,98.29604077730852,99.383775422845,98.24025460292022,98.9840087890625,29549600.0
2016-05-23,99.09558069213912,99.44886717137663,98.76089906423152,98.85386657714844,15729800.0
2016-05-24,99.40235390527592,100.95493295366276,99.37446436798203,100.83407592773438,29931300.0
2016-05-25,101.21525419393738,101.86603372240155,101.0386109963693,101.55923461914062,37951700.0
2016-05-26,101.66151659975857,101.98690641396303,101.41979541222128,101.85675048828125,21885900.0
2016-05-27,101.92180557151606,102.39594896175791,101.90321491186306,102.38665008544922,19870000.0
2016-05-31,102.52613009403464,102.7399617439808,102.06128546568449,102.5819091796875,24366100.0
2016-06-01,102.26579677048797,102.82360878882497,102.1821281595715,102.5911865234375,19571500.0
2016-06-02,102.38663604423144,102.81429208724583,101.8288241226024,102.80500030517578,15696600.0
2016-06-03,102.60977211885073,102.65625231064216,101.65218654082506,102.32156372070312,20269900.0
2016-06-06,102.50752357173971,102.96306925101875,102.33088037054446,102.6934585571289,12502400.0
2016-06-07,102.74922684689757,102.85149320601457,102.38664869837883,102.43313598632812,12184300.0
2016-06-08,102.60977172851562,102.82359621446318,102.22859585527138,102.60977172851562,14568700.0
2016-06-09,102.19140859805653,102.55398672437072,101.99617476796149,102.44242858886719,17571600.0
2016-06-10,101.51274145763468,101.70797529124368,100.92703286384366,101.28031921386719,32965000.0
2016-06-13,100.70392924929153,101.27104020276215,100.30416262787726,100.43431854248047,25154700.0
2016-06-14,100.16470783566942,100.79689674644163,99.69986325695352,100.43431854248047,24588500.0
2016-06-15,100.67604070532195,100.81549549890927,99.9787738303508,100.1461181640625,24605700.0
2016-06-16,99.65334655168147,100.53654809053738,99.01185899828253,100.4435806274414,32079900.0
2016-06-17,100.23571078478585,100.3755369703709,99.03321696772274,99.2662582397461,29208800.0
2016-06-20,100.4221725684096,100.89757175877938,99.81626369096092,99.89083862304688,20562800.0
2016-06-21,100.02132585272518,100.41283351832482,99.83488855111402,100.20775604248047,22804100.0
2016-06-22,100.26371625161838,100.8509850526709,99.88153210489583,99.96542358398438,22724200.0
2016-06-23,100.73910395429738,101.41026410997847,100.31963241292513,101.39161682128906,18714200.0
2016-06-24,97.78412883625812,99.27559170237329,97.0011063866377,97.21550750732422,68012700.0
2016-06-27,96.57231222022801,96.57231222022801,94.84780804183852,95.28592681884766,48222600.0
2016-06-28,96.33929634685217,97.42061166583954,96.29269234218691,97.3740005493164,28260600.0
2016-06-29,98.1383360946976,99.30354241632321,98.09173210894558,99.09846496582031,31356700.0
2016-06-30,99.26628730788312,100.31031507253815,98.93070720895318,100.24506378173828,36300800.0
2016-07-01,100.19843952628027,101.12128823321953,100.16115206330588,100.74842071533203,19902800.0
2016-07-05,100.21712308732829,100.35694934612833,99.5925667462693,100.13322448730469,21167900.0
2016-07-06,99.65777465627022,101.00008756961758,99.34083482282833,100.95348358154297,24579300.0
2016-07-07,101.04670018512664,101.47549528586327,100.77637144756008,101.25177764892578,19161700.0
2016-07-08,101.79245300541167,102.87376822117436,101.62466295854702,102.81784057617188,29457900.0
2016-07-11,103.16271015534666,103.78725906698578,103.15339362486034,103.40507507324219,20218500.0
2016-07-12,104.03893297445495,104.20672295369654,103.7872444496654,103.92707061767578,21906100.0
2016-07-13,104.16946912461857,104.2347204091709,103.6660990244191,103.67542266845703,21107800.0
2016-07-14,104.36522569727815,104.57962684459679,104.12286072897376,104.38387298583984,20871000.0
2016-07-15,104.62623525281721,104.68217000900343,103.98304600746117,104.2160873413086,17999300.0
2016-07-18,104.28133474446973,105.09231400445063,104.2626874558168,104.9058837890625,20713900.0
2016-07-19,104.54235181958927,104.84996811075149,104.3372742921478,104.5237045288086,18936700.0
2016-07-20,105.09230733435042,105.9405811177981,104.96180476949023,105.74482727050781,24997900.0
2016-07-21,105.8193817641645,106.02445922937414,105.21348012295213,105.50244903564453,18885400.0
2016-07-22,105.57703839618536,106.06176119784023,105.25078198046992,105.94058227539062,20003400.0
2016-07-25,105.8566831813158,105.97786921502285,105.59567805003363,105.94990539550781,12968100.0
2016-07-26,105.91262430355326,106.45327477436588,105.53975675992406,106.07109069824219,21223800.0
2016-07-27,106.96594622002726,107.0871251238866,106.36003747701987,106.80747985839844,27646100.0
2016-07-28,106.97528140279071,107.3015378036507,106.63970135851868,107.18035888671875,16939700.0
2016-07-29,107.4227229041625,107.70237532777222,107.07782630848126,107.41340637207031,22385300.0
2016-08-01,107.48794829647692,108.25232334345067,107.35744576005615,107.98199462890625,13990100.0
2016-08-02,107.82357212762243,107.91678724699418,106.47193511708777,107.16173553466797,21278400.0
2016-08-03,107.07784130301538,107.52527670921921,107.01259000994992,107.51595306396484,15011300.0
2016-08-04,107.4786659996146,107.9261013778969,107.22697737645585,107.82356262207031,12835300.0
2016-08-05,108.37353069281743,109.10061842802526,108.25234466237862,108.8582534790039,23196600.0
2016-08-08,108.91419000561756,108.94216093851755,108.392179714527,108.7370834350586,12358200.0
2016-08-09,108.82097186841126,109.3336656127843,108.75572058384166,108.98876190185547,13276500.0
2016-08-10,109.05401831940745,109.08198214098825,108.42014562010031,108.70912170410156,14688400.0
2016-08-11,109.08197157457259,109.4082350930298,108.85825391173998,109.1751937866211,12969800.0
2016-08-12,108.98878880364512,109.25911765268943,108.86760984863562,109.24979400634766,19379000.0
2016-08-15,109.38960961721355,109.96755473261264,109.3523221473306,109.71586608886719,11777800.0
2016-08-16,109.5107785533506,109.5200950854717,109.09129991663451,109.10994720458984,14161400.0
2016-08-17,109.1379045577054,109.34298204192275,108.53199574847852,109.30569458007812,15980300.0
2016-08-18,109.20316137328663,109.4921303274096,109.01672405461332,109.33366394042969,10036300.0
2016-08-19,109.1379045577054,109.54805241428394,108.83961197480455,109.30569458007812,18743000.0
2016-08-22,109.14724529072525,109.57604764108962,108.94217487289336,109.38961029052734,14500600.0
2016-08-23,109.81841429772193,110.0048516631707,109.53876891733623,109.58537292480469,11997900.0
2016-08-24,109.51078002234206,109.65992276870246,108.51336345904953,108.87690734863281,17728700.0
2016-08-25,108.5972369631961,109.03535570944236,108.46673441476388,108.69977569580078,24266300.0
2016-08-26,108.73707456042135,109.5667010389899,108.2057406683959,108.8582534790039,23896000.0
2016-08-29,108.88619924356105,109.29635414899697,108.86755907142991,109.00738525390625,11184900.0
2016-08-30,108.83028902092401,109.14722178082717,108.28031495690755,108.6531753540039,19843300.0
2016-08-31,108.48537080043447,108.65316080139714,108.08453952657116,108.54130554199219,16169800.0
2016-09-01,108.57863362215781,108.95149410881481,108.04729960562787,108.82099151611328,20944700.0
2016-09-02,109.36162398700554,109.58534164983816,108.76503881154775,109.1751937866211,18088200.0
2016-09-06,109.36162069742916,109.85566711425781,109.11925575473464,109.85566711425781,18525200.0
2016-09-07,109.95822405196992,110.10737392195897,109.5014650208786,109.92093658447266,17546900.0
2016-09-08,109.59468856763537,109.622652392446,108.98877961992682,109.27775573730469,20125300.0
2016-09-09,108.36420627258008,108.60657121986429,106.5091994855563,106.52783966064453,50813300.0
2016-09-12,105.93125502094541,108.58792447530065,105.92193137742663,108.43878173828125,39646000.0
2016-09-13,107.8981479643268,108.2150807951955,106.9473423598629,107.46935272216797,45863900.0
2016-09-14,107.58117048979591,108.56926315465458,107.5531995646873,107.98199462890625,28221800.0
2016-09-15,108.01000540021418,109.82772505083578,108.00068175507171,109.6599349975586,38521400.0
2016-09-16,109.54218258165567,109.7197400113668,109.06558518750613,109.60759735107422,27596500.0
2016-09-19,109.88791698496964,110.2243377555867,108.91604268060193,109.13097381591797,16222900.0
2016-09-20,109.52351386341542,109.7851801311859,109.14971916881116,109.33661651611328,18078600.0
2016-09-21,109.80384320009153,110.5701335653222,109.1590353712928,110.41127014160156,31546800.0
2016-09-22,111.05605531531928,111.41117013008018,110.94391979880467,111.28968048095703,22614400.0
2016-09-23,111.20557384870807,111.20557384870807,110.42059674966656,110.57946014404297,22213400.0
2016-09-26,109.95335156139694,110.08418108399836,109.4954411026177,109.65430450439453,16403900.0
2016-09-27,109.5795557662213,110.79440241712952,109.47676011726392,110.73833465576172,20238400.0
2016-09-28,110.87851117568435,110.99064669840661,110.35518592750678,110.92523193359375,14794300.0
2016-09-29,110.73833302774318,110.94392432263544,109.64496891909748,110.1215591430664,27207500.0
2016-09-30,110.41122846673969,111.27096716084503,110.29908584720191,110.94389343261719,25543200.0
2016-10-03,110.80375157485999,110.92523410341032,110.35518808617263,110.78506469726562,19216400.0
2016-10-04,111.11212837952095,111.355100544105,110.19631460819592,110.6168441772461,21239700.0
2016-10-05,110.943931240363,111.36445373000942,110.89720335054675,111.00934600830078,14481300.0
2016-10-06,110.8691611890429,111.18689513078077,110.41125784767378,110.9532699584961,11987100.0
2016-10-07,111.05604201280677,111.21491252496305,110.16826934159218,110.71028137207031,19984200.0
2016-10-10,111.28035667698626,111.65415842191985,111.23362878524132,111.41118621826172,19687300.0
2016-10-11,111.31773966171319,111.33642654095806,109.33659536701238,109.8225326538086,27774400.0
2016-10-12,109.92528629381687,110.10284366230945,109.39262131801182,109.72904205322266,14267800.0
2016-10-13,108.98150870436852,109.63565654960276,108.34604774199379,109.33661651611328,22821000.0
2016-10-14,109.87862043248683,110.3178370078246,109.40202296460157,109.46743774414062,21313300.0
2016-10-17,109.37397204946984,109.61694424836274,109.02820419449435,109.16838073730469,14182700.0
2016-10-18,110.46733262510394,110.65423705260969,110.08419102564822,110.1402587890625,19276700.0
2016-10-19,110.05613576065292,110.28976091752163,109.93465324576383,110.13089752197266,13702900.0
2016-10-20,110.0187779312121,110.24305611795413,109.36462311950828,110.00008392333984,18132200.0
2016-10-21,110.08419628991932,110.47668491193801,109.71974155094836,110.41127014160156,15707800.0
2016-10-24,111.1214839650545,111.81301250109509,111.10278995804885,111.73825073242188,19143000.0
2016-10-25,111.80365536832771,111.8223493736397,111.21492253513254,111.38313293457031,20341800.0
2016-10-26,110.66356343709685,111.23360939457105,110.29910875998044,110.62618255615234,20463700.0
2016-10-27,111.10278773062508,111.19623637475578,109.96269573507676,110.1215591430664,19099800.0
2016-10-28,109.80382487418503,110.37387083326749,109.0936023935837,109.43002319335938,35369300.0
2016-10-31,109.83187891191622,109.83187891191622,109.27117985259989,109.3272476196289,18749400.0
2016-11-01,109.51416073582605,109.53284761642448,107.56105018336045,108.50489807128906,23498700.0
2016-11-02,108.43009673978686,108.68241587872595,107.36476669235664,107.63577270507812,26960100.0
2016-11-03,107.45825231866348,107.81336720985574,106.4583366797091,106.57982635498047,36205200.0
2016-11-04,106.31813679778503,107.03770629756465,106.01909687220335,106.20600128173828,26997500.0
2016-11-07,107.92549288386554,108.84130678360829,107.74794258417698,108.72916412353516,26591200.0
2016-11-08,108.61702635918527,109.93466872198745,108.36470716162901,109.43938446044922,20777900.0
2016-11-09,108.15910062348851,110.12155051517574,108.02827110602095,109.94400024414062,70234400.0
2016-11-10,110.47669050686834,110.62620693392002,106.71999313536485,108.16847229003906,72825400.0
2016-11-11,107.70120882087117,108.44881225457792,107.31806010043591,108.2151870727539,41115200.0
2016-11-14,108.24320830319033,108.34600394155291,106.5611043387789,107.1218032836914,35906000.0
2016-11-15,107.93480166462857,108.98144473230104,107.77593829970682,108.6076431274414,31796600.0
2016-11-16,108.09370865629218,109.32724945941662,108.09370865629218,109.25249481201172,16538100.0
2016-11-17,109.1964072614678,110.06549321271626,108.97212908588986,110.04680633544922,20598600.0
2016-11-18,110.1776398929105,110.36453719111175,109.53283209366889,109.63562774658203,16428700.0
2016-11-21,109.906632714685,110.87851434084443,109.86925182948562,110.77571868896484,20268500.0
2016-11-22,111.21494012666851,111.38315055271313,110.84113838771655,111.11214447021484,18850600.0
2016-11-23,110.74770589706768,110.86918844984335,110.1776597661547,110.6635971069336,22926000.0
2016-11-25,110.79442193106738,111.06542804153439,110.66359237838343,111.01870727539062,7162800.0
2016-11-28,110.87853061150744,111.28036627427387,110.6542523970747,110.76638793945312,13479000.0
2016-11-29,110.86917540884919,111.68219367935838,110.5514485560349,111.14952850341797,18553000.0
2016-11-30,111.28967024355413,111.32705112217846,109.7664368703991,109.80381774902344,30405300.0
2016-12-01,109.76646927529687,109.77581628013074,107.73860413656409,107.90681457519531,39796600.0
2016-12-02,107.9722258244533,108.5516189007497,107.67318584661413,108.12174224853516,32876800.0
2016-12-05,108.68246070126456,109.39267627267444,108.18716922084742,108.96280670166016,21419700.0
2016-12-06,109.27118468148213,109.4113612349247,108.76655336689429,109.22445678710938,27293300.0
2016-12-07,109.00014838201535,110.74766705415887,108.67307460104564,110.60749053955078,26622400.0
2016-12-08,110.65425553535259,111.08412509590522,110.43931719023824,110.80377197265625,18578400.0
2016-12-09,111.21492534802758,111.71020955621181,111.20557834513517,111.6728286743164,21863100.0
2016-12-12,111.17755226477853,111.40183044220893,110.7103019028216,111.16820526123047,23259300.0
2016-12-13,111.50463124374532,113.17738847239373,111.50463124374532,112.56996154785156,54477900.0
2016-12-14,112.7101359542063,113.07459067609409,112.00926039216439,112.33633422851562,28746000.0
2016-12-15,112.485843990353,113.17737246387493,112.21483795066929,112.51387786865234,22762300.0
2016-12-16,112.79038297031926,113.01533155194417,111.87186795634128,112.09680938720703,26283900.0
2016-12-19,112.2093080171969,113.24967219290889,112.04997476705452,112.55609130859375,21138700.0
2016-12-20,112.91221502664445,113.19338998550276,112.78099861569228,112.98719787597656,11461800.0
2016-12-21,113.0340789855418,113.1090618495952,112.64980432109732,112.90286254882812,7079300.0
2016-12-22,112.9122314437289,112.94034822862702,112.1436750032242,112.58419036865234,16645000.0
2016-12-23,112.39672396086961,112.70602287079271,112.29362432422857,112.6591567993164,9007500.0
2016-12-27,112.90284158834429,113.89633932494993,112.85598267007994,113.2402572631836,16110600.0
2016-12-28,113.48395908092505,113.58705872227979,112.28426196417043,112.35923767089844,17975200.0
2016-12-29,112.33112182182236,112.59355467445148,111.84374754561956,112.19990539550781,13267500.0
2016-12-30,112.41547833430795,112.42484582842008,110.72839979547416,111.04707336425781,41749000.0
2017-01-03,111.78751537173287,112.46234684479718,111.4313574946198,112.04058074951172,22307600.0
2017-01-04,112.16241410466426,112.85599481690608,112.15304661045805,112.64979553222656,19749100.0
2017-01-05,112.56543478758752,113.3621079684689,112.56543478758752,113.2871322631836,20644300.0
2017-01-06,113.4089683961108,114.58054864813674,113.11841878185105,114.28062438964844,24074300.0
2017-01-09,114.37433549147863,114.86171682156466,114.29935264827193,114.655517578125,18909200.0
2017-01-10,114.70240818250092,115.25539786548562,114.43997530952899,114.90860748291016,16176600.0
2017-01-11,114.95546265972615,115.2178955078125,114.36498160077308,115.2178955078125,20686000.0
2017-01-12,114.80550173581166,115.1148006699998,113.97133708355334,115.0398178100586,19622500.0
2017-01-13,115.09606357531602,115.63030396198563,115.09606357531602,115.43347930908203,16930800.0
2017-01-17,115.13354410558544,115.31162661226058,114.74926945788971,115.08668518066406,14538500.0
2017-01-18,115.25539855626614,115.43348107146136,114.96484889527144,115.32100677490234,12499700.0
2017-01-19,115.48971958919667,115.89274356400634,115.0210873929417,115.26477813720703,12710700.0
2017-01-20,115.7708575360323,116.06141426716411,115.20850051079667,115.5177993774414,22091000.0
2017-01-23,115.44286437306648,115.78028015818352,114.88050711479163,115.611572265625,17434200.0
2017-01-24,115.83647575136337,116.56754781320943,115.63965113305186,116.38946533203125,17640900.0
2017-01-25,117.12053509121083,117.58916719728198,117.01743545581449,117.56105041503906,15036200.0
2017-01-26,117.72041379947109,117.92661312313507,117.47672303961727,117.68292236328125,16052200.0
2017-01-27,117.9359536953912,118.02030403937732,117.52355516721492,117.9078369140625,15053000.0
2017-01-30,117.5142151734877,117.5142151734877,116.34263460095059,116.98934936523438,25006700.0
2017-01-31,116.57693762632753,116.78313692806388,116.08018866346788,116.75502014160156,19091100.0
2017-02-01,117.57979255294819,117.79536646807463,117.02681010014828,117.56105041503906,22861900.0
2017-02-02,117.35486239085601,117.81411989660594,117.02682131532035,117.45796203613281,15101400.0
2017-02-03,117.5797980840101,117.91721378831434,117.46733094974788,117.79537200927734,16957200.0
2017-02-06,117.59854317006119,117.95470100042554,117.48606888906052,117.93595886230469,11630100.0
2017-02-07,118.17962358334101,118.61077134977407,118.06715647101709,118.36708068847656,17541100.0
2017-02-08,118.20778407179154,118.73264982698812,117.98283547605618,118.5639419555664,12569100.0
2017-02-09,118.68577248442102,119.25750426382442,118.62016427124813,118.99507141113281,17542700.0
2017-02-10,119.25748598634263,119.55741022213202,119.05128673347035,119.38870239257812,13915700.0
2017-02-13,119.75426201495755,120.21351954103035,119.70740308824124,120.06356811523438,19120200.0
2017-02-14,120.11041822988628,120.47595074671115,119.726143572786,120.46658325195312,16333500.0
2017-02-15,120.38217492087233,121.23508848322344,120.3165595846091,121.17884063720703,17891400.0
2017-02-16,121.25388560367738,121.49758349010284,120.83211950223524,121.14141845703125,15098300.0
2017-02-17,120.96334956385233,121.67567971022089,120.94460027012664,121.66629791259766,15563700.0
2017-02-21,121.90060363132498,122.34111903641993,121.83500256116167,122.2661361694336,18479600.0
2017-02-22,122.15363221180134,122.39731572993935,121.94743296510177,122.3129653930664,12110900.0
2017-02-23,122.50042090824583,122.50042090824583,121.36633930148687,121.85370635986328,17489000.0
2017-02-24,121.30076736969227,122.08806610107422,121.26328308313546,122.08806610107422,18624500.0
2017-02-27,121.86307617363025,122.2473435662034,121.65687693785222,122.23797607421875,12008700.0
2017-02-28,122.20988133017346,122.26611489524873,121.52568245256258,121.86309814453125,16598600.0
2017-03-01,122.64105581236511,123.41897270028804,122.4067397059613,123.19403839111328,25813800.0
2017-03-02,123.16591294685787,123.18464793695904,122.42546609380618,122.57543182373047,19951400.0
2017-03-03,122.49106272571645,122.83784590928813,122.16301452937994,122.80036163330078,13722700.0
2017-03-06,122.39733277375663,122.73474846974874,122.04118209019407,122.52854919433594,12026200.0
2017-03-07,122.28487289885187,122.85660468705719,122.10679039574427,122.32235717773438,15500900.0
2017-03-08,122.39732751037914,122.92219317012588,122.27549289034147,122.53792572021484,15776000.0
2017-03-09,122.50979533733624,122.8003449166162,121.9755479420034,122.63162994384766,20855300.0
2017-03-10,123.19402183700595,123.34398755731769,122.61292254769573,123.14715576171875,21922600.0
2017-03-13,123.10025958667846,123.38144166813044,123.03465853853136,123.35332489013672,10731600.0
2017-03-14,123.07215504941762,123.1190211179067,122.55665689907012,123.05340576171875,14019700.0
2017-03-15,123.30650652639262,124.1031870151099,122.91285718068583,123.81263732910156,22709100.0
2017-03-16,124.04695990678876,124.04695990678876,123.44711121040112,123.72827911376953,18457300.0
2017-03-17,123.88223960249458,124.01372890298872,123.61926100150629,123.68501281738281,21234500.0
2017-03-20,123.64747475265956,124.07951934951438,123.4690361924234,123.7977523803711,10105200.0
2017-03-21,124.26739211208431,124.38009319706825,121.84421846605967,121.91935729980469,35841900.0
2017-03-22,121.9569134839099,122.86795198519631,121.79723453186753,122.745849609375,29177900.0
2017-03-23,122.58616018030176,122.92427764154118,122.22925443475407,122.43588256835938,20311700.0
2017-03-24,122.83035995752365,123.3093537596014,122.21987681774243,122.68948364257812,22967600.0
2017-03-27,121.81600812767955,123.10274057965923,121.53424116506473,122.88671112060547,18472400.0
2017-03-28,122.88672579082593,124.00439246615856,122.61436010424984,123.63809967041016,23721900.0
2017-03-29,123.7226034506578,124.25796208138418,123.59111411997692,124.21099853515625,13710000.0
2017-03-30,124.16401851747716,124.54909948169468,124.05131748649069,124.41761016845703,16092400.0
2017-03-31,124.23918752119157,124.67123213044884,124.09831119820757,124.33311462402344,19841400.0
2017-04-03,124.43639504806279,124.73693589956203,123.56291908802145,124.25794219970703,23700300.0
2017-04-04,123.90108275171494,124.47400374285212,123.85411919547118,124.45521545410156,13400000.0
2017-04-05,124.63365819901115,125.36624375658617,123.71323276305402,123.94803619384766,32011200.0
2017-04-06,124.07012828471687,124.34249393611594,123.69443422781467,124.01376342773438,18832200.0
2017-04-07,123.97621145904176,124.32371595061186,123.5066045974545,123.94803619384766,16743100.0
2017-04-10,124.07015683404146,124.51158849543845,123.65690044198757,123.9950180053711,15619300.0
2017-04-11,123.88229912127454,124.07015335331339,122.56740548459744,123.45965576171875,33778400.0
2017-04-12,123.440862162189,123.54417625285977,122.8303789281214,122.96186828613281,15955200.0
2017-04-13,122.79280087729202,123.51598508764037,122.45468338145855,122.47345733642578,23683000.0
2017-04-17,122.82098214143538,123.50660414408206,122.77401858919623,123.4878158569336,13325500.0
2017-04-18,123.07457131938145,123.65689362666562,122.99004551601074,123.29998779296875,12841100.0
2017-04-19,123.83531747759427,124.24855941861243,123.32813411388238,123.49720001220703,17764800.0
2017-04-20,123.9949977407573,124.8027221028738,123.80715786541334,124.53034210205078,21977900.0
2017-04-21,124.64308795501452,124.69003718687699,124.18286796636986,124.502197265625,22454900.0
2017-04-24,125.8828338291763,126.12702427608082,125.66681865186592,126.00493621826172,22469900.0
2017-04-25,126.41818766360745,127.14137199655931,126.30547225837844,126.91596984863281,19384400.0
2017-04-26,126.96290517500664,127.27284742573795,126.66236423358681,126.73750305175781,25398500.0
2017-04-27,127.04747234191574,127.498291015625,126.97233350775299,127.498291015625,16136500.0
2017-04-28,128.00543123907684,128.0523947911998,127.51705042453744,127.72367858886719,22771900.0
2017-05-01,128.14632539519872,129.02918860667114,128.0899748636178,128.86012268066406,24815500.0
2017-05-02,129.0197908243005,129.13250622180803,128.6910746040042,129.07614135742188,18345100.0
2017-05-03,128.78497560675387,128.8319391571492,128.31536876532755,128.6628875732422,23827600.0
2017-05-04,128.64410136058513,129.07613163615417,128.25902030490477,128.7098388671875,14630100.0
2017-05-05,129.038597524049,129.17947387695312,128.55960359290822,129.17947387695312,19330700.0
2017-05-08,129.2452427212951,129.4612579345703,128.9822639404552,129.4612579345703,13279900.0
2017-05-09,129.65845662325506,130.20320229939256,129.54574123184673,129.91204833984375,28426100.0
2017-05-10,129.98716735839844,130.03413090857123,129.5269618279898,129.98716735839844,20499400.0
2017-05-11,129.63025750021254,129.92141140617545,129.0291614046326,129.8838348388672,27232100.0
2017-05-12,129.9402453593378,130.20322409787815,129.8275299490588,130.175048828125,19738600.0
2017-05-15,130.2314110529863,130.66344144881057,130.10930865225572,130.5883026123047,20481300.0
2017-05-16,130.92639794061964,131.15181441179442,130.5413311745191,131.13302612304688,21786000.0
2017-05-17,130.0905055156162,130.33471028921096,127.78004746459509,127.79883575439453,55642200.0
2017-05-18,127.75182727581513,129.3484873969707,127.61093664875783,128.91644287109375,41319900.0
2017-05-19,129.37673211171506,130.00600378952979,129.29220628885983,129.4612579345703,36730100.0
2017-05-22,129.75236757453732,130.6164567943917,129.70541835431237,130.5507049560547,19509700.0
2017-05-23,130.93579693437277,130.94518391294784,130.34408766504706,130.6822052001953,19687500.0
2017-05-24,131.07665127484523,131.3490312517329,130.71035853417013,131.2832794189453,15891900.0
2017-05-25,131.78110109917426,132.73910329780327,131.4993340606049,132.40098571777344,23928600.0
2017-05-26,132.4291749946029,132.69215377007654,132.25072204025972,132.63580322265625,13851600.0
2017-05-30,132.57003644562016,132.90815402336338,132.48551063400103,132.7484893798828,20306400.0
2017-05-31,133.21807800932226,133.21807800932226,132.02528683713913,132.70150756835938,33229400.0
2017-06-01,132.97387295983808,133.2744138816229,132.41033902600452,133.2180633544922,20120700.0
2017-06-02,133.68766449624752,134.76776876822495,133.4716493743571,134.73959350585938,37222900.0
2017-06-05,134.73016828687972,134.94618337043377,134.52354017869408,134.7113800048828,15727500.0
2017-06-06,134.55179682297592,134.9932285637232,133.97887569123597,134.17611694335938,22393000.0
2017-06-07,134.55173349477406,134.8147121529857,133.93186341828206,134.70201110839844,18842400.0
2017-06-08,135.00260592124934,135.05895646006616,134.11034128576264,134.8429412841797,25417400.0
2017-06-09,135.00259874142918,135.15286205986047,129.7148203842566,131.4711456298828,109783700.0
2017-06-12,130.36291424285793,131.001572923907,129.11375782475633,130.7667694091797,104454000.0
2017-06-13,131.499302924892,132.01587331808048,130.81368094734916,131.82803344726562,51193000.0
2017-06-14,132.3633923446343,132.3633923446343,130.1938107860323,131.255126953125,60093800.0
2017-06-15,129.9308189426269,130.81368210767766,129.13249590176667,130.6728057861328,55145200.0
2017-06-16,130.60497312058422,130.6991560968704,129.62553627060893,130.1058349609375,48087400.0
2017-06-19,131.36783643953007,132.40377745096046,131.1700579138144,132.28135681152344,39626500.0
2017-06-20,132.1494688732391,132.31898095465317,131.19826984874268,131.245361328125,40935100.0
2017-06-21,131.5467834842929,132.6109910691298,131.46202740328164,132.54507446289062,35743400.0
2017-06-22,132.75225529605788,132.99711096790188,132.16834658580277,132.50738525390625,24099100.0
2017-06-23,132.356693226183,133.1854575770879,131.98940254708782,133.0159454345703,21654300.0
2017-06-26,133.7787699567573,134.00478613181238,132.10241626367005,132.3943634033203,34411100.0
2017-06-27,131.89524338764485,132.05534299050032,129.9834463348948,129.99285888671875,65957800.0
2017-06-28,130.47315549269257,131.97999723695403,129.7197489908697,131.8669891357422,57427200.0
2017-06-29,131.32076084041188,131.32076084041188,128.31650424005596,129.57847595214844,88769400.0
2017-06-30,129.9457790684797,130.59560446044986,129.20178503888062,129.62557983398438,68898300.0
2017-07-03,130.21888296151573,130.36955563471616,128.17523843372805,128.25999450683594,32797000.0
2017-07-05,128.66497137775605,129.87043918765113,128.23176401780208,129.52198791503906,42116600.0
2017-07-06,128.53308027270347,129.0793099345075,127.89268200250184,128.35414123535156,48430500.0
2017-07-07,128.78737099228323,130.0870214552736,128.77795844193759,129.73855590820312,36970400.0
2017-07-10,129.8233178560467,130.89693770780713,129.49369180152087,130.58615112304688,24853500.0
2017-07-11,130.39783359652003,131.11357556121212,129.9081078468314,130.95347595214844,31517700.0
2017-07-12,132.0741779598509,132.6580722997984,131.8104828146935,132.50738525390625,36045800.0
2017-07-13,132.66743836229486,133.11949934156112,132.41317022804802,132.79928588867188,31073600.0
2017-07-14,133.39261887793285,134.01419200231277,132.96882424596612,133.84466552734375,34544800.0
2017-07-17,133.98595752682195,134.38150019313042,133.65633145307865,133.91061401367188,25343200.0
2017-07-18,133.81644912570303,134.83356513531515,133.39265438094156,134.80531311035156,25748500.0
2017-07-19,135.2008318620418,135.7941530217098,135.14432782213157,135.59637451171875,33752300.0
2017-07-20,135.94487137774556,136.0296274571477,135.16319844809493,135.7753448486328,36139400.0
2017-07-21,135.2761616814599,135.7187957763672,135.0030540594317,135.7187957763672,39697100.0
2017-07-24,135.69994999374586,136.43453114466462,135.53985044755106,136.34036254882812,26712700.0
2017-07-25,135.88831731515026,136.31212634162577,135.62462222374154,135.99191284179688,28120900.0
2017-07-26,136.33097476812736,136.50991383298077,136.11437112818714,136.4345703125,18610600.0
2017-07-27,137.32925765583727,137.46110521643945,134.01421479887432,135.5775604248047,80665900.0
2017-07-28,134.767651375468,135.69058440779014,134.55103335243612,135.4645538330078,38013200.0
2017-07-31,135.8506262197417,136.0201383009885,134.59806759497786,134.8900146484375,33848600.0
2017-08-01,135.35159958539725,135.3892641776932,134.78653010876172,135.20091247558594,20149400.0
2017-08-02,136.0767262550434,136.1049782830258,134.3061891931653,135.5681610107422,41769700.0
2017-08-03,135.6999634253269,135.7753069316354,134.79587009023342,135.0407257080078,27112800.0
2017-08-04,135.34211716962395,135.58697281894354,134.72995649086545,135.2855987548828,29472900.0
2017-08-07,135.53046236308424,136.14260864257812,135.34211076710966,136.14260864257812,17933900.0
2017-08-08,135.8788982508515,136.99960952075836,135.52102019953898,135.9071502685547,30810400.0
2017-08-09,134.7864533633887,135.79415666987782,134.47566676522774,135.7282257080078,36169500.0
2017-08-10,134.95600389629124,135.05017252534307,132.68632869261216,132.81817626953125,63331700.0
2017-08-11,132.99707204210554,134.1177832661668,132.6956980385279,133.82583618164062,45862500.0
2017-08-14,134.89003294068826,135.75646167081595,134.85236837429306,135.5492706298828,34161000.0
2017-08-15,135.88831875930313,135.89774567929237,135.2761725128069,135.64346313476562,25509200.0
2017-08-16,135.9825170482009,136.51933421705485,135.4268747778586,135.87892150878906,31913000.0
2017-08-17,135.35154368869442,135.55873478654195,133.1007080078125,133.1007080078125,70191000.0
2017-08-18,133.17605729015517,133.92005126800873,132.46030096834784,133.00653076171875,60751900.0
2017-08-21,132.9970899285135,133.28903705230283,132.01763865546593,132.8369903564453,37111500.0
2017-08-22,133.55273812178496,135.00307562581233,133.50564662900115,134.86180114746094,36294200.0
2017-08-23,134.1837217257584,134.6828599265495,134.0895531120144,134.38150024414062,25702300.0
2017-08-24,134.6828796236396,134.83356667203458,133.2325563011845,133.98597717285156,38160800.0
2017-08-25,134.50392712212806,134.84295135548828,133.52447588029324,133.7034149169922,26380400.0
2017-08-28,134.10840144691898,134.42861502598186,133.68460668588392,134.11782836914062,15362100.0
2017-08-29,132.96883382736254,134.87121790407429,132.84639882941278,134.6451873779297,24498300.0
2017-08-30,134.7581934843475,136.45338647986904,134.67343742714758,136.22735595703125,33642700.0
2017-08-31,136.6135288758036,137.69657597069912,136.53818534456929,137.68714904785156,38480700.0
2017-09-01,137.86599348408444,138.05434499769981,137.13141252177493,137.4987030029297,22293600.0
2017-09-05,137.09382479350478,137.38577195875848,135.23853188558766,136.2650604248047,44794300.0
2017-09-06,136.61351238863588,136.99022999934343,135.6905793904405,136.679443359375,30722700.0
2017-09-07,136.93370282253994,137.34808498266307,136.50049556081598,136.9996337890625,22721100.0
2017-09-08,136.82072327513396,136.88665425541097,135.67175954429908,135.8130340576172,27890100.0
2017-09-11,136.87718932088515,137.61177060115207,136.83952474997903,137.37632751464844,27126300.0
2017-09-12,137.76242138504625,137.8848563563177,137.0560923113451,137.70591735839844,30256700.0
2017-09-13,137.47053811894483,137.91317236013342,137.24450753717565,137.8943328857422,28450900.0
2017-09-14,137.3575184218494,137.77188623132912,136.99964029015933,137.0843963623047,35296400.0
2017-09-15,137.05617474767263,138.0544514730305,136.8301441348271,137.55531311035156,46422400.0
2017-09-18,137.7147807132265,138.14893615682954,136.95971086141654,137.375,24858200.0
2017-09-19,137.6204255864813,137.80918949563662,137.14850861271145,137.61099243164062,20871200.0
2017-09-20,137.5637918398918,137.71480872131914,136.12916026985707,137.18626403808594,34236200.0
2017-09-21,137.09182886391108,137.10126201517255,135.86484231730765,136.34620666503906,28841800.0
2017-09-22,135.91206235126594,136.41229309527907,135.77049304702084,136.21409606933594,21702400.0
2017-09-25,135.67613464000425,135.75164308662423,134.11881433353747,134.7794952392578,54947700.0
2017-09-26,135.46839690839374,135.7232359403716,134.65669966729146,135.1286163330078,29628800.0
2017-09-27,135.84596161302701,136.85587046655493,135.50619534652154,136.34620666503906,33249400.0
2017-09-28,136.0159191834665,136.44064160582226,135.70445223326857,136.299072265625,24149400.0
2017-09-29,136.5727642142911,137.38446195484946,136.2141171208555,137.2806396484375,43102400.0
2017-10-02,137.48824662613413,137.96016345305233,136.78980453766212,137.40330505371094,27351300.0
2017-10-03,137.58260641066207,137.85631177512903,137.2805727930035,137.69586181640625,19715200.0
2017-10-04,137.43167066794513,138.12066546222866,137.2995344827159,137.8280792236328,26381100.0
2017-10-05,138.3283208360023,139.2532742044188,138.18675148432408,139.1777801513672,31562400.0
2017-10-06,138.7058352684556,139.36651611328125,138.7058352684556,139.36651611328125,23561100.0
2017-10-09,139.54577425315037,139.69677665214402,139.0266630016743,139.20599365234375,13704800.0
2017-10-10,139.67792419912954,139.8194934627677,138.69632929871744,139.30982971191406,19223100.0
2017-10-11,139.24379339986103,139.75347169502425,139.0644626812577,139.7251434326172,12439100.0
2017-10-12,139.51751622460938,140.017746975697,139.32873794726564,139.47032165527344,14513500.0
2017-10-13,140.03662990464943,140.1687660734185,139.47977136496266,140.00831604003906,18409900.0
2017-10-16,140.3575031522639,140.5273862900339,140.05546948277313,140.48963928222656,21809400.0
2017-10-17,140.44251064975316,140.68790232009124,140.22543284900158,140.6690216064453,13138200.0
2017-10-18,140.81056661296356,140.8294473214146,140.29145514376648,140.4990997314453,17218200.0
2017-10-19,139.6779763850197,139.99887643699702,138.99841486214913,139.97999572753906,27680300.0
2017-10-20,140.54626200479603,140.66895057713236,140.18760063544937,140.3574981689453,30173300.0
2017-10-23,140.6500765907475,140.65950974140952,139.2437594472384,139.4419708251953,29297100.0
2017-10-24,139.71571027044246,139.97054941800727,139.15885180874477,139.67796325683594,20289500.0
2017-10-25,139.4042685147622,139.8573047684545,138.11122063983746,139.14942932128906,36179100.0
2017-10-26,139.06453406035334,139.41376252384993,138.66812540606887,138.7058868408203,28230200.0
2017-10-27,141.0370862445603,143.00970994971303,140.82000849008844,142.7454376220703,60165100.0
2017-10-30,142.6416076239611,143.6420691534405,142.50947146727063,143.0663299560547,31733400.0
2017-10-31,143.52878454890381,143.8119231116088,143.1134954545925,143.60427856445312,26319300.0
2017-11-01,144.180063603308,144.24613889017317,142.99083805559897,143.55714416503906,29481600.0
2017-11-02,143.3966569324383,143.45329905578885,142.30182071091951,143.2834014892578,31017400.0
2017-11-03,143.8025304428072,144.6802890378117,143.3117327930212,144.6614227294922,26199200.0
2017-11-06,144.54815331230208,145.20884855131612,144.5009731395972,145.15220642089844,28693900.0
2017-11-07,145.0389406616315,145.42591598230766,144.72747377438685,145.23715209960938,21333100.0
2017-11-08,145.16164585984762,145.8600736765619,144.99174828161892,145.82232666015625,17373500.0
2017-11-09,144.6236761036191,145.13335451562423,143.56658665910996,145.05784606933594,40594500.0
2017-11-10,144.71803717491215,145.16164020965883,144.46319801836898,145.04837036132812,20150800.0
2017-11-13,144.50090449914222,145.41642408221855,144.50090449914222,145.22764587402344,12522400.0
2017-11-14,144.717992641015,144.87844260820094,144.00068436387377,144.69911193847656,25173800.0
2017-11-15,144.07617421301399,144.40652169000066,143.2550436982406,144.01954650878906,24808000.0
2017-11-16,144.74632958910786,146.190393925947,144.7180157316607,145.86004638671875,34790600.0
2017-11-17,145.89782728679742,146.0016495785584,145.16163809131442,145.30320739746094,28725800.0
2017-11-20,145.40704969036597,145.53918586153193,144.9823273117441,145.18997192382812,21143900.0
2017-11-21,145.87893779569836,146.83221907222529,145.81287692406087,146.76614379882812,20147800.0
2017-11-22,146.89827052445594,147.0870343764359,146.61511754560667,146.94546508789062,17299000.0
2017-11-24,147.0964376979167,147.53059298674316,147.01148174857727,147.4833984375,8280600.0
2017-11-27,147.43623910115073,147.76657218897165,147.07757775838172,147.4173583984375,22653400.0
2017-11-28,147.74774256156942,147.88932627822837,146.95492559462045,147.79493713378906,25227300.0
2017-11-29,147.62504066769577,147.66278768101688,144.51981955734797,145.21826171875,71986300.0
2017-11-30,145.83176842272445,146.71897457912547,145.49198764797006,146.43582153320312,56595500.0
2017-12-01,145.53919207706667,146.52078744915985,143.70815191145257,145.8129119873047,59015800.0
2017-12-04,146.72841662202384,146.88886664827334,143.99128981663378,144.13287353515625,51319100.0
2017-12-05,144.10456138154433,145.86954067114436,143.55715036102507,144.22726440429688,40604200.0
2017-12-06,143.68926881038482,145.1050195686522,143.5193712304768,144.8784942626953,28647800.0
2017-12-07,144.8690776321783,145.78459771241967,144.71806074431592,145.3693084716797,32666200.0
2017-12-08,146.4358307932979,146.79449230093087,145.7845974687856,146.0111083984375,28081700.0
2017-12-11,146.07715440703302,147.19087132595112,146.06770685234918,147.1436767578125,20821500.0
2017-12-12,147.07760122445245,147.3796205072686,146.6339982513323,146.94546508789062,20310300.0
2017-12-13,147.5401810287433,147.7006311275507,147.01162173637002,147.2287139892578,24418500.0
2017-12-14,147.4834486482318,147.86099076895684,146.9643516350938,147.1248016357422,24594700.0
2017-12-15,147.7005737659494,148.95587459450692,147.45516773221237,148.79541015625,49816200.0
2017-12-18,149.7781132216501,150.16589785595187,149.50383532902248,150.04293823242188,26844500.0
2017-12-19,149.75915533099996,149.9104879938872,148.7376815043268,149.15383911132812,31415000.0
2017-12-20,149.6740704759816,149.70244355280104,148.40669160511274,148.9930877685547,38972600.0
2017-12-21,149.20116732397454,149.67407118237065,148.84175577339175,149.0120086669922,18638700.0
2017-12-22,148.7849896935368,148.89848198615073,148.4444983838165,148.84173583984375,23330400.0
2017-12-26,148.00946871725304,148.22700047164858,147.49872442029437,148.037841796875,21918700.0
2017-12-27,148.04730981176624,148.45401471438757,147.91489728270233,148.0567626953125,22388200.0
2017-12-28,148.5296482997458,148.5580358106446,148.0567444069485,148.2364501953125,25393800.0
2017-12-29,148.36883198725894,148.39720506040143,147.2622388390666,147.31898498535156,33186000.0
2018-01-02,148.07563064083277,149.93887270564983,147.7067662663292,149.9010467529297,32573300.0
2018-01-03,150.0429631080841,151.49004802538545,150.01459002593177,151.35763549804688,29383600.0
2018-01-04,151.87771694728661,152.07632837095107,151.4048133627323,151.62234497070312,24776100.0
2018-01-05,152.34124428016224,153.24921153734715,152.0574991003372,153.14517211914062,26992300.0
2018-01-08,153.1451340282142,153.81666363904503,153.0883878927392,153.74099731445312,23159100.0
2018-01-09,154.04364047809295,154.20442599785736,153.28700613376037,153.7504425048828,24782400.0
2018-01-10,153.06951161581156,153.41947027142885,152.3885289310016,153.39108276367188,34004000.0
2018-01-11,153.65589517289018,154.45037002150852,153.4194432942387,154.44090270996094,20473500.0
2018-01-12,154.30851919988947,155.73669805142413,154.10990766639293,155.57591247558594,37762700.0
2018-01-16,156.60685123478945,157.40132629259278,154.667942432958,155.1313934326172,41231800.0
2018-01-17,155.86911006356618,157.0419023617486,155.1124610258446,156.80545043945312,33849900.0
2018-01-18,156.559509021963,157.1931982936916,156.19064468672167,156.83380126953125,26432200.0
2018-01-19,157.29726474301387,157.5810099185824,156.56898882649318,157.3256378173828,38937600.0
2018-01-22,157.2688729043459,159.0091552734375,157.08916716686454,159.0091552734375,26081400.0
2018-01-23,159.5009741255044,160.46570180374513,159.42530779467404,160.32382202148438,37989700.0
2018-01-24,160.66430276634307,161.0142613274861,158.365997649466,159.28343200683594,54287400.0
2018-01-25,160.38060151339116,160.43734766023894,158.71597090250324,159.22671508789062,28925000.0
2018-01-26,160.1157614965889,161.6858055688131,159.80365769011843,161.66688537597656,32038200.0
2018-01-29,161.32639714825675,161.64796824446498,160.54137516736424,160.88186645507812,37277800.0
2018-01-30,159.41587389054246,160.23872188446603,158.7254383833638,159.5577392578125,44987700.0
2018-01-31,160.45622419558444,160.7778096889457,159.21721877548615,160.2197723388672,42449200.0
2018-02-01,158.99023106336546,160.53188732478634,158.34707452132653,158.85781860351562,38037900.0
2018-02-02,158.2336168834156,158.61193415668208,155.55697960101259,155.68939208984375,68478100.0
2018-02-05,154.23286111901092,156.76761870531504,149.43760938425206,149.5511016845703,105372200.0
2018-02-06,147.36627368423908,153.70318145286234,146.694758398173,153.51402282714844,118537900.0
2018-02-07,153.02217983214672,154.68681016800127,151.5183494616314,151.52781677246094,91028300.0
2018-02-08,151.91560916150496,152.08586203079562,145.13417053222656,145.13417053222656,94184800.0
2018-02-09,147.18661158661143,148.71883010259063,141.99413577633558,147.64060974121094,113836600.0
2018-02-12,149.15384393831334,151.28191087144936,147.98105184267556,150.26043701171875,63050600.0
2018-02-13,149.3998280871668,151.33872281262163,149.17282898679557,151.03607177734375,31785600.0
2018-02-14,150.14701064944967,154.1004809159388,149.4376546936255,153.86402893066406,52107400.0
2018-02-15,155.2448489440805,156.72030639648438,153.63697901343215,156.72030639648438,51633900.0
2018-02-16,156.20959015638903,157.7228736909428,155.7555921073318,156.0204315185547,62256300.0
2018-02-20,155.47187600088586,157.64722218856187,155.4056625338778,156.33255004882812,36785600.0
2018-02-21,157.09861756739937,158.63082096309031,155.79339871514364,155.8879852294922,41161800.0
2018-02-22,156.5689679066011,157.4012831285582,155.4718421698762,155.86907958984375,37074400.0
2018-02-23,157.12700135058583,159.0564422607422,156.48384475928248,159.0564422607422,50096900.0
2018-02-26,159.8036074745186,161.16555786132812,159.67119503002846,161.16555786132812,39266700.0
2018-02-27,161.21286933393245,161.4776942528449,159.09426998263274,159.169921875,42209900.0
2018-02-28,160.0779551754268,160.59815230314103,158.04447436840246,158.1485137939453,42936300.0
2018-03-01,158.23357468158625,158.9618503918616,154.16660013520283,155.56639099121094,76809900.0
2018-03-02,153.69372488640482,157.26887622459682,153.18299516603926,156.99459838867188,57445100.0
2018-03-05,156.25683740332863,159.14153825243315,155.67042703730803,158.73484802246094,38540200.0
2018-03-06,159.51041146108128,159.94548921298946,158.40381854029096,159.4063720703125,29480900.0
2018-03-07,158.18630363067606,159.90768019987738,157.91202580699257,159.77525329589844,34609400.0
2018-03-08,160.43736024383568,160.76838427037057,159.79420352139914,160.65489196777344,25828400.0
2018-03-09,161.79929726673245,163.77603149414062,161.56284538981157,163.77603149414062,38310500.0
2018-03-12,164.25844031059043,165.0245423260955,163.88957584268493,164.64622497558594,37635000.0
2018-03-13,165.0245247863293,165.7149748038529,161.98849012669046,162.40464782714844,55638900.0
2018-03-14,163.25585984409247,163.37881945739667,161.66689547972572,162.37625122070312,40536400.0
2018-03-15,162.48974709060667,163.18018259140996,161.6385115992106,162.234375,28810400.0
2018-03-16,162.50866310018282,162.86806016198986,161.67634782296577,161.75201416015625,31176700.0
2018-03-19,160.19557246941577,160.30924890819497,156.91776208343228,158.30088806152344,71395100.0
2018-03-20,158.3671488172391,159.19133167123817,157.83663964890448,158.82186889648438,34075700.0
2018-03-21,158.40510844896156,159.87347741362484,157.4388152792348,158.13037109375,43863500.0
2018-03-22,155.94201264633915,157.04093315588128,154.02837720114277,154.22732543945312,66607300.0
2018-03-23,154.04728553117377,154.7009538339199,150.08738839445158,150.16317749023438,80110400.0
2018-03-26,153.20420201629923,155.93255253907827,150.77900797618307,155.74307250976562,57481500.0
2018-03-27,156.89879713349825,156.89879713349825,149.3768983952921,150.70318603515625,78889100.0
2018-03-28,149.84109644405248,151.3663177851629,147.82325316930635,148.96954345703125,89369700.0
2018-03-29,149.77475784705044,153.1946626311723,148.3821641192455,151.69786071777344,68692600.0
2018-04-02,150.61791235754086,151.3284188696814,145.77699407661152,147.32115173339844,85549400.0
2018-04-03,148.6095410891103,149.60425312149945,146.3075068719996,148.97900390625,64090000.0
2018-04-04,146.09908307674579,151.79260324141256,145.92855400153442,151.3284149169922,65768700.0
2018-04-05,152.83472146396073,153.07155701799488,151.08213258198992,152.19052124023438,43054900.0
2018-04-06,150.51370645865757,152.01050860175235,147.6716803666454,148.38218688964844,59870900.0
2018-04-09,149.66109088022102,152.4083914592727,149.16848342904677,149.42425537109375,41810400.0
2018-04-10,151.77362082002793,153.21356980288803,150.69365185523924,152.72096252441406,48296800.0
2018-04-11,151.76417673006156,153.46939512248065,151.66945120871605,151.8399658203125,41622100.0
2018-04-12,152.75891071948465,154.1988747315783,152.67365340137667,153.66836547851562,30467900.0
2018-04-13,154.43568141027228,154.66303421610075,152.20942215126644,152.87255859375,44604900.0
2018-04-16,153.94305605005334,154.59672426243534,152.9767632815195,154.0377960205078,28180800.0
2018-04-17,155.59147397391501,157.69457462296768,155.2788493417268,157.35353088378906,35536100.0
2018-04-18,157.3535510302394,158.20615325970047,156.60514256955446,157.67564392089844,29573900.0
2018-04-19,156.87981871275264,157.2492814620951,155.68615871080806,156.2261505126953,34705700.0
2018-04-20,155.8282822534924,155.94195866157614,153.21360922523914,153.75360107421875,49197100.0
2018-04-23,154.50201142607528,155.10830975970993,152.54102089982433,153.36520385742188,33040600.0
2018-04-24,154.09469456258154,154.33153012617018,149.1021968346503,150.11585998535156,70256800.0
2018-04-25,150.38112445560378,150.92110205900497,148.2306533506598,150.2958526611328,52089300.0
2018-04-26,152.2378511876746,153.97148872171266,151.74522931741186,153.45993041992188,43005500.0
2018-04-27,155.71458005169242,155.75248182182114,152.68308892944123,153.5546417236328,51043400.0
2018-04-30,153.91467274071695,154.87148306152443,152.08629496386908,152.46524047851562,35615300.0
2018-05-01,152.0673405498087,154.2272791343853,151.70734596728207,154.2083282470703,36513500.0
2018-05-02,154.4735839870961,154.95673765779452,153.118891867566,153.29888916015625,38646800.0
2018-05-03,152.52203089008816,153.84830363745166,150.83576363045935,153.2799072265625,60337100.0
2018-05-04,152.61679418961967,156.54825750676545,152.50310332582623,156.18826293945312,41543200.0
2018-05-07,156.91770360928135,157.99767274112617,156.79454454296825,157.48611450195312,32500200.0
2018-05-08,157.1545594289698,157.66611773440735,156.17879835254368,157.32508850097656,26040200.0
2018-05-09,157.609238626375,159.15341026836126,157.0503104762492,159.03973388671875,29122700.0
2018-05-10,159.55136369403215,160.80186227469326,159.4282045884323,160.68817138671875,27067600.0
2018-05-11,160.49865828873513,160.91549102544104,159.83552186910748,160.53656005859375,24688800.0
2018-05-14,160.90604979970078,161.82497272649246,160.5460552021104,160.81130981445312,21821700.0
2018-05-15,159.54189206056438,159.6271493832493,158.18718529385288,159.0303192138672,49361600.0
2018-05-16,159.23869915888474,160.45129565469566,159.16291007098525,160.0818328857422,22941200.0
2018-05-17,159.5229484472082,160.67870705841537,158.6892827065881,159.4661102294922,27480200.0
2018-05-18,158.850278133644,159.39973815395308,158.40504075274006,158.64187622070312,26217900.0
2018-05-21,159.87340754037453,160.574445722655,158.8502765940556,159.53236389160156,22954600.0
2018-05-22,160.26184841675524,160.52710302697128,159.03978356649503,159.323974609375,19477700.0
2018-05-23,158.11141486327458,160.6881869253631,158.09247842619274,160.66925048828125,26557800.0
2018-05-24,160.62184143066406,160.90604692603907,159.0018802257309,160.62184143066406,27696500.0
2018-05-25,160.6028854006124,161.36076187891558,160.299743482466,160.7828826904297,27460500.0
2018-05-29,160.05339103584137,160.97231371998916,159.11553192387805,160.0723419189453,41220500.0
2018-05-30,160.65023149696773,161.50283337369206,160.30918785522013,161.2186279296875,22665800.0
2018-05-31,161.21864991663708,162.18494277591955,160.69762339607553,161.1144561767578,35670900.0
2018-06-01,161.9197207062868,163.73861592394832,161.87235070709522,163.64389038085938,45543300.0
2018-06-04,164.0606712922988,165.1595914190797,163.95647755530374,165.1217041015625,20459600.0
2018-06-05,165.51012563442046,165.90800753606914,164.90382733829512,165.63327026367188,24779300.0
2018-06-06,165.80381497906035,166.62799796341386,164.9701493225142,166.59957885742188,25036600.0
2018-06-07,166.62802962514655,166.66591695523735,164.41125220479412,165.24490356445312,39600300.0
2018-06-08,164.46800756380472,165.6711356759805,164.06064308026822,165.25430297851562,31780300.0
2018-06-11,165.1311892117776,166.10695035969914,165.1027701069094,165.69960021972656,22319700.0
2018-06-12,165.92692123335164,166.73216759761507,165.7469384221384,166.5711212158203,22511800.0
2018-06-13,166.82693062681236,167.81215993847997,166.19219877131218,166.56167602539062,37858600.0
2018-06-14,167.32898684301773,168.52263230770822,167.20582778326403,168.24790954589844,35916000.0
2018-06-15,167.61321350492705,167.99215897896903,166.83640057990155,167.66058349609375,49615700.0
2018-06-18,166.60487787201922,167.70613560874924,166.08272168990595,167.56373596191406,31633200.0
2018-06-19,165.4466600431042,167.1270339654412,164.9150153341457,167.0890655517578,38236000.0
2018-06-20,167.85801668505596,168.96877724654072,167.70611409043528,168.27574157714844,33038000.0
2018-06-21,168.70300302590059,168.87389711510727,166.49096975237575,166.8137664794922,43469400.0
2018-06-22,167.37385957603826,167.4403079136893,165.8453739753023,166.4434814453125,30073200.0
2018-06-25,164.933963587066,165.18080893484998,161.21243678594777,162.69345092773438,77799700.0
2018-06-26,163.2915846544847,164.29791419560482,162.69347712160962,163.35804748535156,39008100.0
2018-06-27,164.05099920458724,164.79150601513217,161.02250916560837,161.1364288330078,52843500.0
2018-06-28,160.93713752522243,163.07321911031815,160.60485237304874,162.5225830078125,46407700.0
2018-06-29,163.301124356747,164.16505451160387,162.72200809193745,162.9593505859375,36408500.0
2018-07-02,161.43083180775017,164.09857307104943,161.07956962302472,164.0511016845703,31770000.0
2018-07-03,164.6681211132895,164.6681211132895,161.99090691243103,162.1522979736328,25512700.0
2018-07-05,163.20615035268983,164.29791972489693,162.3707003721425,164.16500854492188,31626200.0
2018-07-06,164.54476082949816,166.84223372985434,164.24095557677413,166.71881103515625,37005600.0
2018-07-09,167.58275030745537,168.25679470954552,166.9181943877071,168.2188262939453,27362100.0
2018-07-10,168.53209514350445,168.72196616591515,167.76310808669135,168.34222412109375,23902500.0
2018-07-11,167.0225509730554,168.10484599184497,166.89914280214487,167.4877471923828,30280600.0
2018-07-12,168.22831646530238,170.3739013671875,168.11439673112537,170.3739013671875,27930100.0
2018-07-13,170.36436326407653,170.7915766653683,169.8896784879235,170.51626586914062,28049800.0
2018-07-16,170.55423708238342,170.8390508500055,169.82323294517042,170.1080322265625,21405300.0
2018-07-17,168.30424762021644,171.50361865241143,168.30424762021644,171.1428680419922,31034100.0
2018-07-18,171.16187257983339,171.30428673966958,170.29795708292033,170.82009887695312,23220800.0
2018-07-19,170.2029184850778,170.77254583125452,169.76621674107076,169.965576171875,31094100.0
2018-07-20,170.47830945727623,171.04792253700478,169.7377878270368,169.92767333984375,35897300.0
2018-07-23,169.424558613967,170.54480814182057,168.74101112752803,170.46885681152344,22184700.0
2018-07-24,172.2251724781491,172.83276854806272,170.46883261909116,171.17137145996094,36900300.0
2018-07-25,171.24724199363357,173.66812216240297,171.16178774559285,173.56370544433594,35026600.0
2018-07-26,171.20934712433748,171.75998334948048,170.70618228668218,170.9340362548828,40873500.0
2018-07-27,172.01630152442945,172.1302212549966,167.65869799544916,168.62704467773438,59456100.0
2018-07-30,168.63652553933298,168.73145380695058,165.44664312552828,166.24411010742188,60193000.0
2018-07-31,166.89916621056767,168.16182942335615,165.96878812765016,167.51625061035156,47285100.0
2018-08-01,167.90555857111977,168.6555544069097,167.18404267300323,168.1523895263672,37101900.0
2018-08-02,166.96562666844162,170.6396968656219,166.88967536220676,170.44032287597656,47178200.0
2018-08-03,170.7631046485337,170.97196711861523,170.0131090414084,170.9624786376953,28934400.0
2018-08-06,170.84859216453432,172.01631293903154,170.63972965381342,171.96884155273438,24808800.0
2018-08-07,172.4529990622169,172.91819542716286,172.08274546113154,172.5954132080078,29895700.0
2018-08-08,172.35807059825024,173.11756924961836,171.8928742338072,172.8042755126953,22680700.0
2018-08-09,172.69985961914062,173.38340701751244,172.44352572319292,172.69985961914062,18852900.0
2018-08-10,171.53210664496032,172.0447743839,170.73463959131158,171.38021850585938,33818500.0
2018-08-13,171.69350287829687,172.79476063634345,171.11438682623984,171.19033813476562,26089200.0
2018-08-14,171.845412810611,172.46251183833581,170.92452299647297,172.2631378173828,20913000.0
2018-08-15,170.8959787674435,171.43712627341307,169.10167119886248,170.1554718017578,58528000.0
2018-08-16,171.46566341945416,171.826428543832,170.3833825325527,170.71566772460938,27711800.0
2018-08-17,170.26941262243017,171.1807991605737,169.24409190234783,170.7535858154297,36092600.0
2018-08-20,171.13335974878976,171.19982257451744,169.93715926176668,170.60171508789062,24939000.0
2018-08-21,171.1144280312148,172.25366896097307,171.0099967676233,171.2283477783203,26258700.0
2018-08-22,170.86756224028562,172.09225732069677,170.649211255603,171.89288330078125,18042400.0
2018-08-23,171.5890820068392,172.83275397584777,171.3612280674955,171.6460418701172,25776200.0
2018-08-24,172.21566102204685,173.38339620507972,172.17769260727536,173.24098205566406,23136100.0
2018-08-27,174.11439559229066,175.00680541992188,173.83908475575194,175.00680541992188,29343600.0
2018-08-28,175.47195447569277,175.6523369862074,174.89283854067486,175.26309204101562,20277000.0
2018-08-29,175.56693745580347,177.38023711928108,175.5004891074534,177.28530883789062,29175600.0
2018-08-30,176.9435201914384,178.02580101414424,176.38338108780488,176.9720001220703,29315500.0
2018-08-31,176.7536090126749,177.7029785258668,176.56373800728235,177.19981384277344,28653200.0
2018-09-04,176.65868907694392,176.96247980264027,175.4909685768411,176.44033813476562,29063500.0
2018-09-05,176.1270674291533,176.15554736070965,173.56377218545998,174.161865234375,42623300.0
2018-09-06,174.237790424051,174.4466528816376,171.4371531797958,172.60487365722656,46091400.0
2018-09-07,171.3612068605996,173.42133708284757,171.3042470043707,171.94032287597656,46629500.0
2018-09-10,172.92766165963295,173.02260441127794,171.57955860640845,172.51943969726562,26132000.0
2018-09-11,171.82643928377445,174.13340086337897,171.38023433454316,173.8485870361328,30116500.0
2018-09-12,173.59224083600267,173.71564903598318,171.84538972542066,173.33590698242188,36204000.0
2018-09-13,174.4182076620055,175.5194800236545,174.34225634538498,175.18719482421875,31133200.0
2018-09-14,175.31060596704862,175.58591679619462,173.9814797431615,174.67453002929688,31224100.0
2018-09-17,174.3802129434846,174.5036356354081,171.99730030170542,172.15869140625,33071200.0
2018-09-18,172.30107774753583,174.42765618075597,172.21562348202107,173.5827178955078,31877300.0
2018-09-19,173.611189654897,174.01942605821708,172.32004660136755,173.44979858398438,31843400.0
2018-09-20,174.64600763779626,175.60486555211108,174.22828276859678,175.36752319335938,33295800.0
2018-09-21,175.84224963702727,176.08908053365826,174.19034121308673,174.40870666503906,38605400.0
2018-09-24,173.14374260024607,174.96030495615975,172.43043414227662,174.8937225341797,34945600.0
2018-09-25,174.8176732293068,175.26468112283587,174.21848934812928,175.13153076171875,25277500.0
2018-09-26,175.28373443522324,176.89105909191974,174.912814476932,175.2552032470703,36210600.0
2018-09-27,175.9684596905686,177.36654554386618,175.87334608345083,176.73883056640625,33113300.0
2018-09-28,176.24423133142085,177.16677799261382,175.920868350381,176.70074462890625,28076800.0
2018-10-01,177.72797717403225,178.35569226398337,176.61521743037423,177.06222534179688,27371300.0
2018-10-02,176.91004059629824,178.02280028490787,176.25380886632394,176.6627655029297,25618600.0
2018-10-03,177.4045933372029,177.82307001492705,176.5771600504391,176.85296630859375,29128700.0
2018-10-04,176.13968999412913,176.25382925314054,172.20222659734324,173.45765686035156,80557300.0
2018-10-05,173.43865104452368,174.01880942707254,169.70090552749795,171.33676147460938,83325600.0
2018-10-08,170.73755048599747,171.8027533509364,168.27424709237533,170.29054260253906,66864500.0
2018-10-09,170.4141511121909,172.16414568246714,170.00519453320322,170.84214782714844,49097900.0
2018-10-10,169.77693652161386,169.8815556870146,163.10988465321907,163.32862854003906,114471100.0
2018-10-11,162.65340103324345,164.91695732549167,159.60043356565862,161.30287170410156,143084500.0
2018-10-12,165.64926073874597,166.3055069093178,162.56776266000395,165.79193115234375,102078400.0
2018-10-15,165.21177331519297,165.5256162987121,163.16694681437016,163.78515625,64885300.0
2018-10-16,165.50658706593424,168.95899011734565,165.20223515944522,168.55003356933594,71979700.0
2018-10-17,169.36799804611036,169.53918514655163,166.88568350360634,168.61663818359375,66987600.0
2018-10-18,167.97939814511517,168.03646050533132,164.0038989188648,164.7076873779297,82486200.0
2018-10-19,166.0392215519027,167.45633318896427,163.95635812680231,164.5555419921875,82923700.0
2018-10-22,165.54467924919462,166.67646469807147,164.1465930490882,165.4020233154297,52909300.0
2018-10-23,162.2919794540694,165.61124751441335,160.56102471927233,164.79331970214844,77567000.0
2018-10-24,164.60306351534174,164.87886972829764,156.96589442304472,157.251220703125,102997400.0
2018-10-25,159.6955312242267,163.66152525835136,158.98222263149276,162.69142150878906,83481100.0
2018-10-26,157.11814828095123,161.64529073851776,156.19560107488266,158.50672912597656,130970900.0
2018-10-29,160.93193388283885,161.55012885135602,152.25809162409269,155.24447631835938,111871900.0
2018-10-30,154.7879260277956,157.91696588896838,154.0841231673591,157.80284118652344,92584000.0
2018-10-31,160.37074936412512,162.87208886182125,160.29466139135639,161.51205444335938,73828600.0
2018-11-01,161.7498957920661,163.81373399151266,160.5229966403879,163.6425323486328,52706800.0
2018-11-02,163.1384247739839,164.10852849610959,159.9903585957202,161.09361267089844,75966800.0
2018-11-05,161.30282688361325,161.359889238914,158.9061063748968,160.6941375732422,39573500.0
2018-11-06,160.7037018106928,162.8150968016016,160.46593223525085,161.9115753173828,34410400.0
2018-11-07,163.8517197893298,166.9902801513672,163.46177431897598,166.9902801513672,51169600.0
2018-11-08,166.21039114459992,166.72398140721225,165.13568284005757,165.92507934570312,40296500.0
2018-11-09,164.3748315110596,164.774282575828,161.83545469855318,163.12892150878906,50602700.0
2018-11-12,161.98761661281938,162.29195403522976,158.0501396470866,158.19281005859375,62578400.0
2018-11-13,158.9346629182591,161.1887133861686,157.8789656398141,158.3259735107422,64128100.0
2018-11-14,159.89523387671176,160.44686087599143,156.2145665418531,157.1180877685547,75270700.0
2018-11-15,156.8327730140756,160.29469672043106,155.46323273928124,159.86671447753906,73254300.0
2018-11-16,158.30696798650297,160.07597406926885,157.66974731586984,159.30560302734375,65390700.0
2018-11-19,158.54468425940576,158.73489693842427,153.6371187743235,154.13168334960938,67280500.0
2018-11-20,150.62220598793937,153.4849598234004,149.44287865155306,151.37356567382812,102652800.0
2018-11-21,153.45646584281948,154.0461296539405,151.44017028942017,152.52439880371094,42965800.0
2018-11-23,151.30701859116004,152.9714053447567,151.30701859116004,151.42115783691406,23503700.0
2018-11-26,153.5420063408302,154.99715425163086,152.8952658736433,154.9210662841797,42012600.0
2018-11-27,154.07468926929224,155.83418998253583,153.29479807375182,155.44424438476562,36608100.0
2018-11-28,156.56643881628082,160.44683837890625,155.47270503925787,160.44683837890625,70141000.0
2018-11-29,159.77160563234514,160.97946429783013,158.65884606375934,159.92376708984375,44885700.0
2018-11-30,160.14251799729078,161.17918953248355,159.34360144937386,161.08407592773438,36722800.0
2018-12-03,164.6411010992801,164.83131378288587,161.21721474518637,163.89926147460938,50771700.0
2018-12-04,163.0433347484676,163.49986274981245,157.42247341281728,157.61268615722656,70594700.0
2018-12-06,154.4360612311951,158.74444371561256,153.85590302957843,158.7254180908203,71715500.0
2018-12-07,158.03110599614126,158.94413264545057,152.9903902667686,153.48495483398438,80432200.0
2018-12-10,153.1996348493504,155.76754236029578,151.6113364462386,155.09228515625,73960800.0
2018-12-11,157.62216156450415,157.6602128134887,154.29338838102612,155.6058807373047,59058300.0
2018-12-12,157.87896993144963,159.40070074775733,156.88985505946005,156.97544860839844,53780000.0
2018-12-13,158.0026042451926,158.65885043476342,156.0053344953944,157.0229949951172,46378500.0
2018-12-14,155.2254467802226,155.7960848728979,152.8382317121237,153.19964599609375,56547400.0
2018-12-17,152.54343895406976,153.76081794524117,148.52988760394751,149.72824096679688,74834100.0
2018-12-18,150.88854371722869,152.124948223085,149.35730730483837,150.6697998046875,63642100.0
2018-12-19,150.44152191875799,152.8572683397856,145.83830754988435,146.9700927734375,81856500.0
2018-12-20,146.6086817307559,148.24453720611788,143.0326333377065,144.8396759033203,99002100.0
2018-12-21,145.56253673505216,146.55165178175832,139.54220935384822,140.3506317138672,141129400.0
2018-12-24,139.33098177966835,141.14319434575737,136.83203266028198,136.87017822265625,56163300.0
2018-12-26,138.3771576087863,145.49248984142335,137.43289138027703,145.41619873046875,98982100.0
2018-12-27,143.42276892199308,146.1029421188032,140.28477622295628,145.9789581298828,85824300.0
2018-12-28,147.02812487358563,148.40159790087307,144.71040005540246,145.90264892578125,77856600.0
2018-12-31,147.333345593052,147.8197778862638,145.65466444546112,147.13304138183594,53015300.0
2019-01-02,144.01414792560016,148.55422692482603,143.90922943037037,147.72442626953125,58576700.0
2019-01-03,145.5497537897727,146.17925015782797,142.58343789843747,142.898193359375,74820200.0
2019-01-04,145.3017610220518,149.746468615269,144.72949025645121,149.0120391845703,74709300.0
2019-01-07,149.38398616337503,151.5205010403314,148.897553940621,150.78607177734375,52059300.0
2019-01-08,152.1690899157973,152.712762345419,149.93720369210604,152.1500244140625,49388700.0
2019-01-09,152.74137795572858,154.05762529049682,152.1023343442476,153.3899688720703,46491700.0
2019-01-10,152.22634456551222,153.9145585202011,151.367916629777,153.82872009277344,38943400.0
2019-01-11,152.92260770240918,153.42812004871712,152.40754805089085,153.26597595214844,30176600.0
2019-01-14,151.9688009304718,152.56969897554228,151.26298441013213,151.9115753173828,30710200.0
2019-01-15,152.6078527037318,155.08773613169504,152.5220142795025,154.87789916992188,40874200.0
2019-01-16,155.13540173897468,156.2131992676588,154.79203351635604,154.84927368164062,33812200.0
2019-01-17,154.35330343666539,156.76641389119584,154.1053209207447,156.0701446533203,39329000.0
2019-01-18,157.16705433170222,158.34977075456587,156.25141511398186,157.61534118652344,57183200.0
2019-01-22,156.4803171523973,156.55662284593933,153.33277642444799,154.45826721191406,56711700.0
2019-01-23,155.24990423562835,155.9557063490799,152.913099040517,154.65853881835938,38106100.0
2019-01-24,155.16399365556114,155.88889011339802,154.57264301159174,155.65997314453125,32417800.0
2019-01-25,156.90952748779387,157.996858176135,156.37540217475942,157.51995849609375,36515900.0
2019-01-28,155.48830404615262,155.58367520588274,154.27697534242935,155.5741424560547,33491200.0
2019-01-29,155.66007574702817,155.6982358772336,153.55218699867945,154.1053924560547,30784200.0
2019-01-30,155.85080559832298,158.59775234177135,155.36437317659684,158.0254669189453,41346500.0
2019-01-31,158.99833109918475,161.18253951856764,158.77896134808628,160.39088439941406,37258400.0
2019-02-01,159.59920233169595,160.81053124237906,159.27491413633797,159.71365356445312,32143700.0
2019-02-04,159.7422042361615,161.69749450683594,159.59914025086405,161.69749450683594,26718800.0
2019-02-05,161.91695154621317,163.31903757429606,161.85019316830605,163.12828063964844,28156400.0
2019-02-06,163.16643818048215,163.4525663010215,161.90741623482498,162.641845703125,27970000.0
2019-02-07,161.22068390209856,161.62127783527018,159.23677974223338,160.4576416015625,42036200.0
2019-02-08,159.05554323878317,160.80099745414918,158.87433362295803,160.7723846435547,29020700.0
2019-02-11,161.3542109625185,161.74527213239173,160.21918757152207,160.61978149414062,21434100.0
2019-02-12,161.79293888513516,163.23317022351293,161.50679625693718,162.99472045898438,29722100.0
2019-02-13,163.71959215340195,164.2060389567309,162.9279517925752,163.10916137695312,26094100.0
2019-02-14,162.52735653255726,163.8912967775756,161.98369862787976,163.30947875976562,30326800.0
2019-02-15,164.54942103207952,164.58756659152394,163.2331736470539,163.9962158203125,32521700.0
2019-02-19,163.4907254706573,164.81650578547115,163.46211265876946,164.32052612304688,19487700.0
2019-02-20,164.43493413901382,165.08352499686626,163.40484407423025,164.2918701171875,32593000.0
2019-02-21,163.85315363454333,164.30144041045597,162.82306333438285,163.69100952148438,25207400.0
2019-02-22,164.04393028817512,165.01679499722442,163.95807729893593,164.90234375,27735400.0
2019-02-25,166.16135861445971,166.5905653271091,165.38876906710658,165.50323486328125,32608800.0
2019-02-26,165.10264073421786,166.1995039487937,164.82603082714797,165.67491149902344,21939700.0
2019-02-27,164.91182272449612,165.7702504602064,163.8244925689827,165.5699462890625,25162000.0
2019-02-28,165.05493001764663,165.77981206287885,164.7210945255765,165.18846130371094,25085500.0
2019-03-01,166.3806854103243,166.58097503275735,165.17888946046008,166.33299255371094,31431200.0
2019-03-04,167.4299143235754,167.6683641366198,164.50175818737736,166.36166381835938,38063500.0
2019-03-05,166.48561096191406,167.00065599534494,165.66534327621517,166.48561096191406,22319900.0
2019-03-06,166.64779236752042,166.67640517835272,165.27431923228926,165.5413818359375,27194600.0
2019-03-07,165.12168836259602,165.17891397749932,162.89933480966727,163.509765625,39407400.0
2019-03-08,161.67850010886704,163.3476487393869,161.51635598836077,163.26181030273438,39303200.0
2019-03-11,163.9390143335815,166.77179917684217,163.91040152133206,166.65733337402344,30518400.0
2019-03-12,167.09609840626294,168.00220481266143,166.69550445460746,167.572998046875,33953500.0
2019-03-13,168.44093887569022,169.7094789616581,168.20248908371096,168.8319854736328,42426100.0
2019-03-14,168.94646184907205,169.14675153673656,168.49817504777562,168.54586791992188,23751500.0
2019-03-15,169.20395610773068,170.6155892677394,169.08950487187784,170.11007690429688,38192000.0
2019-03-18,170.03746074223938,171.03122536804142,169.69346753797063,170.51522827148438,32935100.0
2019-03-19,171.21277165970287,171.9963174376893,170.3623460066955,171.08856201171875,36893300.0
2019-03-20,171.0980809845898,172.81804676210183,170.3145499294657,171.76695251464844,50105000.0
2019-03-21,171.25094842987173,174.70042964929104,171.23183365134113,174.45199584960938,42428500.0
2019-03-22,173.69715474087008,174.1653721495044,170.4387768239273,170.62033081054688,70794500.0
2019-03-25,169.99925763542308,170.88789830337257,169.06282271483957,170.29547119140625,46336500.0
2019-03-26,171.61410923106226,172.65563898738313,170.2190215742875,171.08856201171875,33248100.0
2019-03-27,171.34657308471793,171.7287813192597,168.7475162649674,169.9897003173828,37096700.0
2019-03-28,170.4292341369057,171.02166120928345,169.35903953382123,170.38145446777344,30368200.0
2019-03-29,171.70012790318577,171.83390225224474,170.6490333175006,171.6714630126953,35205500.0
2019-04-01,173.43910912520758,174.15576019556505,172.732022733849,173.94554138183594,30969500.0
2019-04-02,174.13668614447644,174.77689278048524,173.6971336733257,174.60488891601562,22645200.0
2019-04-03,175.58914632156126,176.6975706731526,175.0636136161765,175.60826110839844,31633500.0
2019-04-04,175.65601085922754,176.2962175962545,174.5284719128952,175.54135131835938,28530800.0
2019-04-05,176.04777372914143,176.55420611294767,175.83755486262106,176.4490966796875,25674700.0
2019-04-08,176.16245774189454,177.04154831481108,175.46492117713743,176.89822387695312,22697500.0
2019-04-09,176.29619913216462,176.87907603771086,175.9044263014863,176.27708435058594,25631900.0
2019-04-10,176.50643222231767,177.28041326514665,176.31532813203887,177.22308349609375,24563000.0
2019-04-11,177.51930940481628,177.51930940481628,176.47777964689013,176.8026580810547,20654100.0
2019-04-12,177.58614663864577,177.68169136950922,176.83126598921422,177.56703186035156,24989100.0
2019-04-15,177.57661886031178,177.79640240560744,176.41086500728213,177.59573364257812,21073000.0
2019-04-16,178.24550563689877,178.59906352759558,177.66262866067763,178.20729064941406,27195700.0
2019-04-17,179.40168066414992,179.57366995066067,178.30282134173817,178.82835388183594,29651600.0
2019-04-18,179.12466424885974,179.43997808566087,178.00667505167877,179.05776977539062,28580900.0
2019-04-22,178.2741540592688,179.63101187347533,178.14036517559938,179.56411743164062,17936000.0
2019-04-23,180.0227340373931,182.06757773932304,179.76475016278653,181.84780883789062,33665600.0
2019-04-24,182.00075274319687,182.23008639226714,181.21720704410373,181.27455139160156,24977100.0
2019-04-25,182.63139085958548,182.71738550166856,181.0260846391737,182.01028442382812,29517500.0
2019-04-26,181.72361168522323,182.21094379256067,180.2043147653819,182.17271423339844,26359500.0
2019-04-29,182.17273304616398,182.81295429565574,181.87651954343855,182.5262908935547,21716200.0
2019-04-30,181.0547918072525,181.40834971890294,179.84127269361215,181.11212158203125,31495300.0
2019-05-01,182.2969969798742,182.81299413215748,180.4050414422242,180.5292510986328,34797100.0
2019-05-02,180.47189840323168,181.40833324058593,178.5608283225526,179.74569702148438,44110100.0
2019-05-03,181.23630158975544,182.74604847186552,180.91142322507875,182.61227416992188,30386200.0
2019-05-06,178.7328281104636,181.74275758634585,178.45571479015138,181.49432373046875,38371800.0
2019-05-07,179.51634381868504,180.28077468379348,176.30574584947436,177.95883178710938,58818100.0
2019-05-08,177.37597604238917,178.84749360442865,176.735769308363,177.50975036621094,37165300.0
2019-05-09,175.5317849800862,177.16575632357845,173.99337297328762,176.55421447753906,55351700.0
2019-05-10,175.92353082200813,177.62438177564812,172.98048158372072,176.77395629882812,58526400.0
2019-05-13,172.27343764489922,173.20030797066968,170.1425981961069,170.6394805908203,67185800.0
2019-05-14,171.53764811826764,173.55382756130334,170.90699151592122,172.5122833251953,43360600.0
2019-05-15,171.37519182700547,175.3884355302837,171.33696226565968,174.94888305664062,40944500.0
2019-05-16,175.02534070882623,177.79640090173126,174.81512184659528,176.7070770263672,39281200.0
2019-05-17,174.95845213154496,177.32817468380844,174.74823327977984,174.90110778808594,44702300.0
2019-05-20,172.46451390020727,173.12382078937435,171.3656399243154,171.94851684570312,38608300.0
2019-05-21,173.42962100753323,174.22271689180525,172.87540889875368,173.7449493408203,31613800.0
2019-05-22,172.7798736683284,173.97429261168213,172.71297920895208,172.97097778320312,24332600.0
2019-05-23,170.9834027786022,171.05984731372916,169.26343718900634,170.32408142089844,45351300.0
2019-05-24,171.24144338453027,171.8529852356703,170.02790978387614,170.23812866210938,25903300.0
2019-05-28,170.715859152457,171.67139399883104,169.57877035242316,169.59788513183594,24763800.0
2019-05-29,168.54676712709923,169.12964388414937,167.30456908646588,168.20277404785156,42178800.0
2019-05-30,168.65194406912022,169.38771017389115,167.95440753307707,168.90994262695312,30354800.0
2019-05-31,166.92241794876176,167.4957302227854,166.13887221986295,166.21531677246094,45446200.0
2019-06-03,165.76623220236235,166.21533488512256,161.74343742313894,162.55563354492188,75842300.0
2019-06-04,164.3806689370101,167.18994389733152,163.7500123989164,167.1326141357422,47797800.0
2019-06-05,168.7283601539074,168.7570250354619,166.6261862181768,168.37481689453125,34412700.0
2019-06-06,168.661460704815,170.12342794193256,167.91614464590432,169.71255493164062,29913200.0
2019-06-07,170.62031348465143,173.68758700221593,170.40054453489006,172.9900360107422,45888300.0
2019-06-10,174.14624993689034,176.63064671461476,174.1080349530622,175.0062255859375,41385300.0
2019-06-11,176.83133961695748,177.15621808171065,174.65272055402122,175.24514770507812,41260300.0
2019-06-12,174.76733600710307,175.13044395272945,173.90736038676354,174.23223876953125,27758100.0
2019-06-13,174.95842712061992,175.69417841631363,174.61443401057073,175.26419067382812,23715800.0
2019-06-14,174.36603179120775,174.96802353823256,173.85004927969203,174.5189208984375,22844100.0
2019-06-17,174.90113635615162,176.05734022971228,174.71003225432486,175.5700225830078,20379500.0
2019-06-18,177.6435093715457,179.37302533049814,177.18484208915888,178.12127685546875,48177300.0
2019-06-19,178.36014283857767,179.1914535121343,177.31861332660134,178.79013061523438,31672900.0
2019-06-20,181.28410008506648,181.32231506946127,178.83793283520566,180.45278930664062,40922000.0
2019-06-21,180.2425714662903,181.3318807815707,179.80301895156344,180.18524169921875,39980400.0
2019-06-24,180.54531923474454,180.72727463527062,180.09522364793077,180.1909942626953,19375200.0
2019-06-25,180.0664764566091,180.17181827675842,176.82962290342388,177.09776306152344,33921100.0
2019-06-26,178.27564991209417,179.39609565694533,177.63402788448917,177.9213104248047,22595700.0
2019-06-27,178.56300362059346,179.02267044322718,178.11290801482164,178.60130310058594,19709200.0
2019-06-28,179.03222880892415,179.2237554202281,178.18950879667798,178.8311309814453,21179200.0
2019-07-01,182.25945749281325,182.49886933928076,180.40161922621897,181.2443389892578,31025600.0
2019-07-02,181.18693893934298,181.98178827078343,180.66981561936234,181.96263122558594,18035800.0
2019-07-03,182.4223146388366,183.3320770263672,182.23077340984563,183.3320770263672,15792100.0
2019-07-05,182.07750800032022,183.29370969841457,181.3688436514979,182.9585418701172,21415600.0
2019-07-08,181.77109474081703,181.82855126074557,180.92836014841646,181.6753387451172,17598800.0
2019-07-09,180.81344432914102,182.8149243427829,180.6602172033248,182.58509826660156,19193500.0
2019-07-10,183.69601304653727,184.91221526484972,183.36083046232903,184.4046630859375,28374500.0
2019-07-11,184.6823649575528,185.15160297895017,183.68640316562454,184.27056884765625,23736100.0
2019-07-12,184.4716496733019,185.34309782618024,184.29926551817158,185.33352661132812,20211900.0
2019-07-15,185.76450876288774,185.96562122240778,185.24738540097874,185.92730712890625,15606100.0
2019-07-16,185.69745656500137,185.86982612542462,184.40462641165396,184.96963500976562,20190900.0
2019-07-17,184.96960716525294,185.29521841794175,184.04068792935882,184.05984497070312,16765100.0
2019-07-18,183.1884222696604,184.6248938209635,182.61384241666573,184.27056884765625,28877000.0
2019-07-19,185.5346459623956,185.6208307369131,182.72873097636193,182.92025756835938,29387900.0
2019-07-22,183.3320678405579,184.76853931075132,183.3320678405579,184.3759002685547,18954900.0
2019-07-23,185.38143696317601,185.60169183487392,184.1460632908423,185.58253479003906,23786700.0
2019-07-24,184.8738972642855,186.89453455980075,184.85474021816623,186.88494873046875,20422900.0
2019-07-25,186.25291492051358,186.28164318381909,184.7589721659018,185.11331176757812,23434700.0
2019-07-26,186.2911598632251,187.267964367284,186.19538927188063,187.0189666748047,20431200.0
2019-07-29,186.8466329786091,186.91366071537217,185.19947785687197,186.37738037109375,20451700.0
2019-07-30,184.95050237806154,186.30077451055368,184.81643228644728,185.57296752929688,18705000.0
2019-07-31,186.070954764303,186.19543903126953,181.3018732141678,183.00648498535156,41627500.0
2019-08-01,183.32251349326148,186.72216614570254,181.21569123102415,182.0967254638672,63251600.0
2019-08-02,180.72727110581008,180.98584007058932,178.32358069262207,179.41529846191406,55214000.0
2019-08-05,175.66131425631568,175.73792782741697,171.61046849244175,173.07566833496094,75040000.0
2019-08-06,174.67494225503128,176.01565786104544,173.40128361750791,175.49851989746094,41897200.0
2019-08-07,173.59282310662243,176.69559266786578,172.2712644490286,176.4466094970703,49990600.0
2019-08-08,177.2414306200777,180.34421429818417,176.7530355741208,180.2867431640625,38418100.0
2019-08-09,179.42486938420234,180.03776331310692,177.1935485428272,178.5917205810547,33608900.0
2019-08-12,177.49037424215882,178.02665447423726,175.728306447461,176.5423126220703,24642900.0
2019-08-13,176.3891373479579,181.64661402234023,176.2263389877128,180.4112548828125,40241900.0
2019-08-14,177.50960458985895,178.07461330966677,174.69411759617745,175.01971435546875,51000500.0
2019-08-15,175.2495267936558,175.81453542220947,173.48745855585585,174.81858825683594,36685000.0
2019-08-16,176.40826405807005,178.0745614661195,176.30292224160948,177.6244659423828,32781400.0
2019-08-19,180.19098484080502,180.83260701105428,179.55893388651404,180.4495391845703,22494100.0
2019-08-20,179.9994834244698,180.6506769018108,179.00352154877166,179.05140686035156,19902900.0
2019-08-21,180.62194097613244,181.2156778994119,179.99947578963264,180.64109802246094,20418500.0
2019-08-22,180.976233507679,181.43591486185375,178.6395711011887,180.05690002441406,24243700.0
2019-08-23,178.8311144245043,180.4686836039654,173.87049235950767,174.35890197753906,55372400.0
2019-08-26,176.34125409707812,177.04033285512324,175.32614983161795,176.99246215820312,27598900.0
2019-08-27,178.2278286447566,178.5246971180904,175.92947982132813,176.6189727783203,28012800.0
2019-08-28,176.04436109869542,177.54786024103126,175.1633270550098,177.25099182128906,21792400.0
2019-08-29,179.45358380349634,180.47827375307992,178.77364757561327,179.9611358642578,25358900.0
2019-08-30,180.92835445966577,180.9666685467756,178.5150930232854,179.5301971435547,26319800.0
2019-09-03,178.33311277523396,179.2524461620854,177.19350994957082,177.78724670410156,27964200.0
2019-09-04,179.50151480135025,180.5070479633309,178.9843767808818,180.35382080078125,21592100.0
2019-09-05,182.3456964348983,184.18437820863187,182.2786540839467,183.6576690673828,33932600.0
2019-09-06,183.96407175846215,184.0310994780776,183.07345207613358,183.4756622314453,19487800.0
2019-09-09,184.05029899012374,184.12691255346382,182.1637320039359,183.0926513671875,24407600.0
2019-09-10,182.10632736424498,182.66176489728994,180.90926749454817,182.5659942626953,23744700.0
2019-09-11,182.91070693957352,184.3759067214472,182.48933962222924,184.28013610839844,25063600.0
2019-09-12,185.4101448800732,186.46356304224892,184.79725102550063,185.04623413085938,28689900.0
2019-09-13,184.7781371456348,185.20907572626464,184.1460861006867,184.385498046875,27669800.0
2019-09-16,183.19800871619995,183.94497275639182,183.0160533144145,183.56190490722656,20319000.0
2019-09-17,183.5810405282784,184.44293212890625,183.18840150841046,184.44293212890625,20953400.0
2019-09-18,184.05989397366855,184.44296183983482,182.0584136902891,184.36634826660156,29781300.0
2019-09-19,184.6918712721963,185.82188814810533,184.31838938460308,184.67271423339844,26039400.0
2019-09-20,184.9313718993704,185.12289854168418,182.10631374074003,182.71920776367188,29086100.0
2019-09-23,182.66546420936822,183.34677176118836,182.05133421762096,182.7998046875,22485900.0
2019-09-24,183.63455546334473,184.03757672591234,179.58513252353617,180.3719940185547,40820700.0
2019-09-25,180.18972463523437,182.87654848310885,178.68319337637664,182.39675903320312,34704900.0
2019-09-26,182.15684414982042,182.31997078769447,180.38161752482029,181.72503662109375,26826000.0
2019-09-27,182.06089171345613,182.15685545557832,178.24177197757595,179.47003173828125,40773500.0
2019-09-30,180.1993107733665,181.46596191849744,179.82507559721628,181.17808532714844,26307700.0
2019-10-01,181.8401430237465,182.88608017402296,179.40281984469772,179.70028686523438,32367600.0
2019-10-02,178.4816647060857,178.5104509,175.62212385518143,176.61048889160156,48544300.0
2019-10-03,176.59126415016206,178.68315329637045,174.470603456786,178.54881286621094,39392500.0
2019-10-04,179.5180179705859,181.4371757235637,179.32610512369047,181.17808532714844,31887600.0
2019-10-07,180.65987444464216,182.07045621517938,180.3144255489594,180.63108825683594,21216000.0
2019-10-08,179.4988339964359,180.2665000760804,177.7811941380175,177.9251251220703,32379300.0
2019-10-09,179.43166721758786,180.47760472453086,178.89429072400895,179.66195678710938,20147400.0
2019-10-10,179.70994008698938,181.77302892105075,179.5564039447489,181.0533447265625,25177700.0
2019-10-11,183.11640519475978,184.84364978426254,183.01085095201213,183.3850860595703,40976700.0
2019-10-14,183.12601106644976,183.95124940385548,182.9436887553237,183.36590576171875,14975000.0
2019-10-15,183.93205675691505,186.1295004012856,183.81691198673334,185.69769287109375,23234200.0
2019-10-16,185.0643891476273,185.7073052602141,184.65176260252704,185.2371063232422,20457100.0
2019-10-17,186.35022190123797,186.6380985034246,185.016407798385,185.72650146484375,19045200.0
2019-10-18,185.3906090119964,185.84161218963038,183.00126732837117,183.941650390625,27700800.0
2019-10-21,184.92046088913364,185.6977174748626,184.37349387427997,185.57296752929688,15801200.0
2019-10-22,186.30220368100092,186.56129403662348,184.03759730335958,184.09518432617188,22392300.0
2019-10-23,183.72098165866203,184.48863306096672,183.4234999019552,184.45025634765625,14828400.0
2019-10-24,185.76486998867455,186.35981884483283,184.94923673412043,186.24465942382812,18998500.0
2019-10-25,185.2850657763721,187.82795836508814,185.2466890671056,187.73199462890625,21507100.0
2019-10-28,188.60519475107515,189.8334543048888,188.60519475107515,189.58396911621094,18818700.0
2019-10-29,189.26732043790432,189.55518235312437,188.08702801746236,188.11581420898438,18569700.0
2019-10-30,188.48045313751024,189.34408278314308,187.39612448286428,189.0274200439453,21764300.0
2019-10-31,189.57439379349395,189.6607523752417,188.0198807539898,189.11380004882812,26801800.0
2019-11-01,189.92944490607204,190.84105657591633,189.64158294929177,190.83145141601562,22131900.0
2019-11-04,192.09807732567464,192.42433059511887,190.83142631440623,192.01171875,19015900.0
2019-11-05,192.25160423033776,192.44351704775426,191.4839383186625,192.1172637939453,15048900.0
2019-11-06,191.89654855348775,191.91574422767312,190.7546475326116,191.68544006347656,19725500.0
2019-11-07,192.64503189719576,193.56623397467524,191.77182632945127,192.328369140625,17832400.0
2019-11-08,191.98293853255674,193.11523449422114,191.4743482952887,193.09603881835938,15258800.0
2019-11-11,192.11729094911237,192.91372852186416,191.85820055587337,192.83697509765625,10147600.0
2019-11-12,193.00009272292039,194.0364396054053,192.702625631487,193.3935089111328,14778300.0
2019-11-13,192.72176805565763,193.62377430833484,192.59703279063334,193.4414520263672,15774600.0
2019-11-14,192.71221011970334,193.41269853652037,192.1268664722233,193.28794860839844,16945400.0
2019-11-15,194.45867575180836,194.7081756591797,193.83495526740668,194.7081756591797,18427900.0
2019-11-18,194.40108592148846,195.16875197022483,193.6142388369924,194.8616943359375,18365900.0
2019-11-19,195.60056992888565,195.60056992888565,194.40109623969946,195.14956665039062,16923300.0
2019-11-20,194.6409630424853,195.2263067044796,192.51069690486742,193.97885131835938,36629000.0
2019-11-21,193.767726596798,193.90208167579584,192.94250294244785,193.54702758789062,17883600.0
2019-11-22,194.02688405109402,194.14204349548555,192.62590681545862,193.67184448242188,17189600.0
2019-11-25,194.5066155993333,196.00355615203972,194.47782940732048,195.96517944335938,17752800.0
2019-11-26,196.0899465294158,196.5889169959748,195.8020699420863,196.3394317626953,14780600.0
2019-11-27,196.84805459479472,197.72127508369664,196.608159821493,197.711669921875,16963100.0
2019-11-29,197.21262213441574,197.51008919414048,196.7136371015176,196.80960083007812,9854600.0
2019-12-02,196.81920646417777,196.88636936572163,193.62380733218944,194.79449462890625,28007000.0
2019-12-03,192.11726151888558,193.34552110621718,191.1768638332651,193.2687530517578,31104100.0
2019-12-04,194.2571179754468,194.70812114417652,193.969241431703,194.2475128173828,15300100.0
2019-12-05,194.93843578925498,194.93843578925498,193.68138984964185,194.63137817382812,14962300.0
2019-12-06,196.05158747348753,196.85763033719098,195.89805131601625,196.7136993408203,16555300.0
2019-12-09,196.35866624810245,197.27985393920702,195.73493107861134,195.82130432128906,13984100.0
2019-12-10,195.91721722716775,196.59852467116528,195.2167287479112,195.6581268310547,21799800.0
2019-12-11,196.09952383821292,196.89597599797293,195.7924515945419,196.6944580078125,18780800.0
2019-12-12,196.49297030247928,198.93989936174515,196.22428938888265,198.16262817382812,32612000.0
2019-12-13,198.057064296654,199.50603769821797,197.63486191150753,198.8151397705078,32519400.0
2019-12-16,200.12016774548667,201.0605508982805,200.05299019928162,200.81106567382812,21296600.0
2019-12-17,201.07020054114022,201.2333418750361,200.59041098548587,200.92626953125,15996100.0
2019-12-18,201.09898388832812,201.6363458011849,200.8686796505264,201.0797882080078,15443300.0
2019-12-19,201.1661046522032,202.40395489621366,201.14690897590532,202.3367919921875,17865900.0
2019-12-20,203.29635099711848,203.9296764750993,202.73020305862477,203.1524200439453,27672600.0
2019-12-23,203.87174346849474,204.01598647408863,203.5159342721936,203.68902587890625,23774700.0
2019-12-24,203.87178008910897,203.95832590801115,203.33325320648603,203.7948455810547,7089000.0
2019-12-26,204.121771762973,205.61234642306343,204.09292316154423,205.59310913085938,17067500.0
2019-12-27,206.31438005215182,206.33361734683032,204.87189110014796,205.4200439453125,18134100.0
2019-12-30,205.3142184787302,205.43923885771412,203.06393969954001,204.0736846923828,21815500.0
2019-12-31,203.41981063365046,204.60264758075056,203.10246127247572,204.45840454101562,18170900.0
2020-01-02,206.17970872281657,207.8722381591797,205.77581365470817,207.8722381591797,30969400.0
2020-01-03,205.1219048119995,207.20870345937038,205.10266751986234,205.96815490722656,27518900.0
2020-01-06,204.35258272492132,207.32410617084366,204.10255661213913,207.29525756835938,21655300.0
2020-01-07,207.37220156223603,207.85303119066577,206.61249720576953,207.26641845703125,22139300.0
2020-01-08,207.23757833348864,209.77635828853565,206.9106176944784,208.82431030273438,26397300.0
2020-01-09,210.54569461665594,210.99767567256234,209.36285775750528,210.59378051757812,23547000.0
2020-01-10,211.4208059545601,211.44002857572644,209.6801902710701,210.05523681640625,21898500.0
2020-01-13,210.92072389695133,212.50745578117437,210.5841372918104,212.47860717773438,22756900.0
2020-01-14,212.37280820343855,212.72863207553425,211.31499191759136,211.64195251464844,24418100.0
2020-01-15,211.75731844603789,212.71897748954737,211.03607416340577,211.7284698486328,25742100.0
2020-01-16,212.78635877788386,213.79610398408045,212.33437773009834,213.75762939453125,18805000.0
2020-01-17,214.71924264922075,214.98850602328926,213.6037145716492,214.81541442871094,24325200.0
2020-01-21,214.21920189733441,215.25779561254973,214.12304477988707,214.71926879882812,21146300.0
2020-01-22,215.80592523246287,216.5175435854162,215.01735771580763,215.28662109375,20736400.0
2020-01-23,215.16163291482707,216.0752062125364,214.1614991377784,215.97903442382812,26496100.0
2020-01-24,216.9887793943953,217.219582882919,213.17099123004135,214.1614990234375,37436500.0
2020-01-27,209.32434819236565,210.8726200313243,208.8531299200724,209.7378692626953,42264400.0
2020-01-28,211.21882607589092,213.4498824630275,210.66106197910676,212.9594268798828,26731900.0
2020-01-29,214.14228770624155,214.3827025332912,212.36322679032824,213.30564880371094,28924500.0
2020-01-30,211.9304535932602,214.16149524797262,211.26690641498766,214.06533813476562,39568100.0
2020-01-31,214.95970770343098,214.98855630927508,209.9206075588143,210.67071533203125,52015800.0
2020-02-03,211.69965315972127,214.34421592797486,211.55541015095477,213.85377502441406,25408600.0
2020-02-04,216.77720722707056,219.1236579376187,216.0367255613228,218.7486114501953,30691200.0
2020-02-05,221.38360176665202,221.42206168356418,218.15242581702302,219.4698944091797,38534800.0
2020-02-06,220.0180175850722,221.4220465735438,219.23907592538316,221.36434936523438,22467100.0
2020-02-07,220.3738325677387,221.60475520767545,219.77759386725768,220.41229248046875,25884900.0
2020-02-10,219.68146968325763,223.08573740981743,219.62377246863488,223.0761260986328,21478900.0
2020-02-11,224.30699509049882,225.0474767392129,222.52791980656025,223.11453247070312,30198000.0
2020-02-12,224.4320875420915,225.39374699382896,223.8743232992327,225.2879638671875,24471300.0
2020-02-13,223.72041157839433,225.92260484623094,223.45114815718523,224.99942016601562,22773200.0
2020-02-14,225.3552218286464,225.8552887399871,224.5955174887056,225.6437225341797,23438500.0
2020-02-18,224.54741844465397,226.15338751379304,224.30700364974535,225.73025512695312,24394500.0
2020-02-19,227.07662607010252,228.36524607206078,226.80736262711892,227.89402770996094,22230500.0
2020-02-20,227.3938998484815,227.86510338023572,222.9894997465355,225.77830505371094,42604000.0
2020-02-21,224.65320713921074,225.0378649511475,220.5276956122324,221.44126892089844,66017200.0
2020-02-24,213.18059283605228,215.65206388924403,211.81503860705786,212.90171813964844,84522600.0
2020-02-25,214.69046007903367,215.40209331436807,206.5067439045985,207.11257934570312,97743000.0
2020-02-26,208.4011543208731,211.83426974841416,206.66053898797708,208.17996215820312,79537700.0
2020-02-27,202.81392215344522,208.12228511788928,197.62096827271532,197.75559997558594,121822600.0
2020-02-28,191.0239713677222,199.22692267455764,190.57199039711077,197.90945434570312,148173700.0
2020-03-02,200.87136523994843,208.26652635156574,198.0440850292582,208.1222686767578,112933900.0
2020-03-03,208.78582861847096,211.18997660833233,199.65967756640546,201.4483642578125,131953500.0
2020-03-04,205.14114728091698,209.95905458316716,203.26590010471475,209.853271484375,73086200.0
2020-03-05,204.535309076221,208.0645967774668,202.04461513012131,203.47747802734375,78705500.0
2020-03-06,196.82277799406262,201.13100691077915,195.1302631595054,200.04434204101562,89828400.0
2020-03-09,186.06180073399042,193.44735033866255,184.74433244719327,186.1483612060547,116424000.0
2020-03-10,193.39930850805672,196.46700411958577,186.25417205340887,196.28428649902344,100599200.0
2020-03-11,191.70676455474796,193.0530815453381,185.34057076673108,187.735107421875,89168800.0
2020-03-12,175.10851167650665,183.46533206523446,170.155972907254,170.5214080810547,137820700.0
2020-03-13,179.89761172445756,187.0234959628267,171.300375261894,184.96554565429688,134882000.0
2020-03-16,167.47298414108226,177.59925678177513,162.67431296867684,162.80894470214844,92054400.0
2020-03-17,168.7423213375431,177.3203186412604,163.27047877927282,175.15658569335938,121257100.0
2020-03-18,165.03032561815462,172.34855226120564,160.4047475021123,169.82901000976562,114156300.0
2020-03-19,168.95391874447998,176.4548639519507,165.04958447340383,170.848388671875,120896500.0
2020-03-20,174.77195377989193,175.8586187318692,163.5782409272634,164.1552276611328,118983900.0
2020-03-23,164.71705561125242,167.88766482176584,158.9444363829632,164.2737579345703,124639800.0
2020-03-24,173.3808282490425,177.15856442508598,171.4919528085072,176.99473571777344,94881800.0
2020-03-25,177.72710870040686,182.63238112970294,173.44824087496102,175.68405151367188,88754900.0
2020-03-26,177.19707567410143,185.72590170817756,176.94651676005296,184.93565368652344,79887600.0
2020-03-27,180.14606101851234,183.5961399441674,177.95845284758843,178.57522583007812,58845000.0
2020-03-30,180.2713077379169,185.5042524838166,179.5774364489023,185.07057189941406,49356900.0
2020-03-31,184.7622147202768,188.16410491571844,182.33366492098668,183.4901123046875,62659300.0
2020-04-01,178.06442445917838,180.84954144843974,174.29632067811158,175.69369506835938,53715400.0
2020-04-02,174.66256540221036,183.2010248436471,174.40235994277407,179.2594451904297,56465300.0
2020-04-03,178.81610198325504,180.28094291307997,174.7106946635517,176.7152099609375,47487600.0
2020-04-06,183.5672201272307,190.47700940543538,182.32404243492905,189.34947204589844,64763500.0
2020-04-07,195.02572681505686,195.3052105755976,188.88690704180706,189.2723846435547,69904500.0
2020-04-08,190.95884325294728,193.8692471906298,189.05070444182948,193.29103088378906,45940400.0
2020-04-09,195.00644197859563,195.84486375879908,191.80692235363662,193.5705108642578,68252600.0
2020-04-13,192.74172250332825,196.037604193532,191.53708673768247,195.66175842285156,42853900.0
2020-04-14,199.70931984823298,204.78806805336356,198.92871827104543,204.17129516601562,63959600.0
2020-04-15,200.91399319148454,204.14242333953956,199.60334872214327,201.8295135498047,47036000.0
2020-04-16,204.0074660086225,206.59019787315222,202.08004890194934,205.51084899902344,64657400.0
2020-04-17,208.3248595465445,208.65251689926393,204.38329540788433,207.47679138183594,62863200.0
2020-04-20,205.61684269890014,208.04539219556722,204.8555194668825,205.01934814453125,38249100.0
2020-04-21,202.9570837699047,203.49675835735266,196.2400321049999,197.4542999267578,72932800.0
2020-04-22,201.51146830858954,204.64352116792185,200.7694085906636,203.3135986328125,40089100.0
2020-04-23,204.10384321375844,206.6576798929646,202.47518798976893,202.87994384765625,43278500.0
2020-04-24,203.3136284711967,206.52278025187658,201.8969754858958,206.0794677734375,34231900.0
2020-04-27,208.3441558687106,208.76818998777122,206.71548605005756,207.7370147705078,36451700.0
2020-04-28,209.43319387274218,209.43319387274218,203.54493278649417,203.82440185546875,46862800.0
2020-04-29,208.34416622411646,211.98698358434214,207.33226924515904,211.05218505859375,48716400.0
2020-04-30,211.9677045798469,212.05443482502966,209.46207103162277,210.9654541015625,43359500.0
2020-05-01,206.71546978226925,208.80671542758486,203.99780479944727,205.01934814453125,48795000.0
2020-05-04,203.78583880021242,207.63102692515653,203.45816668146077,207.4093780517578,32841000.0
2020-05-05,209.5488014119554,212.1508117043005,208.9802168642444,209.7608184814453,37783100.0
2020-05-06,211.4376626196126,213.01814414783206,210.1944849860544,211.05218505859375,36455200.0
2020-05-07,213.7698974609375,214.6468613111104,212.42069629023453,213.7698974609375,38624800.0
2020-05-08,215.43708313854327,216.83445781456493,214.405907769634,216.6995391845703,31852300.0
2020-05-11,215.37925611327955,219.6581102590585,215.14796073849664,218.63658142089844,35714100.0
2020-05-12,219.23405413924644,219.82191691829414,214.03001936447382,214.05892944335938,41054100.0
2020-05-13,214.57937207940446,216.45860101063872,208.84530853844777,211.37985229492188,65521200.0
2020-05-14,210.05960918517889,213.81806763878316,208.15146987065896,213.77952575683594,51549300.0
2020-05-15,210.84019410903045,215.22507175772745,210.40652812290176,215.16725158691406,55747200.0
2020-05-18,218.0679800098586,220.3808747591325,217.2873783996043,219.17623901367188,42398100.0
2020-05-19,219.43643426157178,221.50841647055782,218.48237220668994,218.62692260742188,36237300.0
2020-05-20,221.17109946832628,223.34907537189613,221.15182118103107,222.9925079345703,37417000.0
2020-05-21,223.04067194477724,223.7152648761991,220.05317005630795,220.56393432617188,43642900.0
2020-05-22,220.159238701974,221.52770322379243,219.24371842319027,221.32533264160156,28762400.0
2020-05-26,224.8910108840865,225.0933961345601,220.48685608376448,220.727783203125,33055300.0
2020-05-27,220.39050923496274,222.0480891067048,215.8128936519016,221.93243408203125,55665600.0
2020-05-28,220.79527281052464,224.99704279722127,220.73745264867057,221.64334106445312,42784300.0
2020-05-29,222.01920457253235,225.1223476170285,220.45798655252008,224.89105224609375,50691800.0
2020-06-01,224.0237183000957,225.94148909425346,223.580405852762,225.56564331054688,25776000.0
2020-06-02,225.98964846309943,227.13646395735796,223.59000894893595,227.07864379882812,33383400.0
2020-06-03,227.68581732955406,228.85191135320022,226.80885356849546,228.1002197265625,37228700.0
2020-06-04,227.7532820322616,229.16028851919424,225.19944511840026,226.50045776367188,38716100.0
2020-06-05,227.64723267735656,231.57916528830577,227.07864816750765,230.99130249023438,47365600.0
2020-06-08,230.8467497942778,232.90908559417898,229.27591478780462,232.7838134765625,32937300.0
2020-06-09,231.92611626901564,235.31835996895643,231.74300928137154,234.47030639648438,35046300.0
2020-06-10,236.15681016614303,238.82628727279214,235.63639925472478,237.2843475341797,58084400.0
2020-06-11,233.37165575635862,234.7497518639726,225.46924893413822,225.52706909179688,72919400.0
2020-06-12,230.41309179061233,231.67554773748168,223.32984221469624,227.31959533691406,72034800.0
2020-06-15,224.00444975136463,230.76004235922355,223.06965114777003,230.08544921875,45307400.0
2020-06-16,234.93287828048682,235.5207411070532,230.42272914947344,234.03663635253906,48890100.0
2020-06-17,235.53040867703587,236.59049416630967,233.92101685606804,234.77871704101562,34749300.0
2020-06-18,234.4606874798789,235.6556915837433,233.68973226967276,235.41476440429688,30578600.0
2020-06-19,237.77579973756127,238.0360051561511,233.65112843595384,235.3761749267578,49422100.0
2020-06-22,235.24485555414324,238.32443404274093,234.95525202842896,238.19894409179688,24068700.0
2020-06-23,239.79185250930243,242.4563083945472,239.2415910107685,240.2262725830078,32767400.0
2020-06-24,239.47323192088928,240.69927413113206,233.77747032849103,235.27381896972656,46032400.0
2020-06-25,235.36074647206536,237.81281664587638,232.7928201402532,237.5135498046875,36940800.0
2020-06-26,237.27218287499343,237.4459597314604,231.3833319883449,231.90464782714844,52824600.0
2020-06-29,231.66334141690083,234.44365375200687,229.13403850296953,234.43399047851562,34377800.0
2020-06-30,234.36639647362844,239.56981827910502,234.1829710638583,239.02920532226562,38909200.0
2020-07-01,239.06784655096075,242.813543587899,238.52723352101097,241.81919860839844,34689200.0
2020-07-02,244.26159807657163,245.46832873991843,242.99694669828003,243.4603271484375,31956500.0
2020-07-06,246.6074316074447,249.96696505283822,246.58811979569407,249.4456787109375,34589000.0
2020-07-07,249.1946521252014,251.84945892945265,247.42798237174202,247.7272491455078,36578200.0
2020-07-08,249.04984726379305,251.01920998375346,247.62106792277157,250.99024963378906,30426300.0
2020-07-09,252.90178494537264,253.77062512478344,248.71201964631373,253.10450744628906,40312900.0
2020-07-10,252.95964115766566,255.0834983535047,250.28553731393248,254.83248901367188,32885300.0
2020-07-13,257.67077863151815,260.4510906859,248.76993242520794,249.59051513671875,64108100.0
2020-07-14,247.07089785047452,251.76268278666717,244.01063013586605,251.35720825195312,72230500.0
2020-07-15,252.76657480096483,253.59682067296373,248.57681020089458,251.8687744140625,54523900.0
2020-07-16,249.08849232489118,250.78757843319028,246.7715754706991,250.15042114257812,47594100.0
2020-07-17,250.60416234560108,251.29924037382855,248.2679483210013,250.4400634765625,35137900.0
2020-07-20,251.07722959233442,258.1728127407313,249.8319045920947,257.5453186035156,40610100.0
2020-07-21,259.109243731376,259.11890700581716,254.02167704412855,254.86155700683594,43243800.0
2020-07-22,255.3538476360336,256.6860828769416,253.46167292169136,255.75929260253906,29865500.0
2020-07-23,255.35385649928634,256.05856830973784,247.66937487857987,249.078857421875,51363500.0
2020-07-24,245.24626504091694,248.03622557867962,242.62043282649148,246.71365356445312,54054500.0
2020-07-27,248.3548437407833,251.5019774032771,247.57288459649874,251.11582946777344,36445700.0
2020-07-28,250.33384077721368,250.85515663227346,247.6307760865251,247.92037963867188,31302400.0
2020-07-29,249.45532116229973,251.63709931721627,248.982292237495,250.77789306640625,27556900.0
2020-07-30,248.81819840304507,252.65077615124386,247.66938845975037,252.0908660888672,41774500.0
2020-07-31,256.70537999323545,256.74400361997266,251.82053708339816,256.58953857421875,53686300.0
2020-08-03,258.72309280434087,260.79866396258296,258.5975880828449,260.0553283691406,32081600.0
2020-08-04,259.5532571357138,261.11720474062406,258.8099216921895,261.0206604003906,24911300.0
2020-08-05,261.50338158726504,262.12121240299587,260.61521480447755,261.66748046875,21612100.0
2020-08-06,261.4743636830434,265.46140586287095,260.83720646063387,265.1331787109375,28048200.0
2020-08-07,264.5925456583775,265.36487086171775,259.9297519293119,262.0729064941406,44969400.0
2020-08-10,262.36251698917204,262.56526893234684,257.43907994534675,260.95306396484375,35088400.0
2020-08-11,259.7946675765919,261.078645751076,255.469762890844,256.0103759765625,43104300.0
2020-08-12,258.1631820495838,263.39555047558576,258.11489513924374,262.449462890625,38773400.0
2020-08-13,263.2217357684701,265.3166035911343,262.1115495090623,263.0479736328125,31895700.0
2020-08-14,263.66583566837744,263.9361421763201,261.34891853441206,262.73907470703125,30799500.0
2020-08-17,264.44783495573483,266.2917233458615,262.7777382094537,265.78973388671875,24803000.0
2020-08-18,266.85156636879645,268.82092931471396,265.39382651055513,268.347900390625,23529500.0
2020-08-19,268.3092735080976,269.361538946348,266.0309805139832,266.5426330566406,31999400.0
2020-08-20,265.7510796690975,270.72280461950794,265.34560516171996,270.2401123046875,27723400.0
2020-08-21,270.43315549382095,272.5666469170663,269.7863349379107,272.1129150390625,34748900.0
2020-08-24,275.3758992103282,276.09993750798907,271.5336587047118,273.8119812011719,36418500.0
2020-08-25,273.0397898076282,276.1579935436314,272.5957210165853,275.96490478515625,34866600.0
2020-08-26,277.210080786425,282.10458599209494,275.93576650899803,281.85357666015625,42216700.0
2020-08-27,282.8286485340556,283.67819145883357,278.71610185783146,280.97509765625,49482700.0
2020-08-28,282.21087247352176,283.03145529122617,280.8593399002912,282.4039611816406,28021000.0
2020-08-31,282.9251727119583,286.4777797251431,282.4907380096178,284.6725158691406,36321000.0
2020-09-01,287.3178053997639,289.6540494643498,285.5511642651608,289.5382080078125,36216200.0
2020-09-02,292.78180499925486,292.9941907640885,286.6130134690522,292.2798156738281,50836800.0
2020-09-03,287.7811450077344,288.2831343760069,274.56502794271665,277.461181640625,110083300.0
2020-09-04,275.67520489156203,278.9285460540391,262.3915042896588,273.76373291015625,123959000.0
2020-09-08,262.7969725347713,268.58927959574385,260.3255905456521,260.6055603027344,99568600.0
2020-09-09,266.09856525710717,270.3558844568571,263.5499363466677,268.2610168457031,64837900.0
2020-09-10,271.2151868367455,272.4315810171057,261.1944886834255,262.9128723144531,69667500.0
2020-09-11,264.66013097026314,265.6930993630102,257.6610939749936,261.0882263183594,71809000.0
2020-09-14,264.86283719368294,267.6238517656471,263.5113049904663,265.6351623535156,38525200.0
2020-09-15,269.3712776760612,270.74213684181177,265.60628343379057,269.4002380371094,41849900.0
2020-09-16,270.19175038025173,270.6551159681372,264.7566323032266,265.1041564941406,42321000.0
2020-09-17,258.28854377971,264.9014317710496,257.44866419770193,260.9626770019531,81570800.0
2020-09-18,262.3818455269854,262.6714490748719,253.5389205101117,257.63214111328125,86251100.0
2020-09-21,253.3844841341912,258.38516903481747,251.10616127531384,258.2500305175781,57168600.0
2020-09-22,260.64414624476314,263.62718075167135,257.3135874665396,263.0479736328125,41128900.0
2020-09-23,262.72942020782114,262.91284564375087,254.1375029242739,255.01600646972656,48837300.0
2020-09-24,252.3419819932259,259.39894350257106,252.17785359154362,256.2035217285156,70631700.0
2020-09-25,256.7053739728496,262.97070941435624,255.15108974097413,262.1597900390625,55242400.0
2020-09-28,267.00608152706303,267.6046447753906,262.2660686795251,267.6046447753906,58438300.0
2020-09-29,267.0446793576808,268.0969450206519,265.83794862566816,266.39788818359375,27050000.0
2020-09-30,266.59084936773337,271.3598498234308,266.32054296163346,268.22235107421875,49380800.0
2020-10-01,272.0356982383313,273.0879637760146,270.15318673605265,272.4797668457031,50020200.0
2020-10-02,266.4654662863386,272.4701601184732,263.97478679805994,264.8146667480469,75497400.0
2020-10-05,266.7743216875284,270.78066105719495,266.6681435448509,270.46209716796875,28184600.0
2020-10-06,269.7766694808657,271.45642882906407,264.7566590561267,265.6351623535156,49704200.0
2020-10-07,268.2706786084015,271.02200051330726,267.6817788187373,270.23040771484375,27539700.0
2020-10-08,272.6246668552397,272.692250863225,270.6070161198967,271.6689453125,25443300.0
2020-10-09,273.3099714004014,275.8972240591866,272.9238235212557,275.8199768066406,30201100.0
2020-10-12,280.49247559449736,287.1632865219897,279.44987321972303,284.334716796875,79370700.0
2020-10-13,286.13030584164267,286.76743364068807,282.9638166230446,284.32501220703125,64240000.0
2020-10-14,285.12631857338727,286.09170307543957,280.2125149932846,281.9501953125,36949100.0
2020-10-15,277.25846553741076,280.64694540864457,276.6213081738045,280.0580749511719,42514200.0
2020-10-16,281.69913398569054,283.118250120554,278.1754870949915,278.5230407714844,40570700.0
2020-10-19,280.43446681634396,281.39021727606575,273.0010256232922,273.9760437011719,36756800.0
2020-10-20,274.7098347542855,277.6639092232267,273.15557971605415,274.5650329589844,32195400.0
2020-10-21,274.81593408606057,277.3741963322862,273.8698469609032,274.3525390625,29306100.0
2020-10-22,275.18286694417264,276.0806970077862,271.09930896361976,274.3429870605469,32196200.0
2020-10-23,274.91247475466486,275.04764269717583,272.02598514362353,274.8835144042969,24658500.0
2020-10-26,272.60530165220865,275.42420811965764,267.1798450415657,270.76141357421875,38421100.0
2020-10-27,271.7557303051984,273.69616253176326,270.5007422694398,272.8755798339844,30559100.0
2020-10-28,268.38652388422213,268.99472076414986,261.98602066013467,262.2370300292969,53413500.0
2020-10-29,263.54990400527873,269.81523844947185,263.08650895264776,266.82257080078125,43246300.0
2020-10-30,264.8436281062336,265.71246842117193,257.82529212761136,260.0553283691406,65838300.0
2020-11-02,262.4397858102994,264.0519614491014,257.7287046720085,260.634521484375,39987400.0
2020-11-03,262.54596606498586,267.2377501565641,261.46474011532763,265.1428527832031,43604100.0
2020-11-04,273.77343149133833,278.77411694661424,272.1129687019523,276.978515625,75728200.0
2020-11-05,283.36930846128735,285.16493893434745,281.89227136852344,284.1995544433594,52054200.0
2020-11-06,283.54305564811597,285.1359340820166,279.79735930679647,284.4118957519531,40959800.0
2020-11-09,287.3466296026275,288.7850722362282,278.1465184469039,278.6002502441406,86537100.0
2020-11-10,275.298706294445,276.73711974817496,270.9061892150607,273.6092834472656,69024900.0
2020-11-11,276.12899326549075,280.2029180063394,273.5707296221009,279.7298889160156,36102900.0
2020-11-12,280.6951927441598,281.9598440196232,277.3066838894168,278.4168701171875,34414600.0
2020-11-13,280.1255808806651,281.4771130353815,277.9051792696676,280.8592529296875,24806900.0
2020-11-16,280.5599816948548,283.3499564745892,279.95178486958724,283.0506896972656,30168400.0
2020-11-17,283.2437515362869,283.57197866735737,281.515705366918,282.1528625488281,21843500.0
2020-11-18,281.60264461079413,283.21482007968325,279.98077640901397,280.0676574707031,28069600.0
2020-11-19,279.51743631186287,282.56805486647227,278.8513186501274,282.2591247558594,22718400.0
2020-11-20,282.18186025104586,282.9252251255996,280.2414575587215,280.3283386230469,25907300.0
2020-11-23,281.3227248815685,282.61633668750983,278.0983439095298,280.3380432128906,26875600.0
2020-11-24,281.3997867761039,284.768997137853,279.604186587859,284.2766418457031,24516800.0
2020-11-25,285.33869416384647,286.6612661706886,284.39260677955264,286.02410888671875,23326800.0
2020-11-27,287.98391738864257,289.7795483121249,287.5881061127072,288.6596984863281,17163100.0
2020-11-30,288.97813717389687,289.5863340058368,284.57598705656847,289.2484436035156,27836200.0
2020-12-01,291.5172136923651,294.5774960981829,290.41666101316673,292.95562744140625,27521300.0
2020-12-02,291.78747116096457,293.6699827593853,289.95324646526086,293.33209228515625,23620000.0
2020-12-03,293.64098372339845,295.29178278596623,293.02312357062823,293.7471618652344,22828700.0
2020-12-04,293.7954649395466,295.08910615271844,293.11971343632354,294.94427490234375,19332100.0
2020-12-07,295.1276491778661,296.98120014170644,294.9442237896301,296.6143493652344,20851000.0
2020-12-08,296.1413710347903,297.9176750537472,294.394027373597,297.618408203125,18341500.0
2020-12-09,297.4060448121746,297.6859851378941,289.8181064337985,290.8800354003906,48839300.0
2020-12-10,288.85270568689265,293.1679758446329,287.77147969446355,292.0481262207031,27519500.0
2020-12-11,290.39732847376354,291.5268413770915,288.1383321283064,291.4013366699219,26760400.0
2020-12-14,292.58865178266007,295.45584424490863,292.5210972742196,293.51544189453125,28804800.0
2020-12-15,295.764817995958,296.6529846191406,293.583039794266,296.6529846191406,25709000.0
2020-12-16,297.04888517347604,299.06653566927565,296.0062531949939,298.2845764160156,25461900.0
2020-12-17,299.87730961717017,300.46617985912076,298.68024259340916,300.2344970703125,23730500.0
2020-12-18,300.87176969860747,301.18069984306896,296.9619443694417,299.3271484375,41173400.0
2020-12-21,296.3880094458271,299.2990935276684,293.62201914030925,298.7671813964844,37095500.0
2020-12-22,299.6666284063234,300.49834990287053,296.76522492880133,299.57958984375,26176300.0
2020-12-23,299.62787282530934,299.9857077912312,297.9160557526845,298.07080078125,21201300.0
2020-12-24,298.33193549385265,299.83098193739113,298.2545777319209,299.3861083984375,16785000.0
2020-12-28,301.98770376203237,302.8774803592197,300.15980565552076,302.403564453125,22497700.0
2020-12-29,303.72848916143977,304.34746922756625,301.7748886675919,302.67431640625,25871900.0
2020-12-30,303.83494380006067,304.1540851626478,302.06507133646136,302.6840515136719,18138100.0
2020-12-31,302.5872479387859,303.9122169632015,301.5137432306854,303.42864990234375,21611400.0
2021-01-04,304.7536849421613,304.9277915528741,295.15004811669945,299.1443176269531,45305900.0
2021-01-05,298.15785695282773,301.88133010233867,298.15785695282773,301.6105041503906,29323400.0
2021-01-06,296.9102038596787,301.6298235489037,295.9237375861153,297.4324645996094,52809600.0
2021-01-07,300.0824173717932,305.45968150266896,300.05340452454226,304.6279602050781,30394800.0
2021-01-08,306.91037112243146,308.8930139905173,304.7246383313787,308.5448303222656,33955800.0
2021-01-11,305.5950304812831,306.7652544281792,303.4383109052147,304.0863037109375,32746400.0
2021-01-12,304.1250755644642,305.20826137156917,300.97223748619797,303.60284423828125,29266800.0
2021-01-13,303.8639328211842,306.4461649143162,303.2643142681602,305.65313720703125,22898400.0
2021-01-14,306.0980096248566,307.094156785232,303.54476087519726,304.0186767578125,23500100.0
2021-01-15,303.80591801369764,304.7633715752926,300.3725733632766,301.6105041503906,35118700.0
2021-01-19,303.922033187685,306.51394670543056,302.8291664207911,306.01104736328125,24537000.0
2021-01-20,309.6183861530807,314.0671802809424,306.10768395367444,313.1290588378906,30728100.0
2021-01-21,314.4637477948913,316.37868455369073,313.09043345961686,315.63397216796875,25130600.0
2021-01-22,314.599151841025,315.73068254143016,314.03819737047615,314.7248840332031,21609400.0
2021-01-25,318.1002023361911,319.4638654817868,310.84669380510877,317.32647705078125,39080600.0
2021-01-26,318.042144313173,318.9222401339376,316.46571056359466,317.7906799316406,25498100.0
2021-01-27,315.53724544224883,315.5468967153011,306.9297265802239,308.93170166015625,55264000.0
2021-01-28,310.1309816193833,315.6920040712482,309.5120014751254,310.7596130371094,42836300.0
2021-01-29,309.07680593633717,310.17935334563816,302.4809716021376,304.2218017578125,55259000.0
2021-02-01,307.65507979981385,312.9066415105271,305.63377264277995,311.8234558105469,35646000.0
2021-02-02,314.7829055893894,318.0614757583533,314.61847975995283,316.91058349609375,33930800.0
2021-02-03,318.98023406628533,319.34774981358413,315.5952640995163,315.6532897949219,24824500.0
2021-02-04,317.0459651565781,319.47345211722893,315.7306471948117,319.38641357421875,22350900.0
2021-02-05,320.3341905343545,321.47540180553307,318.69973137707603,320.4695739746094,22732000.0
2021-02-08,322.15249356867855,322.7714442736409,320.5180339749823,322.61669921875,20462800.0
2021-02-09,321.6882474260004,323.806274175975,321.6785666370871,322.54901123046875,17597500.0
2021-02-10,323.980274963567,324.4348292163973,318.67071767071866,321.81390380859375,28068700.0
2021-02-11,323.34192619514045,323.98991901959926,321.2045681277829,323.5837097167969,22046100.0
2021-02-12,322.7423660387801,325.5567302806045,321.6978740231131,325.392333984375,20346800.0
2021-02-16,326.1854222775015,327.0751989496096,323.3517254489914,324.5122985839844,27080800.0
2021-02-17,321.5431313923928,324.62829206972634,319.31873438093277,322.95513916015625,31360300.0
2021-02-18,319.37678040107613,322.89713401446414,317.56821441182797,321.54315185546875,32236200.0
2021-02-19,322.8874661708562,323.01319836112447,319.1253288241616,320.14080810546875,39157700.0
2021-02-22,315.769367077322,317.02662993365885,311.6397140045064,311.8428039550781,47256900.0
2021-02-23,306.58156498365287,312.57780929074875,300.77875933727455,310.9143371582031,97241900.0
2021-02-24,308.2644560641463,313.78681557799615,305.57582320408756,313.4773254394531,58206300.0
2021-02-25,310.82731138431024,313.3805306260153,301.0108744842427,302.5486145019531,110182600.0
2021-02-26,305.46940434313694,308.62224239863315,300.6627452228731,303.81561279296875,104739800.0
2021-03-01,308.77692917620794,313.2934589317363,307.4906536609349,312.9549560546875,49164500.0
2021-03-02,313.5933815144943,313.6707392929755,307.68420351171704,307.9356384277344,48370000.0
2021-03-03,306.8427132097169,307.78083473612594,298.94124187666455,298.999267578125,86301100.0
2021-03-04,298.6317419551438,301.78460936542973,290.2466741951384,294.1055603027344,139131600.0
2021-03-05,296.71678648609463,299.4344314626073,287.6741045435682,298.5350036621094,121523700.0
2021-03-08,297.9934585333565,299.86970170562427,289.6664451830615,290.0823059082031,88409800.0
2021-03-09,297.36480208609765,303.4190726088207,296.83288999530305,301.5234680175781,80391100.0
2021-03-10,305.7691877148615,306.0689969905032,299.97606262892486,300.6627197265625,76798100.0
2021-03-11,305.39198858407474,309.3475643461397,304.50224155246616,307.58740234375,53484800.0
2021-03-12,303.5447120159389,307.7711130696488,301.1559189847786,305.0921325683594,69315600.0
2021-03-15,305.4112824943474,308.5157746586454,303.7768235213523,308.3513488769531,42955700.0
2021-03-16,310.5371627546861,313.5449659100005,308.61257485615175,310.0439147949219,54925900.0
2021-03-17,307.0167058978727,313.2063577117264,305.3048597962419,311.3204345703125,78258700.0
2021-03-18,306.45585279723394,307.4326679227673,301.33005261439087,301.78460693359375,82718100.0
2021-03-19,301.6201702532906,304.3861897065348,299.4828117084633,302.84844970703125,78446200.0
2021-03-22,305.2353979787207,310.59040392389574,305.2353979787207,308.5278015136719,56194800.0
2021-03-23,309.612375451777,310.9293250054893,306.3683779793853,307.1817932128906,53455400.0
2021-03-24,308.5472552223629,308.58599773415375,301.85591218860037,302.00115966796875,64803700.0
2021-03-25,300.16123030839066,302.9888420757685,297.66288549869734,301.4781799316406,78729000.0
2021-03-26,301.265063149159,306.3198800031302,299.87065842738554,306.0003356933594,63519600.0
2021-03-29,305.46789461802814,306.95914149571723,302.5821832637524,305.913330078125,54608000.0
2021-03-30,303.95730172549463,304.9450142805837,301.6816590451657,304.3736877441406,44635700.0
2021-03-31,306.1553845736689,310.5904412985315,305.81645412078507,309.0314025878906,55032500.0
2021-04-01,312.84672164210474,314.4348098188247,312.59493967248017,314.29925537109375,55685600.0
2021-04-05,316.7782800541117,321.33922820909277,316.5361910716538,320.57421875,42172500.0
2021-04-06,320.2643529812838,322.2978767014356,319.5767990245168,320.35150146484375,33537200.0
2021-04-07,319.87694195811866,321.9589304625294,318.9473287124585,321.1261291503906,32046400.0
2021-04-08,323.973058726292,324.6605829522895,323.1790000135238,324.4765930175781,29940800.0
2021-04-09,323.1209297830273,326.64575879118956,322.38499953058533,326.4423828125,36664900.0
2021-04-12,325.40628854475295,326.43274331989136,324.1377448216692,326.016357421875,25833000.0
2021-04-13,327.5366256086355,330.2867522764166,327.32358617054615,329.82196044921875,30374000.0
2021-04-14,330.0640803030341,330.18997128531964,325.04800435205124,325.8614196777344,42564300.0
2021-04-15,328.7276915647447,331.18732317438446,325.58053572256813,330.7999572753906,36342800.0
2021-04-16,331.32302396545816,331.40050900023493,329.3185198049282,331.1874694824219,40860100.0
2021-04-19,329.61862923278056,330.7709453921216,326.23904755662335,328.1564025878906,34533100.0
2021-04-20,327.4979526077044,328.7761598402926,323.7988262550352,325.76458740234375,38081800.0
2021-04-21,324.4863905189967,328.73748730841146,323.4018365873759,328.5534973144531,36598100.0
2021-04-22,328.16606928187014,329.1440884195294,323.44048885386536,324.59283447265625,45936100.0
2021-04-23,325.22234456628763,329.9866391864697,325.22234456628763,328.67938232421875,36381900.0
2021-04-26,328.9213671925283,331.10016734245863,328.17571445024527,330.8193359375,30812000.0
2021-04-27,331.1099026682856,331.322942133481,328.4372606662317,329.38623046875,33187200.0
2021-04-28,329.05694876235407,330.06404696704936,327.62377168459045,328.2725830078125,33615700.0
2021-04-29,331.53593834980677,331.9523242109565,326.23903145567414,329.4539794921875,37708900.0
2021-04-30,327.01375376946794,329.49274216453847,326.38429888051144,327.2945556640625,38263400.0
2021-05-03,328.49535414501815,329.2409774847648,325.1061087885574,325.5515441894531,29729700.0
2021-05-04,323.0048150683799,323.3243890876106,315.8873927767561,319.69305419921875,65147000.0
2021-05-05,321.7362406560032,322.59809157283405,317.84346066281364,318.6181335449219,46219300.0
2021-05-06,318.3566747657434,321.1745938006215,316.1197751440553,321.0196533203125,46814300.0
2021-05-07,323.78905458519637,325.99690415299386,321.1938686909527,323.62445068359375,53324500.0
2021-05-10,322.2494462901448,322.423743244047,315.2482231230004,315.45159912109375,60700500.0
2021-05-11,309.5834064906865,315.8099281055479,308.9249019906725,315.015869140625,71963600.0
2021-05-12,310.09660973504145,312.4109648887553,306.0004537815061,306.8623046875,91164900.0
2021-05-13,309.7964347035057,312.1979384391469,306.8719809517946,309.2347717285156,69877800.0
2021-05-14,312.3915689630783,316.9718727195618,311.8880050629384,316.0616455078125,44370000.0
2021-05-17,314.3573876294072,316.0423174767768,311.27802289046355,314.14434814453125,39395000.0
2021-05-18,315.09332162757306,316.31342989327334,311.75248215177146,312.02362060546875,36528500.0
2021-05-19,306.6395241594255,312.6820543624818,306.2909007351647,312.3818664550781,66319100.0
2021-05-20,313.86349073591884,319.2765963457008,313.6407878054907,318.4244384765625,46466100.0
2021-05-21,319.97387039152886,320.39025638480865,316.3038223783695,316.662109375,50330400.0
2021-05-24,318.947294640956,323.1112416530921,316.5554550114147,321.9879455566406,32475800.0
2021-05-25,323.4985160094696,324.21508959414786,321.2616172582886,322.4333190917969,31280300.0
2021-05-26,323.10166471334094,324.02158517710836,322.4141402316824,323.5567932128906,25444900.0
2021-05-27,323.1112923143857,323.9537571308489,322.1429365158076,322.3462829589844,27931700.0
2021-05-28,323.5469965359783,324.95112409907404,323.0434622187752,323.3630065917969,29927400.0
2021-06-01,324.6896501642093,325.1641645463067,320.9421183822736,322.28814697265625,31145400.0
2021-06-02,322.70456308578315,323.7600673377985,321.20362345031947,322.9176025390625,22047900.0
2021-06-03,320.0899262794322,321.35846972956574,317.8917697437361,319.5573425292969,37057800.0
2021-06-04,321.3489203994139,325.4256905790055,321.2811283920492,324.9802551269531,38736500.0
2021-06-07,324.44766936920496,326.00673791247226,323.7601448765478,325.9486389160156,32611900.0
2021-06-08,327.69157313772666,328.55342392236736,324.42821905576574,326.1034851074219,27282800.0
2021-06-09,327.46892965959455,328.2436025634657,325.99700976961145,326.1809997558594,21485300.0
2021-06-10,326.51988721420577,329.68639997023377,326.07445183075987,329.57989501953125,33702100.0
2021-06-11,329.5895536252261,330.45140444001976,328.9407718124438,330.44171142578125,21222800.0
2021-06-14,330.86778255302914,333.6179093117482,329.6863873667179,333.6082458496094,27827700.0
2021-06-15,333.2596510178802,333.5695319741018,330.7128704717063,331.4294738769531,35963800.0
2021-06-16,331.8942612985029,332.9594586012761,326.7716803342275,330.2190246582031,55399500.0
2021-06-17,329.2118913613866,335.41905499835264,329.16348539671577,334.4119567871094,59722700.0
2021-06-18,332.7561366442551,333.8987894931976,331.04212781896496,331.78778076171875,55414900.0
2021-06-21,331.9787657019872,334.1697982298446,329.76835424054235,333.849853515625,32992600.0
2021-06-22,333.64622153526057,337.40780512278815,333.3456853854878,336.96185302734375,28941600.0
2021-06-23,336.9037171919384,338.27068637748584,336.2929405785921,337.1266784667969,27188500.0
2021-06-24,339.0558783553251,340.7330579765859,338.51297251899047,339.21099853515625,32581600.0
2021-06-25,339.7734341141549,340.0158039553187,338.19317801598095,338.79425048828125,28682800.0
2021-06-28,340.0739227062935,343.0502310394861,340.0157563194562,342.91448974609375,39130300.0
2021-06-29,342.7399034425647,344.1844176586804,341.9061657191062,344.15533447265625,29426000.0
2021-06-30,344.0003651915225,344.38818062350543,343.03088578389224,343.6125793457031,32724000.0
2021-07-01,343.263429455445,344.2522873637605,341.9158394722611,343.7481689453125,29290000.0
2021-07-02,345.6387100273818,348.01394587637975,345.4060444894466,347.69403076171875,32727200.0
2021-07-06,348.29507731218075,349.47784301928783,345.6096012208607,349.1966857910156,38842400.0
2021-07-07,351.3877515299721,351.68828771820597,347.9848700350014,349.93353271484375,35265200.0
2021-07-08,344.88242630427135,348.67309248424857,343.60273659764135,347.8199462890625,50890000.0
2021-07-09,347.2383212565117,350.4666734462841,346.6566279144741,349.99163818359375,35184500.0
2021-07-12,351.38769524874493,351.8142683997516,349.8171143275915,351.3586120605469,25717700.0
2021-07-13,350.98050102781934,354.3155113432428,350.50546575853355,351.3586120605469,39723000.0
2021-07-14,353.695063224342,354.334923009968,351.1647368588785,351.9888000488281,35336400.0
2021-07-15,351.901572224668,352.10515457344513,347.51950728613065,349.5166320800781,53391600.0
2021-07-16,350.36976954559515,351.3489529844366,346.3367326086339,346.6857604980469,47262000.0
2021-07-19,343.2440823987422,344.3395985757795,341.29544941915344,343.8451843261719,64404600.0
2021-07-20,344.7758589805626,349.2839309033551,343.0016956494683,347.83941650390625,42183700.0
2021-07-21,347.41282185679904,350.52484130859375,347.189831025329,350.52484130859375,30259900.0
2021-07-22,350.72840175494474,352.85156309900196,350.72840175494474,352.8418884277344,30252200.0
2021-07-23,354.16041041607696,357.24334687744266,352.812849841368,356.96221923828125,31960800.0
2021-07-26,356.27383762485954,357.6311319295246,355.41101667693584,357.2433166503906,28438100.0
2021-07-27,356.9815849421956,356.9815849421956,349.16758599168105,353.3072509765625,57933100.0
2021-07-28,354.44162000628785,356.2351625374823,352.1536335896194,354.6645812988281,42066200.0
2021-07-29,354.102177487591,356.4580041755391,354.102177487591,355.2946472167969,25672500.0
2021-07-30,351.3779373237778,354.02462539017665,351.34885414002173,353.44293212890625,36484600.0
2021-08-02,355.1007328438121,355.6824261051948,352.7642851277932,353.4720153808594,27334100.0
2021-08-03,354.1312918031101,355.73092625334533,350.95140183183673,355.6145935058594,35558500.0
2021-08-04,355.57583829951596,357.0785486538567,354.47064751204573,356.1284484863281,29602200.0
2021-08-05,356.9427548213593,358.61996406579254,356.23505411880956,358.3872985839844,21443900.0
2021-08-06,357.12695178672953,358.09643072508095,355.7115208208582,356.81671142578125,33332100.0
2021-08-09,357.272370785182,357.9994799952035,356.1768844277817,357.4759826660156,25960200.0
2021-08-10,357.98979826286455,358.2806301066766,354.46088076515036,355.6436462402344,35130800.0
2021-08-11,356.9040455917683,357.39845980797236,353.70474685026676,355.0329284667969,34249800.0
2021-08-12,354.5288145934865,356.6713551212553,353.1812244425715,356.3126525878906,25969200.0
2021-08-13,356.6616545422443,357.89288225930954,356.1672107693837,357.5632629394531,19336200.0
2021-08-16,356.4484294428136,357.7572026900726,352.5995958465872,357.71844482421875,34856900.0
2021-08-17,354.97473053040966,355.9442095320419,352.1438684138882,354.56756591796875,44793900.0
2021-08-18,354.0343835120309,355.43043583369166,350.82540994122667,351.155029296875,38541900.0
2021-08-19,349.22581118175174,354.51915952022125,348.9737371131052,352.8516540527344,48499400.0
2021-08-20,353.9180693517791,356.9040818135609,353.60782891151354,356.506591796875,39486000.0
2021-08-23,357.54392962555784,362.52706708912774,357.53425495180653,361.8387451171875,34034700.0
2021-08-24,362.42999449651103,363.54488933295636,361.9646339657028,362.9438171386719,21732900.0
2021-08-25,363.19598391897216,363.93279755113315,362.44946602760183,363.36077880859375,20441900.0
2021-08-26,362.50765499712105,363.186272647079,360.61715882948744,361.0534362792969,29133300.0
2021-08-27,361.6835731498802,365.06704572458636,361.19883360227624,364.56292724609375,27104700.0
2021-08-30,365.34821689588654,369.13888385322144,365.32880837810274,368.6541442871094,27295700.0
2021-08-31,368.89645199838003,368.96429304074263,366.81204854590294,368.3535461425781,29628200.0
2021-09-01,369.41033717202157,371.02935075610196,368.7607731349161,368.96435546875,28138300.0
2021-09-02,370.31197593873407,370.6415953206066,367.5780374591262,368.7898864746094,25453400.0
2021-09-03,367.64588191431966,370.32165381746034,367.6265029824692,369.9241638183594,24605400.0
2021-09-07,370.0307934213265,371.09722639937877,368.8771108704548,370.4476623535156,23970200.0
2021-09-08,370.27306741990367,370.27306741990367,366.8992997990422,369.1581726074219,32949200.0
2021-09-09,369.38118948219346,370.48638011617885,367.6458138527887,367.88818359375,29399000.0
2021-09-10,369.59458937934374,370.31199456502407,364.766572007798,365.09619140625,40249400.0
2021-09-13,367.4227809215973,367.84935398368214,362.7983774451758,364.8439636230469,48741800.0
2021-09-14,366.32738486764987,367.0544942449371,362.85666245797427,363.8067626953125,41826600.0
2021-09-15,364.26239710955736,366.8605940269488,361.97441102227873,366.5115661621094,34097900.0
2021-09-16,365.18341605344483,367.3356610496822,363.2638661825825,366.763671875,35193100.0
2021-09-17,366.28862158723337,366.3370837105402,361.3830594278912,362.4203796386719,60912300.0
2021-09-20,356.6397650087438,358.3770649643027,350.30204856529116,354.9316101074219,76203200.0
2021-09-21,356.7562323028196,357.9500244057725,354.24250095471126,355.36834716796875,41927500.0
2021-09-22,356.2806679802414,360.1434836029054,355.183937209897,358.6876525878906,46972900.0
2021-09-23,359.8426526187024,363.0260689263954,359.2020833494826,361.9972839355469,44652000.0
2021-09-24,359.7357758377113,362.7542136900679,359.366960638489,362.33685302734375,36056800.0
2021-09-27,359.29915546840573,360.3182254706369,356.9018855512231,359.4447326660156,43338100.0
2021-09-28,354.90242320446913,359.3960624454702,348.76851604317415,349.273193359375,97701600.0
2021-09-29,350.5349530661647,352.6701538015192,348.07945296818735,348.7005920410156,58076600.0
2021-09-30,350.3408408146085,352.0004796824699,346.5848019783648,347.4194641113281,61384600.0
2021-10-01,348.0406649333571,350.6126270697312,343.9449259320334,349.5741271972656,56375500.0
2021-10-04,347.9629561353116,348.2929408905077,340.00443232533587,342.2366943359375,76766000.0
2021-10-05,343.29465164038623,349.09857530087436,343.0714431735322,346.8565979003906,47232900.0
2021-10-06,343.6537097480509,349.3508859856343,342.7511017351987,349.0791320800781,56806500.0
2021-10-07,352.1169447081904,354.9218597093188,351.5831519082924,352.2819519042969,39411200.0
2021-10-08,353.359269505455,353.5922225946232,349.9914461101767,350.5252685546875,41822300.0
2021-10-11,348.99181562609704,352.5052462008434,347.7495076148968,347.8368835449219,34847200.0
2021-10-12,349.28299636391796,349.7197279151812,345.98311851666216,346.6236877441406,43905100.0
2021-10-13,348.9238825919107,350.06912921837323,346.90511365883157,349.3994445800781,40120800.0
2021-10-14,352.9807670269934,356.04772105094736,352.32079745219414,355.8341979980469,43433900.0
2021-10-15,357.0473870713289,358.1926336084034,356.0186022676578,358.076171875,40419900.0
2021-10-18,356.7853404816781,361.8904639819842,356.1836017428047,361.67694091796875,34513500.0
2021-10-19,362.7444647215839,364.4623341993832,361.7253951298123,364.413818359375,29091000.0
2021-10-20,364.8700168600347,365.4814705247708,362.46303264841004,363.93829345703125,31390300.0
2021-10-21,363.14241948492446,366.3549502475722,362.8415501713679,366.16082763671875,25469300.0
2021-10-22,364.9089359717682,365.86977503898487,361.42465035678146,363.08428955078125,36275800.0
2021-10-25,364.50124448025184,367.7137757327204,362.56013655155994,366.80145263671875,32597800.0
2021-10-26,369.03375122026137,371.44070613936873,366.78205887358405,367.9564208984375,47191300.0
2021-10-27,368.4028096814125,371.86769396233075,368.1407708101906,368.8104553222656,45760500.0
2021-10-28,370.7031031363797,373.1586035119321,369.93635720171,372.90625,38007000.0
2021-10-29,369.83931460452044,374.9056078026217,369.48992937242434,374.7406005859375,37310100.0
2021-11-01,375.1773208269469,376.1478747466398,373.1003508406609,376.0216979980469,30765300.0
2021-11-02,375.4102781419764,378.06961626262824,375.3617622891989,377.5940246582031,25135300.0
2021-11-03,378.07924073952057,382.0196870043353,377.04077062954696,381.60235595703125,33748900.0
2021-11-04,382.8641258090132,387.4451415534196,382.3206179765375,386.4939880371094,40265300.0
2021-11-05,388.2603929633159,389.1824014029133,385.4651929741841,386.86279296875,43383800.0
2021-11-08,386.83373716375723,387.8528070748558,385.69817588602643,386.3387451171875,29256300.0
2021-11-09,387.40630581848245,387.80423647950204,382.3206127615635,383.67938232421875,50490700.0
2021-11-10,380.91335911329566,383.7182449890207,376.1188196118529,378.04052734375,54937400.0
2021-11-11,381.01036099651094,381.1850535942557,378.7489537673127,379.0886535644531,32243000.0
2021-11-12,380.2339215683607,383.6114600770246,378.64222844516746,383.0776672363281,34730600.0
2021-11-15,384.25203336732267,384.5723031513749,380.5542250384793,382.99029541015625,33716900.0
2021-11-16,382.2623302948795,386.2124916261566,382.0682372936359,385.717529296875,27872900.0
2021-11-17,386.03784845819575,387.9498409979827,384.96054774936533,385.92138671875,28703300.0
2021-11-18,387.9595356566256,390.42472132941214,385.746673866411,389.9200439453125,45721500.0
2021-11-19,391.55057784406847,393.3655090142673,390.7256010524446,392.0940856933594,45191700.0
2021-11-22,393.6275674356048,396.6750913966864,387.4354285769709,387.54217529296875,61715400.0
2021-11-23,386.387211450435,388.44481066512725,381.35006379541414,385.7757873535156,70098700.0
2021-11-24,383.30091921196464,387.2995973191076,380.98131034140596,387.0181579589844,46954400.0
2021-11-26,384.4461499286158,385.83406472835935,378.2928408154908,379.6807556152344,51533300.0
2021-11-29,384.2325918976154,388.93006914854874,383.5046764835853,387.9206848144531,54447100.0
2021-11-30,387.0375420797313,389.37658088970477,380.2145483069959,382.2236022949219,81332700.0
2021-12-01,386.5522731883904,388.6875039865139,375.2550392337579,375.72088623046875,77766500.0
2021-12-02,374.43977901648975,380.2048730338362,373.0227782515784,378.42877197265625,84416600.0
2021-12-03,379.78745158369395,380.78712093526707,367.74287389750515,371.84832763671875,105349100.0
2021-12-06,372.33361117070314,376.18671148100873,368.13109604161446,374.82794189453125,67588800.0
2021-12-07,381.45674079077105,386.7268405670082,381.41791034730085,386.1153869628906,56005300.0
2021-12-08,386.4454168478569,388.04682468275166,384.5528251036487,387.8429870605469,39204000.0
2021-12-09,386.6201542564389,388.41568490576117,381.9420773224515,382.1361999511719,49973700.0
2021-12-10,384.94113783795945,386.55226109542093,381.77712219580366,386.29022216796875,52545800.0
2021-12-13,386.2804733873282,386.6007431595549,380.340687932566,380.7095031738281,50166400.0
2021-12-14,375.89552074702993,378.6033744726611,372.333604453133,376.76904296875,75199200.0
2021-12-15,376.5167564381815,385.7176198838369,372.5763091981742,385.3584899902344,73858000.0
2021-12-16,386.3193444641887,386.7463906180366,373.86711934809614,375.4491271972656,82591400.0
2021-12-17,372.0424358932726,377.72989749215094,370.5283740874729,373.575927734375,80492500.0
2021-12-20,368.86368337590045,370.73923780206746,366.82291099792644,369.95208740234375,65336800.0
2021-12-21,373.21732244116544,378.5427620773413,369.47594078430143,378.2317810058594,48899500.0
2021-12-22,377.940256153254,383.04217260210027,377.2794436165562,382.8381042480469,37042200.0
2021-12-23,383.1878470093905,387.19163100781594,383.0226587418486,385.7242431640625,29595500.0
2021-12-27,387.01684296389,392.0993347167969,386.98769033901556,392.0993347167969,32820700.0
2021-12-28,392.9933253837321,393.16824111386956,389.40740463197875,390.2820129394531,33113700.0
2021-12-29,390.41803389043463,391.68135356240083,387.85248484629045,390.2236633300781,32248500.0
2021-12-30,390.00980308022986,392.1866403004597,388.4743826717482,389.0574645996094,23850100.0
2021-12-31,388.38696497227664,389.7474698400466,386.13239710181097,386.6280212402344,34752900.0
2022-01-03,387.79418445250604,390.60268190377786,385.6854091645426,390.3500061035156,40575900.0
2022-01-04,390.89422537317694,390.9331054188095,382.19669095457175,385.2869873046875,58027200.0
2022-01-05,383.6057865958055,384.72337293333084,373.1978857035745,373.4505615234375,75739800.0
2022-01-06,371.633325336353,376.4242607153945,369.40790966584495,373.18817138671875,70814300.0
2022-01-07,373.1979002300411,374.87911385794735,367.3768659749752,369.1455078125,72652300.0
2022-01-10,364.247631175028,369.90347622023194,358.8930397293688,369.3883972167969,91770500.0
2022-01-11,368.65957052256533,375.10256621805246,366.57994783943866,374.9373779296875,68295700.0
2022-01-12,377.50287081742164,379.1938115670307,374.1502012486516,376.4241943359375,54576400.0
2022-01-13,377.8041494231055,378.4844167378079,366.074624382969,367.0075378417969,77994000.0
2022-01-14,364.49062759351705,369.62169654378727,364.2865295874727,369.2912902832031,80121200.0
2022-01-18,363.48960149892713,365.60810393419575,359.34002481635605,360.0980224609375,75450900.0
2022-01-19,361.6529976742431,364.12136182701727,355.880541072445,356.1429443359375,81791500.0
2022-01-20,359.3595004518152,363.3244045935705,350.9826458380344,351.5171203613281,88610700.0
2022-01-21,349.330539722729,351.9640912692604,341.488160651979,341.7699890136719,143388900.0
2022-01-24,336.15308683543975,343.9954673508949,324.72478599973664,343.3346252441406,198685800.0
2022-01-25,336.8916660148258,341.12867144360456,332.04239627859437,335.3756408691406,124398400.0
2022-01-26,342.95564528881357,346.8136666435928,331.16778546967276,334.85089111328125,146559500.0
2022-01-27,339.54463373353155,341.3618827840196,330.458358824308,331.478759765625,95255700.0
2022-01-28,333.35430475827206,342.0907183519178,328.41760709916,341.8769226074219,108167900.0
2022-01-31,343.2375184340186,353.39274396857036,341.6048826133204,352.8096618652344,94326400.0
2022-02-01,354.1507704001854,355.8611367995901,349.01000308839457,355.21002197265625,74433000.0
2022-02-02,359.33038818012415,359.66079442430265,354.014676339823,358.09619140625,78777100.0
2022-02-03,348.41717982324013,351.7212723367331,342.5183851878919,343.57763671875,95384800.0
2022-02-04,344.0926633462077,351.20619958497537,342.04219309436127,347.9118347167969,86318300.0
2022-02-07,348.504617817624,350.8660691597223,343.8594455728271,345.1130676269531,58198100.0
2022-02-08,343.9760806328479,350.07894372085246,342.84879641190577,348.99053955078125,64720900.0
2022-02-09,353.49960591720173,356.4635641696809,351.90585037410443,356.3858337402344,55766400.0
2022-02-10,349.379258893997,356.1526621410885,346.48333266039094,348.32000732421875,112468500.0
2022-02-11,348.320042651716,349.91379870998736,336.04628228185766,337.270751953125,101569100.0
2022-02-14,336.7167440292433,341.08011731803214,334.1901044767984,337.68853759765625,80254400.0
2022-02-15,342.9556624755889,346.3180598271027,341.89641107359364,346.0848388671875,55128800.0
2022-02-16,343.8399623458286,347.0177162208431,340.81766932337564,345.9973449707031,58947100.0
2022-02-17,342.79043865220996,343.49013117675463,335.28819145000847,335.7060852050781,61801400.0
2022-02-18,336.63901029035685,337.0277217825516,329.5740817937438,331.8772277832031,80001500.0
2022-02-22,328.9423231115471,334.3357940236968,324.9191140449899,328.54388427734375,85967100.0
2022-02-23,331.6925085963982,332.5282366301931,319.81719284294496,320.128173828125,86215400.0
2022-02-24,309.84663269035866,331.42046002394045,309.2830055153298,330.8859558105469,130614100.0
2022-02-25,331.6828380897231,336.2211267970796,327.87342416629815,336.01702880859375,78842100.0
2022-02-28,332.848971939996,338.70888504403,331.6925354040267,337.0179443359375,77515500.0
2022-03-01,335.99760742770474,338.2618732660849,329.3408159261966,331.8577575683594,67407000.0
2022-03-02,333.4029080497776,338.75749983927886,330.64301800966297,337.4261474609375,70609000.0
2022-03-03,340.05975042964405,340.16666315443564,330.7499801582447,332.6061096191406,71089400.0
2022-03-04,330.2543443538934,331.6828821792647,325.4731362920545,327.7859802246094,76936300.0
2022-03-07,327.7762547430773,328.9326914399779,315.49277003733135,315.69683837890625,89933800.0
2022-03-08,314.90972996905424,323.81136363180053,310.91567218169763,314.2294921875,116153900.0
2022-03-09,322.39244516601696,326.89185313979397,319.80747128575166,325.5410461425781,64723400.0
2022-03-10,321.4886751529339,323.13100824604834,317.4945891624437,321.92596435546875,69362700.0
2022-03-11,324.8899903621224,325.2009713809174,314.76388965637926,315.2497863769531,66228400.0
2022-03-14,314.01570617217186,317.3781041039581,308.4959250184995,309.19561767578125,79802600.0
2022-03-15,311.8291146371056,319.67149559177153,310.2256612337523,318.89404296875,76471000.0
2022-03-16,322.80071280469946,330.8374356893228,319.13703172940603,330.7208251953125,105243000.0
2022-03-17,328.82584474293503,334.78294514473345,327.5333721111033,334.7246398925781,67810000.0
2022-03-18,333.0725203319514,341.8672699778357,331.91608360541323,341.5757141113281,85446300.0
2022-03-21,340.74285245484646,342.961279812273,336.2475907234622,340.6260681152344,73799100.0
2022-03-22,341.1222487248997,348.1862005857163,340.74279618753303,347.3202209472656,63345900.0
2022-03-23,344.44997862782566,348.00140453374314,342.27044957821784,342.3288269042969,70615500.0
2022-03-24,344.2456558101581,349.986350676726,342.0953449451577,349.93768310546875,53555300.0
2022-03-25,349.87932232230673,350.93017371233253,345.35490081482953,349.64581298828125,57584200.0
2022-03-28,349.63595373877206,355.1528474125101,348.4002610116664,355.0555419921875,56833900.0
2022-03-29,358.93781843646826,361.7886864128306,356.17451643929866,361.1659851074219,68073000.0
2022-03-30,359.30761939801414,360.9617228996258,355.6978159910666,357.1767578125,68757700.0
2022-03-31,357.32269270861195,357.6729863672548,351.9128426053536,352.7496337890625,67011400.0
2022-04-01,353.0123445557002,353.7907287466327,348.9063041076066,352.0782775878906,54527800.0
2022-04-04,352.9150231256334,359.33679633708357,352.6523251541179,359.3270568847656,45950200.0
2022-04-05,357.8772990694817,358.5875961299539,350.2100934936844,351.3485107421875,62738700.0
2022-04-06,346.04562667256323,347.14511564916006,341.09308624592376,343.7201843261719,90077100.0
2022-04-07,342.7277201170129,346.7267446671159,339.2736000384896,344.5375061035156,63777400.0
2022-04-08,342.80562935333,343.55482486576096,339.08878106856014,339.7212219238281,61956100.0
2022-04-11,335.49841960824415,336.4130373274305,331.34374144933133,331.6842956542969,66107400.0
2022-04-12,336.42273774541997,338.3006108408513,328.9112156702458,330.28314208984375,72790200.0
2022-04-13,330.6237210087425,338.0476783256784,329.9037141412077,336.9968566894531,61367800.0
2022-04-14,337.08431664837485,337.6000026981519,329.0765588554386,329.2906188964844,73519400.0
2022-04-18,328.23989134707324,331.8302455149222,326.72202142008297,329.543701171875,58560600.0
2022-04-19,328.90148159846586,337.48330417965906,327.87984877884975,336.90924072265625,56515700.0
2022-04-20,337.71682064449476,338.1741294682281,330.77936175599643,331.99560546875,65500000.0
2022-04-21,335.86809207916525,338.4757111308021,324.2018934187596,325.126220703125,75801000.0
2022-04-22,325.28190598888244,326.49814955160997,316.18439820099104,316.6125183105469,82562100.0
2022-04-25,314.9877203304042,320.9910835818568,313.72280886056757,320.6797180175781,101755900.0
2022-04-26,318.62671001999485,318.81158146646436,308.3032164570966,308.57568359375,105819600.0
2022-04-27,308.67292069034227,314.1606266790587,306.49342141772047,308.2059020996094,111204200.0
2022-04-28,313.15847678766386,320.98136565372073,308.94539140439406,319.1521301269531,99450000.0
2022-04-29,314.95845789599684,318.39312867132884,304.15820867399975,304.7906494140625,91977900.0
2022-05-02,304.3820700623137,310.1130259435991,301.28795250650296,309.8795166015625,115511800.0
2022-05-03,309.8989920546326,312.4969024785799,307.44705467527416,310.2103576660156,78185500.0
2022-05-04,310.68703085766595,321.3705266398512,305.4134145896794,320.69915771484375,116083400.0
2022-05-05,316.38881782028443,316.46664436023457,301.25872676885024,304.5474548339844,154607400.0
2022-05-06,302.5528769524845,306.58106174154045,296.8705587108456,300.8987731933594,139572800.0
2022-05-09,295.28453273033836,300.996008618568,287.7340820427355,289.1254577636719,113387300.0
2022-05-10,296.2866701264761,297.50291368425985,288.5610886719583,292.637939453125,124124600.0
2022-05-11,290.3806041502512,295.87801946885776,283.0928817553142,283.9588317871094,140326100.0
2022-05-12,279.6873819339684,287.7632273238353,277.24515535486245,283.2874450683594,120910900.0
2022-05-13,287.73407242102456,294.8174745830036,286.138346424551,293.7861022949219,83684900.0
2022-05-16,292.0444589770364,294.097493977759,289.10602460905653,290.3806457519531,59190400.0
2022-05-17,296.22827274130907,298.2812774748999,292.4335693433633,297.9018249511719,62715300.0
2022-05-18,293.3969760028948,294.0877942691442,282.022659930127,283.27783203125,79477100.0
2022-05-19,281.47774051592484,286.44002110714024,279.81389763549873,281.7598876953125,79920700.0
2022-05-20,285.2140253616293,285.8659153747501,272.6429170613255,280.8841857910156,91764200.0
2022-05-23,281.92534387646225,285.9340791316217,279.5317841287278,285.55462646484375,63648400.0
2022-05-24,280.3490731233341,281.0593405177189,274.62785738418324,279.48309326171875,73491100.0
2022-05-25,277.9944510932424,285.46707681818833,277.790130414811,283.39459228515625,67144500.0
2022-05-26,282.59670148119596,292.79370090044955,282.31452458577047,291.2466125488281,59462200.0
2022-05-27,294.36987218167906,300.8986593542299,294.2531175498577,300.7527160644531,66985600.0
2022-05-31,300.72353878178234,302.9224870489725,296.11152279625475,299.9548645019531,60968300.0
2022-06-01,302.08576970712096,304.20689175701307,295.5277926730619,297.7364807128906,65341700.0
2022-06-02,296.6175262442658,306.0652992066853,295.2066716427817,305.8901672363281,59291300.0
2022-06-03,300.68459259062325,302.08570752811823,296.6855980727137,297.9310302734375,60914700.0
2022-06-06,302.3581632186797,303.91496098729647,297.36669466302385,298.9234924316406,51785000.0
2022-06-07,295.60557593396834,302.2803363375406,294.5158264052498,301.5019226074219,44900300.0
2022-06-08,300.7041112591163,303.30202113308343,298.48568371120905,299.33221435546875,38342100.0
2022-06-09,297.64890422197186,300.70409308352015,291.1493047438415,291.314697265625,55900500.0
2022-06-10,285.72002131201464,286.90707658879035,280.59234753507866,281.0399169921875,85963500.0
2022-06-13,272.19532856453475,274.71538184129287,267.11629390009665,267.9725341796875,94442000.0
2022-06-14,270.16181731673043,271.1348123961568,265.9584714471799,268.4590759277344,64697500.0
2022-06-15,271.8743261379324,279.0841942882345,269.1401823653874,275.16302490234375,86051400.0
2022-06-16,268.1477188735857,268.6050277631465,262.00812210331577,264.0611572265625,81910300.0
2022-06-17,264.82968546694275,269.70439832652187,263.2048009760439,267.27191162109375,82703400.0
2022-06-21,271.74362277262003,276.32550024065307,271.6364019012819,274.0150451660156,51633700.0
2022-06-22,271.51952443797313,278.01213214449695,270.92487077179675,273.6155090332031,67472900.0
2022-06-23,276.0916057256148,278.5385272590604,273.26450217830984,277.6903991699219,57457800.0
2022-06-24,280.507727853171,287.6242622907725,280.2737697047167,287.2050476074219,58422300.0
2022-06-27,288.56018688089597,289.1255957784682,283.9685787238529,285.09942626953125,54151500.0
2022-06-28,285.63551643685923,288.2189033828553,276.22807278418054,276.4132995605469,61609800.0
2022-06-29,276.27680789416553,278.16804887285934,273.7811552161931,276.666748046875,57302700.0
2022-06-30,273.69347848455203,276.8033016886934,268.8483959478941,273.23529052734375,79313600.0
2022-07-01,271.93872292223625,275.4287280627205,270.0669682110584,275.0387878417969,56675100.0
2022-07-05,271.31482506578493,279.8643851101462,269.79403720898574,279.7474060058594,61829300.0
2022-07-06,280.1275095117218,283.6370300357671,278.4117373109611,281.5410461425781,63194700.0
2022-07-07,282.35026024883626,288.2677001508207,282.35026024883626,287.5657958984375,56620100.0
2022-07-08,284.73865446284026,289.29128867561775,283.80279206972443,287.9264831542969,59895500.0
2022-07-11,285.51853385171637,285.74273381469544,280.8976821731195,281.7750549316406,55273900.0
2022-07-12,283.0228769013674,284.9336043962824,277.4563750926704,279.04541015625,55797100.0
2022-07-13,273.5471579009379,280.80988517547735,272.98171947253604,278.47021484375,73939400.0
2022-07-14,275.87713357604196,280.3322753285217,272.7673107554296,279.46466064453125,63741800.0
2022-07-15,282.447678649405,284.64112514394554,280.83912741965753,284.53387451171875,63818100.0
2022-07-18,287.3123286067335,288.71613714679245,280.95621698129423,282.12603759765625,59519600.0
2022-07-19,285.74272385456845,291.0947540209909,284.1439604004065,290.8022766113281,55172600.0
2022-07-20,291.22151286932126,296.59300027762254,290.44160280286565,295.4134216308594,67769400.0
2022-07-21,295.8716013477852,299.71257278651024,293.21996669593227,299.6540832519531,55049400.0
2022-07-22,298.7279400582674,300.7946495495967,292.5765429447159,294.3995361328125,57127700.0
2022-07-25,294.4288845965313,294.89683077373707,290.72440738289373,292.7228698730469,40582400.0
2022-07-26,291.02654315994,291.2800176636317,286.1619747271185,286.9710998535156,50074100.0
2022-07-27,291.52372654709603,300.7849468623081,290.95828801492434,299.0984191894531,69304400.0
2022-07-28,298.88394285982037,302.59817719949456,295.1404637517443,302.02301025390625,55139900.0
2022-07-29,303.56332661296017,308.4376532183859,302.1400018237952,307.531005859375,57501000.0
2022-08-01,305.7665478982185,310.79685728003875,304.6747033348218,307.3458251953125,46358800.0
2022-08-02,305.0548788766701,310.5433458150814,304.00200763677066,306.4294128417969,48676500.0
2022-08-03,308.1061867149711,315.59317532874235,308.04769717311217,314.7742919921875,53735700.0
2022-08-04,314.85228747313164,316.5583019667237,312.70757163811743,316.246337890625,38973700.0
2022-08-05,311.1672198285277,315.6905788028209,310.38733958312264,313.6628723144531,53894000.0
2022-08-08,314.5792611856877,318.2642505385572,311.186719499504,312.6490173339844,43878500.0
2022-08-09,310.7578153405692,311.0112898504591,307.4920402349788,309.11029052734375,39764200.0
2022-08-10,316.4315380147607,318.03033145703176,313.9651298877678,317.73785400390625,51459600.0
2022-08-11,320.0580788393949,322.05654114496235,315.2324828813211,315.93438720703125,45897700.0
2022-08-12,317.9816405282173,322.28080120851956,316.92879881594587,322.0858459472656,40928400.0
2022-08-15,321.1400746183443,325.18575883684434,321.1205582759929,324.6885681152344,38266600.0
2022-08-16,323.7137816095442,326.0144792764567,320.8866780807311,323.9282531738281,41186900.0
2022-08-17,320.79892851943316,323.09959632644143,318.15702215986727,320.2334899902344,47842200.0
2022-08-18,320.1847179038116,322.18317959641575,318.57619632799316,321.00360107421875,41937200.0
2022-08-19,317.9718266167245,318.62496970460546,313.9846013764956,314.7449951171875,51770600.0
2022-08-22,310.4946053994254,310.7285635567942,305.6495235537209,306.4586486816406,51098900.0
2022-08-23,306.22468679134613,309.03230364766176,305.45453486535706,306.2052001953125,39497100.0
2022-08-24,305.7274805067354,308.90555078072424,305.1230688044367,307.0923156738281,38057100.0
2022-08-25,308.86656343289775,312.54182469616995,307.82348016039754,312.5223083496094,38098300.0
2022-08-26,312.2298521322397,313.4289471423746,299.6248511436763,299.71258544921875,69047700.0
2022-08-29,296.9634413953537,299.4980969416907,295.6571255581281,296.75872802734375,48321900.0
2022-08-30,298.40628147836696,299.02045139226664,290.9388095301706,293.4539489746094,51184500.0
2022-08-31,296.3493211651862,297.2462104165781,291.6407344093384,291.7479553222656,50044000.0
2022-09-01,289.26206269221797,292.24514843632187,285.58683084422876,291.87469482421875,57990700.0
2022-09-02,294.740774703101,296.11533836235265,286.14245551571184,287.7510070800781,64666800.0
2022-09-06,288.22870983713847,289.1450856998673,283.55909620691773,285.6842956542969,57005400.0
2022-09-07,286.16199347016936,292.449857353697,285.8987607758549,291.45550537109375,49260400.0
2022-09-08,289.3887830676894,294.2825963801712,288.02397753736875,292.9665222167969,55649800.0
2022-09-09,295.21849307882025,299.8686203463064,292.96655625452206,299.3714294433594,56125200.0
2022-09-12,300.74590746831177,303.26104653778367,300.43394347116856,302.9295959472656,45905700.0
2022-09-13,294.21431675154446,295.4036535312114,285.43080119279574,286.31793212890625,79562200.0
2022-09-14,287.45853861960694,289.46675884397393,285.69403473072657,288.5893859863281,54907200.0
2022-09-15,286.6786149787717,289.07677502786464,282.1844709604111,283.78326416015625,65299400.0
2022-09-16,280.4882745925792,282.43800539615603,278.4410512987174,282.0480651855469,79920400.0
2022-09-19,279.41026817186867,284.4007692098792,279.3516735071406,284.2445068359375,52613800.0
2022-09-20,281.74432082476693,284.26401019805775,279.68367258756734,281.9787292480469,51271100.0
2022-09-21,282.81865933794643,287.0767271524291,276.79294602997567,276.9296569824219,82931000.0
2022-09-22,275.40607392081404,276.41198853056363,272.30043811253796,273.5212097167969,62757100.0
2022-09-23,271.0600876562461,271.3530906940123,265.6593958177249,269.06781005859375,74815200.0
2022-09-26,268.59903872928675,272.95474328112414,267.1634101921664,267.9544677734375,71176700.0
2022-09-27,271.31401168769924,273.6578869182652,265.74728193661343,268.0618896484375,69780100.0
2022-09-28,268.0423529963474,274.67359224399587,266.5676812655921,273.39422607421875,79652100.0
2022-09-29,269.4096019608169,269.790496968335,262.5537600614113,265.5129089355469,81216000.0
2022-09-30,264.69248573687213,268.7552157481536,260.8543883492567,261.0106506347656,78482400.0
2022-10-03,262.77838999019224,268.72598499950425,261.27439119809316,267.13409423828125,61267400.0
2022-10-04,272.466427654253,276.2361856074682,272.466427654253,275.53302001953125,66696900.0
2022-10-05,271.7731002272136,277.1737934825495,268.97998865251145,275.3865966796875,55766300.0
2022-10-06,274.3903676136288,277.5350762751335,272.89614444923643,273.21844482421875,53489400.0
2022-10-07,268.5892661876951,268.71623119922265,261.4794937780923,262.8077087402344,71354700.0
2022-10-10,263.0030730560104,263.39374388766583,257.47544439688625,260.1806640625,60393000.0
2022-10-11,258.51058612594454,261.3720673840886,254.92638786927176,256.6061706542969,66522500.0
2022-10-12,257.2409672276285,259.1551286146646,255.824890155114,256.5182800292969,50580200.0
2022-10-13,249.19361733579407,263.8526492218997,248.314653023915,262.5342102050781,112894100.0
2022-10-14,264.85857940952417,265.45430155702957,254.05719626133418,254.6431427001953,77244300.0
2022-10-17,260.60056088370277,263.92105379550384,260.50289319135663,263.0518798828125,64576500.0
2022-10-18,270.06395452452955,270.7280470710159,262.45609815195365,265.1320495605469,69781000.0
2022-10-19,263.6182883721529,267.28060307677697,261.8017945845762,264.1651916503906,53115400.0
2022-10-20,263.2764551298616,268.41347120679865,261.65529678402197,262.81744384765625,60605500.0
2022-10-21,261.71385546652766,269.5170163876789,260.5809760788131,268.9798889160156,77897700.0
2022-10-24,269.2436137496372,272.86685542506865,265.6105963643657,271.9390869140625,63963600.0
2022-10-25,272.87667101411233,277.94531769892717,271.40196920443464,277.5644226074219,59014500.0
2022-10-26,271.9487887310459,277.3397341859061,270.94287431238723,271.4311828613281,63492400.0
2022-10-27,270.3179159913899,271.7730662589922,265.9719570015237,266.48956298828125,57760300.0
2022-10-28,265.86447857469307,275.1130435199091,265.69844055724036,274.6442565917969,62651300.0
2022-10-31,272.3980338180551,273.2183885428517,269.53652328281635,271.4507141113281,47742000.0
2022-11-01,274.91775300938326,275.47443198903903,268.31581093092103,268.6771545410156,45895900.0
2022-11-02,268.6478787128653,271.70469568674423,259.399311519549,259.4676818847656,79803100.0
2022-11-03,256.8601426857268,258.3152930221834,254.01818257732077,254.3990478515625,70038900.0
2022-11-04,259.32115839513125,260.3758918348881,253.02196566783292,258.49102783203125,78313200.0
2022-11-07,259.5360356389298,261.87016518539997,257.40701717498183,261.3330078125,47333800.0
2022-11-08,262.8467553391268,266.46999663818434,259.3113762035289,263.2373962402344,63213800.0
2022-11-09,261.4991175367289,262.28039963365063,256.8797059227746,257.1629333496094,64862100.0
2022-11-10,269.55618833391463,276.4315536317772,267.4466910934344,276.1385803222656,99256700.0
2022-11-11,275.9529276307415,281.89077633715436,274.6149669615236,281.2266540527344,66961800.0
2022-11-14,279.1757569845967,282.4474303134182,277.7889773576387,278.7655944824219,55290700.0
2022-11-15,285.37735992912906,286.4028260736951,279.2832769369558,282.6233215332031,73985400.0
2022-11-16,280.6700097973448,282.71113601166286,277.94523967408276,278.7655944824219,48859800.0
2022-11-17,274.3122614193195,279.62506171085806,274.15599908086324,278.1503601074219,55462100.0
2022-11-18,281.1583477721119,281.2559856516127,275.7185826650507,278.1601257324219,53588600.0
2022-11-21,276.77328608772194,277.92568713736597,274.4684839884339,275.2986145019531,40083500.0
2022-11-22,276.0311621488778,279.4199959875596,273.90211352027865,279.2637634277344,41873400.0
2022-11-23,279.28325456645376,282.6916394561302,279.10747060283614,282.0666198730469,46390000.0
2022-11-25,280.47467442939137,281.1778399513412,279.7226899728019,280.21099853515625,15498800.0
2022-11-28,278.23825096740205,280.25008013545914,275.171688273992,276.0994567871094,38714200.0
2022-11-29,276.32413047917765,276.7245471910179,272.6422935981072,274.0095520019531,35618900.0
2022-11-30,274.2732190033669,286.6079011726027,273.42356665890117,286.5004577636719,74718100.0
2022-12-01,286.8226924238293,288.8345213632916,284.078400623767,286.85198974609375,51547300.0
2022-12-02,281.7931358717761,286.58832991112297,281.61732212434396,285.7093505859375,53583200.0
2022-12-05,283.5900753418602,284.8596656371709,279.45897432203,280.9141540527344,41482100.0
2022-12-06,280.75793423830896,280.8946451535179,273.70675658958163,275.0935363769531,53937600.0
2022-12-07,273.9118643287681,275.96276668699613,272.26137865318424,273.970458984375,45614300.0
2022-12-08,275.3182199318586,278.17970181412744,273.2477957739849,277.2128601074219,42594900.0
2022-12-09,276.1972057280491,278.96105007275094,275.0057311300791,275.4452209472656,47860500.0
2022-12-12,275.6208939066993,278.96093768122927,274.5856821096089,278.9023132324219,35732500.0
2022-12-13,289.71348065751044,289.93811333848004,279.2246216753855,281.9005432128906,80667700.0
2022-12-14,281.31460764454545,284.59605734412366,276.56826176614993,279.8106384277344,64984400.0
2022-12-15,275.7282970309666,276.3924193203591,269.2240532710019,270.41552734375,60554100.0
2022-12-16,269.7417265632705,271.27499316635124,266.2356440158274,267.8373107910156,68300400.0
2022-12-19,268.10647203993534,268.19457442821647,262.83968796572054,264.07318115234375,44167900.0
2022-12-20,262.9082582224274,265.6101846699768,261.3321543782554,263.8676452636719,51064200.0
2022-12-21,264.9052841933642,268.9973097762477,264.06336718269586,267.6953125,46394700.0
2022-12-22,264.6899933353928,264.8172623306727,256.93665261660766,261.14617919921875,60278400.0
2022-12-23,259.8832495982512,262.3991717432698,257.984074036482,261.73345947265625,39373600.0
2022-12-27,261.1265531783616,261.2342538072713,257.4946370186043,258.0330505371094,38009000.0
2022-12-28,257.6316662668317,259.88325139151243,254.26405781707638,254.6262664794922,47139000.0
2022-12-29,257.4260799901864,261.7726439572503,256.73103008508133,260.8328552246094,45893600.0
2022-12-30,258.07221410162435,260.8035079939195,256.77021658327436,260.6762390136719,37858300.0
2023-01-03,262.9963506430321,264.46478367830906,256.6135724714864,258.91412353515625,42335300.0
2023-01-04,261.028697336775,261.8216488667412,257.00517487421524,260.1476135253906,47754900.0
2023-01-05,258.4833552095577,258.6497608735615,255.76186078183397,256.0751037597656,45396700.0
2023-01-06,257.8078996966904,264.2592119256814,254.86123450680134,263.1431884765625,54659700.0
2023-01-09,265.1304636753524,269.4966260363917,264.2396405992404,264.8465881347656,45568700.0
2023-01-10,263.8187017183948,267.19611006139115,263.30965562590194,267.0884094238281,35247800.0
2023-01-11,268.1554927038183,271.81677656349837,267.3723104107386,271.7090759277344,44077000.0
2023-01-12,272.26700805799834,274.2053500565388,267.97917961826204,273.17742919921875,60600000.0
2023-01-13,270.6811365481586,275.30180669256583,270.3482953359978,275.05706787109375,44802900.0
2023-01-17,274.861327958871,276.8975721511368,273.6963685112169,275.6151428222656,36269700.0
2023-01-18,277.15199051686204,278.6987564529242,271.8265017490513,272.0320739746094,47754500.0
2023-01-19,270.4070168619612,271.5426085223541,268.12606430403486,269.3595275878906,44150400.0
2023-01-20,270.96504787665987,277.06392032100797,269.90775941456707,276.7310791015625,60613600.0
2023-01-23,277.57292553029276,284.10253903743137,276.77997432328294,282.87884521484375,52799900.0
2023-01-24,281.26367076042936,283.45652127430446,280.7448255986518,282.3013610839844,44875100.0
2023-01-25,277.7981504868843,282.29155198377816,275.26265970107346,281.6748352050781,50872000.0
2023-01-26,285.09139785955307,287.34298336950724,282.44820628234737,287.1667785644531,51596300.0
2023-01-27,285.8549400443847,291.98320962051486,285.7374701915448,290.0252990722656,56441900.0
2023-01-30,286.76537113929567,288.1848682857215,283.78936851387857,284.1613464355469,49405800.0
2023-01-31,284.2005049380446,288.5177013077533,284.09283419741314,288.4197998046875,46705100.0
2023-02-01,288.2143007401595,297.0444688523918,286.1486890397739,294.5873107910156,67562200.0
2023-02-02,301.0973142806732,307.07871732986723,300.2749953441006,305.15997314453125,83070600.0
2023-02-03,298.5226770687302,305.81590711540156,298.1311008641206,299.736572265625,76170800.0
2023-02-06,297.1227160126491,299.47220262591725,295.859855381322,297.2010192871094,40802300.0
2023-02-07,297.0737669255531,304.4844657154547,295.95777341891034,303.3586730957031,67584000.0
2023-02-08,302.0468560777966,302.9866447367629,297.2793488712019,297.964599609375,56720900.0
2023-02-09,302.34059280662467,302.4874301467302,293.88243338770695,295.3312683105469,49137800.0
2023-02-10,293.1775424584774,295.2235554396842,290.9944613958253,293.3929138183594,50050100.0
2023-02-13,294.7927534918015,298.6792064265475,293.61799542386274,298.0918273925781,39636700.0
2023-02-14,296.5158625945339,301.2442047832247,294.5775198391969,300.29461669921875,64079100.0
2023-02-15,298.483468514813,302.76149844620676,297.79821772193907,302.5950927734375,43100600.0
2023-02-16,297.9743720277793,301.9391284177224,296.7702464434476,296.9170837402344,59498600.0
2023-02-17,294.7341021910548,295.5759894741586,291.8266035296301,294.82220458984375,58230700.0
2023-02-21,291.0043221839152,292.4433879673602,287.7052469211058,287.84228515625,46526700.0
2023-02-22,288.41976478189457,290.1231372020917,286.4031195400651,288.05755615234375,51389200.0
2023-02-23,291.6993400918778,291.8559765400383,286.39338870857665,290.57354736328125,69294400.0
2023-02-24,285.62002748480904,286.80455511398424,283.9459922967034,285.7081298828125,74332000.0
2023-02-27,288.8603134941372,290.25041312609795,287.16671026963206,287.75408935546875,48995000.0
2023-02-28,287.1276031524654,289.888264514807,286.79476190581636,287.38214111328125,48243100.0
2023-03-01,287.0884842115543,287.74436763145235,284.09288293100525,285.07183837890625,58287000.0
2023-03-02,282.58518981493006,288.23375012800733,282.30128446373834,287.4309997558594,53565900.0
2023-03-03,289.17362474347476,293.6082911239611,288.6645488596202,293.3733215332031,60511500.0
2023-03-06,294.60682883540926,297.6024298511197,293.5104036107501,293.7061767578125,56736300.0
2023-03-07,293.75515206782217,294.67537252764663,289.49669013145973,290.1036376953125,65955800.0
2023-03-08,290.52453877912006,292.1496080791151,288.6743288918512,291.5524597167969,50876300.0
2023-03-09,292.05175916948275,294.64601494933726,285.6885488988256,286.5010986328125,71456700.0
2023-03-10,286.66743556934625,288.15546658058025,281.3321477011079,282.4775085449219,98593600.0
2023-03-13,280.69588536419366,288.27299040483655,279.1882857219438,284.5725402832031,97123600.0
2023-03-14,288.11639799707314,291.6602122153564,287.27451058625525,291.11199951171875,73602500.0
2023-03-15,288.50793666855026,292.97197088859144,287.06887104002726,292.6391296386719,83631500.0
2023-03-16,291.7286480894808,300.7154496088667,290.93569677161395,300.3532409667969,98198100.0
2023-03-17,300.2652329091514,302.6440876100418,296.98572600084447,298.933837890625,89923700.0
2023-03-20,298.3180930386969,300.31823218096145,296.1120334587537,299.99468994140625,56359500.0
2023-03-21,301.92617299814253,304.7303050536793,300.4162396258416,304.279296875,49757000.0
2023-03-22,304.21064063377816,309.0933956089858,299.97502984831704,300.1416931152344,75791900.0
2023-03-23,303.86755992069874,308.01493275195025,301.0143859601483,303.70086669921875,74576000.0
2023-03-24,303.27925706662813,304.9166266654698,300.9555458892946,304.818603515625,57195200.0
2023-03-27,305.51466616344624,306.59318988267137,301.8771283628504,302.7301330566406,50287400.0
2023-03-28,302.15170469311755,302.18111762074943,298.8180799796666,301.1221923828125,48585900.0
2023-03-29,304.80876084190845,307.23052486511835,303.9949533385013,306.6128234863281,53274300.0
2023-03-30,309.0836355781901,310.1425609016153,306.7010984828793,309.5150451660156,58354800.0
2023-03-31,309.74058319542,314.8978699971412,309.4366395928911,314.66253662109375,62138100.0
2023-04-03,312.54471142579524,314.1625124174581,311.22109959130535,313.89776611328125,47126800.0
2023-04-04,314.3389558514006,315.3488396151204,311.6230324871947,312.8388366699219,45875400.0
2023-04-05,311.8877547691748,312.82899832081586,307.93645880287295,309.7503356933594,62795700.0
2023-04-06,308.10318368556324,312.3290111128405,306.71093168392616,311.8387756347656,46916500.0
2023-04-10,308.9169555721336,311.71130345798,307.13249145734375,311.6622619628906,45134700.0
2023-04-11,311.62308187439163,311.6819376617181,309.15230574908264,309.6621398925781,40113600.0
2023-04-12,311.61325472071314,312.2015432187939,306.46578272529894,306.9266052246094,62813300.0
2023-04-13,308.681649995105,313.4075270630025,307.5051028310397,312.9369201660156,54613800.0
2023-04-14,311.3876996774346,314.10359286375956,309.4463568345297,312.34857177734375,56278300.0
2023-04-17,311.93681496151294,312.9663273730386,309.8680356976164,312.61334228515625,43007000.0
2023-04-18,314.72131163835843,315.14293682159285,311.4367584048046,312.6329040527344,46746900.0
2023-04-19,310.23076897560776,313.5447650623307,310.1033029843347,312.48583984375,38960100.0
2023-04-20,309.5248582838529,313.0349309116495,308.81891804476123,310.10333251953125,62462100.0
2023-04-21,309.7406291002469,311.2015214657896,307.96597880120675,310.42694091796875,59002300.0
2023-04-24,310.2013804516317,311.53480648026124,307.6129229773322,309.77978515625,44043100.0
2023-04-25,308.15219994563006,308.81891296001777,303.8381340762558,303.9361572265625,57121600.0
2023-04-26,307.31882660143737,308.7895330725692,305.25983155753283,305.77947998046875,55400500.0
2023-04-27,309.53465810239413,314.5938613375926,308.89732811511146,314.0938415527344,65430400.0
2023-04-28,313.8584852685594,316.348889413881,312.7309498621825,316.2606506347656,59712600.0
2023-05-01,315.7998656277723,317.30979917765427,314.8193947369705,315.8979187011719,41013400.0
2023-05-02,315.82927236122555,316.1528445049361,311.4073391555542,313.1427917480469,56519400.0
2023-05-03,313.5055780252668,316.1724601360595,310.9857605687903,311.0936279296875,59882100.0
2023-05-04,310.868086900179,312.0152509660593,308.9659710477048,309.9954833984375,50224500.0
2023-05-05,312.2505645476067,317.4372639173498,310.0346907683038,316.5842590332031,51806100.0
2023-05-08,316.12340418138433,317.71176206822287,315.0448803318045,317.36859130859375,36465800.0
2023-05-09,315.71162825560987,316.5744474308447,315.0449152280546,315.3586730957031,31768800.0
2023-05-10,317.7902142813276,319.64331859198467,315.3194384553814,318.7903137207031,60446600.0
2023-05-11,319.33941538088317,320.36889795809157,317.79025445103406,319.82965087890625,44278500.0
2023-05-12,320.35903083067103,320.7806560298409,316.63325362889475,318.68243408203125,48432800.0
2023-05-15,319.1531099474747,320.64341502641423,317.6333620151676,320.4081115722656,33375600.0
2023-05-16,319.69235001284284,322.4768838719065,319.6531227974762,320.7708740234375,40019200.0
2023-05-17,321.82971232729614,325.231947057552,320.65316536956874,324.6534729003906,47486100.0
2023-05-18,325.04561296105436,330.8990238275758,325.02601432019776,330.6833190917969,64213500.0
2023-05-19,330.89904403195277,331.60498412655244,328.8792768016019,329.9382019042969,61554900.0
2023-05-22,329.68333472224884,332.0560874268677,329.67352043849854,331.04620361328125,43015900.0
2023-05-23,329.33041279181475,330.4775470856532,326.4968372890107,326.84979248046875,48216700.0
2023-05-24,324.8986260926535,326.4085596044041,323.12397621884645,325.17315673828125,62891200.0
2023-05-25,332.51688087401254,334.3503564792471,330.09511680552123,333.0855407714844,66862800.0
2023-05-26,334.1052570690575,342.4294450267953,334.0072039995481,341.5960388183594,63007000.0
2023-05-30,345.8218996925252,347.01807544595437,341.72353831105124,343.1452331542969,72652200.0
2023-05-31,341.56664501133304,343.75310590525214,339.74298348706856,341.1940612792969,65105400.0
2023-06-01,340.93920526586845,346.45923208295466,339.8900940726383,345.1356201171875,50488600.0
2023-06-02,346.8906232177797,348.88097812444437,345.1356016946734,347.7240295410156,53372100.0
2023-06-05,347.50835464568416,350.518408015985,346.9396945897927,347.96917724609375,47266200.0
2023-06-06,347.36127796819756,348.8712117439941,346.0376360832539,347.91033935546875,41390400.0
2023-06-07,348.19461157771684,350.1457389597309,341.3803273223321,342.0078430175781,69225900.0
2023-06-08,342.3019389891671,346.71405730663616,342.07644986942665,346.25323486328125,47153900.0
2023-06-09,347.70437029041926,350.6751956662481,346.13561100038805,347.576904296875,53196900.0
2023-06-12,349.23390804531675,353.54797372181633,348.26325149654303,353.4499206542969,44606500.0
2023-06-13,356.1952759667771,356.99923935156033,352.9989313087665,356.1658630371094,57097800.0
2023-06-14,356.1756293780162,359.0386173810698,353.3813114361752,358.7542724609375,69525600.0
2023-06-15,357.48943002914655,364.50960427288277,356.8717585834689,363.02911376953125,71138800.0
2023-06-16,365.44112352181685,365.5685895292292,360.3034654615523,360.7446594238281,80932000.0
2023-06-20,359.2955034183002,361.6224020665425,357.2729652705581,360.22821044921875,49204700.0
2023-06-21,359.0892912878748,359.5212926250768,354.3962130906706,355.3191223144531,53378300.0
2023-06-22,354.072297310212,359.66863034985084,353.6697491678414,359.5115661621094,47603000.0
2023-06-23,355.62352426121214,358.24498586469036,354.2588157580104,355.9475402832031,48922900.0
2023-06-26,355.41729341976225,358.2056464908537,351.0874824651817,351.17584228515625,52685500.0
2023-06-27,352.71728658181894,357.9405532429013,351.99075255936714,357.2139892578125,49428100.0
2023-06-28,355.39768681283925,359.8551088807115,355.319124771365,357.9111328125,46498000.0
2023-06-29,357.61657056755206,358.2547747954641,355.55478139707867,357.19439697265625,46151000.0
2023-06-30,360.86637193154843,363.75291267358693,360.55221365879754,362.702392578125,58712500.0
2023-07-03,363.340578916159,364.18492611888274,362.2605755477355,363.55657958984375,19432900.0
2023-07-05,361.9954971505115,365.245305048856,361.95621612900413,363.5467529296875,34460900.0
2023-07-06,359.84530813103913,361.2198442191098,357.8914743704505,360.77801513671875,49374700.0
2023-07-07,360.5521875880231,363.7430885890437,359.3543712445191,359.5801696777344,47133700.0
2023-07-10,359.3052777456709,360.3754533005734,356.8016596081861,359.697998046875,48498800.0
2023-07-11,360.12027841253007,361.92681615358754,357.98972463094054,361.4751892089844,38214100.0
2023-07-12,365.56927551123067,367.38564065493074,363.56636297661527,366.0405578613281,61975400.0
2023-07-13,369.2117973399221,373.0801537556552,368.63252964837125,372.25543212890625,46960000.0
2023-07-14,372.6874438132465,375.89797058834614,371.30307998472483,372.1769104003906,55148500.0
2023-07-17,372.89362686917195,376.5263572948827,372.41254671777875,375.65252685546875,40868900.0
2023-07-18,375.0143841544682,380.09038542435553,373.090033424241,378.72564697265625,55262000.0
2023-07-19,379.7860363788649,380.92494642662837,377.3118411168588,378.6372985839844,54093000.0
2023-07-20,375.65256507816633,377.1154911358242,368.8878691444547,369.9089660644531,71941700.0
2023-07-21,372.2849646661414,373.0115288436154,368.36752861435934,368.7995300292969,60499600.0
2023-07-24,369.77144236598883,370.7139770949079,367.5329036581569,369.3885498046875,40380100.0
2023-07-25,370.09553243593626,373.5515137756266,370.07587694094445,371.8922424316406,38894400.0
2023-07-26,370.8515265447407,372.3438760211511,368.3577056105123,370.6551513671875,47075700.0
2023-07-27,376.1041776164192,377.71433991325176,368.48527758406664,369.7714538574219,63940200.0
2023-07-28,373.8164880432789,377.52775007176933,373.30595468219894,376.5066833496094,56902900.0
2023-07-31,376.81110980544776,377.88128547604856,375.3874648517023,376.7030944824219,44019900.0
2023-08-01,375.358002289648,376.58527205988247,373.76746546144676,375.82928466796875,41060600.0
2023-08-02,372.36350031009584,372.36350031009584,366.34496417048905,367.5820617675781,72687100.0
2023-08-03,365.1765851468035,369.1136762448415,365.00966327079766,366.9929504394531,47666400.0
2023-08-04,368.9173087178114,371.2245819771046,364.77404459771117,365.2747802734375,61702800.0
2023-08-07,367.08125548194647,368.465619202289,364.75435708743095,368.367431640625,37230400.0
2023-08-08,365.8637889798891,365.8834145058457,362.1132461003538,365.23541259765625,44726500.0
2023-08-09,365.5202374410032,365.6773315752085,360.4638917195049,361.2198791503906,51150900.0
2023-08-10,364.22426951391714,367.5526100526753,360.3657399648394,361.8875427246094,72035300.0
2023-08-11,359.33471575457895,361.30817488479244,358.0583673392255,359.5801696777344,48707200.0
2023-08-14,358.78493171571785,363.7332916146843,358.0682253755608,363.615478515625,42130800.0
2023-08-15,362.643407364403,363.4387055917521,359.0892395714574,359.75689697265625,45539900.0
2023-08-16,359.2169740053772,360.74860439303535,355.84935270191363,355.9475402832031,53190500.0
2023-08-17,357.34165229341386,357.68529379874263,351.6471329234823,352.0594787597656,62604300.0
2023-08-18,348.7998694013037,352.8743987300196,348.25985276668825,351.61767578125,61191400.0
2023-08-21,353.080605309317,357.96023120114785,352.61915066898786,357.28277587890625,50696500.0
2023-08-22,359.88458677069144,359.89441451720785,356.084964236424,356.7722473144531,44530200.0
2023-08-23,357.95041608652554,363.4878719658875,357.73441539699064,362.3980407714844,51770600.0
2023-08-24,365.86380691390167,365.96196451113144,354.4452858383608,354.6514587402344,66842500.0
2023-08-25,355.48605091411787,359.0892980908041,352.05949342627497,357.40057373046875,69960500.0
2023-08-28,360.31661880045664,361.023527469029,357.62645273852735,360.0908203125,40910000.0
2023-08-29,359.89440904985355,368.30857792273935,359.5704230087937,367.9551086425781,58492400.0
2023-08-30,368.0631343691088,370.5864083201941,367.0616630158769,370.0071105957031,41731500.0
2023-08-31,370.0856824532299,372.81512941771103,370.0169481501779,371.1165771484375,35730700.0
2023-09-01,373.48271585638196,373.90488944977284,369.2412645055501,370.72381591796875,39801200.0
2023-09-05,369.91865956097587,372.41247961992127,368.9957504831607,371.1950378417969,32344200.0
2023-09-06,370.4194183599775,370.7630598403268,365.9227157314674,367.92559814453125,42998700.0
2023-09-07,363.47806812537607,366.07007657027293,362.43734563352507,365.29443359375,52060700.0
2023-09-08,365.2452889138303,368.0336420648667,364.84274085842384,365.8049011230469,35800100.0
2023-09-11,368.828935972492,370.6256457465242,366.86530432484795,370.1151123046875,39936600.0
2023-09-12,368.4459923260315,370.09546558722934,365.7263734362904,366.0111083984375,41391000.0
2023-09-13,366.2467075905915,369.0056072971576,365.1176255336123,367.4052429199219,46300700.0
2023-09-14,369.1529448350619,371.3914838532765,367.09115544767064,370.40966796875,48039400.0
2023-09-15,369.07440557821735,369.47695367857045,363.13440161463706,364.067138671875,69811200.0
2023-09-18,363.12912120286626,365.55771796138555,362.8439740514249,364.4466552734375,36903500.0
2023-09-19,363.12909249752613,364.46628040159027,360.65131607786003,363.66986083984375,37621700.0
2023-09-20,364.73178260120466,365.0857335236067,358.3505539717861,358.4292297363281,45514200.0
2023-09-21,354.75186392563404,355.5384714545788,351.69401154876175,351.86114501953125,69734800.0
2023-09-22,353.6015081048086,355.73511547676003,351.59569633093804,351.91033935546875,51589700.0
2023-09-25,350.9468407291718,353.670426931504,349.96360354560466,353.5819091796875,39168000.0
2023-09-26,351.00570553046674,351.5465037893239,347.28907152187645,348.2723083496094,53657700.0
2023-09-27,349.4227674359429,350.9959526262273,345.47013551952676,349.0884704589844,56066000.0
2023-09-28,348.17404910105444,354.13249308803233,347.3186376888386,352.0086975097656,56453300.0
2023-09-29,355.4795785626869,356.8659465876138,351.035327303938,352.2643737792969,64829600.0
2023-10-02,352.5297873887353,356.6003727924887,351.92018527562334,355.2041931152344,51625100.0
2023-10-03,352.7658007713641,354.9584302769038,347.35799679443164,348.97052001953125,60478500.0
2023-10-04,349.8062188530663,354.56508236180133,349.3440962599654,353.7195129394531,54786700.0
2023-10-05,353.70966344335267,354.112794207994,349.18679731637707,352.6772766113281,45897400.0
2023-10-06,349.6882647098725,359.77628684517447,348.90168704105986,358.5865783691406,75049100.0
2023-10-09,356.2267752731896,360.95614313711815,354.7322657423187,360.4153747558594,45304800.0
2023-10-10,360.74970377173264,365.0562872829854,360.24827323010516,362.411376953125,46968800.0
2023-10-11,363.73874162546696,365.18410138834133,362.0180766699506,364.9972839355469,38215100.0
2023-10-12,365.49875723031494,367.47504350128503,361.339653276154,363.7289123535156,49587900.0
2023-10-13,364.3581932101268,364.93829952047463,357.7606504137984,359.1568603515625,52469900.0
2023-10-16,360.4744112249746,364.2697223544256,360.32693164873035,363.2176513671875,44201100.0
2023-10-17,359.67800275783446,363.71912330943644,357.56404874949664,362.0279541015625,50999100.0
2023-10-18,359.5402716005428,361.74271278433133,355.95143269937324,357.27880859375,54280500.0
2023-10-19,358.6947159060048,359.88442436830707,353.1394324183459,353.93585205078125,72274200.0
2023-10-20,353.4343707855007,354.0046650604322,348.4296979547339,348.6558532714844,72559700.0
2023-10-23,347.33837211559495,353.2377951328684,345.2342301698792,349.7079772949219,60665200.0
2023-10-24,351.5171458663562,353.87690917799586,349.8259766585777,353.1099853515625,47082100.0
2023-10-25,350.7206887724348,350.89766425060594,343.8871788626788,344.46728515625,71190500.0
2023-10-26,343.2677275767704,344.2018148133618,336.61122328900314,337.8992614746094,78621400.0
2023-10-27,340.6227965987471,342.99240143827143,338.3121835804546,339.5215759277344,63476700.0
2023-10-30,341.99931460839315,344.66390849909146,340.64247274510757,343.34637451171875,55298500.0
2023-10-31,343.3758796725124,345.3620076760577,340.8096154144831,344.9883728027344,47671900.0
2023-11-01,345.82419545741993,351.53680129256395,345.72586573443266,350.9763488769531,58992700.0
2023-11-02,355.4795119586807,357.5836235271316,354.2602776794732,357.34765625,58162400.0
2023-11-03,358.6357083226237,362.8341196576423,358.40955300253114,361.54608154296875,53280500.0
2023-11-06,362.313003197506,363.58138736654087,360.7595018944036,363.02093505859375,38848700.0
2023-11-07,364.06316482235667,367.3176769958815,362.8636144437816,366.45245361328125,50777400.0
2023-11-08,366.8260836356328,367.5242035801458,364.40732877415047,366.6884460449219,35663400.0
2023-11-09,367.37674095460693,368.5172696365623,363.3749585763471,363.8665771484375,53859400.0
2023-11-10,365.5871838961083,372.1945376523924,365.05622752117154,372.04705810546875,58309800.0
2023-11-13,370.4739590281082,371.93897287806095,368.94992333965683,370.88690185546875,40733500.0
2023-11-14,377.2778578949994,379.7851302288468,376.7567434893468,378.8706970214844,67792600.0
2023-11-15,380.758534408368,381.2501529163194,377.7989813885765,379.1558532714844,54141400.0
2023-11-16,378.38890753497225,379.7162834302425,377.1303654282443,379.4803161621094,45343500.0
2023-11-17,378.7527136312029,380.58155004111273,377.8481524011065,379.5688171386719,46571900.0
2023-11-20,379.5786488222832,384.84881498109024,379.5786488222832,384.1900329589844,44429600.0
2023-11-21,382.4890863357972,382.70539970508605,380.21781096127205,381.9581298828125,43337000.0
2023-11-22,384.0228532562751,386.48094557042384,382.5185019602564,383.5213928222656,44121000.0
2023-11-24,383.1183199603073,383.70826820602935,381.98760332618167,382.9806823730469,15718800.0
2023-11-27,382.4890407815765,384.5931523904098,381.7712669585099,382.6463623046875,34139700.0
2023-11-28,381.899131129143,384.2293982888467,381.5451501649011,383.6492919921875,35491100.0
2023-11-29,386.10733154752785,387.5330371689785,382.93146530431625,383.2756042480469,38811700.0
2023-11-30,383.54108852724886,384.0032111328756,379.35251917187975,382.3120422363281,52834400.0
2023-12-01,381.25021162109743,383.993451719553,379.5983803814753,383.40350341796875,40490100.0
2023-12-04,379.61793040462254,380.11939082460003,376.2454350454225,379.8440856933594,51186900.0
2023-12-05,377.9465915290558,381.98768233698974,377.7695860145172,380.7979736328125,42933000.0
2023-12-06,383.72789633150694,383.8262260335149,378.2512890012092,378.59539794921875,41994100.0
2023-12-07,381.5647680859778,384.7111083033898,380.4733594749368,383.88519287109375,49593500.0
2023-12-08,382.1547398194867,386.03850798444535,381.96792238811264,385.5960693359375,46687500.0
2023-12-11,385.17325786923954,389.1553857754819,384.9667864981938,388.889892578125,41198000.0
2023-12-12,388.9292993619169,392.10516627868674,387.79858259785914,391.9871826171875,39221200.0
2023-12-13,392.92117519092295,397.58170908822694,392.15425151154363,396.97210693359375,55408100.0
2023-12-14,398.1913339633251,399.48918400821196,393.6290998471996,396.62799072265625,55447800.0
2023-12-15,397.4047599779828,399.7252151143467,396.80499975575367,398.5453186035156,62896600.0
2023-12-18,398.937457282972,401.9521701158021,398.6123541627826,401.0556335449219,46610000.0
2023-12-19,401.5088071382724,403.22304718535514,401.32161655083837,403.1048278808594,35711900.0
2023-12-20,402.306742908092,404.3953637427408,396.9373866523111,397.1147155761719,54042400.0
2023-12-21,401.03589782139267,402.099931688355,398.48423095913716,401.7353820800781,45568900.0
2023-12-22,402.9471539545215,403.90279999661135,400.46445859741704,402.3363342285156,34314000.0
2023-12-26,403.19346466087075,405.46927631391304,403.09493855857704,404.7993469238281,22722500.0
2023-12-27,405.0813405626292,405.9093411284231,404.22373954064125,405.62347412109375,31980500.0
2023-12-28,406.7767300193373,407.0231598039009,405.07142508072366,405.42626953125,27029200.0
2023-12-29,405.4065059118222,405.76138039153017,401.759333607952,403.671630859375,42662100.0
2024-01-02,400.04428571584305,400.2907155215089,394.5242520525762,396.8406982421875,58026900.0
2024-01-03,394.21869736342234,395.27342419373736,392.2078517271426,392.64154052734375,47002800.0
2024-01-04,390.77856830985525,393.88357814103364,390.4039901564355,390.620849609375,39432800.0
2024-01-05,390.7883417185422,393.8539136213913,389.694177896052,391.08404541015625,44922800.0
2024-01-08,392.30636506653144,399.4528290895522,392.1585132065455,399.1669921875,42473800.0
2024-01-09,396.1703175922542,400.88205309828726,395.97316176418354,399.9554748535156,39132900.0
2024-01-10,400.270999864177,403.6717130304856,399.3838586069557,402.6662902832031,33962800.0
2024-01-11,403.9378692342606,405.3277368811252,398.46710976275995,403.504150390625,54536200.0
2024-01-12,404.5391516370874,405.3770189692426,402.32128344819796,403.7111511230469,39595000.0
2024-01-16,402.4789193016957,405.24878726325824,401.02004436379633,403.671630859375,43903000.0
2024-01-17,400.369527148298,401.7692313792926,397.1659401767958,401.3946533203125,54386000.0
2024-01-18,404.65743545684825,407.6737338045604,403.3168717830929,407.0921630859375,59562500.0
2024-01-19,409.29028375063245,415.32287979779335,408.7087130945052,415.1651611328125,70325100.0
2024-01-22,417.3633373322154,418.6644937937395,415.1060321184477,415.70733642578125,44880600.0
2024-01-23,416.3973498492195,417.64923247175653,414.5639265966631,417.432373046875,33003800.0
2024-01-24,421.3358334298966,423.7114204029084,419.2559501955319,419.7488098144531,46948000.0
2024-01-25,422.2426275133017,422.9129393765781,417.92520303935225,420.2613525390625,44367200.0
2024-01-26,418.378637270388,420.12334933160764,417.10705114752705,417.75762939453125,37137000.0
2024-01-29,418.21104944811174,422.2328003923078,417.56047120473414,422.03564453125,38694700.0
2024-01-30,421.0006920698981,421.5723959912881,418.31953454242796,419.22637939453125,36739000.0
2024-01-31,414.83985337942465,416.83099495981367,410.8378365860268,411.0152587890625,64010600.0
2024-02-01,412.80932557002757,416.3480536600138,411.8433099868885,415.8551940917969,51008600.0
2024-02-02,417.7477737801536,424.0958076653043,416.7522178703175,422.8833923339844,59602400.0
2024-02-05,422.9425620148611,423.47482874620573,418.9306774838046,422.3314208984375,39889200.0
2024-02-06,423.47475374556484,424.07605801868084,419.14746268588124,421.4836120605469,35846100.0
2024-02-07,424.26337777924766,426.64880124732525,422.96222129751766,425.82080078125,37712700.0
2024-02-08,425.939093623751,427.3683984446145,425.2589750756409,426.6094055175781,29889900.0
2024-02-09,427.7429909674589,431.5971566394753,426.95442764216807,430.8085632324219,36943900.0
2024-02-12,430.7001425501812,432.86873678711555,428.44283719652174,429.12298583984375,33203300.0
2024-02-13,421.1780487166668,425.11105823294105,419.25588447149386,422.4299011230469,64491700.0
2024-02-14,425.1012629911668,427.45711618773214,422.7552465307985,427.03326416015625,45092700.0
2024-02-15,427.7232693956781,428.7681292944683,425.1702303097586,428.3048400878906,38796100.0
2024-02-16,428.6793952890023,428.7779431339281,423.7113625852965,424.42108154296875,53716500.0
2024-02-20,422.4299446419333,423.9380937915089,417.45207479106114,421.217529296875,53999500.0
2024-02-21,418.48703103177996,419.6206320599109,415.6087481113463,419.5318908691406,49779000.0
2024-02-22,428.28507368953393,432.8489578456421,427.51621400996174,431.81396484375,53887800.0
2024-02-23,433.3713979305872,434.2979762946172,429.56653662950396,430.5423889160156,39853900.0
2024-02-26,431.35069696286195,432.3364160920816,430.1283847870325,430.315673828125,33043200.0
2024-02-27,431.4197155682474,431.73512283553583,428.81740256122896,431.3507080078125,33713200.0
2024-02-28,429.211673748807,430.4339859261525,428.0978063183257,429.053955078125,32938800.0
2024-02-29,431.97168949991254,433.8051125759615,428.80750954852294,432.7306823730469,42495200.0
2024-03-01,433.6177990505487,440.2023950085737,433.5586583147751,439.2462463378906,43853000.0
2024-03-04,439.2463059876348,439.670188093919,437.4325863201736,437.67901611328125,34325700.0
2024-03-05,434.64299593013743,434.65286274760854,427.4570950439002,429.82281494140625,57917100.0
2024-03-06,434.03186124713403,435.67799537388134,430.65085179861904,432.5237121582031,46234500.0
2024-03-07,436.10189511921516,440.34047558255,434.56414551519805,439.088623046875,44526700.0
2024-03-08,439.44343796840656,442.2330399205405,432.08011494731943,432.7503967285156,72096000.0
2024-03-11,431.26201928456317,432.3955903546936,429.22157330927075,431.14373779296875,45860000.0
2024-03-12,433.4503189575067,437.67903270870585,430.22699788911217,437.3241882324219,55300900.0
2024-03-13,436.32858007461937,436.348313710143,432.84899264375196,433.9628601074219,37928700.0
2024-03-14,435.19499608749015,435.7174260233508,430.1579857702073,432.86871337890625,52195200.0
2024-03-15,429.84258742549446,432.60258920840687,426.56012557756156,427.7232971191406,73069800.0
2024-03-18,433.0363904244328,435.3164099799992,431.56570642305184,431.8026123046875,47323800.0
2024-03-19,429.79897352411336,433.2831618565317,427.70646045459057,432.87847900390625,43004100.0
2024-03-20,434.072806234284,438.34660092162113,432.375126124526,438.0110168457031,43653500.0
2024-03-21,443.05471847699187,443.5087404481524,439.88638430088065,440.0837707519531,39345700.0
2024-03-22,439.5705261179978,441.6827388437059,438.72167100878715,440.587158203125,28253900.0
2024-03-25,437.79384020612855,440.46869300537145,436.7969679128137,438.9881591796875,27789200.0
2024-03-26,440.5081720687791,441.42612597443406,437.3398379730838,437.5668640136719,34142000.0
2024-03-27,440.64634240160973,440.7450506792977,436.19486113525744,439.0572204589844,41359200.0
2024-03-28,439.0078908107103,439.8567458712152,437.8925505041075,438.2478942871094,36839600.0
2024-04-01,439.19538878529454,441.7221638936199,437.2706829241046,439.1756591796875,38729000.0
2024-04-02,434.36889648212224,435.7013830284785,432.34551218244235,435.3855285644531,44259700.0
2024-04-03,433.26340566492473,438.2380076998727,433.25355592217153,436.3626708984375,39949800.0
2024-04-04,440.53776750365273,441.1497467951012,429.4633731365682,429.6903991699219,57267700.0
2024-04-05,431.11166889240866,437.4187568704157,430.3023032460056,434.7537841796875,54744600.0
2024-04-08,435.68162696824743,436.7574779320718,433.5003155689901,434.88214111328125,28144900.0
2024-04-09,437.21150450507577,437.48786961686346,431.7631508206015,436.4909973144531,39443600.0
2024-04-10,431.3288751692714,433.5397961490954,430.618217694108,432.68109130859375,61502200.0
2024-04-11,434.54653939889255,440.5377431354332,432.2763695555441,439.5902099609375,45474600.0
2024-04-12,435.3757190881816,436.5009093032222,431.2104820884218,432.5824279785156,53665000.0
2024-04-15,436.3231905448268,436.4120189606587,424.62696718234923,425.4659423828125,63453600.0
2024-04-16,425.3079850646451,428.1308850502258,424.12357614915464,425.5054016113281,47619000.0
2024-04-17,427.4794526889554,427.4991822952907,419.3858561040903,420.31365966796875,56880500.0
2024-04-18,420.9552383732777,422.68252783849687,417.3427322200064,417.91522216796875,46549400.0
2024-04-19,416.74072039081034,417.26384121041116,407.7094688229833,409.2689514160156,75231000.0
2024-04-22,411.89438243688096,415.71415492772303,408.5681212264379,413.3847961425781,47807700.0
2024-04-23,415.3094351947631,420.74793866085747,413.43409852003464,419.55364990234375,44384700.0
2024-04-24,422.64307665706934,424.1532199847882,418.69498637581336,420.9750061035156,48440300.0
2024-04-25,413.799362808419,419.8004773400626,412.7136619994115,418.9417724609375,57392200.0
2024-04-26,422.0705668137359,426.93658062696824,421.3796691199886,425.4067077636719,41874900.0
2024-04-29,427.5091066132523,428.13093567514335,424.3999914253364,427.134033203125,30022200.0
2024-04-30,425.55472945802904,426.9464347472743,419.0009159582847,419.0798645019531,43665900.0
2024-05-01,417.6585952639436,424.5579035239852,415.200918698871,416.04974365234375,52251700.0
2024-05-02,419.7806821980599,422.2581184594753,415.1713037166456,421.35992431640625,36559000.0
2024-05-03,428.80216223120397,430.815697057916,427.00577361248577,429.82867431640625,48515300.0
2024-05-06,431.62495352769525,434.6255105447398,430.8550771355993,434.53668212890625,30227200.0
2024-05-07,434.98081676813763,436.23432446759745,433.87532629408076,434.6057434082031,30996100.0
2024-05-08,431.99015297025323,435.7507063041749,431.87168496757545,434.34912109375,24896700.0
2024-05-09,434.61561342772563,435.86915130720604,432.7698861328622,435.2966613769531,24580100.0
2024-05-10,436.7969628147865,438.54398186494984,434.78342840132655,436.32318115234375,27116600.0
2024-05-13,438.2281502264412,438.3268585097785,435.9185209797342,437.3299560546875,22994200.0
2024-05-14,436.9055116809251,440.6759449298251,436.71797499273384,440.1429443359375,34478300.0
2024-05-15,442.6105298202424,447.2692776184925,441.1003864725861,447.02252197265625,41464700.0
2024-05-16,446.8349786328984,448.78929416263776,445.9466643453945,446.1144714355469,34780400.0
2024-05-17,446.24277267953175,446.8448721279926,443.7061474930174,445.8973388671875,35803700.0
2024-05-20,446.1144399981396,449.6676968977595,445.92690331358295,449.00640869140625,24474200.0
2024-05-21,447.1607258100495,450.0724243984787,446.96330924202005,449.8848876953125,23167700.0
2024-05-22,450.14151495233557,450.8916617512401,447.2001768232706,449.7960510253906,25120000.0
2024-05-23,454.5732445844639,454.6028540574853,445.9861660713321,447.7726745605469,40899200.0
2024-05-24,449.38147458920713,453.2703455808259,447.6837947140764,452.0069580078125,29669500.0
2024-05-28,453.2210577618272,453.77378804166995,450.76338097747106,453.7145690917969,26216800.0
2024-05-29,449.5690378395479,452.2931995701903,449.4308402254634,450.5165710449219,29739200.0
2024-05-30,449.58878418992737,449.72698180915853,444.36742631931105,445.6900329589844,30536800.0
2024-05-31,445.91702217912916,446.6079499751622,437.31018480642405,444.86090087890625,55941300.0
2024-06-03,448.6708265331581,449.66769877879955,442.0873731829806,447.24951171875,32997500.0
2024-06-04,446.99291582101387,449.667738607721,445.2755061521262,448.47344970703125,23767400.0
2024-06-05,452.03659383490276,457.5935054345104,448.51291613698316,457.5145568847656,33817400.0
2024-06-06,458.19560359921735,458.51145804041124,456.19194905279596,457.35662841796875,21966800.0
2024-06-07,456.99139362884245,459.6958254986836,455.84644397406504,456.951904296875,25829700.0
2024-06-10,455.8267208103019,459.1529816891119,455.5404758621788,458.7976379394531,20660800.0
2024-06-11,457.5244472583221,462.06475707214463,456.0340335493935,461.9462890625,22053300.0
2024-06-12,465.8647319245573,470.31621295998497,465.1738342596571,467.9967041015625,34532600.0
2024-06-13,471.52043935155245,472.18175774937856,468.26327680859976,470.5334167480469,25859000.0
2024-06-14,470.3359501520324,473.0404122806278,469.87204837286555,472.9713134765625,23372600.0
2024-06-17,473.23786496400976,480.54182645137206,471.93501797592035,478.76519775390625,37054500.0
2024-06-18,478.7157910636922,479.5942254231075,477.1562786498676,478.9131774902344,24438600.0
2024-06-20,480.1075143153198,480.52204691160244,473.39574301016904,475.22174072265625,33918700.0
2024-06-21,474.94541933585094,476.2779059039156,472.4581331645929,473.9485168457031,37456800.0
2024-06-24,472.7246217485548,474.4546566741709,468.4143777866246,468.5527648925781,37751000.0
2024-06-25,470.63868428284394,474.20748452230674,469.699510446452,473.9109191894531,29014700.0
2024-06-26,473.0904048395707,475.4333918119505,472.6752133443042,474.8896484375,22737100.0
2024-06-27,474.64245659519145,477.5884695703149,473.83180447748856,476.1154479980469,26222100.0
2024-06-28,476.9063514538497,481.6417124149617,473.0014035971446,473.64398193359375,34881600.0
2024-07-01,474.5634099490614,476.9854407051725,470.82653577529436,476.4219665527344,24898300.0
2024-07-02,474.9291724653536,481.48353792076165,474.80065076318266,481.4242248535156,26723600.0
2024-07-03,480.67293969761215,485.56647948026034,480.67293969761215,485.4379577636719,18064900.0
2024-07-05,486.2782373097051,490.93449434748237,485.9816417886156,490.49951171875,28495900.0
2024-07-08,490.86525904955414,492.219624364335,489.8470111715543,491.666015625,22109400.0
2024-07-09,493.17858205149344,494.295695149638,490.5785818678999,492.09112548828125,25614500.0
2024-07-10,494.0089714465548,497.77550204894317,492.70405380285695,497.2218933105469,28046900.0
2024-07-11,497.33070265719795,497.53829841203435,485.1314879153913,486.3177795410156,49966600.0
2024-07-12,486.8911002126349,493.91996972122695,486.42646110497833,489.17474365234375,37109400.0
2024-07-15,490.9443676264422,495.2941939835856,488.4531281241457,490.4896240234375,31151400.0
2024-07-16,491.942824926014,492.75347707724274,487.52382036527973,490.67742919921875,25950600.0
2024-07-17,482.7093905643281,483.22344721321235,476.2044726562418,476.2736511230469,56268800.0
2024-07-18,479.9907843804537,480.16872359296,470.8364183022551,474.0196838378906,49347400.0
2024-07-19,473.68351080048836,476.1945411257476,468.53295862451336,469.818115234375,42042900.0
2024-07-22,475.6706436808386,477.835661269661,472.25999126847034,476.8174133300781,40300000.0
2024-07-23,475.917744847748,478.90327973468084,474.6622447485179,475.1367492675781,23282500.0
2024-07-24,468.4143716915868,468.7801456725655,457.2334056742168,458.0934753417969,58818600.0
2024-07-25,458.4296138638704,462.6014708573565,450.43191290730925,453.0417785644531,59256800.0
2024-07-26,457.371784394855,460.61436283274776,454.52463646511234,457.6881408691406,39992100.0
2024-07-29,460.39686132723483,462.57177432799335,456.3535263948634,458.6075134277344,28218500.0
2024-07-30,460.5352986729321,461.23719010265324,448.9687675027151,452.3102111816406,41317200.0
2024-07-31,462.53226563286034,467.3961487230852,461.08893059840756,465.6957702636719,44552100.0
2024-08-01,466.3778233392399,470.12456249963265,450.7778544342016,454.4158630371094,56653900.0
2024-08-02,445.74597107733194,448.3953886712826,439.3992012960001,443.63037109375,66323200.0
2024-08-05,419.86468717026185,437.24414262076033,418.61908239649665,430.403076171875,87483500.0
2024-08-06,432.2418765957278,441.96961342968893,429.60232399059845,434.515625,63164400.0
2024-08-07,441.39613665370257,443.87751056519465,429.4144144695611,429.8098449707031,54929200.0
2024-08-08,436.0280949206762,443.8676170226471,432.1626991528455,442.9581298828125,47890100.0
2024-08-09,441.64327989418985,446.9025929959707,440.52616686725906,445.27142333984375,33574000.0
2024-08-12,446.24027276517336,449.1862557378928,443.43264672667567,446.2303771972656,27795000.0
2024-08-13,450.6197246538681,457.569520764925,450.48130738101344,457.3025817871094,40084500.0
2024-08-14,458.2219667124924,459.80368866937306,453.17024944176154,457.45086669921875,34733700.0
2024-08-15,463.41210698599923,469.4029683616572,463.0364374328367,469.0075378417969,38280600.0
2024-08-16,467.2280563234313,470.97482612620695,466.2691214716206,469.6105651855469,38383600.0
2024-08-19,469.7490048177998,475.8189405325183,467.9695221355202,475.7793884277344,23737700.0
2024-08-20,474.8698839121025,477.4303320117781,473.09040129461954,474.7809143066406,29209300.0
2024-08-21,475.5618308460851,478.84396118927805,473.85158721252577,476.99530029296875,25658800.0
2024-08-22,479.30866646045797,480.0006925308986,468.40450416795426,469.4326477050781,37739600.0
2024-08-23,473.7724647008503,477.23253410290926,469.8576517676702,474.5238037109375,36061500.0
2024-08-26,473.98014896286577,474.8995317051293,467.84097477427224,469.9170227050781,27452600.0
2024-08-27,468.28584855173153,472.3884967040748,466.3284267777959,471.3208312988281,27510000.0
2024-08-28,470.8561778132263,471.57783018305867,462.5520165904531,465.9725341796875,37372400.0
2024-08-29,467.88057114078083,472.47751545640745,464.0151748609702,465.29046630859375,41081500.0
2024-08-30,469.6204472016277,471.4592126463843,465.1421295561887,470.8363952636719,33466500.0
2024-09-03,467.8014521120676,467.9299436488924,454.16876856274877,456.5413818359375,44985200.0
2024-09-04,453.4371716758892,459.15122801715336,452.50789346732626,455.3550109863281,32505100.0
2024-09-05,453.7337297102164,460.05081214430277,452.71548192390276,455.7801208496094,34452400.0
2024-09-06,455.07826358924416,455.95812441212007,443.0767797419494,443.5710754394531,50624400.0
2024-09-09,447.89124653813093,450.2638600192875,444.6882198470404,449.2752685546875,32981200.0
2024-09-10,451.03490281418044,453.93149836596723,447.0706720603165,453.42730712890625,29680300.0
2024-09-11,454.66302932993386,464.015094599558,446.1314815664406,463.2736511230469,57843000.0
2024-09-12,463.3033580451051,468.6318802238229,461.5239055757067,467.82122802734375,40067800.0
2024-09-13,467.08966584106395,471.093448860221,466.86227896279263,469.9170227050781,29111800.0
2024-09-16,467.79155539938006,468.4538947261113,464.52921592790534,467.8409729003906,22585600.0
2024-09-17,470.85620880166687,472.1512611288473,465.5968952856612,468.088134765625,30084400.0
2024-09-18,469.2843409962988,473.3671980607207,465.4584670065217,466.0615234375,39909200.0
2024-09-19,477.10407647667364,480.68280265250814,475.0082675559693,477.84552001953125,52782500.0
2024-09-20,476.98545265824833,478.1717744003599,472.84325229843876,476.93603515625,34577700.0
2024-09-23,478.1111006917742,479.2891799188283,476.7746209572716,478.2001953125,24843000.0
2024-09-24,479.6059805071586,481.4572393469827,475.3589855964362,480.5068664550781,25952600.0
2024-09-25,479.88319658875736,482.90265561010153,479.70500732779976,480.952392578125,26549900.0
2024-09-26,488.4267448803839,488.75345541110636,480.93258416392075,484.5658264160156,32020200.0
2024-09-27,485.58541254122935,485.7240243064145,480.69490668299295,481.87298583984375,22851100.0
2024-09-30,480.9127456736475,483.5163993286081,478.0814158299682,483.1798095703125,30281100.0
2024-10-01,482.8135350239533,483.11051710958384,472.61671704803837,476.44793701171875,42735400.0
2024-10-02,475.54705906940643,479.03181006240953,472.93352603646395,477.12115478515625,23744000.0
2024-10-03,474.9332698898792,479.69507402371687,474.1907844609631,476.7647399902344,25337200.0
2024-10-04,482.56608024816296,482.99176467711123,477.5567805727764,482.4373779296875,30686600.0
2024-10-07,480.5266979537419,481.69486781095134,476.051966306015,477.2696533203125,24975100.0
2024-10-08,479.8039972195323,485.0805804803255,479.00211535716534,484.3974914550781,28272000.0
2024-10-09,484.1004796609607,488.7830984488606,483.0610121881297,488.2088928222656,24995000.0
2024-10-10,485.93198443627097,489.51570938090015,484.6252027910595,487.654541015625,25750400.0
2024-10-11,485.8230647717071,489.4365180924452,485.2587987967278,488.41680908203125,20644500.0
2024-10-14,490.8026730211405,493.8320112515241,490.2978034572835,492.5153503417969,26060100.0
2024-10-15,492.8420214679319,493.50532175325395,483.7837051551439,485.9319763183594,34784500.0
2024-10-16,486.2586779364561,486.76357772485443,482.6848623686476,485.99139404296875,22996800.0
2024-10-17,491.4659741711791,491.5154611167259,486.2685759927291,486.3279724121094,27210700.0
2024-10-18,489.1098208746321,490.6047012730319,488.35742593846095,489.5157165527344,25335000.0
2024-10-21,488.3079056738165,491.25805858536,486.38734099228543,490.4561767578125,30336500.0
2024-10-22,487.793135280426,492.4658447615583,487.0407403823035,490.9907531738281,26685800.0
2024-10-23,488.644528441287,489.2979192730172,480.1900855245362,483.4669189453125,39346600.0
2024-10-24,487.17931987829945,488.06041708017347,484.53608869629585,487.3872375488281,22024900.0
2024-10-25,490.1790189910777,495.26750367087743,489.47611099793994,490.3572082519531,38762100.0
2024-10-28,493.46573969847276,493.5251361197284,490.1394192609091,490.4364013671875,20477800.0
2024-10-29,490.75319577395663,496.3267915168347,488.9019368423387,495.1487121582031,28014100.0
2024-10-30,494.3864677342414,495.3368407305162,490.92153534409744,491.4066162109375,29756000.0
2024-10-31,487.4466698375477,487.4961567845673,478.9031321246182,479.00213623046875,41245200.0
2024-11-01,480.63557883349887,485.8329769568271,480.338596739747,482.5462341308594,33655800.0
2024-11-04,481.9423542667288,484.4767021401597,479.39809691969697,481.1404724121094,23291600.0
2024-11-05,482.7244339514242,487.94165113638695,482.63533932134885,487.2783508300781,24353600.0
2024-11-06,495.5447425191004,501.33613572359326,494.594369495392,500.5144348144531,43082200.0
2024-11-07,503.30610794436893,509.1767155944493,503.2467115280343,508.39459228515625,32853100.0
2024-11-08,507.8996934357667,509.76086204744036,507.27600074017244,508.98870849609375,22924500.0
2024-11-11,510.2062892654161,510.4142069407724,505.80089378918416,508.691650390625,24167500.0
2024-11-12,508.62236431683294,509.5034011498743,504.72180803113673,507.77093505859375,25835300.0
2024-11-13,507.2661054943715,509.8202120475562,504.84064083500584,507.1175842285156,24567400.0
2024-11-14,506.78096992499786,507.652127470528,502.6824357607315,503.5932312011719,28679500.0
2024-11-15,497.90086791848177,498.2869446598162,489.53551938509924,491.5946960449219,51461100.0
2024-11-18,493.13905364694074,497.1088856216288,491.7530868140731,495.0101013183594,27080800.0
2024-11-19,492.436188042674,498.9007604764236,492.09956803539825,498.4156494140625,24523000.0
2024-11-20,498.1186305655171,498.4354316008749,491.58475271735847,498.1285400390625,29565500.0
2024-11-21,501.16773456424636,501.88052175534955,492.57471080225247,499.9203796386719,34526700.0
2024-11-22,499.3660214674592,501.45486600636707,497.7424388015507,500.7222900390625,23826600.0
2024-11-25,504.7911156851186,506.32560378411665,499.20764065875716,501.5142822265625,26375200.0
2024-11-26,502.98934420125903,505.0287320898873,502.14788483687414,504.20703125,26557100.0
2024-11-27,503.07842161211977,503.14769728857453,496.9009225315569,500.2371520996094,24957400.0
2024-11-29,500.86086684245106,505.2266848191646,500.2470837176549,504.6326904296875,15334000.0
2024-12-02,505.8899594368698,511.0873572104706,505.503852529163,510.1270446777344,25147200.0
2024-12-03,508.80055765426437,511.96850775985183,508.22635196936864,511.6912841796875,18597900.0
2024-12-04,515.1066061022159,518.2745554492461,514.3937887979203,518.0171508789062,26086200.0
2024-12-05,518.066758045711,518.7894245658355,516.1956801642583,516.581787109375,18169600.0
2024-12-06,517.2450943089183,521.4426027889191,517.1163919846481,521.2050170898438,23762600.0
2024-12-09,520.2843400357084,521.0763125037305,515.9977067253483,517.1461181640625,20674400.0
2024-12-10,518.3736106938491,520.1159861294152,513.9582756888856,515.3838500976562,24350000.0
2024-12-11,519.7397862686788,525.293562625996,519.3339208315082,524.6104736328125,32168600.0
2024-12-12,522.3929623523824,523.6601665397187,520.7496211220283,521.2247924804688,23577500.0
2024-12-13,525.1450495866374,527.8278579264799,522.0166775373805,525.21435546875,28780400.0
2024-12-16,527.7389251721696,533.748115234401,527.6597097980499,532.7778930664062,31979900.0
2024-12-17,530.9860273934179,532.0948009302535,528.778389794408,530.431640625,28579100.0
2024-12-18,529.788148569402,531.5007956922416,509.8499245462622,511.2952575683594,54703200.0
2024-12-19,515.9679627924646,516.5322589540875,508.6817204811397,509.0182800292969,46441800.0
2024-12-20,505.32570624002693,519.5616322810632,504.1872345780623,513.4633178710938,60530000.0
2024-12-23,515.173838316872,518.8426854640211,511.7826617906483,518.4658813476562,29672800.0
2024-12-24,520.4092996239036,525.5853017754832,519.7746759093736,525.49609375,17558200.0
2024-12-26,523.8699730547174,526.7653609772972,521.8768935817466,525.13916015625,19090500.0
2024-12-27,521.5793998387165,522.0156961164594,513.4980235081564,518.158447265625,33839600.0
2024-12-30,511.16792582356555,514.9854734898655,507.5188990595899,511.2670593261719,34584000.0
2024-12-31,512.5461745720961,513.2997222530315,505.96208877907037,506.9239196777344,29117000.0
2025-01-02,509.968007151715,512.288323816092,501.45036488484794,505.93231201171875,36389800.0
2025-01-03,509.02598666204625,515.2729696624741,508.2129468477879,514.2119750976562,29059500.0
2025-01-06,519.6061862635828,523.4733001568532,517.6329577649649,520.1217651367188,36109700.0
2025-01-07,521.1629255137043,521.55951995804,508.9566163889167,510.840576171875,36690300.0
2025-01-08,510.7414685655233,512.5659362482073,506.2694468708079,510.92987060546875,30777800.0
2025-01-10,507.171781235823,507.2709147208291,499.6754620335601,502.91790771484375,40532500.0
2025-01-13,496.97837480559224,501.7577526619827,495.4910093944748,501.3016357421875,31694200.0
2025-01-14,504.4548589417407,505.86291155630545,497.36508964559465,500.82568359375,33737200.0
2025-01-15,508.7087687727945,513.4881165735859,507.15195538601904,512.3478393554688,34957600.0
2025-01-16,514.6085682704208,514.6879113695602,508.6293909405431,508.75830078125,28229000.0
2025-01-17,518.4460339444852,519.6557894107439,508.7880832063011,517.3453979492188,51837900.0
2025-01-21,520.0622657463014,521.5397057365492,515.6795125194549,520.3795776367188,23628000.0
2025-01-22,525.109358514096,529.3235601169421,524.8019721121422,527.0330200195312,33593000.0
2025-01-23,524.5838510983231,528.2725488461796,523.9988545859802,528.153564453125,23096600.0
2025-01-24,528.5302831052624,529.2937560837775,523.7013089510233,525.1688232421875,19878300.0
2025-01-27,506.6958005141239,513.6269134248726,505.8529540893436,509.8787841796875,60771700.0
2025-01-28,510.8802758250669,518.5947739794966,507.4692787651559,517.414794921875,33194200.0
2025-01-29,518.0593907405959,518.1883006046058,512.5462245143099,516.443115234375,26649000.0
2025-01-30,519.2987617572692,521.6685845598946,513.8450887897236,518.644287109375,27431300.0
2025-01-31,522.4817535773786,527.0430442443887,516.8000365418205,517.8907470703125,38755200.0
2025-02-03,509.14497914666026,516.4628217597667,506.7453799127663,513.7459106445312,40580800.0
2025-02-04,514.2615319309748,520.6869308692702,513.8648769629846,520.0523071289062,26046800.0
2025-02-05,517.4246918873662,522.5709786844357,516.2347874418311,522.4122924804688,21134100.0
2025-02-06,522.9180373377746,525.3474131158787,521.311687423661,525.13916015625,19434500.0
2025-02-07,525.6746594987869,527.6181117377854,517.7916100317253,518.5154418945312,29605500.0
2025-02-10,522.7791231464935,525.8926890123465,522.3131110723367,524.7920532226562,20852800.0
2025-02-11,521.5298547931517,525.4564609351453,521.4009449429291,523.542724609375,19325500.0
2025-02-12,517.9006358758927,524.7326156787228,517.5536081471272,523.85009765625,25009400.0
2025-02-13,525.515868954993,531.7032986903349,524.732545046932,531.3860473632812,28714800.0
2025-02-14,531.4951373995543,534.3013169383792,531.1579746283853,533.6171264648438,17862600.0
2025-02-18,535.1837964310452,535.4515415685663,531.5248751428178,534.8268432617188,20565000.0
2025-02-19,534.033636710405,536.2547595259927,531.941423747602,534.9756469726562,19666900.0
2025-02-20,534.1921993214312,534.5590779295543,527.9750533668508,532.704833984375,26550800.0
2025-02-21,533.8451252767076,533.864976179548,521.2818640995055,521.6487426757812,47093800.0
2025-02-24,523.4336296845087,524.6136086408569,515.153986605975,515.4910888671875,39268400.0
2025-02-25,514.8663953338516,514.9457384341285,505.14895352625115,508.99627685546875,48940000.0
2025-02-26,511.18775233533705,515.2829099261256,507.0627578614884,510.22589111328125,34457600.0
2025-02-27,513.7657626731335,514.6978474137826,495.8380347249948,496.0561828613281,52448000.0
2025-02-28,495.9173616592852,504.4944958236682,492.7443034634261,503.8896484375,47654000.0
2025-03-03,507.21140006395274,508.7185860435132,489.42250823002445,492.86328125,44587200.0
2025-03-04,490.01749046351205,499.49696369579414,483.6317324771762,491.3759460449219,67875400.0
2025-03-05,492.0204653432156,499.38787437969364,487.1220730815822,497.7815246582031,46323700.0
2025-03-06,489.5316385267994,494.3804341923218,482.10473667776205,484.087890625,57574300.0
2025-03-07,483.0566076235125,489.1250534272684,476.48244791593504,487.6476135253906,54714700.0
2025-03-10,479.37793717233643,479.8935463448098,464.71250412237373,468.74822998046875,76668000.0
2025-03-11,468.37133767716136,474.7769157444873,463.0763208556291,467.6276550292969,68760800.0
2025-03-12,475.1240157545967,477.0080059105102,467.8160984630709,472.90289306640625,46971100.0
2025-03-13,472.2385498807062,472.26829598051376,462.50125640331623,464.3951721191406,46563300.0
2025-03-14,469.73979799541536,476.5122558054823,469.1349202707648,475.6198425292969,43563000.0
2025-03-17,475.5702263569213,481.7477619076092,473.7754744231914,478.70361328125,41744400.0
2025-03-18,475.3718823465614,475.57017956903064,468.43084408910516,470.54290771484375,39072300.0
2025-03-19,472.7937961788866,481.24202077527065,470.8701345032397,476.8394470214844,40430300.0
2025-03-20,472.863217084476,480.46859528600214,472.16910112065705,475.2231750488281,36780500.0
2025-03-21,470.08675601788104,477.5533287466134,468.9266280090859,476.7898254394531,42234900.0
2025-03-24,484.35298007010044,488.09681947520227,481.0361776506327,487.2527160644531,34567200.0
2025-03-25,487.9776314748478,490.19212618360643,487.01436628000033,490.0332336425781,26035200.0
2025-03-26,488.8812800947295,489.7353237051958,479.4671320107272,481.01629638671875,34627100.0
2025-03-27,479.06000466761793,483.201029972314,476.91500071538445,478.2754821777344,33469800.0
2025-03-28,476.4780118758711,477.183072876446,464.7996681538199,465.6835021972656,46363800.0
2025-03-31,458.712276265686,466.5971101953478,454.1541241921948,465.6636657714844,53000300.0
2025-04-01,464.05492483024364,470.3409844954175,461.1949498195788,469.4174499511719,41156200.0
2025-04-02,462.88306792611496,476.2297375137359,462.624863774257,472.8434143066406,49894500.0
2025-04-03,453.2703169066499,456.87511371412586,447.01407852229937,447.53045654296875,70456300.0
2025-04-04,435.0974044364688,437.31189907621473,419.7348327636719,419.7348327636719,117088400.0
2025-04-07,405.82214624882306,440.06271771596437,399.5956979160209,420.7477722167969,161557000.0
2025-04-08,435.11725040921294,440.06267826494616,406.94426755742165,413.17071533203125,101248100.0
2025-04-09,412.6841286866898,464.58119445433243,412.54508635404926,462.763916015625,142876900.0
2025-04-10,450.4102981892235,452.4261998569819,429.62565163101584,443.08154296875,108384100.0
2025-04-11,441.562213700492,452.6248688142693,438.2652614825523,451.2445068359375,52483800.0
2025-04-14,461.23460948868865,461.8205086737922,449.48677471863374,454.3031005859375,43941200.0
2025-04-15,455.3557691308537,459.169099381901,452.9823514613099,454.8095703125,35404200.0
2025-04-16,445.91178503143493,449.4768512400112,434.72005857210513,441.095458984375,48980600.0
2025-04-17,444.06474058630056,444.64069957063055,438.2950589596918,441.01605224609375,44837000.0
2025-04-21,435.1867650335119,436.0308380461499,424.9582742045425,430.102294921875,44149300.0
2025-04-22,435.7727334107137,444.47188121124253,434.5810543831942,441.3934326171875,52304400.0
2025-04-23,454.9883280627237,460.1621395996958,449.7350551012641,451.40338134765625,55801100.0
2025-04-24,453.3100434087902,464.4123980424965,452.6645330068807,464.10455322265625,45956100.0
2025-04-25,463.72723398870977,469.80473018824927,462.15821927474366,469.2784118652344,38697100.0
2025-04-28,469.7451452629099,471.5127832294371,462.7937552341042,469.12945556640625,33550800.0
2025-04-29,466.90498894089706,473.1115867619832,466.3289996919343,472.2277526855469,30613100.0
2025-04-30,463.88607170901736,473.8861489699177,459.2186982221631,472.16815185546875,46810600.0
2025-05-01,480.05301909884207,483.7968278621536,477.40154726890813,478.33502197265625,43316500.0
2025-05-02,483.16128822739284,487.5009364234009,481.46314130279217,485.43536376953125,39218100.0
2025-05-05,481.23479126493163,485.63402067843555,480.7382634221708,482.5555419921875,28309500.0
2025-05-06,476.22976603156343,481.6816318630385,474.86928463727685,478.0669250488281,32786300.0
2025-05-07,478.7322270675042,482.42639508668225,473.4690445454516,479.9437561035156,38006300.0
2025-05-08,485.1374630563836,489.27851834530566,480.8077550799946,484.8991394042969,39577600.0
2025-05-09,486.80582544755936,488.12660649765365,482.8236927046532,484.5813903808594,27767400.0
2025-05-12,503.46925962959483,504.36303393308185,497.99754376533065,504.32330322265625,45090600.0
2025-05-13,505.6242720156775,513.7971317920018,504.8894204545504,512.0096435546875,53269600.0
2025-05-14,513.1813544649557,515.6242324147684,512.1684183718318,515.0780639648438,47014500.0
2025-05-15,512.933142411462,518.3055470046168,511.5924808683594,515.6441650390625,50153300.0
2025-05-16,517.044294120501,518.0771107199419,513.5090186630139,517.888427734375,48394600.0
2025-05-19,510.6689476686652,518.9014181193775,510.6689476686652,518.385009765625,52536200.0
2025-05-20,515.8625505079032,517.3124334676296,513.0720667663019,516.6570434570312,42517600.0
2025-05-21,512.6848754673762,519.3681208002191,507.68977630200715,509.4772644042969,71292800.0
2025-05-22,510.09293743807837,514.1148613011718,508.74239630363013,510.43060302734375,55607200.0
2025-05-23,502.6649263027872,508.28562519419927,502.0690868224265,505.70367431640625,58368100.0
2025-05-27,512.565664354886,518.0870509820926,511.01650006700226,517.6004028320312,47226300.0
2025-05-28,518.553707324964,520.0432905566033,514.7900488464219,515.306396484375,46637200.0
2025-05-29,522.674977132733,522.8238991077211,513.7275363725571,516.3193969726562,58513300.0
2025-05-30,515.8328523034309,517.0642316666292,508.3749943409687,515.505126953125,67662800.0
2025-06-02,513.6481468413016,519.815044873786,512.3869466421769,519.5767211914062,44762800.0
2025-06-03,519.9241655047615,525.0681860216745,519.0602120182343,523.63818359375,44070300.0
2025-06-04,524.3432905165386,526.1605992130462,522.3174183265618,525.0980224609375,41359300.0
2025-06-05,526.4982141482292,529.3482788898035,519.0304165921941,521.1456298828125,61031200.0
2025-06-06,526.3194516510717,528.1069395532867,524.5419040023565,526.239990234375,42467000.0
2025-06-09,526.4586006656857,528.653215127025,525.3364427962305,527.0147094726562,33688700.0
2025-06-10,527.4813163809062,531.1854549164767,525.2171811724196,530.500244140625,40664800.0
2025-06-11,531.9004992319709,533.0524778080637,526.4287525238075,528.7127685546875,53701000.0
2025-06-12,527.401940897683,530.9272762598631,527.153676990328,529.9540405273438,34104900.0
2025-06-13,524.0155690794827,528.1764744468518,522.0790985470339,523.3005981445312,55814400.0
2025-06-16,526.8160526043126,531.6522290488724,526.7664119412208,530.5797119140625,37622100.0
2025-06-17,528.0176249155262,529.6263701691488,524.2439650748757,525.4058837890625,42180900.0
2025-06-18,526.4188056074704,528.851804209901,523.7376036898021,525.3165283203125,43983500.0
2025-06-20,528.5637935274957,529.8547537100831,521.235038209529,523.1715087890625,61643500.0
2025-06-23,523.7391506726165,529.0678919430073,520.5975974398857,528.5509643554688,50666100.0
2025-06-24,533.7604981562223,537.5482873483544,533.1441169727855,536.6336669921875,45442000.0
2025-06-25,538.9002712385268,540.1429848534073,536.235900529748,538.0054931640625,44804200.0
2025-06-26,540.1827450564219,543.4833997920184,538.3634559621551,543.0360107421875,43811400.0
2025-06-27,544.0699627850514,546.7840298565204,541.365786451658,544.8951416015625,57577100.0
2025-06-30,548.0466486880396,549.5776499977443,545.8097642093843,548.4244384765625,45548700.0
2025-07-01,546.5255934838585,547.4999223063551,541.4851393331254,543.8015747070312,56166700.0
2025-07-02,542.9763271064149,547.7881407403361,542.9365821168159,547.5892944335938,36538300.0
2025-07-03,549.9554644038756,553.9520509353719,549.9554644038756,552.9777221679688,26443500.0
2025-07-07,550.2934997666972,551.1087271918242,546.3764639666066,548.8121948242188,45349300.0
2025-07-08,550.154338331448,550.7806708992875,547.8875993850992,549.1204223632812,36153300.0
2025-07-09,551.2479272732573,554.3795902552899,549.8759664124987,553.0076293945312,43045500.0
2025-07-10,553.643888904804,554.051472305681,549.5280065047026,552.2122802734375,34710900.0
2025-07-11,550.0747653451698,552.550241260774,548.8320516783502,550.9695434570312,39618600.0
2025-07-14,550.7607434561655,553.7035112516938,548.4145146258895,552.9678344726562,36453300.0
2025-07-15,556.9842448718932,557.5310267291989,553.4151446538423,553.4747924804688,43277700.0
2025-07-16,554.0316131674816,556.9445267538166,548.3449238107365,554.04150390625,52314700.0
2025-07-17,554.7672730167421,559.0322443945261,553.9619970033318,558.5252075195312,40423800.0
2025-07-18,559.8375467448564,561.4381474291321,556.7158353640372,557.9884033203125,50484700.0
2025-07-21,558.8135768015356,562.7604063527048,558.78372254689,560.8814086914062,39595200.0
2025-07-22,561.0106638998457,561.0603603122628,555.3538286769178,557.9784545898438,43270600.0
2025-07-23,559.0620964230482,560.5632435269945,556.3181750017922,560.5234985351562,40215300.0
2025-07-24,561.8357873489995,562.9393024491583,560.0064862534048,561.7164916992188,42275500.0
2025-07-25,561.6369340216146,564.3908067082859,560.9808079560194,563.0685424804688,30630800.0
2025-07-28,564.4306764388512,565.7230867005358,563.5657524579107,564.828369140625,31498700.0
2025-07-29,567.4330285462547,568.7751350745425,563.2277047901983,563.9534301757812,45463300.0
2025-07-30,564.8680250229864,567.2938044905766,561.7562651946612,564.708984375,43433800.0
2025-07-31,571.1909085156537,571.2804105926765,560.5831223469277,561.7164916992188,64613600.0
2025-08-01,555.5725867181648,555.7614816318713,548.4642399269435,550.6514282226562,69400800.0
2025-08-04,555.7912772727004,561.0305777833557,555.6918844459093,560.8118286132812,47669800.0
2025-08-05,562.0943621447843,563.2575252367493,556.467320245349,557.0042114257812,48666600.0
2025-08-06,557.8392381791041,564.4504991615455,557.3620555482147,564.0130615234375,41823700.0
2025-08-07,568.337641887322,569.9780480877156,561.8158834345544,565.9218139648438,44463000.0
2025-08-08,567.1248509644985,571.4196769045213,566.8266118046458,571.200927734375,35255500.0
2025-08-11,571.340043234482,573.4377291466511,568.2382350638638,569.5107421875,33112900.0
2025-08-12,571.8073129373929,576.9670623788118,569.1528936023716,576.6688232421875,42143300.0
2025-08-13,579.3630911415263,579.919824464235,575.5653507090063,576.9572143554688,41209300.0
2025-08-14,574.9092259384532,578.4882172102513,574.5413268492241,576.5098266601562,45425000.0
2025-08-15,576.4203533540477,576.4601590302121,572.2150292978006,573.9747314453125,49480200.0
2025-08-18,573.0799551101481,574.4022195798505,571.8869377296325,573.7460327148438,29831000.0
2025-08-19,573.030210843046,573.1992029150304,564.9376447129671,565.961669921875,53752600.0
2025-08-20,565.0172075838456,565.1365032465736,555.5825347335871,562.6013793945312,76781100.0
2025-08-21,561.060352587378,563.1878929880804,557.7100013329036,559.9966430664062,46436900.0
2025-08-22,561.3784895430127,570.6441700157645,559.9866866300696,568.6359252929688,51502100.0
2025-08-25,567.0752171817801,569.9483255316267,565.8423940525939,566.9956665039062,34044700.0
2025-08-26,566.5083923524479,569.5803462979931,565.4843672510174,569.2721557617188,34103000.0
2025-08-27,568.2582063082527,571.0617150204744,567.0452861825311,570.1470947265625,36927100.0
2025-08-28,570.7634065394311,574.6307456710974,569.1230610606233,573.7161254882812,46787900.0
2025-08-29,571.3102515546032,571.6781506312136,565.225930193606,567.0751342773438,56030400.0
2025-09-02,558.0381840197867,562.6709946992077,556.2784817354974,562.3230590820312,65876800.0
2025-09-03,565.9118790267905,568.3675126902098,563.4264517898029,566.7470092773438,54230200.0
2025-09-04,567.4131351357099,572.2447915330674,565.713141595555,571.876953125,47526300.0
2025-09-05,577.1063187213848,577.7326513107713,568.198585324569,572.7021484375,68342500.0
2025-09-08,574.9986420687553,577.4542758453497,574.4021637761383,575.4957275390625,46371400.0
2025-09-09,576.2910294118851,577.5536458740363,573.6763550869094,577.1261596679688,44007600.0
2025-09-10,580.3373825734994,580.3672368302584,575.1776325430338,577.3151245117188,49308000.0
2025-09-11,579.8402237522287,581.4706785849379,578.2296717548423,580.6753540039062,44745800.0
2025-09-12,581.6298042126049,584.4333738308624,580.695281006519,583.2403564453125,50745900.0
2025-09-15,585.0099141290013,588.3403622999832,584.8607642254873,588.2310180664062,44360300.0
2025-09-16,589.1556048651221,589.4041475911258,587.047967402961,587.7339477539062,36942100.0
2025-09-17,587.6544158082771,588.3006511882201,580.9636648285566,586.5608520507812,69384800.0
2025-09-18,591.4422704413523,594.6534841828069,589.5036854446214,591.8499145507812,61069300.0
2025-09-19,593.8480783940277,596.552193923343,592.3766643048443,595.8562622070312,58196100.0
2025-09-22,594.9446246402422,600.0506387588739,594.9246987314865,599.3837890625,57154800.0
2025-09-23,599.5530088196715,599.7520856686153,594.1882006017188,595.4025268554688,64635500.0
2025-09-24,596.7760840009503,597.0945948124443,590.5851402114129,593.3123168945312,49850300.0
2025-09-25,589.430536349082,592.3368637002909,585.7478275771575,590.7543334960938,70920200.0
2025-09-26,591.5705031390479,593.5113961310994,588.2959106650876,593.1829223632812,54337400.0
2025-09-29,596.3082204485978,599.2344738358131,594.6161584254272,595.9299926757812,48332900.0
2025-09-30,595.6314478673851,597.900814656983,593.312327051642,597.5623779296875,46533800.0
2025-10-01,594.3772498069465,600.9662857667149,593.5511751358089,600.4288330078125,46899600.0
2025-10-02,604.2210139137661,604.3205219527487,600.1103234584608,602.897216796875,43765400.0
2025-10-03,603.6736359963404,604.4898085161411,598.5775847871106,600.3591918945312,46482100.0
2025-10-06,605.6045105234541,606.5102280511511,603.136067280922,604.8679809570312,41962100.0
2025-10-07,606.1719018399856,606.8586774446749,600.2099241447881,601.6829833984375,58209500.0
2025-10-08,602.5787369049325,608.8891142425712,602.429474838809,608.58056640625,50629800.0
2025-10-09,608.6203758923933,608.7497728034492,604.639082013069,607.8440551757812,45551000.0
2025-10-10,608.5408348591906,610.3124791653014,586.2953173560331,586.7432250976562,97614800.0
2025-10-13,596.8755206148027,600.1302475257781,594.436966170024,599.1946411132812,65872600.0
2025-10-14,592.5260076334632,599.8714996417642,587.370239391138,595.2034301757812,69203200.0
2025-10-15,601.1853544608703,603.8627770947517,593.1431236043112,599.4036865234375,62805500.0
2025-10-16,602.2801945778114,605.4652419598709,592.7151502263018,597.1841430664062,70982000.0
2025-10-17,595.1536978121658,602.6783410274755,593.5810696753152,601.105712890625,72024900.0
2025-10-20,604.3006671752644,609.9341709221964,604.2309872468923,608.6800537109375,45761700.0
2025-10-21,608.7796678481768,609.8545734667066,606.4705100847576,608.5208740234375,44538200.0
2025-10-22,607.9634772307389,608.550684046599,596.9352763909752,602.6583862304688,61478800.0
2025-10-23,602.0810816712476,608.5108930309417,601.6929516953679,607.724609375,42844300.0
2025-10-24,613.109255890892,615.52788448046,612.2532923406192,614.2140502929688,47632500.0
2025-10-27,621.5993980822419,625.6105198516532,621.1116993292344,625.1527099609375,54098600.0
2025-10-28,627.4121182667147,631.7119231547172,626.3073237415983,629.9601440429688,61195700.0
2025-10-29,632.6177240503512,634.0310664862886,627.3026695451889,632.796875,67422800.0
2025-10-30,629.2136282645249,630.5374255047892,623.012782414942,623.1222534179688,61628600.0
2025-10-31,631.2042994787083,631.234188344168,623.7592989912591,626.128173828125,66305100.0
2025-11-03,632.1398217101251,632.8465231847631,626.9044109747781,629.1240234375,37154300.0
2025-11-04,620.3651862929894,624.0180060926541,615.5677203048753,616.35400390625,63830800.0
2025-11-05,615.597656695041,623.669716157735,614.3236741326724,620.3652954101562,48688500.0
2025-11-06,618.8821782546098,619.1310091300359,607.4459209399873,608.8095092773438,72115100.0
2025-11-07,605.4652444694041,607.0975896125627,595.8703112129559,606.8885498046875,81835400.0
2025-11-10,616.0256485546629,621.3904571910077,614.0051732921083,620.3154907226562,55919900.0
2025-11-11,617.667884551536,619.807793532697,614.6321601598369,618.6632080078125,44868800.0
2025-11-12,621.9179017890243,621.9377669472728,614.920749106872,618.1754760742188,47444400.0
2025-11-13,614.6520816599241,615.2293863274043,603.2457126852763,605.5548706054688,71333600.0
2025-11-14,596.7461751876709,610.4816269444214,594.3773004655238,606.0126342773438,80087300.0
2025-11-17,603.4646437955126,609.6157359179533,597.064720790693,600.8369750976562,63850400.0
2025-11-18,596.8157579587005,599.4931800911377,588.5745125462191,593.521240234375,83327300.0
2025-11-19,594.277803642733,603.3252601497043,591.8094208267037,597.064697265625,73111500.0
2025-11-20,608.7596842814295,611.1584476607283,582.0153497685453,582.9310302734375,117743200.0
2025-11-21,584.7226085504005,594.1881438029353,578.0241015093158,587.3104858398438,103344200.0
2025-11-24,592.4962155436305,603.8428672485702,592.3767208312,602.3299560546875,60168100.0
2025-11-25,600.6876962050133,607.4061298411984,594.526641299767,606.0425415039062,57560900.0
2025-11-26,609.6455599216604,613.3083428306168,607.5354791235628,611.3973388671875,42393600.0
2025-11-28,613.228673908852,616.4236838329113,612.5418983457259,616.35400390625,23034400.0
2025-12-01,610.7603293223117,616.5431560974239,609.6555348802722,614.2837524414062,40957600.0
2025-12-02,616.5630868277917,620.8330025626916,614.7018368343952,619.0911865234375,54541800.0
2025-12-03,616.7222793869383,621.3007427206581,615.1397492029907,620.6040649414062,47841600.0
2025-12-04,622.0075396158547,622.0175025713241,616.6427310944827,620.02685546875,47067800.0
2025-12-05,621.4600391480985,625.9787855854289,620.7931894695083,622.5548706054688,53614200.0
2025-12-08,624.2768250026879,625.8992070395384,618.7826202766802,621.3605346679688,43462400.0
2025-12-09,620.0964541810868,622.9430645849563,618.0958443851024,622.1268920898438,37156000.0
2025-12-10,620.9325009204754,626.2674807044035,618.0858904749533,624.6749267578125,55031400.0
2025-12-11,620.9027009347221,622.8535568265262,614.8311912534539,622.6544799804688,58272800.0
2025-12-12,619.1708244083038,620.6239577552077,608.5009255098857,610.7503662109375,75158700.0
2025-12-15,615.4781529916935,615.5279070139317,606.4704879765786,607.6847534179688,49538200.0
2025-12-16,605.4154301227284,610.6408780514341,604.0717070626577,608.8890991210938,55152800.0
2025-12-17,610.1929774623923,610.7802450139451,597.4727756606954,597.6021118164062,70654300.0
2025-12-18,606.9482502454197,610.0636176198245,604.0817137427742,606.261474609375,78875800.0
2025-12-19,609.0882420087144,614.7317093738202,609.0085991169561,614.1643676757812,60369800.0
2025-12-22,619.2409664706046,619.5399968618768,615.6731616354366,617.1082763671875,43703100.0
2025-12-23,616.1017112134413,620.2973826571792,615.6831538137028,619.9984130859375,41120400.0
2025-12-24,619.8788989998433,622.1611654591384,619.6097959397175,621.8123168945312,18468700.0
2025-12-26,622.5397449963523,623.3968722036194,621.0249455610693,621.7723999023438,28959800.0
2025-12-29,617.9952283512266,620.6661854070132,616.6298832800768,618.7626342773438,32458300.0
2025-12-30,617.7361570843227,620.0681805596082,617.1182055353263,617.3275146484375,31226800.0
2025-12-31,617.5468163565164,617.8557617254266,611.9657873069227,612.2249145507812,40746500.0
2026-01-02,617.9554488091355,620.7359573580553,608.0791111541869,611.0390014648438,61859200.0
2026-01-05,617.2178977361207,618.7028306128764,614.6266862165028,615.8923950195312,46828400.0
2026-01-06,617.1282350736393,621.9020161336854,616.4405745883714,621.3040161132812,43137500.0
2026-01-07,620.9253234207138,625.8087167042466,620.4469720495259,621.9020385742188,44880300.0
2026-01-08,620.9153830886294,621.3040131478426,615.7030930363629,618.364013671875,50435900.0
2026-01-09,619.3008056143428,625.7588527928842,616.9588062315833,624.5230712890625,49688700.0
2026-01-12,620.1977700429699,626.7155502563702,620.1479519171962,625.041259765625,37388700.0
2026-01-13,625.140974146081,627.3334583647393,621.5830839442848,624.1144409179688,44481400.0
2026-01-14,620.1280157301809,621.3339307094008,612.4740900847709,617.4471435546875,72598700.0
2026-01-15,624.4732033837762,627.8616876163956,618.6430834728214,619.6696166992188,53934900.0
2026-01-16,623.3769663073682,623.9550147388202,616.7794403711221,619.1513671875,61058100.0
2026-01-20,608.4578028817349,612.9723957819789,604.9895731374214,605.9961547851562,81988900.0
2026-01-21,607.4012887411642,618.3141340756262,605.7967680520393,614.188232421875,79837900.0
2026-01-22,620.2375842668598,620.347257132182,615.6831493704997,618.6530151367188,42254800.0
2026-01-23,617.6265424291936,623.2773415638685,616.5502518751565,620.6063842773438,43645800.0
2026-01-26,621.0947340762326,625.4797631810548,620.0084069696974,623.3370971679688,35983000.0
2026-01-27,626.7753573897714,629.8947385616864,625.210739736326,628.9878540039062,38997200.0
2026-01-28,633.3031879902048,634.4392724526244,629.6655522338405,631.0707397460938,50691700.0
2026-01-29,630.502742743786,631.5192393919408,616.1715451315209,627.2936401367188,79944000.0
2026-01-30,623.5862705860875,626.1276033472989,617.1979930005075,619.75927734375,65650700.0
2026-02-02,616.600081229079,626.3568310719594,616.560178063243,624.0148315429688,49020300.0
2026-02-03,626.1674139293162,627.8417043791845,608.8863033670389,614.4274291992188,81234000.0
2026-02-04,612.9325250551025,613.0122097237908,598.4318618495455,603.6939697265625,81850700.0
2026-02-05,598.1728616382483,602.7572245428578,592.741347204136,595.003662109375,89354500.0
2026-02-06,598.1528367578925,609.3347246219274,596.7376735555687,607.5807495117188,78019300.0
2026-02-09,605.4779073318616,614.3676754732974,603.0163200345862,612.2349243164062,56797600.0
2026-02-10,613.2215243611824,614.9257422105983,608.9361315029465,609.39453125,53938900.0
2026-02-11,614.287912259566,615.4240575153926,605.6274050805947,611.0289916992188,58575100.0
2026-02-12,612.6235691721736,613.719811213741,597.5349428610552,598.601318359375,81378900.0
2026-02-13,598.3920810821693,604.4215346906121,594.3956816382996,599.8770141601562,69237500.0
2026-02-17,596.3489614066287,601.900062806609,591.3260902585407,599.259033203125,69013800.0
2026-02-18,600.0663235174607,607.7003582620254,598.6810268108527,603.7338256835938,64250700.0
2026-02-19,600.7639588101054,603.763752095183,598.710953230483,601.4216918945312,60960800.0
2026-02-20,598.0830842359059,608.2783423846172,597.1960904508568,606.7435913085938,74127300.0
2026-02-23,604.551014539048,605.9462869551629,597.0166773136035,599.36865234375,63859100.0
2026-02-24,600.3553581675079,606.9229563249177,597.6943768857255,605.8067626953125,55023700.0
2026-02-25,608.995909128246,614.7363682274654,608.9261394233886,614.5868530273438,55710700.0
2026-02-26,613.500602585001,613.500602585001,601.9299628027486,607.172119140625,96178900.0
2026-02-27,600.9333302766826,606.2552318753544,600.1460336131216,605.2286987304688,68125200.0
2026-03-02,596.8273488972434,607.8498068726756,595.9603066969873,606.0260620117188,75264600.0
2026-03-03,594.3059664111527,601.9100736934439,589.8610825503507,599.5381469726562,97015500.0
2026-03-04,602.1093428631908,610.7997772068554,601.38184008267,608.677001953125,70943900.0
2026-03-05,605.3383770464741,610.680169445705,600.215808722112,606.8432006835938,89602400.0
2026-03-06,598.272452308765,603.9431419992706,596.2991922008539,597.71435546875,86302300.0
2026-03-09,592.2130380432229,607.2020280273126,589.3229177543049,605.6971435546875,93068200.0
2026-03-10,605.7171291112322,611.2083762165881,603.3650930899329,605.7071533203125,64078900.0
2026-03-11,606.8831134101955,610.3512821254359,602.9764357103162,605.6273803710938,60114800.0
2026-03-12,600.7141815669924,602.0895025742029,595.0235399841715,595.2328491210938,71836600.0
2026-03-13,597.6943836062096,601.5512432287993,590.5587127632866,591.7047729492188,63145500.0
2026-03-16,598.0033513683248,601.8103930085241,597.0765152286837,598.3422241210938,49077200.0
2026-03-17,601.0928621051149,603.8435039613423,599.827153220896,601.2622680664062,47106600.0
2026-03-18,599.4484580276425,601.1127728070715,592.5419866131784,592.880859375,56128000.0
2026-03-19,587.5091059918601,593.7777346942335,585.0873611514585,591.0072021484375,75597600.0
2026-03-20,589.0538644721536,589.1634765193921,576.5763394854986,580.0844116210938,91964700.0
2026-03-23,589.2577971122703,593.8080477851386,584.707546439402,586.7431640625,89936100.0
2026-03-24,583.5599323333884,586.6732582803922,580.6860836277402,582.731689453125,57750900.0
2026-03-25,587.8807233962021,590.105937264777,584.4380856164452,586.5635375976562,60475500.0
2026-03-26,581.354642361522,583.3803323809582,572.2042606955537,572.5634765625,81492100.0
2026-03-27,569.5898913289244,569.7994643796657,560.3696515714074,561.3775024414062,82702200.0
2026-03-30,566.167193726255,566.835744504963,554.4123449976639,557.086669921875,70602600.0
2026-03-31,563.0837667324405,577.4031290957437,563.0039815896954,575.9462280273438,95878000.0
2026-04-01,580.2370672268827,586.4836962239632,579.179335412676,583.06103515625,79435100.0
2026-04-02,572.7430779653056,584.7972733467034,570.6974721352691,583.7295532226562,50941700.0
2026-04-06,584.9768981262092,589.3475406308395,583.4402118432972,587.2420654296875,35108500.0
2026-04-07,584.3882026562935,587.7210292628183,577.1636879809167,587.3319091796875,49948200.0
2026-04-08,607.4088894425788,608.5963482247196,600.8329489303708,604.7944946289062,63086000.0
2026-04-09,604.6348380470022,609.1950771369181,601.7410732406024,608.8857421875,37837500.0
2026-04-10,610.5322286073159,612.3582731602751,608.2770495763316,609.7638549804688,34038500.0
2026-04-13,608.1771864154443,625.4003020437667,606.8101197315917,616.0703125,32972100.0
2026-04-14,618.8941947521593,627.2562866210938,618.7744561353234,627.2562866210938,49921100.0
2026-04-15,627.7353139030603,636.4666101570109,626.8571900931449,636.0375366210938,50102400.0
2026-04-16,637.8436965859062,640.8073189117684,633.9021276162631,639.1009521484375,42320600.0
2026-04-17,644.2100323367088,648.6105788505391,642.6932619551269,647.4630126953125,53488900.0
2026-04-20,646.6547376870972,647.3732302965532,641.1465785698142,645.4074096679688,37138500.0
2026-04-21,647.0239324977517,648.8101451741646,640.8372343366078,642.9526977539062,39580500.0
2026-04-22,648.7603575560191,653.929278227069,647.1338367363905,653.709716796875,37368400.0
2026-04-23,652.1529787029532,655.5157702184271,644.1401750634725,650.0275268554688,40099800.0
2026-04-24,657.1024209404745,663.0895957247212,655.1266727511743,662.4609375,45563100.0
2026-04-27,661.9819986507146,663.0097653425256,659.2777693835679,662.8101806640625,32717000.0
2026-04-28,656.004754848671,658.2300296236717,652.4124742350715,656.1444702148438,34147900.0
2026-04-29,657.2221656812865,660.3055266172468,655.1865481613837,660.1558837890625,31724900.0
2026-04-30,663.9277163428184,667.4701765484971,656.1543902560467,666.3126220703125,40622200.0
2026-05-01,667.7295996684235,674.5250404091096,667.3703838092385,672.708984375,39172600.0
2026-05-04,673.2178749724156,675.2834576176889,667.4702382389029,671.4417114257812,34542000.0
2026-05-05,676.5108537091375,681.3105696942113,676.06180342226,680.1530151367188,37101100.0
2026-05-06,686.309864653291,694.4424070727396,685.012594745374,694.2827758789062,38778500.0
2026-05-07,695.0910378327916,699.741050020677,690.2913219165297,693.4545288085938,43779100.0
2026-05-08,698.4238945105413,709.709716796875,698.0048093195176,709.709716796875,44320400.0
2026-05-11,708.8415292269354,713.0625286499792,707.394616546851,711.7652587890625,36019100.0
2026-05-12,706.7060961344681,708.6619284096558,695.1508931250245,705.7282104492188,45873000.0
2026-05-13,708.4424652516221,715.1181676509774,703.3234258783424,713.1823120117188,40012500.0
2026-05-14,713.0924719031191,720.4866668965204,712.6933025541022,718.2514038085938,33327500.0
2026-05-15,708.622108433035,713.6014326902291,704.0418926432,707.4146728515625,51792700.0
2026-05-18,710.0190294838146,710.5479258193494,697.3561524904881,704.3711547851562,49834500.0
2026-05-19,698.3141623863071,704.9798766607653,693.7639117658215,700.030517578125,46827500.0
2026-05-20,703.7824257923921,711.6256713867188,702.2856320315602,711.6256713867188,36779200.0
2026-05-21,707.4745066970102,715.5871334944783,705.2592812358496,712.9827270507812,36415400.0
2026-05-22,716.5351219372583,720.5764528207093,714.4196583413607,716.0062255859375,33118600.0
2026-05-26,724.4082818705217,729.6071065125336,722.6120806481434,728.7190551757812,34254700.0
2026-05-27,731.3933152026018,731.7525310831555,723.8893697615578,727.8908081054688,35148700.0
2026-05-28,728.1701402291201,735.0254503325125,724.8572296134905,734.027587890625,32840000.0
2026-05-29,736.2628454135092,740.0447221142881,733.6783549102875,736.7318115234375,37541700.0
2026-06-01,735.464576190909,744.0562188501588,734.416832716765,741.1524047851562,33890600.0
2026-06-02,740.8130908722517,744.8444331554832,737.6498231242726,744.5650024414062,30085200.0
2026-06-03,745.7126120403002,747.0497745697194,739.4260905589007,742.6192626953125,40270200.0
2026-06-04,733.9078771104591,741.9107536874841,731.0540050355258,739.0269165039062,40782600.0
2026-06-05,728.4994794722375,730.1260001864761,702.8145089902632,703.5529174804688,99606600.0
2026-06-08,716.2756385838147,721.4845122126053,711.5457803433952,714.5393676757812,47401500.0
2026-06-09,721.4345342962913,724.1087982042852,684.9028066603832,706.3169555664062,91932200.0
2026-06-10,700.1601489508766,709.7596418767092,691.448829138881,692.2072143554688,65334300.0
2026-06-11,697.7951930812733,716.8344251989125,693.5143852047621,715.5870971679688,71798900.0
2026-06-12,716.0760275085878,722.4623712773896,709.7596023215499,719.798095703125,51168400.0
2026-06-15,736.5222551108849,743.1680531807805,735.8038233761346,742.40966796875,46710200.0
2026-06-16,740.6633959693683,742.629155741597,728.0803652201432,728.2998657226562,45348700.0
2026-06-17,733.6184641620571,734.1074069958862,719.3090904725119,720.965576171875,51669300.0
2026-06-18,735.6242535433294,740.2343734608266,730.9442759416646,739.0369262695312,50154600.0
2026-06-22,741.2475942735041,744.6740164081855,733.6255320449774,737.1818237304688,43518600.0
2026-06-23,714.994955841975,722.8567588543334,711.368729535907,712.9071655273438,53354200.0
2026-06-24,714.6253657788768,719.1806168314835,703.7167494897757,709.8803100585938,52480400.0
2026-06-25,725.144386854217,726.073411438839,704.5657941797848,715.63427734375,49668000.0
2026-06-26,706.3939573549355,714.8151753001493,702.0784467013282,705.7846069335938,47081800.0
2026-06-29,713.2467701925264,723.8257734758017,704.4359439581019,723.3262939453125,44939100.0
2026-06-30,723.4261723402657,736.8521846863197,723.156433880318,735.6334838867188,42121800.0
2026-07-01,728.4309348946762,731.1580735258118,723.8456861360175,724.4151000976562,40803800.0
2026-07-02,724.8247456386157,730.0692808035519,706.823483523477,711.8582153320312,50959800.0
2026-07-06,719.1806205090421,725.3242433880005,717.7021805458717,722.067626953125,30220400.0
2026-07-07,713.42658457407,715.6043080380856,704.1662754218111,708.6915283203125,42483100.0
2026-07-08,704.2162281021572,711.5186166673155,700.1803943256999,710.699462890625,35603200.0
2026-07-09,717.5823009494849,723.476123003734,714.3856196637845,722.5271606445312,33654700.0
2026-07-10,719.9498309758326,725.633910657471,716.2536701350646,724.7548217773438,26415900.0
2026-07-13,716.9728399125403,717.9917976257694,709.3408393238593,710.9990844726562,36552400.0
2026-07-14,719.4702735364855,721.5381261320255,713.5964502872879,718.9408569335938,29448100.0
2026-07-15,723.0964840498398,723.6059629208669,709.4906666647634,716.9928588867188,32627600.0
2026-07-16,711.2688277809667,712.8571384924941,701.8785885225277,705.2051391601562,39402000.0
2026-07-17,690.9300392487022,701.5689163623388,686.0451149463661,694.606201171875,54109300.0
2026-07-20,701.4290751693121,705.0653008245885,694.7860339234736,695.33544921875,29687600.0
2026-07-21,705.8345294031318,709.3108875148979,702.0684341343024,708.2319946289062,33728300.0
2026-07-22,702.8875430569569,708.9112952334938,702.8875430569569,704.61572265625,23692200.0
2026-07-23,693.9468861753709,697.9327231441935,687.0740428357205,691.23974609375,44028600.0
2026-07-24,689.6913211134731,691.9090420069233,681.7695828163428,683.5177612304688,42876700.0
2026-07-27,690.9600196558405,691.5793694171385,675.246412599162,681.4099731445312,42681500.0
2026-07-28,675.5260852047327,678.69282941625,667.1848012007116,674.786865234375,51398700.0
2026-07-29,674.8068223593629,679.3420743940087,660.4517860132496,661.0411376953125,57233300.0
2026-07-30,674.0576119251697,684.4068129515903,672.5991097762519,682.8384399414062,66753700.0
2026-07-31,691.3895713800811,695.0457958477069,679.3421270152298,687.2738647460938,50540500.0
2026-08-03,687.5835404062232,700.8597459456591,685.1061413344767,699.34130859375,44965100.0
2026-08-04,707.4228263749409,724.9046100552433,706.7935382563429,723.0964965820312,59778600.0
2026-08-05,725.4940407971483,727.7816351687756,716.1737353937511,716.5533447265625,33540200.0
2026-08-06,710.0800975972087,718.5712497417534,707.7625052246912,713.9061279296875,33035900.0
2026-08-07,719.4003977892652,722.8767558377907,715.7641721456221,722.2774047851562,31070400.0
2026-08-10,721.6380662225321,723.9156612253314,719.5802129514979,720.11962890625,26243200.0
2026-08-11,722.5370761410037,722.5970112457043,714.7552070178748,717.7021484375,29286100.0
2026-08-12,726.32320296041,726.4930089361641,722.1674989405016,722.9467163085938,29066000.0
2026-08-13,724.3952036143359,733.1960306989878,723.276374318815,731.3079833984375,31599700.0
2026-08-14,732.6465510961883,733.6255724540374,727.561883529615,730.3090209960938,23790600.0
2026-08-17,732.1870404067878,733.8153485193716,728.5108784569633,729.1102294921875,26452600.0
2026-08-18,719.4603242061223,721.3783085230132,715.1747508308598,716.7631225585938,48997200.0
2026-08-19,719.6401056796244,720.7489355626859,711.8681752092583,715.3345947265625,35801700.0
2026-08-20,711.3487680341726,714.1957769031727,707.782476952734,710.18994140625,33396400.0
2026-08-21,714.485502546953,714.9250469928722,708.46181083734,712.6973876953125,33399400.0
2026-08-24,708.9212669826352,709.0511365395006,701.9685508753718,705.5847778320312,37443100.0
2026-08-25,710.4796431110551,713.2967150154067,706.713608864013,709.9801635742188,23869600.0
2026-08-26,707.6725757719001,712.2778234739277,707.2330313373777,710.6295166015625,20392400.0
2026-08-27,716.1837333189847,720.5991154262211,713.7862680851495,720.359375,28723500.0
2026-08-28,718.9908173393685,723.3762624487671,714.3456940785237,715.6842651367188,34105400.0
2026-08-31,714.425544259608,716.8330697733344,712.4176267643429,716.013916015625,32237200.0
2026-09-01,706.6536415906066,711.5585035915489,703.9264419829226,706.9033813476562,35236100.0
2026-09-02,706.3639219777956,709.0611236151823,704.3660038718234,708.501708984375,23476200.0
2026-09-03,710.1100046716628,718.1716113897015,708.9512390201578,716.9229125976562,29449800.0
2026-09-04,718.601156571467,721.1085535017505,715.8140828169636,718.2116088867188,32871100.0
2026-09-08,720.1595771602128,721.1385985378392,714.8251697161986,717.6122436523438,28341400.0
2026-09-09,715.6543252365607,718.9508780796424,713.276797695489,715.5643920898438,26763400.0
2026-09-10,706.8135035284996,711.3188188537567,706.1242193062288,707.9523315429688,31414400.0
2026-09-11,714.9350193188371,716.8830016980755,712.8871654213293,714.1358642578125,26649100.0
2026-09-14,702.597886401324,712.2078675940699,702.0084737337293,708.4417724609375,35219000.0
2026-09-15,708.062154852668,708.7914364120502,702.9075530374577,703.8065795898438,26631700.0
2026-09-16,707.2630040952242,711.138970068843,699.2713317325664,703.9863891601562,35688000.0
2026-09-17,715.2047450412119,717.2925353145212,712.577477858311,716.1737060546875,37270300.0
2026-09-18,718.08176775015,720.9787124798182,714.3356712251818,720.6990356445312,48478700.0
2026-09-21,727.8900146484375,743.219970703125,727.8099975585938,741.469970703125,46730600.0
2026-09-22,740.97998046875,748.3499755859375,740.9299926757812,747.4600219726562,40128800.0
2026-09-23,746.969970703125,747.1300048828125,738.1900024414062,741.2100219726562,33191800.0
2026-09-24,735.2899780273438,742.6599731445312,734.6199951171875,741.0999755859375,29000900.0
2026-09-25,742.8300170898438,745.9199829101562,739.6400146484375,744.5,30283800.0
2026-09-28,740.4600219726562,741.4199829101562,731.6300048828125,736.530029296875,41775000.0
2026-09-29,740.1500244140625,740.5800170898438,735.3400268554688,737.9299926757812,27052300.0
2026-09-30,740.1900024414062,745.0999755859375,739.4600219726562,739.77001953125,29820400.0
2026-10-01,742.510009765625,744.6699829101562,736.25,742.030029296875,35728900.0
2026-10-02,751.3099975585938,754.5399780273438,747.530029296875,749.5800170898438,34498900.0
2026-10-05,749.3499755859375,756.9199829101562,749.0800170898438,756.2000122070312,25603200.0
2026-10-06,760.52001953125,762.8599853515625,759.0999755859375,759.6599731445312,26513600.0
2026-10-07,753.7899780273438,758.2999877929688,751.75,757.72998046875,25467900.0
2026-10-08,753.969970703125,757.1799926757812,743.22998046875,747.5800170898438,49694800.0
2026-10-09,752.5499877929688,752.8699951171875,748.3699951171875,751.27001953125,21122000.0
