date,open,high,low,close,volume
2014-01-02,57.37987808345477,57.412187312432884,56.846785048848794,57.02448272705078,1288800.0
2014-01-03,57.13754549020681,57.22639430371705,56.92754480586765,56.97600555419922,538200.0
2014-01-06,57.089078479577545,57.25869724248551,56.7498409537616,56.798301696777344,593200.0
2014-01-07,56.992184764223396,57.2425797977128,56.93564514292383,57.1375732421875,662800.0
2014-01-08,57.186039434286414,57.291039826092536,56.97603248831772,57.22642135620117,747700.0
2014-01-09,57.412181309806186,57.44449053540627,57.008325233337125,57.29102325439453,739000.0
2014-01-10,57.34756316124678,57.557570047578274,57.242562799258394,57.541412353515625,520300.0
2014-01-13,57.4606420721657,57.54949090198521,56.628699540541824,56.71754837036133,916400.0
2014-01-14,56.92756521919697,57.396033666545826,56.814479828616754,57.371803283691406,579100.0
2014-01-15,57.501062856962236,57.66260291452214,57.420286665824094,57.58183288574219,828900.0
2014-01-16,57.50911848570442,57.52527618408203,57.29911770564639,57.52527618408203,856400.0
2014-01-17,57.492953240160766,57.55757169354984,57.23448558895935,57.33141326904297,1078800.0
2014-01-21,57.67066329464095,57.70297252827617,57.194109801466695,57.509117126464844,1065000.0
2014-01-22,57.589914218604065,57.711066185814765,57.46875608903491,57.646453857421875,988400.0
2014-01-23,57.45255955298413,57.45255955298413,56.81446625340838,57.08101272583008,992200.0
2014-01-24,56.70139300478461,56.70139300478461,55.74829237859986,55.76445007324219,1371400.0
2014-01-27,55.74830221051668,55.99869722279367,55.18290604541899,55.4979133605957,5040000.0
2014-01-28,55.6998358090247,56.071382703131285,55.691756961095855,55.99869155883789,962200.0
2014-01-29,55.61099573509414,55.893693833612666,55.37675840707697,55.489837646484375,1038000.0
2014-01-30,55.95020926865744,56.26522262781982,55.81289970335185,56.11175537109375,721900.0
2014-01-31,55.49790976255444,56.184463964906946,55.417139767399256,55.8452262878418,1048500.0
2014-02-03,55.72404140324453,55.84519941886197,54.39939440049316,54.47209167480469,2004800.0
2014-02-04,54.76288706496416,55.05366393635974,54.488261725377335,54.9244270324707,1671200.0
2014-02-05,54.77904244316195,54.94058242201125,54.30249519190787,54.8275032043457,1172300.0
2014-02-06,55.00518622394502,55.627127917762266,54.90018588190281,55.619049072265625,674000.0
2014-02-07,55.89367954044517,56.346002544762854,55.69983034565461,56.30561447143555,873100.0
2014-02-10,56.313689474189765,56.426768676960876,56.119840292632766,56.40253829956055,676900.0
2014-02-11,56.45907036415066,57.08908474187524,56.41868229897199,56.97600555419922,945100.0
2014-02-12,57.129486018421844,57.29102599178605,56.951788350308234,57.048709869384766,1573100.0
2014-02-13,56.70139053561732,57.444490397931574,56.604469021403695,57.40410232543945,837300.0
2014-02-14,57.3718180937681,57.751443956100054,57.25873883635313,57.69490432739258,696300.0
2014-02-18,57.82413105207576,57.953368001369014,57.62220294057273,57.9049072265625,944500.0
2014-02-19,57.79991507000825,58.17954100022432,57.573756514737,57.646453857421875,680600.0
2014-02-20,57.686802743949436,58.14719844266752,57.5171839246696,58.058349609375,468400.0
2014-02-21,58.17952803309189,58.30876498579007,58.034139542484986,58.09067916870117,635700.0
2014-02-24,58.203739087251115,58.817602083942774,58.203739087251115,58.3975944519043,1212700.0
2014-02-25,58.44604876538562,58.583358345103655,58.14719306627489,58.34912109375,757800.0
2014-02-26,58.33297276428488,58.680289237096886,58.29258469163163,58.42182159423828,995300.0
2014-02-27,58.36529679437904,58.68838297049225,58.30067832668515,58.664146423339844,550000.0
2014-02-28,58.688373992672524,59.07607241481543,58.4622093903413,58.82568359375,848300.0
2014-03-03,58.36528893176027,58.56721699433396,58.05028164713374,58.41374969482422,1003300.0
2014-03-04,59.07608770447348,59.37494352742102,59.01146922994045,59.286094665527344,852400.0
2014-03-05,59.32646770148366,59.37493463130009,59.189158085441704,59.25377655029297,1105600.0
2014-03-06,59.447600834923996,59.54452849152458,59.34260049537175,59.40721893310547,699500.0
2014-03-07,59.64144998577177,59.665686521686965,59.17298171808577,59.40721893310547,757400.0
2014-03-10,59.33456935638765,59.39110899427544,58.97917382545962,59.26995086669922,506100.0
2014-03-11,59.3829935921746,59.479921267048155,58.82567640812669,58.96298599243164,717400.0
2014-03-12,58.67220591164977,58.99529198115056,58.51066595807648,58.987213134765625,508900.0
2014-03-13,59.18914501845,59.18914501845,58.14719561158603,58.31681442260742,890300.0
2014-03-14,58.211810458467774,58.59143612921387,58.15527085829416,58.284507751464844,613600.0
2014-03-17,58.62376512230119,58.89838436936787,58.4945281855477,58.7691535949707,703000.0
2014-03-18,58.8983761155049,59.269923013069096,58.849915352191665,59.22146224975586,804200.0
2014-03-19,59.35877605063247,59.35877605063247,58.54299105285933,58.898380279541016,667000.0
2014-03-20,58.75297458112019,59.213370217149404,58.64797422986935,59.14875793457031,1068400.0
2014-03-21,59.4585011417577,59.62877566094635,59.01253964899441,59.061187744140625,699800.0
2014-03-24,59.215252549382484,59.34498906066555,58.42874196171658,58.63956069946289,704700.0
2014-03-25,58.93147369849915,59.0855342905653,58.55849043165671,58.834171295166016,415000.0
2014-03-26,59.07739930792983,59.18280556080895,58.371971100020644,58.38008117675781,565500.0
2014-03-27,58.29901280278596,58.49361138742584,58.047649853691254,58.266578674316406,894300.0
2014-03-28,58.444962086713815,58.907137582096325,58.396307801920635,58.64767074584961,361200.0
2014-03-31,59.028784013406096,59.26392069383043,58.95580565458037,59.182838439941406,662200.0
2014-04-01,59.4260876309883,59.68555453873785,59.336895301495105,59.67744445800781,1161500.0
2014-04-02,59.782844434438,59.993656999856384,59.6044598127934,59.912574768066406,2711600.0
2014-04-03,60.02608811450625,60.042308271756106,59.63689094699389,59.839599609375,528300.0
2014-04-04,60.15580682894741,60.244999108899165,59.04496146075101,59.158477783203125,794200.0
2014-04-07,59.036874431858415,59.101742694633636,58.2179358124888,58.37199020385742,699500.0
2014-04-08,58.37201107519695,58.785538665526296,58.153088342775675,58.688236236572266,607600.0
2014-04-09,58.850365856120554,59.25578308105469,58.663871210733454,59.25578308105469,727000.0
2014-04-10,59.25580833337304,59.29634636143649,57.934143657697625,58.01523208618164,881200.0
2014-04-11,57.69088940598991,58.01522451908634,57.269251903111225,57.35844421386719,1317500.0
2014-04-14,57.70712250948913,57.990913507716996,57.399007452296,57.869293212890625,682100.0
2014-04-15,57.98280074315573,58.266591697975045,57.3665645368489,58.23415756225586,1692800.0
2014-04-16,58.65578664881124,58.834171295166016,58.38010578530193,58.834171295166016,805300.0
2014-04-17,58.83417034292427,59.06931317420623,58.68011593953013,58.93958282470703,637400.0
2014-04-21,58.963905213246896,59.10174563887746,58.8179547078209,59.09363555908203,1466900.0
2014-04-22,59.158504988458404,59.523384352288005,59.11796696104075,59.36121368408203,868600.0
2014-04-23,59.35309905946991,59.474725504766866,59.23958269350689,59.31256103515625,585400.0
2014-04-24,59.58009886374473,59.596312825590275,59.12602751180864,59.39360427856445,703200.0
2014-04-25,59.19902757630847,59.207131467124526,58.720632012584566,58.85036849975586,709800.0
2014-04-28,59.04499007596517,59.18283050771982,58.25847932768016,58.834171295166016,639800.0
2014-04-29,59.06120142607867,59.15850382508877,58.86660281423679,59.09363555908203,435200.0
2014-04-30,58.98009834549745,59.40983963012695,58.93956033320148,59.40983963012695,575800.0
2014-05-01,59.40984335167132,59.596338015678874,59.16659670412957,59.434173583984375,1007800.0
2014-05-02,59.43414846243919,59.76658726275109,59.33684613284419,59.39360427856445,822800.0
2014-05-05,59.15040008141203,59.50716939648744,58.91526341776214,59.474735260009766,686000.0
2014-05-06,59.3774174010484,59.41795541724016,58.972000122070305,58.97200012207031,359200.0
2014-05-07,59.166609033049426,59.353097549740234,58.72064747369692,59.328773498535156,475100.0
2014-05-08,59.22335661720995,59.77472436184912,59.04497202538894,59.2476806640625,958400.0
2014-05-09,59.27201909481921,59.33688735961914,58.95579403664231,59.33688735961914,375800.0
2014-05-12,59.58821987441161,60.01796112780578,59.55578575522657,59.99363708496094,2469700.0
2014-05-13,60.06660165169089,60.19633191256278,59.928761316335034,59.96929931640625,1860400.0
2014-05-14,59.94500541308578,59.96121938403007,59.55580206247158,59.620670318603516,850800.0
2014-05-15,59.5477071676385,59.5477071676385,58.704438269039144,59.10985565185547,861000.0
2014-05-16,59.11796319489121,59.35309982299805,58.89092427386651,59.35309982299805,641300.0
2014-05-19,59.27200285212841,59.6044479784923,59.15848651292525,59.57201385498047,791900.0
2014-05-20,59.49904833188175,59.49904833188175,58.91525254159341,59.05309295654297,613500.0
2014-05-21,59.26390122921459,59.499044018588144,59.18281900195619,59.48283004760742,562900.0
2014-05-22,59.53146118675888,59.815251994402594,59.4179448637014,59.661197662353516,438300.0
2014-05-23,59.734156645765765,59.97740939089021,59.66928842224267,59.96929931640625,608200.0
2014-05-27,60.22069077251266,60.35042729457911,60.163932590653054,60.3179931640625,822200.0
2014-05-28,60.41528341295771,60.4314973818683,60.147706529608385,60.25311279296875,1270700.0
2014-05-29,60.4315129785867,60.60989761352539,60.236914370552775,60.60989761352539,608100.0
2014-05-30,60.56936397692404,60.70721061010353,60.480171643881725,60.69099044799805,1143200.0
2014-06-02,60.780162747293566,60.82881084521656,60.472047816819234,60.796382904052734,392500.0
2014-06-03,60.66664645855466,60.812596938654515,60.58556423320523,60.7801628112793,411700.0
2014-06-04,60.65044970572901,60.9991089412703,60.618015569146216,60.9666748046875,469500.0
2014-06-05,61.10452613097127,61.428861368398785,60.772080811408536,61.38020706176758,468700.0
2014-06-06,61.534239021380145,61.753167833766874,61.47748084523863,61.70451354980469,598200.0
2014-06-09,61.720748081688214,61.98021497393487,61.64776973183642,61.79372024536133,434800.0
2014-06-10,61.71262135139424,61.71262135139424,61.51802278125656,61.6801872253418,772700.0
2014-06-11,61.46125793457031,61.5180161024558,61.31530747626814,61.46125793457031,675500.0
2014-06-12,61.38827537795792,61.45314361854588,60.93421006619399,61.10448455810547,619900.0
2014-06-13,61.15312939494303,61.35583799637377,60.97474483589589,61.31529998779297,480400.0
2014-06-16,61.26665098741712,61.509903804530474,61.20178893087286,61.420711517333984,399700.0
2014-06-17,61.35585441459903,61.7450577554103,61.29098616010094,61.70451354980469,389900.0
2014-06-18,61.72881664824078,62.182888089440524,61.58286621824356,62.16666793823242,486200.0
2014-06-19,62.24778362730782,62.28021776099962,62.01264698385458,62.25589370727539,420100.0
2014-06-20,62.443058013916016,62.443058013916016,62.29657334029586,62.443058013916016,388800.0
2014-06-23,62.45933619244863,62.50816235118392,62.304711744693854,62.3860969543457,600600.0
2014-06-24,62.30467350178191,62.5813693853574,61.9384651184082,61.9384651184082,700100.0
2014-06-25,61.84899146729008,62.28030580911122,61.808298857796565,62.23147964477539,476400.0
2014-06-26,62.29658995566009,62.29658995566009,61.80830344081392,62.2396240234375,1057100.0
2014-06-27,62.09313156108274,62.40237426757813,62.09313156108274,62.402374267578125,314700.0
2014-06-30,62.36169788356662,62.48376952879974,62.29659838708784,62.42680358886719,770800.0
2014-07-01,62.55697422388871,62.95573554349792,62.55697422388871,62.75228500366211,623100.0
2014-07-02,62.80925976539403,62.82553307899636,62.638362032885816,62.71160125732422,452200.0
2014-07-03,62.931372420450735,63.06971740722656,62.84185361516692,63.06971740722656,482400.0
2014-07-07,62.972038752706304,62.972038752706304,62.622103409693494,62.66279602050781,505600.0
2014-07-08,62.581385249815206,62.638351150754616,62.15007111287143,62.337242126464844,670800.0
2014-07-09,62.47561196208833,62.62209665286544,62.36168011468613,62.58955001831055,417000.0
2014-07-10,61.930347471883614,62.451180394057715,61.881521325685476,62.29656219482422,1011200.0
2014-07-11,62.22335123547026,62.36169619888027,62.07686650691212,62.312870025634766,358500.0
2014-07-14,62.630224582229275,62.662777419453484,62.49187968064051,62.53256607055664,561600.0
2014-07-15,62.56512746900846,62.70347859834763,62.12567341957628,62.37795639038086,436000.0
2014-07-16,62.63837617896291,62.67906257656654,62.36168011468613,62.58955001831055,574600.0
2014-07-17,62.36982817529676,62.565139052710016,61.75133648653045,61.83272171020508,938000.0
2014-07-18,62.01986514387169,62.48373215121625,61.97917875901365,62.434906005859375,768200.0
2014-07-21,62.24773684554056,62.361668672037574,62.028012954101705,62.30470275878906,449500.0
2014-07-22,62.54886423681336,62.70348870751083,62.50817162594959,62.581417083740234,1181600.0
2014-07-23,62.630244229612174,62.66279707704836,62.43493335381587,62.605831146240234,299700.0
2014-07-24,62.68721203980011,62.80114390483206,62.589559703384715,62.73603820800781,438600.0
2014-07-25,62.573270187737805,62.63837587417084,62.361679811240435,62.45119857788086,385000.0
2014-07-28,62.50816530288661,62.54885790963408,62.13381691432614,62.4593391418457,391100.0
2014-07-29,62.597680867794644,62.6871996310027,62.16636657714843,62.16636657714844,633600.0
2014-07-30,62.38607676061563,62.50814211794255,61.92220356750228,62.158206939697266,366500.0
2014-07-31,61.751330978129815,61.81643666773357,60.96194777476045,60.9700813293457,963100.0
2014-08-01,60.872434744844696,61.206090570096606,60.48994654337428,60.839881896972656,1060200.0
2014-08-04,60.87243215384678,61.34443290584879,60.644562228441615,61.26305389404297,614600.0
2014-08-05,61.002631974091074,61.26304851429387,60.53876481782922,60.70152282714844,638000.0
2014-08-06,60.45738281184912,60.97007610369081,60.40041689053338,60.709659576416016,519200.0
2014-08-07,61.00262758443234,61.02704066319149,60.2376513362744,60.367862701416016,701300.0
2014-08-08,60.45739417559854,61.19795129190049,60.37601515968264,61.17353820800781,790700.0
2014-08-11,61.41766381353647,61.637387714244284,61.33628482100836,61.35255813598633,761300.0
2014-08-12,61.31187125757504,61.466495703983014,61.05959449454706,61.22235870361328,475500.0
2014-08-13,61.40140252184986,61.65368554506307,61.30375018534757,61.6292724609375,429100.0
2014-08-14,61.69435465635639,61.922218322753906,61.62111542450829,61.922218322753906,655600.0
2014-08-15,62.15821693107664,62.20704929067453,61.48276574629646,61.89780044555664,878800.0
2014-08-18,62.25588073863831,62.45119156719209,62.20705458370469,62.443058013916016,802900.0
2014-08-19,62.573267534786,62.792997664976475,62.55699421827768,62.77671813964844,2802800.0
2014-08-20,62.68722619439432,63.04530139895907,62.66281310477807,62.99647521972656,597100.0
2014-08-21,63.045260349037044,63.175465478485584,62.93132853246269,63.10222625732422,947800.0
2014-08-22,63.06971448857532,63.13482020010026,62.84185070706044,62.99647521972656,380000.0
2014-08-25,63.36266432247965,63.39521716814215,63.183626775746134,63.30569839477539,595600.0
2014-08-26,63.37077632621718,63.51726096311989,63.32194397470446,63.36263656616211,742900.0
2014-08-27,63.41148764868216,63.44404049288781,63.21617679226844,63.330108642578125,389100.0
2014-08-28,63.08596823875863,63.34638479523817,62.99645567421233,63.30569839477539,330200.0
2014-08-29,63.44401626848197,63.54980831514131,63.240565726493955,63.53353500366211,312800.0
2014-09-02,63.64748012155328,63.66375964525495,63.289405105945725,63.48472213745117,749900.0
2014-09-03,63.72884578550161,63.777678137574846,63.46842934010967,63.53353500366211,563100.0
2014-09-04,63.631216490128,63.86721994916464,63.289414737387304,63.452178955078125,537100.0
2014-09-05,63.39521919336327,63.74515453438859,63.208041877029444,63.73701477050781,650600.0
2014-09-08,63.64749374172918,63.76142559674519,63.33825102223148,63.549835205078125,2283100.0
2014-09-09,63.51728168965362,63.58238116488385,62.97202934675964,63.09410095214844,909200.0
2014-09-10,63.15920995583861,63.248728723907504,62.84182749043802,63.22431564331055,472500.0
2014-09-11,62.988313887933664,63.34638276108207,62.955761043316485,63.33824920654297,461600.0
2014-09-12,63.2731275226643,63.2731275226643,62.687188885313525,62.88249969482422,455800.0
2014-09-15,62.88250460733007,62.88250460733007,62.59767502770496,62.74415969848633,421000.0
2014-09-16,62.687203461888025,63.305695079444085,62.62209777397262,63.17548370361328,665100.0
2014-09-17,63.3057169424701,63.53358072004806,62.93950197808642,63.23247146606445,813500.0
2014-09-18,63.44405081278482,63.49287698262534,63.31384562360305,63.46846389770508,673700.0
2014-09-19,63.66280923451249,63.7444688529896,63.18101312433689,63.3280029296875,648600.0
2014-09-22,63.213662775130736,63.311651801273435,62.64203312497694,62.740028381347656,696800.0
2014-09-23,62.5440587724827,62.76454661545265,62.28274423171726,62.29907989501953,3144900.0
2014-09-24,62.33987205570516,62.81350634538979,62.135719989140405,62.78900909423828,507300.0
2014-09-25,62.63386497439789,62.63386497439789,61.817256532853044,61.858089447021484,1218500.0
2014-09-26,61.939766833559,62.41340136093241,61.87443664421858,62.29090881347656,1244800.0
2014-09-29,61.81727632811141,62.290910871130386,61.68662217534444,62.17658615112305,730300.0
2014-09-30,62.29091796820287,62.35624816714469,61.80095393660056,61.89078140258789,856400.0
2014-10-01,61.84178781305132,61.89895018044082,60.935351537138565,61.06600570678711,1395700.0
2014-10-02,61.01700005411835,61.335476933006454,60.404543559298205,61.131324768066406,1386900.0
2014-10-03,61.56410868144909,61.87441764016343,61.34362714793088,61.735595703125,2087100.0
2014-10-06,62.005101903710255,62.111258797072395,61.433478277559885,61.637630462646484,752800.0
2014-10-07,61.359963039528914,61.44979047418853,60.633181962903635,60.64134979248047,929900.0
2014-10-08,60.72304648214362,61.719310471182844,60.31474197714278,61.65398025512695,1814200.0
2014-10-09,61.49880402984799,61.58863149231618,60.26572928183993,60.28205871582031,1127100.0
2014-10-10,60.298386240450256,60.55970701770514,59.5471076965332,59.5471076965332,1737700.0
2014-10-13,59.547104604524485,59.7839218739422,58.49367863927874,58.53451156616211,2663300.0
2014-10-14,58.80400229113028,59.506286367803604,58.64884462319081,58.852996826171875,1894200.0
2014-10-15,58.18334031817731,58.81212595645642,57.17074778903323,58.62430953979492,3965000.0
2014-10-16,57.595415177014175,59.18780600630528,57.37493355184826,58.81216049194336,1943400.0
2014-10-17,59.571584254868824,59.824737112281454,59.13062117210478,59.46542739868164,1400200.0
2014-10-20,59.43279092315795,60.11057776182638,59.37562855304321,60.094242095947266,1203700.0
2014-10-21,60.46170812318604,61.4089709633645,60.39637793276549,61.34364700317383,2040600.0
2014-10-22,61.490635113228876,61.64578652339268,60.80468059327364,60.82917785644531,2232800.0
2014-10-23,61.417124400661486,61.96425059918879,61.33546479688894,61.555946350097656,1120200.0
2014-10-24,61.588617251671224,62.045922290378606,61.376303507865686,61.99692153930664,1127000.0
2014-10-27,61.84178686849687,61.98060886857523,61.49064483697291,61.89078140258789,1009200.0
2014-10-28,62.15207653768597,62.674705505371094,61.99691892126332,62.674705505371094,883600.0
2014-10-29,62.76454377170074,62.91970141489189,62.09492490193919,62.5440559387207,827000.0
2014-10-30,62.38889077450875,63.172834188495536,62.339890027852526,62.99317932128906,1260500.0
2014-10-31,63.80977102330404,63.850603929729104,63.40963470729091,63.76077651977539,1369200.0
2014-11-03,63.90780196041249,64.06295338499864,63.64648741190763,63.77714157104492,1193000.0
2014-11-04,63.63829590567724,63.67912881972176,63.18099717347283,63.458641052246094,998200.0
2014-11-05,63.915985251680766,63.98131546853407,63.6628384491647,63.94865036010742,1153900.0
2014-11-06,63.99761879143228,64.25893329653644,63.719968625255156,64.23443603515625,1113700.0
2014-11-07,64.2425801916223,64.39773777853912,64.05476375188591,64.31607818603516,826700.0
2014-11-10,64.3569157395966,64.52840278189414,64.28342396299563,64.47940826416016,797900.0
2014-11-11,64.5365847536225,64.58557928209275,64.36509767374667,64.49575805664062,835600.0
2014-11-12,64.2915925172742,64.56923642786732,64.25892742834053,64.50390625,594700.0
2014-11-13,64.5774068623078,64.65089864270124,64.12010182902034,64.38141632080078,666000.0
2014-11-14,64.40593141621642,64.50392047439728,64.23444433416988,64.41409301757812,987900.0
2014-11-17,64.25892742834053,64.55290699851483,64.24259176875935,64.50390625,1217700.0
2014-11-18,64.56104388510592,65.01018089823525,64.52837880867594,64.91218566894531,1043500.0
2014-11-19,64.83871426760042,64.91220603996165,64.51206963101797,64.77338409423828,1293100.0
2014-11-20,64.50391292286494,65.05920703172451,64.47124783055212,65.00204467773438,849900.0
2014-11-21,65.66350242164005,65.71249694538821,65.18986792464322,65.3940200805664,1177300.0
2014-11-24,65.58998506354196,65.6471474011343,65.47566038835726,65.62265014648438,754700.0
2014-11-25,65.71249903818216,65.8023264880675,65.41035159491057,65.57367706298828,1117600.0
2014-11-26,65.6226850445502,65.68801524517755,65.46752737561792,65.61451721191406,568100.0
2014-11-28,65.58998179278075,65.65531195540778,65.36133245381336,65.4593276977539,300200.0
2014-12-01,65.18169485397235,65.25519286391544,64.78972000480987,64.94487762451172,1250900.0
2014-12-02,64.92857190278802,65.34503793369554,64.87957113485744,65.2960433959961,1224900.0
2014-12-03,65.36135123388281,65.75331986181367,65.26335596178559,65.68799591064453,726700.0
2014-12-04,65.60632616612514,65.75331595041264,65.2960171682865,65.54916381835938,1254500.0
2014-12-05,65.64716411606575,65.77782448110388,65.50017432051243,65.67166137695312,850600.0
2014-12-08,65.55734088845338,65.720666355254,64.97754949932762,65.18170166015625,1190600.0
2014-12-09,64.56109276044425,65.28787412809162,64.48760095551029,65.2470474243164,1508000.0
2014-12-10,65.09185741047617,65.10002523926542,64.08743252737435,64.17725372314453,1757700.0
2014-12-11,64.34058703556035,65.06736813120553,64.34058703556035,64.50390625,1587400.0
2014-12-12,64.07928790945269,64.34877028505919,63.45866353145202,63.49949645996094,1211900.0
2014-12-15,63.834278941536766,63.989436535606124,62.86251915455605,63.18099594116211,1518900.0
2014-12-16,62.829841999641886,64.04658657190437,62.740014591935264,62.78900909423828,1379000.0
2014-12-17,63.00133894713505,64.20175428513286,62.91151152522857,64.07926177978516,1772300.0
2014-12-18,64.97753567220772,65.49199676513672,64.63456161025506,65.49199676513672,1909600.0
2014-12-19,65.78312447370094,66.0701351049445,65.54531387742412,65.79952239990234,2656100.0
2014-12-22,65.9471306765737,66.07013702392578,65.70932007338978,66.07013702392578,1052300.0
2014-12-23,66.32435942859186,66.43916370844035,66.24235726532352,66.29155731201172,1439800.0
2014-12-24,66.34074021830422,66.4473423673207,66.25873808395603,66.29973602294922,491500.0
2014-12-26,66.4801430411594,66.61135145838134,66.43913884668713,66.4637451171875,1068300.0
2014-12-29,66.39815857585629,66.73436928581378,66.38995648350708,66.6441650390625,825500.0
2014-12-30,66.49656342664659,66.55397182084411,66.25055694580078,66.25055694580078,1109600.0
2014-12-31,66.44735233019183,66.44735233019183,65.60271833267666,65.64372253417969,1279600.0
2015-01-02,65.91432998167772,66.05374051506257,65.15990021105688,65.6273193359375,2049100.0
2015-01-05,65.25011500670547,65.27471502941113,64.151272283427,64.32347869873047,3922400.0
2015-01-06,64.38087807220106,64.5612865727797,63.290231232421874,63.626441955566406,2766800.0
2015-01-07,64.18403728286854,64.48745201520441,63.921626739569724,64.38904571533203,1216800.0
2015-01-08,64.93847532966322,65.57810066019678,64.90567322856393,65.52069854736328,1951500.0
2015-01-09,65.66013682565699,65.66833891927438,64.74169628780294,64.98770904541016,1569300.0
2015-01-12,64.99588863098268,64.99588863098268,64.12664844312181,64.33985900878906,1517300.0
2015-01-13,64.8072963303998,65.24191341853317,63.65924729646239,64.17587280273438,1828000.0
2015-01-14,63.42142250597656,63.87244367971328,63.01960762342363,63.83964157104492,2031000.0
2015-01-15,64.08563681606252,64.25784314743109,63.19999889214343,63.24919891357422,1685600.0
2015-01-16,63.2164116656007,64.1922540289766,63.09341158312667,64.11845397949219,994700.0
2015-01-20,64.31524172111736,64.41364801492827,63.560812237648406,64.15123748779297,1499800.0
2015-01-21,63.987269746417304,64.72530180215892,63.84786542932296,64.5940933227539,1388000.0
2015-01-22,64.8892794259586,65.55351113080145,64.37266032784711,65.49610900878906,1203000.0
2015-01-23,65.43050426005432,65.48790638159643,65.10248945565851,65.14349365234375,1144600.0
2015-01-26,65.11888990280147,65.47149844608215,64.7826730270757,65.46330261230469,711200.0
2015-01-27,64.79909651815379,65.29112201884838,64.5038899766468,64.93850708007812,1114700.0
2015-01-28,65.24188814075374,65.24188814075374,63.89703318834443,63.94623947143555,1307500.0
2015-01-29,64.04464777039095,64.65147111817457,63.50342863760078,64.53666687011719,862300.0
2015-01-30,64.12664546780164,64.60226660900625,63.683832688182854,63.724830627441406,910900.0
2015-02-02,63.99544672795046,64.62687008230684,63.27381914349143,64.41366577148438,4156900.0
2015-02-03,64.88108127096135,65.73391723632812,64.81547706061885,65.73391723632812,1386700.0
2015-02-04,65.39770078703079,65.77491561447468,65.20089441105176,65.36489868164062,1110900.0
2015-02-05,65.66011339981523,66.14393664879657,65.60271127770173,66.13573455810547,1080700.0
2015-02-06,66.23412549266257,66.35713181062813,65.67650227339841,65.8569107055664,935300.0
2015-02-09,65.6683235380559,65.91432998167772,65.47151087552301,65.6273193359375,972300.0
2015-02-10,65.930726611188,66.3407435599437,65.55351176909623,66.26693725585938,1217800.0
2015-02-11,66.14391473040418,66.36532105479874,65.88149796614394,66.2013168334961,936700.0
2015-02-12,66.53753487860072,66.91474963528617,66.4473306697889,66.90654754638672,1408400.0
2015-02-13,66.93115005743476,67.2017564123252,66.85734377420256,67.16896057128906,1482300.0
2015-02-17,67.11157177471867,67.39038655569615,66.93936540545118,67.3411865234375,891200.0
2015-02-18,67.2017831888683,67.4231958704264,67.09518102212435,67.40679168701172,939900.0
2015-02-19,67.17714983720205,67.5215624416604,67.07054772335344,67.37396240234375,861300.0
2015-02-20,67.25917299553444,67.75119830602495,66.9229623734851,67.74299621582031,1126900.0
2015-02-23,67.68562602683346,67.69382812090731,67.43961325553522,67.66102600097656,1098100.0
2015-02-24,67.67740341926799,67.84960980443394,67.51339912568979,67.78401184082031,817300.0
2015-02-25,67.77583312988281,67.94803957445487,67.6364288066147,67.77583312988281,866200.0
2015-02-26,67.74299139751291,67.79219142251786,67.3083744930058,67.49697875976562,901700.0
2015-02-27,67.49696243510762,67.61176663659374,67.34116030815346,67.37396240234375,960000.0
2015-03-02,67.46420047631183,67.75121740713725,67.33299827785642,67.70201110839844,1068200.0
2015-03-03,67.57081368300246,67.59541370592783,67.16079661727595,67.44780731201172,1283200.0
2015-03-04,67.23457761843287,67.23457761843287,66.75076062113999,67.12797546386719,641700.0
2015-03-05,67.26736685514663,67.3001689555899,67.04596049760576,67.25096893310547,1991100.0
2015-03-06,66.89836973664909,67.00497189561833,66.10293582084724,66.24234008789062,974600.0
2015-03-09,66.21772341345013,66.51293605549264,66.21772341345013,66.40633392333984,915900.0
2015-03-10,65.8487185543698,65.91431650543967,65.39769744873047,65.39769744873047,1138800.0
2015-03-11,65.47149748981968,65.5781058909862,65.26648903386754,65.39769744873047,872300.0
2015-03-12,65.56991300033046,66.25874476227973,65.53711089201263,66.23413848876953,686800.0
2015-03-13,66.03732819722981,66.0947303193071,65.34850273230238,65.77491760253906,1013200.0
2015-03-16,66.0291210725312,66.69335272748448,66.0291210725312,66.67694854736328,971300.0
2015-03-17,66.40636158786174,66.58676382749934,66.1357488438602,66.43096160888672,943300.0
2015-03-18,66.28331623186588,67.63637289950627,66.12750784855199,67.37396240234375,1358000.0
2015-03-19,67.25098225787517,67.25098225787517,66.80816319869456,66.9803695678711,1179400.0
2015-03-20,67.40519837575735,67.81685830072647,67.29816277514892,67.63572692871094,1439600.0
2015-03-23,67.63571958702674,67.94034387832124,67.59455108642578,67.59455108642578,772900.0
2015-03-24,67.5204684457106,67.62749777407053,67.17466930517757,67.1911392211914,865500.0
2015-03-25,67.31463764233133,67.39696837709613,66.29371643066406,66.29371643066406,1101600.0
2015-03-26,66.05496589554748,66.45015597514332,65.80796738472527,66.1208267211914,902200.0
2015-03-27,66.06318221648233,66.4336799134182,66.05495354071158,66.40898132324219,717200.0
2015-03-30,66.75478066831228,67.29816854955133,66.70537720170327,67.1911392211914,697700.0
2015-03-31,66.86179992258508,67.2075927295849,66.6724398869844,66.73007202148438,1010200.0
2015-04-01,66.68068156185424,66.68068156185424,66.13729365655301,66.55718231201172,1286800.0
2015-04-02,66.50777620273641,67.04293535930812,66.43368043163039,66.85356903076172,952400.0
2015-04-06,66.52422758781712,67.53690719945571,66.50775767787086,67.37224578857422,826900.0
2015-04-07,67.38048651636913,67.56985282604734,67.11702444296772,67.12525939941406,745900.0
2015-04-08,67.16644093826788,67.47930024821567,66.99354450792049,67.34757232666016,825500.0
2015-04-09,67.28170137143888,67.67689139490243,67.08410635970712,67.61103057861328,899600.0
2015-04-10,67.6768881300495,67.80862231913703,67.57809376966571,67.79215240478516,4363000.0
2015-04-13,67.75099313005772,67.89919095851432,67.44636251561023,67.45459747314453,791900.0
2015-04-14,67.42166200892605,67.66042551917998,67.18289849867213,67.63572692871094,809300.0
2015-04-15,67.86627479112163,68.23676631643407,67.8086426364856,68.0556411743164,994300.0
2015-04-16,67.92389678955078,68.14619041521343,67.71806679927941,67.92389678955078,984300.0
2015-04-17,67.5863343816752,67.5863343816752,66.9029835697522,67.15821075439453,1636000.0
2015-04-20,67.52047340406008,67.8333327355402,67.50400348683678,67.68513488769531,768300.0
2015-04-21,67.90740609928055,67.9897368063013,67.47104141735304,67.60277557373047,1272200.0
2015-04-22,67.72628368321942,67.882710162705,67.31462381253854,67.83331298828125,1023200.0
2015-04-23,67.64393845333247,68.26142812688023,67.64393845333247,68.04736328125,965500.0
2015-04-24,68.09679292929295,68.09679292929295,67.82509583578111,67.9650650024414,833600.0
2015-04-27,68.14617381846348,68.21204090685251,67.52868399803675,67.59455108642578,1128300.0
2015-04-28,67.54517199860037,67.783935546875,67.12527704946683,67.783935546875,929900.0
2015-04-29,67.50397491455078,67.75097331689001,67.26521146733761,67.50397491455078,1103800.0
2015-04-30,67.372237050529,67.47926632557746,66.72181388347433,67.00173950195312,1257800.0
2015-05-01,67.15821060234303,67.75923695233423,67.15821060234303,67.68513488769531,3225000.0
2015-05-04,67.88272827892338,68.0556309984122,67.75100035149477,67.92389678955078,734500.0
2015-05-05,67.84156270474614,68.03092276885688,67.05117633484667,67.09233856201172,2376800.0
2015-05-06,67.33109318882407,67.42165887061623,66.49130974480697,66.86180114746094,860500.0
2015-05-07,66.71360365981135,67.17466074653602,66.62303797757163,67.01823425292969,990400.0
2015-05-08,67.51223115065063,67.93212605441303,67.51223115065063,67.84156036376953,821400.0
2015-05-11,67.76747268172328,67.9321404639276,67.5534139870081,67.56987762451172,756800.0
2015-05-12,67.32284234016562,67.56160578294492,66.9935195184026,67.37224578857422,796200.0
2015-05-13,67.57807569289119,67.75097205874582,67.28991508313347,67.37224578857422,536900.0
2015-05-14,67.79216258068936,67.95683034176614,67.59456754883003,67.92389678955078,571600.0
2015-05-15,68.03092926579117,68.07209777832031,67.79216571227504,68.07209777832031,647800.0
2015-05-18,68.00622962138797,68.37672738413342,67.96506739092715,68.32732391357422,973100.0
2015-05-19,68.31908444488029,68.32731312081287,68.03915242737203,68.17911529541016,1444500.0
2015-05-20,68.23674743409832,68.45904731291841,68.03915242737203,68.17911529541016,566700.0
2015-05-21,68.154422399083,68.45081807465246,68.11326017168491,68.3602523803711,693400.0
2015-05-22,68.22032702845362,68.40968719780295,68.18739345955896,68.24502563476562,608700.0
2015-05-26,67.98977685102518,68.03917404804561,67.34758816402369,67.46285247802734,834700.0
2015-05-27,67.61927655541749,68.1132736332863,67.47931364802376,68.01447296142578,628000.0
2015-05-28,67.93211393440227,67.97327615280305,67.62748336736686,67.89094543457031,637900.0
2015-05-29,67.83333409012948,67.9238997923673,67.41343913261177,67.48754119873047,771000.0
2015-06-01,67.71805030679738,67.81685093938093,67.28992679513128,67.59455108642578,1100300.0
2015-06-02,67.42164424942665,67.86623760505503,67.26521150908603,67.60277557373047,1045400.0
2015-06-03,67.75099406270215,67.94035411857261,67.56986268304709,67.7262954711914,567500.0
2015-06-04,67.4628187036455,67.60278154608878,67.01822530873957,67.11701965332031,739300.0
2015-06-05,67.07586924760734,67.27346425299221,66.74654005101125,67.10880279541016,951400.0
2015-06-08,67.0594057350297,67.16644134596531,66.66421568653189,66.68067932128906,671500.0
2015-06-09,66.73831311163858,66.87004731867634,66.50778453075522,66.63951873779297,985800.0
2015-06-10,66.92770325752957,67.53695847809524,66.87007109181978,67.3969955444336,741400.0
2015-06-11,67.53694152832031,67.70983798205779,67.4463758218721,67.53694152832031,746000.0
2015-06-12,67.31462090534352,67.3557831217752,67.04292389488477,67.11701965332031,616500.0
2015-06-15,66.68890443059648,66.93590288550469,66.4254423433625,66.80416870117188,899900.0
2015-06-16,66.70538225122299,67.17467439022215,66.70538225122299,67.15821075439453,585100.0
2015-06-17,67.31463623046875,67.50399628831289,66.90297628384651,67.31463623046875,1072500.0
2015-06-18,67.50400185059601,68.13796173823418,67.50400185059601,67.92389678955078,943400.0
2015-06-19,67.83958323820606,67.93049936144833,67.59162902832031,67.59162902832031,1934900.0
2015-06-22,68.09579549032667,68.186711610266,67.89743591306687,67.99661254882812,778100.0
2015-06-23,68.10408250004792,68.128876666338,67.83133405937882,67.9470443725586,1587500.0
2015-06-24,67.88092023949037,67.9635758654885,67.41807900144771,67.42634582519531,785800.0
2015-06-25,67.62469111548543,67.62469111548543,67.13705581533955,67.16184997558594,831500.0
2015-06-26,67.32715270255964,67.36021368682455,67.01308281064993,67.23623657226562,814900.0
2015-06-29,66.64115586437849,66.91390427325821,65.74026763023072,65.78985595703125,4279600.0
2015-06-30,66.33537696066844,66.36017113310866,65.74855842520067,65.95518493652344,1691100.0
2015-07-01,66.5502647559313,66.5502647559313,66.1204843819744,66.36843872070312,1991300.0
2015-07-02,66.50895584360455,66.66599404161583,66.17008527015744,66.3436508178711,1302100.0
2015-07-06,65.87251738516233,66.40148065411312,65.74854654536101,66.04608917236328,1007900.0
2015-07-07,66.13697215396138,66.64940787136064,65.30220607827385,66.591552734375,1584000.0
2015-07-08,66.09567699988645,66.21965414447371,65.30223210256331,65.40967559814453,1006800.0
2015-07-09,66.0543468567135,66.31056796136707,65.55017777735752,65.56671142578125,856700.0
2015-07-10,66.21962594369806,66.39319134990858,65.96340493913668,66.27748107910156,555800.0
2015-07-13,66.79818917376875,66.98002143328964,66.69074570484183,66.94696044921875,512800.0
2015-07-14,67.00482785771374,67.25278213075543,66.87259020296683,67.14533233642578,630900.0
2015-07-15,67.21971166894389,67.21971166894389,66.74033683833778,66.91390228271484,914000.0
2015-07-16,67.19490320014576,67.34367445018599,67.14530857964111,67.32714080810547,520600.0
2015-07-17,67.24449596758157,67.24449596758157,66.8643041491344,66.98828125,690800.0
2015-07-20,67.02959873372171,67.02959873372171,66.78991136792709,66.85603332519531,543800.0
2015-07-21,66.81470438656811,66.97174245596909,66.47584039638423,66.60807800292969,493500.0
2015-07-22,66.45104549724914,66.74858799082496,66.45104549724914,66.6246109008789,1236000.0
2015-07-23,66.72377664300669,66.78163176264393,66.17828011008265,66.3105239868164,736100.0
2015-07-24,66.28575420328467,66.28575420328467,65.45924850845199,65.57495880126953,994400.0
2015-07-27,65.32701683530371,65.44272713867618,65.01294691268396,65.1782455444336,989000.0
2015-07-28,65.4510074659985,66.0708869215626,65.12040382854967,65.99649810791016,899800.0
2015-07-29,66.02953564595794,66.59982656032406,65.95515316446895,66.55023193359375,795000.0
2015-07-30,66.29402958947524,66.62463317126215,66.13699146933521,66.58330535888672,491700.0
2015-07-31,66.78991230322048,66.89736206172024,66.51717026070932,66.591552734375,528500.0
2015-08-03,66.60808446774097,66.60808446774097,66.03779988144956,66.33534240722656,1686600.0
2015-08-04,66.36841322145318,66.58330017300004,66.11219215501139,66.2609634399414,825300.0
2015-08-05,66.60810380886048,66.95524106022415,66.3684226600288,66.49239349365234,539500.0
2015-08-06,66.48413628830006,66.49239680712711,65.71548555283415,66.04608917236328,535200.0
2015-08-07,65.94688490111886,66.01300686482242,65.67413653014489,65.93035125732422,870100.0
2015-08-10,66.35189813595755,66.88912827657954,66.35189813595755,66.86433410644531,702100.0
2015-08-11,66.34357865026473,66.50888349618191,66.03777572035439,66.3105239868164,728900.0
2015-08-12,65.83119194218021,66.51719330822876,65.36834438018619,66.42627716064453,915000.0
2015-08-13,66.41802301744912,66.54200017925609,66.14527452262188,66.31884002685547,374600.0
2015-08-14,66.21138027046322,66.59983900613243,66.21138027046322,66.58330535888672,436400.0
2015-08-17,66.32707226582744,66.95521826722235,66.17003418904443,66.92215728759766,730800.0
2015-08-18,66.86432657247532,66.98830371491738,66.6907610953522,66.78167724609375,256400.0
2015-08-19,66.45933280756981,66.74860856947002,65.93036330700255,66.26923370361328,854700.0
2015-08-20,65.8146462525941,65.90556238354432,64.87243026432638,64.89722442626953,5048100.0
2015-08-21,64.37654669145854,64.5666458307942,63.10372679647584,63.12852096557617,3150300.0
2015-08-24,59.00424289954302,62.45903706448762,59.00424289954302,60.607666015625,6327800.0
2015-08-25,62.409442563793036,62.459030884294855,59.73155975341797,59.73155975341797,4330600.0
2015-08-26,61.40111577574067,61.773040858218,59.98779163429257,61.690391540527344,2139700.0
2015-08-27,62.49207081238105,63.417759086213486,62.11187910323616,63.27724838256836,1520300.0
2015-08-28,63.00453279121438,63.59135108623576,63.00453279121438,63.41778564453125,834800.0
2015-08-31,63.1532952337734,63.43430410795378,62.71524197373307,62.95492935180664,2712000.0
2015-09-01,61.508542106346056,62.087099780325815,60.83080780108866,61.16141128540039,3138200.0
2015-09-02,61.855688252912536,62.153230831939766,61.23580893089556,62.13670349121094,1539700.0
2015-09-03,62.384664368941394,63.08719308070364,62.18629842469336,62.40119171142578,1290100.0
2015-09-04,61.781317741662235,61.87223389764761,61.177965643372005,61.450714111328125,1090300.0
2015-09-08,62.450749346883214,63.05410109568244,62.24412298583001,63.004512786865234,980000.0
2015-09-09,63.55830423893315,63.632686742321226,62.095385281572334,62.20283508300781,1243200.0
2015-09-10,62.144940299840734,62.872262749661104,61.99616908218026,62.42594909667969,1056600.0
2015-09-11,62.25241938379136,62.665672302246094,61.95487677804483,62.665672302246094,687200.0
2015-09-14,62.690467497946806,62.690467497946806,62.26068723022118,62.40119171142578,792100.0
2015-09-15,62.632606569287354,63.26901954672979,62.43424694905663,63.145042419433594,595400.0
2015-09-16,63.18634771940318,63.855821512808284,63.15329304595774,63.78969955444336,809700.0
2015-09-17,63.71534800808012,64.66583122136292,63.55831614737024,63.67402648925781,1668900.0
2015-09-18,62.82909318498993,63.31048011444668,62.4390103271945,62.555206298828125,866900.0
2015-09-21,62.945280480888826,63.3187729086947,62.57179438528762,62.8207893371582,639400.0
2015-09-22,61.98251678671252,62.165112251356405,61.50112989487048,61.8746223449707,672900.0
2015-09-23,61.87463663485896,62.04893061894341,61.44304610380618,61.617340087890625,631700.0
2015-09-24,61.20231899165563,61.567509804731095,60.646237586074754,61.38491439819336,919100.0
2015-09-25,61.85799460187873,61.982492035530484,61.07781659438341,61.42641067504883,902400.0
2015-09-28,61.10273265396697,61.10273265396697,59.625372539121436,59.724971771240234,1080500.0
2015-09-29,59.73329295827256,60.23957814022102,59.43450149573884,59.77478790283203,1706300.0
2015-09-30,60.44705101879832,61.05292892456055,60.156561178213444,61.05292892456055,1129700.0
2015-10-01,61.08614700678477,61.21064449932619,60.24787064469171,60.9201545715332,826000.0
2015-10-02,60.30599638158121,61.93274688720703,60.03210306715137,61.93274688720703,899900.0
2015-10-05,62.306190191724475,63.27725891071505,62.306190191724475,63.20256423950195,943000.0
2015-10-06,63.12786053446866,63.360252389012935,62.779272752652254,63.01996612548828,563700.0
2015-10-07,63.401793339542394,63.80847933959154,62.97850429251576,63.66738510131836,770400.0
2015-10-08,63.54284340282477,64.58031149042158,63.468148739975085,64.43091583251953,1014100.0
2015-10-09,64.5139364020822,64.63013235383889,64.19854196256736,64.41433715820312,1683900.0
2015-10-12,64.4143346526025,64.4143346526025,64.14044149174234,64.31473541259766,536900.0
2015-10-13,64.00763091171967,64.48901127308703,63.72543631017095,63.79183578491211,933300.0
2015-10-14,63.825053105285384,64.05744499869807,63.46816374548612,63.56775665283203,692500.0
2015-10-15,63.692265894749546,64.40604474631267,63.476477000801886,64.39774322509766,583300.0
2015-10-16,64.4890365600586,64.51394112200376,64.08235069915652,64.4890365600586,545400.0
2015-10-19,64.30645182055386,64.44754602018241,64.09895811561587,64.39774322509766,522800.0
2015-10-20,64.24834945109966,64.73803152187084,64.24834945109966,64.4890365600586,460800.0
2015-10-21,64.62185330151415,64.73804929366985,63.94127406222794,63.98276901245117,548800.0
2015-10-22,64.32307177478744,65.11154560559532,64.28987201013554,64.97045135498047,805800.0
2015-10-23,65.31070180364601,65.31070180364601,64.8210135081218,65.22769927978516,1290600.0
2015-10-26,65.15303010697326,65.21942961916841,64.88743839039869,64.9870376586914,652700.0
2015-10-27,64.75463470693892,64.76293622841752,64.33964728388644,64.67163848876953,903500.0
2015-10-28,64.73802783045325,65.45180659259616,64.58863212832556,65.4352035522461,832200.0
2015-10-29,65.26920716905599,65.48500235503938,65.1364145153614,65.35220336914062,639400.0
2015-10-30,65.45179922317057,65.72569236826692,65.22770252910851,65.31900024414062,754100.0
2015-11-02,65.49329502114897,66.24856857168469,65.36879757174982,66.17387390136719,2163900.0
2015-11-03,66.00790606605761,66.53908952189397,65.98300783097251,66.28179931640625,1200500.0
2015-11-04,66.42287676027944,66.47267321787255,65.84189698101083,66.05768585205078,879100.0
2015-11-05,66.04938182127961,66.1904759870403,65.60119476633048,65.95808410644531,657000.0
2015-11-06,66.01618998846382,66.01618998846382,65.34391249157133,65.8418960571289,541400.0
2015-11-09,65.70078597633643,65.71738268055033,64.84590690254882,65.21109771728516,579400.0
2015-11-10,65.02019547190596,65.42688751220703,64.95380232827945,65.42688751220703,917800.0
2015-11-11,65.5265245630539,65.5265245630539,64.99534106277295,65.0368423461914,409000.0
2015-11-12,64.63844525870253,64.79614252168386,64.02426558361626,64.04916381835938,754200.0
2015-11-13,63.86656041971965,63.991057910239874,63.318780326518215,63.36027526855469,666100.0
2015-11-16,63.293873437408145,64.372836765855,63.28557191725418,64.34793853759766,702800.0
2015-11-17,64.47243215433484,64.79612176672617,64.08234304909294,64.20684051513672,1070200.0
2015-11-18,64.46412418501211,65.30240028481921,64.42262925528522,65.22769927978516,553400.0
2015-11-19,65.19451566606152,65.35220655424655,65.03681844567201,65.16131591796875,594200.0
2015-11-20,65.4186055032008,65.62609917789152,65.22770853631539,65.39370727539062,808000.0
2015-11-23,65.43520221100611,65.69249867352161,65.23601005632025,65.39370727539062,586500.0
2015-11-24,65.1032044686377,65.72568536909345,64.92060905801817,65.60948944091797,579400.0
2015-11-25,65.60120451823363,65.75060022542499,65.44350729058587,65.6510009765625,337900.0
2015-11-27,65.59290577162476,65.73399996432642,65.44351005811562,65.63440704345703,219100.0
2015-11-30,65.6426795846986,65.7505803213537,65.43518596153463,65.5181884765625,557600.0
2015-12-01,65.70080950487979,66.14069514441356,65.65930823117817,66.12409210205078,2974300.0
2015-12-02,66.04109808059842,66.09089454493024,65.16962196155833,65.25262451171875,844200.0
2015-12-03,65.38539499081672,65.43519143823895,64.05743695786224,64.32302856445312,895200.0
2015-12-04,64.44753603115697,65.4684013551882,64.39773324379138,65.34391021728516,921900.0
2015-12-07,65.14471165627064,65.19451444357817,64.56373190605261,64.8210220336914,575200.0
2015-12-08,64.22345481487676,64.73804152712238,64.0325641358962,64.36455535888672,949800.0
2015-12-09,64.14045700610731,64.99533010992953,63.6009720736139,63.91636657714844,1287900.0
2015-12-10,63.949539061029995,64.48072224527809,63.83334313523841,64.00763702392578,676800.0
2015-12-11,63.21088629671156,63.4847731790213,62.65479834633679,62.762699127197266,1077500.0
2015-12-14,62.712891938010436,63.086384385876876,62.0821156685469,62.8539924621582,1528900.0
2015-12-15,63.34369685056271,63.80848086170604,63.302195564336095,63.50968933105469,1073900.0
2015-12-16,63.85825489501957,64.51393566224417,63.65076122180436,64.42263793945312,1718300.0
2015-12-17,64.48903346894338,64.5388362582416,63.33536911010742,63.33536911010742,1176600.0
2015-12-18,63.082782154232596,63.10779083012885,62.34082842127171,62.36583709716797,1695500.0
2015-12-21,62.67429109967478,62.974407925395006,62.43252997005051,62.857696533203125,820200.0
2015-12-22,63.13280101771664,63.70801960003569,62.83268420942257,63.54962921142578,1079100.0
2015-12-23,63.88310130457966,64.65007019042969,63.88310130457966,64.65007019042969,894600.0
2015-12-24,64.50831779477099,64.75007886848033,64.424953442528,64.53333282470703,576100.0
2015-12-28,64.25821636902324,64.28322503540976,63.83304995957775,64.23320770263672,796700.0
2015-12-29,64.65005397344804,64.99184977745625,64.63337728430032,64.90848541259766,937700.0
2015-12-30,64.7834523798073,64.88349345959412,64.3332770612091,64.38330078125,740700.0
2015-12-31,64.23322826389766,64.46665103861328,63.89142608642578,63.89142608642578,1114300.0
2016-01-04,62.85769767410322,63.19949351164211,62.390845736568245,63.182823181152344,3957900.0
2016-01-05,63.29953490604258,63.42458464639777,62.891045023823374,63.332881927490234,1367300.0
2016-01-06,62.365813429626115,62.61591281426507,61.74890967055266,62.174076080322266,2094600.0
2016-01-07,61.031967474032555,61.72390362196048,60.59013072135072,60.76519775390625,2613100.0
2016-01-08,61.056998080516976,61.24874186714199,59.95657179455399,60.02326583862305,2007800.0
2016-01-11,60.24833677800313,60.44841886534755,59.197934440762,59.83150863647461,3731800.0
2016-01-12,60.28169991798313,60.56514643739698,59.29798498641927,60.11497116088867,2219200.0
2016-01-13,60.30669815002911,60.50678025624029,58.43097133627901,58.60604476928711,2761200.0
2016-01-14,58.76443027516485,59.78983031342891,58.08917071355971,59.406349182128906,2812000.0
2016-01-15,57.85575481227778,58.447650086701856,57.43058827195018,58.2725830078125,2788600.0
2016-01-19,58.772751583901226,58.956156932731574,57.522267507648,58.09749221801758,2835900.0
2016-01-20,57.288872471361564,58.03916455116691,55.80496500257653,57.48060989379883,3984000.0
2016-01-21,57.69734705896648,58.67272332402899,57.23050160429566,58.005802154541016,1671100.0
2016-01-22,58.84780189004672,59.38967981903901,58.631055806684635,59.147918701171875,1068100.0
2016-01-25,58.922845880515986,59.00621026440794,57.972477911499176,58.02249526977539,1235700.0
2016-01-26,58.33093370416798,59.164590023826705,58.230892656103464,59.08955764770508,775400.0
2016-01-27,58.92283169272513,59.739817722855,58.28091909499637,58.63938522338867,1400100.0
2016-01-28,59.11455790123099,59.247939571678465,58.24755478230257,58.681053161621094,1169800.0
2016-01-29,58.99785493107156,60.34004211425781,58.96451427535017,60.34004211425781,1000400.0
2016-02-01,59.881534474857524,60.62348808442564,59.64811172492053,60.315032958984375,3406400.0
2016-02-02,59.756488617942644,59.756488617942644,58.88114688881266,59.064552307128906,1211800.0
2016-02-03,59.448022964143945,59.80649539286159,58.180868309311904,59.639766693115234,2214400.0
2016-02-04,59.50637598406877,60.47342020817137,59.50637598406877,59.98155975341797,1521100.0
2016-02-05,59.781503072010366,59.7981797627208,58.78111787937861,58.96452331542969,1297900.0
2016-02-08,58.23922403499433,58.23922403499433,56.93872236715548,57.722354888916016,2050200.0
2016-02-09,57.04709831639293,58.00580429064753,57.030427989666066,57.54729080200195,2052100.0
2016-02-10,57.83074980689404,58.472662470210395,57.53063297824657,57.580650329589844,1236800.0
2016-02-11,56.61361980072394,57.12214444868062,56.146767804117566,56.763671875,2591000.0
2016-02-12,57.2805334353038,58.00581683041972,56.99709329762483,57.99747848510742,1333900.0
2016-02-16,58.57270824519239,59.15626525878906,58.30593841607756,59.15626525878906,1481000.0
2016-02-17,59.55641068160351,60.40673734582981,59.55641068160351,60.24834060668945,880600.0
2016-02-18,60.32336290727133,60.32336290727133,59.864849454929725,60.123287200927734,1129400.0
2016-02-19,59.77312629916495,59.96486995730133,59.4063220231712,59.93986129760742,819400.0
2016-02-22,60.523447362179745,61.006969552670135,60.523447362179745,60.990299224853516,693700.0
2016-02-23,60.75687265798681,60.91526940019696,60.223333101407924,60.265018463134766,590500.0
2016-02-24,59.73981946381858,60.715195905541385,59.34799994612819,60.62349319458008,1093400.0
2016-02-25,60.731880363065656,61.30710543649642,60.465110512834485,61.29876708984375,943200.0
2016-02-26,61.615541459679505,61.76559349090033,61.28207766072745,61.407127380371094,976400.0
2016-02-29,61.35710910983582,61.7489286312802,60.94028091430664,60.94028091430664,1034700.0
2016-03-01,61.44880133614902,62.349151611328125,61.20704026076061,62.349151611328125,2011700.0
2016-03-02,62.17408942948979,62.81600199279149,62.02403103854625,62.79933166503906,2157300.0
2016-03-03,62.70763618323607,63.407904514755295,62.640942143959855,63.37455749511719,1749800.0
2016-03-04,63.432900410311355,64.05814259190471,63.19114569715255,63.699676513671875,1689000.0
2016-03-07,63.39122902224269,64.17486801918125,63.36622034962433,64.00813293457031,1198900.0
2016-03-08,63.64133505421914,63.64133505421914,62.899381267583266,62.95773696899414,1358800.0
2016-03-09,63.19112974497862,63.45789942070255,62.941030391360215,63.29116439819336,871500.0
2016-03-10,63.41623962658055,63.791382447869374,62.65761563944507,63.38289260864258,1391200.0
2016-03-11,63.92478400894266,64.61672046650703,63.89143698396785,64.57503509521484,1308300.0
2016-03-14,64.35827240979793,64.62504220700863,64.21655234634399,64.48332214355469,803700.0
2016-03-15,64.04982969695956,64.11652374267578,63.81640689724706,64.11652374267578,534900.0
2016-03-16,63.94978169092601,64.841793784656,63.94978169092601,64.72508239746094,844500.0
2016-03-17,64.75010754388218,65.51707010064456,64.56670207154875,65.32533264160156,989600.0
2016-03-18,65.49456973767789,65.80460901441585,65.44428808740685,65.6286392211914,1183000.0
2016-03-21,65.55323181946328,65.7627205993639,65.35211798773372,65.64540100097656,811900.0
2016-03-22,65.32699311488881,65.77948973501401,65.1845422510785,65.59513854980469,1498000.0
2016-03-23,65.46105731438786,65.46105731438786,64.87448488522833,64.92476654052734,669200.0
2016-03-24,64.5141362697407,64.84931945800781,64.26275367335606,64.84931945800781,982300.0
2016-03-28,65.00020020144932,65.11751344614483,64.66501676242258,64.94154357910156,634300.0
2016-03-29,64.77391913985932,65.61187407624513,64.58956803096022,65.6034927368164,749100.0
2016-03-30,65.93870237700193,66.11467221689101,65.61190033248059,65.80462646484375,797300.0
2016-03-31,65.75435119433011,65.96384001225874,65.69569458103376,65.80462646484375,1901200.0
2016-04-01,65.42755067155456,66.1230550975959,65.10912356931846,66.06439208984375,3030700.0
2016-04-04,66.05603218438463,66.123070157291,65.56163512556648,65.63705444335938,641400.0
2016-04-05,65.21807008679427,65.27672670886413,64.83261137132206,64.89964294433594,929700.0
2016-04-06,64.92476727890944,65.61189024030094,64.79069138737432,65.58674621582031,533600.0
2016-04-07,65.25155649869082,65.39400731074112,64.48901439932314,64.76554107666016,647200.0
2016-04-08,65.22643064280416,65.47781976367678,64.88287233024188,65.05046081542969,536100.0
2016-04-11,65.29346491162285,65.66216722995064,64.94990661843694,64.97504425048828,696900.0
2016-04-12,65.0504657333378,65.7962454170601,64.89963352802928,65.6789321899414,585600.0
2016-04-13,65.99734601877981,66.51687409355311,65.92192673474135,66.50849914550781,1003400.0
2016-04-14,66.55038996311664,66.55038996311664,66.22358799805906,66.37442016601562,622500.0
2016-04-15,66.33254363867934,66.41633788882557,66.13981110956068,66.35768127441406,656700.0
2016-04-18,66.13979240446847,66.84367157834141,65.99734158019746,66.83529663085938,543100.0
2016-04-19,66.98615781762507,67.29619722911795,66.8353255874339,67.12860870361328,691200.0
2016-04-20,67.20401368293582,67.5391970874403,66.94424958116339,67.2542953491211,681100.0
2016-04-21,67.25427721579727,67.35482773487367,66.73474275923935,66.8017807006836,633600.0
2016-04-22,66.93587887166721,67.32133761050089,66.86884729459076,67.22078704833984,748000.0
2016-04-25,66.98613370480686,67.08668422667778,66.65933172254607,66.93585205078125,726200.0
2016-04-26,67.06156372661003,67.4051284790039,66.99452576617828,67.4051284790039,1199600.0
2016-04-27,67.34646791472126,67.96655302964227,67.3213238862142,67.84085845947266,895300.0
2016-04-28,67.32967514922348,67.84920949037769,66.90231635880774,67.03639221191406,933500.0
2016-04-29,66.8520767353242,66.89397706002039,66.06439666129806,66.6258316040039,831700.0
2016-05-02,66.80179080360813,67.09507385041957,66.47498878100525,67.01966094970703,734400.0
2016-05-03,66.51688566968764,66.51688566968764,65.97221986980838,66.2655029296875,1243200.0
2016-05-04,65.93032562216426,66.23199005242094,65.62866119190758,65.83815002441406,1157100.0
2016-05-05,65.99734278251384,66.2487254664382,65.68729710660834,65.82137298583984,599900.0
2016-05-06,65.55326464621933,66.0895556798733,65.46108902545755,66.03089904785156,585100.0
2016-05-09,65.95545440802768,66.18170589690341,65.79624087089964,66.00572967529297,481400.0
2016-05-10,66.24036533237286,66.83531279506082,66.18170872036394,66.81855010986328,474600.0
2016-05-11,66.61744628110036,66.81017881286132,66.148193359375,66.148193359375,519800.0
2016-05-12,66.46659197826412,66.592286509972,65.72081252137733,66.13140869140625,578200.0
2016-05-13,65.95543929933072,66.20682836425233,65.36887333863295,65.49456787109375,785100.0
2016-05-16,65.58673363812582,66.33251945386094,65.57835869132875,66.16492462158203,1463200.0
2016-05-17,66.00573117431026,66.34091454756994,65.51972199582936,65.71244812011719,918100.0
2016-05-18,65.53649811328863,66.04765147369503,65.15103935501533,65.55326080322266,793300.0
2016-05-19,65.21806091665833,65.50296264291198,64.84935854800875,65.36051177978516,758000.0
2016-05-20,65.5951531601939,65.96385561273578,65.50297754705844,65.84654235839844,462200.0
2016-05-23,65.83814544288329,66.01411528277237,65.74596985154739,65.80462646484375,431500.0
2016-05-24,66.0392375518235,66.79339839950443,66.0392375518235,66.65094757080078,553400.0
2016-05-25,66.86044074984099,67.32969357797484,66.85205940845566,67.17048645019531,752600.0
2016-05-26,67.27942991795457,67.37998685264837,67.05317841316636,67.1202163696289,876700.0
2016-05-27,67.17047649270525,67.50565338134766,67.17047649270525,67.50565338134766,487100.0
2016-05-31,67.63136442211268,67.75705898258433,67.27942476726483,67.53080749511719,705800.0
2016-06-01,67.24591219016804,67.72354645093529,67.11183627474982,67.67327117919922,563400.0
2016-06-02,67.51404096238339,67.96653747558594,67.42186539155936,67.96653747558594,825200.0
2016-06-03,67.75704833509238,67.85760524628613,67.23751388355947,67.7319107055664,764100.0
2016-06-06,67.90790828330623,68.30174835522106,67.82411401958004,68.19281005859375,495700.0
2016-06-07,68.23469454239253,68.62853452285476,68.19279422371275,68.44418334960938,716600.0
2016-06-08,68.53634494701694,68.72069608263372,68.41903175036805,68.63690185546875,701400.0
2016-06-09,68.31850187692895,68.5279907242852,68.16766965110875,68.46095275878906,880200.0
2016-06-10,67.9749512505386,67.9749512505386,67.32134060198447,67.54759216308594,497000.0
2016-06-13,67.32132168988107,67.70678673064998,66.92748809273233,66.94424438476562,609100.0
2016-06-14,66.8185507172022,67.05317716737048,66.33254152460701,66.73475646972656,1017000.0
2016-06-15,66.8688281046442,67.22914909953306,66.68447693613024,66.74313354492188,836700.0
2016-06-16,66.39957248320208,66.8772067218722,65.90518195242565,66.81855010986328,1107800.0
2016-06-17,66.78246035007146,67.07643291443549,66.60607681145304,66.93364715576172,602400.0
2016-06-20,67.68955629071569,68.02552759029028,67.41238589607723,67.48797607421875,579300.0
2016-06-21,67.59716379666241,67.7399495023285,67.28638925363718,67.52996826171875,670500.0
2016-06-22,67.65596175491562,67.93313213655443,67.42077737056017,67.46277618408203,794700.0
2016-06-23,68.04229721784351,68.45385849921033,67.90790619888168,68.4454574584961,697300.0
2016-06-24,66.11888280924109,66.93361090936747,65.52253695643424,65.61492919921875,2750900.0
2016-06-27,65.06896753892991,65.08576321335967,63.6578937865048,63.951866149902344,2316800.0
2016-06-28,64.48943424125663,65.22857227100903,64.48943424125663,65.203369140625,2993300.0
2016-06-29,65.73255871652708,66.5724840541485,65.71575662122645,66.45489501953125,1657100.0
2016-06-30,66.61445325857264,67.496377118941,66.34567750053688,67.48797607421875,1035900.0
2016-07-01,67.47960800482191,67.92477387896662,67.26962664099094,67.69799041748047,1242100.0
2016-07-05,67.39557155479356,67.42076827626022,66.5640477058018,66.88321685791016,1360600.0
2016-07-06,66.63964637385497,67.311588936596,66.35407494996751,67.28639221191406,941700.0
2016-07-07,67.38717895962614,67.75674156585504,66.98401217959996,67.27798461914062,762500.0
2016-07-08,67.79873314332073,68.63025692879056,67.79873314332073,68.5378646850586,609100.0
2016-07-11,68.68904404494067,68.97462178806748,68.61345389442067,68.80663299560547,651200.0
2016-07-12,69.17622443634713,69.74737370029835,69.17622443634713,69.62138366699219,1601300.0
2016-07-13,69.76419132416878,69.84818897820587,69.27703953460866,69.57940673828125,638500.0
2016-07-14,70.07493987690019,70.15053004762724,69.78096742165232,69.87335968017578,705700.0
2016-07-15,70.0833552254966,70.0833552254966,69.67178729602564,69.83137512207031,481000.0
2016-07-18,69.8397474680026,70.01613090467058,69.67175866537768,69.95733642578125,421800.0
2016-07-19,69.78934816656886,69.80615025102097,69.5625712914064,69.77255249023438,370200.0
2016-07-20,69.89014480641131,70.19251825989885,69.63817120058366,70.11692810058594,540200.0
2016-07-21,70.07493439144932,70.27651457239408,69.71376642952583,69.85655212402344,372900.0
2016-07-22,69.93217220305073,70.31853701644519,69.81458319063155,70.3017349243164,489400.0
2016-07-25,70.19252143254235,70.22611919646154,69.92374572930697,70.14212799072266,559100.0
2016-07-26,70.12535630566846,70.469728729045,70.01616833168423,70.45292663574219,565000.0
2016-07-27,70.48650391417897,70.49490495838704,69.77256895135203,70.08334350585938,603300.0
2016-07-28,69.98254968997287,70.326922010685,69.81456725574981,70.21772766113281,513400.0
2016-07-29,69.99934192490302,70.39410767482858,69.78936068839954,70.28491973876953,421500.0
2016-08-01,70.2513130197656,70.33530422204016,69.86494836280826,70.0245361328125,650800.0
2016-08-02,69.95733834501036,70.0245338679038,68.99982457219116,69.31059265136719,655300.0
2016-08-03,69.22660351194062,69.73055713240309,69.07541678499008,69.70536041259766,544400.0
2016-08-04,69.67176366086129,69.9153426360439,69.56257573741448,69.74736022949219,688800.0
2016-08-05,69.99933533270439,70.39410104545281,69.99933533270439,70.32691192626953,796700.0
2016-08-08,70.4193117427468,70.63769404576126,70.30172275068965,70.3773193359375,467000.0
2016-08-09,70.3688914175702,70.52847916360982,70.1841069554437,70.26810455322266,547400.0
2016-08-10,70.31852147873232,70.38571701615864,69.9825501997199,70.08334350585938,712300.0
2016-08-11,70.32694027015361,70.67130627215676,70.27654040030575,70.60411071777344,552000.0
2016-08-12,70.52849470870017,70.66287936015542,70.3353091625926,70.53689575195312,858000.0
2016-08-15,70.64610967140445,71.02407345129537,70.562118432331,70.87288665771484,861500.0
2016-08-16,70.70486632226067,70.7300630396796,70.46128737368191,70.46968841552734,581500.0
2016-08-17,70.46970238037105,70.57889031352984,70.07493664093128,70.52009582519531,606200.0
2016-08-18,70.52849465424411,70.9148593380425,70.52849465424411,70.89806365966797,591400.0
2016-08-19,70.68807798924827,70.97364936048255,70.57888365826739,70.92325592041016,680400.0
2016-08-22,70.76367374992446,70.91486049022531,70.60408596624065,70.83926391601562,499300.0
2016-08-23,71.09963860392673,71.30961981279356,71.09963860392673,71.15003204345703,570400.0
2016-08-24,71.06608740158286,71.15007865853417,70.52013461921612,70.65452575683594,774600.0
2016-08-25,70.55368777045527,70.8812579510258,70.49489328697129,70.64608001708984,611300.0
2016-08-26,70.75527406634934,71.16684189448377,70.10853469203883,70.42770385742188,701100.0
2016-08-29,70.47809812863427,70.96524967761104,70.47809812863427,70.82246398925781,589700.0
2016-08-30,70.85607306466426,70.91486755796777,70.46970833608134,70.71328735351562,488500.0
2016-08-31,70.61247861969184,70.61247861969184,70.0665262108004,70.39409637451172,784300.0
2016-09-01,70.42771278735644,70.56210386863287,69.89016127848963,70.3773193359375,980800.0
2016-09-02,70.57046902238156,70.90644017709205,70.5368776742156,70.73005676269531,596900.0
2016-09-06,70.86445833470043,70.90645073021605,70.47809369212095,70.84765625,634000.0
2016-09-07,70.84769037321225,71.04927062988281,70.73850240254085,71.04927062988281,592800.0
2016-09-08,70.90645153517556,71.05763825860716,70.7468701774162,70.93164825439453,1255700.0
2016-09-09,70.41932078721847,70.61250638933572,68.98304956423287,69.01664733886719,1333900.0
2016-09-12,68.68907271696774,70.18413834930166,68.57988476237837,69.99095916748047,1076100.0
2016-09-13,69.4449996002881,69.58778531304672,68.57147682698721,68.81505584716797,1470200.0
2016-09-14,68.84863970663805,69.26020108125432,68.4790707288744,68.71424865722656,1055200.0
2016-09-15,68.65548224110455,69.54580728712055,68.55469532096276,69.40301513671875,869900.0
2016-09-16,69.19224673555406,69.20910361457535,68.81289942715539,69.09951782226562,797100.0
2016-09-19,69.37771442478108,69.71490350488958,69.10795930181261,69.25969696044922,1235100.0
2016-09-20,69.57159647739277,69.60531667120057,69.09109497070312,69.09109497070312,788500.0
2016-09-21,69.34397834191522,70.10266646126246,69.19224071804577,70.02679443359375,1297700.0
2016-09-22,70.3724380720352,70.68433861616796,70.25441417552042,70.57475280761719,843800.0
2016-09-23,70.41458621157689,70.54946699482144,70.18698292918886,70.220703125,509100.0
2016-09-26,69.93408230352115,70.03524288752226,69.63903863952149,69.68119049072266,676900.0
2016-09-27,69.62216448703983,70.04365720755165,69.47885850561823,69.99308013916016,630100.0
2016-09-28,70.12798033605931,70.54947317340749,69.70648749871114,70.4820327758789,988000.0
2016-09-29,70.39771194640544,70.63374682733061,69.68117564889167,69.89192199707031,1090900.0
2016-09-30,70.14481677807726,70.70961547197709,70.0183676774286,70.46514892578125,798900.0
2016-10-03,70.2544022366802,70.34713114795333,69.99307881298417,70.17010498046875,830600.0
2016-10-04,70.27127480041574,70.3134266498064,69.51258653166857,69.74019622802734,1684600.0
2016-10-05,69.97624069180095,70.3134362385021,69.84135990053244,70.15326690673828,592700.0
2016-10-06,70.02681949486376,70.24599757032996,69.79921619333867,70.1869888305664,736100.0
2016-10-07,70.25439840940282,70.3808475025656,69.54629377804017,69.8076171875,660100.0
2016-10-10,70.08584003737424,70.42303564915271,70.08584003737424,70.11956024169922,464000.0
2016-10-11,69.908787853953,69.908787853953,68.79604724991142,69.07423400878906,869800.0
2016-10-12,69.09109725287539,69.36085238077874,68.90563939654129,69.1669692993164,772000.0
2016-10-13,68.68645164766777,69.12480121577552,68.2396639934741,68.91405487060547,632900.0
2016-10-14,69.27657903661556,69.50418239161131,68.86351776123047,68.86351776123047,941600.0
2016-10-17,68.88034081347337,68.99835826275388,68.57686553490386,68.62744903564453,560600.0
2016-10-18,69.24282380408647,69.29340087261889,68.92249165093365,69.09951782226562,525100.0
2016-10-19,69.22596020259107,69.5462923246367,69.0236390851716,69.43670654296875,578100.0
2016-10-20,69.28499248211757,69.52102743457321,69.03209421507506,69.30184936523438,610300.0
2016-10-21,68.94778998673247,69.33556257403279,68.79605232809587,69.25969696044922,470000.0
2016-10-24,69.58845117192423,69.76547734388951,69.35240984450199,69.4788589477539,404600.0
2016-10-25,69.35242727251456,69.3692905873024,69.01523815439977,69.08267211914062,766200.0
2016-10-26,68.82975693890067,69.2175294384068,68.76231656556013,69.04893493652344,535100.0
2016-10-27,69.25126828764958,69.29341370874423,68.60216577438877,68.64431762695312,447700.0
2016-10-28,68.62746192051466,69.12482034565224,68.38299532068658,68.6358871459961,729400.0
2016-10-31,68.82977303970364,68.93935884841557,68.6611720669128,68.74547576904297,605400.0
2016-11-01,68.91407146501642,68.91407146501642,67.71703347975783,68.18067169189453,1802400.0
2016-11-02,68.0626435391491,68.2312444882952,67.53999667546765,67.69173431396484,848400.0
2016-11-03,67.8181930994559,67.94464223349145,67.35455484995234,67.47257232666016,731800.0
2016-11-04,67.52316349889989,67.99523993571758,67.38828911086017,67.48101806640625,891800.0
2016-11-07,68.59373322831495,68.95621725468497,68.38298685092467,68.9393539428711,1131500.0
2016-11-08,68.85504007435398,69.41140703213685,68.61057356375616,69.2006607055664,931800.0
2016-11-09,68.62746564740785,70.27971676874274,68.18067784530504,70.01838684082031,2302300.0
2016-11-10,70.42300697760085,70.95408550868902,70.00151424234932,70.5325927734375,3215400.0
2016-11-11,70.35556659640811,70.59160149911396,70.02680277742941,70.5325927734375,1771600.0
2016-11-14,70.80234969027546,71.19855390065125,70.70962077161437,71.12268829345703,2660400.0
2016-11-15,71.291302762389,71.64535522460938,71.09741321509458,71.64535522460938,1617300.0
2016-11-16,71.47677927311372,71.4852109334025,71.15644692833635,71.3334732055664,1455800.0
2016-11-17,71.43459702549758,71.74650400881974,71.33344287093769,71.71278381347656,1636100.0
2016-11-18,71.7718080402744,71.7718080402744,71.47676430666988,71.54420471191406,1209900.0
2016-11-21,71.80551058338641,72.12584278230874,71.75493350762747,72.1089859008789,2311700.0
2016-11-22,72.29442007550426,72.37871731798259,71.9909448574084,72.32814025878906,1528700.0
2016-11-23,72.21012154096906,72.53045362924193,72.10052933938755,72.50516510009766,1265400.0
2016-11-25,72.65691658931776,72.7665023803711,72.5388991431162,72.7665023803711,670000.0
2016-11-28,72.64849596645836,72.69907304209146,72.23543484202604,72.27758026123047,1302800.0
2016-11-29,72.31970860510103,72.51359161965445,72.10896228317152,72.32814025878906,1262100.0
2016-11-30,72.6569157723911,72.72434971841348,72.33657719504421,72.34500885009766,2193000.0
2016-12-01,72.53889909691478,72.63162800908101,71.96566874510005,72.1258316040039,2467800.0
2016-12-02,72.13427616805525,72.37874275919985,72.02469035746061,72.14270782470703,1186200.0
2016-12-05,72.47989049670262,72.83394283568194,72.47989049670262,72.68220520019531,1661300.0
2016-12-06,72.81705932728954,73.0615258072892,72.55573597311981,73.0531005859375,1447600.0
2016-12-07,73.07843018322971,74.13216227639442,73.03627832691501,74.09844207763672,1608200.0
2016-12-08,74.140556164284,74.62948919240002,73.98039332722142,74.40188598632812,1743600.0
2016-12-09,74.51147981641085,74.61264038085938,74.31759677388654,74.61264038085938,1869700.0
2016-12-12,74.59580098822796,74.6716730437578,74.08157920914583,74.22489166259766,1359700.0
2016-12-13,74.50306874296498,74.71381515351685,74.25017690918479,74.53678894042969,1563300.0
2016-12-14,74.43561373504544,74.63792843116514,73.5841966763172,73.76122283935547,2074700.0
2016-12-15,73.76122905109479,74.36817962203594,73.62634828801063,74.02255249023438,1707200.0
2016-12-16,74.14666735947777,74.22266661251126,73.6569208803001,73.81735229492188,1448400.0
2016-12-19,73.91024006594122,74.13823139319734,73.7413628505501,73.92713165283203,1233300.0
2016-12-20,74.09600426078772,74.2902188444384,74.02845080193076,74.1719970703125,1205800.0
2016-12-21,74.17200527532925,74.2226735962032,73.98624290630192,74.00312805175781,1193100.0
2016-12-22,73.92711077943902,73.92711077943902,73.53868169765771,73.70756530761719,1172300.0
2016-12-23,73.69071255349627,73.8595962524414,73.69071255349627,73.8595962524414,410100.0
2016-12-27,73.88493893572209,74.2226999450222,73.88493893572209,74.10448455810547,1009000.0
2016-12-28,74.20580498332905,74.20580498332905,73.31074382522513,73.34452056884766,839900.0
2016-12-29,73.36983489990234,73.55560372662751,73.20939701459359,73.36983489990234,847200.0
2016-12-30,73.58937485122469,73.58937485122469,72.92229886169312,73.15872955322266,1303200.0
2017-01-03,73.69071045481196,74.02847140082854,73.29384826866576,73.74137878417969,2197200.0
2017-01-04,73.89337578631553,74.55200613146997,73.89337578631553,74.45912170410156,1862200.0
2017-01-05,74.38309388656904,74.39153967915874,73.94400930568716,74.25643920898438,1281700.0
2017-01-06,74.36623727673314,74.64489055883838,74.07069884522214,74.45912170410156,993000.0
2017-01-09,74.43377063401205,74.43377063401205,74.02845629305811,74.05378723144531,1332700.0
2017-01-10,74.12980657464371,74.44223659799688,74.01159120197055,74.1213607788086,1223500.0
2017-01-11,74.1129065930286,74.34934375386372,73.88492166932639,74.31556701660156,1489400.0
2017-01-12,74.21422706423327,74.25644959083277,73.59781940630029,74.19734191894531,1093000.0
2017-01-13,74.19735025251633,74.4591119085247,74.19735025251633,74.3493423461914,1001700.0
2017-01-17,74.18894338031987,74.41692841931577,74.00317445256024,74.15516662597656,1137500.0
2017-01-18,74.27333410900924,74.38310365808681,73.9862415457665,74.37466430664062,929200.0
2017-01-19,74.36621988046424,74.48443522541488,73.80891988887596,74.00312805175781,751000.0
2017-01-20,74.2817611694336,74.47596927976639,73.99466223634194,74.2817611694336,827400.0
2017-01-23,74.22267848311944,74.28178615948649,73.7751480131613,74.06224060058594,1180200.0
2017-01-24,74.23956092040846,74.9235285131278,74.22267577445703,74.79686737060547,1876500.0
2017-01-25,75.13464778949799,75.3879636980995,75.07554009993214,75.36263275146484,1293400.0
2017-01-26,75.36259654492407,75.42170420609276,75.09238917354551,75.15994262695312,943800.0
2017-01-27,75.24441397406596,75.24441397406596,74.85599111128202,74.9319839477539,910100.0
2017-01-30,74.67864928960124,74.68708864114149,74.02001910328912,74.509765625,1420000.0
2017-01-31,74.37468245952417,74.62799835205078,74.10447497547635,74.62799835205078,903500.0
2017-02-01,74.78000005006196,74.88133028541426,74.17203152245895,74.44224548339844,1089800.0
2017-02-02,74.29027556796571,74.70402954544022,74.18894530231064,74.60269927978516,826300.0
2017-02-03,74.88975951949894,75.19374371607073,74.82220604420431,75.11774444580078,794700.0
2017-02-06,75.02484675571736,75.13462274421492,74.78841607626548,74.91507720947266,766700.0
2017-02-07,75.00797212196781,75.1008565365189,74.71243373123879,74.8390884399414,830700.0
2017-02-08,74.83910431493412,75.03331897989818,74.56889680862876,74.99954223632812,657200.0
2017-02-09,75.10085164157144,75.61593556423561,75.06707490736767,75.46394348144531,1169100.0
2017-02-10,75.69193192521685,75.97058516374278,75.64970939492372,75.88614654541016,947200.0
2017-02-13,76.11413790180464,76.34212927708002,76.05503021974327,76.22390747070312,856300.0
2017-02-14,76.13103627041181,76.4603514486813,76.00437509978785,76.42657470703125,772800.0
2017-02-15,76.34211827340985,76.90786406906042,76.31678089138916,76.79808807373047,794600.0
2017-02-16,76.83188204603915,76.92476647419551,76.3674663475121,76.60389709472656,791400.0
2017-02-17,76.41812132247871,76.76432805832108,76.30835175470763,76.7558822631836,668200.0
2017-02-21,76.87409561176095,77.36384864083732,76.87409561176095,77.29629516601562,961000.0
2017-02-22,77.12741218630754,77.24563398945669,77.00075747267272,77.11052703857422,671100.0
2017-02-23,77.33852648258382,77.35541807574184,76.77278051463881,76.9754409790039,1023100.0
2017-02-24,76.67141674492201,77.1865005493164,76.58697170767557,77.1865005493164,809800.0
2017-02-27,77.18653040383991,77.41451534273143,77.04297765034815,77.36385345458984,713400.0
2017-02-28,77.18654085468785,77.21187180218838,76.88255660017094,76.96699523925781,720000.0
2017-03-01,77.55805838123864,78.13225004421338,77.55805838123864,77.91270446777344,1166800.0
2017-03-02,77.85358205678055,77.85358205678055,77.3807206975329,77.40605163574219,786700.0
2017-03-03,77.35539862476213,77.46516818366698,77.14429885915416,77.39762115478516,645800.0
2017-03-06,77.08519885807158,77.27940705410677,76.84876812780914,77.05142211914062,512400.0
2017-03-07,76.93320683155174,76.96698357051673,76.64610777147638,76.70521545410156,942300.0
2017-03-08,76.7558920979472,76.94166096125022,76.468793006773,76.52790069580078,848700.0
2017-03-09,76.53631996130737,76.7305345535071,76.11412048824532,76.4603271484375,1001900.0
2017-03-10,76.84032083235005,76.96698199030475,76.39279032419701,76.76432800292969,488000.0
2017-03-13,76.76429705623923,76.94162002898834,76.67141267400139,76.9162826538086,545300.0
2017-03-14,76.66298457562911,76.66298457562911,76.27456181583047,76.55321502685547,1294300.0
2017-03-15,76.7389996594361,77.59184468508121,76.71366871331132,77.38919067382812,881300.0
2017-03-16,77.4651535741581,77.4735993670206,77.09362243748929,77.21183776855469,676300.0
2017-03-17,77.372899234528,77.39832750532923,77.12708183843809,77.18641662597656,539000.0
2017-03-20,77.18642424497705,77.22033076506118,76.80498721129366,76.9660415649414,579300.0
2017-03-21,77.22882497845437,77.22882497845437,75.87259622973396,75.95735931396484,1444000.0
2017-03-22,75.93191628371484,76.20316198076264,75.66067058666705,76.09296417236328,873900.0
2017-03-23,76.07601265539975,76.60155401245109,75.98277134258407,76.12686920166016,787800.0
2017-03-24,76.25401703431857,76.47440617979267,75.83019523679545,76.12686920166016,682500.0
2017-03-27,75.52506527125587,76.10994159355647,75.33858259069572,75.99127197265625,780600.0
2017-03-28,75.96582463404503,76.76260525062361,75.86410507007412,76.6185073852539,764800.0
2017-03-29,76.55917672224956,76.92366376239356,76.45745715278797,76.88127899169922,459000.0
2017-03-30,76.85582439999999,77.14402651462098,76.77106135464294,77.03382873535156,512000.0
2017-03-31,76.98298645019531,77.21184736171945,76.89822338914959,76.98298645019531,591800.0
2017-04-03,77.05081411574378,77.07624239218495,76.22012043895216,76.67784881591797,2521200.0
2017-04-04,76.55918933494354,76.64395242328843,76.36422841144211,76.5846176147461,934000.0
2017-04-05,76.85582953921745,77.2796512613488,76.27943173843857,76.37267303466797,980600.0
2017-04-06,76.46591062831196,76.96602359905405,76.33876282442799,76.779541015625,682000.0
2017-04-07,76.77106573887025,76.96602657463052,76.5506766347513,76.71173095703125,400700.0
2017-04-10,76.78804330149615,77.1610086165343,76.65242366594224,76.88976287841797,489500.0
2017-04-11,76.75411328264371,76.9151611328125,76.28790682082517,76.9151611328125,617200.0
2017-04-12,76.82192770902712,76.83888420046968,76.34724942074219,76.44049072265625,544500.0
2017-04-13,76.32183006197559,76.53374096070375,75.89800826451926,75.90648651123047,605400.0
2017-04-17,76.13535324730877,76.54222504940408,75.98277712989902,76.5252685546875,802300.0
2017-04-18,76.25402930981045,76.49984676798681,76.00821185163407,76.30488586425781,607100.0
2017-04-19,76.56764617464235,76.75412879706377,76.22858744905862,76.33030700683594,656700.0
2017-04-20,76.55067075592235,77.12706850680995,76.44047944582829,76.9575424194336,582100.0
2017-04-21,76.91516357090694,76.94907008438726,76.5506766347513,76.71173095703125,824200.0
2017-04-24,77.5339766889468,77.64416805094116,77.27120918964782,77.4661636352539,698500.0
2017-04-25,77.66960007471657,77.9832306129135,77.59331523589002,77.87303924560547,649900.0
2017-04-26,77.88994598388672,78.27138290002894,77.70346341439303,77.88994598388672,710200.0
2017-04-27,77.95778340351823,78.01711819720084,77.61024642122909,77.85606384277344,662000.0
2017-04-28,77.88148476458076,77.90691950262166,77.42375648494765,77.49156951904297,632900.0
2017-05-01,77.66957537510906,77.66957537510906,77.3389949113034,77.4576644897461,862000.0
2017-05-02,77.55089518698892,77.6187082131093,77.35594082065047,77.52546691894531,512600.0
2017-05-03,77.37289675783406,77.45765981346051,77.0592728053155,77.27965545654297,621900.0
2017-05-04,77.36441553880792,77.42375032216667,76.99145681498419,77.34746551513672,560800.0
2017-05-05,77.52548335411217,77.85606384277344,77.4322420401813,77.85606384277344,453500.0
2017-05-08,77.88150275061943,77.92388752346912,77.54245043585546,77.67807006835938,541000.0
2017-05-09,77.75433744866017,77.81367223219317,77.51699184752177,77.62718963623047,590800.0
2017-05-10,77.66112927425999,77.94084682050119,77.48312484773955,77.92389678955078,744200.0
2017-05-11,77.72045335373929,77.73740338234974,77.13557712805098,77.6017837524414,590400.0
2017-05-12,77.49155051991798,77.55088529345215,77.17792663138242,77.25421142578125,355700.0
2017-05-15,77.4407349894755,77.87303512095575,77.4407349894755,77.720458984375,337700.0
2017-05-16,77.83910697154653,77.85605699667646,77.38985693502386,77.51699829101562,542500.0
2017-05-17,76.94059926659843,77.09317535848542,76.27096657849046,76.32182312011719,1293300.0
2017-05-18,76.22011780770161,76.80499401369056,76.07601993483733,76.49136352539062,949800.0
2017-05-19,76.69480198198735,77.3644347892281,76.51679112061068,77.11014556884766,721500.0
2017-05-22,77.26268183237124,77.58478393216849,77.14401229734044,77.50849914550781,418700.0
2017-05-23,77.66956474919654,77.70347126225673,77.43222562478132,77.52546691894531,399500.0
2017-05-24,77.59329539417998,77.72891500641698,77.50853232815591,77.69501495361328,318800.0
2017-05-25,77.88996689253166,78.16121257542461,77.8306321014928,78.00863647460938,557100.0
2017-05-26,77.9662633153781,78.01711986333285,77.89845027343334,77.99169158935547,592300.0
2017-05-30,77.881494106564,77.97473542287777,77.71196796799771,77.84758758544922,495300.0
2017-05-31,77.94932506948096,77.95780331846075,77.52550315862015,77.92389678955078,527700.0
2017-06-01,78.09340091915082,78.74609009912929,77.94082481563706,78.72913360595703,739700.0
2017-06-02,78.77997491663972,78.94102275536784,78.5934923451598,78.83930969238281,517800.0
2017-06-05,78.77153464249882,78.83086944684298,78.6104802591324,78.66981506347656,369100.0
2017-06-06,78.42396958635612,78.56807388858543,78.26292172752127,78.35616302490234,457300.0
2017-06-07,78.474834101175,78.57654717881594,78.20358844912174,78.43244934082031,555400.0
2017-06-08,78.44942772509845,78.65286040415991,78.27141685553536,78.49180603027344,312900.0
2017-06-09,78.55112922969217,79.00037929364738,78.39008134659957,78.72913360595703,532100.0
2017-06-12,78.66132257378194,78.90713350777514,78.55112477543298,78.83084869384766,310200.0
2017-06-13,79.01733913487065,79.33096313476562,78.91561957254906,79.33096313476562,530800.0
2017-06-14,79.36485734387576,79.3733355895059,78.89865730632258,79.15294647216797,563500.0
2017-06-15,78.68673979433544,79.0342702317651,78.61044852411534,78.98341369628906,442300.0
2017-06-16,79.03532072985648,79.03532072985648,78.65256509239819,79.00129699707031,425300.0
2017-06-19,79.25645406047177,79.5201298190152,79.14588182061595,79.49461364746094,672100.0
2017-06-20,79.40955677478355,79.40955677478355,78.81415781334171,78.84817504882812,355100.0
2017-06-21,78.95875261965267,78.98426879057448,78.44840973313073,78.62702941894531,312300.0
2017-06-22,78.61853364359996,78.89922454451485,78.50796138991964,78.65255737304688,386300.0
2017-06-23,78.70358939525785,78.91623283639466,78.58450958737026,78.8311767578125,285800.0
2017-06-26,79.04382817030562,79.28198781009854,78.95877208314577,79.06083679199219,248700.0
2017-06-27,79.06083704831644,79.18842442415159,78.53348541259766,78.53348541259766,539600.0
2017-06-28,78.88220700946201,79.31600143486727,78.88220700946201,79.14588928222656,334500.0
2017-06-29,79.23093330699358,79.32449692352313,78.14220012122622,78.5844955444336,432000.0
2017-06-30,78.89922421642336,79.12887627753146,78.67807322061948,78.8311767578125,359600.0
2017-07-03,79.22244273809993,79.44359374179632,79.16290283203125,79.16290283203125,390600.0
2017-07-05,79.27346766057656,79.27346766057656,78.81416356500937,79.04381561279297,601100.0
2017-07-06,78.72912214431871,78.77165343724509,78.09119168660818,78.17625427246094,508200.0
2017-07-07,78.27829937674105,78.74611752424389,78.2612907574512,78.67807006835938,377000.0
2017-07-10,78.62704264737911,78.83117853845991,78.52497145715724,78.69508361816406,271400.0
2017-07-11,78.64403803643923,78.72909410263257,78.19323504518883,78.62702941894531,417500.0
2017-07-12,79.03529945363645,79.31599030653805,79.03529945363645,79.17139434814453,1126600.0
2017-07-13,79.25646602484204,79.43508574204792,79.15439483385452,79.40106201171875,594100.0
2017-07-14,79.47760307147664,79.8943823384396,79.36702434498308,79.74978637695312,391200.0
2017-07-17,79.72430394810296,79.987979811747,79.68177265231829,79.8433837890625,358600.0
2017-07-18,79.7413033900837,79.7413033900837,79.46912000075343,79.67325592041016,411200.0
2017-07-19,79.8433692882268,80.24313354492188,79.75830671210618,80.24313354492188,538700.0
2017-07-20,80.3452262230698,80.3452262230698,80.05603415290676,80.20063018798828,311300.0
2017-07-21,80.05602383859,80.23464359233023,79.98797636401342,80.2176284790039,272900.0
2017-07-24,80.17508853540642,80.3026759038048,80.02198499120098,80.15807342529297,383900.0
2017-07-25,80.41324604460404,80.63439704471355,80.28565867956536,80.47278594970703,261900.0
2017-07-26,80.52382357395015,80.52382357395015,80.23463158432705,80.3111801147461,367000.0
2017-07-27,80.31969890819623,80.34521508857271,79.76682453903666,80.22613525390625,552900.0
2017-07-28,80.07299110260938,80.17506226175162,79.96241888055935,80.1240234375,371300.0
2017-07-31,80.31117900704372,80.3452027387707,79.96244711322794,80.09003448486328,494000.0
2017-08-01,80.3026896240843,80.31969824774067,79.92843501000185,80.17510223388672,398200.0
2017-08-02,80.0645102355629,80.0645102355629,79.62221471058628,79.91991424560547,449200.0
2017-08-03,79.84336189914276,79.91991042333102,79.63071845724713,79.71577453613281,616400.0
2017-08-04,79.87740067690248,79.91141792337508,79.68176581818264,79.83486938476562,487300.0
2017-08-07,79.85186678349731,79.97094659750499,79.79232687649349,79.91991424560547,388300.0
2017-08-08,79.86036209563076,80.27714138076338,79.57967122448827,79.72427368164062,477300.0
2017-08-09,79.48608303899427,79.63068545146342,79.34148711588526,79.6136703491211,579900.0
2017-08-10,79.29898016585094,79.35852005871385,78.4484065596026,78.47392272949219,670100.0
2017-08-11,78.36334893246868,78.74611097295323,78.36334893246868,78.49093627929688,928800.0
2017-08-14,78.89071858984875,79.38405294279033,78.89071858984875,79.23094940185547,423500.0
2017-08-15,79.29898527316772,79.29898527316772,78.96725557515285,79.08634185791016,311900.0
2017-08-16,79.2734817148084,79.4521079373069,79.17141700408193,79.29049682617188,322700.0
2017-08-17,79.08635018402165,79.23094616417279,78.07416534423828,78.07416534423828,662400.0
2017-08-18,77.98059439928653,78.33783378357914,77.74243480975812,77.89553833007812,1150600.0
2017-08-21,77.9125689406644,78.05716494807022,77.66590172777941,77.96360778808594,648700.0
2017-08-22,78.15070098962912,78.7716225805581,78.04863630956964,78.70357513427734,658600.0
2017-08-23,78.41438283662927,78.63552730191347,78.38035911365594,78.47392272949219,355600.0
2017-08-24,78.63555541323913,78.78015790990993,78.34636339862539,78.37187957763672,390900.0
2017-08-25,78.63555830049613,78.85670934232094,78.56751731708894,78.6440658569336,379600.0
2017-08-28,78.79715086729003,78.80565842172375,78.38037155111473,78.55048370361328,625700.0
2017-08-29,78.05713699009014,78.56748634532843,78.05713699009014,78.47392272949219,473900.0
2017-08-30,78.42288822226624,78.9417386698207,78.34633970837885,78.84817504882812,301800.0
2017-08-31,79.03532207062851,79.40106909258007,79.03532207062851,79.29049682617188,285000.0
2017-09-01,79.47758197718326,79.72424904626575,79.43505071068759,79.6136703491211,355800.0
2017-09-05,79.41806663089086,79.57117015246654,78.69507381328448,79.06932830810547,626400.0
2017-09-06,79.31602051390338,79.44360790375569,79.18843312405107,79.35004425048828,361200.0
2017-09-07,79.44358161032005,79.48610639995358,79.12886701809397,79.31599426269531,488100.0
2017-09-08,79.14589646026694,79.49462835161701,79.09485761835569,79.3840560913086,500400.0
2017-09-11,79.75831441517094,80.23464022786894,79.75831441517094,80.18360137939453,436700.0
2017-09-12,80.2856856458982,80.50683672028788,80.20913709478167,80.49832916259766,719700.0
2017-09-13,80.43877320947844,80.52382930133714,80.38774085223599,80.50682067871094,398100.0
2017-09-14,80.34522557099945,80.60040038678486,80.27717808820799,80.49832916259766,385000.0
2017-09-15,80.4385077606951,80.6435318609134,80.34453702359534,80.61790466308594,339100.0
2017-09-18,80.75459254621626,80.91690683730572,80.61791197287717,80.74604797363281,526700.0
2017-09-19,80.83148057043186,80.83148057043186,80.54956833389828,80.63499450683594,248300.0
2017-09-20,80.7033239470239,80.78020553395079,80.41286718868236,80.77166748046875,314600.0
2017-09-21,80.68624098388496,80.78021172016847,80.54956042412624,80.60081481933594,452000.0
2017-09-22,80.55809882665217,80.81437730067321,80.55809882665217,80.77166748046875,304700.0
2017-09-25,80.68623532705685,80.9766920872782,80.5239275810725,80.86563873291016,311500.0
2017-09-26,81.00232632714523,81.08775249313388,80.89127296311986,80.95960998535156,265700.0
2017-09-27,81.20732974235021,81.41236030961207,80.8485360260375,81.28421783447266,477300.0
2017-09-28,81.19026224172933,81.34403193701587,81.07920888531059,81.33548736572266,423000.0
2017-09-29,81.31840629804104,81.62594569450371,81.30131715512735,81.61740112304688,518700.0
2017-10-02,81.66011956764619,81.96765899658203,81.53198357025546,81.96765899658203,1314000.0
2017-10-03,82.0359960613325,82.14705594043205,81.85659916155458,82.10433959960938,420600.0
2017-10-04,82.11286927498837,82.36914772063673,82.01889855630476,82.27517700195312,362600.0
2017-10-05,82.38625432260883,82.67670459275718,82.32645535419013,82.59982299804688,441700.0
2017-10-06,82.45458227354221,82.50584318197464,82.28372995902882,82.428955078125,442400.0
2017-10-09,82.48875322489135,82.48875322489135,82.05307787190772,82.13850402832031,509400.0
2017-10-10,82.36064078246646,82.54857577323477,82.24103630819597,82.34355163574219,525600.0
2017-10-11,82.30080548763286,82.37769358485336,82.21537933774142,82.36061096191406,283800.0
2017-10-12,82.20683361543591,82.45456747172904,82.13849009486002,82.38623046875,2808600.0
2017-10-13,82.54001559148251,82.66815156956687,82.42041766687173,82.47167205810547,310000.0
2017-10-16,82.5998221332029,82.60836018745995,82.37770888814529,82.49730682373047,294200.0
2017-10-17,82.48021621902981,82.54855323446897,82.32644652849515,82.48875427246094,305400.0
2017-10-18,82.54856144618725,82.651076755941,82.47167985207095,82.5571060180664,302500.0
2017-10-19,82.21538810800938,82.65961456298828,82.087245610704,82.65961456298828,266400.0
2017-10-20,82.9671643307269,83.22344283980628,82.82193267288972,83.21490478515625,273800.0
2017-10-23,83.34303157470963,83.38574791363716,82.89026705950997,82.9329833984375,346400.0
2017-10-24,82.98422270880313,83.12944780660511,82.9244237557319,83.01839447021484,382100.0
2017-10-25,82.78777097844899,83.07822127141297,82.00183323772445,82.46314239501953,392100.0
2017-10-26,82.64252512958423,82.78775676873788,82.4802173833273,82.62544250488281,355700.0
2017-10-27,82.53148019545547,82.75359344482422,82.23248535068917,82.75359344482422,323200.0
2017-10-30,82.53147820135337,82.61690436670844,82.25811056165794,82.35208129882812,463500.0
2017-10-31,82.43752345181672,82.60837581566135,82.3606418433666,82.50586700439453,509700.0
2017-11-01,82.77921932572735,82.9500716578462,82.45459077006338,82.53147888183594,376200.0
2017-11-02,82.48021615979539,82.6254412791966,82.18121483237191,82.5143814086914,282300.0
2017-11-03,82.42897965527546,82.66817557395244,82.34355347254795,82.6340103149414,412000.0
2017-11-06,82.62543594148795,83.01840145438646,82.61689137101692,82.9756851196289,559800.0
2017-11-07,83.0269310215758,83.17215610535257,82.68521995805675,82.8475341796875,415600.0
2017-11-08,82.7279676010772,83.0098798462257,82.63400337029377,82.95008087158203,264100.0
2017-11-09,82.50585955915837,82.86465340141488,82.23249189111542,82.72796630859375,577900.0
2017-11-10,82.53999427602585,82.7962726836103,82.48873338043185,82.77919006347656,236500.0
2017-11-13,82.55709293485953,82.98423021474501,82.53146574088201,82.9073486328125,237000.0
2017-11-14,82.62544342814512,82.87318385347182,82.4887563586139,82.86463928222656,394400.0
2017-11-15,82.50585886868689,82.64253944276486,82.09580411125444,82.4118881225586,422100.0
2017-11-16,82.5998026832173,83.26613574388834,82.5998026832173,83.12091064453125,313900.0
2017-11-17,83.06966539038967,83.37720478672055,83.06966539038967,83.26615142822266,518900.0
2017-11-20,83.30882395071227,83.44551096237129,83.2233978272231,83.39425659179688,341900.0
2017-11-21,83.60784965488673,83.73598561886426,83.55658875169837,83.70182037353516,390900.0
2017-11-22,83.71037339731728,83.79579956111286,83.63349180518081,83.66766357421875,278300.0
2017-11-24,83.78725339770352,83.87267955323114,83.70182724217592,83.71036529541016,204200.0
2017-11-27,83.71037275738081,83.77017172334041,83.53952043109575,83.62494659423828,320900.0
2017-11-28,83.72745831245183,84.59027099609375,83.70183111636716,84.59027099609375,416500.0
2017-11-29,84.59883353269701,85.1028590605901,84.59883353269701,84.98326110839844,321300.0
2017-11-30,85.19680942998133,86.03399489504666,85.19680942998133,85.64102935791016,477800.0
2017-12-01,85.65811928095638,85.83752269921193,84.19731036052232,85.47018432617188,681200.0
2017-12-04,86.02548132797105,86.33302081875945,85.64960479736328,85.64960479736328,714100.0
2017-12-05,85.76916205406131,85.76916205406131,85.08573983944837,85.10282897949219,482300.0
2017-12-06,85.00032818518008,85.12847068696887,84.87218568339128,84.9490737915039,397400.0
2017-12-07,84.84655220767141,85.37620480099007,84.84655220767141,85.33348846435547,372700.0
2017-12-08,85.6324785146373,85.87167434427857,85.4872534062976,85.8631362915039,327100.0
2017-12-11,85.84606984223826,86.02546676188877,85.7606436687284,85.9400405883789,669700.0
2017-12-12,86.02544420278818,86.14504211785878,85.90584628771757,85.94856262207031,382600.0
2017-12-13,85.99983134960173,86.1792282521219,85.8460616449275,85.87168884277344,472400.0
2017-12-14,85.89732120828303,86.00837456973633,85.3505859375,85.3505859375,411300.0
2017-12-15,85.74363219367947,86.34437564945756,85.60631566229443,86.11265563964844,401100.0
2017-12-18,86.61901391323849,86.85072740686361,86.32721951827385,86.76490783691406,501900.0
2017-12-19,86.90225671764786,86.91941801897698,86.464568236172,86.47315216064453,501200.0
2017-12-20,86.80785124658841,86.80785124658841,86.36157885063763,86.48172760009766,640900.0
2017-12-21,86.6361677302129,86.85071991037451,86.51601903313143,86.65333557128906,427200.0
2017-12-22,86.70480661532281,86.8249552855435,86.52458360999177,86.7391357421875,302000.0
2017-12-26,86.68766237029496,86.97086626429241,86.68766237029496,86.8421401977539,259600.0
2017-12-27,86.93654367829063,86.98803410490603,86.75631408991124,86.8421401977539,645000.0
2017-12-28,86.96229054842638,87.15109751309704,86.75631574281502,87.05669403076172,418300.0
2017-12-29,87.37424348880675,87.37424348880675,86.66193509857803,86.70484161376953,567100.0
2018-01-02,86.97088149512165,87.3656633270186,86.87648454566633,87.34849548339844,1132600.0
2018-01-03,87.49437574044266,87.86340574922879,87.27982356202313,87.79475402832031,553300.0
2018-01-04,88.03504132046034,88.18951913310401,87.94063784897742,88.0951156616211,577300.0
2018-01-05,88.32684091996596,88.56713831674732,88.13803395174833,88.5156478881836,727800.0
2018-01-08,88.51565494460056,88.85893977348883,88.42983537428188,88.80744934082031,558300.0
2018-01-09,88.92760688935375,89.13357518811723,88.71305466842098,88.8503646850586,835100.0
2018-01-10,88.5499833016173,88.7302063619818,88.29251804531748,88.58431243896484,593900.0
2018-01-11,88.80744832375021,89.44252099397153,88.76453526527557,89.4339370727539,361900.0
2018-01-12,89.6227274977307,90.05183181275427,89.45108839076615,90.00891876220703,475600.0
2018-01-16,90.35223246444468,90.4809651097085,89.18506782991739,89.39962005615234,794000.0
2018-01-17,89.75150300851246,90.35224671769312,89.52836682469591,90.14627838134766,403900.0
2018-01-18,90.07759244221002,90.18915722607179,89.74289154301137,89.89736938476562,522900.0
2018-01-19,90.12050244721428,90.48953247070312,89.99176982551107,90.48953247070312,500000.0
2018-01-22,90.45523095436498,91.13321685791016,90.41231788482328,91.13321685791016,422500.0
2018-01-23,91.13319112042994,91.48505331036291,91.00445849577612,91.38207244873047,587900.0
2018-01-24,91.58804956979453,91.85409221820383,91.03021250746615,91.42498779296875,613000.0
2018-01-25,91.72533224384036,91.72533224384036,91.07309842615292,91.34772491455078,482500.0
2018-01-26,91.57945346934456,92.20594872782398,91.46788869076079,92.1973648071289,400400.0
2018-01-29,92.05146104761687,92.18019365382163,91.50220803891473,91.53653717041016,610900.0
2018-01-30,90.88431852104716,91.14177724746897,90.42946887818277,90.52387237548828,1048500.0
2018-01-31,90.78991673504773,90.99588502959027,90.09476964870788,90.50670623779297,548400.0
2018-02-01,90.21490912820133,90.69550394879262,90.0346860704796,90.29214477539062,798900.0
2018-02-02,89.78580302153848,89.88878388248762,88.4212476854434,88.43841552734375,1473400.0
2018-02-05,87.96639679693071,88.54997900831732,85.09139879650488,85.1600570678711,1753800.0
2018-02-06,83.71826820101668,86.57609843126792,83.05744378091276,86.32721710205078,1568400.0
2018-02-07,86.17275459213167,87.46006787939305,85.90670539372015,86.09551239013672,2255100.0
2018-02-08,86.10410032427879,86.11267769897816,83.0660400390625,83.0660400390625,1403400.0
2018-02-09,83.93282430916778,84.78244919846605,81.50409180335355,84.20745086669922,3589600.0
2018-02-12,84.68805068703227,85.7693956855006,84.17312667982344,85.24588775634766,1640700.0
2018-02-13,84.85966198781105,85.63205101891975,84.72235201984275,85.45182800292969,720800.0
2018-02-14,84.96265846202338,86.85071491991222,84.96265846202338,86.74773406982422,1157000.0
2018-02-15,87.26267339474408,87.64886474609375,86.4302097887186,87.64886474609375,946800.0
2018-02-16,87.41714591619014,88.30109990248279,87.40856199515055,87.6917724609375,814400.0
2018-02-20,87.34847856199262,87.83765724857975,86.8592998754055,87.13392639160156,636700.0
2018-02-21,87.16828022585051,88.08656351343788,86.61044311523438,86.61044311523438,700500.0
2018-02-22,86.87647167198875,87.56303471993816,86.45594468459069,86.65333557128906,584800.0
2018-02-23,87.10819807488596,87.98356821892484,86.91939108070149,87.97499084472656,584700.0
2018-02-26,88.24102036760031,88.68728602124841,87.84624514193892,88.63579559326172,889500.0
2018-02-27,88.68729643773081,89.0134199802514,87.47722540462826,87.48580932617188,671600.0
2018-02-28,87.7947557476417,87.99214008898993,86.53318786621094,86.53318786621094,547200.0
2018-03-01,86.52460634739215,87.05669813220364,85.07423145737602,85.6063232421875,984800.0
2018-03-02,85.11713002315254,86.32720075595587,84.80817440039168,86.1727294921875,923500.0
2018-03-05,85.78654436822085,87.40855835362484,85.72647001867303,87.21117401123047,614900.0
2018-03-06,87.46005633857797,87.65744068324832,86.96229369509196,87.59736633300781,556600.0
2018-03-07,86.90221502949043,87.64027503728816,86.83355676187837,87.52012634277344,507800.0
2018-03-08,87.77760542951611,87.88059285487448,87.30559446208916,87.82051849365234,515200.0
2018-03-09,88.28393571314491,89.21079617901675,88.12945787756409,89.18505096435547,492600.0
2018-03-12,89.2623017995443,89.43394094564873,88.9104330381324,89.06491088867188,316800.0
2018-03-13,89.44252193875273,89.60558370554266,88.49849357085989,88.68729400634766,596000.0
2018-03-14,88.99623028574906,89.06488854601284,87.99212778293672,88.15518951416016,904100.0
2018-03-15,88.32685163127272,88.39550990942578,87.73469198814034,87.92349243164062,420600.0
2018-03-16,88.03467140479462,88.55176066297977,88.03467140479462,88.28459930419922,305500.0
2018-03-19,88.04329415852953,88.28460204817291,86.74194766778488,87.29351043701172,947300.0
2018-03-20,87.54343309455184,87.65546701512609,87.19008472365803,87.3883056640625,515500.0
2018-03-21,87.33658705443061,88.09499070386258,87.30212013868014,87.41415405273438,494900.0
2018-03-22,86.7764212602735,87.09528958259766,85.42336781312667,85.4750747680664,847000.0
2018-03-23,85.64744844201626,85.82842938644492,83.76868542228091,83.84625244140625,888000.0
2018-03-26,84.88904692434136,85.85428515489967,84.2771571213156,85.77671813964844,638400.0
2018-03-27,86.0869423650798,86.3196367527432,84.32883402277551,84.7597427368164,1451700.0
2018-03-28,84.88042468271918,85.32857357540537,84.43228236518034,84.65635681152344,865000.0
2018-03-29,85.06138885396383,86.19037430625939,84.98382843117312,85.73361206054688,1132300.0
2018-04-02,85.56123027732781,85.69050420214127,83.05334506658437,83.8548355102539,1341100.0
2018-04-03,84.19095780753625,85.0096818426259,83.76866247772314,84.86317443847656,905700.0
2018-04-04,83.82036599336419,85.98352303205759,83.7686524759037,85.85425567626953,1166600.0
2018-04-05,86.27653358036646,86.67296876382943,85.94042534710124,86.40580749511719,454400.0
2018-04-06,85.69051119300367,86.1817468872552,83.9582562395291,84.57876586914062,737000.0
2018-04-09,85.07862400599713,85.92320146750241,84.69080218885453,84.75112915039062,279600.0
2018-04-10,85.71638710489077,86.25932988536604,85.44922572364618,85.95769500732422,606100.0
2018-04-11,85.30268704134801,86.15588440526605,85.30268704134801,85.6560287475586,509100.0
2018-04-12,86.03525797260009,86.37136633163172,85.85427705428668,86.06111145019531,489300.0
2018-04-13,86.49199362165847,86.62988098472047,85.56122926419665,85.8801040649414,539900.0
2018-04-16,86.35412536450325,86.97463512067928,86.18176446563072,86.70747375488281,720100.0
2018-04-17,87.21593312386572,87.62960843947826,87.0349522280184,87.41415405273438,677600.0
2018-04-18,87.68132408025147,88.05190592519321,87.54343667814233,87.6468505859375,342600.0
2018-04-19,87.52617063907802,87.52617063907802,86.664353262718,87.0349349975586,386000.0
2018-04-20,87.04357489025328,87.13837534931378,86.12143034996635,86.42306518554688,338500.0
2018-04-23,86.49198646014695,86.9056550902262,86.18173170001535,86.53507995605469,274000.0
2018-04-24,86.91430197431772,87.02634246825785,85.16481333196955,85.70775604248047,482400.0
2018-04-25,85.63883412724311,86.1042165118179,85.11312476180576,85.94908905029297,370300.0
2018-04-26,86.15590102223457,86.82811765528437,85.94044663599317,86.61266326904297,278900.0
2018-04-27,86.61270237069986,86.98328434534164,86.45757487956728,86.84539031982422,196300.0
2018-04-30,86.92288165438862,87.17280942662245,86.05244445800781,86.05244445800781,606200.0
2018-05-01,85.8887302486006,86.09556459562138,85.25098060130637,86.08694458007812,602800.0
2018-05-02,85.8542576854475,86.13865244998193,85.25960153432514,85.37163543701172,260400.0
2018-05-03,85.15619779844704,85.29409177512669,84.05307228559658,85.0872573852539,606300.0
2018-05-04,84.70806300690853,86.33689794322063,84.64773603056909,86.03526306152344,482500.0
2018-05-07,86.25070968350396,86.50925102650189,85.97492830588483,86.1817626953125,353300.0
2018-05-08,86.03525662373869,86.27656451104002,85.65605475789557,86.1214370727539,322000.0
2018-05-09,86.36274150504008,86.97463121625981,86.24208756621627,86.81950378417969,311800.0
2018-05-10,87.12975492950088,87.68993766449991,86.98324752077464,87.5779037475586,432100.0
2018-05-11,87.53482667229665,87.88817509806789,87.42279273432277,87.66410064697266,218500.0
2018-05-14,87.88816354999615,88.05190442626669,87.4917216597076,87.69856262207031,429200.0
2018-05-15,87.29351432902658,87.36246132204067,86.97463941769675,87.25904083251953,485500.0
2018-05-16,87.37109437885715,87.90542383194799,87.37109437885715,87.7416763305664,361200.0
2018-05-17,87.74164298167727,88.11222479253561,87.50895513539234,87.85368347167969,489500.0
2018-05-18,87.68994769368878,87.8106016411622,87.50034675475999,87.67271423339844,336600.0
2018-05-21,88.12946693695197,88.39662828078049,88.06051995301354,88.24150085449219,260300.0
2018-05-22,88.39663895055614,88.55176639556885,87.82784270227421,87.90540313720703,383800.0
2018-05-23,87.62098117441225,88.06912994384766,87.5003272538286,88.06912994384766,375700.0
2018-05-24,87.92262881573626,88.09499628113154,87.46586653894511,88.0519027709961,554400.0
2018-05-25,87.84505597218033,88.02603685390677,87.67269510629198,87.86228942871094,301100.0
2018-05-29,87.37968369027887,87.50033762516351,86.5523396045786,86.9315414428711,812200.0
2018-05-30,87.3451936144728,88.28457801502981,87.33657359929015,88.08635711669922,510400.0
2018-05-31,87.97433299982723,87.97433299982723,87.08666201654054,87.30211639404297,714300.0
2018-06-01,87.74164016115452,88.15531546643065,87.69855322996999,88.04328155517578,566400.0
2018-06-04,88.33630490962803,88.4828123251015,88.06914355492385,88.34492492675781,399600.0
2018-06-05,88.3793691362273,88.59482346705659,88.18976827307444,88.50863647460938,451100.0
2018-06-06,88.64655605282145,89.1808853149414,88.43972167641701,89.1808853149414,544000.0
2018-06-07,89.26706964582412,89.55147103523572,88.93957474584231,89.2239761352539,400700.0
2018-06-08,89.08609452899763,89.64627075195312,89.05162103332934,89.64627075195312,324800.0
2018-06-11,89.69796619693668,90.04269450896389,89.69796619693668,89.83585357666016,385500.0
2018-06-12,89.99960567282598,90.18920658303338,89.81000476261856,90.09440612792969,422200.0
2018-06-13,90.16336661183048,90.18060007209112,89.61180383143183,89.64627075195312,432900.0
2018-06-14,89.84448616222146,90.10303407620015,89.68935872886355,89.87895965576172,473600.0
2018-06-15,89.62112031936967,89.89797538183478,89.25775795076618,89.88066864013672,482600.0
2018-06-18,89.3875454295767,89.75956122445827,89.26642462199564,89.71630096435547,395700.0
2018-06-19,88.94630552601181,89.41348855837641,88.63485017110209,89.3529281616211,446200.0
2018-06-20,89.60385131835938,89.73362552384344,89.36160965510395,89.60385131835938,443100.0
2018-06-21,89.59519175608095,89.6038451293396,88.92037385488244,89.08475494384766,292000.0
2018-06-22,89.5432703218542,89.62978423876238,89.24912168424858,89.31832885742188,589800.0
2018-06-25,88.98959318219035,89.04150022379545,87.85624543654403,88.34072875976562,865800.0
2018-06-26,88.47049873068303,88.68678686114097,88.19365018772045,88.42723846435547,497200.0
2018-06-27,88.53970643271832,89.01554296273886,87.63995361328125,87.63995361328125,597500.0
2018-06-28,87.55342221232786,88.21959327166641,87.25062018562357,87.9946517944336,535900.0
2018-06-29,88.28015718380215,88.7905939632958,88.09847596056257,88.15038299560547,740900.0
2018-07-02,87.64860812297542,88.15039821700161,87.37175955395934,88.11579132080078,889800.0
2018-07-03,88.42721878834267,88.60889998543053,87.91678208232278,88.072509765625,310700.0
2018-07-05,88.40129351932924,88.73870250752361,88.03793100905692,88.73004913330078,476500.0
2018-07-06,88.7386741725574,89.56056624534484,88.64350688826556,89.40483856201172,584300.0
2018-07-09,89.75093176247258,90.13160103090492,89.75093176247258,90.08834075927734,421000.0
2018-07-10,90.25269327102201,90.37381407248898,90.04505855430558,90.32190704345703,557900.0
2018-07-11,89.8806752743983,89.98449593048592,89.49135936509957,89.61248016357422,317900.0
2018-07-12,90.01046765298814,90.19214888745324,89.68171207642126,90.11428833007812,665200.0
2018-07-13,90.09697736244212,90.36517251495535,90.06237047170018,90.20079803466797,384300.0
2018-07-16,90.19213502245222,90.26134879653881,89.77685897852142,89.93258666992188,572200.0
2018-07-17,89.75091836013169,90.3478756963779,89.75091836013169,90.21810150146484,322500.0
2018-07-18,90.2180931120393,90.4603347330363,90.0969723015408,90.42572784423828,280700.0
2018-07-19,90.19210583627509,90.61602851434368,89.95851767505798,90.40839385986328,483500.0
2018-07-20,90.19214888745324,90.31326971042998,90.04507454535147,90.11428833007812,208300.0
2018-07-23,90.06236440011916,90.21809209766475,89.86338304250422,90.1229248046875,206300.0
2018-07-24,90.37380711763,90.49492790977591,89.83741032342081,90.07965850830078,1505300.0
2018-07-25,90.01911886742185,90.91022487249042,90.00181212136033,90.87561798095703,447600.0
2018-07-26,90.89290063601493,91.3687370522974,90.80638672412404,91.19570922851562,377000.0
2018-07-27,91.31684234614107,91.3600960076283,90.39112950277176,90.6593246459961,301300.0
2018-07-30,90.60740448769829,90.90155310532604,90.20078184519896,90.26998901367188,303800.0
2018-07-31,90.58145346507374,91.03133640853595,90.53819980551054,90.88426208496094,1085700.0
2018-08-01,90.78909608268629,90.78909608268629,90.12292503017875,90.29595947265625,405400.0
2018-08-02,89.84607924320069,90.72853842508277,89.70765828561659,90.6593246459961,383300.0
2018-08-03,90.74582026173438,91.13513613952192,90.67660649661147,91.11783599853516,309500.0
2018-08-06,91.08324958776458,91.46391878091158,90.97943551733499,91.33414459228516,398200.0
2018-08-07,91.48120884833585,91.64558990919394,91.36874141756324,91.51581573486328,451700.0
2018-08-08,91.47256784045958,91.47256784045958,91.20436610312092,91.3514404296875,277200.0
2018-08-09,91.4120159742654,91.58504383337834,91.20437462262221,91.24763488769531,291600.0
2018-08-10,90.80639728971487,90.94482484531744,90.45168822951425,90.63336944580078,319400.0
2018-08-13,90.72852617037658,90.78908656875022,90.02774830280919,90.16617584228516,1100300.0
2018-08-14,90.44305267188183,91.04865684545729,90.44305267188183,90.92753601074219,286800.0
2018-08-15,90.49493487395594,90.49493487395594,89.81146372248456,90.32190704345703,396700.0
2018-08-16,90.6852548218708,91.29085873153204,90.6852548218708,91.03997039794922,366600.0
2018-08-17,90.91884928684448,91.67153414127446,90.91884928684448,91.52445983886719,275600.0
2018-08-20,91.68022083275686,92.02628318817422,91.67156745870905,91.95706939697266,399900.0
2018-08-21,92.06086048571389,92.40691612928208,92.0435537431825,92.19062805175781,345100.0
2018-08-22,92.10412851342836,92.17334229317792,91.89649377476903,91.99166107177734,331600.0
2018-08-23,91.90513591660674,92.06086360171871,91.67154108864455,91.76670837402344,273600.0
2018-08-24,91.93109401917836,92.30310980770346,91.87053361642259,92.25984954833984,206500.0
2018-08-27,92.59727231677037,92.91738112246941,92.59727231677037,92.7789535522461,1752900.0
2018-08-28,92.94331514010663,93.03848242451943,92.62320640157374,92.86544799804688,1666600.0
2018-08-29,92.9260111882088,93.34128059354188,92.77028351106186,93.22881317138672,767900.0
2018-08-30,93.02984342596228,93.06445031660348,92.45884623185611,92.63187408447266,399400.0
2018-08-31,92.4847921781216,92.78759419570541,92.3463646268896,92.66647338867188,376300.0
2018-09-04,92.57131031158886,92.73569138601295,92.23390139083675,92.57996368408203,718200.0
2018-09-05,92.45017926511075,92.72702774894292,92.13007052419073,92.62320709228516,430400.0
2018-09-06,92.65781476820905,92.87410285431626,92.21658522438555,92.45018005371094,579300.0
2018-09-07,92.13007621484023,92.46748511908321,91.93974163283877,92.12142944335938,474600.0
2018-09-10,92.45883674917644,92.72703187340254,92.40692311824422,92.46748352050781,443900.0
2018-09-11,92.25118791348625,92.74432446335307,92.10411360576539,92.53668975830078,1394500.0
2018-09-12,92.51075335325189,92.80490202309049,92.337725500475,92.70108795166016,2770000.0
2018-09-13,92.96926464399931,93.19420608841727,92.86544399259374,93.09038543701172,1526600.0
2018-09-14,93.12501103678106,93.29803888997675,92.95198318358537,93.2115249633789,423300.0
2018-09-17,93.26343158636381,93.2980318739294,92.82220201312909,92.90006256103516,372400.0
2018-09-18,92.9606181943346,93.46240814594029,92.86545090694081,93.33263397216797,478300.0
2018-09-19,93.35859670927117,93.62679183550092,93.24612267523507,93.28938293457031,514800.0
2018-09-20,93.59219128673436,93.96420710021039,93.57489114218191,93.87769317626953,439600.0
2018-09-21,94.09394480603932,94.2064122034997,93.90361028680887,93.93821716308594,397900.0
2018-09-24,93.79573128033026,93.83918604538734,93.14394958607157,93.27430725097656,380000.0
2018-09-25,93.4480836603616,93.5089163341493,92.9527299937291,93.02225494384766,432200.0
2018-09-26,93.04833522667214,93.41333130895475,92.56167378362865,92.66595458984375,920100.0
2018-09-27,92.72680013934779,93.10048855076577,92.57037227805036,92.6746597290039,598000.0
2018-09-28,92.544324905336,92.97884611278182,92.51825469373205,92.82241821289062,444400.0
2018-10-01,93.18742106614837,93.30908647381182,92.64861238201928,92.82241821289062,1042700.0
2018-10-02,92.77027300871093,93.01360381149759,92.54432013600884,92.69206237792969,522600.0
2018-10-03,92.99619185679596,93.10047265968429,92.57035647745303,92.70071411132812,637000.0
2018-10-04,92.52694666195632,92.55301687347226,91.58837926577806,92.05766296386719,964300.0
2018-10-05,92.04894249941181,92.36179820234666,91.171214705873,91.6057357788086,1082000.0
2018-10-08,91.41455602222935,91.84038486649888,91.12777048964806,91.71871948242188,486200.0
2018-10-09,91.5796737705854,91.7969343422249,91.2494400885893,91.2842025756836,607900.0
2018-10-10,91.09297024852148,91.40582585798226,88.60750992350707,88.66834259033203,1317400.0
2018-10-11,88.40765885478214,88.81610308670217,86.33064206300314,86.70433044433594,2233600.0
2018-10-12,87.87755426700637,87.93838695899122,86.46970344215784,87.46041107177734,1857900.0
2018-10-15,87.33877151426724,88.15567358842479,87.31270130003125,87.42567443847656,1018500.0
2018-10-16,87.92098396782899,89.29407201934129,87.71241572907546,89.18109893798828,906000.0
2018-10-17,89.12029974255199,89.24196514672506,88.17304008975611,88.9986343383789,801500.0
2018-10-18,88.66837799917828,88.98992601238209,87.41695506159164,87.86016845703125,895600.0
2018-10-19,87.93837505722604,88.59884230073925,87.41694447619473,87.59944915771484,713800.0
2018-10-22,87.76458120316026,87.90363115556192,86.9563715880589,87.01720428466797,603000.0
2018-10-23,85.82660150143785,86.91290414984009,85.00100751049304,86.46099853515625,1527900.0
2018-10-24,86.4088396787027,86.69562510790679,84.0537368354873,84.16670989990234,1818100.0
2018-10-25,84.6012728146775,85.8266257305229,84.30580159342708,85.27043914794922,3390500.0
2018-10-26,84.23625842737559,84.94887274684437,82.99352784985818,83.94078063964844,2564400.0
2018-10-29,85.04448809730293,85.63543718272085,82.90664463159709,83.9755630493164,2543200.0
2018-10-30,84.08853805682865,85.68757276814773,84.06246784766296,85.60066986083984,2558500.0
2018-10-31,86.34804663146342,86.96506589150512,86.06995335045495,86.09602355957031,3480300.0
2018-11-01,86.31327263870416,87.45171582012144,86.20898518587538,87.3474349975586,4104000.0
2018-11-02,87.9470667348553,88.04266190591456,86.3306477354642,87.03457641601562,2029000.0
2018-11-05,87.21707961563497,87.86886129472933,86.97374884961565,87.68636322021484,834100.0
2018-11-06,87.67765862712392,88.32074793703467,87.67765862712392,88.294677734375,624900.0
2018-11-07,88.92039177738147,89.71990895741551,88.51194090946298,89.650390625,941200.0
2018-11-08,89.44182926503271,89.82420998734729,89.22456869649332,89.58087921142578,634700.0
2018-11-09,89.14634954333472,89.2071822314936,88.23385259068569,88.7900390625,519700.0
2018-11-12,88.6336173505204,88.64230962950762,87.30398376692037,87.43434143066406,746400.0
2018-11-13,87.68635979866006,88.33814145232166,87.12148103943352,87.39957427978516,830900.0
2018-11-14,87.89491629100799,88.19039404880397,86.32195223267709,86.84337615966797,935200.0
2018-11-15,86.37411635163176,87.73851253983514,85.84400000173106,87.58208465576172,1253800.0
2018-11-16,87.29528967935583,88.16433191262075,87.20838678208254,87.86016845703125,856300.0
2018-11-19,87.72980571689156,87.9296883362874,86.39148658977938,86.71302795410156,947600.0
2018-11-20,85.75710146259682,86.06126496648953,84.95758407228821,85.19222259521484,1285000.0
2018-11-21,85.57459259277151,86.33065511727737,85.54852238575631,85.72232818603516,683300.0
2018-11-23,85.16613532412826,85.88744193905558,85.1487573975015,85.47029876708984,151200.0
2018-11-26,86.23504761180665,86.64349181570286,86.0090948169009,86.62611389160156,610000.0
2018-11-27,86.30458339902042,86.69565638819932,86.1568478083437,86.66958618164062,596000.0
2018-11-28,86.95635834093802,88.25123596191406,86.4696968422046,88.25123596191406,818200.0
2018-11-29,87.99920894047072,88.48587041711721,87.54730331478582,87.99051666259766,528700.0
2018-11-30,87.93838138498243,88.53801598789175,87.79933145196445,88.34683227539062,689600.0
2018-12-03,89.54612152915132,89.80683024722629,88.73791190561211,89.41576385498047,1289600.0
2018-12-04,89.27669358191928,89.40704458647505,86.55658769560031,86.73040008544922,1194500.0
2018-12-06,85.52244326072609,86.46969604492188,84.18411752128337,86.46969604492188,2091100.0
2018-12-07,86.34805203596888,86.88686070238843,84.2710412630664,84.59258270263672,1373100.0
2018-12-10,84.59254790912973,84.7576680163025,82.88922632814706,84.43612670898438,1665000.0
2018-12-11,85.44420683565085,85.73099227906317,83.95814585196527,84.37528228759766,711900.0
2018-12-12,85.41816668546815,85.79185513190406,84.78376290234992,84.8011474609375,670500.0
2018-12-13,85.02707958673854,85.22696219576554,84.12328159798653,84.40137481689453,655600.0
2018-12-14,83.64531606245777,84.19281028978895,82.98484209993163,83.20210266113281,982700.0
2018-12-17,82.92399909323971,83.19340666419905,80.95996863807478,81.4031753540039,1721100.0
2018-12-18,81.94199623952788,82.3591328151891,80.79486071106008,81.29021453857422,2954100.0
2018-12-19,81.29020359400461,82.5763822644384,79.58688177380569,80.01271057128906,2041300.0
2018-12-20,79.67378417621393,80.17783021194077,77.9270076070311,78.75260162353516,2758600.0
2018-12-21,78.98723609540308,80.06484644506838,77.18831921004204,77.35343933105469,2648200.0
2018-12-24,76.90057724194119,77.07543476389868,75.3268995651184,75.3531265258789,1472700.0
2018-12-26,75.72031649929433,78.76276397705078,74.97719038186217,78.76276397705078,2744400.0
2018-12-27,77.73114868515076,79.47093963623047,76.63831400002694,79.47093963623047,2794700.0
2018-12-28,79.71572241210997,80.31896920854255,78.86768174759828,79.26984405517578,2436600.0
2018-12-31,79.72446277507272,79.93428512668946,78.99881908265502,79.9080581665039,3096200.0
2019-01-02,78.73653557362242,80.24902141137814,78.59665623026251,79.95176696777344,1783300.0
2019-01-03,79.54959271954264,79.65450721388213,78.22070914189888,78.40430450439453,1738900.0
2019-01-04,79.34853368762893,81.23694834092257,79.31356218125443,81.0096435546875,1308100.0
2019-01-07,81.11453239280445,82.47838747109837,80.81728466348655,81.85765838623047,1055100.0
2019-01-08,82.58330846076954,82.78439292357665,81.79646636520322,82.74067687988281,1195800.0
2019-01-09,83.02916832891253,83.63241491329175,82.72317610137607,83.326416015625,1142400.0
2019-01-10,82.81064257128702,83.85976120607225,82.6008201783567,83.83353424072266,1420600.0
2019-01-11,83.44883603170939,83.9646573611824,83.23026914145333,83.89471435546875,1933000.0
2019-01-14,83.3002232229029,83.75484615035693,83.11662781109251,83.44010925292969,754700.0
2019-01-15,83.51003286784355,84.20070502801792,83.51003286784355,84.07830810546875,891700.0
2019-01-16,84.15699787417418,84.61161407419446,84.07831032466879,84.28813934326172,764600.0
2019-01-17,84.01711111373366,85.36348395545598,83.96465719461855,85.0749740600586,947700.0
2019-01-18,85.62577036287597,86.482548870443,85.52085585025999,86.368896484375,1057900.0
2019-01-22,85.88804977585669,85.89679431976046,84.7077898138865,85.2148666381836,3144100.0
2019-01-23,85.52959256062185,85.73067035372127,84.34058820706534,85.14491271972656,1446300.0
2019-01-24,85.10994086535413,85.73066999777407,85.05748694913412,85.538330078125,1133200.0
2019-01-25,86.17656521239019,86.66615298023379,86.15033824913186,86.44758605957031,926000.0
2019-01-28,85.7831536209016,86.1328553831219,85.43344518854772,86.10662841796875,1084700.0
2019-01-29,86.22901539118627,86.39512837811343,85.888051543381,86.2552490234375,809500.0
2019-01-30,86.56996344484631,87.48794697230804,86.09786487258026,87.17321014404297,1086100.0
2019-01-31,87.0683173586226,87.83767720631148,86.98089192233064,87.75025177001953,1924000.0
2019-02-01,87.86388889836688,88.13490970480514,87.6190950512443,87.96880340576172,1213900.0
2019-02-04,88.01251981494009,88.44965362548828,87.56664813067641,88.44965362548828,803800.0
2019-02-05,88.56329128423825,88.85179446018392,88.35346230338376,88.79059600830078,1752700.0
2019-02-06,88.6594754027576,88.86055320388292,88.49336243389853,88.71192932128906,661500.0
2019-02-07,88.23982054283425,88.51958588078801,87.47046753099436,88.0737075805664,1118200.0
2019-02-08,87.79394407815157,88.23982238769531,87.34807243873975,88.23982238769531,787200.0
2019-02-11,88.44088688773138,88.56328378112816,88.21357551279576,88.4845962524414,457900.0
2019-02-12,89.06164653876243,89.75231877206967,89.04415745075669,89.57746124267578,1003600.0
2019-02-13,89.83097735350243,90.1631965716648,89.6736089511874,89.97086334228516,804000.0
2019-02-14,89.56873027504402,90.18072171548607,89.28896485574111,89.76107025146484,703800.0
2019-02-15,90.36427154540175,90.76643371582031,90.34678246357073,90.76643371582031,742100.0
2019-02-19,90.52168737263062,91.17738821220142,90.2943758806086,90.9325942993164,1337600.0
2019-02-20,90.96751644872856,91.43961492732308,90.91505587433898,91.25601959228516,700300.0
2019-02-21,91.1074117049671,91.21232620198877,90.57410801783693,90.90633392333984,547500.0
2019-02-22,91.10738837520108,91.45709660559251,90.993736035129,91.38715362548828,729800.0
2019-02-25,91.84182746738679,92.02542288979669,91.36097754907514,91.40469360351562,696600.0
2019-02-26,91.29975997123519,91.57078077568382,91.15113608944931,91.15987396240234,701100.0
2019-02-27,90.9413109243791,91.2910192911271,90.71400615560535,91.18611145019531,636300.0
2019-02-28,91.07246767298308,91.21235371120095,90.81892923131329,90.96755981445312,1383000.0
2019-03-01,91.59703411785097,91.83309015821551,91.02876538614996,91.57955169677734,911100.0
2019-03-04,91.89425797799683,91.920484935924,90.29434684312253,91.14238739013672,1636500.0
2019-03-05,91.18612182417598,91.19485969849285,90.78395282107618,90.86264038085938,314200.0
2019-03-06,90.836399197707,90.87137069989905,89.98835861241301,90.0670394897461,512200.0
2019-03-07,89.92714534880179,89.92714534880179,89.07036036145645,89.36761474609375,1083100.0
2019-03-08,88.78186021146082,89.11407943371431,88.48460581670254,89.08785247802734,1117500.0
2019-03-11,89.28895003381666,90.26813217389993,89.28895003381666,90.24190521240234,641800.0
2019-03-12,90.39052253889902,90.73148635385485,90.32932407647445,90.53914642333984,636600.0
2019-03-13,90.8101788220247,91.40468106212478,90.76646277358238,91.0811996459961,725300.0
2019-03-14,91.116178606307,91.23857554780163,90.78395261927895,90.95006561279297,326400.0
2019-03-15,91.08119549278179,91.59701015619154,91.01999702983264,91.28227996826172,491300.0
2019-03-18,91.42192949220255,91.76447147943318,91.10574874399782,91.7117691040039,608800.0
2019-03-19,91.99282893438928,92.26510556995377,91.25506264650382,91.55368041992188,734100.0
2019-03-20,91.45706119587219,91.6415027557135,90.5612012336609,90.91252136230469,1057300.0
2019-03-21,90.6841538619845,92.26509094380191,90.6841538619845,92.08064270019531,722200.0
2019-03-22,91.66785326266996,91.73811192460995,90.15718146654231,90.19231414794922,920100.0
2019-03-25,90.13084534156266,90.6226895434178,89.69169681822778,90.21867370605469,661700.0
2019-03-26,90.7280693426064,91.26383096932464,90.43822976732473,90.97399139404297,523800.0
2019-03-27,90.99154902391766,91.22869291731678,90.13960003813735,90.67536163330078,771200.0
2019-03-28,90.84223347897604,91.31651452995213,90.54360909834409,91.18476867675781,736700.0
2019-03-29,91.68540681836242,91.86984835111396,91.39556725223581,91.72932434082031,782900.0
2019-04-01,92.38807658660104,92.9677492037899,92.32659605597685,92.8974838256836,1259600.0
2019-04-02,92.9326084591995,92.95895629848667,92.56372530742964,92.82721710205078,722400.0
2019-04-03,93.27515180624557,93.47716309297267,92.83600324463261,93.0819320678711,912000.0
2019-04-04,93.10827321174988,93.41567584259111,92.97652731256798,93.38932800292969,1785900.0
2019-04-05,93.61767047617685,94.01290813176715,93.55618995653491,93.9953384399414,851900.0
2019-04-08,93.88995185490434,94.06560857682722,93.63524491750407,94.05682373046875,836000.0
2019-04-09,93.72307711696581,93.72307711696581,93.13461970346158,93.31906127929688,535500.0
2019-04-10,93.45079127228902,93.81088951595666,93.30148240786278,93.7757568359375,471800.0
2019-04-11,93.96020029928383,94.0568067883279,93.61765836174864,93.89871978759766,462900.0
2019-04-12,94.47839603700749,94.76823561845002,94.30273933963996,94.654052734375,456700.0
2019-04-15,94.73312217305251,94.73312217305251,94.27640394576906,94.39058685302734,423300.0
2019-04-16,94.73309988758908,94.73309988758908,94.22368610040785,94.42569732666016,544700.0
2019-04-17,94.7682113198481,94.85603964601265,93.7493839738984,93.87234497070312,463200.0
2019-04-18,94.10952678512855,94.17979215475323,93.6440304378954,94.09195709228516,529800.0
2019-04-22,93.87237561268746,93.96021066839504,93.6703710666575,93.85481262207031,474500.0
2019-04-23,93.98656084736234,94.8297251363541,93.98656084736234,94.72432708740234,530800.0
2019-04-24,94.74190031867502,94.96147456987174,94.61015442778212,94.69798278808594,573700.0
2019-04-25,94.11832073816159,94.42572338391983,93.70552002776832,94.14466857910156,564500.0
2019-04-26,94.20610813141408,94.71551513671875,93.99531209383402,94.71551513671875,520600.0
2019-04-29,94.7506750493236,94.97903413858306,94.67163153816117,94.7067642211914,365900.0
2019-04-30,94.81216073847074,95.1195700565264,94.2500511810896,95.02295684814453,671800.0
2019-05-01,95.11078842761692,95.28644515741297,94.06561279296875,94.06561279296875,866600.0
2019-05-02,93.95141794065901,94.42569905801987,93.44200414413734,94.07437896728516,600400.0
2019-05-03,94.41692773946059,94.97025243854918,94.31152968687852,94.91755676269531,440900.0
2019-05-06,93.45080629948009,94.6365059620783,93.3014974110445,94.4696273803711,522600.0
2019-05-07,93.71428652005255,93.83724756306468,92.30022782453887,92.9501724243164,1552600.0
2019-05-08,92.82721301146596,93.36297472294497,92.62520175104174,92.80086517333984,904200.0
2019-05-09,92.16850680173172,92.86236236740899,91.52734692176709,92.68669891357422,637300.0
2019-05-10,92.37049496180174,93.33662033292298,91.2550607071446,93.0906982421875,977700.0
2019-05-13,91.5273238237213,91.59758918752289,90.3767569701845,90.77198791503906,1200800.0
2019-05-14,91.09695237435243,92.18603861626006,90.99155433770072,91.6678466796875,827600.0
2019-05-15,91.12330796128435,92.19483130535446,90.9125185709198,91.95768737792969,871000.0
2019-05-16,92.15969809017257,93.07312771096497,92.15969809017257,92.58128356933594,701000.0
2019-05-17,91.85231548460777,92.81844098765356,91.85231548460777,91.96649169921875,684800.0
2019-05-20,91.44829846243724,91.80839679685025,91.12332611602164,91.3868179321289,410900.0
2019-05-21,91.93131976203193,92.50221399310789,91.90497193151452,92.37046813964844,423000.0
2019-05-22,92.045521876545,92.2738742560285,91.73811258723265,91.90499114990234,651500.0
2019-05-23,91.14087114851831,91.14087114851831,90.2625742024173,90.75442504882812,972900.0
2019-05-24,91.19358707515627,91.38681350415582,90.64904047532801,90.92131042480469,715500.0
2019-05-28,91.00912586872005,91.30774359396435,89.92881774902344,89.92881774902344,552600.0
2019-05-29,89.5423706299898,89.67411651157263,88.81338926019608,89.31401824951172,735200.0
2019-05-30,89.54235714946853,89.97272741123885,89.1119935885711,89.45452880859375,705300.0
2019-05-31,88.58503886716552,88.88365664055907,88.26885140070497,88.43572998046875,1224500.0
2019-06-03,88.48841792780455,89.33158219775122,88.47963308203848,88.94512939453125,1346300.0
2019-06-04,89.69170066880604,90.9740136078902,89.69170066880604,90.93888092041016,659500.0
2019-06-05,91.43071378615979,91.70299040509006,90.71051053446762,91.65907287597656,580900.0
2019-06-06,91.73811572672177,92.33535793364433,91.48341550249481,92.11578369140625,518400.0
2019-06-07,92.44075803196887,93.08191778190543,92.40562534832686,92.71302795410156,663400.0
2019-06-10,93.13462218252022,93.53863803094325,92.96774359480477,93.00287628173828,391800.0
2019-06-11,93.5562032301985,93.75821450961125,92.66034314533009,92.90626525878906,436600.0
2019-06-12,92.81840868464708,93.02041990267371,92.60761932300369,92.79206085205078,1951000.0
2019-06-13,93.05556175235527,93.38931889116888,92.93260071201578,93.33661651611328,960200.0
2019-06-14,93.29272150120025,93.29272150120025,92.83600324463261,93.0819320678711,308700.0
2019-06-17,93.187293558103,93.26634375830486,92.8974539921514,92.93258666992188,287900.0
2019-06-18,93.44200778478996,94.26760902505231,93.44200778478996,93.84602355957031,564800.0
2019-06-19,93.88995035256879,94.34666184278507,93.68793909480289,94.18856811523438,610900.0
2019-06-20,95.04928520460004,95.14589839317932,94.2763796959658,95.01415252685547,853800.0
2019-06-21,94.92633205889533,95.11955845208573,94.62770762372642,94.79458618164062,620400.0
2019-06-24,94.8122343786834,94.86517037939066,94.36225817836814,94.38873291015625,428700.0
2019-06-25,94.46813332242158,94.50342623203049,93.77111350337249,93.81523132324219,358000.0
2019-06-26,94.05346662854821,94.18581338005316,93.62996510145484,93.65643310546875,383000.0
2019-06-27,93.90346873758108,94.33579513944173,93.90346873758108,94.24756622314453,404400.0
2019-06-28,94.54754765178609,95.18279985463106,94.5387227411893,95.11222076416016,447000.0
2019-07-01,96.17096287709619,96.38271357110685,95.29748537429818,95.79157257080078,1172000.0
2019-07-02,95.72103816245,95.79162400883436,95.3063547292379,95.68574523925781,813100.0
2019-07-03,95.97688112188678,96.56802228142304,95.96805621059124,96.5592041015625,228800.0
2019-07-05,96.13568258562614,96.46213694410721,95.54454150776378,96.4356689453125,388400.0
2019-07-08,96.08274505912509,96.29449577754745,95.69452979915576,95.90628051757812,349600.0
2019-07-09,95.48279450398276,95.91512092059664,95.42103358732362,95.87100982666016,370900.0
2019-07-10,96.17979257301234,96.4003681869198,95.77393425119463,95.97686004638672,741100.0
2019-07-11,96.11804635947091,96.215100182937,95.68571324350948,96.17098236083984,345300.0
2019-07-12,96.31216026619506,96.85918359971981,96.27686735251041,96.82389068603516,379500.0
2019-07-15,96.92094177976087,96.92094177976087,96.54155138265459,96.7444839477539,330400.0
2019-07-16,96.72682708185226,96.9209347217855,96.47095853207067,96.55036926269531,478500.0
2019-07-17,96.55038095651176,96.55038095651176,95.74748229980469,95.74748229980469,319200.0
2019-07-18,95.56217190678493,96.26801652760744,95.45629992566478,96.11802673339844,271700.0
2019-07-19,96.4092249037993,96.53275348988606,95.67691868878138,95.71221160888672,410100.0
2019-07-22,95.888644913779,96.01216673678644,95.57984035626039,95.73865509033203,413800.0
2019-07-23,96.0209927530386,96.59449078442495,95.92393892935317,96.5680160522461,410700.0
2019-07-24,96.44449907998742,97.26504080151508,96.32980216051352,97.21210479736328,359100.0
2019-07-25,97.05327445776032,97.05327445776032,96.37390449838688,96.58565521240234,417000.0
2019-07-26,96.72681019349228,97.11502540557693,96.5944702179481,97.07090759277344,1105900.0
2019-07-29,97.0709107280854,97.0709107280854,96.65623423893133,96.78857421875,493700.0
2019-07-30,96.26803250706664,96.87682342529297,96.05628177824481,96.87682342529297,260900.0
2019-07-31,96.83271087317513,96.97388252102648,95.1739843995297,95.91511535644531,564000.0
2019-08-01,95.87981249083101,96.55036428564307,94.32696491428118,94.68870544433594,921900.0
2019-08-02,94.42400359116427,94.43282850031181,93.46229716851687,93.92991638183594,651000.0
2019-08-05,92.63296904811997,92.63296904811997,90.51544098272605,91.2654037475586,1455800.0
2019-08-06,91.76828371066247,92.33295676476916,91.06243902731222,92.28001403808594,1056900.0
2019-08-07,91.18598995155561,92.6329659561318,90.55955579250191,92.40357208251953,1022800.0
2019-08-08,92.83586590809038,94.11520178237723,92.76528009575404,94.07109069824219,456700.0
2019-08-09,93.70050806664985,93.81521168172259,92.75644480942535,93.2064208984375,440400.0
2019-08-12,92.69471278026285,92.7564736955229,91.68888831377929,92.01534271240234,439900.0
2019-08-13,91.84767445442071,93.90344057155582,91.67121667475423,93.2064208984375,412000.0
2019-08-14,91.8036020642817,91.8300700692429,90.25957228148029,90.3478012084961,701300.0
2019-08-15,90.62130361162329,90.7448254430697,89.75665079149843,90.37425994873047,768800.0
2019-08-16,90.85068511395185,91.96238809505822,90.85068511395185,91.83885955810547,564200.0
2019-08-19,92.81821806075621,93.18879021767623,92.64176025760094,92.89762878417969,455700.0
2019-08-20,92.69469779831225,92.7741085230602,92.10355674330536,92.14767456054688,442400.0
2019-08-21,92.85351096767401,92.9946825953452,92.6858780741066,92.89762878417969,324800.0
2019-08-22,93.10056126867688,93.35642981362533,92.43883436218636,92.95939636230469,337500.0
2019-08-23,92.45648828551043,92.94175066627714,90.06544909839117,90.44483947753906,856800.0
2019-08-26,91.19479666746591,91.35361140366612,90.63894845648245,91.2389144897461,636000.0
2019-08-27,91.67122860222587,91.81239349803964,90.58599359492051,90.72716522216797,440400.0
2019-08-28,90.50660384133852,91.5918322879344,90.34778910141782,91.5124282836914,420000.0
2019-08-29,92.40355267689377,92.93293288153819,92.16532720937134,92.74765014648438,570700.0
2019-08-30,93.17115994967108,93.40056052705765,92.58001878047789,92.78295135498047,1026700.0
2019-09-03,92.19179668386056,92.47413324628057,91.72417738342439,92.26238250732422,422400.0
2019-09-04,93.00352202170885,93.38290568456674,92.8623503720024,93.35643768310547,540000.0
2019-09-05,94.26521312861834,95.01517577608158,94.22110203440205,94.72401428222656,525600.0
2019-09-06,94.87399655404424,95.16515802468251,94.65342090624578,94.95340728759766,388400.0
2019-09-09,95.2445603220587,95.4827857870205,95.02398467820824,95.47396087646484,380100.0
2019-09-10,95.25338840287009,95.91511535644531,94.99751983971551,95.91511535644531,510600.0
2019-09-11,95.96804605281457,96.67389079017745,95.52689477482134,96.64742279052734,643500.0
2019-09-12,96.89448512191619,97.06212479395339,96.40039774930415,96.76213836669922,522800.0
2019-09-13,97.00917901123535,97.2738725133697,96.73566732874914,96.77978515625,282500.0
2019-09-16,96.55920230268536,96.92976779297453,96.40920573919556,96.85035705566406,331500.0
2019-09-17,96.77978255341591,96.8944794778239,96.4533281404214,96.86801147460938,283000.0
2019-09-18,96.69155253305875,96.77096327876318,95.91512855732046,96.76213836669922,394200.0
2019-09-19,96.8591617683713,97.03562629702078,96.39154254745876,96.49742126464844,250200.0
2019-09-20,96.67389255232165,96.87682510572861,95.95040471248261,96.06510162353516,1150800.0
2019-09-23,95.82573803296542,96.38426042083896,95.72822522941509,96.17149353027344,289500.0
2019-09-24,96.48176978513813,96.52609255229432,95.04557820728942,95.39132690429688,870400.0
2019-09-25,95.39132584252265,96.06509547492287,95.02784939544584,95.93211364746094,325500.0
2019-09-26,95.95871843155376,95.95871843155376,95.24062595936829,95.70162200927734,401700.0
2019-09-27,95.94985584653583,96.10056543998085,94.8416851351978,95.36473846435547,371800.0
2019-09-30,95.52431295919841,96.01191076564507,95.52431295919841,95.8168716430664,1065400.0
2019-10-01,95.97645807312186,96.24241500558475,94.20338480175154,94.32749938964844,903600.0
2019-10-02,93.76896545730828,93.84875726185814,92.16433650830363,92.54554748535156,721200.0
2019-10-03,92.40369505368511,93.21930694580078,91.43736682806461,93.21930694580078,720400.0
2019-10-04,93.36117262602336,94.29203881580244,93.29025483432824,94.25657653808594,303600.0
2019-10-07,93.97287773691453,94.48707057801725,93.70691405669247,93.7512435913086,446100.0
2019-10-08,93.11293954507742,93.11293954507742,92.1288833618164,92.1288833618164,574700.0
2019-10-09,92.85584384537951,93.27251713969743,92.56329190071469,92.94449615478516,380900.0
2019-10-10,92.90902393208428,93.89307994609841,92.90902393208428,93.64484405517578,325700.0
2019-10-11,94.58460438378268,95.70163577592523,94.58460438378268,94.9214859008789,695500.0
2019-10-14,94.77078991346973,94.85944224506304,94.48709839412751,94.70873260498047,229300.0
2019-10-15,95.01010117525519,95.79911800366935,94.89485388206893,95.51542663574219,429900.0
2019-10-16,95.39132775079733,95.70161417859123,95.24948542540734,95.35586547851562,358400.0
2019-10-17,95.73708047718596,96.03850642238882,95.49771858388888,95.71935272216797,356300.0
2019-10-18,95.46225313235074,95.82572958988565,95.24948626053184,95.60409545898438,272300.0
2019-10-21,96.10942818503759,96.36651782590314,95.96757909405542,96.33106231689453,276700.0
2019-10-22,96.49063726731012,96.85412050848964,96.2690031242701,96.33992767333984,384200.0
2019-10-23,96.18035354995877,96.63248910844108,96.0473717076125,96.61476135253906,353500.0
2019-10-24,96.88958955348068,96.96937460395641,96.25128209472376,96.65908813476562,213000.0
2019-10-25,96.55269114091344,97.21759349993225,96.52608936501397,97.01368713378906,335100.0
2019-10-28,97.3505791569802,97.6254100946298,97.28852186726655,97.31511688232422,363500.0
2019-10-29,97.12004988813348,97.7760848260098,97.05799262054701,97.49239349365234,305800.0
2019-10-30,97.51900949123566,97.58993403052601,96.907297176395,97.50128173828125,318500.0
2019-10-31,97.33285314936296,97.33285314936296,96.45518381801281,96.9959716796875,392200.0
2019-11-01,97.51901751915874,98.21051492482395,97.51015026008339,98.19278717041016,359900.0
2019-11-04,98.69812794607076,98.83997029447669,98.56514609437036,98.76018524169922,385300.0
2019-11-05,98.85770481536365,99.23891584957788,98.60947563284981,98.76018524169922,369500.0
2019-11-06,98.79565008017558,98.79565008017558,98.36124223578008,98.65380096435547,655900.0
2019-11-07,99.14138711857015,99.43394581254081,98.74244160031816,98.89315795898438,595900.0
2019-11-08,98.72471845342477,99.1236572265625,98.40556472941954,99.1236572265625,324500.0
2019-11-11,98.6094749817229,98.9374892148483,98.50308814831747,98.85770416259766,401000.0
2019-11-12,98.93746842491436,99.3452743883352,98.74242931985734,98.91087341308594,255800.0
2019-11-13,98.53855422238613,98.99955032409403,98.38784460872567,98.83997344970703,338800.0
2019-11-14,98.79565041338732,99.07934188224624,98.68926357616341,99.06160736083984,298700.0
2019-11-15,99.54918943948527,99.7885513305664,99.30982078466707,99.7885513305664,275000.0
2019-11-18,99.64670858555198,99.73536088692629,99.47826447832487,99.66443634033203,386600.0
2019-11-19,99.85059737822203,99.90379416426956,99.29208185274541,99.58464050292969,428300.0
2019-11-20,99.30095736334147,99.57578151977009,98.7335745324158,99.20343780517578,496900.0
2019-11-21,99.31867299705858,99.31867299705858,98.76902475127909,98.99951934814453,289700.0
2019-11-22,99.20344669195038,99.35415629034833,98.92861574716517,99.29209899902344,377800.0
2019-11-25,99.6466893847786,100.20520486318053,99.57576485185068,100.1874771118164,358400.0
2019-11-26,100.12544502060825,100.36480692477609,100.00133043863421,100.30274963378906,479400.0
2019-11-27,100.52438035758888,100.74601449838323,100.3204807357509,100.72828674316406,272500.0
2019-11-29,100.56871522584828,100.58644298200782,100.17863695296285,100.29388427734375,151000.0
2019-12-02,100.3204919495067,100.3204919495067,99.39849300909331,99.4516830444336,834800.0
2019-12-03,98.55627566814233,98.68925751557113,97.98002550510931,98.64492797851562,808500.0
2019-12-04,98.93745852452088,99.691013093778,98.82221123021804,99.36299896240234,319500.0
2019-12-05,99.5757855268704,99.58465278626144,99.15024500468324,99.53145599365234,369100.0
2019-12-06,100.21409117449278,100.63962492549578,100.21409117449278,100.45345306396484,371400.0
2019-12-09,100.3204845954731,100.50665646925466,100.14317321777344,100.14317321777344,207600.0
2019-12-10,100.14314521972773,100.38251382176517,99.8949161240856,100.03675842285156,378100.0
2019-12-11,100.18749574522977,100.40026261984931,100.04564665299208,100.32933807373047,400500.0
2019-12-12,100.34707695207581,101.5882227443968,100.2318228686908,101.38432312011719,618100.0
2019-12-13,101.30453898298236,101.79213684098877,100.79035287168392,101.10063934326172,551500.0
2019-12-16,101.75667276378461,102.01376919675509,101.63255817734888,101.73894500732422,381700.0
2019-12-17,101.8542182030432,101.90740824967148,101.71237582412134,101.75669860839844,529600.0
2019-12-18,101.86304875269347,102.02262559880423,101.71233916573803,101.9073715209961,302500.0
2019-12-19,101.996038390213,102.32405260295378,101.91624657918315,102.25312805175781,1710700.0
2019-12-20,102.58115257077012,102.8737112817536,102.527962537405,102.77619171142578,434400.0
2019-12-23,103.02453621594586,103.1224519069266,102.73969242160508,102.82870483398438,330000.0
2019-12-24,102.91772415976311,102.96222697039971,102.7931054240418,102.89991760253906,213700.0
2019-12-26,103.02452846921388,103.14025070869602,102.84650365784154,103.12244415283203,335100.0
2019-12-27,103.3716745321856,103.3716745321856,102.85539989804663,102.98001861572266,372600.0
2019-12-30,103.02451393764389,103.07792680649072,102.48152951097138,102.62395477294922,582400.0
2019-12-31,102.49045525434398,103.03343980004288,102.37473979702898,103.0067367553711,328700.0
2020-01-02,103.4963082947056,103.58532749845237,102.69518979067875,103.30048370361328,700900.0
2020-01-03,102.3569105560677,102.88209521933449,102.29460120190488,102.71296691894531,542900.0
2020-01-06,102.16110200095858,102.87321488552966,102.16110200095858,102.84651184082031,570000.0
2020-01-07,102.73080427745745,102.9800417688459,102.4726635067445,102.75750732421875,477700.0
2020-01-08,102.81089743505262,103.47850066515036,102.67737543079082,103.06013488769531,498300.0
2020-01-09,103.42508633660799,103.56750481624778,103.18474538985048,103.53189849853516,518700.0
2020-01-10,103.71882681339511,103.71882681339511,103.07793346671535,103.2114486694336,353000.0
2020-01-13,103.36278433386813,103.87905899941327,103.22926233074685,103.85235595703125,293500.0
2020-01-14,103.77223177106296,104.31521619140658,103.70992241747649,104.05707550048828,350900.0
2020-01-15,103.95025644782434,104.59115653617152,103.95025644782434,104.21730041503906,346600.0
2020-01-16,104.61787350105931,105.21426407719032,104.61787350105931,105.18756103515625,281600.0
2020-01-17,105.3477862398034,105.45460519931422,105.22316751597965,105.39229583740234,342300.0
2020-01-21,104.98282639235698,105.25876686380195,104.84930439961532,104.95612335205078,415000.0
2020-01-22,105.24097471939967,105.40119976404675,104.73359654321912,104.8226089477539,315100.0
2020-01-23,104.5110764807032,105.11636363110149,103.9591886309016,105.0540542602539,449900.0
2020-01-24,105.1964654864158,105.1964654864158,103.41619022470033,103.97697448730469,473800.0
2020-01-27,102.27683235649452,102.76640406113214,102.11660728432658,102.26792907714844,536500.0
2020-01-28,102.74859553469975,103.576423871796,102.56166743164081,103.22036743164062,859500.0
2020-01-29,103.54081783836965,103.63873352946663,102.88211783652677,102.89991760253906,701500.0
2020-01-30,102.0542817021755,103.16695375128074,101.82284401442246,103.12244415283203,482500.0
2020-01-31,102.61506065512431,102.6506669737968,100.79028266383314,101.06622314453125,747600.0
2020-02-03,101.60031153163803,102.46374614471412,101.60031153163803,101.74273681640625,519600.0
2020-02-04,102.99782584242675,103.61202298919993,102.98892256445882,103.23816680908203,431200.0
2020-02-05,104.17281272712961,104.81371295023445,104.06600055075322,104.74250030517578,384800.0
2020-02-06,105.08074182543271,105.16085094616669,104.6267697676416,104.71578216552734,449200.0
2020-02-07,104.30633616559197,104.30633616559197,103.71884202263914,103.87017059326172,416900.0
2020-02-10,103.62093960393992,104.32414245605469,103.54972695345342,104.32414245605469,364100.0
2020-02-11,104.78700243367695,105.29438060891805,104.74249283588638,104.94722747802734,330300.0
2020-02-12,105.43679048399056,105.76614382358514,105.41899072105518,105.66822814941406,450500.0
2020-02-13,105.22316700169497,105.7305451722721,105.00953587492857,105.57032012939453,306400.0
2020-02-14,105.61483780961304,105.6682438975891,105.21427177615774,105.588134765625,547300.0
2020-02-18,105.37448947562501,105.49021171311063,104.78700217526307,105.2676773071289,438100.0
2020-02-19,105.57922353626566,105.85516402497694,105.50801089685272,105.64153289794922,348400.0
2020-02-20,105.44571693038299,105.90859236293643,104.63569511023258,105.6148452758789,349600.0
2020-02-21,105.08966138783867,105.16977731737582,104.43096134938858,104.65349578857422,371600.0
2020-02-24,101.84065267375149,102.27681822447038,101.03952742360664,101.4845962524414,1197800.0
2020-02-25,101.89406228710656,101.89406228710656,97.83503660081723,98.07537078857422,1797500.0
2020-02-26,98.59163748423059,99.47287176206021,97.07839956614403,97.14070892333984,1428800.0
2020-02-27,95.36043822600801,96.90928253290443,93.09059143066406,93.09059143066406,2006200.0
2020-02-28,90.51809521242502,92.23606106147271,89.41431969271424,92.1025390625,5815800.0
2020-03-02,92.45860650851519,95.65419763198767,91.3103280461052,95.61859130859375,2376700.0
2020-03-03,95.64528922076617,97.3276488613818,92.40518866912039,93.23301696777344,1795400.0
2020-03-04,94.87087797448659,96.92709389433709,94.1320620514262,96.90929412841797,1295600.0
2020-03-05,94.40799856496733,95.21802709979805,92.67223283491785,93.43775177001953,932400.0
2020-03-06,90.58932411811394,92.13816883450292,89.42324573210789,91.52397155761719,2283300.0
2020-03-09,85.07044399128435,86.56587532248834,83.16555020871871,83.59281921386719,2468700.0
2020-03-10,86.37004749644179,87.66964753619331,83.00532856197114,87.61624145507812,2283500.0
2020-03-11,85.14164934673889,85.53330521083785,81.89264626180571,82.88960266113281,2959400.0
2020-03-12,77.16602556094468,79.8364381825074,73.64108171542715,74.5223159790039,3807400.0
2020-03-13,78.7949736032287,80.58415199537585,74.30868628961083,80.57524871826172,2484000.0
2020-03-16,71.82519617032385,75.95543357654637,70.23184924985287,70.87274932861328,3294000.0
2020-03-17,72.16345674560371,75.5459824257684,69.67106868746014,74.88727569580078,3632900.0
2020-03-18,69.94701376019117,71.80739807170451,65.97700090624947,70.00932312011719,2692000.0
2020-03-19,69.00344801356692,71.58484782259475,66.77810452151006,70.19623565673828,2218600.0
2020-03-20,70.78376577623155,71.70061355614386,66.60012018798207,66.78704833984375,2544900.0
2020-03-23,66.63421449829416,66.78702986659647,63.42520149090742,64.41397857666016,2958200.0
2020-03-24,67.82073827778547,71.43425277302367,67.79377287763121,71.2904281616211,2508800.0
2020-03-25,71.61405424517913,75.88375131412165,70.15786721285143,73.07923889160156,1991500.0
2020-03-26,73.82528172075445,77.82531645336252,73.80730707254776,77.2859878540039,2197200.0
2020-03-27,74.81405723594673,77.02530924703754,74.0050609250757,74.9848403930664,3237500.0
2020-03-30,75.35338848570252,77.19609513107,74.43652368168253,76.95339965820312,2380700.0
2020-03-31,76.62979162907739,77.1691201692494,75.09270220351665,75.52416229248047,1201700.0
2020-04-01,72.57583559544544,73.1691018642217,71.08369288616919,71.80279541015625,2655800.0
2020-04-02,71.3084101630318,74.05899072485728,71.20953245648846,72.93538665771484,1391900.0
2020-04-03,72.59383548875475,73.4208066868698,71.0117985625812,71.75787353515625,1199400.0
2020-04-06,74.45449750571181,77.6725010250691,74.45449750571181,77.18710327148438,2226700.0
2020-04-07,79.91970826797906,80.7197137639826,77.71744032247244,77.80732727050781,1564200.0
2020-04-08,78.625342750091,81.42087105155862,78.04106708932635,81.02536010742188,1586000.0
2020-04-09,82.26581981708162,84.1085338453404,81.91525577977382,82.8950424194336,2168100.0
2020-04-13,82.57143209374071,82.62536290478248,80.0995026712604,81.10625457763672,2221400.0
2020-04-14,82.70624309096051,83.62310091461875,82.23881999816659,83.25456237792969,1499800.0
2020-04-15,81.01634377968671,81.08825608463782,79.89273973208125,80.56690216064453,1203300.0
2020-04-16,80.78263907549787,80.9534222273382,79.5871227229413,80.56690216064453,1633800.0
2020-04-17,82.77815834418661,83.77591933821131,82.202873590975,83.57817077636719,985400.0
2020-04-20,82.15793838396915,83.3264826074583,81.60062824610056,81.8613052368164,1086500.0
2020-04-21,80.01860374690949,80.93546872979043,79.20062335262759,79.47029113769531,1148800.0
2020-04-22,80.95344210651773,81.52872697152567,80.30624491889965,80.96243286132812,1177100.0
2020-04-23,81.32195934912174,82.52645947344557,80.98937011610953,81.03431701660156,904900.0
2020-04-24,81.57364660018035,82.52646055325782,80.88150958591231,82.19387817382812,1099200.0
2020-04-27,82.75120296999367,84.87256832623552,82.67929751058075,84.5579605102539,1562900.0
2020-04-28,86.04110158600035,86.96695019102285,84.9534537295609,85.72649383544922,2456500.0
2020-04-29,87.74000779609578,89.12428903254148,87.47933079138171,88.70181274414062,1928100.0
2020-04-30,87.57818495613732,87.57818495613732,86.02311410020282,86.41862487792969,2126900.0
2020-05-01,84.56692803965802,84.73771117403929,82.85904869030618,83.29949951171875,1327800.0
2020-05-04,82.3017593631009,83.47031049012118,81.6455783418469,83.36244201660156,2316300.0
2020-05-05,84.468052892634,85.19614606847114,83.5871443653051,83.73995971679688,1218400.0
2020-05-06,84.23435804076813,84.53998194638532,82.49951289816578,82.53546905517578,1284700.0
2020-05-07,83.72201302380223,85.12426916266368,83.72201302380223,84.01864624023438,1749500.0
2020-05-08,85.30402751189675,86.46358780503867,84.998403620294,86.31976318359375,1453400.0
2020-05-11,85.38492327488686,85.9781895483652,84.58491768157361,85.29503631591797,1370000.0
2020-05-12,85.60963002280786,85.87929771330316,83.0657958984375,83.0657958984375,2404800.0
2020-05-13,82.69725591847963,82.70624667086639,79.9107193189004,80.62982177734375,2939300.0
2020-05-14,79.51521196756198,81.90624471927094,78.2028432373359,81.8792724609375,3231100.0
2020-05-15,81.09725735103645,82.33771391155442,80.5848941132208,82.03209686279297,1013400.0
2020-05-18,84.80965241639718,86.99393948143856,84.78268701007784,86.51753234863281,1905200.0
2020-05-19,86.22988033238829,86.78719048013605,85.26807541894239,85.32200622558594,1549300.0
2020-05-20,86.53549514091542,87.35348226282889,86.47257358214789,86.8770751953125,924800.0
2020-05-21,86.72425874477041,87.28156196919655,85.96919325067043,86.49054718017578,662800.0
2020-05-22,86.49954792214173,86.63437493850225,85.69953543010014,86.56246948242188,947900.0
2020-05-26,89.02539309984377,90.0411286486861,89.02539309984377,89.3669662475586,1638300.0
2020-05-27,91.23665101172978,91.62317108836288,89.38495368819842,91.5782241821289,2545100.0
2020-05-28,92.38722359739951,92.38722359739951,90.42765774773302,90.66136932373047,1381300.0
2020-05-29,90.11304954500521,90.8231681648707,89.09731389928977,90.52653503417969,1500200.0
2020-06-01,90.37371309361538,91.88383706610973,90.26584464631786,91.58720397949219,1369900.0
2020-06-02,92.16252003385333,92.74679565429688,91.75802522012748,92.74679565429688,1442500.0
2020-06-03,93.57374737028645,95.57826008705146,93.57374737028645,95.2546615600586,4706600.0
2020-06-04,94.83217731999024,96.00072821971371,94.436666518619,95.74005126953125,2275000.0
2020-06-05,99.36258442851413,100.53112888157564,98.81426493651574,99.27269744873047,5838300.0
2020-06-08,100.59402560466827,101.71762964265481,100.1805332837066,101.65470123291016,1944000.0
2020-06-09,100.21649293284315,100.21649293284315,98.57154177586213,99.11087036132812,4173000.0
2020-06-10,98.87716086068139,98.87716086068139,96.56703110398107,96.66590881347656,2135600.0
2020-06-11,92.674860154138,93.51082183698037,89.645628041357,89.97821044921875,2533700.0
2020-06-12,92.89059911577684,93.41195308794805,89.6636112846593,91.77598571777344,3291700.0
2020-06-15,89.36697515616947,93.25914145257666,88.63888188491033,92.7917251586914,1740400.0
2020-06-16,96.18053610941557,96.4322223963572,93.06140921495245,94.7243423461914,1438300.0
2020-06-17,94.91308246742058,94.91308246742058,93.47487058761291,93.66363525390625,1013800.0
2020-06-18,92.77373708444253,94.16700883019818,92.6029470766837,93.6007080078125,733300.0
2020-06-19,95.05689514376651,95.11082593938002,92.12653409192619,92.62991333007812,1534200.0
2020-06-22,92.23729739756197,92.99548303392406,91.50618194954266,92.73372650146484,2112100.0
2020-06-23,93.70854183077864,93.86198317707601,92.78788686665801,92.842041015625,799100.0
2020-06-24,91.93041337000108,91.93041337000108,89.12330835307543,89.77318572998047,1681200.0
2020-06-25,89.3579728043377,90.79311269848141,88.78933363830002,90.69383239746094,1116900.0
2020-06-26,90.34180246152565,90.49525066627014,88.50951396690664,88.85250854492188,1577600.0
2020-06-29,89.51142712920003,90.71189465143736,88.8435006788463,90.62163543701172,798600.0
2020-06-30,90.53137076657418,92.33658249163977,90.31474040140422,91.84917449951172,972800.0
2020-07-01,92.10190930260849,92.76983575813104,91.28956259381799,91.72281646728516,1211400.0
2020-07-02,93.11283077030578,93.65439294944517,92.0838536777032,92.27340698242188,819200.0
2020-07-06,93.67243782335026,94.1147127796753,92.93230127168256,93.28431701660156,752100.0
2020-07-07,92.57123963228273,92.86007318471047,91.67766190544923,91.79499816894531,614500.0
2020-07-08,91.91234694131508,92.35462183913948,91.16318250169941,92.06578826904297,1398200.0
2020-07-09,92.05676494061306,92.11092597210198,89.71901919036098,90.60356903076172,5261000.0
2020-07-10,90.53137315509983,92.14703163168421,90.5133171810245,92.12898254394531,4634900.0
2020-07-13,92.67053274211429,93.63632064044555,91.62351362993378,91.69571685791016,3302900.0
2020-07-14,91.3978723101974,93.28431527276338,91.13611578157764,93.18502807617188,1397000.0
2020-07-15,94.7736154252017,95.64011622558606,94.34036158184142,95.34225463867188,1351300.0
2020-07-16,94.78264516827986,95.62206891019648,94.5299166242768,95.20687103271484,977100.0
2020-07-17,95.55886038160234,95.80256087134391,94.97216534572924,95.53177642822266,650000.0
2020-07-20,95.32419823397102,95.53179370976113,94.69237693417195,95.02633666992188,1220700.0
2020-07-21,95.64010869595339,96.51563741419447,95.58595455217292,95.97407531738281,1767200.0
2020-07-22,95.75744335588735,96.79544137431317,95.63107909830529,96.74128723144531,1107500.0
2020-07-23,96.66004285453513,97.4092072517955,96.01919362231301,96.57881164550781,1294300.0
2020-07-24,96.28096388226926,96.43440522327643,95.54082736444725,95.87479400634766,2315900.0
2020-07-27,95.93798550733761,96.32610633423356,95.288108133341,96.26292419433594,1007100.0
2020-07-28,95.95602172373724,96.38024755742815,95.55887984894359,95.67621612548828,787200.0
2020-07-29,96.03725384062187,97.45434460245669,96.03725384062187,97.24674224853516,826500.0
2020-07-30,96.1816763830908,96.64200729098738,95.3693366338259,96.47953796386719,1173800.0
2020-07-31,96.3532017393649,96.43443298339844,94.96318751086267,96.43443298339844,1888700.0
2020-08-03,96.5968801464559,96.9850009579388,96.06434597222912,96.6690902709961,1053600.0
2020-08-04,96.5427166969835,97.22869904136678,96.48856255196287,97.1474609375,710400.0
2020-08-05,97.77026230510171,98.02299083329679,97.62584895456278,97.93273162841797,1429600.0
2020-08-06,97.59877050920265,97.99591929670935,97.37311904108954,97.86052703857422,1786000.0
2020-08-07,97.50851271340254,98.8533935546875,97.4543585638976,98.8533935546875,1620000.0
2020-08-10,99.04293555710211,99.99066749705386,99.01585159910154,99.8913803100586,3978700.0
2020-08-11,100.9203594855638,101.36264131724081,99.49424745355978,99.7830810546875,4910300.0
2020-08-12,100.65859217614532,100.82106148977219,100.00872180797332,100.36975860595703,1522100.0
2020-08-13,99.91844527388886,100.38780408032468,99.60253466551943,99.8823471069336,1583500.0
2020-08-14,99.62060588799987,100.46002956809491,99.53033979778694,100.17119598388672,649800.0
2020-08-17,100.31561868135184,100.3607517306643,99.93652585793845,100.2163314819336,821400.0
2020-08-18,100.18926206427821,100.21633914140058,99.47620252592877,99.638671875,696900.0
2020-08-19,99.77404708022416,100.0628806640184,99.04293857763099,99.25053405761719,981900.0
2020-08-20,98.57356059671542,99.05194048157189,98.27569908437043,98.7901840209961,613500.0
2020-08-21,98.66384195183026,98.75410804470246,98.29377713913121,98.60968780517578,574500.0
2020-08-24,99.18735892350037,100.22535705566406,98.88949733241807,100.22535705566406,967200.0
2020-08-25,100.64055493126227,100.73081414137731,99.65671783423666,100.22535705566406,1465200.0
2020-08-26,100.09898130965354,100.28852769506786,99.68378348165042,100.05384826660156,935800.0
2020-08-27,100.4149180069463,100.98355731073566,100.21634358412982,100.568359375,1743600.0
2020-08-28,100.93841103392877,101.46192406500137,100.46905214871336,101.39873504638672,720400.0
2020-08-31,101.20919906164556,101.36264730125377,100.55030059814453,100.55030059814453,1603200.0
2020-09-01,100.29757514196002,101.08283790728096,99.92750339886732,101.06478881835938,2348400.0
2020-09-02,101.28140918765517,103.17688023735008,101.17309399846185,102.86096954345703,1904800.0
2020-09-03,102.76166670417925,103.30322879506204,99.72891073163287,100.49612426757812,1864800.0
2020-09-04,101.20918365863649,101.4528910756478,98.79019989215406,100.2614517211914,3138700.0
2020-09-08,99.25956855293731,99.25956855293731,97.96884188433022,98.17643737792969,1584400.0
2020-09-09,98.94364828407176,100.06287752537587,98.72701793826919,99.31371307373047,1899000.0
2020-09-10,99.55741460776437,100.1350817230957,97.72511919439368,97.88758850097656,2408900.0
2020-09-11,98.39304799307652,98.83532285209478,97.53556845753596,98.40206909179688,1330100.0
2020-09-14,99.196401333301,100.31563085140026,99.08808613361242,99.99069213867188,984900.0
2020-09-15,100.49613571314966,100.83913035596328,99.96360154759266,100.0899658203125,1354700.0
2020-09-16,100.64055251224971,101.94030714294131,100.46003409635861,100.75788879394531,1321900.0
2020-09-17,99.50324863040568,100.69468785728651,99.02486871991839,100.32462310791016,1613000.0
2020-09-18,100.39684059134372,100.47807180339372,98.59162909154409,99.1151351928711,1173500.0
2020-09-21,97.48034335163764,97.58008195319002,95.576254725206,96.61896514892578,1780800.0
2020-09-22,96.71871047285441,97.46221206123845,96.22908646328759,97.07232666015625,1372500.0
2020-09-23,97.29902912127194,97.7795842217684,94.94158495945804,94.98692321777344,1508300.0
2020-09-24,94.75117438361538,96.23817790665464,93.82633342861168,95.14105987548828,2346200.0
2020-09-25,94.75114799476505,96.71870605844072,94.56980885178517,96.46482849121094,1121600.0
2020-09-28,97.69796128989954,98.65907127084506,97.58915364544242,98.32359313964844,1276600.0
2020-09-29,98.30546905184761,98.3417382718239,97.04514305766851,97.5347671508789,1128000.0
2020-09-30,97.83396772866168,99.03989316312293,97.38968195930843,98.02437591552734,1771400.0
2020-10-01,98.51399090503018,99.02174602347814,97.66168174108283,98.37798309326172,1076600.0
2020-10-02,96.80936787144248,99.1940182246222,96.75496751643725,98.81320190429688,1907300.0
2020-10-05,99.48419519465841,100.65385160601284,99.48419519465841,100.5450439453125,1204000.0
2020-10-06,101.05278667861464,101.90509595443199,99.3481750446255,99.51138305664062,2366500.0
2020-10-07,100.49970465566405,101.60589164963005,100.49970465566405,101.32481384277344,2988700.0
2020-10-08,101.9232288837851,102.83900059393498,101.80535220915446,102.82086944580078,4542400.0
2020-10-09,103.38301498537507,103.6459615726267,102.66672056208822,102.9749984741211,1831000.0
2020-10-12,103.4192872773874,103.98144967905321,103.12914050309256,103.77290344238281,1469700.0
2020-10-13,103.31955510384184,103.50090117258762,102.4219145458971,102.72113037109375,992400.0
2020-10-14,102.86621121861137,103.48277408245035,102.34032485758517,102.4400634765625,764800.0
2020-10-15,101.31571886405587,102.9840679621603,101.16157990735688,102.91152954101562,1052000.0
2020-10-16,103.14728545337834,103.43743224704225,102.70299277117013,102.82086944580078,896000.0
2020-10-19,103.02036259450355,103.36490980349586,101.24321234378907,101.45175170898438,1286200.0
2020-10-20,101.99576800256658,103.05662356515312,101.85976016965591,102.00483703613281,1585100.0
2020-10-21,101.94137902162966,102.45820331029431,101.59683180173539,101.6603012084961,1077800.0
2020-10-22,101.7690843727075,103.05661727231056,101.42453721233221,102.95687866210938,1227500.0
2020-10-23,103.48275457495842,103.59156220723494,102.64858348043903,103.50089263916016,1280900.0
2020-10-26,102.38565301114916,102.38565301114916,100.09167868121547,101.08905792236328,1813300.0
2020-10-27,101.10720261342544,101.19787220171621,99.85593877501586,99.87407684326172,1244700.0
2020-10-28,97.96090697184441,98.65000821152218,96.67338098749163,96.81845092773438,2317500.0
2020-10-29,96.66431950440034,98.541208264638,96.06588779533965,97.7977066040039,1970700.0
2020-10-30,97.24460025727473,97.87929418187261,96.11121330788924,97.4803466796875,1844600.0
2020-11-02,98.82228546527783,99.79246454007557,98.17852242664063,99.65646362304688,1862200.0
2020-11-03,100.9893245507927,102.29498874090963,100.89865496373372,101.73282623291016,2303200.0
2020-11-04,102.16804645665803,103.52811096917071,100.91678959549887,101.8144302368164,3016900.0
2020-11-05,103.01126021062397,104.32598613384852,102.92059064999539,103.79103088378906,2319800.0
2020-11-06,103.7094381987347,104.10839262345996,103.08381329899605,103.3648910522461,1548100.0
2020-11-09,109.82974921068335,111.03567483494373,107.66271346783917,107.79872131347656,4505900.0
2020-11-10,107.83498331990752,108.6238232377181,107.36349732657037,108.38807678222656,3757600.0
2020-11-11,109.1043619576891,109.1315621374023,107.65362805927735,108.18858337402344,2885600.0
2020-11-12,107.49950026226914,107.77151594045083,105.63168048620275,106.50212097167969,2249900.0
2020-11-13,107.29095270665991,109.12250312451827,107.17307602688612,108.85049438476562,3897800.0
2020-11-16,110.91778056329017,111.17165812966942,109.82972495612132,111.1263198852539,3030400.0
2020-11-17,110.39190207793214,111.12633469535838,109.39452282667095,110.86338806152344,1795000.0
2020-11-18,111.10818651626938,111.53434110173211,109.50330677602236,109.54864501953125,2234300.0
2020-11-19,109.20411261701055,110.15615360029507,108.64195014284805,110.10175323486328,1785400.0
2020-11-20,110.065482644638,110.16522125844824,109.32198101655429,109.47611999511719,1435500.0
2020-11-23,110.30123432184173,111.42555239183477,110.21056473706979,111.09913635253906,1635000.0
2020-11-24,112.63147085974667,113.72858867719833,112.25971659257986,113.5200424194336,2984800.0
2020-11-25,113.22083490538951,113.22083490538951,112.22344877019562,112.67680358886719,3255500.0
2020-11-27,112.9488143852695,113.04855299449567,112.33225158171017,112.62239837646484,861400.0
2020-11-30,112.32316760758654,112.39570602603747,110.96310339103094,111.41645812988281,1823300.0
2020-12-01,112.81282719592959,113.32058936785602,112.35947231385208,112.45014190673828,4167500.0
2020-12-02,112.16905485673195,112.88535634154682,111.7973074812168,112.76748657226562,2231800.0
2020-12-03,112.97602126004053,114.01873874340998,112.79468209669177,113.40217590332031,1534900.0
2020-12-04,113.93712166313539,115.24277866861847,113.93712166313539,115.22464752197266,1117400.0
2020-12-07,115.0342657261307,115.05239687693334,114.2272946213108,114.6534423828125,3665800.0
2020-12-08,113.98246992697958,115.21559561148383,113.9099314943274,114.97078704833984,2336600.0
2020-12-09,115.45133880655523,115.56013953482292,113.94619750082747,114.59902954101562,2372100.0
2020-12-10,113.91899777765077,114.85290759315313,113.8011280156708,114.69876861572266,2550300.0
2020-12-11,113.94619312526945,114.41768598847568,113.18456038606044,113.99153137207031,1805500.0
2020-12-14,115.16118755903429,115.36066477669023,113.12109097097265,113.17549133300781,2101300.0
2020-12-15,113.92806542811472,115.0795836046979,113.5291109806471,115.05238342285156,2874200.0
2020-12-16,115.24280345949126,115.24280345949126,114.41770121554097,114.80758666992188,2062400.0
2020-12-17,115.34254129991074,115.5057493243047,114.88011741118684,115.46041107177734,2290200.0
2020-12-18,115.6417168181007,115.70518619890757,114.38139131519029,115.18836212158203,4389300.0
2020-12-21,113.35227114215895,114.57150076159708,112.38779856457876,114.271240234375,2145400.0
2020-12-22,114.33493738240857,114.35313183463064,113.6525308844159,113.83450317382812,1177400.0
2020-12-23,114.28031964764749,115.04461839806841,114.22572935897335,114.49868774414062,3870400.0
2020-12-24,114.63518677609662,114.78987085242132,114.1438532824833,114.71707916259766,886000.0
2020-12-28,115.57235600376556,115.7725296777723,114.93544607901467,115.06282806396484,1272600.0
2020-12-29,115.49956318953144,115.65424031162514,114.13475035313445,114.4896011352539,1986700.0
2020-12-30,114.67158530907473,115.56326617582287,114.67158530907473,115.30850219726562,832600.0
2020-12-31,115.29031109041651,116.19108579263039,114.7261858434208,116.0455093383789,1614900.0
2021-01-04,116.42763499054321,116.66420449687635,113.38865501805219,114.3713150024414,3623900.0
2021-01-05,114.243938518383,115.91811265186058,114.22574406708105,115.34488677978516,3296600.0
2021-01-06,115.8817388205654,118.85703545394696,115.86353742400837,118.10183715820312,4797800.0
2021-01-07,118.920707634061,119.64861070403676,118.67503739767997,119.27555847167969,2602400.0
2021-01-08,119.7577766038641,119.81236689778146,118.22919283979992,119.48482513427734,1470800.0
2021-01-11,118.37476839774465,119.61219921802504,118.22007739706514,119.34832763671875,1723700.0
2021-01-12,119.49391258551876,120.41288154637328,119.28464517534275,120.2854995727539,1513300.0
2021-01-13,120.16723721658141,120.32191435113995,119.48483074339036,119.89427185058594,2199800.0
2021-01-14,120.37651741141038,120.9952260152476,120.15814231874016,120.29463195800781,1925000.0
2021-01-15,119.47573005397496,119.75778919125742,118.29288932159392,119.39384460449219,2199200.0
2021-01-19,120.24003068054176,120.29463486772764,119.56673175815023,119.96707916259766,1689700.0
2021-01-20,120.34922068378356,120.86784243213627,119.95796704999083,120.71316528320312,1676100.0
2021-01-21,120.57668521175881,120.8405429543504,119.88517106058796,120.10354614257812,2770800.0
2021-01-22,119.38476481989825,119.83059490831882,118.86612914528943,119.59403228759766,1547200.0
2021-01-25,119.19365838859203,119.87606482974809,118.12001225196522,119.48482513427734,2302800.0
2021-01-26,119.91246567320077,120.10354560453567,118.72053119198566,118.8934097290039,2425700.0
2021-01-27,117.26472726612577,117.6104704220605,115.56325804082401,116.15467834472656,3483000.0
2021-01-28,116.8916703309514,118.21098661992406,116.8734689391907,117.18282318115234,2472600.0
2021-01-29,116.88258189249235,117.24652644269364,114.48960551831469,115.0992202758789,2603600.0
2021-02-01,116.04551011328377,116.94628482151265,115.31760701177049,116.62782287597656,1905300.0
2021-02-02,117.69237928099128,118.7751192595578,117.54679589638553,118.1655044555664,2524400.0
2021-02-03,117.95623318993344,118.7114313540255,117.62867752699707,118.47486877441406,2945000.0
2021-02-04,118.73875030200531,120.00347666558697,118.62956968700772,119.98527526855469,1358100.0
2021-02-05,120.7950547091827,120.99522841052728,120.38561355046765,120.60398864746094,1398200.0
2021-02-08,121.23178133953033,122.01427459716797,120.98611113861305,122.01427459716797,908200.0
2021-02-09,121.81411101022199,122.23264587823076,121.44105880086103,121.96878814697266,1483700.0
2021-02-10,122.53290105402976,122.76036987173241,121.51384519347226,122.34183502197266,2615000.0
2021-02-11,122.56933771993457,122.87869206545822,121.35920160922281,122.37825775146484,2329100.0
2021-02-12,122.05976804733385,123.169817043172,122.0051777497673,123.11522674560547,1676600.0
2021-02-16,123.68845535139337,123.77034079954004,122.92416340149951,123.20622253417969,949600.0
2021-02-17,122.81496904272946,123.18802126278591,122.21446187212649,123.14252471923828,1569000.0
2021-02-18,122.42373176654726,122.7603812050766,121.74132525043898,122.4510269165039,1767400.0
2021-02-19,123.06973643971084,123.72484781089845,123.04244128954437,123.37910461425781,1586500.0
2021-02-22,122.82406414541943,124.29805759746637,122.82406414541943,123.5883560180664,3109800.0
2021-02-23,123.46095599931151,124.33442833082168,121.78678912759003,123.9158935546875,3126800.0
2021-02-24,123.86135247584109,126.05414181235301,123.73397046507442,125.8721694946289,3127000.0
2021-02-25,125.82664766700067,125.95402965217758,122.44192436321491,122.94234466552734,2648200.0
2021-02-26,123.26990203226455,123.51557225122062,121.13170340264001,122.10526275634766,3919800.0
2021-03-01,123.70665283213948,125.51729580732895,123.70665283213948,124.87129211425781,1647800.0
2021-03-02,124.90769011470391,125.09877005184686,124.02510989206523,124.25257873535156,7091100.0
2021-03-03,124.29804509705836,125.08963203672052,123.61563873291017,123.61563873291016,3769200.0
2021-03-04,123.58835260885733,124.10697426399207,120.10352885557711,121.932373046875,4664600.0
2021-03-05,123.5337579912599,125.07144927822752,120.6494553153215,124.71659851074219,4718900.0
2021-03-08,125.23523143863275,127.15506881108851,124.78938755883964,125.53549194335938,5378700.0
2021-03-09,126.5454888335524,126.93672864254869,125.61741191687479,125.71749877929688,4569400.0
2021-03-10,126.22699764623334,127.53722031169742,126.16331359411531,127.00949096679688,4141500.0
2021-03-11,127.50084725496342,128.6290838920984,127.21878809567967,127.86479187011719,2886800.0
2021-03-12,128.0194674480611,128.8565511594765,127.83749514272678,128.83836364746094,2890300.0
2021-03-15,129.1022163756927,130.00299799484407,128.38342093837943,129.93020629882812,3732300.0
2021-03-16,129.74822629424017,129.77552144317542,128.41980221714417,128.72915649414062,2960800.0
2021-03-17,128.4652797460199,129.4297452219048,127.89205393603058,129.3933563232422,2329200.0
2021-03-18,128.98394869459193,130.0485013867743,127.85571193549197,128.12867736816406,3131300.0
2021-03-19,128.1104343781318,128.7291428666271,126.84570837150139,127.89205932617188,4131100.0
2021-03-22,128.1169456213055,128.48257058524516,127.4679452704595,128.06210327148438,3249100.0
2021-03-23,127.59590260612151,127.84270710326305,125.8043209357157,126.21565246582031,3110600.0
2021-03-24,126.83720777001069,127.8061402525688,126.05110168457031,126.05110168457031,3069000.0
2021-03-25,125.65805788177018,127.8518352097863,124.82624518204975,127.56847381591797,4005600.0
2021-03-26,128.318003087964,130.0456063012536,127.95236429158099,129.95419311523438,3298800.0
2021-03-29,129.47891469350077,129.8811105355804,128.5831237392226,129.27781677246094,2355900.0
2021-03-30,128.93045320595772,129.7714016519301,128.8390400051732,129.52459716796875,3239900.0
2021-03-31,129.68915027054317,130.1370387322714,129.31437563904598,129.48805236816406,5188800.0
2021-04-01,129.9267769720859,130.79514648206504,129.58857327658848,130.7860107421875,4569200.0
2021-04-05,131.79152354451912,132.16629820142825,131.41676283530845,131.97434997558594,2611300.0
2021-04-06,131.89208653030775,132.51366577710826,131.83724417423417,132.14804077148438,2715600.0
2021-04-07,132.22112650908593,132.32167545641448,131.3161999308261,131.65440368652344,2521700.0
2021-04-08,131.89204965223308,131.92862051118993,131.1059435570134,131.9011993408203,2442900.0
2021-04-09,132.09317525816104,132.6873332855,131.78239263027857,132.659912109375,2340100.0
2021-04-12,132.6781648913344,132.96154025084337,132.40395316874017,132.88841247558594,1682800.0
2021-04-13,132.58678432380873,132.8975669516912,131.98349055366108,132.659912109375,2648000.0
2021-04-14,132.69647095529848,133.5374195799744,132.62334316867023,132.87014770507812,2033500.0
2021-04-15,133.5191091041783,133.99441865691438,133.05292134402072,133.9121551513672,2824300.0
2021-04-16,134.57029390622156,134.7348209207577,134.13154125309646,134.5063018798828,1578600.0
2021-04-19,134.3509505732173,134.38752144134597,133.4825807491047,133.87564086914062,1987600.0
2021-04-20,133.55567863408066,133.63794214740184,132.36737674455492,132.87925720214844,3054400.0
2021-04-21,132.78786851185225,134.68914889681375,132.6416129558481,134.63429260253906,3009300.0
2021-04-22,134.7166026832738,135.09136345817518,133.43688717998089,133.78424072265625,2459100.0
2021-04-23,133.9944459643702,135.60322923286287,133.85734009384998,135.22845458984375,1597400.0
2021-04-26,135.46613647638227,135.88661780947265,135.19191073286254,135.45700073242188,1721400.0
2021-04-27,135.45697015145606,135.7311958330662,135.14618755455675,135.6032257080078,1416700.0
2021-04-28,135.70376253847465,135.97797424789437,135.42038719258042,135.6397705078125,1678200.0
2021-04-29,136.37105217648,136.67269904412964,135.53010361259228,136.5264434814453,2276800.0
2021-04-30,135.88658379804468,136.14252404188295,135.2010265846857,135.5392303466797,1766000.0
2021-05-03,136.32534249783944,136.93777196161975,135.98713872098858,136.3436279296875,2499100.0
2021-05-04,135.8683001390559,136.19736816366793,134.9542238426554,136.188232421875,3329900.0
2021-05-05,136.59043910804286,136.86466483635607,135.67636264546547,136.47161865234375,2963500.0
2021-05-06,136.48074822605045,137.22114789563565,135.62151415843823,137.1663055419922,2270800.0
2021-05-07,137.00179550539718,138.68369298205837,136.80983329609188,138.61056518554688,3671100.0
2021-05-10,138.97614693189476,139.7165604105606,138.0712203707977,138.14434814453125,4154400.0
2021-05-11,136.69094650772763,137.2668189672867,135.29241106110908,136.480712890625,4273700.0
2021-05-12,135.89567458222155,136.27044908232088,133.2539955519159,133.45509338378906,4357100.0
2021-05-13,133.70194767418653,135.9140107021827,133.51913519912114,135.25587463378906,2993700.0
2021-05-14,136.069373191077,137.69642758572118,136.03281628288386,137.37649536132812,2992200.0
2021-05-17,137.02917249710993,137.46792518699098,136.39845765982665,137.2302703857422,3319500.0
2021-05-18,137.40394135815527,137.44049826924334,136.00539193743256,136.01454162597656,2383100.0
2021-05-19,134.42404442853584,135.3564060626638,133.39113385398528,135.31069946289062,3919400.0
2021-05-20,135.55750100892072,136.7914954899066,135.31069653364528,136.33445739746094,2460200.0
2021-05-21,136.8098006353136,137.54106447815192,136.20650691889463,136.51730346679688,2968500.0
2021-05-24,137.22112829530658,137.76044390706437,136.91034570391892,137.30340576171875,3187600.0
2021-05-25,137.69644237337505,137.8335482284421,136.526425917815,136.72752380371094,1637300.0
2021-05-26,136.91946941570643,137.28510826847574,136.70923579267412,137.19369506835938,3546000.0
2021-05-27,137.84272652837308,138.0438244560096,137.65991403443968,137.87014770507812,1843300.0
2021-05-28,138.34544044246422,138.4734105544003,137.81527456510167,138.13519287109375,1552200.0
2021-06-01,139.11328486402556,139.24125499780916,138.23576541258194,138.59225463867188,2395400.0
2021-06-02,138.84820137487756,138.92132916154628,138.2266361097423,138.69281005859375,1741100.0
2021-06-03,138.08950213664428,138.74762418738803,137.48620848012487,138.49168395996094,2884300.0
2021-06-04,139.0584409103446,139.33265265979207,138.5922530408872,139.17726135253906,2075800.0
2021-06-07,139.4240607768984,139.4240607768984,138.7110823590073,138.9304656982422,2400100.0
2021-06-08,139.07673531467694,139.2869829541661,138.28149321482863,139.10415649414062,1646000.0
2021-06-09,139.2869618604319,139.2869618604319,138.4734344482422,138.4734344482422,1600900.0
2021-06-10,139.09501465573393,139.36924038605622,138.22664479946343,138.738525390625,1756400.0
2021-06-11,138.95791485290115,139.20470546807437,138.57400439270884,139.10415649414062,1315500.0
2021-06-14,139.0767119096486,139.17726086666107,138.00724424744197,138.67453002929688,1441900.0
2021-06-15,138.80250871244638,139.00360663886053,138.18092949961195,138.69281005859375,2714500.0
2021-06-16,138.59224552775058,138.6836587377431,137.14800328559394,137.7512969970703,2776700.0
2021-06-17,137.57762031983037,137.94325921224404,135.45697053462155,136.39846801757812,3518800.0
2021-06-18,135.17365595771054,135.29247643468943,133.98535355400466,134.04933166503906,2341900.0
2021-06-21,134.92012748541438,136.69853073138503,134.8284657230198,136.63436889648438,4364700.0
2021-06-22,136.68022644094216,137.28523892063038,136.0568620232762,136.91856384277344,2095500.0
2021-06-23,137.03769732155752,137.2851966283751,136.652684412088,136.68934631347656,2445700.0
2021-06-24,137.36772337368075,137.7435603525249,137.01937233266193,137.5877227783203,1848400.0
2021-06-25,137.9544272717489,138.7152912697428,137.79858968002816,138.55027770996094,2162900.0
2021-06-28,138.7886269868077,138.80696493674597,137.4869122963405,137.97276306152344,2222200.0
2021-06-29,138.23860676439025,138.66945764378488,137.78025595548164,137.87191772460938,1883000.0
2021-06-30,137.79860142344478,138.37611396250733,137.79860142344478,138.1744384765625,2614000.0
2021-07-01,138.63281984109443,139.320346243384,138.5503200298822,139.1370086669922,2159200.0
2021-07-02,139.40282262383946,139.66865994008742,138.99029570298788,139.5494842529297,1228400.0
2021-07-06,139.43950704636666,139.43950704636666,137.38609004226012,138.33029174804688,2424500.0
2021-07-07,138.27528054509665,138.81613118897798,137.5785922913389,138.66029357910156,2481700.0
2021-07-08,136.9001966942529,137.91773590420476,136.24017050467577,137.38604736328125,3747100.0
2021-07-09,138.24776120194062,139.43947603763235,138.19276134591354,139.33863830566406,3006800.0
2021-07-12,138.99947780622364,139.833665689875,138.62362676687368,139.787841796875,1809600.0
2021-07-13,139.49445933670376,139.56779713195382,138.4310822872088,138.46775817871094,2234300.0
2021-07-14,138.9077863171378,139.46697482844672,137.95442284901156,138.26609802246094,2338600.0
2021-07-15,137.61523880641911,138.2294271958292,137.19356390634954,137.8994140625,5040600.0
2021-07-16,138.35776327069084,138.50443888109868,136.6985356427508,136.87271118164062,2092400.0
2021-07-19,134.92931741701315,135.14015487887153,133.4809271388303,134.3976287841797,6121100.0
2021-07-20,134.71846685442088,137.37689577231154,134.55345330067112,136.946044921875,2391600.0
2021-07-21,137.64277209508822,138.50447404028114,137.62444812995278,138.32113647460938,1733600.0
2021-07-22,138.31194721896486,138.31194721896486,137.42274551364662,137.93609619140625,1664700.0
2021-07-23,138.61445742655746,139.2194698620584,138.12859270163378,139.08197021484375,2106100.0
2021-07-26,138.96279982651453,139.696163944383,138.88030003504056,139.4761505126953,2110500.0
2021-07-27,139.02694699599073,139.34778411483512,138.42192067439262,139.22862243652344,4277300.0
2021-07-28,139.46698627461345,139.8519992830179,138.48612279819767,139.30198669433594,2638000.0
2021-07-29,139.9436796686249,140.79620550375955,139.8336659570456,140.34703063964844,2714100.0
2021-07-30,139.81532873451158,140.83286804663075,139.77865283821112,139.9619903564453,2070000.0
2021-08-02,140.60368409935722,141.44704782213975,139.68698257619073,139.7511444091797,2172000.0
2021-08-03,139.99866646874432,140.9428679774754,138.9077893500972,140.92453002929688,2180700.0
2021-08-04,140.22784801148015,140.6128610135719,139.59532165527344,139.59532165527344,2270300.0
2021-08-05,140.10870068308097,140.64955139160156,140.03536286006403,140.64955139160156,1476400.0
2021-08-06,141.0986978677269,141.5112107588181,140.8420225582588,141.22703552246094,1910600.0
2021-08-09,141.00707249507772,141.24540991887244,140.49370775590938,140.90623474121094,1861900.0
2021-08-10,141.08956358516417,141.94208946159412,140.9062260406612,141.5662384033203,1845700.0
2021-08-11,141.85958170869574,142.48293212259756,141.41956882901462,142.47377014160156,2127200.0
2021-08-12,142.40959711061046,142.51043484467303,141.74957084906555,142.40042114257812,1601800.0
2021-08-13,142.52878750722607,142.6571251957176,142.20795027987677,142.3821258544922,1672800.0
2021-08-16,141.8595973828382,142.473785883606,141.24540888207036,142.42794799804688,2458800.0
2021-08-17,141.61206780052962,141.65790568084813,140.2003534059174,141.3553924560547,3097700.0
2021-08-18,141.02536616289512,141.5203928438074,139.80615139634088,139.8978271484375,1788100.0
2021-08-19,138.83446430275862,140.08117912609472,138.62362683647777,139.58616638183594,2900600.0
2021-08-20,139.54950401756037,140.7503810765939,139.31116659724552,140.59454345703125,2207100.0
2021-08-23,141.40124454618285,141.96959515352722,141.31874474597325,141.6487579345703,1745500.0
2021-08-24,141.97872748208752,142.492078064833,141.90538968630185,142.22622680664062,1144400.0
2021-08-25,142.36374745717052,143.32628684128045,141.98789648059585,142.97793579101562,1225400.0
2021-08-26,142.86794801085355,142.90460991974183,141.85957066947373,141.9970703125,1735300.0
2021-08-27,142.3179522443558,143.73884280988673,142.3179522443558,143.51882934570312,1623800.0
2021-08-30,143.63798128743994,143.81215683596278,143.16129252112847,143.30796813964844,1514900.0
2021-08-31,143.30797173245014,143.47297131660406,142.9687965954067,143.2804718017578,1477800.0
2021-09-01,143.63798128743994,143.63798128743994,142.79461746258542,143.30796813964844,1300100.0
2021-09-02,143.84879700521344,144.34382364596013,143.77545920703784,144.27964782714844,1321600.0
2021-09-03,143.99551712367764,144.12385481322713,143.65634194153097,143.8121795654297,1118900.0
2021-09-07,143.56463054885057,143.7938059367398,142.48291544438038,142.61126708984375,1626100.0
2021-09-08,142.38209264661268,142.9137672408183,141.92374186779318,142.51959228515625,1438600.0
2021-09-09,142.40963853869508,143.22550262881325,142.06128735827605,142.1162872314453,1464200.0
2021-09-10,142.81295660080212,142.91379435078102,141.1445667230477,141.1812286376953,1987200.0
2021-09-13,142.22627462063772,142.3912882135688,140.86955991188447,141.57542419433594,2194700.0
2021-09-14,142.00624479302357,142.0979065581622,140.2645034023174,140.5670166015625,2146300.0
2021-09-15,140.59452114472725,142.02457341518502,140.30118390379675,141.81373596191406,2816800.0
2021-09-16,141.74960337084113,142.0887785597071,140.80540163878769,141.5479278564453,2159100.0
2021-09-17,141.20870905110417,141.56622211747177,140.2003456784614,140.29200744628906,3120900.0
2021-09-20,138.14554109476617,138.67917193089025,136.5354531377696,138.1731414794922,4130100.0
2021-09-21,138.973604898645,139.2128129300176,137.4923233085155,137.67633056640625,2452700.0
2021-09-22,138.6147940177813,140.12367608375575,138.52278336397546,139.22203063964844,3319000.0
2021-09-23,139.96726602663844,142.05577023985333,139.92126070077967,141.2645263671875,3218400.0
2021-09-24,140.8504965157382,141.83495707160006,140.82289612995268,141.5037384033203,2444000.0
2021-09-27,141.7797434839579,142.73658952868746,141.71533323037838,141.9729461669922,3239300.0
2021-09-28,141.56811505656592,141.66932113674213,139.65440901977584,139.84762573242188,4857900.0
2021-09-29,140.30769779003495,140.85052420232336,139.856868002164,140.1512908935547,2633500.0
2021-09-30,140.54687012704696,140.54687012704696,137.7959288841613,137.84193420410156,4426400.0
2021-10-01,138.54119621754614,140.4273024174836,137.46473889302118,139.70045471191406,3351600.0
2021-10-04,139.45202135889065,140.31685679026342,138.20994792163475,138.8171844482422,4596900.0
2021-10-05,139.3324219560807,140.6848970422998,138.8263914750372,139.81085205078125,2497600.0
2021-10-06,138.61474255352766,140.0132085079481,137.67628758078143,140.00401306152344,2846900.0
2021-10-07,140.97010085409576,142.1385686060054,140.97010085409576,141.19091796875,2243800.0
2021-10-08,141.38414739519553,141.61416000188495,140.74931035451584,140.85972595214844,1861000.0
2021-10-11,140.9608813317139,141.79811624922965,140.05922213000412,140.08682250976562,1408300.0
2021-10-12,140.2432694856022,140.91491635565635,139.78324430609604,140.12367248535156,1524000.0
2021-10-13,140.15125603511754,140.7584925684368,138.9735928401756,140.35366821289062,2283400.0
2021-10-14,141.53135700479973,142.77341664156714,141.38414556909458,142.76422119140625,1646800.0
2021-10-15,143.61065011552486,144.0522843741352,143.18743483292369,143.2518310546875,2032700.0
2021-10-18,142.6629745363442,143.6106250712139,142.32256047202728,143.3070068359375,1658200.0
2021-10-19,143.89583911821956,144.2086668415156,143.42661859155245,144.14425659179688,1576200.0
2021-10-20,144.12582887699907,145.3770974558518,144.107437984716,145.248291015625,1919700.0
2021-10-21,145.0367220559374,145.44154641552416,144.5766969271075,145.4231414794922,1870600.0
2021-10-22,145.59798066270181,146.3248143258805,145.1839607766453,145.83718872070312,1547500.0
2021-10-25,146.15000509689463,146.61003027625048,145.61637420417932,146.16839599609375,2595000.0
2021-10-26,146.55479619483057,146.64680683414704,145.8371581324902,145.88316345214844,2502700.0
2021-10-27,145.83716535104227,145.88317067297766,143.9142636282813,143.94186401367188,2476600.0
2021-10-28,144.26384060579235,145.4230985341124,144.2178352987248,145.40469360351562,1758500.0
2021-10-29,145.08269852153734,145.58872887037796,144.65946931009336,145.1470947265625,1324400.0
2021-11-01,145.62553904923695,146.37998692347648,145.4691322057888,146.30638122558594,2186400.0
2021-11-02,146.61924726963764,146.8584553440636,146.12242618002784,146.7112579345703,1759200.0
2021-11-03,146.27881991216768,147.72329175736425,146.26041497306656,147.57608032226562,2342600.0
2021-11-04,147.69563031352314,148.1096500195917,146.7571753512782,147.2724151611328,2505200.0
2021-11-05,148.40409168849368,149.17693044353277,147.87965636545573,148.39488220214844,2047600.0
2021-11-08,149.0481627201132,149.28737076678738,148.31211960261328,148.61573791503906,1344700.0
2021-11-09,148.62492094284025,148.92853922988957,147.9900980213956,148.59732055664062,1152300.0
2021-11-10,148.22011421461298,148.8273367646705,147.26325400683967,147.64967346191406,2132400.0
2021-11-11,147.91650253143763,148.146515124895,147.622079673162,148.0084991455078,1083100.0
2021-11-12,148.404126050839,148.91015655720685,147.99010619612147,148.72613525390625,1188500.0
2021-11-15,149.2045512506075,149.25975202083126,148.6893253433816,148.98373413085938,1194200.0
2021-11-16,149.0573298978912,149.7841774276441,148.91013253339437,149.17694091796875,1732100.0
2021-11-17,149.0205792730295,149.10338044796214,148.0361185081982,148.3857421875,1608600.0
2021-11-18,148.70772974972147,148.70772974972147,147.13443760968633,147.84288024902344,1280400.0
2021-11-19,147.5484388214269,147.62204451846736,146.775600060779,146.88600158691406,1595000.0
2021-11-22,147.43806632391806,148.39491249613198,147.0792472544811,147.1160430908203,2230300.0
2021-11-23,147.27245096176827,147.91648333208343,146.61920910404322,147.7232666015625,2112100.0
2021-11-24,147.04244107784004,147.92568147641038,146.91362056257665,147.796875,1595200.0
2021-11-26,144.66871845413132,144.9723367466674,143.3254387997766,143.95108032226562,3644300.0
2021-11-29,145.6255468494227,145.98436587157653,144.1534608904648,145.1563262939453,2657000.0
2021-11-30,144.05227624588753,144.21787855438194,141.2645110365558,141.31051635742188,4223100.0
2021-12-01,143.45422529386,144.365080044542,139.45201535290374,139.55320739746094,6193400.0
2021-12-02,140.07764822731872,143.49104077501053,139.93964630766038,142.9298095703125,5321200.0
2021-12-03,143.6014472183901,143.84986472111737,140.92409757469872,142.14776611328125,5924200.0
2021-12-06,143.44503453456804,145.2023338408153,142.8838033334732,144.25466918945312,4885400.0
2021-12-07,145.71755906671982,147.3920431753132,145.62554842871754,146.69281005859375,2510800.0
2021-12-08,146.95041157067695,147.38283626572567,146.53639180956787,147.0700225830078,3000100.0
2021-12-09,146.48123493114915,146.8860453271406,146.00280477734327,146.02120971679688,1829500.0
2021-12-10,146.90440078819015,147.07921255698307,145.8187483866245,146.96881103515625,2200800.0
2021-12-13,146.78480590107642,146.78480590107642,145.35873929135863,145.9015655517578,3743000.0
2021-12-14,144.9539364011125,146.12240428415635,144.58590783538583,145.0275421142578,3265000.0
2021-12-15,145.13796003547586,146.72964340007243,144.208714125053,146.61004638671875,4800700.0
2021-12-16,147.38288426557614,148.00851183476706,145.87400208468858,146.35243225097656,4805000.0
2021-12-17,145.81874732579777,146.54558073728785,143.35300572508152,144.41107177734375,6970300.0
2021-12-20,143.02147677107857,143.12297644680888,141.56357873766922,142.92919921875,6794600.0
2021-12-21,144.09179030946729,145.8910893923373,143.94415190277707,145.8264923095703,3589700.0
2021-12-22,145.70659099695754,146.88767043642542,145.59585511979787,146.8507537841797,1855000.0
2021-12-23,147.32134742866108,148.3086496283446,147.32134742866108,147.8472900390625,1614100.0
2021-12-27,148.1056291696762,149.74806794701846,147.8565051642731,149.7388458251953,2518200.0
2021-12-28,149.70193063339462,150.49546951009881,149.6096531046439,149.96951293945312,2754600.0
2021-12-29,149.97875072238736,150.69848454673985,149.81266804878143,150.4124298095703,2915200.0
2021-12-30,150.57856037826514,151.19678060148058,150.01570105868407,150.1725616455078,2090100.0
2021-12-31,150.01570105868407,150.81846232054048,149.90497925141526,150.1725616455078,3194700.0
2022-01-03,150.5232308115099,150.83695205046988,149.29601223366834,150.30177307128906,3841500.0
2022-01-04,150.95685974154225,151.89802314453962,150.94762353904147,151.51048278808594,3532000.0
2022-01-05,151.6212399481173,152.1564047443716,149.11144236193732,149.176025390625,5266400.0
2022-01-06,149.80342501131102,150.4216450093769,148.70538722386053,149.50814819335938,3597700.0
2022-01-07,149.5174193454077,150.00647349546256,148.94533792249047,149.26829528808594,4051800.0
2022-01-10,148.6408484757548,148.81616739527263,146.52782747635896,148.52090454101562,5845200.0
2022-01-11,148.6869454860837,149.96952438801475,147.5981437774923,149.9233856201172,4053700.0
2022-01-12,150.38479765451828,150.82771308551128,149.342134349725,150.04339599609375,3526500.0
2022-01-13,150.4308826786062,151.0214222959739,149.0099015641691,149.35130310058594,3157800.0
2022-01-14,148.36397018795589,149.23132823271445,147.4043486981726,149.09292602539062,3948500.0
2022-01-18,148.09646033698309,148.1425991218515,146.28792415903635,146.7216033935547,4653200.0
2022-01-19,147.36747698673784,147.63505933677212,145.14372052637938,145.19908142089844,4899600.0
2022-01-20,145.58666268222376,147.25678250766018,143.21528119648124,143.3536834716797,7227200.0
2022-01-21,143.15986281505823,143.98108225134493,141.00993970085543,141.25906372070312,8646900.0
2022-01-24,139.36749316714236,142.5416492718729,136.71007160934903,142.32020568847656,10105000.0
2022-01-25,140.29944146265896,142.3755594301379,138.0756850606166,140.9730224609375,6199200.0
2022-01-26,142.17255178202302,143.353631030257,138.54625862300486,139.83807373046875,8083200.0
2022-01-27,141.29598681053403,142.55088540764186,138.27869127197764,139.05377197265625,5311300.0
2022-01-28,138.81385327924596,141.4343719482422,137.45745517728187,141.4343719482422,5525700.0
2022-01-31,140.7515796376845,143.72273656830723,140.52089983921738,143.6120147705078,5070600.0
2022-02-01,143.6673649248754,144.89458305048913,142.6985070278565,144.72850036621094,5615600.0
2022-02-02,144.8484126792164,145.9464504509925,144.1932901280452,145.6696319580078,4974300.0
2022-02-03,144.74693783164153,145.43897714287266,143.63045562741775,143.82421875,5293900.0
2022-02-04,143.24289929445936,144.8022825413198,142.2463611081063,143.6950225830078,5358900.0
2022-02-07,143.870364340233,144.87612480780257,143.49204611972746,143.78732299804688,2881100.0
2022-02-08,143.90728786677803,145.38363009019628,143.4182337537438,145.1068115234375,3488800.0
2022-02-09,146.49089115717769,147.6996651032959,146.32480846387156,147.56124877929688,3969700.0
2022-02-10,145.78966020207136,148.05031983865578,144.5624417525929,145.23602294921875,4940500.0
2022-02-11,145.30980456247912,146.26944034166323,142.78156315873295,143.31674194335938,4224800.0
2022-02-14,143.37211468762658,143.71351628827188,141.24063557518463,142.17257690429688,4231900.0
2022-02-15,143.39057315065682,144.46093091448995,143.23371255968493,144.34097290039062,2927000.0
2022-02-16,143.75964885477939,145.2267689493766,143.44592771749012,144.82077026367188,4015700.0
2022-02-17,143.72274225381219,143.94419993774915,141.97880347159565,142.21871948242188,3052100.0
2022-02-18,142.10796034801106,143.13217908931557,141.03761691639772,141.6835174560547,3681700.0
2022-02-22,141.45283833386233,142.08951675428776,139.3029011794938,140.27175903320312,4534400.0
2022-02-23,141.18522578642558,141.57276606772254,137.93726512043915,138.1033477783203,4773700.0
2022-02-24,135.215300137028,139.579773212436,134.8277596629401,139.42291259765625,8030900.0
2022-02-25,139.7734843155517,143.18754214496252,139.75504007097982,143.16909790039062,6433300.0
2022-02-28,141.0837606982882,142.98457408589243,140.62240109616224,142.32943725585938,6172900.0
2022-03-01,141.71121157861305,142.54165319837847,138.97995664501576,139.8842315673828,7314500.0
2022-03-02,140.70549440094945,143.4459723016417,140.6778139437369,142.86465454101562,5611900.0
2022-03-03,143.52898713415422,143.82424998301966,141.5543684338142,142.56935119628906,4578400.0
2022-03-04,141.21293592064424,141.8034756276782,140.04109270922783,141.71121215820312,4066500.0
2022-03-07,141.30518413887214,141.4989613198286,137.688127424137,137.7896270751953,4467100.0
2022-03-08,138.07572539488322,140.04112215035343,136.78392391403622,136.8023681640625,5654700.0
2022-03-09,139.24756834132987,140.5024671110509,138.86925006173058,139.69969177246094,4120100.0
2022-03-10,138.10335026581473,139.6812059419772,137.8542121949313,139.43206787109375,2684000.0
2022-03-11,140.20718201514222,140.63163904939498,137.86348140218752,137.96498107910156,2091100.0
2022-03-14,138.56473392583874,139.38595341125188,136.8946145067068,137.4574737548828,2753400.0
2022-03-15,138.05723851341477,139.88423261794327,137.84501704536126,139.6719970703125,3326000.0
2022-03-16,140.68699344512936,142.32021032375394,139.21987333903846,142.31097412109375,4260500.0
2022-03-17,141.7204566884922,144.10107421875,141.58205442260837,144.10107421875,3085000.0
2022-03-18,143.60280694710454,145.18064904117685,143.3075300174659,145.02378845214844,2489600.0
2022-03-21,144.88848193739594,145.70387220119076,143.6746713373246,144.61978149414062,2529300.0
2022-03-22,145.25913107050783,146.1301136189647,145.21279950419242,145.83360290527344,2010300.0
2022-03-23,145.19426419916073,145.3981117804307,143.72101370231712,143.74880981445312,1802700.0
2022-03-24,144.2769596857241,145.44443877395673,143.78586206380754,145.4259033203125,953200.0
2022-03-25,145.7872649697859,146.48219601892947,145.0923339206423,146.41734313964844,988100.0
2022-03-28,146.185694065843,146.8528289794922,145.22204846239066,146.8528289794922,1943100.0
2022-03-29,148.12220925827316,149.40088667131548,147.85350885762222,149.28968811035156,1903100.0
2022-03-30,148.89130231784972,149.18779889280358,147.43657313993006,148.15003967285156,2053100.0
2022-03-31,147.94615941049958,148.4372427999179,146.055953514792,146.1300811767578,2252000.0
2022-04-01,146.78798853707144,146.90844779391156,145.40738689726146,146.60267639160156,2171600.0
2022-04-04,146.68603516326897,147.028863270192,145.92625127849757,146.9176788330078,1814300.0
2022-04-05,146.59338164081495,147.3994970622634,144.96260120775142,145.3517608642578,1669600.0
2022-04-06,144.35106691247736,145.07380818891875,143.56348689713732,144.61978149414062,2000700.0
2022-04-07,144.4622767286593,145.6575519688761,143.42450336535447,145.06454467773438,1312300.0
2022-04-08,145.00896717672916,146.22277799446536,144.53641908278613,145.37033081054688,2334800.0
2022-04-11,144.6568451234519,145.50003153729156,143.7951373943077,143.9619140625,1553500.0
2022-04-12,144.48080617047702,145.72242718541943,143.01683038376538,143.48011779785156,2301400.0
2022-04-13,143.60982239652807,145.2776455986865,143.60982239652807,145.1016082763672,1957000.0
2022-04-14,145.2869531046127,145.97260951014238,144.06386740002753,144.11019897460938,1735500.0
2022-04-18,143.80438232421875,144.58270163414278,143.15578289928206,143.80438232421875,1922500.0
2022-04-19,143.8970606104323,146.59339650943144,143.8970606104323,146.35247802734375,2264000.0
2022-04-20,146.9732686883671,148.0388380350766,146.76016047438816,147.28831481933594,2557200.0
2022-04-21,148.48359582813455,148.69670405060015,144.86068535418028,145.15719604492188,2620800.0
2022-04-22,144.61054752071536,144.69393586624278,141.08956016820298,141.20074462890625,3873000.0
2022-04-25,140.37607158423262,141.7937297899512,138.43953379189915,141.626953125,3456600.0
2022-04-26,140.7837677822533,141.03394691996272,138.1800950337925,138.23568725585938,2998400.0
2022-04-27,138.55070940560762,139.94057141192755,137.66120563907103,138.4951171875,3588900.0
2022-04-28,139.67188966607918,141.49724314301378,137.8094652798412,140.90423583984375,4006200.0
2022-04-29,140.3019621494253,141.08955642762075,136.382554491031,136.6234588623047,4108000.0
2022-05-02,136.76245114015586,137.9021342271077,134.11244654964315,136.9940948486328,5308800.0
2022-05-03,137.24425435123243,139.01401560599703,137.05894221959005,138.12451171875,2430400.0
2022-05-04,138.33764592737762,142.19220119798922,137.29061168639015,141.96981811523438,2935800.0
2022-05-05,140.75594098013954,140.97830981992072,136.37323325071387,137.6982421875,5450600.0
2022-05-06,136.9199331040875,137.32762819173126,134.54790438151267,136.4381103515625,3421500.0
2022-05-09,134.6035051875308,135.06679251880627,131.87011276068696,132.3889923095703,4993600.0
2022-05-10,134.10317033632526,134.659120886162,130.33201815412454,132.04617309570312,5322100.0
2022-05-11,132.02762012056354,134.2328580590695,130.202267023665,130.34124755859375,3826000.0
2022-05-12,129.72046292444884,131.80525607859178,128.68270374534396,130.897216796875,4555100.0
2022-05-13,132.12026902526992,134.43670552885516,132.01834525357592,133.89002990722656,2373400.0
2022-05-16,133.44530709934799,134.47380569631096,132.4724007284247,133.41751098632812,2105600.0
2022-05-17,135.3077101210291,136.27135578216726,134.30700769065118,136.24354553222656,5057700.0
2022-05-18,134.87221356190213,134.9000096723431,130.6562957713226,131.1195831298828,2108300.0
2022-05-19,129.90577551860667,132.29634004070374,129.6092789542395,130.82308959960938,2515000.0
2022-05-20,131.90718034711705,132.10176726311462,127.97849836579024,130.82308959960938,4302400.0
2022-05-23,132.1110405156185,133.04687600095716,130.804566616475,132.66697692871094,2905500.0
2022-05-24,131.76814113437848,132.22215350558594,129.5443542687174,131.84225463867188,4026400.0
2022-05-25,131.4253398908582,133.8622356506046,131.36048701983268,133.36187744140625,1937100.0
2022-05-26,134.1402490337802,136.77171829382596,134.1402490337802,136.1787109375,3162500.0
2022-05-27,136.9292400075328,139.30126953125,136.90144389111512,139.30126953125,3196700.0
2022-05-31,138.48586384418815,139.09739241407465,137.2627784275987,137.99476623535156,2746200.0
2022-06-01,138.59704992722124,138.88428583161883,135.40036993369947,136.53079223632812,2113400.0
2022-06-02,136.6234421018698,138.96767505470194,135.91925039178867,138.9306182861328,1872400.0
2022-06-03,137.70752891204498,138.21714783036032,137.03113333232176,137.2905731201172,1591900.0
2022-06-06,138.40248325641633,138.9028416017335,137.45738707243578,137.79095458984375,2004800.0
2022-06-07,136.59566534001672,139.2456700279568,136.46594542403687,139.106689453125,1581100.0
2022-06-08,138.45805312665877,138.72676771200378,136.86435762130927,137.14231872558594,1370300.0
2022-06-09,136.58640848987588,136.8643837857013,134.029052734375,134.029052734375,1182100.0
2022-06-10,131.93501137874068,132.03693519249595,130.3783721923828,130.3783721923828,2594700.0
2022-06-13,127.32990408757345,127.7653953635928,124.52238364590514,125.13392639160156,3705400.0
2022-06-14,125.81960762896774,126.12537906245365,123.38272509767833,124.4853515625,3562600.0
2022-06-15,125.5972146900742,127.3299050103622,123.65140198999623,125.68060302734375,2899900.0
2022-06-16,123.09545645089851,123.09545645089851,120.38058518601008,121.2330322265625,2967400.0
2022-06-17,121.52026987375794,122.54876838696735,120.04701945003882,121.5110092163086,3359100.0
2022-06-21,123.32103356532676,124.14080411947805,123.0042894953756,123.60981750488281,1833300.0
2022-06-22,122.1007043569148,124.66251803066342,121.93301461576372,123.54462432861328,3062800.0
2022-06-23,124.10358210973746,124.80225862774846,122.95775660029024,124.56936645507812,2607900.0
2022-06-24,125.62200688139227,128.66822537442098,125.5754256175606,128.6216583251953,2259500.0
2022-06-27,129.01294653080708,129.28309518294208,127.87643164878651,128.5564727783203,2063000.0
2022-06-28,129.25511913308517,130.36368783458158,126.48835977014902,126.60014343261719,1664200.0
2022-06-29,126.63744074324848,126.66538666473848,125.10966877182244,125.82698059082031,2203500.0
2022-06-30,124.40166424597702,126.18096367856873,123.43283915908076,125.04444885253906,1868600.0
2022-07-01,124.81156330435465,126.86101148416584,124.08494089709986,126.57222747802734,2679100.0
2022-07-05,124.85814346447893,126.2927671277605,123.39558809382414,126.27413177490234,1646500.0
2022-07-06,126.2461787768434,127.16842257979488,125.2028122944075,126.30207061767578,1318500.0
2022-07-07,127.11250661270226,128.41671091455387,127.09387126442564,128.13723754882812,1481400.0
2022-07-08,127.96955155293234,128.5005523846637,126.95414536881471,127.6621322631836,1120400.0
2022-07-11,126.73059843324958,127.18707220896971,126.2741388721396,126.48839569091797,1346600.0
2022-07-12,125.994634313586,127.3360951713727,125.30526853538822,125.88285064697266,1622200.0
2022-07-13,124.18741878828634,125.96671838334696,123.71232387747649,125.1842041015625,1679700.0
2022-07-14,123.19064334938254,124.35510416146779,122.48264207828461,124.19673919677734,1818900.0
2022-07-15,125.67790460925028,126.59083772184287,124.69975488131203,126.55358123779297,1669400.0
2022-07-18,127.58762987109887,127.89503497171789,125.57543847031147,126.00395202636719,1122600.0
2022-07-19,127.3267889771251,129.87929204940602,127.3267889771251,129.6184539794922,1441400.0
2022-07-20,129.46007124458467,130.80153211397592,129.2178685599583,130.48480224609375,2179800.0
2022-07-21,130.0376895139107,131.50025939941406,129.40422953278903,131.50025939941406,1331500.0
2022-07-22,131.73311330588606,132.25478942445488,129.91655745922392,130.736328125,1215400.0
2022-07-25,130.97854017402452,131.32321597926634,130.14944475616159,131.0623779296875,1571600.0
2022-07-26,130.65248205378782,130.6617926215241,129.72091355429555,130.0376434326172,903500.0
2022-07-27,130.72704896178246,133.0466603476061,130.50346733670895,132.56224060058594,2192800.0
2022-07-28,132.8789644559072,134.77935843037608,131.85423315644155,134.65826416015625,2438200.0
2022-07-29,134.63964766480046,136.19536597218806,134.34155301795295,135.86000061035156,1981900.0
2022-08-01,135.17991807300285,136.0462700349064,134.48124163355476,135.59912109375,2047000.0
2022-08-02,135.0960763721866,136.25121228770595,134.36945403351856,134.6396026611328,1446900.0
2022-08-03,135.33829554184243,136.39097268996198,134.8632006363439,136.03697204589844,1772500.0
2022-08-04,135.86927740432918,136.1766825140351,135.54322272910332,135.7481689453125,1662700.0
2022-08-05,134.53710543169527,136.07420180685654,134.43463234001783,135.89720153808594,1454500.0
2022-08-08,136.64247071880106,137.59267463816497,136.03695683549944,136.27915954589844,1441500.0
2022-08-09,136.10217387328302,136.2046469846505,135.08675332805677,135.48733520507812,1237700.0
2022-08-10,137.7231015090757,138.58014293459246,137.52748005885823,138.384521484375,3283100.0
2022-08-11,139.35334553819814,140.5736981480382,138.7571421939019,138.99935913085938,3091600.0
2022-08-12,139.63279062954373,141.2630353730004,139.43715500590224,141.24440002441406,2342600.0
2022-08-15,140.4059936689476,141.7195085551731,140.33146648945188,141.55181884765625,2753200.0
2022-08-16,141.14197642460167,142.62318154261308,141.03019272309555,141.96176147460938,1361700.0
2022-08-17,140.69481056750254,141.42143296956206,139.85640447731367,140.62960815429688,1394100.0
2022-08-18,140.7134100829061,141.26303202904117,140.35009897440597,141.07672119140625,1148500.0
2022-08-19,140.11721507002076,140.25694465276914,138.8223354829948,139.21359252929688,997400.0
2022-08-22,137.63924981760783,137.63924981760783,135.95311305864644,136.30711364746094,2248300.0
2022-08-23,136.37226680755248,137.09888885880824,135.78537429899876,135.95306396484375,1557400.0
2022-08-24,135.9810682817714,137.09894774736185,135.74817613416468,136.63316345214844,878800.0
2022-08-25,137.19210191051755,138.73849487304688,137.00579104673653,138.73849487304688,1779700.0
2022-08-26,138.8968799791729,138.9248258992061,134.21109119216015,134.26698303222656,1560500.0
2022-08-29,133.2795192903557,134.5837095746969,132.9255186926311,133.4844512939453,2167300.0
2022-08-30,133.894360624469,133.94094190077456,131.5188576789823,132.0778045654297,2164600.0
2022-08-31,132.543597701923,132.95349021725875,130.98787962934284,131.1276092529297,2165500.0
2022-09-01,130.24260986931,131.34186826104641,129.15267626136549,131.23939514160156,1838600.0
2022-09-02,132.59947071123082,133.16772812409556,129.68367066798837,130.2891845703125,1296200.0
2022-09-06,130.6990917902724,130.8760921180669,129.05021120692558,129.92588806152344,1868500.0
2022-09-07,129.81410753486307,132.99074608450496,129.79547218026917,132.7764892578125,2094900.0
2022-09-08,131.9939174403063,133.97816250915417,131.46291667527763,133.92225646972656,2110200.0
2022-09-09,134.82592178622807,136.11149102472206,134.61166498468205,135.76681518554688,1548200.0
2022-09-12,136.5586281324242,137.35977764109842,136.25120881012512,137.0337371826172,1844600.0
2022-09-13,134.1086260878731,134.4719372846058,131.2300682211042,131.6120147705078,2008000.0
2022-09-14,131.86352970447055,132.0964218395139,130.48481224510408,131.60269165039062,1575900.0
2022-09-15,131.2207614307414,132.52495186307885,130.2239761459759,130.55934143066406,1678700.0
2022-09-16,129.1246926907601,129.52526026795545,128.16517840417958,129.25511169433594,2430900.0
2022-09-19,128.07600845070056,130.28453875003612,128.07600845070056,130.21902465820312,1283100.0
2022-09-20,129.15219362064173,129.23642806470514,127.19633808523476,128.122802734375,1497600.0
2022-09-21,128.8059267657522,129.891478548753,125.99847412109375,125.99847412109375,2226800.0
2022-09-22,125.92361391588872,126.06399512349299,124.08941941718396,124.1923599243164,3304900.0
2022-09-23,122.94772846859486,122.94772846859486,120.43037668404534,122.10548400878906,4099600.0
2022-09-26,121.64696073620611,122.5734112176362,119.86889835184738,120.33680725097656,2987200.0
2022-09-27,121.52528322305974,122.18972005185572,119.09215870849,119.9531021118164,2756000.0
2022-09-28,120.67371092862747,123.35015059576286,120.20580199576777,122.74187469482422,4854500.0
2022-09-29,121.62823339470387,121.65630678468315,119.54135668299628,120.4210205078125,3154600.0
2022-09-30,120.31810625673042,121.51595194672531,118.92373253784633,119.11089324951172,2548300.0
2022-10-03,120.41166705598395,123.1536204632237,119.72852410309986,122.43303680419922,4943300.0
2022-10-04,124.32338002327747,126.6722771749009,124.28593932093662,126.65355682373047,4074600.0
2022-10-05,125.10946629610771,126.9811016317558,124.27658914292209,126.15757751464844,2399300.0
2022-10-06,125.64286910206938,126.61612742786203,124.53861115949188,124.75384521484375,1698900.0
2022-10-07,123.53730599157439,123.71511366311348,121.08546785842711,121.79668426513672,3197700.0
2022-10-10,122.2271520987269,122.36751904393633,120.15898866948913,120.97315979003906,3571800.0
2022-10-11,120.52396261230709,122.06807047865598,119.53200521455804,120.43038940429688,2521900.0
2022-10-12,120.47718041487893,120.85150179731943,119.70044998084174,119.80339050292969,2419900.0
2022-10-13,117.40768865656989,123.24718914878524,116.90234623805283,122.68570709228516,4820200.0
2022-10-14,123.50921436134041,124.18300423849597,119.70979683592945,119.9718246459961,2663400.0
2022-10-17,121.94640022090329,123.22846587964992,121.94640022090329,122.582763671875,2500700.0
2022-10-18,124.94105342489068,125.596137434742,123.21915176799094,124.39827728271484,4707000.0
2022-10-19,123.53728425157963,124.25786784858154,122.00254385916999,122.92900848388672,2030400.0
2022-10-20,123.08811649504327,124.24853573030212,121.30070103507533,121.56272888183594,2821500.0
2022-10-21,121.55338402175107,124.51992499171558,120.98253454302304,124.34211730957031,2535100.0
2022-10-24,124.95040417033394,126.0733827419947,124.15495328070695,125.72713470458984,2637600.0
2022-10-25,125.73648093343955,128.25383311525195,125.65226075800147,128.1415252685547,3735900.0
2022-10-26,128.2631663964235,129.95699407897382,128.02921198105588,128.39418029785156,2762100.0
2022-10-27,129.14283473030565,130.21901930794726,128.3661043731046,128.51583862304688,2734800.0
2022-10-28,128.5813651758696,131.32331886538003,128.4129248192343,131.1829376220703,3407200.0
2022-10-31,130.49041336235592,131.43558403349178,130.18159182914664,130.6027069091797,3715700.0
2022-11-01,131.97833092577463,132.16549155576627,130.31257704379982,130.9208526611328,3684400.0
2022-11-02,130.6775791718946,134.33662969718105,127.7297592163086,127.7297592163086,4326800.0
2022-11-03,126.4102479407191,127.96370864300869,125.48378334079953,127.08403778076172,4013800.0
2022-11-04,128.8621115003836,129.92894324849513,127.02791656195517,129.0586395263672,5355300.0
2022-11-07,129.58270782178923,130.26585090143777,128.71238973559747,130.08804321289062,3693600.0
2022-11-08,130.41557279433243,132.07197434449333,129.4610346136274,130.86476135253906,6172400.0
2022-11-09,130.00378524830776,130.73372186747136,128.31931063506713,128.51583862304688,2566800.0
2022-11-10,132.95164994063472,135.58129583691183,132.652181371939,135.4034881591797,6723100.0
2022-11-11,135.8619944705656,137.17214769902924,135.45024671476185,136.70423889160156,7571900.0
2022-11-14,136.21764150869788,137.20960612712605,135.14145671235337,135.21632385253906,3673600.0
2022-11-15,137.22828801106374,137.52775648785263,135.18821256085042,136.48899841308594,3981800.0
2022-11-16,135.82456602370672,135.99302061717958,134.76708756526583,135.03848266601562,4210900.0
2022-11-17,133.2323587633243,134.280484276765,132.65215637013995,134.25241088867188,5512600.0
2022-11-18,135.60933841919805,135.84329283054325,134.14009786181705,135.25372314453125,3439700.0
2022-11-21,134.67351522566858,135.38473146625813,134.34597335150144,135.19757080078125,1938100.0
2022-11-22,135.9368605233724,137.05985307591496,135.62803899936753,136.9943389892578,3184200.0
2022-11-23,136.7697348846566,137.78978690877557,136.70423507875427,137.565185546875,2213200.0
2022-11-25,137.5652027194783,138.03311157226562,137.5652027194783,138.03311157226562,825500.0
2022-11-28,136.89142114493552,137.32190359860644,135.30053380470494,135.57191467285156,1915600.0
2022-11-29,135.8245727334278,136.43284849228536,135.3473108739908,136.00238037109375,2202100.0
2022-11-30,136.16151020376358,139.3339324476424,135.05725188923606,139.2684326171875,4546500.0
2022-12-01,140.01704909691534,140.5598251128581,138.82857081939258,139.4649200439453,3723600.0
2022-12-02,137.72429018912507,139.77373325162267,137.72429018912507,139.3806915283203,2260600.0
2022-12-05,138.3886957944579,138.47291594198109,136.2737391159304,136.6855010986328,2811400.0
2022-12-06,136.7229574602691,136.88204473918793,134.2617525958538,135.18821716308594,2693600.0
2022-12-07,134.81388879534077,135.94623443833274,134.67352185918003,134.963623046875,2269900.0
2022-12-08,135.7591009960839,136.50774384503995,135.2350310105888,135.83395385742188,2570600.0
2022-12-09,135.37539738097166,136.07726068434116,134.72968085716047,134.78582763671875,1650200.0
2022-12-12,135.0104173877253,136.76974487304688,134.63608175721973,136.76974487304688,1914200.0
2022-12-13,140.44753742995587,140.44753742995587,136.74169265128359,137.72430419921875,4117400.0
2022-12-14,137.65881339649295,138.83793876359238,135.9088242821831,136.91015625,2919500.0
2022-12-15,135.1882538799294,135.43156138210293,133.40083834632586,133.9061737060547,3411200.0
2022-12-16,132.7270517328069,133.11074049096015,131.41689813216234,132.28721618652344,2988000.0
2022-12-19,132.36053571627355,132.6330308642243,130.5751870799919,131.2047576904297,4400500.0
2022-12-20,131.04498090745963,131.89066911414102,130.6221224660462,131.33627319335938,2076800.0
2022-12-21,132.43565175540533,133.68540098401655,132.28530274939112,133.36590576171875,3052200.0
2022-12-22,132.33232171951676,132.3886990263618,129.6824735932092,131.9188690185547,3763300.0
2022-12-23,131.81549028393798,132.8115274888259,131.14833978092312,132.76454162597656,2284500.0
2022-12-27,132.886701180954,133.29076239327574,132.07859309438265,132.84912109375,2010700.0
2022-12-28,132.94305483422232,133.3377102009916,130.91340071056163,130.94158935546875,2306100.0
2022-12-29,131.81546667958884,133.63840886235744,131.6839148900112,133.27194213867188,2587400.0
2022-12-30,132.43566695722066,132.81152517732926,131.51480428130424,132.72695922851562,2805100.0
2023-01-03,133.5068771546959,134.22101350009825,131.55238288835739,132.60479736328125,3859700.0
2023-01-04,133.50690497014153,135.23587606433023,133.29078716788663,134.67208862304688,2506200.0
2023-01-05,133.79814929698244,133.9297010865601,132.86788099621,133.27194213867188,2243500.0
2023-01-06,134.67204238882428,136.85204555523836,133.72297686399725,136.46678161621094,2841600.0
2023-01-09,137.16215427686205,138.27094605659465,136.45740936456937,136.52317810058594,2701400.0
2023-01-10,136.34463050954614,137.575582443259,135.9217721669442,137.54739379882812,2115300.0
2023-01-11,138.10183402252633,139.23881461523203,137.94209354000049,139.22003173828125,3979800.0
2023-01-12,139.64286790947503,140.23485827534267,138.3367411322344,139.74623107910156,2916800.0
2023-01-13,138.62803463121477,140.26304814548791,138.42130829016622,140.0751190185547,2069900.0
2023-01-17,139.9811018397641,140.62946930454703,139.59583793488315,139.76498413085938,3228600.0
2023-01-18,140.31943036043612,140.6483027595603,137.5380304350359,137.6132049560547,2689300.0
2023-01-19,136.76748319773617,137.02119535179216,135.65867720680018,136.1942901611328,2753100.0
2023-01-20,136.66412378740785,138.63740076718346,135.83721857412817,138.56224060058594,2564800.0
2023-01-23,138.8723581832799,140.90202741576235,138.59986306634318,140.31944274902344,2475700.0
2023-01-24,139.91536503194936,140.35700636879088,139.09786543902172,139.99053955078125,2383300.0
2023-01-25,138.81592769316802,140.33818620340654,138.08299425189637,140.30999755859375,2948800.0
2023-01-26,141.08990769050888,141.5221574902743,140.00930469820048,141.43759155273438,4367800.0
2023-01-27,141.14633341711377,142.39606858640164,140.93020129598477,141.7007293701172,2888300.0
2023-01-30,140.6952536395101,141.7570737699968,140.10327773306895,140.19723510742188,2587000.0
2023-01-31,140.55432201958573,142.5745849609375,140.23484111186832,142.5745849609375,3279900.0
2023-02-01,141.83228121735166,144.98013358173236,141.16511631554565,144.0310821533203,3688100.0
2023-02-02,145.03650235739008,146.32383175283124,144.42571485720742,145.6096954345703,4528000.0
2023-02-03,144.12502357742986,144.97071165554314,143.4202787329786,143.82432556152344,4671900.0
2023-02-06,142.89410483410578,143.26057166507556,142.33030309196428,142.8095245361328,1874000.0
2023-02-07,142.49001792601888,144.5666724864452,141.67251845132515,144.14381408691406,4267400.0
2023-02-08,143.38271947566682,143.8995353559577,142.45246522921727,142.72496032714844,2797000.0
2023-02-09,143.83375620906338,144.10625128728952,141.00537056785288,141.4188232421875,2179500.0
2023-02-10,141.03354513080254,141.9826107670102,140.770441516704,141.85105895996094,2329900.0
2023-02-13,142.02017532288735,143.45785360631356,141.74768030167948,143.43905639648438,2036100.0
2023-02-14,143.07259322798967,144.20019643670707,141.90742427481825,143.16656494140625,3398000.0
2023-02-15,142.45243189561842,143.8619216003716,142.17053108705363,143.84312438964844,1892400.0
2023-02-16,142.16115291254636,143.52367136212396,141.82287474420772,142.21754455566406,2223700.0
2023-02-17,141.61614064812954,142.02957893332044,140.77043819016475,141.9168243408203,1673900.0
2023-02-21,140.676502449802,140.76106840718614,138.61864479168045,138.8347625732422,2587800.0
2023-02-22,138.92869194704036,139.5488564501741,138.1205840340373,138.66558837890625,3720800.0
2023-02-23,139.51129022631798,139.83077111391384,137.71653658553527,139.18240356445312,2632600.0
2023-02-24,137.53802759024776,138.28036700865798,136.88026846753044,137.98907470703125,3517500.0
2023-02-27,139.16364616704584,139.69924488981724,137.82931640292983,138.158203125,2366500.0
2023-02-28,138.20518313882,138.84414500392356,137.754150390625,137.754150390625,2763300.0
2023-03-01,137.51927024033444,138.0266804183097,136.94607696884,137.50047302246094,2872500.0
2023-03-02,136.97419884916388,138.87230112481902,136.53255764193986,138.5810089111328,3517300.0
2023-03-03,139.23877939765188,140.6858634889978,138.70318077854256,140.526123046875,3095000.0
2023-03-06,140.69528234830062,141.1463294542834,139.63347633922325,139.84959411621094,2626400.0
2023-03-07,139.88713226970978,140.02808982484964,137.3970398476631,137.5943603515625,2875200.0
2023-03-08,137.6507966731449,138.28975858210296,137.07760350748612,137.88571166992188,3049300.0
2023-03-09,137.98905271060687,138.40249099464313,134.5498942682448,134.8411865234375,3693800.0
2023-03-10,134.49353271195517,134.85059374168574,131.22350577517912,131.99403381347656,7123300.0
2023-03-13,129.68243897078173,132.21012603203758,128.75218498004887,130.37779235839844,8104700.0
2023-03-14,132.69877120186135,133.38471890891208,130.7160882546261,132.21014404296875,3819100.0
2023-03-15,129.77640907154557,130.35899353027344,128.42329673301768,130.35899353027344,6605200.0
2023-03-16,129.22205717393686,132.20077788294105,128.86498175823309,131.9282684326172,8420400.0
2023-03-17,131.5147991383255,131.5147991383255,129.27840410334076,129.7012481689453,4967300.0
2023-03-20,130.22160129487725,131.90261001464643,130.22160129487725,131.38319396972656,3404300.0
2023-03-21,132.87531265442132,133.40416732604743,132.34645798279522,133.13973999023438,2214900.0
2023-03-22,133.1492016780544,133.62139543821604,130.02326688120797,130.1460418701172,5039600.0
2023-03-23,130.81658652841327,132.1103930492285,128.78614435383398,129.71165466308594,7020600.0
2023-03-24,129.0127752778392,130.91098894053988,128.23837062098426,130.81655883789062,6862600.0
2023-03-27,131.94039823333125,132.35591667368868,131.13766300744078,131.68540954589844,3065600.0
2023-03-28,131.48707401627092,132.33703145393645,131.36431343421384,131.9498291015625,1693400.0
2023-03-29,133.15865492414935,134.03692849717302,132.99811075736687,133.9330596923828,2480600.0
2023-03-30,134.99077255219524,135.2174163649134,134.03693180629998,134.59413146972656,2695900.0
2023-03-31,135.12298096410396,136.6339924939333,135.12298096410396,136.57733154296875,2737800.0
2023-04-03,136.67178204024086,137.21007550813732,136.04848273197172,136.690673828125,3390800.0
2023-04-04,136.96455951618,137.03067357813433,134.716911973158,135.32131958007812,2904000.0
2023-04-05,134.90575020333335,135.4346048587499,134.45243386136897,135.0379638671875,3234000.0
2023-04-06,134.88691064974714,135.3118822759605,134.46193902353374,135.1324462890625,2182700.0
2023-04-10,134.56581985657053,135.99184021559876,134.4430448339963,135.95407104492188,2635300.0
2023-04-11,136.3601186327545,137.35172844858442,136.2940189971448,136.8417510986328,2225200.0
2023-04-12,137.70112839605613,137.75778933603078,135.97289767578735,136.1806640625,3066100.0
2023-04-13,136.41678422765685,137.46505502692278,135.85959900909313,137.2289581298828,3190500.0
2023-04-14,137.20063594200232,137.87115751058835,135.9068294793446,136.6056671142578,2504300.0
2023-04-17,136.66235398731047,137.5406276544144,136.4073652667716,137.53118896484375,2399800.0
2023-04-18,137.91835289754437,138.0789114637013,137.0495180717231,137.5406036376953,1569400.0
2023-04-19,136.93622290904932,137.73895825570494,136.813447891035,137.57839965820312,1784900.0
2023-04-20,136.67177050666487,137.31394713841365,136.36012087883006,136.8228759765625,3451700.0
2023-04-21,137.05898448560708,137.05898448560708,136.11459683402342,136.86065673828125,2160900.0
2023-04-24,136.8039967059582,137.2100764819717,136.54900800345436,137.1156463623047,1523600.0
2023-04-25,136.36956907465134,136.397899550956,134.7074520205258,134.7830047607422,2563200.0
2023-04-26,134.48077085136487,134.55632357868853,133.10197320578322,133.37583923339844,5378700.0
2023-04-27,133.93306217072427,135.5951792312974,133.56473715691112,135.5668487548828,5993000.0
2023-04-28,135.29298211085836,137.11565793787145,135.26465163154535,137.0684356689453,2965600.0
2023-05-01,136.9645247203598,137.7200376396255,136.80398056667502,136.9456329345703,3000900.0
2023-05-02,136.49236469984092,136.49236469984092,133.58364860801794,134.89634704589844,4489800.0
2023-05-03,135.14188130475333,136.22792136087645,133.99916588386714,134.11248779296875,5835800.0
2023-05-04,133.81025757520928,134.01802396311177,132.36534595674746,132.83753967285156,5483300.0
2023-05-05,134.00858212955026,135.45349386945554,134.00858212955026,135.07574462890625,4860300.0
2023-05-08,135.44409225815755,135.46298404841937,134.38638256691675,134.8302459716797,2332900.0
2023-05-09,134.2163450990531,134.65076968375257,133.87636502717808,134.32968139648438,2242700.0
2023-05-10,135.29294767230138,135.4534918176134,133.0830843871223,134.310791015625,3871400.0
2023-05-11,133.73473383441294,133.8669475271671,132.95089036658047,133.64028930664062,3839400.0
2023-05-12,134.14080566383512,134.2730193487658,132.78089965178154,133.6497344970703,3477400.0
2023-05-15,133.8480585096615,134.61301020572844,133.40419515832676,134.40525817871094,2322700.0
2023-05-16,133.97083810135044,133.97083810135044,132.48814251312348,132.5070343017578,4668100.0
2023-05-17,133.21530080937595,134.480776623392,132.61089337505413,134.18801879882812,6902700.0
2023-05-18,133.98024250888184,135.4157154633331,133.73470696031092,135.27406311035156,3800000.0
2023-05-19,135.6896125586363,135.86904852031392,134.41469785919026,134.91522216796875,5758200.0
2023-05-22,134.99074165836768,135.68957913459604,134.31078155540428,135.12295532226562,4411500.0
2023-05-23,134.66966457627427,135.1418583308752,133.5741716071497,133.6780548095703,6919600.0
2023-05-24,133.0925440113931,133.16809675228578,131.95928171842692,132.2237091064453,2940500.0
2023-05-25,132.3842226772774,132.59198906415543,131.22263017624738,132.13868713378906,4696000.0
2023-05-26,132.412616160194,133.41366489520513,132.24261886752794,133.24366760253906,4572500.0
2023-05-30,133.508077402017,133.83861884343534,132.5542510636735,133.00755310058594,8268500.0
2023-05-31,132.3370481452126,132.42203957663577,131.09044951015755,131.84596252441406,7611200.0
2023-06-01,132.09146553169026,133.2625111353035,131.31707533058807,132.83753967285156,4478300.0
2023-06-02,134.00860055203285,136.0201508395045,133.94250091044427,135.73683166503906,10284600.0
2023-06-05,135.90680097068383,135.95402322508062,135.04740493537224,135.27406311035156,5415100.0
2023-06-06,135.20798376259876,136.38846837435247,135.07577006249082,136.19015502929688,5333300.0
2023-06-07,136.44513351849284,137.3800825473781,136.14293694191798,137.1912078857422,13306200.0
2023-06-08,136.98343637097355,137.4461771133433,136.3129147752085,137.24786376953125,5882400.0
2023-06-09,137.4083838298046,137.72947212738262,136.77564592215026,137.08729553222656,4396800.0
2023-06-12,137.36118896810135,138.07893284726254,136.9362173824054,137.99392700195312,3733100.0
2023-06-13,138.43774352180333,139.53323634853956,138.25830761274386,139.32546997070312,6802500.0
2023-06-14,139.69381892648076,140.2037963252562,138.27723745687854,139.0610809326172,8456400.0
2023-06-15,138.777744112376,140.99706056333912,138.777744112376,140.66651916503906,5177400.0
2023-06-16,141.28984390700134,141.54483262001918,140.33601752082657,140.55322265625,11152900.0
2023-06-20,139.8721739786691,139.8911476075754,138.75296143541146,139.27462768554688,4514200.0
2023-06-21,138.85732463161685,139.57817795913277,138.3166991086214,139.0754852294922,5481700.0
2023-06-22,138.87631497986473,138.99962190023197,137.97526268466004,138.50640869140625,3852200.0
2023-06-23,137.53893551350808,137.98472180434553,137.07419006284348,137.31130981445312,3869600.0
2023-06-26,137.31132903386504,138.51588712034197,137.31132903386504,138.14598083496094,4300000.0
2023-06-27,138.34518464692007,140.03347656219955,138.0890911958522,139.83428955078125,8880500.0
2023-06-28,139.58765787097101,139.72993840983318,138.933205021073,139.59713745117188,4335600.0
2023-06-29,139.54972478322622,140.70687036151887,139.27465775892438,140.68789672851562,7610700.0
2023-06-30,141.56046797392872,142.28130668780014,141.21901500996043,141.9303741455078,4742300.0
2023-07-03,141.6553259759532,142.4994715970231,141.4656186225665,142.28131103515625,2797300.0
2023-07-05,141.6932900403047,142.1106231536546,141.20007686337829,141.67431640625,4333900.0
2023-07-06,140.37488482523406,140.6499373532137,139.36949945224333,140.51715087890625,7769500.0
2023-07-07,140.28953026708373,142.0726609190425,140.20417063179312,140.86810302734375,3213100.0
2023-07-10,140.7732452010882,142.30029690228102,140.71633877923412,142.12957763671875,4145800.0
2023-07-11,142.4804983160453,143.9032166340945,142.45204510749545,143.73248291015625,10166300.0
2023-07-12,145.08880883844216,145.13623567481488,144.23518367428733,144.39642333984375,6668900.0
2023-07-13,144.8232523357982,145.3069713872909,144.49127891620276,145.079345703125,5458400.0
2023-07-14,145.2121342286056,145.2121342286056,143.86528137260268,144.2257080078125,6345100.0
2023-07-17,143.96018383859777,144.89918353515438,143.52389147484882,144.50082397460938,5352900.0
2023-07-18,144.5007759154735,145.68637462015366,144.3774690189418,145.392333984375,5442200.0
2023-07-19,145.67691342515158,146.36931364515533,145.52515328328963,146.11322021484375,8551800.0
2023-07-20,145.96142578125,146.22699873079367,145.44925351359873,145.96142578125,7542400.0
2023-07-21,146.44514224575235,146.62535555960415,145.71482388375526,146.1700897216797,5511700.0
2023-07-24,146.44515541017336,146.85300891597063,146.12267601568152,146.57794189453125,3358000.0
2023-07-25,146.38824007164934,147.09011971631696,146.17009396190903,146.68226623535156,5010400.0
2023-07-26,146.3977461199066,147.32725152998503,146.3123720068034,147.01425170898438,5149100.0
2023-07-27,147.74458444904633,147.74458444904633,145.46822606428591,145.7243194580078,6057500.0
2023-07-28,147.061664656772,147.10909149898217,145.86657191269288,146.4451446533203,6004400.0
2023-07-31,146.77712949655455,147.1944625842514,146.39774367463457,146.9004364013672,3809500.0
2023-08-01,146.23648648547248,146.68227277697943,145.85710067138365,146.30288696289062,3038100.0
2023-08-02,145.18371269233535,145.62000500343152,144.59564576880416,144.9086456298828,6038100.0
2023-08-03,144.3585091999336,144.68098860502857,143.63767032866684,144.1877899169922,4871400.0
2023-08-04,144.50075854524616,145.24057089022358,143.36257234746057,143.54278564453125,4016200.0
2023-08-07,144.09293402159946,144.84224056788665,144.04550717507064,144.75686645507812,3359000.0
2023-08-08,143.46694799271214,144.1783073402075,142.65125536201174,144.03604125976562,3521700.0
2023-08-09,144.14984408028252,144.5861508176423,143.41003156824624,143.6186981201172,5116400.0
2023-08-10,144.3205664625986,145.22161860776356,143.13496772616026,143.44796752929688,3943500.0
2023-08-11,143.0021856616813,143.86529056924914,142.86939917800612,143.47642517089844,4139400.0
2023-08-14,143.2108477820092,143.4669266887785,142.698661023189,143.44796752929688,2929100.0
2023-08-15,142.59432444055028,142.64175128343342,141.40872573167385,141.56048583984375,3439800.0
2023-08-16,141.37080286556792,141.95885523520855,140.48870983846547,140.5266571044922,5386200.0
2023-08-17,141.07675841974233,141.16211804829123,139.35999943396772,139.44537353515625,5092200.0
2023-08-18,138.60121074279945,139.91959568702444,138.40202382817878,139.69195556640625,4654100.0
2023-08-21,139.8152732757665,140.07135214958916,138.7055547379514,139.66351318359375,3909100.0
2023-08-22,139.929111129587,140.12829809526062,138.9711525126501,139.11341857910156,3955500.0
2023-08-23,139.4074494219727,140.3938757577945,139.10394364585665,140.27056884765625,3683200.0
2023-08-24,140.17569068064486,141.1431432138661,138.90473242429192,138.9237060546875,3281000.0
2023-08-25,139.49280861630598,140.19467378935957,138.43999638408508,139.62559509277344,5393300.0
2023-08-28,140.26107578158755,141.02934143750804,140.15674251518843,140.66891479492188,4273700.0
2023-08-29,140.763779327941,142.29083117782406,140.51716551237317,142.2528839111328,5362000.0
2023-08-30,142.32874796569408,142.9073207002148,142.18648191320543,142.6986541748047,6138000.0
2023-08-31,142.94527513567735,143.0021815595284,142.14854178384022,142.1959686279297,5314200.0
2023-09-01,143.08754733669664,143.381573520974,142.3667084825766,142.78402709960938,4846200.0
2023-09-05,142.56586166973383,142.56586166973383,140.97242405871776,141.01983642578125,3754600.0
2023-09-06,140.76375770095845,141.1241698433009,139.84373200571247,140.53611755371094,5019700.0
2023-09-07,140.14726653225287,140.4602663718056,139.48333405713004,139.97654724121094,4834200.0
2023-09-08,140.16622987876326,140.4033496362348,139.79632363601334,140.0429229736328,2480800.0
2023-09-11,140.6879019533776,140.92502172047912,140.01447544684686,140.27056884765625,2917500.0
2023-09-12,139.94808122718163,140.72582649187095,139.9101339619922,140.09034729003906,3062400.0
2023-09-13,140.22313207856953,140.40334540443885,139.1323870161324,139.53074645996094,3821800.0
2023-09-14,140.47924899820163,141.25699438380252,140.3369829132269,141.1621551513672,3080600.0
2023-09-15,140.70688020016732,141.04833325489372,139.84376074618635,139.97654724121094,3637700.0
2023-09-18,139.93650760810985,140.07940589381707,139.27922782157802,139.64120483398438,2843700.0
2023-09-19,139.6317062119183,139.79364599965342,138.7553184889209,139.41261291503906,3814000.0
2023-09-20,139.94605804811553,140.42235664780105,138.72673479575897,138.77435302734375,4128100.0
2023-09-21,138.14563537279872,138.28851912346352,136.3928456636006,136.46905517578125,4778100.0
2023-09-22,136.70720851175093,136.87868355312096,135.80224414787392,135.92608642578125,3362700.0
2023-09-25,135.34499213938048,136.29758920015695,135.31641539039538,136.26901245117188,6184600.0
2023-09-26,135.50695814446019,135.84037299450867,134.23048132426845,134.35430908203125,4013000.0
2023-09-27,134.9353838543457,135.08780289066848,133.49696735468274,134.4019317626953,5306400.0
2023-09-28,134.40192409372924,135.84035504679474,134.40192409372924,135.33547973632812,6516300.0
2023-09-29,136.21187471278267,136.42144725323902,134.58292715477708,134.97349548339844,5839300.0
2023-10-02,134.55432631175594,134.773419551923,132.8015513194659,133.44931030273438,7668900.0
2023-10-03,132.6967793460531,133.28738489852026,131.37266995439145,131.84896850585938,6579100.0
2023-10-04,132.19190693743542,132.72535900107786,130.99162525876133,132.6015167236328,7483500.0
2023-10-05,132.5062562669802,132.78250301753332,131.42029620486096,132.22047424316406,4976800.0
2023-10-06,131.57269932813944,134.06851347251796,130.81063331980258,133.36358642578125,8193300.0
2023-10-09,132.81108744758518,134.5162444158378,132.72535719612534,134.31619262695312,3955400.0
2023-10-10,134.66866604909754,136.14519466593185,134.5829357867248,135.3450164794922,5192900.0
2023-10-11,135.47834881115426,135.92607057162078,134.68769154342564,135.63076782226562,4211300.0
2023-10-12,135.81178295783033,135.8498804483052,133.15402876348756,133.93516540527344,6378300.0
2023-10-13,134.3352378435338,134.74484759124343,133.0682820436895,133.63983154296875,5019900.0
2023-10-16,134.5829010301886,135.55455402592102,133.99229555017303,135.30686950683594,3995000.0
2023-10-17,134.51625186776258,136.69769297679892,134.51625186776258,135.97372436523438,4954900.0
2023-10-18,135.29739050741352,135.37360003406664,133.63986600754018,133.82086181640625,3986800.0
2023-10-19,133.79226301859111,134.3733478450417,131.9442222742899,132.163330078125,6056300.0
2023-10-20,131.89658178907655,132.1156750204613,130.47720708254909,130.5153045654297,5247800.0
2023-10-23,129.87708572765487,131.1059441322202,129.44841993776302,129.6865692138672,7157000.0
2023-10-24,130.3152673432233,131.12496603985218,129.87706634497772,130.5153045654297,6337700.0
2023-10-25,129.89613836682042,130.12476689871608,128.895908526059,129.076904296875,6627700.0
2023-10-26,128.9721357043239,129.95330966796692,128.61967938791233,128.81019592285156,13893800.0
2023-10-27,129.1340790201287,129.1340790201287,127.01931199281927,127.32415008544922,7744900.0
2023-10-30,128.13382503911905,128.63870031702206,127.20980473001859,128.32435607910156,10830300.0
2023-10-31,128.6291852818572,129.52462888175435,128.12430998157106,129.39126586914062,6021900.0
2023-11-01,129.4293482646729,130.06758650314728,128.7625332793621,129.82943725585938,6508700.0
2023-11-02,130.91542669307492,132.81110036071271,130.86780846128624,132.70631408691406,7961700.0
2023-11-03,134.14473030464615,135.50693717762724,134.09709754265504,134.8782196044922,7473300.0
2023-11-06,134.99254342566203,135.11637116636138,133.72558751973665,134.17330932617188,5054800.0
2023-11-07,133.92560969169182,134.23996844817938,133.43026971372058,133.88751220703125,3636800.0
2023-11-08,134.04947482598712,134.2590473660703,133.10639839561284,133.66844177246094,3994900.0
2023-11-09,134.20189614889722,134.2590496543523,132.44910628055658,132.53485107421875,6288500.0
2023-11-10,133.08735480691774,134.21141247182715,132.43958118362227,134.0875701904297,6783800.0
2023-11-13,133.65890188097546,134.27809874091517,133.42075259687837,133.91610717773438,4142700.0
2023-11-14,136.01180930904556,138.16467346740995,136.00228857106035,137.7360076904297,15157800.0
2023-11-15,138.02181272083703,139.29828952651064,138.02181272083703,138.38380432128906,8133800.0
2023-11-16,138.26947976783774,138.6314713604326,137.50741362518744,137.92654418945312,5466700.0
2023-11-17,138.5552412487276,138.7552930295061,138.0884779860408,138.59335327148438,5027100.0
2023-11-20,138.4409317113601,139.47925901252512,137.9646331839841,139.14585876464844,6441800.0
2023-11-21,138.90774314943386,139.1554132108921,138.59338430095934,138.88868713378906,4612600.0
2023-11-22,139.3268349633883,139.89839898978818,139.0886857083012,139.53640747070312,4388100.0
2023-11-24,139.48877263458715,140.06033665247224,139.41257766531413,139.94602966308594,1156200.0
2023-11-27,139.60312481306977,139.86985087052255,139.19350045203015,139.6602783203125,3848000.0
2023-11-28,139.4887739658511,140.1746449796684,139.16489446918098,139.52688598632812,3960800.0
2023-11-29,140.14611150906777,141.0606113217133,139.88892070107363,140.07943725585938,5732900.0
2023-11-30,140.55572419662522,141.33684636679234,139.90795052176156,141.27017211914062,7763200.0
2023-12-01,141.13678923111087,143.43255172097318,140.99389094542474,143.39443969726562,12060800.0
2023-12-04,142.4418499419851,143.85168964677942,142.4418499419851,143.4611358642578,9572900.0
2023-12-05,142.87053305561247,142.9086450859005,141.87983830033338,142.18466186523438,6384200.0
2023-12-06,142.86098685548774,143.48016915025312,142.10842701396507,142.23226928710938,5237800.0
2023-12-07,142.6895154482448,143.14677252895086,142.32753842870056,142.98483276367188,6054300.0
2023-12-08,142.86099206289703,143.79453317588,142.78478254860556,143.43255615234375,5181700.0
2023-12-11,143.61353475598185,144.72807162798102,143.53732524309152,144.7090301513672,7130700.0
2023-12-12,144.77573100907853,145.15677864358997,144.06128304678575,144.96624755859375,4633800.0
2023-12-13,144.94716577011624,148.08120356421767,144.7280579903985,148.04310607910156,11782700.0
2023-12-14,149.23386723323264,150.74849315461253,149.23386723323264,150.0626220703125,21351900.0
2023-12-15,149.83401851306107,149.85307452843514,148.4908674065442,148.99574279785156,8883500.0
2023-12-18,149.56857066985089,149.6737665439248,148.83221414363123,149.0617218017578,8628600.0
2023-12-19,149.5685394659028,150.38141783164036,149.37727825993358,150.31446838378906,10130900.0
2023-12-20,149.9510662511192,150.50573392523617,147.7610840039769,147.82803344726562,7411100.0
2023-12-21,149.023462663543,149.68332630890274,148.29666415437816,149.6450653076172,6988900.0
2023-12-22,150.0658358880562,150.70656897778002,149.51116815539336,150.1519012451172,5749900.0
2023-12-26,150.41967500881304,151.40469874507548,150.19016738213074,151.01260375976562,4053100.0
2023-12-27,151.1751668753873,151.40468907971308,150.70656451366605,151.15603637695312,4380300.0
2023-12-28,151.1560046691917,151.67242587252213,151.14644671812695,151.49072265625,4047000.0
2023-12-29,151.1369020153443,151.60550436508774,150.45792255738144,150.9073944091797,5339200.0
2024-01-02,150.16146758973977,151.43337576331024,149.92238743513542,150.95521545410156,9816500.0
2024-01-03,150.12322510828557,150.12322510828557,148.51661327549942,148.7270050048828,9207500.0
2024-01-04,148.66962359363788,149.46335693956277,148.42097087064343,148.4783477783203,5621600.0
2024-01-05,148.23928567319814,149.7598468734858,148.06715492918315,148.90872192382812,8379600.0
2024-01-08,148.8608798344105,150.50575256347656,148.51660380757585,150.50575256347656,7954000.0
2024-01-09,149.54940044468694,150.21882185825692,149.25294343241256,149.74066162109375,6419100.0
2024-01-10,149.74070593565122,150.28580117934172,149.2529876026337,149.99891662597656,4620700.0
2024-01-11,149.95107949241194,149.9797679442708,148.38271422418228,149.56854248046875,7070600.0
2024-01-12,150.27622695286303,150.50574916299888,148.90869542224505,149.2338409423828,5568500.0
2024-01-16,148.57399326151983,148.67918912838988,147.77068732849227,148.28709411621094,6942300.0
2024-01-17,147.1490650412326,147.8471896757736,146.41270859066182,147.12037658691406,5775000.0
2024-01-18,147.3020715125266,148.0097540609755,146.47007719983998,147.87586975097656,7267100.0
2024-01-19,148.2201376351129,149.3294584603377,147.3403244188269,149.01388549804688,8488600.0
2024-01-22,149.4633623477148,150.34319027158242,149.42511593864495,149.79808044433594,9964200.0
2024-01-23,150.1423566533558,150.5153211594398,149.34860868557774,149.8745880126953,4785800.0
2024-01-24,150.81179878716577,150.82137133496892,149.00435292048593,149.09999084472656,5688000.0
2024-01-25,150.30493754175095,150.62052515505627,149.53032003286393,150.6013946533203,5832000.0
2024-01-26,150.7735287338909,151.07954377734532,150.3336147805735,150.62051391601562,5997700.0
2024-01-29,150.46751548683585,151.59598165120673,150.21887732492934,151.53860473632812,4501700.0
2024-01-30,151.1082163368477,151.9019642047496,150.95521612736243,151.5672607421875,7258200.0
2024-01-31,151.5577033899394,151.66289925267174,149.54943863636234,149.62594604492188,8928200.0
2024-02-01,149.94151671754855,151.4620777266275,148.98519601381645,151.36643981933594,8008200.0
2024-02-02,150.72571038610818,151.96893024983197,149.89371602304288,151.23255920410156,8128900.0
2024-02-05,150.4866288273038,150.55356368959613,149.31035842954452,149.9319610595703,8633400.0
2024-02-06,150.09453315469244,150.97434646056053,149.91282988425195,150.87872314453125,6059000.0
2024-02-07,151.58638772470556,151.83504044384082,150.7352628920176,151.4716339111328,6706000.0
2024-02-08,151.50987903828988,151.90197402107873,151.06997969511337,151.8063507080078,4900200.0
2024-02-09,151.7585447233456,152.13150923847246,151.24212333791033,151.98805236816406,5055000.0
2024-02-12,152.0550105064505,153.51818019488346,152.0454525514697,153.02088928222656,6971900.0
2024-02-13,150.95521107659266,151.29948707293113,149.33902694356743,150.47705078125,9741100.0
2024-02-14,151.24208143943937,151.95932181539428,150.70654429349324,151.8541259765625,11291300.0
2024-02-15,152.45666227469528,153.8815855394542,152.40884331558033,153.73812866210938,5846600.0
2024-02-16,153.1930080931175,154.05369084588992,152.89655102476914,153.0399932861328,5061200.0
2024-02-20,152.34188121169953,152.97305633766413,152.2845043079382,152.6861572265625,6827700.0
2024-02-21,152.2940774474653,153.04000645533446,151.9784898530135,152.9921875,4602900.0
2024-02-22,153.79550057043292,154.90482148213317,153.47034044526467,154.5127410888672,9128000.0
2024-02-23,154.8665732892667,155.31604517635282,154.57011621316641,154.9239501953125,6375200.0
2024-02-26,154.9048250318029,155.3160505264556,154.197157043134,154.30235290527344,5164000.0
2024-02-27,154.79965046450207,155.01961476524113,154.4649469242306,154.98135375976562,4362900.0
2024-02-28,154.60835492284735,155.39254484588835,154.4362242132792,155.0386962890625,4296800.0
2024-02-29,155.77506599998995,156.0906535572696,155.0291370799816,155.67942810058594,6298500.0
2024-03-01,155.8803123728279,156.83663330763054,155.14394116718603,156.76968383789062,6389300.0
2024-03-04,156.68355412693305,157.50599037689074,156.68355412693305,157.0565185546875,5165000.0
2024-03-05,156.79836945528817,157.47734907180964,155.75596866211797,156.33932495117188,6260600.0
2024-03-06,157.19043772860726,157.76423601815648,156.7409658066629,157.22869873046875,6041100.0
2024-03-07,158.19457267281769,158.72055199034077,158.08937680931305,158.46234130859375,6407600.0
2024-03-08,158.9022568817688,159.4377941587767,158.0606899651585,158.2806396484375,9114500.0
2024-03-11,157.94592333771098,158.57709847398309,157.43907455648204,158.48146057128906,5503800.0
2024-03-12,158.7683579163728,159.1891413358613,158.02242897902315,158.89266967773438,6357900.0
2024-03-13,159.00743824370255,159.53341751861086,158.50058946759867,158.96917724609375,4644000.0
2024-03-14,159.0170238986544,159.0839733599853,156.54971444568804,157.54429626464844,7757600.0
2024-03-15,156.52101019378532,157.77378799983646,156.5114522398301,157.23825073242188,7973400.0
2024-03-18,157.80478941778895,158.1985126627154,157.19020311105467,157.67034912109375,4712600.0
2024-03-19,157.65117322662414,158.64988534882272,157.52633054812517,158.61146545410156,5789400.0
2024-03-20,158.52501600266214,160.1094920502949,158.25613539643226,159.9654541015625,4925700.0
2024-03-21,160.69529545167174,161.50193739412225,160.52244988667363,161.06021118164062,6010900.0
2024-03-22,161.13704434623318,161.32909986787743,159.99429421103883,160.02310180664062,3178700.0
2024-03-25,160.01349154891417,160.41681250845178,159.6581734763319,159.67738342285156,2903700.0
2024-03-26,160.17673369910327,160.35919155223573,159.46611223240203,159.5237274169922,3669800.0
2024-03-27,160.50324629400507,162.08772264746997,160.4168235080845,162.078125,5999200.0
2024-03-28,162.44304592310294,163.05763239740384,162.2509903973022,162.6446990966797,3728100.0
2024-04-01,162.8655571206133,162.93276995268874,161.5595591894924,161.68438720703125,4757200.0
2024-04-02,160.8585305137751,160.8585305137751,159.8214132479838,160.29196166992188,4598400.0
2024-04-03,160.09033035181517,160.7529197079136,159.9654876681212,160.46484375,4442700.0
2024-04-04,161.7036000684807,161.87646028088298,158.45780780183247,158.8323211669922,7150800.0
2024-04-05,159.01478332199176,160.2055509358228,158.64026994671445,159.78302001953125,5697000.0
2024-04-08,160.01349776322832,160.77212217191436,159.89825273253052,160.27276611328125,22497300.0
2024-04-09,160.810549999298,161.10823825856744,159.4565343817526,160.9065704345703,5483600.0
2024-04-10,158.64025727757453,159.20682611876597,157.59354237037778,158.1697235107422,7550600.0
2024-04-11,158.4578101000025,158.69788314917383,157.0461793986434,158.0544891357422,6831200.0
2024-04-12,157.05579200583986,157.42069307732513,155.11599766192822,155.54812622070312,6567600.0
2024-04-15,157.15184056822406,157.29589321553559,153.6755868760067,154.20375061035156,9546700.0
2024-04-16,154.04047159812563,154.16529961714127,152.8785116169164,153.34906005859375,7389600.0
2024-04-17,154.09809045510596,154.22293312999128,152.56161707445727,153.03216552734375,8056700.0
2024-04-18,153.59872938526524,154.1076830622202,152.52320684572203,152.88812255859375,6683000.0
2024-04-19,153.18580091123056,153.97323281895015,152.9841331216188,153.4642791748047,8816300.0
2024-04-22,154.13649296123742,155.423295622182,153.28183350479958,154.63584899902344,4775500.0
2024-04-23,154.93354173966353,156.35478476141992,154.80871371625648,156.0090789794922,3998000.0
2024-04-24,155.7593862564179,156.38358495550142,155.35606530540323,156.2299346923828,4164000.0
2024-04-25,155.52894423822332,156.1435307117901,154.18452625342906,155.90345764160156,7408300.0
2024-04-26,155.56733651404056,156.5180310677801,155.38487865144344,155.98025512695312,5649500.0
2024-04-29,156.42197472367795,157.19021131039182,156.35476189827108,157.06536865234375,3882800.0
2024-04-30,156.38356290645376,156.47958331769297,154.77026467696388,154.799072265625,4935800.0
2024-05-01,154.3669548708355,156.345154249756,153.81958134117005,154.2709197998047,9285200.0
2024-05-02,155.23121629856107,155.60572964156552,153.7331629265432,155.22161865234375,5677900.0
2024-05-03,156.49880318899008,157.03656441530308,155.69216134952055,156.32594299316406,9751400.0
2024-05-06,157.1518232727672,157.535948970424,156.7869221761146,157.52633666992188,4928700.0
2024-05-07,157.9680938720703,158.43864240545614,157.8336535272313,157.9680938720703,4511200.0
2024-05-08,157.43030095039865,158.05448500075593,157.28624833292687,157.92965698242188,3346100.0
2024-05-09,157.89125427997965,159.2932874503779,157.81442913954302,159.25486755371094,3413000.0
2024-05-10,159.7926384857814,159.93669112759264,159.26448942450125,159.51416015625,3425000.0
2024-05-13,160.0423074274362,160.51284124480773,159.3508958458937,159.47573852539062,2514400.0
2024-05-14,159.98468430868797,160.46483040246807,159.45652067495067,160.10951232910156,5446900.0
2024-05-15,161.05062524266035,161.52115908351533,160.7625346271568,161.38671875,5739400.0
2024-05-16,161.49232658890804,161.7035920308453,161.10821559605586,161.12741088867188,4779400.0
2024-05-17,161.18506471019904,161.45394537578514,160.8969740962433,161.3675079345703,3461400.0
2024-05-20,161.51155570196977,161.780436359455,160.9929896818933,161.23306274414062,3756300.0
2024-05-21,161.10824784193937,161.23307588050838,160.68571687349512,161.16586303710938,3751200.0
2024-05-22,160.71450218710677,161.2522634713274,160.12872336260298,160.55125427246094,2841500.0
2024-05-23,160.83932391853236,160.84892156418087,158.169713138833,158.3041534423828,5841400.0
2024-05-24,158.9763777388099,159.62936940593073,158.8323251160771,159.35089111328125,3252000.0
2024-05-28,159.37010632711355,159.42772151695226,157.78561534206548,158.24655151367188,4160000.0
2024-05-29,156.97896730542163,156.97896730542163,156.31636334211748,156.3931884765625,6843200.0
2024-05-30,156.4604274126184,157.27668178098403,156.22035432226363,157.11343383789062,5335500.0
2024-05-31,157.43030102757587,159.24525264660267,156.83492456984195,159.19723510742188,4335200.0
2024-06-03,159.50453517700373,159.52373047030426,157.10380475382723,158.3521728515625,6125400.0
2024-06-04,157.6127714379082,158.3041830290717,157.22864574676356,157.87203979492188,5446500.0
2024-06-05,158.2273470558239,158.88033870670927,157.3246700595682,158.8323211669922,5788700.0
2024-06-06,158.61144718788756,159.16841837402944,158.16010872071908,158.5250244140625,6251200.0
2024-06-07,157.8240426269039,158.92837289157765,157.53595201132458,158.02569580078125,2865700.0
2024-06-10,157.47832183110611,158.553844397151,157.25744407687506,158.44821166992188,5769700.0
2024-06-11,157.72799956095696,158.02568780927217,156.83493481601135,157.79522705078125,4772800.0
2024-06-12,159.57174333821936,159.7830087815062,158.24653549449204,158.6402587890625,8818900.0
2024-06-13,158.35216697174974,158.44820204626916,157.23823923295805,158.1889190673828,7385200.0
2024-06-14,157.295863312653,157.60314919328306,156.2299383979407,157.1806182861328,4557100.0
2024-06-17,156.8349382425064,158.46743214670227,156.5372353347904,158.32337951660156,4265800.0
2024-06-18,158.13132319163756,159.09161544250284,158.13132319163756,158.71710205078125,6283800.0
2024-06-20,158.678685291104,159.11081384205005,158.4482098925814,158.81312561035156,5806800.0
2024-06-21,158.92834773268893,159.120403228373,158.08328596820502,159.0147705078125,3996200.0
2024-06-24,159.36476467351721,160.5988934426148,158.9501861486782,159.77935791015625,7588700.0
2024-06-25,159.86615576899683,159.86615576899683,158.16925232454088,158.6802520751953,4349100.0
2024-06-26,158.13065435413054,158.24636266409985,157.5521716514856,158.08245849609375,3995900.0
2024-06-27,158.08248672906802,158.3138739667308,157.64860623484432,158.2753143310547,3430700.0
2024-06-28,158.6320140838886,159.28764545235785,157.67749778594956,158.39097595214844,4761000.0
2024-07-01,158.8923614024578,159.04662935897971,156.90620927559493,157.10867309570312,6813100.0
2024-07-02,157.06043173155308,157.8221204226889,157.0122358774147,157.81246948242188,3692900.0
2024-07-03,158.14028437969537,158.5452266315297,157.73534212786106,157.8799591064453,2745100.0
2024-07-05,157.7931970254862,157.96673740870244,156.8965275768047,157.81246948242188,3950800.0
2024-07-08,158.04388348700155,158.69951486805306,157.6293049541163,158.1210174560547,4654500.0
2024-07-09,158.01496313043,158.6802307534989,157.50396344843807,157.85105895996094,4267800.0
2024-07-10,158.1788607198626,159.28764494944664,157.87997579133648,159.1526641845703,5327600.0
2024-07-11,159.93365695644349,161.37988602789878,159.86615920477686,161.07135009765625,10924400.0
2024-07-12,161.80409211286775,163.2888806043927,161.7173072001949,162.48863220214844,11488500.0
2024-07-15,162.70075262493313,163.52992445641226,162.28617406509423,162.6718292236328,5139500.0
2024-07-16,163.1345943588314,165.55462646484375,162.98997737360318,165.55462646484375,9921100.0
2024-07-17,164.68691788862117,166.01745330264853,164.54230087048882,164.87974548339844,12609800.0
2024-07-18,164.72546980673673,166.20062203804954,163.09604963588518,163.46241760253906,8887600.0
2024-07-19,163.57813823441225,163.79025298930515,161.98727757271558,162.36329650878906,5683900.0
2024-07-22,163.02854235499015,163.71309710175777,161.75586870777371,163.64559936523438,8973100.0
2024-07-23,163.3467211758339,163.75166347626208,162.96106604546426,163.06712341308594,5344300.0
2024-07-24,162.75859311172724,163.16353542601948,160.99419214186784,161.15809631347656,8067000.0
2024-07-25,161.2063051784884,163.5973994093021,160.86886060938275,161.35093688964844,10680400.0
2024-07-26,162.57541248309073,164.1759093868139,162.31510186433462,163.6552734375,7472300.0
2024-07-29,164.04090305825022,164.28194117927808,163.10567397171815,163.8769989013672,5737800.0
2024-07-30,164.52298554567582,165.16896596913628,163.848081723538,164.6676025390625,7333100.0
2024-07-31,165.8438998225411,166.8755502681788,164.95688110828013,165.4486083984375,9957500.0
2024-08-01,165.73784011094625,166.51881614109115,162.72968845161145,163.60707092285156,10567900.0
2024-08-02,162.19938734168468,162.37294245935365,159.18159971584024,160.79173278808594,11666300.0
2024-08-05,157.5617968731099,158.68985351184938,155.99987455974744,156.99295043945312,13747600.0
2024-08-06,157.48469823543945,160.5796348706856,157.1665260795317,158.60311889648438,8774600.0
2024-08-07,160.12646356285927,160.99419500724352,157.38827374407242,157.48468017578125,5938500.0
2024-08-08,158.26565545439885,160.48320954558645,158.00534482507763,160.33859252929688,6628600.0
2024-08-09,160.47354634306024,161.13881392978,159.23943230547562,160.67601013183594,3650000.0
2024-08-12,160.72421437885382,160.89776947420725,159.58652152186696,159.90469360351562,5633600.0
2024-08-13,160.67603689392143,161.93908925207546,160.15540092426733,161.7269744873047,4208300.0
2024-08-14,161.99689381175483,162.5175296456337,161.59195156056055,162.0643768310547,4156200.0
2024-08-15,163.68419729860676,164.52300538499875,163.25996778444934,164.26268005371094,6926700.0
2024-08-16,163.9059212286229,164.7929397427972,163.9059212286229,164.657958984375,3454700.0
2024-08-19,164.80257750743377,165.94992132061628,164.7833050501933,165.91136169433594,5580000.0
2024-08-20,165.74746450919284,166.01742603990948,165.03398634269885,165.2557373046875,5054900.0
2024-08-21,165.92100777234097,166.5669882114291,165.5064292400696,166.41273498535156,4594900.0
2024-08-22,166.79840285844966,167.00088138135487,165.64142265959526,165.9403076171875,3817200.0
2024-08-23,166.79838710312814,168.2639030628758,166.47057877491355,168.05178833007812,6000300.0
2024-08-26,168.6977921032578,169.10273445505624,167.83006059394717,168.02288818359375,7487600.0
2024-08-27,167.67576139945695,168.15783763966346,167.4732829053785,168.09999084472656,3560300.0
2024-08-28,167.85897272065813,168.36032147770004,166.84660955326785,167.63720703125,3964500.0
2024-08-29,168.24459833022408,169.28588471567795,167.2804459042629,168.26388549804688,5095000.0
2024-08-30,168.80383193240814,169.65229089279427,167.68541143222652,169.5655059814453,4635800.0
2024-09-03,168.72670718743368,169.11236234771297,166.71163175814178,167.38653564453125,6616300.0
2024-09-04,167.22264179167908,168.14822011822363,166.66343147648237,167.1455078125,10109400.0
2024-09-05,167.38654225705383,167.5118868094069,165.45823695587785,166.12350463867188,6015500.0
2024-09-06,166.33558535474373,167.1165464879919,164.11803176989895,164.33978271484375,9197200.0
2024-09-09,165.36181806868916,166.76948743100115,165.06293309680564,165.93067932128906,6402300.0
2024-09-10,166.27774289293563,166.42235987997148,164.79293983763776,166.0270538330078,4356800.0
2024-09-11,165.44858558975122,166.30668078180062,162.73930453154074,166.1042022705078,7108100.0
2024-09-12,166.13310694973927,167.24189109861754,165.30393525105248,167.13583374023438,5460300.0
2024-09-13,167.77217559988003,169.0545002237056,167.65648200464162,168.736328125,5248100.0
2024-09-16,169.33409173307845,170.25966980401023,169.09305363163608,169.96078491210938,4845200.0
2024-09-17,170.34649812838867,171.2335315908206,169.72944096656855,170.21151733398438,5489300.0
2024-09-18,170.54892715452712,172.00479206514214,169.64262149305594,169.893310546875,9390000.0
2024-09-19,172.14941868897796,172.4193801914463,171.02136211542125,171.70590209960938,7678100.0
2024-09-20,171.21421966649336,171.21421966649336,170.27899047195694,171.07923889160156,5392000.0
2024-09-23,171.56802860561376,172.02296334681697,171.2389312774049,171.9552001953125,5866400.0
2024-09-24,172.3327165780523,172.5166282727207,171.84874465298856,172.20689392089844,6316200.0
2024-09-25,172.39077598437342,172.54563574884114,170.88077143121308,171.14212036132812,4614900.0
2024-09-26,172.400484223126,173.07804198191616,172.05202383722659,172.57470703125,6061500.0
2024-09-27,173.28129425325028,174.17180073085507,172.92314502240362,173.1941680908203,5693800.0
2024-09-30,173.03929637758793,173.60070548619015,171.90680404062516,173.4167938232422,5068500.0
2024-10-01,173.21352230398455,173.42647109973214,171.58738397607425,172.49725341796875,8274200.0
2024-10-02,172.0326729950599,172.729593816164,171.53902690079968,172.31338500976562,4117100.0
2024-10-03,171.76162361858306,171.9939354466597,170.9098431216025,171.50027465820312,5361900.0
2024-10-04,172.9424886273461,172.95216274668638,171.62608468432649,172.845703125,5400400.0
2024-10-07,172.31335867164623,172.31335867164623,170.76464269043578,171.50027465820312,4207300.0
2024-10-08,171.68422259735553,172.10044619768107,171.07442792056477,171.9068603515625,3845700.0
2024-10-09,171.94554137864725,173.31034572372877,171.64548115447698,173.0877227783203,3925200.0
2024-10-10,172.74894285196888,172.94252867113258,172.0520220872585,172.43919372558594,3171900.0
2024-10-11,172.75860870736045,174.36539899187463,172.6714973083526,174.13308715820312,4033900.0
2024-10-14,174.23956332869938,175.526930393535,173.83302869290665,175.41078186035156,3222600.0
2024-10-15,175.44948240374504,176.37871492143535,174.51057576543027,174.61705017089844,5152200.0
2024-10-16,175.05263704506572,176.0399290581943,174.91712550779414,175.79794311523438,4840200.0
2024-10-17,176.28192682281667,176.31096395634714,175.32367187700964,175.5172576904297,3595400.0
2024-10-18,176.03025813015665,176.17544379070586,175.11071448416143,176.03993225097656,3275700.0
2024-10-21,175.76892039083262,176.02059524471576,174.16213005315964,174.53964233398438,3998700.0
2024-10-22,173.84272614941713,174.0363119708115,173.00060493339183,173.75559997558594,3730700.0
2024-10-23,173.25227243526194,173.73624435301764,172.22623956311315,173.18450927734375,4665700.0
2024-10-24,173.7168974275231,173.91048325862187,172.80702777474153,173.22325134277344,4361800.0
2024-10-25,174.17180580533696,174.3750657277467,172.26495538078885,172.4004669189453,4555200.0
2024-10-28,173.11674809326746,173.84270591624235,173.0296219295767,173.37808227539062,3040100.0
2024-10-29,172.82637058205654,173.4652170426761,172.34239867606905,172.85540771484375,5505400.0
2024-10-30,172.23591932738233,173.60072360784957,172.23591932738233,172.4779052734375,5630200.0
2024-10-31,172.03266604881904,172.29401503859359,170.600113205349,170.63882446289062,6143700.0
2024-11-01,171.26798297133317,172.25528980956142,170.60009936810965,170.7452850341797,4247000.0
2024-11-04,170.92919960971722,171.8971434522589,170.42587944574421,170.9485626220703,3954200.0
2024-11-05,171.0163066272431,173.00059440752133,170.56138662098815,172.94252014160156,4550700.0
2024-11-06,177.46283922701375,177.50156525579632,175.48824007902437,177.0369415283203,12965500.0
2024-11-07,177.51121133527272,177.66608588663127,176.76589048030363,177.21115112304688,8402000.0
2024-11-08,177.41439375056763,178.55657499341288,177.17240782628207,178.1984405517578,7541600.0
2024-11-11,178.8953729420243,179.8342648018257,178.80824677862753,179.08895874023438,6861800.0
2024-11-12,178.81794812217004,178.9631337885263,177.16275767745515,177.7241668701172,5098300.0
2024-11-13,178.04359157472965,178.62434901459704,177.56929377796808,177.8209686279297,9745300.0
2024-11-14,177.89838764865718,178.0919882278003,176.28192324643555,176.39808654785156,7379500.0
2024-11-15,176.0689730351124,176.48519655340363,174.8590432732723,175.13975524902344,5450400.0
2024-11-18,175.30431305453834,176.22385676749875,175.07200121109156,175.8463592529297,3702600.0
2024-11-19,174.33634767291935,175.74955203253842,173.89108705369296,175.37203979492188,5787700.0
2024-11-20,175.49788501592576,176.03993117151916,174.5589783643979,175.96249389648438,4496700.0
2024-11-21,176.5529391801454,178.49851562628984,175.9141075116688,178.17909240722656,5642600.0
2024-11-22,178.6049779924989,179.83425587340903,178.5759408626915,179.5825958251953,6371300.0
2024-11-25,181.16035535185247,181.96375043474643,180.7828578810613,181.20875549316406,8582500.0
2024-11-26,181.25714076853694,181.38297818195034,180.33759716270325,181.2281036376953,5590500.0
2024-11-27,181.49912463176423,182.06053377103765,180.89900424169406,181.0538787841797,4801900.0
2024-11-29,181.45074630025726,182.12830398785684,181.33458300406173,181.60560607910156,3752500.0
2024-12-02,181.6830372948679,181.8475859585371,180.49247062852623,181.15066528320312,7664300.0
2024-12-03,181.15068569639908,181.38299753757187,180.1537047120487,180.34730529785156,8580300.0
2024-12-04,180.58929121122668,180.62800246658608,179.6503844950127,180.3569793701172,6576700.0
2024-12-05,180.34730846468247,180.5021682585326,179.39871284047481,179.456787109375,6060200.0
2024-12-06,180.08594175629096,180.43440210503906,179.117997984174,179.25350952148438,4527300.0
2024-12-09,179.7568496947466,179.9117094778969,178.47915678861716,178.5178680419922,5121100.0
2024-12-10,178.54692114407828,178.54692114407828,176.9304419890397,177.42410278320312,6296400.0
2024-12-11,178.21782645147502,178.2759007224317,177.40475711877824,177.5886688232422,6041800.0
2024-12-12,177.55960793513944,177.75319373564906,176.94012451171875,176.94012451171875,3648800.0
2024-12-13,176.94013164174294,177.1433915710912,175.99155084226663,176.32064819335938,5418500.0
2024-12-16,176.34969277595846,176.9691762505119,175.5753347403539,175.73988342285156,5199800.0
2024-12-17,175.1107231609805,175.49789478806298,174.08470505652616,174.35572814941406,7334500.0
2024-12-18,174.57834413752735,174.78161883391584,169.06106743844995,169.1965789794922,11216700.0
2024-12-19,170.06771497690752,170.94854733959193,168.58676221178524,168.63516235351562,10243000.0
2024-12-20,168.38348801768336,172.07135105226055,168.12213909021733,170.99693298339844,10861700.0
2024-12-23,170.37527680644754,171.3854920281579,169.70505581829468,171.23007202148438,8102400.0
2024-12-24,171.3174746874271,172.6093755851651,170.99692651084553,172.52195739746094,2266500.0
2024-12-26,171.8808829229071,173.04650337233264,171.7448941175019,172.8036651611328,3493100.0
2024-12-27,171.92944340871102,172.89108800425487,170.75410001415742,171.62832641601562,5401800.0
2024-12-30,170.22959419438465,170.57928182810718,168.59772845145864,169.8993377685547,6274500.0
2024-12-31,170.50156812716295,171.02610697722594,169.5496464643968,170.2101593017578,6324500.0
2025-01-02,171.26896870805103,171.61864156054102,168.92800441218918,169.7147979736328,9011900.0
2025-01-03,170.2295663603255,171.5311754645968,169.57876180818985,171.2689208984375,4949100.0
2025-01-06,172.05575549139013,172.86198023121233,170.89984309118324,171.1523895263672,8748100.0
2025-01-07,171.74488982950288,172.30827624402048,170.0158829946621,170.5792694091797,8469400.0
2025-01-08,170.16158411114503,170.90952995115202,169.15138367483814,170.78326416015625,6932900.0
2025-01-10,169.65650694557664,169.93819277479568,168.11205933830053,168.28689575195312,7406800.0
2025-01-13,167.61665872031512,169.7147845999442,167.44182230784742,169.6662139892578,8191400.0
2025-01-14,170.40440892712093,171.2397729002288,169.69532555675042,171.03579711914062,8081800.0
2025-01-15,173.6099044499857,173.88188208374532,172.21115386398228,172.6774139404297,9989500.0
2025-01-16,172.82310138919323,174.28983889165337,172.28885434469828,174.03729248046875,5759000.0
2025-01-17,174.93094060456227,175.53318948267693,174.55211356556114,174.8823699951172,5945500.0
2025-01-21,175.9022604572933,176.99018558211523,175.76627166939886,176.9124755859375,7561500.0
2025-01-22,177.0582100679026,177.1747676760241,176.23255415259015,176.2908477783203,8400200.0
2025-01-23,176.3879525667746,177.1358983778111,175.69830037432615,177.12619018554688,5414500.0
2025-01-24,176.89305415968292,177.611860547811,176.72792596680222,176.97076416015625,8858500.0
2025-01-27,176.06741781952707,177.12620372395617,175.97029142445848,177.08734130859375,11280900.0
2025-01-28,177.0776229280543,177.12619353362862,175.83429249802492,176.21311950683594,14005300.0
2025-01-29,176.2228205919108,176.86391698763225,175.3000384098878,175.6302947998047,7849500.0
2025-01-30,176.63079370824175,177.91298654850232,176.29082911332503,177.50502014160156,8669000.0
2025-01-31,177.1747468884712,177.98097150061423,175.85370647196794,176.04798889160156,10222400.0
2025-02-03,173.7944635771339,175.71773821872952,172.60941182279987,175.08636474609375,23419700.0
2025-02-04,174.70752300080457,175.67887584417127,174.59096540253438,175.300048828125,7359000.0
2025-02-05,175.71772554930052,176.24226439116006,174.58124448749595,176.15484619140625,5616100.0
2025-02-06,176.88333642412852,176.88333642412852,174.95033917352376,175.92169189453125,5858800.0
2025-02-07,176.47535662508886,176.582206018106,174.78521236312008,175.05718994140625,6525000.0
2025-02-10,175.84399058213583,175.91199239036436,174.92120841594127,175.55258178710938,5193400.0
2025-02-11,174.9697874814148,175.65943968061094,174.6589474659078,175.572021484375,4882000.0
2025-02-12,173.6293416753709,174.95038229441116,173.53220045066078,174.5521240234375,8593000.0
2025-02-13,175.1349380664948,176.22284861648578,174.65896979003895,176.0674285888672,7191600.0
2025-02-14,176.54339807953968,176.961072732259,175.83431457844867,175.89259338378906,10416200.0
2025-02-18,176.35880226000685,177.2718762130641,175.8731258868204,177.24273681640625,5629500.0
2025-02-19,176.78620953946395,177.7769935451916,176.47536952917002,177.60214233398438,6982400.0
2025-02-20,177.388434387903,177.388434387903,175.97997586532523,177.1553192138672,5153400.0
2025-02-21,177.38844668435956,177.38844668435956,174.26068942811972,174.66867065429688,7674000.0
2025-02-24,175.20291204956808,175.6108784755077,174.07615398721182,174.8143768310547,6196800.0
2025-02-25,175.05721385082526,175.57202968158552,174.02758218930478,174.9892120361328,9329900.0
2025-02-26,175.53317595791782,176.18398057366431,174.25098311137165,174.62010192871094,5829700.0
2025-02-27,174.64924802674102,175.38747086806734,172.99795112118542,173.09507751464844,6878000.0
2025-02-28,173.56132699059447,175.08635813983346,172.4248458897295,175.0183563232422,9252600.0
2025-03-03,175.69830533355488,176.20339813556694,172.2305686022341,173.15335083007812,7704400.0
2025-03-04,172.191706326319,172.76480089223057,169.83131143403344,170.35585021972656,10009200.0
2025-03-05,170.2004481223252,172.41513144187329,169.53992047488603,171.9391632080078,6327500.0
2025-03-06,170.3850117252942,171.49235341229533,169.2096682224967,170.0353240966797,8624700.0
2025-03-07,169.58847963334705,172.04600100029185,169.03481625167075,171.62832641601562,11727400.0
2025-03-10,170.06445097353253,171.66717717401585,167.9663253563537,169.20965576171875,16835700.0
2025-03-11,169.2388012638023,169.32623428392202,166.06248814671392,166.9561309814453,17834700.0
2025-03-12,167.66521893438176,168.13146416038737,165.22712857446837,166.16934204101562,15640500.0
2025-03-13,166.1790503282632,166.7812843630987,164.0032145695537,164.57630920410156,8687700.0
2025-03-14,165.9750458472067,167.93718262554114,165.42138246629918,167.71377563476562,7120600.0
2025-03-17,167.60691722117258,170.60839361212464,167.60691722117258,169.97702026367188,8485500.0
2025-03-18,169.77305317449088,169.77305317449088,168.37430267235266,169.09310913085938,6404500.0
2025-03-19,169.26795852896308,171.16210862534558,168.85999207146105,170.34616088867188,7666100.0
2025-03-20,169.5593444398228,170.72496484953572,169.17080924380772,169.63705444335938,7686200.0
2025-03-21,168.5005742935391,169.1902264932411,167.37380146900122,168.85997009277344,7787700.0
2025-03-24,170.4518622150155,171.74996854601042,170.15905370023637,171.4766845703125,9323400.0
2025-03-25,171.74019699389297,171.86706925341298,170.3444829963066,171.06674194335938,4313100.0
2025-03-26,171.4083600981454,172.09158494606686,170.19810671856806,170.7446746826172,4641600.0
2025-03-27,170.46161733258236,171.30099380020724,169.4465646915024,170.3054656982422,5538300.0
2025-03-28,170.22740172964305,170.26643591943764,167.43598803419624,167.67999267578125,6786800.0
2025-03-31,166.69419602851306,169.8174671983809,166.08906931346,169.07568359375,10869400.0
2025-04-01,168.85118690515935,169.72959752729105,167.15290949046425,169.25135803222656,6370100.0
2025-04-02,167.8166082229264,171.1838687673756,167.8166082229264,170.6665802001953,7288600.0
2025-04-03,165.92314712412187,166.538043552709,162.4680481427488,162.53636169433594,15808200.0
2025-04-04,158.94458997989517,159.19834938264148,153.17631811224447,153.41055297851562,29019500.0
2025-04-07,149.95547158780695,157.812422959228,146.74437749315283,152.13198852539062,34004200.0
2025-04-08,156.4850425367825,156.84616460370853,147.1738180254371,149.2624969482422,17732800.0
2025-04-09,147.61302906835405,161.9116927575107,147.19333340953435,161.19920349121094,37769600.0
2025-04-10,158.2613876540128,158.4077993590267,151.75134629970415,155.77255249023438,20112100.0
2025-04-11,155.5675880645626,158.8665353591175,153.90835959371836,158.134521484375,11819300.0
2025-04-14,160.33053723728193,161.01374709822514,158.57370124281513,160.15484619140625,14031000.0
2025-04-15,160.39886643194936,161.50177203195332,159.48140671791342,159.6375732421875,8519400.0
2025-04-16,158.99339037830904,160.14509982717408,156.36791340922898,157.5879364013672,10385800.0
2025-04-17,157.94907340157485,159.97919363992006,157.8124314092276,158.75917053222656,7874400.0
2025-04-21,157.5196026393902,157.773362051746,153.9278622205467,155.56756591796875,6286600.0
2025-04-22,157.32441157008313,159.77421244390376,157.0706372493445,159.40333557128906,8645400.0
2025-04-23,162.5168248521955,164.44935208351015,160.39886662754617,160.9454345703125,12717500.0
2025-04-24,161.24799674952473,163.9418020105933,160.6331004286749,163.66851806640625,5767900.0
2025-04-25,163.2586194720015,163.61974155307124,162.05810598820776,163.43429565429688,5190000.0
2025-04-28,163.6977894321107,164.63475865418465,162.42896267156402,163.8929901123047,7232100.0
2025-04-29,163.43427885551847,165.25944339908386,163.11219099488926,164.84950256347656,5877300.0
2025-04-30,163.14147346969816,165.4839266209352,161.4236864064117,165.08375549316406,7497400.0
2025-05-01,165.08376352550818,166.4209040645469,164.43958776061044,164.85928344726562,9380300.0
2025-05-02,166.91867574012193,168.15820842092393,166.498980071761,167.76780700683594,6865200.0
2025-05-05,166.8308253264613,168.09965228103243,166.49898263010166,167.21148681640625,5732400.0
2025-05-06,165.84505192370366,167.27004540227887,165.4156014262465,165.97193908691406,5246400.0
2025-05-07,166.50874074704913,167.61163138375406,165.88408958270753,167.0650634765625,6912400.0
2025-05-08,168.1094132389105,170.09072938370616,167.67019304812052,168.4705352783203,5238800.0
2025-05-09,168.88044812272614,169.14397723819712,167.98251305863502,168.43148803710938,3460100.0
2025-05-12,173.0090466202631,173.25305126313472,171.81830277162067,173.048095703125,8903700.0
2025-05-13,173.17493217391194,174.2388035153751,172.9699766562915,173.43846130371094,8960000.0
2025-05-14,173.29208499937715,173.37016826532445,171.9939786271161,172.39414978027344,7785500.0
2025-05-15,172.03298809117766,174.0045493176528,172.03298809117766,173.96551513671875,6989300.0
2025-05-16,174.14119746259152,175.67355346679688,173.62390891294658,175.67355346679688,6304500.0
2025-05-19,174.0826623348925,175.85900828182108,173.98505452658253,175.654052734375,4145500.0
2025-05-20,175.18554241894964,175.85898258358054,174.50231764634066,175.19529724121094,5888300.0
2025-05-21,173.8191201937092,174.08264934218906,171.20339792626612,171.3790740966797,13219500.0
2025-05-22,170.93009680490357,171.80850735455687,169.92479910522067,170.83248901367188,10673200.0
2025-05-23,169.06591095634465,170.68610509875091,168.85118571371927,170.1492919921875,11014300.0
2025-05-27,172.2282142500826,173.41894300241307,171.2717054905967,173.32135009765625,8780200.0
2025-05-28,173.30185333956484,173.42874051823335,171.55478666791868,171.84759521484375,13696600.0
2025-05-29,172.4917224869053,172.52100184659815,170.79346005328622,172.26724243164062,7823900.0
2025-05-30,171.77926326761408,172.7650366328903,170.74468599670098,172.19894409179688,8433600.0
2025-06-02,171.8475773180864,172.38437555654025,170.09074111235975,172.33558654785156,12499600.0
2025-06-03,172.2867722025448,173.93624568202017,171.7109100277563,173.7703094482422,9725900.0
2025-06-04,174.03385920745274,174.17050120398017,173.31161503703382,173.3799285888672,6957400.0
2025-06-05,173.58489312427534,174.0240984629662,172.4331835702764,172.91143798828125,11662900.0
2025-06-06,174.37544476155625,174.71704225378002,173.74102388824062,174.40472412109375,7257800.0
2025-06-09,174.83420743422778,175.27341280267072,173.9557818044807,174.4340362548828,11541800.0
2025-06-10,174.86346801857235,175.5466779508678,174.58041432978308,175.30267333984375,13056400.0
2025-06-11,175.68331172452596,175.71259108505134,174.23880866479146,174.80490112304688,11864700.0
2025-06-12,174.3364029897141,175.24410785197495,173.87767314726614,175.21482849121094,8786000.0
2025-06-13,173.9167453064709,174.7365973023949,172.62839369042376,173.09689331054688,16262000.0
2025-06-16,174.08267437258266,175.44909442624547,174.04364018227585,174.76588439941406,10888000.0
2025-06-17,174.04360591004098,174.48281120559813,172.7845338508707,173.08709716796875,9216000.0
2025-06-18,173.08708862240414,174.29735672390234,172.90164275518143,173.1066131591797,12988300.0
2025-06-20,174.10216785481882,174.39496146204038,172.96022810807776,173.38966369628906,9401300.0
2025-06-23,173.4014205135659,175.00862193711396,172.46061275053756,174.92042541503906,12724300.0
2025-06-24,175.83183402308723,176.89023723700225,175.34183336592102,176.57662963867188,10283300.0
2025-06-25,176.37084068386562,176.43943300112574,175.02824364595799,175.30264282226562,11833600.0
2025-06-26,175.85144637458788,176.81184352006235,175.76324984108834,176.62564086914062,8981500.0
2025-06-27,176.9784270460596,178.17402980043548,176.35122682684872,177.27243041992188,9276900.0
2025-06-30,177.53703569487772,178.38963202437753,177.21363347763884,178.10543823242188,9990600.0
2025-07-01,177.67422987706703,181.07483541585958,177.67422987706703,180.1928253173828,21421100.0
2025-07-02,180.1242400905746,180.7514403180218,179.38923912308337,180.60443115234375,12842400.0
2025-07-03,180.95722407112802,181.80983532351755,180.95722407112802,181.47662353515625,8503400.0
2025-07-07,181.05523418005356,181.36884176341354,179.04622859084742,180.02622985839844,14145700.0
2025-07-08,180.08502604651605,181.0846315181349,179.8792341560734,180.47703552246094,11259100.0
2025-07-09,181.05523045760256,181.18263540492723,179.8792319514461,181.0160369873047,11300700.0
2025-07-10,181.01605780980498,182.7604590345514,180.77105746977168,182.0646514892578,13045900.0
2025-07-11,180.94742825119292,181.21203277285747,180.33002268518635,180.73182678222656,10362200.0
2025-07-14,180.44764859538506,181.06503926110992,180.03604983369067,180.9180450439453,9821500.0
2025-07-15,181.18266170866767,181.34926015047665,178.37985713604576,178.4092559814453,11203400.0
2025-07-16,179.0168297199238,179.3206277202339,176.94902644758298,179.1050262451172,11395700.0
2025-07-17,179.1736464760793,180.712240801323,178.9678396154372,180.56524658203125,9663600.0
2025-07-18,181.11404870754598,181.26105788353038,180.03605618516363,180.49664306640625,9431700.0
2025-07-21,180.8788474582529,181.28063662724588,179.87924194335938,179.87924194335938,9822000.0
2025-07-22,180.1438597654796,182.43705939200996,180.1438597654796,182.17245483398438,12111800.0
2025-07-23,183.19160952777838,183.71102389954098,182.7604215787421,183.68161010742188,13828000.0
2025-07-24,183.407235826044,184.03443605481183,183.05443476276002,183.09364318847656,11816300.0
2025-07-25,183.41705398595582,184.08344771796808,182.62325529485673,183.97564697265625,9579400.0
2025-07-28,183.93644118064972,183.96584002252652,182.77023727409437,182.88783264160156,8148100.0
2025-07-29,183.27003326634704,183.27003326634704,182.34884462783342,182.7996368408203,9571500.0
2025-07-30,182.78984437977923,183.18183891342954,180.7122314812603,181.6138458251953,13965200.0
2025-07-31,180.8984191270216,182.03522411548386,179.5362180480712,179.95762634277344,21530000.0
2025-08-01,178.61502928261746,178.6934311800561,176.34143407142795,177.9290313720703,19418200.0
2025-08-04,178.62484813771042,180.25163899469757,178.62484813771042,180.10464477539062,10694200.0
2025-08-05,180.33001921375666,180.45742415759295,178.92862464608504,179.60482788085938,12675600.0
2025-08-06,179.81064476211955,179.88904666510115,178.83064340530063,179.2030487060547,10196200.0
2025-08-07,180.35942514719397,180.7514346230179,178.46802989485332,179.09523010253906,12164900.0
2025-08-08,179.51663129472365,180.13403690005032,179.09523791267304,179.41864013671875,9185200.0
2025-08-11,179.644046707323,180.35944351230228,178.62485187366627,178.92864990234375,9324600.0
2025-08-12,179.53624071945828,181.29045147472252,179.27163617326102,181.20223999023438,9790500.0
2025-08-13,181.82944129777044,183.87765545472618,181.59425054746126,183.78944396972656,13402800.0
2025-08-14,182.52523428693664,182.76043997214427,181.70203681915862,182.59384155273438,12180800.0
2025-08-15,182.96623336320283,182.98583757553908,181.93722904322283,182.14303588867188,11734800.0
2025-08-18,182.1038360595703,182.63303014511152,181.96662153164002,182.1038360595703,7559000.0
2025-08-19,182.19205157187417,183.81885737499928,182.19205157187417,182.95645141601562,10692900.0
2025-08-20,182.9858379611198,183.48563322450264,182.12343206009913,182.7898406982422,12877700.0
2025-08-21,182.21162971511458,182.63303803886532,181.66283139420148,182.15283203125,12848300.0
2025-08-22,183.08386803698295,186.19047066885975,183.05445423774972,185.70046997070312,14820900.0
2025-08-25,185.21044738347513,185.43584349097108,184.24024073248032,184.27943420410156,12121000.0
2025-08-26,184.06385360573825,184.6126519479012,183.83844253735228,184.40684509277344,10758100.0
2025-08-27,184.2598393549332,185.29863828815775,184.09324093673987,185.0732421875,10330900.0
2025-08-28,185.39664515248302,185.47504705362388,184.13245001146657,184.98504638671875,11258800.0
2025-08-29,184.87723819800865,185.56325106696133,184.2892463935774,184.84783935546875,11791100.0
2025-09-02,183.00546485117763,183.5934567126733,182.3292614998683,183.38766479492188,13874500.0
2025-09-03,183.03484701593345,183.72084493531145,182.23123877206697,183.1034393310547,13431600.0
2025-09-04,183.43664653951623,184.49504979786212,182.7408539511661,184.4558563232422,10706800.0
2025-09-05,184.89684386636415,186.0042501228614,183.5738510807549,184.67144775390625,19713400.0
2025-09-08,184.71064722610015,184.71064722610015,183.29944291270547,184.52444458007812,16212100.0
2025-09-09,184.2206442777596,184.48524882165265,183.58364940006783,183.9560546875,18432700.0
2025-09-10,183.94624474439857,184.72045416111175,183.2014491246235,183.7698516845703,17279300.0
2025-09-11,183.96583205630725,186.72942774848406,183.96583205630725,186.5236358642578,19182500.0
2025-09-12,186.28845214275472,186.51386321879437,185.03405161703753,185.18106079101562,14126100.0
2025-09-15,185.5338540491705,185.9258485893133,184.68124274622843,184.85765075683594,14177200.0
2025-09-16,184.8674405322752,185.2104469611183,183.8776446245433,184.36764526367188,13418400.0
2025-09-17,184.6028345488863,186.70984625275463,183.43663064434713,184.54403686523438,21025400.0
2025-09-18,185.05364289231204,186.25904027575712,184.7596395185459,185.7494354248047,16984500.0
2025-09-19,186.20025036961493,186.20025036961493,184.7988556629982,185.42605590820312,11333500.0
2025-09-22,184.86502839666733,185.82960581619318,184.50083940723826,185.51463317871094,9302300.0
2025-09-23,185.6327426139212,186.8926030394449,185.4063504143367,185.7410125732422,9921600.0
2025-09-24,185.7410174707735,186.26267773796928,185.13076176636386,185.3079376220703,10626000.0
2025-09-25,184.65831506189997,184.6878418676185,183.103171546266,183.78231811523438,12979600.0
2025-09-26,184.2842965826445,185.75085974281032,184.16618935480247,185.6032257080078,11428800.0
2025-09-29,186.42014749819012,186.5185801970755,185.4358805842214,186.22329711914062,11846900.0
2025-09-30,185.8886430117051,186.89259943159888,185.38667231111856,186.71542358398438,13098600.0
2025-10-01,186.29220173404525,187.42410266985542,186.29220173404525,187.138671875,10806400.0
2025-10-02,187.20756251485165,187.94576269434137,186.7154290618585,187.5815887451172,12839600.0
2025-10-03,187.90639595204075,189.27452633114154,187.88670640895936,188.2410430908203,15326900.0
2025-10-06,189.07769339473796,189.07769339473796,187.8867237373665,188.1820068359375,10695400.0
2025-10-07,188.6150697738803,188.8906633028059,186.9811831247351,187.35520935058594,13431800.0
2025-10-08,187.59141263916203,188.26072189727088,186.85321251227845,187.96543884277344,11800200.0
2025-10-09,188.1032491187191,188.30009949629243,186.10518849984382,186.41030883789062,12641800.0
2025-10-10,186.6071477587092,187.02053803184938,182.17794695099568,182.2074737548828,40484500.0
2025-10-13,183.49687555311255,184.5894124402205,183.17208068445356,183.9791717529297,16088800.0
2025-10-14,182.6307185767441,186.32171929568105,182.50275907916378,185.50477600097656,17544300.0
2025-10-15,186.42013418753032,187.50283372307814,184.48112730396204,185.87879943847656,11078500.0
2025-10-16,186.24299410052413,186.47922357605043,183.4968808903978,184.11697387695312,20569900.0
2025-10-17,184.09729228329437,185.40636918993442,183.90044188788195,185.05203247070312,21042200.0
2025-10-20,186.04614312089174,187.1682068433036,186.02645357664684,186.90245056152344,9171600.0
2025-10-21,186.8729091079239,188.31978261272687,186.6465319323764,187.7587432861328,9444800.0
2025-10-22,187.83747727419617,188.11307078369225,186.18391621721966,186.85321044921875,15088600.0
2025-10-23,187.12883422290864,188.08357439904367,186.59733665969893,187.7390899658203,9809400.0
2025-10-24,189.0875178961312,189.1957878576759,188.17214185421298,188.25088500976562,13012000.0
2025-10-27,189.20563164210202,189.30406434461614,188.5166477806685,189.0875244140625,10311100.0
2025-10-28,188.74302070921442,188.74302070921442,187.35521575494306,187.46348571777344,12596700.0
2025-10-29,186.8630636636398,187.13865717451367,184.75673324840668,185.36697387695312,25832400.0
2025-10-30,184.55988038506766,186.50873965392393,184.47129996886173,184.56973266601562,16213800.0
2025-10-31,184.16617557383302,185.51461638653262,183.92010885509393,184.9732666015625,14994200.0
2025-11-03,185.0126565376298,185.0126565376298,182.55198920592616,184.52052307128906,16031300.0
2025-11-04,183.2704915054104,184.01854395212297,182.8177371475041,183.30001831054688,15934300.0
2025-11-05,183.25080036801424,185.02248375439132,183.0933290815635,184.3728790283203,15322600.0
2025-11-06,184.19571790609496,184.98313447618256,182.70948020636195,183.0736541748047,19140600.0
2025-11-07,182.74885157653867,184.68785876261236,182.43389394715544,184.60911560058594,24166700.0
2025-11-10,185.31778243349945,186.03629311063222,184.11697553816964,185.672119140625,15983200.0
2025-11-11,185.89849442013193,187.2272608128341,185.7803871918817,186.74496459960938,11465600.0
2025-11-12,186.95166701354734,187.92608168273023,186.95166701354734,187.18788146972656,17683800.0
2025-11-13,186.6563867236874,187.3355333328307,184.7665959523055,185.07171630859375,23906200.0
2025-11-14,184.17600769947276,185.49493668935918,183.59529386393663,184.39254760742188,31184400.0
2025-11-17,184.17601592509743,184.55987941202028,181.44960744921607,181.9712677001953,24821300.0
2025-11-18,181.43976155418002,183.12286460606143,180.96731763489038,182.0795440673828,39684900.0
2025-11-19,181.95157814432446,182.44371159002276,180.78029814056717,181.52833557128906,21903500.0
2025-11-20,183.30988777552597,183.84138533652757,179.24486034183357,179.31375122070312,45169400.0
2025-11-21,180.3275640215281,183.87091621704008,179.93384820954506,182.83743286132812,57508500.0
2025-11-24,183.2606440190051,184.21538404840715,182.36495759658132,183.5952911376953,15833500.0
2025-11-25,184.0382139265688,186.54809743216398,183.95947077524465,186.20359802246094,22726500.0
2025-11-26,186.42013857374334,188.152457871379,186.33155816021986,187.50283813476562,14643700.0
2025-11-28,187.70955625128562,188.81193042699576,187.56190719786048,188.5166473388672,5185500.0
2025-12-01,187.345356366398,188.63474359018562,187.12881644895205,187.2272491455078,13035100.0
2025-12-02,187.73907820643774,187.74891546892314,186.54810862196234,187.05007934570312,11714200.0
2025-12-03,187.27647280806718,188.6052241511404,187.25678326424287,188.47727966308594,13576800.0
2025-12-04,188.4674252835006,189.03830189827832,188.004818630469,188.5363311767578,11086800.0
2025-12-05,188.80208721081726,189.77650184657733,188.57569500644846,188.979248046875,12887200.0
2025-12-08,189.21546614699966,189.24499295123553,187.6701599712941,187.8473358154297,8686100.0
2025-12-09,187.70955139905806,188.6741287778704,187.4241055810478,187.49301147460938,7896700.0
2025-12-10,187.7587571723613,190.55408671263638,187.6111231379813,190.13084411621094,17968600.0
2025-12-11,189.98321741025015,191.8139546007893,189.96352786533274,191.6663055419922,17852700.0
2025-12-12,192.25687149261657,192.3946682694167,190.0225812371151,190.36708068847656,26817100.0
2025-12-15,191.449756911512,191.50882554358228,189.87493882023506,190.60328674316406,26605900.0
2025-12-16,190.7214048064362,190.9084179237539,188.57569511658244,189.26467895507812,16005500.0
2025-12-17,189.42214762612963,190.5639007485785,188.5264612101368,188.7528533935547,13546100.0
2025-12-18,189.8847654889047,190.71154606710175,188.79222864674398,189.15640258789062,18124000.0
2025-12-19,189.21548296378938,190.47534345222624,189.04815938534156,189.8454132080078,13707900.0
2025-12-22,190.33357747660295,191.44033557189974,190.14582064005478,191.25257873535156,8322300.0
2025-12-23,191.05493712959216,191.3711623306249,190.45214603376502,190.80789184570312,6422600.0
2025-12-24,190.88693583206526,191.8158284521178,190.7189468592712,191.49960327148438,4193200.0
2025-12-26,191.50950587860171,191.63795917206954,190.88694694202468,191.5490264892578,9570500.0
2025-12-29,191.32175128736668,191.7664297850696,190.84742856171346,191.23281860351562,7381000.0
2025-12-30,191.25256965883347,191.46009433107693,190.8770710820058,190.92648315429688,5089000.0
2025-12-31,190.87707056983197,190.87707056983197,189.256454120787,189.2959747314453,12684500.0
2026-01-02,189.93831569074234,191.0055381211027,188.78213041402967,190.58062744140625,13722500.0
2026-01-05,190.72882515741293,192.9324798261634,190.5608361829316,192.3494415283203,17525900.0
2026-01-06,192.13205903165309,194.91873718881365,192.11230626459314,194.67169189453125,18100800.0
2026-01-07,194.82979246722857,195.146002583585,192.36921605992225,192.48779296875,19819100.0
2026-01-08,192.06287522499818,194.64202844576857,191.8751184073317,194.1380615234375,21391900.0
2026-01-09,194.67167272307756,195.7290337161314,194.30605054864984,195.26458740234375,14223300.0
2026-01-12,194.7507505485848,195.54129851551932,194.25665995405677,195.44247436523438,12469900.0
2026-01-13,195.78834381278332,196.05514187734568,194.7803947779806,195.44247436523438,18149500.0
2026-01-14,195.1460032989868,196.33181762695312,195.10648268871506,196.33181762695312,24857600.0
2026-01-15,196.96427744454022,197.74493393195488,196.40100694169394,197.20143127441406,20666000.0
2026-01-16,196.9444940026551,197.4188167032878,196.3515793180291,196.69744873046875,13913900.0
2026-01-20,194.5432144424018,195.57093126261216,193.46610062839747,193.76255798339844,21111300.0
2026-01-21,194.84954120471693,197.527518608474,194.78037636881308,197.04330444335938,19619100.0
2026-01-22,197.73503400786257,198.40698988377164,197.10259873941146,197.30023193359375,17094600.0
2026-01-23,196.93460442297336,197.11248486143924,195.68950166749988,196.42076110839844,13501000.0
2026-01-26,196.8654555431408,197.42871097396716,196.59864240303983,196.88522338867188,13080500.0
2026-01-27,196.81604158942812,197.06308688163935,196.23301831863714,196.57887268066406,10553600.0
2026-01-28,196.5689817063066,197.12236070723188,195.57092422809825,195.91677856445312,20805900.0
2026-01-29,196.8259093968769,197.53740101372034,194.81002653478544,196.17372131347656,23925700.0
2026-01-30,195.66974220165096,196.3812338290849,193.93054882261666,195.73892211914062,25403000.0
2026-02-02,195.35353291533752,196.97414938956604,194.8199066532496,196.7468719482422,14618600.0
2026-02-03,196.38122678965323,197.71527731288373,194.65190985577144,196.22312927246094,28998500.0
2026-02-04,196.86545599702896,198.5750052174287,196.76663184759389,197.9326934814453,31319200.0
2026-02-05,197.28046365874283,197.6757300462421,195.7784242450425,196.21322631835938,36587400.0
2026-02-06,197.70540286058647,200.09679934880612,197.53739880204978,199.8695068359375,26921600.0
2026-02-09,199.22719446680975,200.42290024608639,198.6145270028623,199.98809814453125,14600900.0
2026-02-10,200.15609756443288,201.45061247530188,200.0770412619858,200.69960021972656,16784300.0
2026-02-11,201.48025428522791,201.75694380124716,200.1363273166568,201.0553436279297,18897200.0
2026-02-12,201.8557666154287,202.81430353190015,198.02161894954298,198.41688537597656,38641100.0
2026-02-13,198.82204458493405,201.41108945415147,198.06114087662436,200.47230529785156,29358500.0
2026-02-17,200.67981331228899,201.56917024305628,198.4761737502703,200.12643432617188,29787300.0
2026-02-18,200.43277254665963,201.80634366035247,199.85962570432386,201.16403198242188,20934100.0
2026-02-19,200.68969315461567,201.2035515413461,199.54339947592734,200.73910522460938,15448200.0
2026-02-20,200.106667415812,202.35971905747726,199.9485548251995,201.67787170410156,27280200.0
2026-02-23,200.97628667749373,201.66801046530836,198.67382279355905,199.46437072753906,16437700.0
2026-02-24,199.4940155998509,201.30238891569314,199.40506783663577,201.0553436279297,19725000.0
2026-02-25,201.68776279827824,201.72728340663622,199.85962178395613,201.1739044189453,16772400.0
2026-02-26,201.70752690230464,202.60677534707725,200.77863422998544,202.31031799316406,23866200.0
2026-02-27,200.9663895283484,202.65618587788907,200.51183465712626,202.5474853515625,16234500.0
2026-03-02,200.9367401843173,202.8142933113794,200.44264963695045,202.17196655273438,22037000.0
2026-03-03,198.67380982226598,200.63040414532463,196.20335711390268,199.69163513183594,37315700.0
2026-03-04,200.30432385015024,200.946650669606,199.03945313541834,200.49208068847656,16696700.0
2026-03-05,199.4050566920471,200.31419656923956,197.1026080078077,198.16983032226562,23144500.0
2026-03-06,196.09465590827355,196.42075747405474,194.1973500442756,195.80807495117188,23634400.0
2026-03-09,193.96020777715827,196.89510719354627,191.67751158184512,196.3614959716797,26828200.0
2026-03-10,196.09466604840176,197.2211919346051,194.52346166893747,194.8890838623047,19304300.0
2026-03-11,194.68156744568944,195.04720473300884,193.36728467631258,194.2467803955078,16887500.0
2026-03-12,192.56685012265368,193.69337599686193,191.22292319566426,191.24269104003906,24793800.0
2026-03-13,192.71509031482364,193.367278408179,191.0055260846328,191.23281860351562,13023200.0
2026-03-16,192.94235811835094,193.87125075692677,192.29015497912363,192.65579223632812,12128800.0
2026-03-17,193.98983181730534,194.91872447577438,193.59456540361293,193.73291015625,10977500.0
2026-03-18,192.8435323679746,193.32774652701573,191.10433908966732,191.1833953857422,12514600.0
2026-03-19,189.9876869096879,192.1715737068322,189.63194112168762,191.03517150878906,17371100.0
2026-03-20,190.74859403583056,191.13398405666007,187.26031600465805,188.22872924804688,15312100.0
2026-03-23,191.03924837668902,192.5774895091014,189.98729441889745,190.2353973388672,15965500.0
2026-03-24,189.0742832276651,191.50568888854465,188.63761965238857,190.46365356445312,15258500.0
2026-03-25,191.99196840430676,192.67671973671182,189.8880453659741,191.3865966796875,14017300.0
2026-03-26,190.25525963675932,192.03166997255127,189.39185113344033,189.63003540039062,17145700.0
2026-03-27,188.98494425600407,189.24298097791015,186.6031623404102,187.0299072265625,13998800.0
2026-03-30,188.71702020406485,188.91549952356064,185.93826430211956,186.64288330078125,10947400.0
2026-03-31,188.5780773726692,191.17819120708725,187.29785778669935,190.46365356445312,19696500.0
2026-04-01,191.0789337158203,192.0018844309004,190.72166491369256,191.0789337158203,17589200.0
2026-04-02,189.10405206835298,192.82559593557457,188.7666357253784,191.62477111816406,10796600.0
2026-04-06,191.48584571125517,192.54773356114316,191.08888706518587,192.448486328125,4600400.0
2026-04-07,191.8728729347843,192.5477207598377,190.9400035212403,192.02174377441406,8382700.0
2026-04-08,195.80282935767212,196.7952410471251,195.4257080699198,196.45782470703125,11173900.0
2026-04-09,195.74329732719994,197.22198113038002,195.3066337380993,196.57691955566406,7321100.0
2026-04-10,196.74561006215717,196.9242368909254,194.84018150696235,195.15774536132812,6701900.0
2026-04-13,194.74093638759246,197.4204448490531,194.46306233339655,197.3212127685547,5789300.0
2026-04-14,197.57923081330895,198.51210018269944,197.02348271486358,198.14491271972656,10283900.0
2026-04-15,198.21438598632812,198.68082070002822,197.42045359217897,198.21438598632812,8666800.0
2026-04-16,198.5815969943438,199.55415626813846,198.39303633918942,199.11749267578125,9802500.0
2026-04-17,200.15951603208836,202.5313793637277,200.09997375361218,201.6183624267578,10807200.0
2026-04-20,201.15193191769222,202.38251274654047,201.13207944345245,202.25350952148438,6061800.0
2026-04-21,202.7199498884681,203.6230330610426,200.67558413180282,201.01300048828125,8702400.0
2026-04-22,202.23365108127095,202.64054350467737,200.4076172231061,200.92367553710938,7198100.0
2026-04-23,200.90382340008628,201.40002924126688,198.85945775730224,200.9137420654297,10703900.0
2026-04-24,201.04276244276213,201.4000312577092,200.11981169456521,200.49693298339844,8816800.0
2026-04-27,200.437400532655,201.40004113282401,200.1495926476965,200.25875854492188,6866800.0
2026-04-28,200.25873979286587,200.74502695188013,198.64111910381848,199.23655700683594,6560200.0
2026-04-29,199.2663426065748,199.74271113516116,198.18461746603703,198.8892364501953,8269200.0
2026-04-30,199.01823719628712,202.0054061279404,198.68082084999435,201.896240234375,9591200.0
2026-05-01,202.46190200692413,202.75962854043834,201.25115854216685,201.28094482421875,13811300.0
2026-05-04,200.83435009695157,202.03517491217056,199.70300136910095,200.10989379882812,9495200.0
2026-05-05,200.74503203708807,202.23364954684084,200.09003669847675,201.69775390625,6566000.0
2026-05-06,203.02757684146158,203.95051240580918,202.51151854426723,203.2955322265625,10908200.0
2026-05-07,203.40470606124236,203.97037284855773,201.40994887854993,201.99546813964844,10151400.0
2026-05-08,202.89857403142219,203.02759240135867,201.64814071011892,202.55123901367188,8492500.0
2026-05-11,202.90851236905235,203.26578120354188,202.09472746821447,202.44207763671875,7428700.0
2026-05-12,202.18403298059462,202.54130180110593,200.63587313937919,202.263427734375,9576200.0
2026-05-13,202.13440014148273,202.13440014148273,200.8045721481046,201.3801727294922,7388900.0
2026-05-14,201.91608368421512,202.95810381631233,201.49925745977598,202.11456298828125,9841600.0
2026-05-15,201.0626189802654,201.3801828538584,199.92133642525687,200.03050231933594,8957400.0
2026-05-18,200.34807620482545,201.73744650933858,199.9312651134715,201.26109313964844,13792400.0
2026-05-19,200.4473109319886,201.1023062883285,199.38543828731707,200.0900421142578,10548600.0
2026-05-20,200.44731170956766,202.44206892588625,199.17702594004177,202.2832794189453,18985500.0
2026-05-21,201.40004317162007,203.34516172350692,200.27861304722512,203.1566162109375,11504200.0
2026-05-22,204.1688646115625,205.39946063017464,203.9604666246291,205.01242065429688,11148200.0
2026-05-26,206.2529222152084,206.60025721899723,205.35974261332163,206.06436157226562,10318200.0
2026-05-27,206.47126022217884,207.14609291937174,205.76664124199118,205.91551208496094,9745500.0
2026-05-28,205.80634542691465,207.30488165870918,205.07195530945853,206.66973876953125,6643900.0
2026-05-29,207.16593605980702,207.7316179802033,206.63004042106348,207.24533081054688,8578100.0
2026-06-01,206.47126578689418,208.1782151932118,206.21322904265924,207.62246704101562,8484900.0
2026-06-02,207.52321609921773,208.52554648843568,207.19571841331458,208.44615173339844,8103000.0
2026-06-03,207.84078199468473,208.2179032990235,207.2552627064755,207.6621551513672,9765200.0
2026-06-04,208.42631250839608,209.34924813419218,208.14843843979074,209.23016357421875,10142800.0
2026-06-05,208.27744293438798,208.7637301289106,205.71701887835243,206.2529296875,10969800.0
2026-06-08,207.05677450460135,207.49343807131075,205.87580217000115,206.0345916748047,7771400.0
2026-06-09,207.05677064943225,208.76371993678708,204.1787828577063,207.60260009765625,17170300.0
2026-06-10,206.94760718078317,208.33697748069758,204.88338906162423,204.96278381347656,11015800.0
2026-06-11,205.76663986275125,208.86297468835525,205.30020514864106,208.15835571289062,16751800.0
2026-06-12,209.10114196818228,210.51036476372002,208.059106655545,210.04393005371094,11412500.0
2026-06-15,211.97914028006565,212.66389161712587,211.00656593357346,211.2646026611328,7980500.0
2026-06-16,211.86997297342384,212.6738240035991,210.4706688837853,210.5599822998047,6167000.0
2026-06-17,210.5004332357112,211.38367898820482,207.00714002835443,207.40411376953125,11355500.0
2026-06-18,209.61719350277212,209.68665444509787,208.17819961430737,208.36676025390625,10811900.0
2026-06-22,208.74532523539872,209.55228941615374,208.31694284873467,208.8250274658203,7256400.0
2026-06-23,207.5597837059263,208.8947618903755,206.86240817685928,208.10772705078125,10942600.0
2026-06-24,208.59589275079793,210.75776444228103,208.4663747263456,209.59214782714844,8243700.0
2026-06-25,211.09649109619713,212.98936969267342,210.57843419125714,210.95701599121094,13830900.0
2026-06-26,210.55852901520453,212.2920032223043,209.5224151611328,209.5224151611328,16750500.0
2026-06-29,212.22226505247485,212.57094521549138,211.29573990726436,212.2521514892578,11408000.0
2026-06-30,211.99311972356682,212.56099243722366,211.20608486961686,211.97320556640625,9001600.0
2026-07-01,211.7839157503574,214.14503552598944,211.7839157503574,212.61080932617188,12587500.0
2026-07-02,213.6867687605051,214.80256964394985,212.4912504406464,214.10519409179688,10679600.0
2026-07-06,214.23468299150835,214.6630805753193,213.32810243348223,214.19483947753906,6442400.0
2026-07-07,215.00181489715348,215.5597153317844,213.70668020153363,213.9258575439453,8044100.0
2026-07-08,212.74031269168515,212.89971716007133,210.64818605029214,211.40533447265625,13646800.0
2026-07-09,212.04293793738674,213.3878884417478,211.68428548300022,212.70046997070312,7278100.0
2026-07-10,213.34801965777828,213.79634660584418,212.26210526715911,213.49746704101562,5540400.0
2026-07-13,213.67678288339184,214.69296730995086,212.9993367334498,213.42771911621094,6899100.0
2026-07-14,213.33806848204492,214.09521689246554,212.42151560575263,212.65065002441406,9049600.0
2026-07-15,212.9495326140583,213.3580008630232,211.7540295063789,212.17245483398438,8412500.0
2026-07-16,212.28204253435783,214.2944821307594,212.2720854557628,214.25462341308594,7125000.0
2026-07-17,213.55725142574877,215.1412934425901,212.252159630679,212.57095336914062,12176200.0
2026-07-20,213.06907860892284,213.19859663963277,211.31567506242337,211.62451171875,6433000.0
2026-07-21,211.77395062167582,212.3517651932719,210.99685767020463,211.96322631835938,6363400.0
2026-07-22,212.232223650214,213.13881944351067,211.57469163298916,211.90345764160156,4234900.0
2026-07-23,211.30570710904982,212.14255772215336,210.47881357408585,211.12637329101562,7189700.0
2026-07-24,211.57468439117707,213.66682611922906,211.43520928941666,212.77020263671875,7269100.0
2026-07-27,213.995594173411,215.03169276764018,213.65687109468666,214.37416076660156,6002000.0
2026-07-28,215.36045913786387,217.23342355556025,215.18114051998884,216.87477111816406,12864200.0
2026-07-29,216.38660006372712,217.29319583378282,214.74278526445144,214.92210388183594,12991700.0
2026-07-30,215.02173704135154,215.14128278714796,212.2621061965965,214.57342529296875,13366300.0
2026-07-31,214.6132717059792,214.8224919655946,212.75027953447676,214.20480346679688,9729500.0
2026-08-03,215.06158946351314,216.45635576270692,215.06158946351314,216.2969512939453,8530300.0
2026-08-04,216.7552311446783,219.624435518603,216.1076562034894,219.40525817871094,9185200.0
2026-08-05,219.99306465249154,220.26204259185448,218.41897972612017,218.90713500976562,8105900.0
2026-08-06,219.33552899213504,219.33552899213504,217.38286228490705,217.76144409179688,5486000.0
2026-08-07,218.20974963208337,219.54472779502285,217.59207634509715,219.26577758789062,6233700.0
2026-08-10,219.45506706178696,219.59454216444797,218.58833000965404,219.39529418945312,6332900.0
2026-08-11,219.14623576063588,220.40151171517448,219.08646288684542,219.86354064941406,7213700.0
2026-08-12,220.1225571702183,220.54098248016166,219.0465998582299,220.2520751953125,4791400.0
2026-08-13,220.93949292020048,222.07522310113524,220.66054271447237,221.89588928222656,6406600.0
2026-08-14,222.09513449651664,222.12503613400142,221.49739057809276,221.9357452392578,3810100.0
2026-08-17,221.23837049841433,221.37784560002663,219.90337715252966,219.96315002441406,5091500.0
2026-08-18,220.03290394978868,220.60076145697982,218.887216655264,218.96690368652344,5623700.0
2026-08-19,220.78008877743721,222.60323739713112,220.62068431632116,221.23837280273438,7591600.0
2026-08-20,219.9133621720727,221.26826975264603,219.3654188119793,219.455078125,5567000.0
2026-08-21,220.47124949830695,221.3081001066887,220.19229929551304,220.83985900878906,5220500.0
2026-08-24,220.9195735865148,221.4874463035727,220.43140310351657,221.09889221191406,4822900.0
2026-08-25,221.4077400168681,221.44758353234528,220.41148491182724,220.9394989013672,5598400.0
2026-08-26,220.4812064071859,221.88592969980678,220.4114764573639,221.27821350097656,4612400.0
2026-08-27,220.73027042823838,221.27821375595371,220.41147671134232,220.6206817626953,5197400.0
2026-08-28,221.00922793478802,221.3081075053867,219.484958846546,219.86354064941406,5412500.0
2026-08-31,218.94698695280357,219.17612136868257,218.3292984554632,218.5684051513672,6092400.0
2026-09-01,218.05035181344272,218.6182245248922,216.3866075982004,216.775146484375,6899700.0
2026-09-02,216.914619791697,218.30938605991966,216.82496048062708,217.7813720703125,5988800.0
2026-09-03,218.747738700085,219.45507130524084,217.60203621883036,219.22593688964844,5445800.0
2026-09-04,217.99057970099048,218.94699130195818,217.69170012558516,218.17987060546875,4442200.0
2026-09-08,217.30315947171223,217.58210968605064,215.81874908862136,215.91836547851562,6504200.0
2026-09-09,215.33057956928556,215.60952978486318,213.80631046214836,213.83619689941406,7038800.0
2026-09-10,213.0093067762873,213.63695237231136,212.23222899151793,212.3717041015625,8029900.0
2026-09-11,214.18488382197035,214.52360689871966,213.5373089029126,214.06532287597656,5318400.0
2026-09-14,213.8461510229179,214.97192414985818,213.50742793748952,214.20480346679688,6726300.0
2026-09-15,213.89597150211202,214.04541889129462,212.82998642718067,213.15875244140625,7113200.0
2026-09-16,213.38788201477007,213.70667574148592,210.1699823025514,211.4850311279297,8046200.0
2026-09-17,213.31813361898236,213.4775380807408,212.15251699546036,212.51116943359375,5232800.0
2026-09-18,212.04293847968586,212.18241358999026,210.8673647216411,211.4949951171875,6023500.0
2026-09-21,212.60000610351562,213.1999969482422,211.61000061035156,212.67999267578125,5653300.0
2026-09-22,213.55999755859375,213.8699951171875,212.30999755859375,212.8000030517578,6542300.0
2026-09-23,212.27000427246094,212.5399932861328,211.22999572753906,211.30999755859375,5964300.0
2026-09-24,211.07000732421875,211.47000122070312,209.80999755859375,210.25999450683594,7709200.0
2026-09-25,210.66000366210938,211.52000427246094,209.88999938964844,211.11000061035156,5651200.0
2026-09-28,210.11000061035156,210.77000427246094,209.02999877929688,209.74000549316406,8139600.0
2026-09-29,209.64999389648438,210.11000061035156,208.47000122070312,209.5,6403700.0
2026-09-30,209.89999389648438,210.02000427246094,207.97000122070312,208.02000427246094,7360700.0
2026-10-01,208.2100067138672,209.3000030517578,207.16000366210938,209.0,14125900.0
2026-10-02,210.1699981689453,210.69000244140625,209.19000244140625,209.72999572753906,9362100.0
2026-10-05,209.8699951171875,211.4499969482422,208.9199981689453,211.1199951171875,5798300.0
2026-10-06,211.80999755859375,212.92999267578125,211.5399932861328,212.3300018310547,11996300.0
2026-10-07,211.17999267578125,211.67999267578125,210.0800018310547,210.60000610351562,7338800.0
2026-10-08,209.97999572753906,211.99000549316406,209.80999755859375,211.8699951171875,12414100.0
2026-10-09,212.47999572753906,213.2899932861328,212.2100067138672,213.0399932861328,6535200.0
