date,open,high,low,close,volume
2014-01-02,148.68806937587252,148.76081451579284,147.4758065796819,147.83140563964844,119636900.0
2014-01-03,148.08189016625383,148.38092327837163,147.5969926034024,147.80711364746094,81390600.0
2014-01-06,148.29208723150663,148.34865308883667,147.15255712197128,147.37884521484375,108028200.0
2014-01-07,147.9687934904684,148.53451366060406,147.85564945644128,148.2839813232422,86144200.0
2014-01-08,148.2596755026973,148.56678589546073,147.80709955447946,148.31625366210938,96582300.0
2014-01-09,148.79309701375345,148.809263966353,147.73438975625828,148.4132537841797,90683400.0
2014-01-10,148.66384279241976,148.88205357459069,147.90415604334615,148.81739807128906,102026400.0
2014-01-13,148.43750918765033,148.84967402158514,146.5544598510554,146.8373260498047,149892000.0
2014-01-14,147.32221455961982,148.51832243228938,147.04743802067077,148.4375,105016100.0
2014-01-15,148.78503380178216,149.4638978940308,148.46984602096867,149.23760986328125,98525800.0
2014-01-16,148.9304656294169,149.2375760294256,148.56678940043128,149.04360961914062,72290600.0
2014-01-17,148.7850197033395,149.06787354908758,148.15464420144508,148.4132537841797,107848700.0
2014-01-21,149.2699401785574,149.32651835544348,147.93645618130415,148.8496856689453,88621200.0
2014-01-22,149.10021049683758,149.1648659767835,148.63146751605856,148.9466552734375,61270900.0
2014-01-23,148.1950154668642,148.2192597253594,146.94235433871364,147.7262725830078,132496900.0
2014-01-24,146.76465411661025,146.81314266638392,144.52600485842945,144.57449340820312,208677100.0
2014-01-27,144.71182173813756,145.08358768521188,143.14396017609064,143.8632354736328,180843100.0
2014-01-28,143.96833083077976,144.9058170301941,143.95216387374847,144.71994018554688,110463200.0
2014-01-29,143.51571077214376,144.29964146931482,142.94999076690982,143.329833984375,216597300.0
2014-01-30,144.52597800445116,145.31798627774174,144.06531220364081,144.8492431640625,118938100.0
2014-01-31,143.05506227430598,144.89770041610345,142.9823294788654,144.00062561035156,194677900.0
2014-02-03,143.8308626898015,144.15412766034368,140.48501968444046,140.75979614257812,254837100.0
2014-02-04,141.39022010282054,142.10949539169636,140.71135603210521,141.74581909179688,165012400.0
2014-02-05,141.2528511265482,141.88322675431115,140.38811013226785,141.5680389404297,164230500.0
2014-02-06,141.89933304029,143.4348602294922,141.6083896186574,143.4348602294922,132877600.0
2014-02-07,144.1056795830753,145.36643058642395,143.63693661202512,145.21287536621094,170787200.0
2014-02-10,145.22905145224524,145.5280846010663,144.83305357707755,145.47958374023438,92218800.0
2014-02-11,145.60079856990993,147.44343642657122,145.50380919255824,147.07167053222656,117814100.0
2014-02-12,147.28989001553788,147.75863298346573,146.8534809525824,147.14442443847656,94717700.0
2014-02-13,146.15039044133337,148.0576842791424,146.14231312931213,147.9041290283203,100542200.0
2014-02-14,147.7666993551056,148.99512868591864,147.62931109857206,148.72035217285156,96498400.0
2014-02-18,148.84967723809916,149.10022186640924,148.42134544109558,148.89817810058594,80460900.0
2014-02-19,148.51024257168766,149.47197285312586,147.7909672713152,147.91220092773438,126524300.0
2014-02-20,148.11421701692268,149.12443563947429,147.57274131504744,148.78500366210938,104998100.0
2014-02-21,149.06787142231357,149.42347038380044,148.54256262215344,148.61529541015625,118116400.0
2014-02-24,148.93046684787228,150.44174993692593,148.86581137724832,149.4396209716797,114063900.0
2014-02-25,149.5608866722603,149.98921850200517,148.89009983863983,149.38308715820312,117085000.0
2014-02-26,149.6012801257392,149.99729032942503,148.97090458960082,149.3911590576172,98677200.0
2014-02-27,149.17296825405145,150.21550875470854,149.00324604931598,150.17510986328125,93880800.0
2014-02-28,150.15084409683143,151.24996270922085,149.5528024243518,150.554931640625,150842000.0
2014-03-03,149.22956227133534,149.87610496928139,148.50220944350622,149.4962615966797,167748500.0
2014-03-04,150.95905355056365,151.920784096816,150.92673196568228,151.59751892089844,167545900.0
2014-03-05,151.72680122829038,151.99350049728145,151.49242353806775,151.73487854003906,88376900.0
2014-03-06,152.10662353880682,152.42988860899442,151.75910187317177,152.08236694335938,82516500.0
2014-03-07,152.71278141931558,152.71278141931558,151.4762620974227,152.1470489501953,114513500.0
2014-03-10,151.91265266576266,152.1227737220774,151.19337742357305,152.0662078857422,74939200.0
2014-03-11,152.29253362898004,152.51074438153248,150.96712682063952,151.31463623046875,99009100.0
2014-03-12,150.57918508308435,151.41160441931382,150.23974070145044,151.3550262451172,104824400.0
2014-03-13,151.80756984304514,151.92880347677726,149.23757958729226,149.65782165527344,155014300.0
2014-03-14,149.39116509809833,150.1589289404109,149.05981036315336,149.23760986328125,153919600.0
2014-03-17,149.98922621071054,150.94287931982785,149.92457071756917,150.5872802734375,98359500.0
2014-03-18,150.89442157037556,151.86422950182035,150.732776638654,151.6621856689453,101804600.0
2014-03-19,151.6782110930018,151.88834439253174,149.89215203759605,150.8538818359375,176267300.0
2014-03-20,150.5226158619562,151.84802256338918,150.25591659296512,151.73487854003906,117241000.0
2014-03-21,152.3721006873912,153.43548075642798,151.00836764703087,151.1463623046875,163128000.0
2014-03-24,151.66589112178235,151.85260072300804,149.863822667336,150.52133178710938,121411000.0
2014-03-25,151.28434401494403,151.747042874135,150.39143529719541,151.2356414794922,103852000.0
2014-03-26,151.82821820001527,152.07174327720705,150.10732912393993,150.14791870117188,119843000.0
2014-03-27,149.96935453537284,150.44827940666752,149.2793687887132,149.83135986328125,142383000.0
2014-03-28,150.2615871256595,151.32496734086126,150.17229499534932,150.57005310058594,101642000.0
2014-03-31,151.5278589932771,152.03926035388295,150.5943607627157,151.80384826660156,99745000.0
2014-04-01,152.29908423440392,152.8997779870443,151.79580797902142,152.81048583984375,89193000.0
2014-04-02,153.00528993765553,153.5248044440978,152.7211752165156,153.32186889648438,78774000.0
2014-04-03,153.55717050187604,153.59776006268754,152.64802379343428,153.11883544921875,77435000.0
2014-04-04,153.95500287691146,153.98746710955277,151.0652031100005,151.3087158203125,169381000.0
2014-04-07,150.94333317573322,151.19497106515735,149.32797547800047,149.6364288330078,140803000.0
2014-04-08,149.5715909853907,150.496976459804,149.02772527892165,150.2534637451172,112660000.0
2014-04-09,150.65928702717528,151.9174769415617,150.22093950728816,151.8687744140625,100254000.0
2014-04-10,151.86069226060837,151.9337460666765,148.49195558624794,148.6786651611328,172959000.0
2014-04-11,147.85066526308356,148.88969387672773,147.17691801754586,147.33926391601562,167251000.0
2014-04-14,148.49193568921538,148.84910409706742,147.2824482190414,148.50006103515625,132382000.0
2014-04-15,148.80853320629592,149.6283880781259,147.33926994163235,149.52285766601562,157093000.0
2014-04-16,150.5538315092278,151.09769731380527,149.88819693913982,151.08958435058594,105197000.0
2014-04-17,150.88656851258338,151.72266156884425,150.62680519333503,151.30055236816406,105255000.0
2014-04-21,151.34117878983494,151.87693147660414,151.15448160003348,151.82821655273438,68329000.0
2014-04-22,151.98245104318767,152.93218769591462,151.90128427498706,152.51820373535156,85790000.0
2014-04-23,152.4613636560861,152.54253041120086,152.03925441641638,152.1610107421875,73869000.0
2014-04-24,152.90780229488436,152.92404059937977,151.738892095159,152.46946716308594,88170000.0
2014-04-25,151.9743326007863,152.06362471292636,150.87847598690394,151.2194061279297,100380000.0
2014-04-28,151.8362825620703,152.35579673785634,150.13974543650903,151.6982879638672,135121000.0
2014-04-29,152.18539770920023,152.63997128031673,151.86070584017443,152.40457153320312,84098000.0
2014-04-30,152.15287373276558,153.0133179954046,151.9418129531927,152.8590850830078,101508000.0
2014-05-01,152.78605884919645,153.28933485518132,152.38830086582885,152.87535095214844,93019000.0
2014-05-02,152.85910917304375,153.53285640979118,152.4288869739228,152.6561737060547,98122000.0
2014-05-05,151.90939652971167,153.05395571595886,151.48728722395103,152.94842529296875,75883000.0
2014-05-06,152.6075292051656,152.7130596517115,151.5847385216533,151.61720275878906,85454000.0
2014-05-07,152.12856634084216,152.5831398645524,150.99212014536693,152.5100860595703,106500000.0
2014-05-08,152.37205041555015,153.45978139552375,151.8606491458657,152.34768676757812,93618000.0
2014-05-09,152.37207673305127,152.63994065885026,151.65773990105828,152.57501220703125,83679000.0
2014-05-12,153.2569148439993,154.1335978205771,152.60751867028964,154.06053161621094,86940000.0
2014-05-13,154.26347583672833,154.57194182351313,154.04431436988884,154.19854736328125,66454000.0
2014-05-14,154.06050947892402,154.13357567279115,153.24876747497834,153.4679412841797,72367000.0
2014-05-15,153.15945097199446,153.19192758325312,151.37362132490603,152.12042236328125,154956000.0
2014-05-16,152.20972371382078,152.7130121293279,151.56845304377302,152.6480712890625,97458000.0
2014-05-19,152.35582898525544,153.3299167227538,152.2178343578446,153.20816040039062,63839000.0
2014-05-20,153.13512680603594,153.15136511453886,151.85258531690928,152.24221801757812,111644000.0
2014-05-21,152.68056159200427,153.5978340863882,152.6562103210207,153.5247802734375,89093000.0
2014-05-22,153.56539132640643,154.21478759695208,153.30564024991034,153.89820861816406,61549000.0
2014-05-23,154.0360929144061,154.62054790039483,153.8980983185747,154.51502990722656,61092800.0
2014-05-27,155.09142172804886,155.51353102853648,155.00212961421877,155.46482849121094,72010000.0
2014-05-28,155.46480913983154,155.7083341823464,155.09140242314902,155.35116577148438,66723000.0
2014-05-29,155.70836745106047,156.17916694466268,155.31060938376112,156.15481567382812,64377000.0
2014-05-30,156.0086722568332,156.503835293869,155.8787905847128,156.4064178466797,76316000.0
2014-06-02,156.62559628588872,156.65807289798525,155.83009269630014,156.5850067138672,64656000.0
2014-06-03,156.2034618217402,156.58498144201047,156.05735424948168,156.50381469726562,65047000.0
2014-06-04,156.23593375002022,156.9096808808282,156.0735878791957,156.8203887939453,55529000.0
2014-06-05,156.99900978440903,158.00556185127792,156.42266756370276,157.8432159423828,92103000.0
2014-06-06,158.18414821381998,158.63872171937533,158.11109441175554,158.59814453125,78696000.0
2014-06-09,158.57378561863382,159.14200247318274,158.42766563535068,158.76048278808594,65119000.0
2014-06-10,158.56568779875596,158.8092128890371,158.22475762684257,158.77674865722656,57129000.0
2014-06-11,158.20847788177082,158.38706207545764,157.86754779914978,158.22471618652344,68772000.0
2014-06-12,158.03800262781039,158.1272947153845,156.75544918183508,157.1044921875,106350000.0
2014-06-13,157.4129638355773,157.73766797794278,156.90968789765654,157.58343505859375,82017000.0
2014-06-16,157.3886413144209,158.0461502917605,157.20194413984024,157.7133331298828,87424000.0
2014-06-17,157.49417861597564,158.26533100107187,157.32370735437365,158.1516876220703,84834000.0
2014-06-18,158.1516844477899,159.4017615917166,157.80262897102006,159.31246948242188,105267000.0
2014-06-19,159.45046877398346,159.58847580835146,158.9390797569351,159.49105834960938,85929000.0
2014-06-20,159.8882384411842,159.94533861879486,159.61907855862407,159.81483459472656,100587000.0
2014-06-23,159.85565015431217,159.90458606159245,159.47230228654837,159.76593017578125,70611000.0
2014-06-24,159.48042718071758,160.2715907362299,158.62401161133783,158.80345153808594,96237000.0
2014-06-25,158.4689926414602,159.6842877039507,158.43637286697415,159.5211639404297,82782000.0
2014-06-26,159.54574515310813,159.5620612747076,158.33861351138808,159.40708923339844,84312000.0
2014-06-27,159.0318096165163,159.76588535644285,158.95840577618796,159.71694946289062,71445100.0
2014-06-30,159.61913615022513,160.00248408077223,159.48048024170538,159.6354522705078,70201200.0
2014-07-01,160.026957823478,161.19331777756653,159.9698700687547,160.7039337158203,90470000.0
2014-07-02,160.72022718161168,161.0709428348352,160.64682331636286,160.86703491210938,52475000.0
2014-07-03,161.3237454538632,161.73156119512896,161.20140570970298,161.6581573486328,52938800.0
2014-07-07,161.34823892476822,161.47873051393196,160.85885501736755,161.0953826904297,61696000.0
2014-07-08,160.80175504653752,160.8588552288809,159.66802769026663,160.05953979492188,108143000.0
2014-07-09,160.4592173741469,160.92413340692283,160.11665356104706,160.77731323242188,72992000.0
2014-07-10,159.22760982662376,160.56524521899127,159.09710577723396,160.14111328125,99040000.0
2014-07-11,160.0432170727778,160.4755007806344,159.68433721443282,160.36131286621094,64243000.0
2014-07-14,161.1769598189418,161.38086771748075,161.0383039414014,161.16880798339844,58658000.0
2014-07-15,161.2666989210507,161.57664294617058,160.15743932360007,160.86703491210938,111307000.0
2014-07-16,161.58483370136537,161.7071735062464,161.02204570780287,161.46249389648438,79986400.0
2014-07-17,160.96489356317883,161.57661723401097,159.39887001376465,159.62725830078125,145398000.0
2014-07-18,160.14928533930086,161.4216687687576,160.05956535668267,161.258544921875,124330000.0
2014-07-21,160.75281818800568,161.08723010832705,160.21449838147123,160.95672607421875,67592000.0
2014-07-22,161.50318537566403,161.9517851801661,161.38899746593157,161.6581573486328,67678000.0
2014-07-23,161.9029018969093,162.18837798678743,161.57665417609383,162.01708984375,65612000.0
2014-07-24,162.17199712959788,162.35958887190432,161.8620532066628,162.02517700195312,56888000.0
2014-07-25,161.56850342211345,161.70715933734778,160.94862772243874,161.2667236328125,76837000.0
2014-07-28,161.29927695099104,161.56843683276776,160.36945756192088,161.3319091796875,69259000.0
2014-07-29,161.63366684654156,161.8620426341405,160.61412763563675,160.6385955810547,80466000.0
2014-07-30,161.20954222661754,161.42161435707666,159.99425939826833,160.66307067871094,104222000.0
2014-07-31,159.54569043233144,159.68434630448513,157.392423605236,157.49029541015625,183479000.0
2014-08-01,157.058014882951,158.03677028877806,156.25054758478004,157.0090789794922,189261000.0
2014-08-04,157.31088966510322,158.47724952464864,156.64207811018667,158.14283752441406,91340000.0
2014-08-05,157.4984379980459,157.90625372311015,156.0384507328087,156.60939025878906,152690000.0
2014-08-06,155.87535914171477,157.3271824273021,155.85089118879876,156.6583709716797,94818000.0
2014-08-07,157.36797913257894,157.5229511438571,155.4186199052653,155.81011962890625,135733000.0
2014-08-08,156.16080214368094,157.71864874708874,155.74482214102622,157.6126251220703,117014000.0
2014-08-11,158.20808338711998,158.7708712568953,157.9960236234512,158.06942749023438,74544000.0
2014-08-12,157.91443415019725,158.3548697369735,157.3679624731293,157.84918212890625,73632000.0
2014-08-13,158.46904847353645,159.097088252187,158.19990101395027,158.9176483154297,69047000.0
2014-08-14,159.17861268017535,159.66798400878906,159.03179256970878,159.66798400878906,57371000.0
2014-08-15,160.24717610279959,160.39398384868406,158.48540847886647,159.6354522705078,139951000.0
2014-08-18,160.51634692055353,161.04650263278128,160.4266269212707,160.9730987548828,75424000.0
2014-08-19,161.36455624911156,161.93549589235698,161.03830858027155,161.8131561279297,59135000.0
2014-08-20,161.59292984795903,162.44119368796888,161.56031005975126,162.2454376220703,72763000.0
2014-08-21,162.38417005018195,162.9306419905133,162.25366594472942,162.7185821533203,67791000.0
2014-08-22,162.58797695134984,162.87345294882488,162.09860552852675,162.46563720703125,76107000.0
2014-08-25,163.24049281075685,163.60752450766108,162.43301312112808,163.2894287109375,63855000.0
2014-08-26,163.3954315185547,163.79509536455976,163.3546474615261,163.3954315185547,47298000.0
2014-08-27,163.47702315705044,163.5912235200768,163.07737166865655,163.33021545410156,47874000.0
2014-08-28,162.7918939441943,163.34652985579768,162.62877012744605,163.24049377441406,58330000.0
2014-08-29,163.49337212832702,163.72174800917517,162.97953261919477,163.7054443359375,65907000.0
2014-09-02,163.91748346431393,163.94195141664252,163.01213189150448,163.6238555908203,72426000.0
2014-09-03,164.25187836765798,164.27634631744831,163.30574282393454,163.53411865234375,57462000.0
2014-09-04,163.81144686472894,164.41501872657616,162.84900755466086,163.297607421875,85236000.0
2014-09-05,163.26498152429306,164.09692926981626,162.64510596725574,164.03167724609375,102177000.0
2014-09-08,163.87668858994124,164.11322870758858,163.12630906172328,163.60752868652344,64146000.0
2014-09-09,163.4607672162966,163.5749551671153,162.23731955228757,162.5717315673828,88591000.0
2014-09-10,162.66144013325572,163.28948008946674,162.12313261634247,163.18345642089844,67251000.0
2014-09-11,162.5309482361315,163.39551593138114,162.40859600183657,163.3710479736328,66774400.0
2014-09-12,163.20788114303116,163.22418481353597,161.9518015633592,162.41671752929688,117409300.0
2014-09-15,162.44119271852912,162.57169676168266,161.8050010650938,162.29437255859375,76401000.0
2014-09-16,161.99261024857515,163.81146543027336,161.90289026496393,163.51783752441406,116201000.0
2014-09-17,163.7543532254724,164.49656849297907,162.922405542205,163.738037109375,151266000.0
2014-09-18,164.23555234095838,164.6352162393293,164.02349264039032,164.61074829101562,94990000.0
2014-09-19,165.1343524012045,165.44573260739705,164.12642731502277,164.46240234375,121649000.0
2014-09-22,164.17566490678607,164.2002472346494,162.84815668352988,163.19232177734375,125553000.0
2014-09-23,162.60231327102323,163.28245348535663,162.20898353993977,162.25814819335938,111393000.0
2014-09-24,162.28271591214002,163.63480627810358,161.8566139517081,163.5282745361328,107276000.0
2014-09-25,163.10216043198275,163.11036287598358,160.83230910691128,160.88966369628906,150300000.0
2014-09-26,161.18460808091402,162.56947023343116,160.95516479568624,162.16793823242188,103547000.0
2014-09-29,160.7749640313389,162.15982685476516,160.65205239175026,161.87301635742188,95112000.0
2014-09-30,161.99592552635377,162.49578698735422,161.11092429194022,161.4468994140625,131302000.0
2014-10-01,161.18472015045654,161.2420872635107,158.89847564601305,159.259033203125,177798000.0
2014-10-02,159.1196400049911,159.8407547718948,157.6200683932079,159.28353881835938,157285000.0
2014-10-03,160.34879742328758,161.38130487536176,159.85713852090663,161.03713989257812,121569000.0
2014-10-06,161.70911274412595,161.92217623497567,160.26689547739576,160.84869384765625,104778000.0
2014-10-07,160.0210799166851,160.38163740480442,158.33302668024245,158.3657989501953,147913000.0
2014-10-08,158.45589715547007,161.36492612932943,157.62826313910782,161.13548278808594,186461000.0
2014-10-09,160.88146818559673,161.102721602623,157.80855268582943,157.93966674804688,210705000.0
2014-10-10,157.89871449477738,158.68537397249938,156.09593964596027,156.13690185546875,221909000.0
2014-10-13,156.07135949951424,156.63676553664666,153.48191263306643,153.57205200195312,230939000.0
2014-10-14,154.39970859556257,155.5469382299219,153.26887134984912,153.80970764160156,215847000.0
2014-10-15,151.72829676324722,153.80148966670126,149.07329295433365,152.76898193359375,380715000.0
2014-10-16,150.00747196497082,153.71136371207797,149.86816793403966,152.6378936767578,270391000.0
2014-10-17,154.39965334666968,155.48951548264716,153.74409557643273,154.4406280517578,214625000.0
2014-10-20,154.16203893748428,156.06314294983048,154.11287428684895,155.9402313232422,130011000.0
2014-10-21,157.0711176683822,159.13612133453972,156.9072312671353,159.02960205078125,154949000.0
2014-10-22,159.30812645731638,159.71784849696564,157.8331246138342,157.898681640625,151822000.0
2014-10-23,159.48024246117586,160.77496592961484,159.1852420189527,159.73426818847656,154944000.0
2014-10-24,159.99647132236214,161.01258657627557,159.3736982656752,160.96340942382812,117927000.0
2014-10-27,160.38977429362376,160.97977498743901,159.81616598122653,160.7421417236328,82954000.0
2014-10-28,161.28297872700034,162.59408166252837,161.20921926204636,162.5858917236328,106736000.0
2014-10-29,162.70064533239935,163.1677220156245,161.26661800953158,162.340087890625,142557000.0
2014-10-30,161.90579619114183,163.84787505975865,161.75828972440817,163.38079833984375,113330000.0
2014-10-31,165.3474442898391,165.38022905885788,164.51981017613906,165.24911499023438,146903000.0
2014-11-03,165.46217554763325,165.8964799843175,164.96231407284407,165.33926391601562,93600000.0
2014-11-04,164.89675709010544,165.1999599544082,163.93800885198658,164.76565551757812,93343000.0
2014-11-05,165.97022178750694,166.01119649801052,165.07703061566906,165.80633544921875,91709000.0
2014-11-06,165.84727404569645,166.56018633905947,165.23269103314948,166.4700469970703,107089000.0
2014-11-07,166.48651992481675,166.83888752442235,166.02763305403408,166.62582397460938,89540000.0
2014-11-10,166.6585485514635,167.1993721659655,166.45368752217072,167.15020751953125,66319000.0
2014-11-11,167.21577287508714,167.42063391458004,166.87979776942467,167.31410217285156,54499400.0
2014-11-12,166.63395819255982,167.36326292152347,166.60117342736802,167.13381958007812,90120300.0
2014-11-13,167.2977443324766,167.8467704902002,166.51927478059176,167.32232666015625,85357900.0
2014-11-14,167.2485595667138,167.56814229184863,166.93716678191166,167.36328125,80417500.0
2014-11-17,167.0436552261636,167.64184581226388,166.87975643218766,167.46975708007812,80441000.0
2014-11-18,167.52716878684132,168.73994266225887,167.52716878684132,168.43675231933594,76068100.0
2014-11-19,168.24005250410772,168.43672357347285,167.4124185316781,168.1663055419922,82373000.0
2014-11-20,167.37966192066125,168.56786597197197,167.3141048865132,168.46133422851562,72840300.0
2014-11-21,170.14940391683788,170.3132902664267,168.78912345816937,169.36273193359375,142327300.0
2014-11-24,169.76425046070045,169.94452918186283,169.55119947374766,169.83799743652344,65880800.0
2014-11-25,170.06745818349572,170.2723192508624,169.46107742647573,169.71510314941406,79108300.0
2014-11-26,169.86261878889064,170.24775864497818,169.6495677529879,170.14942932128906,62167800.0
2014-11-28,170.02646415513584,170.33784441672861,169.5511850673391,169.788818359375,57890100.0
2014-12-01,169.13325413904496,169.24797581079363,168.2974301750437,168.6088104248047,103968400.0
2014-12-02,168.64985784680798,169.90360683711515,168.62527551395723,169.69874572753906,74507200.0
2014-12-03,169.87079420282367,170.56731430766314,169.70690785484538,170.35426330566406,68952000.0
2014-12-04,170.06742968598317,170.66563290513906,169.37909961586632,170.165771484375,91316600.0
2014-12-05,170.33789572185978,170.82956734111156,170.07568002765987,170.44442749023438,91025500.0
2014-12-08,170.05105607536652,170.54271507055114,168.7481303543721,169.30535888671875,108588200.0
2014-12-09,167.46982060957035,169.29719032508848,167.0928832493688,169.19065856933594,125180100.0
2014-12-10,168.73175829411525,168.78911288620185,166.28980557440164,166.47828674316406,159856400.0
2014-12-11,167.06830093831533,168.96121519200952,166.92899691355507,167.32232666015625,159012800.0
2014-12-12,166.05214540483456,167.01909590681004,164.58534602505827,164.6181182861328,202330200.0
2014-12-15,165.51133282276095,165.96202962481365,162.88911393408057,163.4873046875,189965800.0
2014-12-16,162.72528055409586,165.8555518544774,162.13527954917149,162.17625427246094,259543800.0
2014-12-17,162.6105510954629,165.80637930033063,162.48762693144218,165.35568237304688,253910100.0
2014-12-18,167.7730109550758,174.5170332580484,167.10106070549944,169.44467163085938,257633900.0
2014-12-19,170.09151334131593,170.83309123538643,169.41586689319604,170.16567993164062,245084600.0
2014-12-22,170.35518328492228,170.9484405517578,170.11623837846253,170.9484405517578,148318900.0
2014-12-23,171.5251722233269,171.57460822112338,170.8907142485549,171.17910766601562,122167900.0
2014-12-24,171.40156358298128,171.66522640012536,171.1543710481537,171.19557189941406,42963400.0
2014-12-26,171.6405304340055,172.0854795683514,171.5910944352418,171.74765014648438,57326700.0
2014-12-29,171.5663948317118,172.18437002799178,171.5004759687134,171.97837829589844,79643900.0
2014-12-30,171.55817763276545,171.6900027998129,170.98139066438497,171.05555725097656,73540800.0
2014-12-31,171.37689873891466,171.54168962233103,169.23457953628642,169.35816955566406,130333800.0
2015-01-02,170.05035703366286,170.46234063917305,168.23761911122455,169.267578125,121465900.0
2015-01-05,168.2293645019027,168.3941554104928,165.90578377347907,166.2106475830078,169632600.0
2015-01-06,166.5154919065633,167.0345951519791,163.85408195469216,164.6450958251953,209151400.0
2015-01-07,165.96340157310811,167.03456099365474,165.518465005697,166.6967315673828,125346700.0
2015-01-08,168.0974730491747,169.8690093256582,168.08100276449525,169.65476989746094,147217800.0
2015-01-09,170.06673530807703,170.08321816374684,167.68547185955995,168.2952117919922,158567300.0
2015-01-12,168.42704190496892,168.58359759494226,166.375360225857,166.9768524169922,144396100.0
2015-01-13,168.18810419723846,169.3086995814917,165.21358345782082,166.50721740722656,214553300.0
2015-01-14,164.50499337901047,165.69975549175481,163.61512015411023,165.5019989013672,192991100.0
2015-01-15,166.13648597313863,166.44958491333952,163.87057650846512,163.98593139648438,176613900.0
2015-01-16,163.77989833968851,166.29299980880108,163.59862462239275,166.13644409179688,211879600.0
2015-01-20,166.77088362357995,167.0345590476675,164.93344108813844,166.49073791503906,130991100.0
2015-01-21,166.02935314471333,167.80912491052092,165.56793362900146,167.3312225341797,122942700.0
2015-01-22,168.0810094473482,169.95140522448418,166.71322140038436,169.819580078125,174356000.0
2015-01-23,169.56418101828424,169.81962137592882,168.7566967947412,168.88853454589844,117516800.0
2015-01-26,168.67428432824417,169.37464871062735,167.96567222959058,169.2840118408203,92009700.0
2015-01-27,167.24061060548942,168.18816778282573,166.22713454854198,167.0511016845703,134044600.0
2015-01-28,168.2293383965425,168.32821041180577,164.7192435545721,164.90875244140625,168514300.0
2015-01-29,165.10645749447005,166.68847210843228,163.70570399431702,166.43304443359375,173585400.0
2015-01-30,165.26301548511046,166.58135472872752,164.07650136494078,164.3401641845703,197729700.0
2015-02-02,164.83464310212662,166.46609465980643,163.03015289810205,166.37545776367188,163107000.0
2015-02-03,167.26526091233615,168.78960452609948,166.89447836574755,168.78135681152344,124212900.0
2015-02-04,168.02331701995527,169.2263141420528,167.68548759706135,168.138671875,134306700.0
2015-02-05,168.79782026826808,169.9843343391759,168.7236662820199,169.8360137939453,97953200.0
2015-02-06,170.19858072859728,170.75888469217193,168.84727567528097,169.3663787841797,125672000.0
2015-02-09,168.72369225628847,169.44053937917812,168.20458912716913,168.60833740234375,87219000.0
2015-02-10,169.63827325557665,170.65998394735988,168.6495031280343,170.40455627441406,96164200.0
2015-02-11,170.23981611142796,170.93194534851392,169.59712288088554,170.50347900390625,91087800.0
2015-02-12,171.2944882673973,172.20085693903096,170.5364401841845,172.14317321777344,97545900.0
2015-02-13,172.26675145476713,172.90119686249804,172.0113111759659,172.8517608642578,93670400.0
2015-02-17,172.53869612122853,173.29675687510698,172.2915160631589,173.12371826171875,76968200.0
2015-02-18,172.75287134150938,173.21429070858719,172.48919594733073,173.14013671875,80652900.0
2015-02-19,172.54691643643517,173.3791185028344,172.40684356819395,173.01657104492188,91462500.0
2015-02-20,172.60460433909398,174.12894832436666,171.9866290865897,174.05479431152344,140896400.0
2015-02-23,173.80761570283403,174.03009033203125,173.42858531874762,174.03009033203125,74411100.0
2015-02-24,173.9559053504225,174.72220118209611,173.6592767337647,174.52444458007812,72472300.0
2015-02-25,174.4008471530005,174.87874949135494,174.03829968440488,174.37612915039062,73061700.0
2015-02-26,174.2855514421176,174.44210722694626,173.56869140488857,174.17019653320312,72697900.0
2015-02-27,174.07130759492367,174.33498313603474,173.52749879368025,173.57693481445312,108076000.0
2015-03-02,173.67575445825463,174.73043115902072,173.62631845239653,174.67276000976562,87491400.0
2015-03-03,174.24426499906545,174.7221672649512,173.0989516184424,173.95587158203125,110325800.0
2015-03-04,173.3625917536773,173.4367583132826,172.25847937337255,173.22251892089844,114497200.0
2015-03-05,173.54391927618923,173.6922398686798,172.90947376137532,173.41209411621094,76873000.0
2015-03-06,172.5551595887865,172.98362592918326,170.64356277570667,170.97314453125,188128000.0
2015-03-09,171.17084633078431,172.03600130530543,171.01429064656156,171.68170166015625,89818900.0
2015-03-10,170.32221566618426,170.40460481846046,168.85554291190695,168.89674377441406,157121300.0
2015-03-11,169.15216429988467,169.32520288593318,168.41883424041714,168.50123596191406,110145700.0
2015-03-12,169.12746111796264,170.70947624197672,169.07802510982762,170.64356994628906,93993500.0
2015-03-13,170.3716684808634,171.32746069254085,168.5671786505692,169.59713745117188,162410900.0
2015-03-16,170.32217748797643,171.95362818111172,169.62180070056112,171.8629913330078,136099200.0
2015-03-17,171.12965253724616,171.73114473108768,170.54463062567154,171.3521270751953,94510400.0
2015-03-18,170.88250948225874,174.07950535057307,170.24805139470664,173.41209411621094,228808500.0
2015-03-19,173.0000782410441,173.42029679107185,172.23378256424542,172.6210479736328,117917300.0
2015-03-20,173.56539604056786,174.6496087046766,173.38331317480913,174.14474487304688,177715100.0
2015-03-23,174.15301395694925,174.72409087860225,173.80540466308594,173.80540466308594,71784500.0
2015-03-24,173.68130020424437,174.1364948299341,172.7626137919206,172.82882690429688,77805300.0
2015-03-25,173.035703232279,173.2674427644094,170.2548162178568,170.2961883544922,159521700.0
2015-03-26,169.6341028800728,170.8010725816422,168.93887157179836,169.8906707763672,153067200.0
2015-03-27,169.77478398768255,170.45344616516104,169.58441658852533,170.27964782714844,118939000.0
2015-03-30,171.30592790729784,172.65499305710676,171.28938410303803,172.35704040527344,96180400.0
2015-03-31,171.53768533953814,172.23291668553748,170.7928099467254,170.85073852539062,126768700.0
2015-04-01,170.81768974884088,170.84251809415767,169.26171275505115,170.24661254882812,137303600.0
2015-04-02,170.18034913276153,171.30594676035847,169.99826623499885,170.85902404785156,86900900.0
2015-04-06,169.97343313110727,172.52258099944964,169.84101954187773,172.0094451904297,114368200.0
2015-04-07,172.03421937779117,172.7790945195781,171.52108373028707,171.55418395996094,81236300.0
2015-04-08,171.77773989117853,172.5722721004941,171.38874569097925,172.1336212158203,89351900.0
2015-04-09,171.96806125782373,173.12675909960655,171.47975378370523,172.89501953125,85548900.0
2015-04-10,173.1432672067518,173.8798704781843,172.94464056294893,173.83848571777344,72722900.0
2015-04-13,173.69785396671355,174.32687225591252,173.0026351902037,173.0522918701172,74436600.0
2015-04-14,172.85362386603953,173.5653989088068,172.23289025765612,173.38331604003906,75099900.0
2015-04-15,173.8467889708788,174.66614922252427,173.7640194411426,174.16128540039062,99529300.0
2015-04-16,173.83032850323744,174.61658895436253,173.63168909952478,174.11172485351562,68934900.0
2015-04-17,172.9281070316124,173.1681184676077,171.33074599599726,172.10873413085938,191113200.0
2015-04-20,173.0274735235105,174.01237316154683,172.94471659516188,173.6813201904297,92189500.0
2015-04-21,174.3599233182593,174.5171778462026,173.1763973512873,173.47434997558594,72559800.0
2015-04-22,173.81369485395206,174.50892614369104,172.89500854176768,174.32684326171875,78264600.0
2015-04-23,173.92960385636235,175.41109558208242,173.81373405341733,174.76553344726562,102585900.0
2015-04-24,175.1793355574748,175.43590347488626,174.72412830294158,175.17105102539062,61327400.0
2015-04-27,175.73384252477726,175.8579842078044,174.25235108673922,174.44271850585938,79358100.0
2015-04-28,174.4178892599751,175.04689483213167,173.25090693016813,174.9972381591797,86863500.0
2015-04-29,174.1116520804401,174.87308386645512,173.47437460567704,174.27719116210938,125684900.0
2015-04-30,173.7061535467671,174.09514774493385,171.83566758225587,172.53089904785156,161304900.0
2015-05-01,173.3088393254637,174.44272144124693,173.20952597737084,174.40133666992188,103399700.0
2015-05-04,174.82348207464688,175.47732881746515,174.71589679241896,174.89797973632812,70927200.0
2015-05-05,174.6579072601889,175.01380114443174,172.75432140966632,172.89501953125,113326200.0
2015-05-06,173.4413127172941,173.74753737644474,171.12390381021717,172.18328857421875,135060200.0
2015-05-07,172.0839333191981,173.29230048064142,171.75288039683915,172.8701934814453,88244900.0
2015-05-08,174.5337909840612,175.34487959139798,174.45102142808634,175.146240234375,155877300.0
2015-05-11,175.10489342495276,175.36973331044763,174.23586347690267,174.3103485107422,75708100.0
2015-05-12,173.48263957883145,174.3268408719613,172.66326662118848,173.7888641357422,119727600.0
2015-05-13,174.19444394936284,174.81517769861114,173.59026663617541,173.82200622558594,94667900.0
2015-05-14,174.83176571517885,175.7256239910206,174.5586413007109,175.63458251953125,95934000.0
2015-05-15,175.82489013671875,175.96558825870497,175.34485456407552,175.82489013671875,76510100.0
2015-05-18,175.6593491846397,176.61940762185802,175.59313608054563,176.37112426757812,74549700.0
2015-05-19,176.48698235205978,176.76010665253426,176.03177518460228,176.31317138671875,72114600.0
2015-05-20,176.41249615622908,176.93391645719115,175.87453205091077,176.1890411376953,76857500.0
2015-05-21,176.0483298650703,176.90907489499668,175.88279080301834,176.70216369628906,64764600.0
2015-05-22,176.32143194885973,176.7352543237789,176.21384671900327,176.28005981445312,57433500.0
2015-05-26,175.79174394825336,176.21385086306594,173.9709279815598,174.38475036621094,124308600.0
2015-05-27,174.84001729759882,176.2718397019903,174.43446667558356,176.04010009765625,93214000.0
2015-05-28,175.73387854051526,175.9490617114826,175.1545295195559,175.8414764404297,74974600.0
2015-05-29,175.77524673468258,175.81661888102775,174.48412257297713,174.74896240234375,124919600.0
2015-06-01,175.4110677211803,175.74212064019534,174.3185703564839,175.10484313964844,93338800.0
2015-06-02,174.64964926664845,175.61799238915683,174.02891552435898,174.93104553222656,91531000.0
2015-06-03,175.46072910256186,176.01524970265868,174.90620850246503,175.39451599121094,87820900.0
2015-06-04,174.69101312012216,175.34484702699578,173.59851580268213,173.91302490234375,151882800.0
2015-06-05,173.76403654187754,174.28545684704468,172.96122001408557,173.6150665283203,121704700.0
2015-06-08,173.50748019391892,173.65646284624262,172.47292404588495,172.5474090576172,89063300.0
2015-06-09,172.5225830078125,173.06055978923862,171.89357740785732,172.5225830078125,105034700.0
2015-06-10,173.28402474351776,174.9724275682748,173.22609616215163,174.59170532226562,134551300.0
2015-06-11,175.03038667014545,175.5352506991594,174.79864704655174,175.154541015625,73876400.0
2015-06-12,174.33517169988625,175.030390586222,173.5406268091721,173.81375122070312,135382400.0
2015-06-15,172.67982304425556,173.3502133600791,171.9763198618792,173.06881713867188,124384200.0
2015-06-16,172.91986216752656,174.0951291699091,172.74606379131728,174.01235961914062,85308200.0
2015-06-17,174.29371643066406,174.89790623101047,173.2757168567306,174.29371643066406,126708600.0
2015-06-18,174.8896384756267,176.56975658039715,174.32684601617157,176.1062774658203,165867900.0
2015-06-19,175.86510226832593,175.9399495901097,174.95025936778484,175.3245086669922,130478700.0
2015-06-22,176.23929321276165,176.804823043815,176.01473863147433,176.22265625,70696000.0
2015-06-23,176.43066056771565,176.68016437061112,175.95661476347576,176.3474884033203,68476800.0
2015-06-24,176.08136621074453,176.45561558246334,175.04177757247513,175.0667266845703,92307300.0
2015-06-25,175.5657154739561,175.69046102105045,174.45959175865744,174.53443908691406,97107400.0
2015-06-26,174.8920332382615,175.1332248579162,173.95225393732872,174.50115966796875,104174800.0
2015-06-29,173.02911037205925,174.50948336281797,170.7669648083695,170.84181213378906,202621300.0
2015-06-30,172.37212459919738,172.4220355183792,170.725419594378,171.19947814941406,182925100.0
2015-07-01,172.76298179166304,173.01248558425087,171.78992842183146,172.5717010498047,135979900.0
2015-07-02,173.04577430966137,173.21210595550116,171.9978608293174,172.4136962890625,104373700.0
2015-07-06,171.13284341453343,172.69637533497286,170.9332379247756,171.9229278564453,117975400.0
2015-07-07,172.12256625817042,173.12888065535947,169.75229978892563,173.00413513183594,173820200.0
2015-07-08,171.67351160055927,171.9562766706822,169.86878720789298,170.10165405273438,164020100.0
2015-07-09,172.18909176169095,172.4469203319704,170.30120845774883,170.40931701660156,144113100.0
2015-07-10,172.39701898396842,172.97087381460608,170.45091253333575,172.55503845214844,129456900.0
2015-07-13,173.81090769210834,174.56771857403146,173.76932160863564,174.45960998535156,106069400.0
2015-07-14,174.4180032755056,175.5241269755584,174.35978022747096,175.21640014648438,81709600.0
2015-07-15,175.25795376645004,175.71537516525748,174.68409898342682,175.1581573486328,97914100.0
2015-07-16,176.20608041745504,176.56370544433594,175.96490148001948,176.56370544433594,106683300.0
2015-07-17,176.5553899401361,176.771632471626,176.14787936670868,176.71340942382812,89030000.0
2015-07-20,176.93795623306366,177.29556857265433,176.48885960120506,176.8048858642578,70446800.0
2015-07-21,176.67176154876014,176.92959006845186,175.80682979620676,176.10623168945312,77965000.0
2015-07-22,175.42430027659478,176.12291333158248,175.3910390312564,175.7902374267578,88667900.0
2015-07-23,175.92329760142377,176.0230940219481,174.44292480897113,174.800537109375,90509100.0
2015-07-24,174.90036359915393,174.9585739534814,172.654855082219,172.98751831054688,117755000.0
2015-07-27,172.1059746773746,172.61329442396672,171.54043187759277,171.98121643066406,132361100.0
2015-07-28,172.8128479541322,174.2350104248588,171.98950208870576,174.0936279296875,123544800.0
2015-07-29,174.21842764747723,175.51583230345972,174.07704510832954,175.29129028320312,105791300.0
2015-07-30,174.78396462728003,175.49920213032462,174.1685235743329,175.33287048339844,91304400.0
2015-07-31,175.8318623995017,175.85681151159687,174.78396162063086,175.0667266845703,103266900.0
2015-08-03,175.0334421513048,175.09165250835423,173.52810734346542,174.47621154785156,113965700.0
2015-08-04,174.40133614408694,174.85875754850196,173.65283762070766,174.1352081298828,81820800.0
2015-08-05,175.02513274776874,175.7403702064177,174.42632870377005,174.7091064453125,85786800.0
2015-08-06,174.89207166726732,175.0001929474416,172.69646095255442,173.2786407470703,116030800.0
2015-08-07,173.12056401144787,173.27025863578,172.0477017759198,172.94590759277344,117858000.0
2015-08-10,174.05207644959614,175.2080984366142,174.05207644959614,175.12493896484375,80270700.0
2015-08-11,173.79418141671312,174.21001665718182,172.7878545510537,173.544677734375,126081400.0
2015-08-12,172.2473178456554,173.93560833830855,170.79189413196906,173.7526397705078,172123700.0
2015-08-13,173.59464834728124,174.2766245174708,172.99584433599424,173.53643798828125,89383300.0
2015-08-14,173.3450833749909,174.2432890748804,173.20370090699234,174.16844177246094,72786500.0
2015-08-17,173.5780081437894,175.14154052734375,173.12058669236848,175.14154052734375,79072600.0
2015-08-18,174.86708309773934,175.2163832814577,174.4013495194482,174.63421630859375,71692700.0
2015-08-19,173.89403946974545,174.6591750606617,172.44694044161014,173.253662109375,172946000.0
2015-08-20,171.74827123696957,173.22864371907738,169.5776107136094,169.63583374023438,194327900.0
2015-08-21,167.77294521481267,169.61094324774174,164.27161828918466,164.52943420410156,346588500.0
2015-08-24,155.92993952821706,164.23832145522258,151.69672614502622,157.60159301757812,507244300.0
2015-08-25,162.533434014676,162.55007098556018,155.45591939317808,155.74700927734375,369833100.0
2015-08-26,159.74730430872077,162.00112472480538,156.6618005297859,161.7266845703125,339257000.0
2015-08-27,163.85582157620314,165.85182687088624,162.35049911867156,165.72708129882812,274143900.0
2015-08-28,165.08664937112624,166.2010851675592,164.60427879723235,165.7353515625,160414400.0
2015-08-31,164.76231477274618,165.61062260420843,163.84747174957215,164.39637756347656,163298800.0
2015-09-01,160.6122344759003,161.98449868486193,158.6245420977261,159.48948669433594,256000400.0
2015-09-02,161.8597424703319,162.5583554809262,160.03006952607157,162.5167694091797,160269300.0
2015-09-03,163.22370363788403,164.71240144906955,162.14254176999756,162.6332244873047,152087800.0
2015-09-04,160.38767496572717,161.22765767536018,159.35639888743367,160.1714324951172,207081000.0
2015-09-08,162.95755041138966,164.3464388844528,162.31716045281516,164.1967315673828,116025700.0
2015-09-09,165.76865591602316,165.8934014794496,161.6352503772765,162.0011749267578,149347700.0
2015-09-10,161.80982826003762,164.022075079209,161.55201240710525,162.8826904296875,158611100.0
2015-09-11,162.49182165376186,163.68942946439893,161.78489649906183,163.62289428710938,119691200.0
2015-09-14,163.7975501158982,163.84744832997723,162.5334070346458,163.01577758789062,79452000.0
2015-09-15,163.5147793493629,165.49415970669656,162.97419846216422,165.05337524414062,113806200.0
2015-09-16,165.3527809302056,166.6751343476377,165.01179288461722,166.4838409423828,99581600.0
2015-09-17,166.3507343945147,168.73762463176556,165.73529366551574,166.1095428466797,276046600.0
2015-09-18,163.61250836101726,166.09540058091386,162.98551241261814,163.3951416015625,223657500.0
2015-09-21,164.22277848965334,165.25940361212471,163.19450872078528,164.239501953125,105726200.0
2015-09-22,162.08261771870784,162.56749605938978,160.97909885585986,162.10769653320312,153890900.0
2015-09-23,162.27489386503237,162.74304874679908,161.2717030103517,161.84854125976562,92790600.0
2015-09-24,160.6363554974167,161.7231510165589,159.30712715973286,161.2633514404297,159378800.0
2015-09-25,162.71802848310915,163.0189871234339,160.35216165205273,161.2216033935547,155054800.0
2015-09-28,160.32707306014657,160.4357564602797,156.86605528541511,157.1753692626953,178515900.0
2015-09-29,157.39267977135148,158.62159264192638,156.2724375057759,157.26727294921875,159045600.0
2015-09-30,159.14828356626737,160.36884126163397,158.37081473254347,160.20164489746094,163452000.0
2015-10-01,160.5778113747788,160.92057215200472,158.68846855841454,160.61961364746094,131079000.0
2015-10-02,158.64662886362595,163.0439539285114,158.10322495946326,163.0188751220703,211003300.0
2015-10-05,164.23947085628345,166.1455371306783,164.13078749869322,165.91981506347656,126320800.0
2015-10-06,165.7860695948451,166.3461843870021,164.6909188253841,165.35134887695312,110274500.0
2015-10-07,166.27929262132514,167.05677410065115,165.09218202151945,166.70565795898438,124307300.0
2015-10-08,166.32112376893247,168.4947148399356,166.02016520150534,168.21047973632812,153055200.0
2015-10-09,168.35259329605023,168.78730129493053,167.68379507804164,168.310791015625,107069200.0
2015-10-12,168.38599994500169,168.67023499541276,167.95964736938504,168.4696044921875,56395600.0
2015-10-13,167.74224477755916,169.00460428628983,167.24065587049776,167.40785217285156,88038700.0
2015-10-14,167.3494119657591,167.9262503464623,166.3127867076993,166.60537719726562,99106200.0
2015-10-15,167.26574151073802,169.17180749920544,166.89790197677755,169.1634521484375,134142200.0
2015-10-16,169.56473186410787,169.94928211326217,168.80397396060275,169.9325714111328,114580100.0
2015-10-19,169.28889366911423,170.01620483398438,168.9795797725629,170.01620483398438,76523900.0
2015-10-20,169.58145892755792,170.40908516969702,169.33065807141278,169.79881286621094,78448500.0
2015-10-21,170.21685980932756,170.3673327132533,168.57830479218902,168.74551391601562,102038000.0
2015-10-22,169.6901555349135,171.8052205432816,168.74549044924288,171.59622192382812,174911700.0
2015-10-23,173.25991036352775,173.84510413195807,172.46571790949605,173.47726440429688,144442300.0
2015-10-26,173.30170428217502,173.3602172780584,172.68306361041638,173.0509033203125,69033000.0
2015-10-27,172.38204051339181,173.05083857604924,172.03927975229385,172.71644592285156,77905800.0
2015-10-28,173.05085883359754,174.70612434633904,172.39042880152962,174.68104553222656,135906700.0
2015-10-29,174.1794756854417,174.94858916758312,174.06243695459986,174.58074951171875,90525500.0
2015-10-30,174.77301653548977,175.09069854277453,173.66951037566886,173.82833862304688,131076900.0
2015-11-02,174.15440076958672,176.0771781398776,174.0289939261339,175.88490295410156,86270800.0
2015-11-03,175.5337631262892,176.94659584766845,175.30804104346925,176.39483642578125,95246100.0
2015-11-04,176.68742605670448,176.8128201174033,175.3247510678855,175.8597869873047,96224500.0
2015-11-05,175.918373169184,176.37817284352224,174.79814323990018,175.68429565429688,78408700.0
2015-11-06,175.34148176571142,175.82636008086558,174.27140988270324,175.59226989746094,110471500.0
2015-11-09,174.98200500452802,175.1324906462806,173.00905749400297,173.9537353515625,131008700.0
2015-11-10,173.47715348166253,174.38839686299164,173.2096419684008,174.35494995117188,75874600.0
2015-11-11,174.62255849313092,174.67271612880728,173.60264404682746,173.66952514648438,67846000.0
2015-11-12,172.63282502733458,173.1009797999663,171.22836070943941,171.2450714111328,121315200.0
2015-11-13,170.83545668590742,171.10296825429884,169.2387043583204,169.32229614257812,153577100.0
2015-11-16,169.13839960000348,171.95569675375208,169.02134813351492,171.8971710205078,117645200.0
2015-11-17,172.20654085384277,173.0843250227058,171.2785862912092,171.77182006835938,121123700.0
2015-11-18,172.2482890016951,174.63923361307806,172.2064994846576,174.4971160888672,121342500.0
2015-11-19,174.3800985976621,174.76466170005463,174.0540612362646,174.34666442871094,88220500.0
2015-11-20,175.09900280255553,175.65911745030533,174.6057692292586,174.98196411132812,94011500.0
2015-11-23,175.04054359954463,175.5421326776157,174.32158777367135,174.78138732910156,64931200.0
2015-11-24,173.77817608423797,175.4167309495358,173.39362575010847,175.0154571533203,98874400.0
2015-11-25,175.1408140445587,175.34145727820032,174.73117222613837,174.99034118652344,51980100.0
2015-11-27,175.0823261519101,175.39165279848365,174.6058159088999,175.19100952148438,37317800.0
2015-11-30,175.3498668319891,175.46690556539272,174.35503121992556,174.46371459960938,112822700.0
2015-12-01,175.09067912625167,176.24435554581143,174.8147994278238,176.12730407714844,97858400.0
2015-12-02,176.0771509151852,176.3948328952947,174.0791246452473,174.32992553710938,108441300.0
2015-12-03,174.58075868758107,174.84827033373773,171.16989909429094,171.88885498046875,166224200.0
2015-12-04,171.88884673408964,175.53378362650037,171.88884673408964,175.24118041992188,192913900.0
2015-12-07,174.91514042477857,175.33313771005442,173.21807246705978,174.17947387695312,102027100.0
2015-12-08,172.6245590588346,174.1293393910856,172.0309971786002,173.0091094970703,103372400.0
2015-12-09,172.37368627546385,174.45530415415365,170.6933293781942,171.6630859375,162401500.0
2015-12-10,171.73000615979072,173.41035068377516,171.49592869643763,172.106201171875,116128900.0
2015-12-11,169.9994971174157,170.6599272002176,168.46125744818977,168.7705841064453,211173300.0
2015-12-14,168.92941156039979,169.74868258323525,167.1570945794782,169.62327575683594,182385200.0
2015-12-15,171.12805098154834,172.30680614603733,169.59817970011284,171.4039306640625,154069600.0
2015-12-16,172.5241875432432,174.21290007018928,171.21168276083145,173.9119415283203,197017000.0
2015-12-17,174.22125585920915,174.2881369527101,171.2451173578712,171.2618408203125,173092500.0
2015-12-18,170.52346735712578,170.65801278641152,168.05101383942815,168.21080017089844,251393500.0
2015-12-21,169.3797258906182,169.77498271244173,168.2696396253656,169.59837341308594,99094300.0
2015-12-22,170.48140418132726,171.43170419116151,169.49747102460722,171.13735961914062,111026200.0
2015-12-23,172.13811564780246,173.29865811337848,172.0456084537032,173.25660705566406,110987200.0
2015-12-24,173.00430332569002,173.5172954022791,172.75200982648252,172.9706573486328,48539600.0
2015-12-28,172.28109485418102,172.61747768253213,171.5074040832276,172.575439453125,65899900.0
2015-12-29,173.66871249584628,174.745153084243,173.63507934153938,174.41717529296875,92640700.0
2015-12-30,174.17324391339574,174.25734602053262,173.03792962794714,173.18089294433594,63317700.0
2015-12-31,172.5081777608578,173.14731033221142,171.44854736328125,171.44854736328125,114877900.0
2016-01-04,168.60602961327126,169.06014763161696,167.0081793907052,169.05174255371094,222353500.0
2016-01-05,169.3713254091288,169.79181034096098,168.23602379249098,169.3376922607422,110845800.0
2016-01-06,166.79801576436495,168.24448544280952,166.17570606860147,167.20169067382812,152112600.0
2016-01-07,164.26670261724058,166.04115016515286,162.803409921707,163.1902618408203,213436100.0
2016-01-08,164.14888515780035,164.70392826441562,161.1129838913609,161.39891052246094,209817200.0
2016-01-11,162.31558354036966,162.65197917431388,159.63290054068452,161.5587158203125,187941300.0
2016-01-12,162.99678665271762,163.61069106589846,160.74298072437495,162.8622283935547,172330500.0
2016-01-13,163.52663234738185,163.87143316593207,158.42195054530782,158.80038452148438,221168900.0
2016-01-14,159.40586404289417,162.52585551726517,157.81643127635823,161.40736389160156,240795600.0
2016-01-15,157.06793245834035,158.74145414049227,156.0167202128959,157.94253540039062,324846400.0
2016-01-19,159.7506674780919,159.87680784571734,156.588612052986,158.15281677246094,195244400.0
2016-01-20,155.60465563792062,157.68185226499943,152.232371043732,156.1260528564453,286547800.0
2016-01-21,156.5969942115082,158.833964157154,155.27666544829353,157.0006561279297,195772900.0
2016-01-22,159.59926579231154,160.42341269715334,158.8423980189931,160.22158813476562,168319600.0
2016-01-25,159.71700140431025,159.9104208877375,157.60617158102588,157.79959106445312,130371700.0
2016-01-26,158.45554350978819,160.22999047278762,158.11916069010894,159.9524688720703,141036800.0
2016-01-27,159.43105832270268,161.0961749556126,157.3118108057931,158.21165466308594,185681700.0
2016-01-28,159.75061124442632,159.952435761583,157.39589349755695,159.03578186035156,143798800.0
2016-01-29,159.80105825951978,163.0472016578334,159.68332302050027,162.9126434326172,210529300.0
2016-02-01,161.91192342078782,163.63591417149198,161.3316521739096,162.8538055419922,136061600.0
2016-02-02,161.43258688019307,161.44099195956736,159.3974284395795,159.91883850097656,182564900.0
2016-02-03,160.9699638168564,161.28111840379856,157.34538757849904,160.87745666503906,205054900.0
2016-02-04,160.38132877903953,162.09690123151802,159.75060153689353,161.12979125976562,139531800.0
2016-02-05,160.61681210334902,161.1886653558561,157.42952966541228,158.0602569580078,180788300.0
2016-02-08,156.22700761015,156.5213394242484,153.72932556978992,155.9326629638672,191526700.0
2016-02-09,154.2002692220299,157.21094354754484,154.06571093400825,155.94107055664062,184513100.0
2016-02-10,156.76517780220183,158.3882432977866,155.68031961359517,155.8064727783203,148214100.0
2016-02-11,153.34241627195277,154.82253119760546,152.29120411779243,153.77972412109375,219058900.0
2016-02-12,155.54582267609098,156.9670512503249,154.70485264457105,156.9502410888672,127632400.0
2016-02-16,158.74989866451398,159.62450175318617,157.7911934492347,159.59927368164062,120250700.0
2016-02-17,160.75981426882714,162.57631239023576,160.63366108051162,162.20628356933594,136009500.0
2016-02-18,162.47540840568837,162.53428246766302,161.23077634529034,161.54193115234375,102343000.0
2016-02-19,160.76818011475066,161.61755491385702,160.1626808887134,161.4661865234375,114793000.0
2016-02-22,163.03882201667372,163.94707100179681,162.97154288827403,163.80410766601562,103640300.0
2016-02-23,163.14812878315922,163.41724525812413,161.6175577042008,161.7353057861328,111455300.0
2016-02-24,160.31414669779016,162.75295504398673,159.21247783453202,162.47543334960938,150812200.0
2016-02-25,162.92106882584167,164.4516399561358,162.164201170932,164.44322204589844,110728300.0
2016-02-26,165.30940256400567,165.40189690230824,163.9049720215715,164.06475830078125,129833700.0
2016-02-29,164.0816585428192,165.02354084415234,162.58473295726452,162.7781524658203,125918100.0
2016-03-01,163.99754130870676,166.6886553484673,163.52660020140348,166.60455322265625,141799700.0
2016-03-02,166.2934552666827,167.4035292799683,165.88137524092016,167.3530731201172,102415000.0
2016-03-03,167.17640731481302,168.0257951596379,166.6045539198895,168.00897216796875,95172200.0
2016-03-04,168.2023971837878,169.32930668334234,167.37825021549065,168.55560302734375,129293600.0
2016-03-07,167.63889712662322,169.09378394860045,167.56321293325217,168.6901092529297,100219000.0
2016-03-08,167.62209211288447,168.12666624967974,166.6886152028066,166.848388671875,123974900.0
2016-03-09,167.65575391387418,168.01736479878008,166.87364526149202,167.67257690429688,94801200.0
2016-03-10,168.16036284896478,169.09384004006324,165.9906587606769,167.80714416503906,156838700.0
2016-03-11,169.25360551473076,170.55711148824372,167.7903260316421,170.5150604248047,137964500.0
2016-03-14,170.0104600627481,170.75050477050704,169.6824823497622,170.29638671875,73612000.0
2016-03-15,169.33775237897387,170.32168592891512,169.07705368183383,170.01893615722656,93169100.0
2016-03-16,169.53955853525943,171.4065129772771,169.49750746847482,171.00283813476562,129303200.0
2016-03-17,170.91869902861794,172.59222064220828,170.5234422139494,172.087646484375,134278500.0
2016-03-18,172.58641104437726,173.1020490765055,172.27365143252433,172.76393127441406,138372400.0
2016-03-21,172.50188702057216,173.23730032986407,172.27365041141124,173.00906372070312,72926700.0
2016-03-22,172.23979777406544,173.4824004429276,172.07920023384244,172.91604614257812,97471900.0
2016-03-23,172.53567375544654,172.72164239357073,171.6058305648256,171.77490234375,81052500.0
2016-03-24,170.75202123369627,171.73258049084313,170.5322460477958,171.69876098632812,84360900.0
2016-03-28,172.11299145548446,172.32431824559737,171.3522201704235,171.80023193359375,62408200.0
2016-03-29,171.3944486735614,173.49926782061758,171.09013762697933,173.38937377929688,92922900.0
2016-03-30,174.38689252345583,174.86871096060034,173.78671868598366,174.15020751953125,86365300.0
2016-03-31,174.0572542172428,174.47990792789705,173.56697436507974,173.7275848388672,94584100.0
2016-04-01,172.73853216040445,175.09693358242268,172.42575972428358,174.9109649658203,114423500.0
2016-04-04,174.83488420050253,175.03776256550444,174.0402933938666,174.3446044921875,63497000.0
2016-04-05,173.0090764892545,174.35311225659098,172.3497377015661,172.60333251953125,99662200.0
2016-04-06,172.60331049922044,174.54751999109126,172.42579027978198,174.48834228515625,91839800.0
2016-04-07,173.4063388926588,173.7613664106227,171.67345634911894,172.40042114257812,113859000.0
2016-04-08,173.57538089461733,174.0064958303684,172.33277825338988,172.86532592773438,95040600.0
2016-04-11,173.49933441929358,174.19249264083268,172.3666256604711,172.45960998535156,83757500.0
2016-04-12,172.62863889668202,174.34461149553252,172.18907553736943,174.06565856933594,115350600.0
2016-04-13,174.97865185370813,175.90849525962125,174.84339955859917,175.82395935058594,96336400.0
2016-04-14,175.8830809528281,176.3310927513701,175.4857855241792,175.8323516845703,65212900.0
2016-04-15,175.83237178485066,175.96762405227008,175.31673380138446,175.63795471191406,75761600.0
2016-04-18,175.6379465195816,176.90590744617305,174.97860786962326,176.87210083007812,82531000.0
2016-04-19,177.29473806676094,177.68357215851785,176.61848972214727,177.4299774169922,88316100.0
2016-04-20,177.4723019745627,178.2922512580045,176.9989318518269,177.59910583496094,81100300.0
2016-04-21,177.61592737131704,177.72582142404946,176.37332487693504,176.64382934570312,85695000.0
2016-04-22,176.28880190421725,176.9143209161082,175.74780586504409,176.64382934570312,99251700.0
2016-04-25,176.0436911229163,176.38182177707313,175.43506884379957,176.3395538330078,66166500.0
2016-04-26,176.7030104947856,177.1087672355,176.1282077929864,176.60157775878906,75864200.0
2016-04-27,176.2212589252952,177.3539679013381,175.8662313163132,176.9651336669922,77329400.0
2016-04-28,176.21274680920294,177.31163586436776,174.94478599321482,175.35897827148438,97216200.0
2016-04-29,174.74194659142722,175.08852572070128,173.3133750230655,174.4122772216797,142424100.0
2016-05-02,174.91094789268305,175.97603022150804,174.47984590447453,175.79852294921875,62188000.0
2016-05-03,174.57285054359738,174.80953553313523,173.52466494824083,174.26853942871094,106422100.0
2016-05-04,173.27955089445425,174.00651570023666,172.79771953438598,173.29644775390625,92243800.0
2016-05-05,173.76137777983067,174.11640532102402,172.839995858755,173.2626495361328,67619200.0
2016-05-06,172.49339333129973,173.93887438698562,172.3412442193143,173.8966064453125,89315000.0
2016-05-09,173.76983733588003,174.47143108260832,173.59231711791074,174.0403289794922,74374900.0
2016-05-10,174.74190681182824,176.22119442364584,174.6742806874843,176.20428466796875,77472200.0
2016-05-11,175.74780961844763,176.28034434286815,174.55592346191406,174.55592346191406,81727000.0
2016-05-12,175.22371428767227,175.39278603717304,173.60072609970058,174.6066436767578,89586300.0
2016-05-13,174.31083476350005,174.86027938305523,172.76392076124944,173.0851287841797,96474600.0
2016-05-16,173.25415031159903,175.2659724552051,173.1949726228998,174.7926025390625,77486800.0
2016-05-17,174.52215440321876,174.8095557954899,172.63710979883587,173.1612091064453,114924900.0
2016-05-18,172.81463384148617,174.38690600243459,172.1299369630414,173.21192932128906,120062100.0
2016-05-19,172.4933671150469,172.89911091703962,171.4113750441577,172.61170959472656,115430500.0
2016-05-20,173.22033244954835,174.21780155234842,173.16961608638888,173.70216369628906,104990400.0
2016-05-23,173.71906644353825,173.99801934873904,173.27951601567344,173.46548461914062,58682600.0
2016-05-24,174.2769999822592,176.02679223918366,174.25164179578482,175.71401977539062,93537800.0
2016-05-25,176.39027632722886,177.32011953546845,175.71402789381517,176.90591430664062,76621400.0
2016-05-26,177.04113988222556,177.26937643499647,176.64384447118013,176.95660400390625,55280700.0
2016-05-27,177.11721817510207,177.7258403964382,177.06650180638476,177.71739196777344,64211200.0
2016-05-31,177.98786409812232,178.09775815056543,176.8213361517662,177.37924194335938,109879400.0
2016-06-01,176.7706562122627,177.92027464165395,176.57623914726463,177.74276733398438,69936200.0
2016-06-02,177.34547607093702,178.30066455955787,176.87210604146725,178.2837677001953,63044700.0
2016-06-03,177.72584725899813,178.09778450843905,176.5508707110088,177.75120544433594,101757100.0
2016-06-06,178.10622799488203,179.01071290804657,177.9456175599564,178.6556854248047,64887000.0
2016-06-07,178.80788616424147,179.49258314380066,178.78252797228507,178.93467712402344,60974800.0
2016-06-08,179.06987152322824,179.64468711793805,178.94308060443555,179.51788330078125,66170900.0
2016-06-09,178.79093478154198,179.39110861431743,178.5204431641872,179.27276611328125,73786900.0
2016-06-10,177.90341512362969,178.24153295097503,177.0327365663972,177.57374572753906,113829200.0
2016-06-13,176.97351732172135,177.8272729571306,176.11976168631207,176.20428466796875,117751200.0
2016-06-14,175.82390517781542,176.4494371761863,174.9109718146653,175.8577117919922,125059300.0
2016-06-15,175.8577586106169,176.97357065098475,175.4266564486757,175.6126251220703,109124500.0
2016-06-16,175.61258658998682,176.3057447475261,173.78671977820883,176.1366729736328,149533100.0
2016-06-17,176.0330454119131,176.05853547574927,174.82646818370392,175.48074340820312,117055700.0
2016-06-20,177.43502243949953,178.1062822399764,176.52583382287239,176.61080932617188,82789600.0
2016-06-21,176.9931789116003,177.5199907459401,176.55132961787942,177.1121368408203,72461700.0
2016-06-22,177.29055327888778,178.0128061271552,176.67876598670478,176.82322692871094,95560500.0
2016-06-23,178.2762427665224,179.17692616715493,177.81740870098164,179.12594604492188,102731400.0
2016-06-24,173.02509410890087,179.1599532196565,172.2518609629972,172.69371032714844,333444400.0
2016-06-27,171.29162393154664,171.3001292593914,168.79349504767535,169.60072326660156,230775800.0
2016-06-28,171.19822298297166,172.68520380773475,170.89232926611692,172.6597137451172,159382400.0
2016-06-29,174.053189203228,175.8290656655224,173.95122897471458,175.5996551513672,137328600.0
2016-06-30,176.0670323889565,178.04682973460984,175.5147174462101,177.995849609375,165021900.0
2016-07-01,177.99581846783693,178.85402697728696,177.83437278921002,178.36968994140625,106055300.0
2016-07-05,177.54550400441005,177.6559695836352,176.49188019805416,177.086669921875,109803700.0
2016-07-06,176.59379968060696,178.26771585187373,175.939524652718,178.1487579345703,96021500.0
2016-07-07,178.32721080270562,178.989978277703,177.27358710678274,178.03831481933594,85593800.0
2016-07-08,179.32985951637392,180.9357980149797,179.10043602644689,180.6893768310547,133971000.0
2016-07-11,181.14824498624836,181.89598802426735,180.94431153075868,181.32667541503906,73633900.0
2016-07-12,182.28687916043364,182.94115444391744,181.3522001840282,182.6437530517578,101275600.0
2016-07-13,183.06012031517815,183.06861268244117,182.13394663110745,182.61827087402344,87324100.0
2016-07-14,183.87576375457587,184.10518724448366,183.2469916965613,183.63784790039062,91230900.0
2016-07-15,184.19866444688634,184.3940925587036,182.9495996664013,183.39144897460938,107155400.0
2016-07-18,183.5103906239175,184.0457077581789,183.25547708543868,183.88426208496094,58725900.0
2016-07-19,183.4679184183314,183.73132434308258,183.22151018837002,183.6973419189453,54345700.0
2016-07-20,183.6973541434992,184.6999977903,183.6973541434992,184.4620819091797,58159500.0
2016-07-21,184.35161712305623,184.57253529366417,183.3234705175606,183.76531982421875,67777300.0
2016-07-22,183.88426812084657,184.6405034317106,183.6208622097674,184.5895233154297,62787500.0
2016-07-25,184.3856429616518,184.43662309260773,183.51044947238742,184.08824157714844,55873100.0
2016-07-26,183.98625149568835,184.53006108015597,183.33197633508968,184.17318725585938,70080500.0
2016-07-27,184.5470523114183,184.61503012777584,183.21301197560646,183.97775268554688,84083900.0
2016-07-28,183.7823186331244,184.47908155336592,183.32348456195902,184.190185546875,65035700.0
2016-07-29,183.92680022473132,184.84446846995627,183.64639655212855,184.4875946044922,79519400.0
2016-08-01,184.54705105677277,184.93790729136802,183.88428355859588,184.33462524414062,73311400.0
2016-08-02,184.0881843732158,184.24113768399988,182.3208132105284,183.1535186767578,92295500.0
2016-08-03,183.09403788081178,183.7483129607529,182.79664954661428,183.68882751464844,53993600.0
2016-08-04,183.7992865836543,184.1986481020015,182.04890016644285,183.88426208496094,46585500.0
2016-08-05,183.88424897585895,185.43070185895252,183.88424897585895,185.38821411132812,71892200.0
2016-08-08,185.57522044690774,185.67719367309894,185.01442604735925,185.27783203125,39906500.0
2016-08-09,185.34573932914398,185.8810434598024,185.06533575335138,185.38821411132812,51251700.0
2016-08-10,185.49871245738044,185.57518263735977,184.58103140130106,184.92941284179688,57941100.0
2016-08-11,185.45624439329015,186.0340494005156,185.19283843509893,185.78762817382812,72504300.0
2016-08-12,185.48171396682633,185.8386007360844,185.22681336798837,185.6261749267578,61313500.0
2016-08-15,185.99151521634286,186.509834637598,185.98302285271072,186.1614532470703,49813500.0
2016-08-16,185.74513401953985,185.81309886935878,185.20132446289062,185.20132446289062,53213600.0
2016-08-17,185.23532704972422,185.68566878008664,184.40262141165985,185.54971313476562,75134300.0
2016-08-18,185.5241694399179,186.0000010955423,185.41371685478808,185.9660186767578,52989300.0
2016-08-19,185.498709461304,185.87258095575433,185.014385363815,185.6941375732422,75443000.0
2016-08-22,185.45618445456523,185.91503136574727,185.09081836366073,185.68560791015625,61368800.0
2016-08-23,186.29748624743894,186.59488764883562,186.00008484604226,186.0595703125,53399200.0
2016-08-24,185.9150799012492,186.00854778048802,184.6915051059202,185.1078643798828,71728900.0
2016-08-25,184.72547889137803,185.3967517105413,184.57253853183752,184.9803924560547,69224800.0
2016-08-26,185.16733625551717,186.18697759310794,183.7483333411749,184.63201904296875,122506300.0
2016-08-29,184.7594733108918,185.80460465858852,184.72547792087752,185.54119873046875,70502200.0
2016-08-30,185.45620868334956,185.7366122844962,184.6829886546085,185.23529052734375,58114500.0
2016-08-31,184.90387838555432,185.0228362921073,183.93521744206853,184.7084503173828,85269500.0
2016-09-01,184.70005857289942,185.00595237292626,183.56145891491792,184.71705627441406,97844200.0
2016-09-02,185.56671083179174,185.97456480231085,184.98041345610827,185.54971313476562,79293900.0
2016-09-06,185.83013099011055,186.18700486226328,185.11638324580503,186.11053466796875,56702100.0
2016-09-07,185.94905786137406,186.27194924834248,185.49022380686773,186.093505859375,76554900.0
2016-09-08,185.7621080066177,186.03401925193893,185.36274646845328,185.66864013671875,74102900.0
2016-09-09,184.36010787022246,184.41108798872762,181.1992108684818,181.22470092773438,221589100.0
2016-09-12,180.46845834859815,184.2241448580641,180.40048053816923,183.8247833251953,168110900.0
2016-09-13,182.5502278367942,182.81363374777334,180.56192550994362,181.1822052001953,182828800.0
2016-09-14,181.2331699524724,182.43125444481828,180.56191020286496,181.1142120361328,134185500.0
2016-09-15,180.95278301847304,183.3064513371822,180.77433965761284,182.92408752441406,134427900.0
2016-09-16,182.31091998830942,182.49026474179965,181.53379413901084,182.21697998046875,155236400.0
2016-09-19,182.86605270272938,183.50654930012172,181.92665248084597,182.2511749267578,80250500.0
2016-09-20,183.10518009313085,183.25889302980107,182.22556576190743,182.2597198486328,69665300.0
2016-09-21,182.9599813426876,184.48862739308572,182.2767824084513,184.30929565429688,110284400.0
2016-09-22,185.31700546359937,185.76962199207247,185.06935252631513,185.47071838378906,76678700.0
2016-09-23,185.0778501346866,185.21449250101216,184.3604972578772,184.45443725585938,73630900.0
2016-09-26,183.62609155492524,183.80542328866972,182.7635478752264,182.95997619628906,89827300.0
2016-09-27,182.79774832315172,184.18975219520743,182.43052346410076,184.0958251953125,78494800.0
2016-09-28,184.31783305551744,185.1632932124232,183.36136235505222,185.0095672607422,87411000.0
2016-09-29,184.8046123697199,185.20599127847757,182.78918256246698,183.3357391357422,128070600.0
2016-09-30,184.16408772176285,185.4194618994715,183.91643480964768,184.7191925048828,117202900.0
2016-10-03,184.3092372933373,184.49710423560236,183.64310909595594,184.2750701904297,83512100.0
2016-10-04,184.38616293403305,184.60819706254165,182.74649321420745,183.3357391357422,119948100.0
2016-10-05,183.95910792982025,184.57398551218495,183.890786750565,184.14698791503906,72816000.0
2016-10-06,183.92492905575105,184.49710423560236,183.38692097880735,184.2750701904297,62927400.0
2016-10-07,184.54841932786178,184.71921580924092,182.91728491417803,183.64317321777344,89788300.0
2016-10-10,184.59962463378906,185.06077635582875,184.45444699850003,184.59962463378906,51855000.0
2016-10-11,184.1726996557451,184.24102086947295,181.54239156644945,182.26828002929688,130367400.0
2016-10-12,182.40488168196612,183.0283077312698,181.90956276636723,182.5073699951172,73866100.0
2016-10-13,181.18364246726392,182.40484946776996,180.37234955415937,181.90953063964844,101357000.0
2016-10-14,182.88312380888053,183.34428865778796,181.9266530569787,182.00350952148438,93346200.0
2016-10-17,181.9778809646954,182.234082196945,181.19220674181636,181.37155151367188,58275700.0
2016-10-18,182.95998653281447,183.01975943712776,182.13160991908106,182.5073699951172,76869700.0
2016-10-19,182.7721217434871,183.30159478701952,182.41344519487444,182.99415588378906,66519200.0
2016-10-20,182.64397856230016,183.2076186121692,181.9949467972882,182.65252685546875,73639800.0
2016-10-21,182.65252332556983,182.8233197834896,181.69603970553706,182.7379150390625,89089100.0
2016-10-24,183.60900043463656,183.8822852017601,183.1649192035282,183.5150604248047,60146600.0
2016-10-25,183.33572522123944,183.59192644603485,182.73793105067392,182.9001922607422,66542300.0
2016-10-26,182.08034252064866,183.11366952993558,181.84121184966799,182.532958984375,75705500.0
2016-10-27,183.2503863719514,183.28454046400836,181.96939290931576,182.04624938964844,77220200.0
2016-10-28,182.02056586745567,182.69521645103998,180.79935878864651,181.50816345214844,140623200.0
2016-10-31,181.84126359368977,182.06331077329938,181.35449291327214,181.51675415039062,61272500.0
2016-11-01,181.84120744839947,181.89245811082677,178.9974146530381,180.2015380859375,122781800.0
2016-11-02,179.89416097455936,180.27846940445647,178.68148883314285,179.11703491210938,103330800.0
2016-11-03,179.3305051213913,179.54400397899198,178.02389315535012,178.2971649169922,88939300.0
2016-11-04,178.40814681216938,179.24505848977805,177.95553038227357,178.1007080078125,109122100.0
2016-11-07,178.1007129005113,182.06325035944977,178.1007129005113,182.02908325195312,109794900.0
2016-11-08,181.6362662008972,183.41257802536992,181.37152973736798,182.84893798828125,106772100.0
2016-11-09,181.36299160674898,185.40239906795784,181.33737278825802,184.7875213623047,258429000.0
2016-11-10,185.57321017854778,186.43574087465458,183.7968981143729,185.24868774414062,172113300.0
2016-11-11,184.53128477345274,185.06075762868406,183.8822531112036,184.82164001464844,100552700.0
2016-11-14,185.34263325551296,185.5475968566235,184.2239012901916,184.9668731689453,94580000.0
2016-11-15,185.35115151146815,186.4101104736328,185.1462009601001,186.4101104736328,91652600.0
2016-11-16,185.79527627257184,186.2905952726117,185.6757174126269,186.0600128173828,65617700.0
2016-11-17,186.21369124955535,187.07622187385005,186.10266768262042,187.01644897460938,69797200.0
2016-11-18,187.08477556849542,187.25557203960201,186.4186471785894,186.59799194335938,86265800.0
2016-11-21,187.1701530529121,188.03268363650668,187.02497541196652,188.00706481933594,72402600.0
2016-11-22,188.31451216564693,188.55362982400158,187.64839682723974,188.37429809570312,67429000.0
2016-11-23,187.86192883033078,188.52804428632663,187.66551351149542,188.476806640625,56620200.0
2016-11-25,188.8184017170154,189.2112323319122,188.74153222198203,189.1770782470703,37872300.0
2016-11-28,188.86964889000694,189.1429206753413,188.1864498802652,188.28892517089844,76572500.0
2016-11-29,188.32302454762765,189.10869856539156,188.0241210162149,188.6560821533203,69886700.0
2016-11-30,189.27097000663528,189.43323118786662,188.14369003024922,188.20347595214844,113291800.0
2016-12-01,188.50243524321448,188.50243524321448,187.153120702339,187.51181030273438,79040500.0
2016-12-02,187.59714711113205,188.09246595181148,187.24700590861025,187.60568237304688,74840300.0
2016-12-05,188.43408284299034,189.0745794033417,188.23766754647798,188.7329864501953,67837800.0
2016-12-06,188.92085065488982,189.36493188152127,188.44261534817971,189.3307647705078,59877400.0
2016-12-07,189.1770204889016,191.8671001584659,189.05746168205283,191.8073272705078,110738100.0
2016-12-08,191.78171754282803,192.74672330420702,191.51696807211118,192.2770233154297,99714400.0
2016-12-09,192.4991198920252,193.45559063795153,192.46495277627835,193.43850708007812,88005800.0
2016-12-12,193.34454001164195,193.82278834864064,192.79798351457825,193.21644592285156,102016100.0
2016-12-13,193.87400279072287,195.0012697300262,193.85691923728294,194.50595092773438,110477500.0
2016-12-14,194.20707871517268,194.9073481010056,192.46492096624655,192.9004669189453,142501800.0
2016-12-15,193.1395951140877,194.54868225570195,192.90901271659143,193.69468688964844,124972600.0
2016-12-16,194.14913133565642,194.20926965482172,192.99803567034257,193.3158721923828,156420200.0
2016-12-19,193.49627408622837,194.15773005848882,193.35024073531872,193.73680114746094,90341100.0
2016-12-20,194.26938888388705,194.6301925722848,194.03746050844165,194.48414611816406,89838800.0
2016-12-21,194.3552928572959,194.52709601948894,193.94296264648438,193.94296264648438,67909000.0
2016-12-22,193.7969128096895,193.91717632376344,193.21276637865904,193.60792541503906,56219100.0
2016-12-23,193.65087830631836,193.90000402722998,193.4619040077609,193.89141845703125,36697800.0
2016-12-27,194.1576945805294,194.7675976930153,194.14051033422663,194.37245178222656,42672500.0
2016-12-28,194.63017163266682,194.64734277198784,192.65440266833653,192.7660675048828,64095000.0
2016-12-29,192.83476357532513,193.18696849671082,192.28498571832176,192.7230987548828,48696100.0
2016-12-30,193.0495852394987,193.13549338336978,191.3315272240164,192.0187530517578,108998300.0
2017-01-03,193.31588512561513,193.9945253925662,192.3194214231025,193.48770141601562,91366500.0
2017-01-04,193.81408994305164,194.78479676307333,193.80550437311655,194.63876342773438,78744400.0
2017-01-05,194.37248126960412,194.638778142869,193.69384106895362,194.48414611816406,78379000.0
2017-01-06,194.59581569011266,195.64383199684897,194.0546232885752,195.17996215820312,71559900.0
2017-01-09,194.92228126898283,195.0597290602939,194.50135232349612,194.5357208251953,46939700.0
2017-01-10,194.55289196830208,195.38615117997924,194.149147273665,194.5357208251953,63771900.0
2017-01-11,194.44974796750498,195.08543395996094,193.78829216122202,195.08543395996094,74650000.0
2017-01-12,194.5701011459753,194.78485843200838,193.24720203141905,194.5958709716797,72113200.0
2017-01-13,194.76761545137668,195.34316323147314,194.73326006337803,195.04251098632812,62717900.0
2017-01-17,194.40682528050235,194.81056990593012,193.96872526700736,194.35528564453125,61240800.0
2017-01-18,194.6043882147299,194.82774410273595,194.05461027983333,194.7847900390625,54793300.0
2017-01-19,194.86212305028965,194.9995708275679,193.63371794868652,194.063232421875,66608800.0
2017-01-20,194.74186135988379,195.26586954642843,194.1147738932784,194.77622985839844,129168600.0
2017-01-23,194.7762615660135,194.8363867865895,193.5134877487364,194.26942443847656,75061600.0
2017-01-24,194.48419967143872,195.9273754991994,194.3725347921307,195.51504516601562,95555300.0
2017-01-25,196.45995692009595,197.2073211669922,196.29673929022502,197.2073211669922,84437700.0
2017-01-26,197.06123910305723,197.32754909240646,196.72621833139917,197.00111389160156,59970700.0
2017-01-27,197.07842442804207,197.2244577797934,196.5114621628368,196.69186401367188,59711100.0
2017-01-30,196.00463966850268,196.0304094891354,194.49275339116883,195.4720458984375,79737300.0
2017-01-31,194.98238071531566,195.514987559318,194.41543158963867,195.45484924316406,75880800.0
2017-02-01,195.4548408148971,196.36540933417217,194.94801691948786,195.5321502685547,79117700.0
2017-02-02,195.53216379489243,195.9445071250719,194.84495112674284,195.66102600097656,69657600.0
2017-02-03,196.5629428335401,197.19003008058172,196.2536919938952,197.00962829589844,80563200.0
2017-02-06,196.60594632353383,197.00110539735095,196.32246520470133,196.65748596191406,57790100.0
2017-02-07,197.0440361818143,197.284563204328,196.47707401114363,196.6660614013672,57931200.0
2017-02-08,196.666071066777,197.05263143569059,196.12487868565375,196.9237823486328,51566200.0
2017-02-09,196.92380686219033,198.39273906846634,196.92380686219033,198.0920867919922,65955200.0
2017-02-10,198.43570971957402,199.09716575547398,198.10927448746233,198.87380981445312,66015900.0
2017-02-13,199.36345988559958,200.21390334848192,199.33769006318585,199.95619201660156,55182100.0
2017-02-14,199.7757430563005,200.76363407766334,199.43213676662458,200.75503540039062,71109000.0
2017-02-15,200.54028135808088,201.99204220419728,200.4887417245899,201.8030548095703,86785800.0
2017-02-16,201.82885961964467,202.00926147588143,200.88393559041765,201.63128662109375,84722400.0
2017-02-17,200.96980427872967,201.9490966796875,200.95262003092606,201.9490966796875,77204100.0
2017-02-21,202.31848957816084,203.32355181515192,202.30989090023309,203.15174865722656,88946100.0
2017-02-22,202.74803168672034,203.19471733671713,202.58481407671505,202.97137451171875,62115200.0
2017-02-23,203.48676997916627,203.50394111958892,202.35284553971434,203.10879516601562,74615900.0
2017-02-24,202.266929765373,203.40942655009553,202.22397570324117,203.36648559570312,82381600.0
2017-02-27,203.28058157361912,203.8561293161299,203.03146898061047,203.684326171875,56515400.0
2017-02-28,203.3064315078567,203.54695862614724,202.74806779205613,203.13462829589844,96961900.0
2017-03-01,204.78393172954287,206.44186458797842,204.76674747862452,205.9779815673828,149158200.0
2017-03-02,205.78897348901947,205.79757216748763,204.62929226933713,204.6808319091797,70246000.0
2017-03-03,204.5949808614151,204.97295580271998,204.21700592011027,204.8097381591797,81974300.0
2017-03-06,204.01936622780934,204.55195995780062,203.5984373429105,204.19976806640625,55391500.0
2017-03-07,203.89909466987922,204.25129965513565,203.38367210083368,203.58984375,65103700.0
2017-03-08,203.8819097590685,204.13962104275308,203.07442052046898,203.2118682861328,78168800.0
2017-03-09,203.33214146120667,203.79602441541863,202.50748104353806,203.46958923339844,90683900.0
2017-03-10,204.42309844281942,204.46605250727922,203.2376344239782,204.1825714111328,81991700.0
2017-03-13,204.12247269565265,204.32864438040932,203.79605057946623,204.2856903076172,57256800.0
2017-03-14,203.74450963623073,203.79606239121486,202.89407924127278,203.5039825439453,59880800.0
2017-03-15,204.07088879319102,205.6858672041773,203.83894733661026,205.2649383544922,96081800.0
2017-03-16,205.402367851766,205.4796772945059,204.53475352073914,204.86117553710938,78344000.0
2017-03-17,205.12265754122024,205.31246715237873,204.50146484375,204.50146484375,89002100.0
2017-03-20,204.50141401919228,204.78612836517027,203.8888575611373,204.277099609375,52537000.0
2017-03-21,204.88106201136898,205.00184873594333,201.52490248773285,201.65431213378906,131809300.0
2017-03-22,201.68883923366832,202.41355961375712,201.0676465750876,202.12884521484375,97569200.0
2017-03-23,202.12882322004916,203.04335309989824,201.54214864232134,201.9131317138672,100410300.0
2017-03-24,202.21507566954307,202.78449115780185,200.98994967243655,201.7664337158203,112504900.0
2017-03-27,200.10134086833625,201.81825019482486,199.82526255426836,201.55941772460938,87454500.0
2017-03-28,201.2574499256847,203.44887000641816,201.14528612102265,203.026123046875,93483900.0
2017-03-29,202.74143151063373,203.44889293999827,202.51710387602253,203.2159423828125,61950400.0
2017-03-30,203.15554519863713,204.06145228376155,202.9829946026055,203.86300659179688,56737900.0
2017-03-31,203.526536611908,204.05282450833957,203.33672699911187,203.3885040283203,73733100.0
2017-04-03,203.4402453756266,203.63867788894436,201.80961800237137,203.0347442626953,85546500.0
2017-04-04,202.75003001798098,203.25043592715895,202.370410834138,203.16415405273438,56466200.0
2017-04-05,203.83708588832562,204.81201565937246,202.3531273481406,202.56019592285156,108800600.0
2017-04-06,202.69825565164584,203.647290397291,202.25823654556245,203.129638671875,69135800.0
2017-04-07,202.8794512234158,203.61280770350876,202.4394452342199,202.92259216308594,74412300.0
2017-04-10,203.06060922611044,203.83709337144512,202.51706242551742,203.04335021972656,67615300.0
2017-04-11,202.66372735227813,202.90530077816507,201.31781450383258,202.80177307128906,88045300.0
2017-04-12,202.52570138392045,202.71551096254174,201.68881728675328,201.9131317138672,81864400.0
2017-04-13,201.57669086568936,202.31004738858752,200.6017608642578,200.6017608642578,92880400.0
2017-04-17,201.11944481448143,202.37908935546875,200.92101225941624,202.37908935546875,68405400.0
2017-04-18,201.64573680777355,202.31007053212133,201.09356691299283,201.775146484375,83225800.0
2017-04-19,202.33591803559278,202.70690115523192,201.17980140736037,201.4041290283203,68699900.0
2017-04-20,202.01665655850178,203.48336931154554,201.69743734660534,203.04335021972656,92572200.0
2017-04-21,202.9657147675082,203.01747862452962,201.99942099706792,202.3962860107422,110389800.0
2017-04-24,204.63083056216,204.82927621788227,202.37038788801016,204.62220764160156,119209900.0
2017-04-25,205.26071162341628,206.15798268688266,205.17442973674346,205.81288146972656,76698300.0
2017-04-26,205.77837649513734,206.6584017688753,205.64034389838443,205.6834716796875,84702500.0
2017-04-27,206.00265619951773,206.15794777150717,205.32106363863426,205.85598754882812,57410300.0
2017-04-28,206.11482527969187,206.14070721067284,205.2779410719303,205.40736389160156,63532800.0
2017-05-01,205.92498779296875,206.34774788302525,205.5108637885809,205.92498779296875,66882500.0
2017-05-02,206.06304180758352,206.18382852892205,205.59715392949636,206.00265502929688,57375700.0
2017-05-03,206.00263565261935,206.09754043651324,205.07946973976397,205.75242614746094,73137700.0
2017-05-04,206.05441849762545,206.13206428303263,205.1485115069127,205.9940185546875,61462700.0
2017-05-05,206.36506291839916,206.822327980985,205.92504370230344,206.80506896972656,62001300.0
2017-05-08,206.84812306583103,206.99479168802486,206.3477172675895,206.77047729492188,48385700.0
2017-05-09,207.02934576448226,207.22777826851956,206.23558941880293,206.58070373535156,51363200.0
2017-05-10,206.53756665101363,206.95169067382812,206.3304980572237,206.95169067382812,54293800.0
2017-05-11,206.50307925082552,206.69288885331403,205.45050351512236,206.52896118164062,62358300.0
2017-05-12,206.27874268775477,206.57208000078649,205.91638250728633,206.183837890625,53912700.0
2017-05-15,206.6065954407282,207.44347959641047,206.58933643289276,207.32269287109375,61918900.0
2017-05-16,207.61600511931388,207.64188704556003,206.74461621791102,207.1328582763672,51241800.0
2017-05-17,207.13288305142774,207.13288305142774,203.39710432748612,203.45750427246094,172174100.0
2017-05-18,203.3798156405783,205.1226065622781,203.12098322016524,204.277099609375,107047700.0
2017-05-19,204.7602820844805,206.27012277416677,204.70851822433954,205.6057891845703,115011400.0
2017-05-22,206.1148257964566,206.81367742899408,206.0458160901787,206.64974975585938,61010600.0
2017-05-23,207.0207127572947,207.27092228610908,206.64109358582823,207.10699462890625,48341700.0
2017-05-24,207.33998303359678,207.6937071763966,207.00349157169038,207.59017944335938,46927700.0
2017-05-25,208.09920471913722,208.85844318754206,207.89214925667585,208.5823516845703,64071700.0
2017-05-26,208.3925180071036,208.7031143297026,208.31487221764533,208.53919982910156,46629900.0
2017-05-30,208.21997122970018,208.6082133488608,208.0646796479424,208.35801696777344,35201900.0
2017-05-31,208.65137562977858,208.6858936502107,207.6160588178628,208.3062744140625,91796000.0
2017-06-01,208.7635393171844,209.9800428236817,208.47882489025307,209.96278381347656,68962000.0
2017-06-02,210.0145160210793,210.81689531507217,209.7211787156477,210.66159057617188,88666100.0
2017-06-05,210.48904287204337,210.77375725994833,210.3078562016436,210.5063018798828,44698800.0
2017-06-06,209.94546361000724,210.49763329272264,209.75565404737722,209.83331298828125,50375400.0
2017-06-07,210.1698547859184,210.44593312844285,209.50552111566847,210.22161865234375,54144300.0
2017-06-08,210.31648083869817,210.79962771377498,209.7988159498216,210.32510375976562,65950700.0
2017-06-09,210.59256449448196,211.38630769016876,208.7462456520709,210.00588989257812,132256400.0
2017-06-12,209.7643512728035,210.01454767932452,209.11727662016887,209.96278381347656,86108100.0
2017-06-13,210.49767317183907,211.04122003732482,210.15257199154834,210.9894561767578,60067000.0
2017-06-14,211.2568650066931,211.26548792663178,209.90231618481425,210.72195434570312,78602300.0
2017-06-15,209.37607273992884,210.43728453124618,209.0999944310873,210.31649780273438,66464900.0
2017-06-16,210.47515280085526,210.52716909236761,209.48680357522417,210.36244201660156,84553100.0
2017-06-19,211.18607102170412,212.17442027941766,211.09070340784731,212.11373901367188,65123800.0
2017-06-20,211.75826411538486,211.7669290874146,210.66588233621394,210.68321228027344,56906400.0
2017-06-21,211.0733905719172,211.18608813999887,210.163065680216,210.6312255859375,55977600.0
2017-06-22,210.63984291287238,211.1340108244871,210.36240510153831,210.53579711914062,44148100.0
2017-06-23,210.5965572329753,211.1167334478935,210.21508673798837,210.78729248046875,66986800.0
2017-06-26,211.45489517317517,211.8710521036221,210.71797541316033,210.92604064941406,56700500.0
2017-06-27,210.7092323557802,211.0040133980266,209.2093719138842,209.22671508789062,82247700.0
2017-06-28,210.24107197299102,211.29878069236827,210.00698542585917,211.09938049316406,70042600.0
2017-06-29,211.24670942616717,211.29872570555668,208.03891098384707,209.24400329589844,106949700.0
2017-06-30,210.05028348149455,210.4230888678693,209.44340483631018,209.63414001464844,86820700.0
2017-07-03,210.57055579302573,211.00404260041984,209.98968505859375,209.98968505859375,39153800.0
2017-07-05,210.3537981814817,210.683239137152,209.54750589512466,210.4751739501953,54427600.0
2017-07-06,209.7122327219339,209.83360849049384,208.3684210656846,208.5504913330078,65400800.0
2017-07-07,209.12269844712193,210.05035327822975,208.55915769515238,209.90296936035156,57972300.0
2017-07-10,209.90293335006723,210.50114712110005,209.59948736422132,210.1283416748047,36663300.0
2017-07-11,210.1283847116784,210.28444683689426,208.81059438013204,209.9723358154297,50354600.0
2017-07-12,210.93462720334514,211.71489795821162,210.93462720334514,211.5501708984375,59610400.0
2017-07-13,211.55887080924606,212.01836569210465,211.3334492394899,211.90565490722656,39471600.0
2017-07-14,211.9056631814736,213.24947476430907,211.81029556646038,212.89401245117188,60262700.0
2017-07-17,212.81594941384432,213.19741980471335,212.69457367392815,212.8679656982422,33531900.0
2017-07-18,212.46049305671633,213.03269865888714,212.12237396979063,212.98068237304688,42742500.0
2017-07-19,213.29282371100865,214.14245403505353,213.2841455094894,214.1337890625,51034300.0
2017-07-20,214.3851901038616,214.50656585569095,213.68294373763698,214.22914123535156,47135200.0
2017-07-21,213.65693594313413,214.06441451686462,213.43151438296377,214.0384063720703,82340800.0
2017-07-24,213.96038304344285,214.12511012415288,213.518231323352,213.9864044189453,46622300.0
2017-07-25,214.73198488014728,214.83603069330022,214.2811681960246,214.50657653808594,54915600.0
2017-07-26,214.79268139600626,214.82735451474008,214.25516206735588,214.51524353027344,47575400.0
2017-07-27,214.9747346806394,215.0094077966364,212.99802311573262,214.31582641601562,70766600.0
2017-07-28,213.8390010387317,214.19446333630827,213.38818435928198,214.06442260742188,50088400.0
2017-07-31,214.46324565748534,214.55861327840122,213.73499104083677,213.9430694580078,65838700.0
2017-08-01,214.5412671176901,214.57594023678143,213.89970196829188,214.41989135742188,55050400.0
2017-08-02,214.5499186673937,214.66262944807906,213.59624258997522,214.52391052246094,47211200.0
2017-08-03,214.41117504181935,214.43718318375602,213.83030449029465,214.1077423095703,40856000.0
2017-08-04,214.59330768797392,214.82738103349425,214.11646956548717,214.49794006347656,60191800.0
2017-08-07,214.56725709319855,214.89669799804688,214.46321128680444,214.89669799804688,31995000.0
2017-08-08,214.58461753193095,215.79838843328037,213.99508187076393,214.3678741455078,61719400.0
2017-08-09,213.68296885236728,214.41122344893725,213.32750652702967,214.3592071533203,62632600.0
2017-08-10,213.52689215926216,213.6569461183922,211.28143402531697,211.3334503173828,120479500.0
2017-08-11,211.55889468664876,212.23513301430953,211.324808118161,211.6455841064453,74869900.0
2017-08-14,212.92003012032828,213.96039573038553,212.88535699921184,213.74365234375,73291900.0
2017-08-15,214.1250688545258,214.14241202519622,213.4141576045961,213.71759033203125,55242700.0
2017-08-16,214.2378227507355,214.63663638266544,213.66561706408348,214.09043884277344,56715500.0
2017-08-17,213.4835531173293,213.79566409729918,210.75257873535156,210.75257873535156,128490400.0
2017-08-18,210.58784005945023,211.7062431881432,209.98096130653698,210.42312622070312,136748000.0
2017-08-21,210.36245175744227,210.84795480599274,209.66020533157703,210.58786010742188,65469700.0
2017-08-22,211.1686812449416,212.94596582757583,211.15133807580003,212.7899169921875,63140100.0
2017-08-23,211.8276383718895,212.4518603547137,211.68025446330125,212.02703857421875,50203800.0
2017-08-24,212.4085058976072,212.56455477652642,211.32478903078268,211.53286743164062,50741700.0
2017-08-25,212.32180639139523,212.93736340158452,211.8796546656305,212.02703857421875,64445900.0
2017-08-28,212.55588170528304,212.58188985077862,211.61954878054664,212.03570556640625,40565600.0
2017-08-29,210.7266131768031,212.53858492970105,210.61390236907377,212.27850341796875,51135700.0
2017-08-30,212.2610964032894,213.552891515247,212.07902617086643,213.28411865234375,62030800.0
2017-08-31,213.89968749141116,214.81001224629438,213.31881687594364,214.5672607421875,103803900.0
2017-09-01,214.94008701250172,215.29554935301522,214.7233436188667,214.8707275390625,62007000.0
2017-09-05,214.3678802872824,214.59330188215944,212.36517345598844,213.3275146484375,91398800.0
2017-09-06,214.00372406587485,214.38519450201161,213.4748697301334,214.0557403564453,57916900.0
2017-09-07,214.35920881876066,214.37655199375652,213.62227601455146,214.02975463867188,58034700.0
2017-09-08,213.74361870908626,214.2377999027549,213.53555355719578,213.77830505371094,63832800.0
2017-09-11,215.04411623070544,216.13651138400766,215.026786284343,216.05848693847656,71364800.0
2017-09-12,216.4225853869284,216.82138576355234,216.24051514266796,216.78671264648438,56896000.0
2017-09-13,216.50059643105592,216.92541815541094,216.38788565686775,216.89073181152344,59228000.0
2017-09-14,216.56994890171208,217.0207787549535,216.39655687476187,216.8213653564453,95446300.0
2017-09-15,216.6776584527241,217.200416143231,216.57310957354642,217.11329650878906,95432400.0
2017-09-18,217.4792170853588,217.92356308829662,217.1916943912399,217.57505798339844,46235200.0
2017-09-19,217.81906019728686,217.8800559155599,217.47055501881934,217.7929229736328,47108100.0
2017-09-20,217.8800133835203,217.98456225772762,216.8780379254347,217.8712921142578,59574100.0
2017-09-21,217.71445138886594,217.8015710121978,217.11326882102426,217.2875213623047,48211400.0
2017-09-22,216.99131857041976,217.49666031124144,216.965181350603,217.33111572265625,51214000.0
2017-09-25,217.0784310696796,217.42694948014497,216.14617257274787,216.88674926757812,57064400.0
2017-09-26,217.31365618348264,217.55761239750964,216.78217729693458,217.01742553710938,54082000.0
2017-09-27,217.7144487638807,218.24592764987884,216.83445150490712,217.86256408691406,81001400.0
2017-09-28,217.58374699503923,218.20235879113042,217.4966273737161,218.1239471435547,44778800.0
2017-09-29,218.11525085510596,218.9691109863301,217.93229032314218,218.89068603515625,85578000.0
2017-10-02,219.11720188713397,219.84036254882812,218.94293605473234,219.84036254882812,59023000.0
2017-10-03,219.84038408200522,220.33700452806738,219.76195913189625,220.3108673095703,66810200.0
2017-10-04,220.16271909384366,220.81617604791793,220.04944896752707,220.5722198486328,55953600.0
2017-10-05,220.903327417392,221.89658159856938,220.60709674633964,221.87916564941406,63522800.0
2017-10-06,221.43481355743776,221.91401806716368,221.1734413654219,221.62649536132812,80646000.0
2017-10-09,221.85301843326477,221.91400084179554,220.99915835689742,221.2605438232422,35803100.0
2017-10-10,221.82686811027568,222.21893963932018,221.28666796651436,221.8442840576172,43057400.0
2017-10-11,221.74846601668025,222.1928253173828,221.58293473218265,222.1928253173828,47674300.0
2017-10-12,221.87912357640553,222.22762861807522,221.62644612077213,221.8616943359375,47065100.0
2017-10-13,222.2973957914904,222.41066594496903,221.86175771764218,222.13185119628906,54800400.0
2017-10-16,222.3583491714976,222.61972133035232,222.01855207037005,222.42803955078125,38221700.0
2017-10-17,222.37581934722817,222.6284968885605,222.1580002986546,222.58493041992188,31561000.0
2017-10-18,222.9595271588733,223.00309361859325,222.61102207034773,222.80270385742188,40888300.0
2017-10-19,222.02729088235253,222.89856698519364,221.60908207548192,222.86370849609375,61903800.0
2017-10-20,223.6565484256935,224.03991197327463,222.84625487383053,224.0137481689453,89176400.0
2017-10-23,224.33617238355043,224.36230960211688,223.06409017535535,223.1425018310547,63915300.0
2017-10-24,223.56945016341444,223.76982664713915,223.17736528695417,223.5345916748047,66935900.0
2017-10-25,223.20347464282193,223.31674477473658,221.30409938385668,222.42803955078125,103715300.0
2017-10-26,223.0379726265612,223.30805279459497,222.59361330899486,222.71559143066406,69798000.0
2017-10-27,223.45618618499736,224.69340996704878,222.72431743940916,224.53656005859375,85562500.0
2017-10-30,223.4561627955605,224.4407089563266,223.40388836129273,223.7001190185547,54285700.0
2017-10-31,224.07479749967354,224.30133781089364,223.75242957323775,224.0486602783203,60304800.0
2017-11-01,224.82405109475886,225.16383488509774,223.9789123690431,224.34483337402344,54202700.0
2017-11-02,224.27516827162728,224.5713989340232,223.2122104410375,224.43199157714844,56449500.0
2017-11-03,224.58881701199687,225.22485809828677,224.1793162064306,225.18130493164062,59589700.0
2017-11-06,225.05062833529198,225.6605323015323,224.98093793963778,225.52984619140625,49652600.0
2017-11-07,225.63438857013358,225.9654777657273,224.8676612938615,225.37301635742188,57502200.0
2017-11-08,225.198729532487,225.85218659269393,224.9199148053821,225.75633239746094,50469600.0
2017-11-09,224.55399905935963,225.12904447666784,223.3603284661559,224.93736267089844,95085500.0
2017-11-10,224.55399863077685,225.04191111921565,224.24032540864536,224.86764526367188,59984700.0
2017-11-13,224.18802922848425,225.3032614637964,224.1531707429087,225.07672119140625,50228600.0
2017-11-14,224.27514039902618,224.65850393547925,223.49969205826346,224.553955078125,61315200.0
2017-11-15,223.5868617639876,224.10963272602055,222.72430695963646,223.43003845214844,80811500.0
2017-11-16,224.371012963824,225.69536966039584,224.32745979427324,225.3294219970703,67777000.0
2017-11-17,224.9808942619812,225.30326213412084,224.58880941848312,224.66722106933594,75756800.0
2017-11-20,224.91121737192094,225.24227994341484,224.6672345467641,225.05059814453125,48075500.0
2017-11-21,225.81732454351769,226.7060431484956,225.01576545227593,226.52305603027344,69176800.0
2017-11-22,226.5317448121529,226.66243088554435,226.15710253868687,226.32264709472656,45033400.0
2017-11-24,226.81061182413293,226.95001919765812,226.67120445060775,226.84544372558594,27856500.0
2017-11-27,226.8890010431142,227.1852317115889,226.5317746692737,226.732177734375,52274900.0
2017-11-28,227.19390824344177,229.05842481063272,227.09805406970813,229.03228759765625,98971700.0
2017-11-29,229.1630378087075,229.69453007364146,228.44861159096217,228.8929443359375,77512100.0
2017-11-30,229.80778600995802,231.80298907710585,229.72937435393015,230.89688110351562,127894400.0
2017-12-01,230.67907762661457,231.15826886437077,227.19397309242424,230.4176788330078,164390900.0
2017-12-04,232.02950900702822,232.45642573769004,230.08655395847,230.13885498046875,94040600.0
2017-12-05,229.3111114501953,231.01880480795086,229.1804253800767,229.3111114501953,77994500.0
2017-12-06,229.4069649857178,229.78163388140953,228.8929153256221,229.3546905517578,75898600.0
2017-12-07,230.07789611816406,230.39154276497604,229.09334982805265,230.07789611816406,77218600.0
2017-12-08,231.02758282536652,231.34122947069542,230.0430365399105,231.33253479003906,76563900.0
2017-12-11,232.0294952392578,232.09049093694262,231.30634790275653,232.0294952392578,83077500.0
2017-12-12,232.81363763596883,232.90949181624418,232.06435308668742,232.43899536132812,85195800.0
2017-12-13,232.6829351934743,233.11857313498672,232.32570889072653,232.412841796875,102905400.0
2017-12-14,232.7091141556158,232.82238429500705,231.41092136555983,231.46319580078125,100666700.0
2017-12-15,232.46246046390618,233.85486748533205,232.40991881971271,233.39073181152344,144610300.0
2017-12-18,234.78308820741816,235.22095296471468,234.67800494169003,234.87066650390625,83653600.0
2017-12-19,235.11586193549044,235.15963771971707,233.8985851223314,233.96865844726562,82382900.0
2017-12-20,234.93191947720823,234.98446110385905,233.54827876683544,233.8460235595703,76751500.0
2017-12-21,234.4677718831052,235.03701735107373,234.08244882408314,234.32765197753906,67032300.0
2017-12-22,234.34521564491334,234.3802523073704,233.73219431505825,234.2664031982422,78720900.0
2017-12-26,233.86351482231504,234.20506210067137,233.7234216428828,233.9861297607422,45244400.0
2017-12-27,234.15257825763103,234.4590889541957,233.82856259060253,234.10003662109375,57751000.0
2017-12-28,234.59922725362227,234.62549807394694,234.2139040720954,234.58169555664062,45116100.0
2017-12-29,235.15968488330128,235.17718985547413,233.50456972049736,233.69720458984375,96007400.0
2018-01-02,234.555389977197,235.40484867534212,234.17006685277175,235.36981201171875,86655700.0
2018-01-03,235.53620614609844,237.007452062863,235.53620614609844,236.8585662841797,90070400.0
2018-01-04,237.49781651640686,238.3385092309832,236.91983192352953,237.85684204101562,80636400.0
2018-01-05,238.6450993999332,239.56460485750245,238.15469292587647,239.4420166015625,83524000.0
2018-01-08,239.3456585922554,240.0374924701482,239.05667957878705,239.87986755371094,57319200.0
2018-01-09,240.30014506414236,241.04452040861582,240.0199052385527,240.42276000976562,57254000.0
2018-01-10,239.6696542810785,240.317712314285,239.00411800325506,240.0549774169922,69574300.0
2018-01-11,240.6066514881906,241.80639648437497,240.44026076498284,241.806396484375,62361500.0
2018-01-12,242.0691724071142,243.5491307499253,241.77140084390925,243.3827667236328,90816100.0
2018-01-16,244.6350677387502,245.28309908708408,241.85899316319004,242.5508270263672,106555100.0
2018-01-17,243.4790758012206,245.24803979912306,242.55080465403827,244.8627166748047,113258800.0
2018-01-18,244.74893200753343,245.16926513510293,243.96075394304466,244.45118713378906,100728000.0
2018-01-19,245.0290998315473,245.5633087158203,244.451141888114,245.5633087158203,140920100.0
2018-01-22,245.3530930201947,247.55992126464844,245.3005246743656,247.55992126464844,91322400.0
2018-01-23,247.6037666679911,248.37441295502668,247.27975100756595,248.08543395996094,97084700.0
2018-01-24,248.72477610821014,249.32029270232056,246.81569149735506,247.98916625976562,134816100.0
2018-01-25,248.8473644909927,248.9436819336877,247.30607160666764,248.09422302246094,84587300.0
2018-01-26,248.92619039645058,251.0104315524874,248.67222127676786,250.9666290283203,107743100.0
2018-01-29,250.39735056563376,250.83521535243415,249.14506368941963,249.3026885986328,90118300.0
2018-01-30,247.48112337405334,249.3551703141434,246.27261257687022,246.74551391601562,131796400.0
2018-01-31,247.59508049350308,248.0942261371767,245.79981848066515,246.8682098388672,108364800.0
2018-02-01,246.1413324650781,247.88402586927523,245.79978508276858,246.5879364013672,90102500.0
2018-02-02,245.2743010896956,245.40568189185825,241.18465938266897,241.21969604492188,173174800.0
2018-02-05,239.4682487852187,241.56999429566028,230.58833859278695,231.13128662109375,294681800.0
2018-02-06,227.63711797689834,236.18424605878744,226.55122199851291,235.68507385253906,355026800.0
2018-02-07,235.13332245849423,238.5136248061814,234.32763972490162,234.40647888183594,167376100.0
2018-02-08,234.7042891940019,234.84440913137536,225.5791753705031,225.6142120361328,246449500.0
2018-02-09,228.39024403777478,230.85104180691516,221.48950463024647,229.00326538085938,283565300.0
2018-02-12,231.04368310322172,233.82852299383882,229.14336521158504,232.3660430908203,143736000.0
2018-02-13,231.16628592730768,233.4869634434931,230.58830132844153,232.9440155029297,81223600.0
2018-02-14,231.46407028619402,236.44697345743825,231.45530443883456,236.08792114257812,120735700.0
2018-02-15,237.82183018275933,239.10915341894105,235.36977192448305,239.1003875732422,111200300.0
2018-02-16,238.4786793423682,241.10586801299468,238.43487682943731,239.1704864501953,160420100.0
2018-02-20,238.2246721826289,239.6608812542457,236.88480724393318,237.67295837402344,86369700.0
2018-02-21,238.1108735420492,240.58043743479553,236.39445100442575,236.4907684326172,98883700.0
2018-02-22,237.41023192789297,239.11788812385572,236.13167456102045,236.79721069335938,110511300.0
2018-02-23,238.01455507056812,240.57167053222656,237.54165360431483,240.57167053222656,92766400.0
2018-02-26,241.640000656403,243.46153272720528,241.05327693970955,243.3651885986328,86491400.0
2018-02-27,243.5492330069645,244.25859882285343,240.26524583684693,240.32655334472656,99099200.0
2018-02-28,241.42109545648609,241.8677260411564,237.5766569550853,237.89190673828125,121907800.0
2018-03-01,237.6817028781518,239.22299506536507,232.9440039516671,234.43275451660156,176855100.0
2018-03-02,232.76893466716402,236.20180671893183,231.91073669808344,235.64132690429688,139083200.0
2018-03-05,234.45904615794302,238.97781315135055,234.3539361789086,238.3647918701172,97307400.0
2018-03-06,239.3368007297016,239.415639882757,237.48025893836203,238.96900939941406,79213200.0
2018-03-07,236.81482163392596,239.23181727361526,236.6221600436107,238.88153076171875,87063500.0
2018-03-08,239.55580829717485,240.16006382616135,238.5662563523812,240.0374755859375,66901200.0
2018-03-09,241.43865858743482,244.21470642089844,241.1233820380445,244.21470642089844,113625300.0
2018-03-12,244.50368898314173,245.12544944991558,243.52284948642702,243.90817260742188,71924800.0
2018-03-13,245.06413511198616,245.5633073309155,241.72760792254118,242.3318634033203,91968900.0
2018-03-14,243.28637664689475,243.47027233344934,240.53660029385185,241.08828735351562,105895100.0
2018-03-15,241.5962994420393,242.2355649806559,240.32648076303303,240.82565307617188,83433000.0
2018-03-16,241.35050652833516,242.13304017575965,241.03399415331734,241.0867462158203,100343700.0
2018-03-19,240.33936858147553,241.26255642689597,236.18056913587742,237.82473754882812,109208400.0
2018-03-20,238.22044709160454,238.86229968619318,237.55221846338517,238.229248046875,59757300.0
2018-03-21,238.18524554622545,240.2690324847603,237.5609949265369,237.77200317382812,78709600.0
2018-03-22,235.55637094248118,236.40043088874282,231.55582678099475,231.8284149169922,148785900.0
2018-03-23,232.26803765167045,232.59335103109134,226.69365175801394,226.8870849609375,183534800.0
2018-03-26,230.47431327503872,233.37578356166424,228.08278845234977,233.09442138671875,141956100.0
2018-03-27,234.0264442135288,234.55396476771776,227.58162417738197,229.12908935546875,129941400.0
2018-03-28,229.26102769532312,230.9227983594075,227.35307176606125,228.45211791992188,146452300.0
2018-03-29,229.5863354656723,233.22638911794968,228.46091330484768,231.37118530273438,111601600.0
2018-04-02,230.84366364360935,231.35363612969078,223.91528520575702,226.3771514892578,186286300.0
2018-04-03,227.60805024012828,229.75339040602205,225.82320042029326,229.27859497070312,119956900.0
2018-04-04,225.7440582138208,232.43503767325393,225.6121780545231,231.73165893554688,123715300.0
2018-04-05,233.48134616595655,234.43973799149228,232.399901960335,233.5605010986328,82652600.0
2018-04-06,231.60864139159776,233.09452735817467,226.8431646535664,228.35545349121094,179521200.0
2018-04-09,229.80611776570538,232.85707053025092,228.54881558338204,229.48080444335938,105442900.0
2018-04-10,232.35593638938647,233.9122029452148,231.22174005637157,233.12966918945312,103529000.0
2018-04-11,231.65249979998578,233.56045528943488,231.58217266851003,231.90748596191406,91140200.0
2018-04-12,233.22635607287972,234.7562194786914,233.05049798459416,233.8154296875,68890500.0
2018-04-13,235.11675325942593,235.2310583547333,232.12735303095369,233.12966918945312,85079200.0
2018-04-16,234.75623511036522,235.81133004597996,233.93855129296216,235.04637145996094,63405300.0
2018-04-17,236.8049078422157,238.1589404406564,236.2949621486706,237.56106567382812,64682000.0
2018-04-18,238.00068360476854,238.53700533572052,237.27970277073413,237.73692321777344,57303900.0
2018-04-19,237.0862163007596,237.2884504401643,235.38929558373255,236.4180145263672,77655900.0
2018-04-20,236.34763116423247,236.5674403540978,233.53406280108553,234.41329956054688,99953100.0
2018-04-23,234.98481880536292,235.5387422425581,233.30547341862905,234.37814331054688,65558000.0
2018-04-24,235.3980851293731,235.61789433591494,229.7269968677222,231.22171020507812,112885500.0
2018-04-25,231.16016129125893,232.23283131151314,229.34893554377416,231.793212890625,103840900.0
2018-04-26,232.81316662268776,234.97608207281635,232.3735481342447,234.14959716796875,67731900.0
2018-04-27,234.75622057834568,235.05515786408978,233.4373654065572,234.36935424804688,57053600.0
2018-04-30,234.98487240228866,235.53879596582644,232.49661684420343,232.5669708251953,82182300.0
2018-05-01,232.00424241401504,233.08571348812194,230.45677684433647,232.98020935058594,74203400.0
2018-05-02,232.78676854028026,233.59565145638658,231.02829475304668,231.4151611328125,86368900.0
2018-05-03,230.58866949186387,231.5558085805169,227.7662998275908,230.90518188476562,136311500.0
2018-05-04,229.93802620459337,234.57162187598172,229.61271284222937,233.89459228515625,91222100.0
2018-05-07,234.65953705358106,235.65305216045982,233.9737065479549,234.6859130859375,55304900.0
2018-05-08,234.316621800768,235.04637658408237,233.1296466803695,234.6859130859375,67499200.0
2018-05-09,235.3540977861297,237.27962850508365,234.8353512992768,236.95431518554688,59666100.0
2018-05-10,237.69294735954202,239.49539946051001,237.58744320381433,239.17005920410156,72063900.0
2018-05-11,239.29311991959236,240.16355587155402,238.78314748731788,239.89979553222656,59871500.0
2018-05-14,240.3306268052169,240.9812535676364,239.46896492705878,240.0141143798828,54790600.0
2018-05-15,238.79187082505788,238.80944589790673,237.4202638420243,238.36105346679688,87036100.0
2018-05-16,238.39626436474398,239.82062360116055,238.36986150345558,239.3634033203125,53942600.0
2018-05-17,239.099701855681,240.23392505091894,238.38752206225277,239.1612548828125,56536400.0
2018-05-18,238.81835600077213,239.17884640022527,238.2116803080564,238.56336975097656,64368000.0
2018-05-21,240.04052793047268,240.89338898604595,239.65366146203615,240.35704040527344,58025900.0
2018-05-22,240.8757723694987,241.1307586245383,239.36348358487416,239.6887969970703,52966400.0
2018-05-23,238.4226710120053,240.37457791350718,238.26438798482874,240.34817504882812,64694200.0
2018-05-24,239.95256498048465,240.22512629492573,238.07978593906626,239.8558349609375,76043800.0
2018-05-25,239.28428649902344,239.90853710552315,238.7831150901173,239.28428649902344,56374800.0
2018-05-29,237.66651064654422,238.4226682898626,235.4244674131459,236.53228759765625,115908600.0
2018-05-30,237.83361971900675,240.12841551780784,237.7632925618502,239.6887969970703,69678400.0
2018-05-31,239.28434349710054,239.5832808563809,237.62259952460337,238.22047424316406,93519900.0
2018-06-01,239.51295569565073,240.85818723969737,239.44260170924423,240.5592498779297,71258400.0
2018-06-04,241.37691136313123,241.9572109520894,241.13952705354075,241.7022247314453,45385200.0
2018-06-05,241.8340433059834,242.2560865810495,241.0691116710681,241.87802124023438,51135000.0
2018-06-06,242.48477095061952,244.0058337328688,241.8692943400629,243.90032958984375,62732200.0
2018-06-07,244.3838890162866,244.67402536567218,242.96830375923162,243.87391662597656,72969400.0
2018-06-08,243.4167658398162,244.64769225832708,243.24970866528437,244.59494018554688,72139700.0
2018-06-11,244.81470766443206,245.6323914852019,244.7004025821823,244.9202117919922,58892500.0
2018-06-12,245.33350434010313,245.59726471293132,244.59494846399977,245.23680114746094,72329000.0
2018-06-13,245.4741262899927,245.7291124770295,244.2519742488318,244.45420837402344,79070600.0
2018-06-14,245.31591794669737,245.59725338734566,244.48063208428616,245.06973266601562,77097600.0
2018-06-15,244.28905399269289,245.09275583232116,243.18507239199621,244.75714111328125,120041600.0
2018-06-18,243.30855641226202,244.3772293580327,242.8316560565882,244.25357055664062,52917600.0
2018-06-19,241.99263612501417,243.53820953092213,241.57753818932102,243.31741333007812,97531500.0
2018-06-20,243.99748864078447,244.39493263665724,243.3969293626048,243.7325439453125,53785500.0
2018-06-21,243.7236994800423,243.74138042789414,241.71003896943648,242.20462036132812,71061400.0
2018-06-22,243.45879760999512,243.5736159805693,242.4254592274965,242.64625549316406,54898500.0
2018-06-25,241.4981286426786,241.65709548726045,237.6651086581895,239.34315490722656,137854200.0
2018-06-26,239.90839708211846,240.7209122250151,239.15768440796265,239.87306213378906,68547400.0
2018-06-27,240.45598188744574,241.87789694896222,237.73575670929327,237.8859100341797,105110700.0
2018-06-28,237.83291594816677,240.00554368185115,237.12635171788804,239.2460174560547,76650500.0
2018-06-29,240.33228043700777,241.69239278499663,239.47558997110553,239.5904083251953,97592500.0
2018-07-02,238.02718281831372,240.2616396479265,237.7887056337919,240.10264587402344,63554800.0
2018-07-03,240.9947281225317,241.0918925046446,238.83094067165655,239.25485229492188,42187100.0
2018-07-05,240.37646544509775,241.26846393810172,239.3077922241397,241.20663452148438,56925900.0
2018-07-06,241.2331351716857,243.6177182167267,240.85334518278881,243.24679565429688,66493700.0
2018-07-09,244.24475259074663,245.49004642840816,244.20060413055813,245.4370574951172,50550400.0
2018-07-10,245.8875756692546,246.41749213863287,245.5961094823945,246.32032775878906,51966800.0
2018-07-11,244.7746858512768,245.56073333737447,244.21827506047302,244.5185546875,77054700.0
2018-07-12,245.77268329342385,246.788340498217,245.17212405352254,246.7353515625,60124700.0
2018-07-13,246.55885631383396,247.23005882559366,246.1084231782066,246.92977905273438,48216000.0
2018-07-16,246.9738644918861,247.11515037248324,246.26730032556523,246.70889282226562,48201000.0
2018-07-17,245.94052395018647,248.09549747066842,245.88753500727847,247.70689392089844,52315500.0
2018-07-18,247.78635859053261,248.33392892760364,247.34476613126054,248.2279510498047,44593500.0
2018-07-19,247.56557901019033,247.9453420820646,246.8148663884079,247.2917938232422,61412100.0
2018-07-20,247.08868447408216,247.71576529783255,246.85023420124972,247.0092010498047,82337700.0
2018-07-23,246.80607130007968,247.67157539339786,246.46161619567616,247.4684600830078,47047600.0
2018-07-24,248.87264730926248,249.55268988856145,247.84814972764727,248.71365356445312,68026900.0
2018-07-25,248.46641780028833,251.15130767798,248.4222693324907,250.8333740234375,78882900.0
2018-07-26,250.11793004099042,250.92160443891615,250.0207657038611,250.24156188964844,57919500.0
2018-07-27,250.56838777060267,250.66555212783368,247.62739382664256,248.54591369628906,76768700.0
2018-07-30,248.6253858949208,248.7843527057693,246.72651682779656,247.24761962890625,63742500.0
2018-07-31,248.00718415505807,249.07583048615243,247.62742106380432,248.4664306640625,68570500.0
2018-08-01,248.6696320457284,249.17305409717716,247.40668363118806,248.0513916015625,53853300.0
2018-08-02,246.7530785758447,249.57041402631015,246.5499363158962,249.4026336669922,63426400.0
2018-08-03,249.52622289304165,250.52422611916688,249.34957513610027,250.4712371826172,53935400.0
2018-08-06,250.50661599135427,251.69889422516871,250.1180124201648,251.38980102539062,39400900.0
2018-08-07,252.05219034275223,252.59976075260496,251.9196910252273,252.219970703125,43196600.0
2018-08-08,252.05218068817663,252.5114271863113,251.65473665616224,252.11398315429688,42114600.0
2018-08-09,252.1758346161004,252.56443820720855,251.63710465500523,251.7695770263672,35717000.0
2018-08-10,250.3388033202759,250.877533242226,249.37610793543428,250.08267211914062,77076000.0
2018-08-13,250.35644346636187,250.96584324930072,248.85501824263818,249.146484375,65732900.0
2018-08-14,249.8707780696921,250.97475961134043,249.48217441081795,250.7362823486328,43842000.0
2018-08-15,249.39374687675829,249.53505968969637,247.43307539532,248.86383056640625,102925400.0
2018-08-16,250.29464283867094,251.7430792872292,250.25930788920945,250.87754821777344,69967900.0
2018-08-17,250.67441481267045,252.20233473703993,250.26815721384136,251.7607421875,65618500.0
2018-08-20,252.21114510424258,252.56441371116773,251.76071213262946,252.29946899414062,39807500.0
2018-08-21,252.8117671755168,253.74794134491353,252.33483961383442,252.89125061035156,67272000.0
2018-08-22,252.48494240121423,253.26214954531227,252.21997071881626,252.74107360839844,44993300.0
2018-08-23,252.56440811087106,253.4210986138187,252.08748067813048,252.4054412841797,49204900.0
2018-08-24,252.97960681501937,254.06593446844514,252.9266178516988,253.92462158203125,57487400.0
2018-08-27,255.11679452574154,256.0353144305907,254.95782770163285,255.92933654785156,57072400.0
2018-08-28,256.38856613797486,256.49457096639844,255.59370511711555,256.052978515625,46943500.0
2018-08-29,256.2649754069763,257.66039591626367,256.0265251482379,257.4307861328125,61485500.0
2018-08-30,256.95383162780604,257.3247542134845,255.79686149898535,256.3885803222656,61229500.0
2018-08-31,255.98242380405776,256.83911462211523,255.49668267072343,256.39752197265625,66140800.0
2018-09-04,255.98238131728337,256.3091555112183,254.95788330625882,255.9558868408203,57594400.0
2018-09-05,255.6025060025253,255.80564820137695,254.2600748630529,255.2668914794922,72452400.0
2018-09-06,255.37298666172072,255.67326638537259,253.47414393566402,254.49864196777344,65909900.0
2018-09-07,253.45642744445308,254.9755066412975,253.21795025750325,254.00399780273438,73524800.0
2018-09-10,255.01075033490753,255.27572192552327,254.2512244043256,254.44552612304688,50210900.0
2018-09-11,253.80080195980534,255.72613828155374,253.45637391635793,255.2845458984375,50530500.0
2018-09-12,255.29343134898912,255.94697956629318,254.5603997230398,255.34642028808594,59810800.0
2018-09-13,256.40622248919806,257.0421166354183,256.12359687917535,256.85662841796875,51034200.0
2018-09-14,257.0598762875576,257.24533762857527,256.1237021531427,256.9009094238281,55079900.0
2018-09-17,256.84781844031767,256.88312642756125,255.26691004965062,255.5406951904297,68244000.0
2018-09-18,255.75277770087604,257.5191482344768,255.72628322097904,256.92742919921875,61930400.0
2018-09-19,256.98031461211065,257.61620882608855,256.8566557873011,257.20111083984375,49080600.0
2018-09-20,258.45520099544166,259.60333040189687,257.2187207698315,259.2853698730469,100360600.0
2018-09-21,260.02439890895715,260.1397370028223,258.88880602844426,259.0484924316406,105479700.0
2018-09-24,258.4718627895413,258.61381530247604,257.61129429371255,258.1879577636719,53409600.0
2018-09-25,258.64045746369817,258.74691509115587,257.7089261487671,257.9484558105469,44370000.0
2018-09-26,258.0904332322394,259.27037481660574,256.75965861130874,257.1766357421875,79739700.0
2018-09-27,257.6467315281903,258.9775055801129,257.37170705676635,257.8951416015625,59249500.0
2018-09-28,257.2741607004745,258.4186342232433,257.23869287821276,257.92181396484375,70091400.0
2018-10-01,259.1550695170986,259.8825662332984,258.1525752517197,258.8179626464844,62078900.0
2018-10-02,258.6670227050781,259.37675813634576,258.29442107979753,258.6670227050781,47258200.0
2018-10-03,259.7139378922632,260.13091497744125,258.4541532176749,258.80902099609375,64694600.0
2018-10-04,258.32997537119405,258.3832041926231,255.2071005237411,256.7862854003906,111545900.0
2018-10-05,257.0081035707035,257.522657914237,253.92957678135974,255.3490753173828,105951700.0
2018-10-08,254.66592692506302,255.70394318271795,253.29080379388347,255.3490753173828,87742200.0
2018-10-09,254.9675870086743,256.2717202911327,254.4175106945299,254.9764404296875,74339000.0
2018-10-10,254.47068495382157,254.541674754797,246.53041344296443,246.90301513671875,214731000.0
2018-10-11,245.82065967789862,247.43533927490867,239.85878869058828,241.46461486816406,274840500.0
2018-10-12,245.54564580207276,245.82955087923344,241.64204575248766,244.81817626953125,183186500.0
2018-10-15,244.4632174839941,245.7851383088067,243.3542389487289,243.44296264648438,102263700.0
2018-10-16,245.3948135846346,249.13872678069512,244.92460769607447,248.76609802246094,118255800.0
2018-10-17,248.801559571119,249.43145181105547,246.24646864194278,248.81044006347656,110626000.0
2018-10-18,247.87895656782334,248.47338116689744,243.94874187181802,245.2174072265625,134557500.0
2018-10-19,245.8650914144799,247.79026385042394,244.39236401238762,245.08436584472656,139901600.0
2018-10-22,245.7497234098368,246.06909633611147,243.4519223857606,243.98423767089844,82415800.0
2018-10-23,240.38224352192685,243.8599857033554,238.30621148621196,242.74212646484375,146352700.0
2018-10-24,242.49364437861846,242.87515353036855,234.8372801393203,235.3873291015625,177806700.0
2018-10-25,237.215004131383,241.14521847687237,236.19474905649375,239.61038208007812,138061500.0
2018-10-26,235.91967141520024,240.42654830451053,232.69919339194146,235.39620971679688,201574600.0
2018-10-29,238.47480394347747,239.76123025482744,230.53453152674683,234.0921173095703,160749100.0
2018-10-30,233.92357565427733,237.8715241329853,233.43560871330504,237.56100463867188,157116000.0
2018-10-31,240.11610732869826,242.40505495266066,239.64590135550912,240.09837341308594,128296300.0
2018-11-01,240.95891952431904,242.84862373496037,239.87655513053133,242.6534423828125,99495000.0
2018-11-02,243.7536092935331,244.1794670202593,239.17574026129645,241.21627807617188,122634100.0
2018-11-05,241.70407107347577,243.09695449176328,240.7370451229456,242.54690551757812,65622500.0
2018-11-06,242.4848836688839,244.24148882315635,242.42277435593846,244.08180236816406,60085900.0
2018-11-07,246.2464443700029,249.38707891710627,245.82058689889206,249.30723571777344,102752100.0
2018-11-08,248.50885923276533,249.49364660842488,247.7192803078386,248.85487365722656,65584900.0
2018-11-09,247.55064749078656,247.73694832187834,245.02217077013105,246.42393493652344,98812600.0
2018-11-12,245.91823881720697,246.15776846170135,241.30487674599945,241.8194580078125,99673600.0
2018-11-13,242.28078648339832,244.2680676104156,240.6483731183949,241.3669891357422,98176600.0
2018-11-14,243.2301414635413,243.62935764576957,238.16433313693375,239.71690368652344,125335900.0
2018-11-15,238.4570117264155,242.6800108694117,236.8867077867412,242.21865844726562,135101400.0
2018-11-16,241.12749548140937,243.75354980191392,240.61291413620395,242.8486328125,126668000.0
2018-11-19,242.24527718983254,242.53806270523495,237.82712372715233,238.7409210205078,103061700.0
2018-11-20,235.42286741896882,236.87786053193852,233.46220057375243,234.32276916503906,136021300.0
2018-11-21,235.8664768641583,237.01095059988435,235.11239291801454,235.12124633789062,75563700.0
2018-11-23,233.48879401808904,234.94378700042947,233.39121689288703,233.5509033203125,42807900.0
2018-11-26,235.79544039513638,237.54319157110197,235.40507780230456,237.32139587402344,79981400.0
2018-11-27,236.2923088135213,238.11990356445312,235.6890308922706,238.11990356445312,75502400.0
2018-11-28,239.1845676852802,243.60272216796875,238.05782782750268,243.60272216796875,127629600.0
2018-11-29,242.83089305016975,244.46330680154117,241.69529969814263,243.07044982910156,82346400.0
2018-11-30,242.9195732355842,245.11091631207717,242.60020035383283,244.55198669433594,98204200.0
2018-12-03,248.6596866412099,248.7661442848815,246.20219911752253,247.7902374267578,103176300.0
2018-12-04,246.96515283950714,247.39101047029547,239.45071097180096,239.76123046875,177986000.0
2018-12-06,235.91968861471403,239.51276852883728,232.83228237669715,239.39743041992188,204185400.0
2018-12-07,239.06033286080262,240.62178366519305,233.00088464890422,233.8348388671875,161018900.0
2018-12-10,233.65738817873518,235.24545336906925,229.44326882411715,234.27842712402344,151445900.0
2018-12-11,237.46332736913465,237.64962815729754,232.86772742999852,234.33157348632812,121504400.0
2018-12-12,237.29484321205325,238.6522321483486,235.43175345692626,235.5115966796875,97976700.0
2018-12-13,236.45200246750798,237.3125710570535,234.32276869095844,235.43174743652344,96662700.0
2018-12-14,233.29365668777106,234.24294908760876,230.53453028646314,231.08457946777344,116961100.0
2018-12-17,230.1352228421727,231.24420139005775,224.92746391325193,226.55101013183594,165492300.0
2018-12-18,228.1834492293881,228.84883639423893,224.70568040157815,226.3026123046875,134515100.0
2018-12-19,226.38247815956686,230.13525835424576,221.21908028326692,222.91358947753906,214992800.0
2018-12-20,221.67154333984448,223.23298053526167,217.0493139863957,219.28501892089844,252053400.0
2018-12-21,220.18184659021884,222.83216813756005,214.14945865139123,214.79196166992188,255345600.0
2018-12-24,213.31066967349895,214.91692748461426,209.05410349453476,209.11656188964844,147311600.0
2018-12-26,210.57113075666766,219.68215942382812,208.5990003574158,219.68215942382812,218485400.0
2018-12-27,216.46069713767926,221.5650056323348,213.23926322091438,221.3686981201172,186267300.0
2018-12-28,222.7161418877055,224.34023679957718,219.9230390490351,221.08311462402344,153100200.0
2018-12-31,222.69831025131333,223.2605038088745,220.83327315629415,223.01956176757812,144299400.0
2019-01-02,219.50361636785237,224.1706882642769,219.47684654649836,223.2515411376953,126925200.0
2019-01-03,221.5114719055297,221.81488595919683,217.4422949789893,217.92417907714844,144140700.0
2019-01-04,220.94035994976915,225.8662121607663,220.56556877081383,225.2237091064453,142628800.0
2019-01-07,225.49141469210105,228.40051582840488,224.59905087670086,226.99951171875,103139100.0
2019-01-08,229.17689771717087,229.6141473029635,226.6604250449765,229.13226318359375,102512600.0
2019-01-09,229.83722205027829,231.04191864728134,228.61468798077402,230.20309448242188,95006600.0
2019-01-10,228.6771933158935,231.26504331046658,227.99898800303666,231.0151824951172,96823900.0
2019-01-11,229.94431128528677,231.13117046106527,229.36428022693917,231.10440063476562,73858100.0
2019-01-14,229.2125586590983,230.4975647437102,228.81101127814628,229.69444274902344,70908200.0
2019-01-15,230.06924024283958,232.63925233057913,230.0603078903963,232.32691955566406,85208300.0
2019-01-16,232.75528377367993,233.77259177760342,232.5500574882755,232.88916015625,77636700.0
2019-01-17,232.02353358017845,235.5126795050289,231.97889904796466,234.65599060058594,96118400.0
2019-01-18,236.45863079656797,238.24335885900862,234.69174021094764,237.77931213378906,127900300.0
2019-01-22,236.315794647781,236.5299532512682,232.96049795163958,234.56674194335938,115531200.0
2019-01-23,235.59297988875502,236.28902257625495,232.60355565717606,235.05755615234375,86030300.0
2019-01-24,234.8790794198042,235.76253814239962,233.87070392027388,235.18247985839844,59204100.0
2019-01-25,237.02077150031676,237.99347215348422,235.2806781682309,237.1724853515625,96883400.0
2019-01-28,235.03970281433,235.43231781289492,233.61191535787162,235.369873046875,85613700.0
2019-01-29,235.5126704132107,236.07483674202095,234.22766433893665,235.05755615234375,66136300.0
2019-01-30,236.56561155946923,239.6174800243388,235.80709700240453,238.77865600585938,92473700.0
2019-01-31,238.7161972256877,241.35758587725948,238.5020114417176,240.87570190429688,104012100.0
2019-02-01,241.07211551779636,242.0091140044702,240.20652139744502,240.99180603027344,85782500.0
2019-02-04,241.0364531275952,242.74980417596944,240.36718005495996,242.6873321533203,60744800.0
2019-02-05,243.11558072808432,244.00794447257655,242.6158592097911,243.7045440673828,79552800.0
2019-02-06,243.42793531214494,243.91872452251008,242.65158314207002,243.38330078125,58347800.0
2019-02-07,241.7770362337253,242.32136504865792,239.4122777463993,241.0631561279297,95482000.0
2019-02-08,239.82273836561768,241.45575191327555,239.0017517997669,241.35760498046875,75788900.0
2019-02-11,242.00916359558366,242.2679295863646,240.96508557826616,241.4915771484375,68021400.0
2019-02-12,243.09775917507974,244.97170137499526,243.02635482048785,244.596923828125,72270200.0
2019-02-13,245.42676967549392,246.22989150119363,245.00735767733852,245.3910675048828,65277200.0
2019-02-14,244.31139321741082,245.9712042716236,243.49933878131554,244.84681701660156,83234400.0
2019-02-15,246.61362701514128,247.55062527003284,246.40840078649993,247.51492309570312,97088700.0
2019-02-19,246.72077942009167,248.59472181280694,246.71184706665318,247.9433135986328,59120800.0
2019-02-20,247.90756947125925,248.89810738786227,247.4078479533843,248.4429931640625,76610800.0
2019-02-21,247.8094616284365,248.1664017356935,246.60476493775758,247.55960083007812,64214700.0
2019-02-22,248.17535182834695,249.29080688614823,247.5417809806969,249.09451293945312,78114600.0
2019-02-25,250.51338920155666,251.03094840870796,249.35329950592723,249.43360900878906,69030700.0
2019-02-26,249.08549936705506,250.12954971036925,248.88024589954088,249.2550506591797,56844100.0
2019-02-27,248.54106033569337,249.49589577091677,247.61302194765096,249.14788818359375,56921600.0
2019-02-28,248.93379021020638,249.3710669767745,248.36269155717653,248.68392944335938,69268300.0
2019-03-01,250.25459284946476,250.64723523595845,248.80896735046133,250.23675537109375,78880500.0
2019-03-04,251.2896732145433,251.53060165753556,247.04201244545143,249.3264617919922,106494600.0
2019-03-05,249.4513665182331,249.6476876295679,248.44299113877628,248.98731994628906,59114600.0
2019-03-06,249.10324923465853,249.1121815835598,247.1579034681591,247.47914123535156,75039800.0
2019-03-07,247.03309348814483,247.17587498414431,244.57018757231435,245.4090118408203,94885100.0
2019-03-08,243.56181425633898,245.08774895787133,243.09779481459196,244.91819763183594,85795800.0
2019-03-11,245.63201680925292,248.63034547696088,245.6052469901761,248.4697265625,65098900.0
2019-03-12,249.02304363607198,249.9243398022675,248.83565486040146,249.40675354003906,79667500.0
2019-03-13,250.29025827355855,251.98574438466127,250.12961206065125,251.05767822265625,80639200.0
2019-03-14,251.0843614017207,251.50377341581668,250.45972317255902,250.89697265625,67518400.0
2019-03-15,251.4463989125399,252.94319500655243,251.2581574243086,252.13653564453125,81309000.0
2019-03-18,252.35165750836913,253.34655843745105,252.12758392601302,253.05076599121094,62199800.0
2019-03-19,254.10838041148736,254.8702086083487,252.22615709859713,253.1134796142578,90268100.0
2019-03-20,252.8983925177677,254.09942354780006,251.24921435625774,252.3516387939453,84609200.0
2019-03-21,251.5360485881354,255.60520506642865,251.4912174609429,255.20188903808594,79550400.0
2019-03-22,253.84852766172398,254.36836643299236,250.22749024752656,250.2902374267578,122659300.0
2019-03-25,249.94963816631585,251.13275344885716,248.84721345767517,250.10202026367188,85575200.0
2019-03-26,251.8497401756667,252.91633263836115,250.56804582225496,251.9662628173828,68125900.0
2019-03-27,251.9572942642795,252.53990748012842,249.10708476578716,250.64871215820312,72224700.0
2019-03-28,251.2762087520225,252.04700901604357,250.1289527025606,251.59886169433594,56238500.0
2019-03-29,253.10453272703245,253.50784870612804,251.9841649749975,253.18519592285156,82186800.0
2019-04-01,255.1749851271893,256.4835670796357,254.90608043927517,256.1877746582031,77617900.0
2019-04-02,256.3760101004266,256.5463081929377,255.52451963787078,256.3132629394531,40070400.0
2019-04-03,257.52330374578105,257.9176754549509,256.11611502682194,256.7166442871094,68243200.0
2019-04-04,257.03931484795163,257.64878849405113,256.3491779856979,257.3978271484375,48997500.0
2019-04-05,258.0610604303663,258.69742170866954,257.77423969689164,258.6436462402344,58621700.0
2019-04-08,258.22240554553275,258.9484017747412,257.5681008285221,258.8408508300781,53566300.0
2019-04-09,257.8818272500247,258.20448010644867,256.9676168040888,257.51434326171875,66142300.0
2019-04-10,257.9265791751795,258.48230457074334,257.51429149061323,258.3926696777344,52601500.0
2019-04-11,258.8767125839089,258.88568428123676,257.756344527357,258.3210144042969,55093100.0
2019-04-12,259.9254067353859,260.34666624730795,258.36586304784964,260.0688171386719,69727800.0
2019-04-15,260.140488185737,260.23909479705657,259.10078335831236,259.89849853515625,49596700.0
2019-04-16,260.77689745716583,260.8306729393059,259.47725948239383,260.0688171386719,52153200.0
2019-04-17,261.18022253460333,261.20711027659587,259.0201494187386,259.4324645996094,58268300.0
2019-04-18,260.0150477371109,260.2122336271481,258.7243814300919,259.9433288574219,68708500.0
2019-04-22,259.18151727193475,260.3198015483036,259.09188234285483,260.16741943359375,40160100.0
2019-04-23,260.5348854922284,262.73978971372134,260.3018675160108,262.5067443847656,52246600.0
2019-04-24,262.4260865735888,262.7577111776434,261.7807534093311,261.9241638183594,50392900.0
2019-04-25,261.8255035173805,262.4170610760673,260.57966858301586,261.76275634765625,57770900.0
2019-04-26,261.8075462172482,263.05338095527367,261.0367189673241,262.981689453125,50916400.0
2019-04-29,263.071359619147,263.91387848418856,262.98172471489596,263.3940124511719,57197700.0
2019-04-30,263.0533770314901,263.8152325750082,261.6462159200732,263.5284118652344,81111700.0
2019-05-01,264.15588846112246,264.3620460215108,261.53869676009515,261.54766845703125,71671900.0
2019-05-02,261.4312100573297,262.3454480819899,259.49521038202386,260.9830627441406,65030200.0
2019-05-03,262.45296687976565,263.81532469782667,261.09058170896674,263.5374755859375,56543700.0
2019-05-06,259.2531943561762,262.892147981565,258.93948579824854,262.4529724121094,107198100.0
2019-05-07,260.0598124870552,260.6513700683735,256.1698981063263,258.0700378417969,144729900.0
2019-05-08,257.7115478515625,259.41450187392644,257.11999021906496,257.7115478515625,91568300.0
2019-05-09,255.6500378691589,257.53223405255756,253.92016904937915,256.9317321777344,103471100.0
2019-05-10,255.99956198160442,258.9752654873306,253.0238584758782,258.2223815917969,112429300.0
2019-05-13,253.1314136370308,254.0904276188536,250.8996225352691,251.73316955566406,127290500.0
2019-05-14,252.7460330950823,255.53352272595444,252.62056611045082,254.0098114013672,77003200.0
2019-05-15,252.38753798748832,256.1340420322565,252.18138042754515,255.4976806640625,73956400.0
2019-05-16,256.1967699119321,259.2172774500788,256.12507840020066,257.8638916015625,76749600.0
2019-05-17,255.56941814436465,258.67058934984783,255.55147474922455,256.1968078613281,100353000.0
2019-05-20,254.60140213727013,256.3043561408425,253.75888315659202,254.50282287597656,62877600.0
2019-05-21,256.1878621920293,257.1737916791253,255.93690080919936,256.79736328125,46847100.0
2019-05-22,255.84718801441247,256.9585840594758,255.5334795767074,256.0085144042969,49482500.0
2019-05-23,253.7946728977069,253.83947666731174,251.47327416596514,252.88046264648438,98733800.0
2019-05-24,254.31464360757246,254.72695885411594,252.83576285695116,253.45420837402344,55268100.0
2019-05-28,253.73197043431873,254.68204028022222,251.07894675251654,251.09686279296875,70029400.0
2019-05-29,249.98549156030757,250.38880765637472,248.0136328037473,249.41184997558594,104972900.0
2019-05-30,250.1646480400449,250.99822239082556,248.99947658165098,250.09295654296875,62523800.0
2019-05-31,247.55649011464865,248.38106553151368,246.69602791522783,246.72291564941406,86862800.0
2019-06-03,246.75889141428175,247.87028808825758,244.7691160882242,246.09564208984375,96428000.0
2019-06-04,248.38111733847322,251.57192344018316,247.93297010674164,251.43748474121094,77231900.0
2019-06-05,253.0507629420872,253.64232047470728,251.2492299615094,253.6154327392578,71169700.0
2019-06-06,253.91126241776183,255.93686927504896,253.2659293196054,255.2646484375,69430400.0
2019-06-07,256.27749459148833,258.89468671754076,256.10719643845385,257.8191223144531,74272200.0
2019-06-10,259.36067899996857,260.6603166850076,258.91253184688355,259.0021667480469,60799100.0
2019-06-11,260.81267444687654,261.18015839902773,258.29408960533016,258.9394226074219,58641300.0
2019-06-12,258.70643444478026,259.26213260858515,257.97146645593216,258.48236083984375,47096300.0
2019-06-13,259.3875932507878,259.90745931903905,258.68848471461854,259.5489196777344,48945200.0
2019-06-14,259.2621765136719,259.8626785590629,258.50032065732336,259.2621765136719,52324700.0
2019-06-17,259.495125935518,260.1225429109013,259.1903891440477,259.3606872558594,39205700.0
2019-06-18,261.1712991311088,263.1252148132128,260.8127594054737,262.0765380859375,85434800.0
2019-06-19,262.21091089679237,263.19684018898215,261.24292499801845,262.66802978515625,78674400.0
2019-06-20,265.33899659915994,265.5809862354007,262.73077666429657,265.1776428222656,116570000.0
2019-06-21,264.9092951972342,266.1611896327849,264.57605770329127,264.7922058105469,83309500.0
2019-06-24,264.9994000671468,265.31460693540845,264.31489432532715,264.468017578125,47582700.0
2019-06-25,264.52207026113314,264.5490887796047,261.7660714339262,261.8741455078125,82028700.0
2019-06-26,262.7657201720802,263.27008405135524,261.5048104738926,261.6128845214844,51584900.0
2019-06-27,262.36937046128344,263.04486059033877,261.9911113810401,262.5404968261719,40355200.0
2019-06-28,263.51322339656014,264.3868585052382,262.9998717236081,263.8915100097656,59350900.0
2019-07-01,267.20585754703865,267.42203306422226,265.0893164534945,266.2872009277344,78705600.0
2019-07-02,266.24213998401723,267.0347193785114,265.4045389135561,266.9806823730469,61504500.0
2019-07-03,267.6563016219781,269.133387113011,267.51219370925975,269.1153564453125,40898900.0
2019-07-05,267.8904556118029,268.97125111423253,266.6025273362104,268.8091125488281,51677300.0
2019-07-08,267.5030965734227,268.6289134136721,266.7915726343715,267.33197021484375,45841800.0
2019-07-09,266.1791797032662,267.96245628769606,266.1251426846936,267.6652526855469,41101300.0
2019-07-10,268.727974274822,269.8898249593652,268.1965920202201,268.9441223144531,58448500.0
2019-07-11,269.58363080958173,269.8177820454118,268.5749032177327,269.5746154785156,50826100.0
2019-07-12,270.06101270514915,270.85359234497,269.7547937508127,270.7815246582031,40326000.0
2019-07-15,271.2139264803352,271.2139264803352,270.36730957434435,270.8716735839844,33900000.0
2019-07-16,270.7815196152054,270.98867985359067,269.6917363736322,269.9979553222656,36650100.0
2019-07-17,269.97090595616555,270.13301700119024,268.16058349609375,268.16058349609375,36036300.0
2019-07-18,267.6652458538998,269.52059007291723,267.22393438489826,269.1423034667969,51392600.0
2019-07-19,270.23221123306587,270.2592297513728,267.4762124226513,267.6473388671875,58678600.0
2019-07-22,268.0435207619146,268.8451157071079,267.53016906834114,268.3047180175781,43638100.0
2019-07-23,269.42157698333074,270.22314453125,268.5929634364693,270.22314453125,44564500.0
2019-07-24,269.4665712532843,271.4930419921875,269.37650038995713,271.4930419921875,47213200.0
2019-07-25,271.04278384762506,271.09682088216147,269.39457183693844,270.1961669921875,55394100.0
2019-07-26,270.88065244844626,272.2046146669419,270.75454772012597,272.0064697265625,45084100.0
2019-07-29,271.8893034379059,272.0063927994392,270.9616313625273,271.5110168457031,38126500.0
2019-07-30,270.11504669745034,271.24987912226163,269.7367600605903,270.8445739746094,45849000.0
2019-07-31,271.0877952542594,271.2769523537297,265.8730292190799,267.8814697265625,104245200.0
2019-08-01,268.034580410699,270.97970848614085,264.7561873361929,265.54876708984375,142646600.0
2019-08-02,264.6570385621389,264.90020511418425,262.0000997218517,263.5492248535156,116749700.0
2019-08-05,259.46936295661266,259.5774370203091,253.73220236060624,255.6235809326172,178745400.0
2019-08-06,257.50584800856024,259.42424438009544,256.03777839144124,259.20806884765625,120711700.0
2019-08-07,256.1458963970514,260.1267976833788,254.0203669444034,259.3612365722656,140572300.0
2019-08-08,260.8472759478428,264.44989013671875,260.2978904772064,264.44989013671875,87713900.0
2019-08-09,263.5132098204003,264.1076444758025,260.87430145284293,262.6485900878906,93730000.0
2019-08-12,261.1535149881845,262.6395879585057,258.50559115636844,259.4512939453125,65527600.0
2019-08-13,259.1541243644712,264.92731871564195,258.8118715111946,263.48626708984375,94299800.0
2019-08-14,259.4514027016452,260.05482548571354,255.56958618556735,255.69566345214844,135622100.0
2019-08-15,256.57825401490027,257.2627596852036,254.33563489141036,256.37109375,99556600.0
2019-08-16,258.019294138563,260.5861353169893,256.42511942287445,260.1538391113281,83018300.0
2019-08-19,263.1619782082209,263.96354562152703,262.48648800661573,263.2880554199219,53571800.0
2019-08-20,262.78375220434907,263.3151346538664,261.14458315961394,261.2706604003906,51596400.0
2019-08-21,263.4231977101356,263.7654230198255,262.73869211921766,263.39617919921875,49524700.0
2019-08-22,264.09871638415376,264.72915753530043,261.54985080842727,263.31512451171875,51666400.0
2019-08-23,262.0182453140288,263.67544519573477,255.30836274852658,256.55126953125,149161500.0
2019-08-26,258.73075758618586,259.38824462890625,257.208650757384,259.38824462890625,72423800.0
2019-08-27,260.7753021102791,261.1445734568892,257.6139985597237,258.37054443359375,66668900.0
2019-08-28,257.71308250775724,260.35199145283605,256.91148746063425,260.18988037109375,59696700.0
2019-08-29,262.73863479261985,264.03557800518644,261.73889513529167,263.51318359375,57899400.0
2019-08-30,264.99032631484863,265.00832949353685,262.46850701004956,263.39617919921875,62901200.0
2019-09-03,261.70295284664036,262.6125943955452,260.5320865423105,261.8560485839844,69101400.0
2019-09-04,264.0176641596419,264.8462502511639,263.2701061248375,264.8282470703125,46887300.0
2019-09-05,267.30505471636684,269.1423687179154,264.79222286459446,268.23272705078125,83258100.0
2019-09-06,268.547981925724,269.079364421444,267.8724915096057,268.43988037109375,49584300.0
2019-09-09,269.42156787029035,269.511611253967,267.63826360401265,268.574951171875,51260300.0
2019-09-10,267.8182895737971,268.57486263913984,266.56639560419876,268.5118103027344,57947100.0
2019-09-11,268.8181022138992,270.50232018051446,268.1696304715146,270.4212646484375,68821100.0
2019-09-12,271.3219373460333,272.41172066807127,270.56539150782567,271.35797119140625,72908700.0
2019-09-13,271.79927919493423,272.1505473397734,270.80855460332793,271.1778259277344,62104800.0
2019-09-16,270.0520856439344,271.2229523075761,269.7008448848866,270.3403015136719,58191200.0
2019-09-17,270.1420991494671,271.11479314596744,269.97097273102594,271.0247497558594,41475500.0
2019-09-18,270.6374764872449,271.29496371666545,268.6110052506445,271.1868896484375,73375800.0
2019-09-19,271.57412843040197,272.564853068215,270.83558574714397,271.1688232421875,76560500.0
2019-09-20,271.76957180280993,272.05008918733927,269.1003904881604,269.8875732421875,89565000.0
2019-09-23,269.2270389853923,270.53902859724644,268.97369250459167,269.82421875,43476800.0
2019-09-24,270.9100462786687,271.29910921668215,266.74790122291455,267.7070007324219,94869400.0
2019-09-25,267.7884732719116,269.7338158847859,266.31362352330837,269.29046630859375,71854000.0
2019-09-26,269.29949827937514,269.507587597765,267.32701256150625,268.7294616699219,56179700.0
2019-09-27,269.48039634070557,269.588997076313,265.73448553679964,267.2817077636719,84746600.0
2019-09-30,267.7974315946719,269.2270235947452,267.752202002102,268.5212707519531,51662400.0
2019-10-01,269.39902066453936,270.05048714568625,265.1102157710653,265.3273620605469,88242400.0
2019-10-02,263.75300095877276,263.7620579252307,259.355622841825,260.64044189453125,122539500.0
2019-10-03,260.41412048105843,262.8028390751371,257.7087395570577,262.77569580078125,85278800.0
2019-10-04,263.42722355353567,266.5850115298141,263.37290937944215,266.3316650390625,65091200.0
2019-10-07,265.5355075585681,267.15513077570415,264.90212732918155,265.1826171875,59610500.0
2019-10-08,263.3367323375145,264.0696285167988,261.0294430659895,261.0656433105469,95708100.0
2019-10-09,263.07442896754986,264.476878334848,262.4501056717316,263.544921875,62359400.0
2019-10-10,263.4634494419576,266.2050317974711,263.3005897248464,265.3273620605469,55296300.0
2019-10-11,268.06894596333944,270.3038352478275,267.9513434643262,268.0780029296875,98720400.0
2019-10-14,267.76124398211886,268.4308242275137,267.4355246297877,267.77935791015625,40394800.0
2019-10-15,268.8199151174833,271.1724341538124,268.7022850237621,270.43048095703125,46754500.0
2019-10-16,269.9690115035742,270.68382140216397,269.561862279844,269.99615478515625,48928200.0
2019-10-17,271.154339092206,271.66103213680316,270.1047527533405,270.79241943359375,45736600.0
2019-10-18,270.2585525385415,270.90096193087385,268.75655989311184,269.6070861816406,64304000.0
2019-10-21,270.9190616234861,271.6338438567144,270.4847415374763,271.4347839355469,39048600.0
2019-10-22,271.9686001962502,272.2581468989858,270.4575783893553,270.5480651855469,48594700.0
2019-10-23,270.29482812041203,271.38964424316333,270.08671116620945,271.3353576660156,34352200.0
2019-10-24,272.2671710034365,272.41194433733216,270.95518164873175,271.778564453125,35453100.0
2019-10-25,271.2086047238799,273.4344642972805,271.1543181599138,272.8915710449219,45205400.0
2019-10-28,274.1041510623589,274.92753450216844,274.0770077670997,274.42987060546875,42147000.0
2019-10-29,274.1582941517787,275.27122390029245,274.03160709840614,274.3482971191406,44284900.0
2019-10-30,274.5473822708717,275.56076834015374,273.2444494353092,275.1898193359375,49643900.0
2019-10-31,275.18071493545364,275.18071493545364,273.0091697880757,274.45684814453125,69053800.0
2019-11-01,275.89560817239567,277.04471080872463,275.7327208372592,276.9994812011719,71141500.0
2019-11-04,278.5466859006218,278.6824023272669,277.74138908135876,278.11236572265625,60606900.0
2019-11-05,278.31144163213037,278.61004540055967,277.51520173325594,277.80474853515625,42933200.0
2019-11-06,277.8047289739284,278.13950535949533,276.9270592762012,277.8680725097656,46487100.0
2019-11-07,279.19813566220006,280.17532148829997,278.37475257286513,278.8452453613281,54272300.0
2019-11-08,278.50139799497526,279.5871845138949,277.80470200649904,279.53289794921875,49032100.0
2019-11-11,278.15767588973057,279.17106221852254,278.02193182454414,278.9991455078125,35797300.0
2019-11-12,279.3609854935828,280.482944664036,278.81809222595433,279.5871887207031,46484600.0
2019-11-13,278.6009437781828,280.07579322546786,278.3747405528372,279.67767333984375,53917700.0
2019-11-14,279.3972302414338,280.16632685867756,278.7638500595382,280.0848693847656,51219900.0
2019-11-15,281.41487922509714,282.1568323800713,280.7272402441399,282.1116027832031,62023600.0
2019-11-18,281.87641361689356,282.55502341704454,281.4240070834595,282.31976318359375,49228000.0
2019-11-19,282.9168603339979,282.9259172980814,281.5958413744846,282.2382507324219,67804700.0
2019-11-20,281.6501841603827,282.16593418758833,279.6414982342091,281.188720703125,79406200.0
2019-11-21,281.2973048182035,281.40587795167755,279.94008542437876,280.7362976074219,54664700.0
2019-11-22,281.47819526115194,281.6139116511986,280.35623628650774,281.3605651855469,44850200.0
2019-11-25,282.2834928438309,283.5411682128906,282.2834928438309,283.5411682128906,48647200.0
2019-11-26,283.5774455384936,284.3646284301698,283.2607554660706,284.18365478515625,37569000.0
2019-11-27,284.66322888151734,285.450439453125,284.44608257911733,285.450439453125,44444600.0
2019-11-29,284.88942079536815,285.13373798853377,284.1655814077503,284.39178466796875,36592700.0
2019-12-02,284.64513407824325,284.7084776187902,281.55068891044095,281.9759521484375,75767800.0
2019-12-03,279.27054315997344,280.16632685867756,277.89523726060673,280.0848693847656,73941700.0
2019-12-04,281.1253797697638,282.4101986278276,280.7815464488824,281.8130187988281,49080000.0
2019-12-05,282.50979380878255,282.52788012954665,281.0168301582875,282.31976318359375,40709000.0
2019-12-06,284.21976692547145,285.2964962702909,284.2107099622181,284.89837646484375,48927000.0
2019-12-09,284.50943972031905,285.1789925931911,283.93034606930155,284.00274658203125,34838500.0
2019-12-10,283.94837758133656,284.6088732952171,283.03450775915456,283.68597412109375,52649800.0
2019-12-11,284.1383512229646,284.7445879245337,283.6045150056367,284.4912414550781,53429100.0
2019-12-12,284.5003229017807,287.72145472298655,284.2650903166584,286.9433288574219,96389600.0
2019-12-13,286.7079965787049,288.3366760105679,285.9389002591607,287.11517333984375,81503900.0
2019-12-16,288.83442200600217,289.6758915127746,287.0519391986686,289.0877685546875,82749700.0
2019-12-17,289.46778259690007,289.7663587326568,289.0696626740905,289.1510925292969,61097700.0
2019-12-18,289.540104991012,289.76630819803626,289.11484185729864,289.16912841796875,48133000.0
2019-12-19,289.3592531702932,290.4269537424869,289.1059065763015,290.35455322265625,85310500.0
2019-12-20,291.38189255833026,292.7548861145354,290.40900397558755,291.6274108886719,147142100.0
2019-12-23,292.409389830018,292.4639432977859,291.92748236576335,292.0729675292969,52990000.0
2019-12-24,292.30030617360654,292.3457581508804,291.78202044007725,292.08209228515625,20270000.0
2019-12-26,292.46394678754814,293.6460033496912,292.4548730417836,293.63690185546875,30911200.0
2019-12-27,294.3643024909242,294.418855959817,293.0367885004356,293.56414794921875,42528800.0
2019-12-30,293.6461131601033,293.78249688215175,291.4638626134552,291.9457702636719,49729100.0
2019-12-31,291.4455407994425,292.9003645160912,291.10001704503725,292.65484619140625,57077300.0
2020-01-02,294.18244866671154,295.40995713786896,293.26408574966416,295.3917541503906,59151200.0
2020-01-03,292.01845232203294,294.27343102956564,291.96389884711743,293.155029296875,77709700.0
2020-01-06,291.4092412616516,294.35526771417256,291.291032813915,294.2734375,55653900.0
2020-01-07,293.70958866181826,294.1824223186019,293.0003659250968,293.4459228515625,40496400.0
2020-01-08,293.6368940302927,296.21919321098,293.3914034289501,295.0098876953125,68296000.0
2020-01-09,296.56469419323554,297.08297983800134,295.9827535924202,297.0102233886719,48473300.0
2020-01-10,297.5922581006665,297.7468170445733,295.69190455067536,296.1556091308594,53029300.0
2020-01-13,296.77387604888196,298.20139552344506,296.34652203143133,298.19232177734375,47086800.0
2020-01-14,297.7558156184295,298.8014606220253,297.1829765277459,297.7376403808594,62832800.0
2020-01-15,297.64671572057415,299.16516667291756,297.5648855268959,298.4104919433594,72056600.0
2020-01-16,299.78349174098173,300.8927917480469,299.5561763932098,300.8927917480469,54050300.0
2020-01-17,301.602060838024,302.0384886137536,300.8291829872231,301.8293762207031,95846000.0
2020-01-21,300.8746127318583,302.0384662952364,300.80188402409743,301.2383117675781,77742400.0
2020-01-22,302.09307968566543,302.7386754317191,301.1201908155379,301.2747497558594,48914900.0
2020-01-23,300.62911709140155,302.02938749135257,299.51981701453644,301.6202087402344,51963000.0
2020-01-24,302.27486782213623,302.3566980198879,297.6558042825811,298.9378662109375,87578400.0
2020-01-27,293.7187336425929,295.61908679865473,293.3823113360426,294.1460876464844,84062500.0
2020-01-28,295.56458182841783,298.1014295336754,294.23706762447324,297.2285461425781,63834000.0
2020-01-29,298.58324954537295,298.8105648851513,296.78290206488504,296.9829406738281,53888900.0
2020-01-30,294.9280227504924,298.1559174611264,294.18244947017035,297.94677734375,75491800.0
2020-01-31,297.3284797488705,297.4830663972043,291.6274207229464,292.53668212890625,113845600.0
2020-02-03,294.00974793263214,296.5647708437156,293.8915394832608,294.7098693847656,69083000.0
2020-02-04,298.30146950480867,300.0654392862416,297.9832223847323,299.2016296386719,62573200.0
2020-02-05,302.1202469180403,302.8658478554075,300.6654510138987,302.6567077636719,65951100.0
2020-02-06,303.6114549103678,303.8660469735678,302.6021604019457,303.67510986328125,50359700.0
2020-02-07,302.62043938821614,303.68425987543606,301.5111391738703,302.05670166015625,64139400.0
2020-02-10,301.1746796413046,304.3752699512729,301.13830141378867,304.3116149902344,42070000.0
2020-02-11,305.6573801762899,306.4393318263524,304.31166303033257,304.83905029296875,54864500.0
2020-02-12,306.2665203619199,307.01212140657594,305.90282133354975,306.8030090332031,43992700.0
2020-02-13,305.3845221871912,307.43946184215287,305.1117548650529,306.47564697265625,54501900.0
2020-02-14,306.8848140935639,307.08485270504895,305.69368391786554,306.9666442871094,64582200.0
2020-02-18,305.9755290309572,307.0302754690764,304.7934726915438,306.1755676269531,57226200.0
2020-02-19,307.13944365167055,308.31237098409207,306.8575748122398,307.6395263671875,48814700.0
2020-02-20,307.0939679878166,307.91232553087383,303.4023685434506,306.37567138671875,74163400.0
2020-02-21,305.0298800362003,305.33902553887464,302.4021016407909,303.220458984375,113788200.0
2020-02-24,293.81882355212537,303.29331442700584,292.0912042145217,293.1641540527344,161088400.0
2020-02-25,294.54617947757,295.15536915780245,283.40772583983846,284.2806091308594,218913200.0
2020-02-26,285.67179975370436,289.2451911436134,282.5075871787762,283.2349853515625,194773800.0
2020-02-27,277.7429540817692,283.28945366437136,270.51434326171875,270.51434326171875,284353500.0
2020-02-28,262.50382297406543,270.8599389145115,259.6305531200936,269.3778381347656,384975800.0
2020-03-02,271.1508409072188,281.1072645783154,267.7411105744401,281.0436096191406,238703600.0
2020-03-03,281.4163184175582,285.3625083734705,270.56883984706775,272.9965515136719,300139100.0
2020-03-04,278.343143597917,284.68979925998445,275.8062960824147,284.4715576171875,176613400.0
2020-03-05,277.30664657710474,280.4799610686068,272.7876147640359,275.0152893066406,186366800.0
2020-03-06,266.550048117172,271.669195665043,263.895019628656,270.4689636230469,228667200.0
2020-03-09,250.31965987878343,258.40300728811127,248.6375484367583,249.34677124023438,309417300.0
2020-03-10,258.8121992811534,262.3401104916032,248.6830131414344,262.24920654296875,276444100.0
2020-03-11,255.22967678750464,256.357152002952,246.30072350494223,249.46493530273438,255316300.0
2020-03-12,232.7709352018375,242.46366575529143,225.2058731481479,225.59686279296875,392220700.0
2020-03-13,239.21758503257703,246.84630170947224,225.96965328165044,244.88229370117188,329566100.0
2020-03-16,219.29568561096787,233.5892777421095,215.8223138369543,218.0863800048828,297240000.0
2020-03-17,222.80539028674525,232.92548720763108,215.55859024806506,229.86126708984375,262070500.0
2020-03-18,214.81300234794617,225.83324590166254,207.3297850292438,218.2227325439453,327597100.0
2020-03-19,217.54078281186924,224.9330821910598,211.1486764895506,218.6864471435547,289322000.0
2020-03-20,221.81992633759734,223.5942684841913,208.98797436710205,209.26235961914062,347158800.0
2020-03-23,208.70443213492814,210.0671893215918,199.6223661157914,203.91188049316406,326025200.0
2020-03-24,214.4024524745698,223.25586710368103,213.83539985668068,222.38697814941406,235494500.0
2020-03-25,223.96007962163839,234.45979059408683,219.27729064392412,225.71612548828125,299430300.0
2020-03-26,228.21308823685297,240.35907252290764,227.7832211792417,238.89572143554688,257632800.0
2020-03-27,231.64282838705617,238.53896824316124,229.6123970169316,231.78001403808594,224341200.0
2020-03-30,233.86534941132197,240.02065962306284,231.8806509910672,239.30726623535156,171369500.0
2020-03-31,238.31028086600318,240.84373521827933,234.3408851186473,235.740234375,194881100.0
2020-04-01,226.8045329870279,235.6579474427776,223.07292993104878,225.13079833984375,189554600.0
2020-04-02,224.25277750810542,231.1031837108158,223.70400702849605,230.32577514648438,177660400.0
2020-04-03,229.34714837779504,231.68855710462185,224.2802250645069,226.99661254882812,135561200.0
2020-04-06,235.82256381439876,244.20037788059636,226.9783046122972,242.24310302734375,188061200.0
2020-04-07,250.79471214197147,251.5446975810157,242.27058474607313,242.49008178710938,201427200.0
2020-04-08,245.07843260653047,252.43189116440215,242.59985192520892,250.63011169433594,153774500.0
2020-04-09,253.8768892919125,257.1877938663387,251.94707971118206,254.4439697265625,189999200.0
2020-04-13,253.47455622786137,253.8129568310891,248.23384065027605,252.1209259033203,114839100.0
2020-04-14,256.98662431123626,260.5718728557948,251.98371629741587,259.5566711425781,134143400.0
2020-04-15,253.8678939009894,259.69394571454524,251.9380554074136,254.0416717529297,121775000.0
2020-04-16,255.3128853851821,256.1177451046748,252.21237795625973,255.2671661376953,131798300.0
2020-04-17,261.0109147166747,262.76694697908226,258.2853720013515,262.163330078125,146684800.0
2020-04-20,258.477384853948,262.3004679707895,257.3249976139845,257.54449462890625,100109300.0
2020-04-21,253.09950011214448,254.29763444548425,248.7916760256004,249.72459411621094,126385700.0
2020-04-22,254.58120995562248,257.0049162166208,253.26417185311237,255.2671661376953,92951600.0
2020-04-23,256.53848723165555,259.69389720469235,254.94707763393185,255.24888610839844,104709700.0
2020-04-24,256.7579880798874,259.47437574126815,254.7184016023535,258.80670166015625,85063200.0
2020-04-27,260.7731425647639,263.6541534426872,260.3158383647242,262.538330078125,77896600.0
2020-04-28,266.16921952958876,266.51677504774557,261.029126853578,261.3309631347656,105270000.0
2020-04-29,266.6357062557457,269.6996490647606,265.6113496189512,268.1722412109375,118745600.0
2020-04-30,266.80036532536803,268.27289912485736,263.94679204552654,265.6754150390625,122901700.0
2020-05-01,260.9468619298038,265.8400213562658,257.4804890548701,258.6420593261719,125180000.0
2020-05-04,256.7670815529989,259.6572466389891,255.2945758379468,259.3554382324219,80873200.0
2020-05-05,262.1632326858722,264.5503460059284,259.4834102153152,261.75164794921875,79569900.0
2020-05-06,263.4436975938998,263.82781732551877,259.54745856060816,259.9773254394531,73632600.0
2020-05-07,263.1785007061858,265.03515417332994,262.6114481071013,263.1144714355469,75250400.0
2020-05-08,266.2332909565574,267.9344766802259,265.1083128503956,267.468017578125,76452400.0
2020-05-11,265.54730090616414,268.8947697566106,265.12658901363613,267.5228576660156,79514200.0
2020-05-12,268.70274053027424,269.11429745742555,262.0535213092714,262.19073486328125,95870800.0
2020-05-13,261.6328252672218,262.6663370220257,255.13910132073806,257.5536804199219,144721100.0
2020-05-14,255.12990382142075,260.7638643417035,249.67882023613382,260.6358337402344,121977900.0
2020-05-15,258.2578937473351,261.8797341345246,257.3158484879118,261.8340148925781,111146300.0
2020-05-18,268.0259508942396,271.4100127656581,267.70586031884966,269.8094482421875,119703800.0
2020-05-19,269.2148881042302,270.9160456986361,267.01983434205823,267.0381164550781,95189300.0
2020-05-20,270.559504949631,272.4344412916159,270.3308528146749,271.57470703125,85861700.0
2020-05-21,271.4465815641365,272.2514412639975,268.6112904984,269.6996765136719,78293900.0
2020-05-22,269.4161483468762,270.3856308209663,268.18142167542106,270.21185302734375,63958200.0
2020-05-26,276.1476546483194,276.385461718517,270.2301383166859,273.541015625,88951400.0
2020-05-27,276.3213916753903,277.647584570494,271.5196992030563,277.6109924316406,104817400.0
2020-05-28,278.63544288061865,280.63843750525734,276.4312332919458,277.0989074707031,90405200.0
2020-05-29,276.63243212883435,278.91895299063503,273.89776210984286,278.3336181640625,119090800.0
2020-06-01,277.69324849536,280.06207962712506,277.18107029993075,279.45843505859375,55758300.0
2020-06-02,280.3732027105034,281.8182996586592,279.0470372355985,281.7725524902344,74267200.0
2020-06-03,283.7479969891875,286.47353906948985,283.473625734496,285.5223388671875,92567600.0
2020-06-04,284.54374784901324,286.27237076977303,282.6870942924348,284.77239990234375,75794400.0
2020-06-05,290.1412345834649,293.83623244605394,290.07720529627494,292.071044921875,150524700.0
2020-06-08,292.87580669268345,295.79340876256344,292.3361912634575,295.6013488769531,73641200.0
2020-06-09,292.9489483181037,295.674490365222,292.08921451504034,293.3971252441406,77479200.0
2020-06-10,293.97343534314683,294.8606065808559,291.04667738676187,291.76007080078125,95000800.0
2020-06-11,284.8639052224834,285.49498720882065,274.3916564962647,274.9403991699219,209243600.0
2020-06-12,281.918748600243,282.68701593708937,273.101942381713,278.2328796386719,194678900.0
2020-06-15,272.5714739400508,281.95536122127413,271.4007767828933,280.83038330078125,135782700.0
2020-06-16,288.5406401343892,288.6869808136118,281.3975514551438,286.2358093261719,137627500.0
2020-06-17,287.25102322318884,287.5437045654918,284.3151106090864,285.04681396484375,83398900.0
2020-06-18,283.53767829923845,285.63211084262696,283.08037422942215,285.1565246582031,80828700.0
2020-06-19,288.606925057698,288.7998301267632,281.58855589183077,283.5268859863281,135549600.0
2020-06-22,282.9297852607961,285.74080016258773,281.79068924514235,285.3457946777344,74649400.0
2020-06-23,287.98222696658627,288.910055192761,286.2551925803986,286.6593933105469,68471200.0
2020-06-24,284.6292778033308,285.2447743186567,277.51906654379894,279.3471374511719,132813500.0
2020-06-25,278.77749712311356,282.60820823682303,276.76568904701736,282.341796875,89468000.0
2020-06-26,281.24866508004715,281.4599607492552,275.05708801773886,275.63580322265625,127961000.0
2020-06-29,276.8851316946332,279.82474000470745,274.6069121259045,279.68695068359375,79773300.0
2020-06-30,279.2552617532368,284.9599933798619,279.09910982852165,283.2696838378906,113394800.0
2020-07-01,284.3811913050776,286.5124263442875,283.921874858754,285.2538757324219,72396500.0
2020-07-02,288.6712318949843,290.012456292064,286.1633816866912,286.8247985839844,69344200.0
2020-07-06,290.6278998033505,291.83130671638787,289.8838093619901,291.2525634765625,61713800.0
2020-07-07,289.71847561105767,291.6843356231875,287.87201433816693,288.2486572265625,82910000.0
2020-07-08,289.0111086325023,290.5636006128082,287.25654430949635,290.453369140625,54638600.0
2020-07-09,291.05963368656217,291.29848720257166,285.4008518720043,288.7998046875,83354200.0
2020-07-10,288.7355420447275,292.01506865179886,287.31167207863734,291.7486572265625,57550400.0
2020-07-13,294.081988558485,296.45204937769444,288.57019052506786,289.222412109375,102997500.0
2020-07-14,287.8076578345248,293.7420461714256,286.6134463551581,292.97039794921875,93657000.0
2020-07-15,296.176480597415,296.75522389579646,293.2919594068963,295.66204833984375,87196500.0
2020-07-16,293.769630017324,295.13838410027176,293.1265757580528,294.6882629394531,54622500.0
2020-07-17,295.6895871795454,296.32344617655446,293.7236991518469,295.5426025390625,62774900.0
2020-07-20,295.27622821454463,298.6751818708139,294.5321376523244,297.93109130859375,56308800.0
2020-07-21,299.8876833041444,300.3286090980555,297.5819060471759,298.5648498535156,57292200.0
2020-07-22,298.2066144886055,300.5767031253431,298.09638302353903,300.26434326171875,57792900.0
2020-07-23,299.90617411436045,300.60434429920406,295.3222035367767,296.6817626953125,75738000.0
2020-07-24,294.83533766379713,295.7906960099343,293.2736500051928,294.7710266113281,73766600.0
2020-07-27,295.46000035664264,297.09516632990903,294.669961227378,296.9206237792969,48293000.0
2020-07-28,296.19478131867083,297.30634724530006,294.7433537595441,295.0373229980469,57495000.0
2020-07-29,295.9100858432154,299.2263658690615,295.8733326700447,298.6659851074219,48454200.0
2020-07-30,295.7078993937221,298.0136767448375,293.631808282244,297.60028076171875,61861700.0
2020-07-31,299.38256979191243,300.0531821550801,295.1844091220259,299.9521179199219,84986800.0
2020-08-03,301.605625355919,302.7998371691096,301.06363519242745,302.0373840332031,53077900.0
2020-08-04,301.182975853342,303.2039794921875,301.182975853342,303.2039794921875,41917900.0
2020-08-05,304.49933910281294,305.344493957488,304.232927632883,305.0872497558594,42697700.0
2020-08-06,304.50847479244663,307.2459831711578,304.1869476378153,307.1265563964844,43679400.0
2020-08-07,306.16200149282446,307.63181988230866,305.2617310710826,307.3470458984375,57308300.0
2020-08-10,307.79711328642304,308.4493347450377,305.86797873960825,308.265625,44282100.0
2020-08-11,309.441519138521,310.07537812563476,304.9953389625245,305.7210388183594,69601100.0
2020-08-12,308.1462545152505,310.755168860554,308.11869664674026,309.9835205078125,53774400.0
2020-08-13,309.2210563466594,310.7276279995597,308.5045236917194,309.42315673828125,41816100.0
2020-08-14,309.0373370596852,309.96516537922156,308.31160912555913,309.4323425292969,47260400.0
2020-08-17,310.4428410719962,310.8102886684304,309.4415344570698,310.415283203125,35481000.0
2020-08-18,310.8102697584453,311.50843977331124,309.2210246583516,311.08587646484375,38733900.0
2020-08-19,311.46244829769483,311.97688043726134,309.2301772598134,309.7905578613281,68054200.0
2020-08-20,308.0727368847193,311.2328365188577,307.9441428478694,310.7551574707031,42207800.0
2020-08-21,310.42444831688175,312.077976357265,310.0845305879196,311.8575134277344,55106600.0
2020-08-24,314.28274638944663,315.0911479893347,311.8300117530821,315.0176696777344,48588700.0
2020-08-25,315.5779440608495,316.20260767497933,314.42045769067664,316.11993408203125,38463400.0
2020-08-26,316.70788938447674,319.55562896318577,316.16589933451434,319.28924560546875,50790200.0
2020-08-27,320.1528020072036,321.42968732403983,318.33389853954054,319.9874267578125,58034100.0
2020-08-28,321.0070943234452,322.18294335620885,319.8220499903276,322.0543212890625,48588900.0
2020-08-31,321.8430202781473,322.71570465324675,320.65797606793086,320.88763427734375,66099200.0
2020-09-01,321.71439669884074,324.01097878208003,320.82332172916597,323.9099426269531,54908700.0
2020-09-02,325.811514381806,329.559523949686,324.67239062235956,328.594970703125,69540000.0
2020-09-03,326.9140014237932,327.382513339755,314.7145533123743,317.2867431640625,148011100.0
2020-09-04,317.9664987849258,319.5281583295149,307.62268047691174,314.6961669921875,139156300.0
2020-09-08,309.31290219076556,314.76041705680797,305.79455021998007,306.0976867675781,114465300.0
2020-09-09,310.0845768752643,314.5950685448863,309.2210595597669,312.142333984375,91462300.0
2020-09-10,314.0071344529514,314.6593560242993,305.76699543534016,306.7223815917969,90569500.0
2020-09-11,308.4953737805765,309.5517962366656,304.0675555187705,306.8785705566406,84680200.0
2020-09-14,310.0294266223759,312.6842893155275,307.02550695570335,310.9205017089844,65605700.0
2020-09-15,313.36401735020615,314.1907812662179,310.9296460285526,312.4913330078125,52920900.0
2020-09-16,313.7223455643582,315.1462154132683,310.97561399935194,311.251220703125,82096000.0
2020-09-17,306.41915965970395,310.222312971966,305.89553222666234,308.5136413574219,91523300.0
2020-09-18,309.31525102875935,309.4259237792602,302.4901593299551,304.9619445800781,105877900.0
2020-09-21,300.3965164700501,301.7154136216698,296.73494295950627,301.5678405761719,99450800.0
2020-09-22,303.043459504694,305.19242981762375,300.54397867680115,304.6390380859375,63612100.0
2020-09-23,305.19242034775965,305.4691302783531,297.07610235711314,297.57415771484375,93112200.0
2020-09-24,296.26450432799584,301.4109832200537,294.9548113676943,298.36737060546875,76681300.0
2020-09-25,297.5188098317548,303.97498118619103,296.65186414481286,303.1910400390625,71069400.0
2020-09-28,307.3322255987747,308.9370364423363,306.3453468665424,308.22686767578125,64584600.0
2020-09-29,308.02395029629054,308.7617872255907,305.85651561479375,306.5482482910156,51304000.0
2020-09-30,307.2123525503483,312.00837765160077,307.01867525700635,308.8725280761719,104081100.0
2020-10-01,311.4549036577027,312.4233180156539,308.9831193152461,310.85540771484375,88698700.0
2020-10-02,305.9303234212104,310.82778863279594,305.45993618333404,307.904052734375,89431100.0
2020-10-05,309.95157659995147,313.54858090194296,309.9054723466813,313.3641357421875,45713100.0
2020-10-06,313.50250890517106,315.5869392662672,308.4021338856836,308.9093933105469,90128900.0
2020-10-07,311.8515860716545,315.08890456314975,311.8239178856879,314.2864990234375,56999600.0
2020-10-08,316.2141269777659,317.13643737983216,315.301020539978,317.0718688964844,45242500.0
2020-10-09,318.7135321923036,320.3644754439447,318.09560007830606,319.9033203125,59528600.0
2020-10-12,322.43050741754905,326.51633596319084,321.9416840040375,325.04986572265625,80388500.0
2020-10-13,324.91142804821567,325.08666923359056,321.96925633166603,322.928466796875,73255500.0
2020-10-14,323.5002743187641,324.5885935042505,320.17074829875787,320.89935302734375,57727900.0
2020-10-15,317.0073043045326,320.9824599345007,316.4723766493068,320.50286865234375,60357700.0
2020-10-16,321.849416126788,323.5003595562706,320.13393236342415,320.3091735839844,89501900.0
2020-10-19,321.5634874612231,322.19065172366453,314.54471943593575,315.4393615722656,68425600.0
2020-10-20,316.77671434018436,319.93102821542567,316.0204412221937,316.70294189453125,60051900.0
2020-10-21,316.6567571723614,318.81498786798693,315.7990154182925,316.1033935546875,63575000.0
2020-10-22,316.31550456028447,318.41837073196325,314.184970207926,317.8373107910156,55399300.0
2020-10-23,319.0547837817538,319.1101201460179,316.47232629384683,318.91644287109375,49143900.0
2020-10-26,315.5501015448496,316.33407111328887,309.54585107490163,313.0229797363281,91473000.0
2020-10-27,313.36415234517256,313.69617053832854,311.73164512212657,311.94378662109375,65994100.0
2020-10-28,306.2992612343689,311.9714640421637,300.79306752806804,301.2818908691406,127094300.0
2020-10-29,301.5124340067126,307.49821826025516,299.83382266999,304.34393310546875,90597700.0
2020-10-30,302.77604515722487,304.07650614801975,297.5373290450951,301.1712341308594,120287300.0
2020-11-02,304.5469055175781,306.5390712136703,301.816846466365,304.5469055175781,86068300.0
2020-11-03,307.7657776282638,311.9715110465133,304.62992771419084,309.9239807128906,93294200.0
2020-11-04,314.37865106265446,320.90862324436983,313.20732720493976,316.8504638671875,126959700.0
2020-11-05,322.10759705001647,324.8284233294965,321.75711467946127,323.0299072265625,82039700.0
2020-11-06,322.74397426177785,324.201240016789,320.64110830931844,322.95611572265625,74973000.0
2020-11-09,335.6932553819829,336.071405953707,326.5531576293563,327.0143127441406,172304200.0
2020-11-10,326.02741100790297,327.5861174374779,323.2789447318522,326.5346984863281,85552000.0
2020-11-11,328.7112854292225,329.78116842979665,327.4753933802838,328.9603271484375,58649000.0
2020-11-12,327.9550049012143,329.00645189973596,323.97064675875447,325.7691345214844,67546200.0
2020-11-13,327.6691431786953,331.01713379560016,327.15265170494035,330.279296875,62892200.0
2020-11-16,332.93559901843656,334.59574638349557,331.65357412637275,334.4020690917969,74541100.0
2020-11-17,332.0040500584204,333.80256645757106,330.5006797195766,332.6035461425781,66111000.0
2020-11-18,332.87091639864775,333.41507593890077,328.5637161728006,328.6006164550781,70591300.0
2020-11-19,327.9735621111223,330.35311040072077,326.6362008611728,329.98419189453125,59940900.0
2020-11-20,329.7259436268605,329.92885302572876,327.6507453802579,327.7245178222656,70417300.0
2020-11-23,329.5230167831691,330.94338250005325,327.3002456235461,329.68902587890625,63230600.0
2020-11-24,332.2253630547063,335.5456855418986,331.37685339761396,335.00152587890625,62415900.0
2020-11-25,334.918533340122,334.9462015223956,333.3967270217236,334.48504638671875,45330900.0
2020-11-27,335.57337244610363,335.88695456701845,334.41125247407854,335.4165954589844,28514100.0
2020-11-30,334.6418093714301,334.90928722000234,331.2661786885653,333.931640625,83872700.0
2020-12-01,337.16883973419533,339.1149001291651,336.57854788283134,337.5838623046875,74231400.0
2020-12-02,336.4772371080401,338.45096643579234,335.90540924809943,338.294189453125,45927000.0
2020-12-03,338.1927332221173,339.5854307786495,337.10441382598,338.20196533203125,62882000.0
2020-12-04,338.783041556463,341.1164855957031,338.69080489293344,341.1164855957031,50749900.0
2020-12-07,340.3509283515672,340.9043201472094,339.15193624990565,340.4154968261719,48944300.0
2020-12-08,339.1519192516688,341.9741863066491,339.105814998791,341.4115905761719,42458900.0
2020-12-09,342.0663961179011,342.22317308272335,337.51941379129926,338.3494873046875,74098300.0
2020-12-10,336.9845044596191,339.2810480632366,336.1175305396437,338.2388610839844,57735400.0
2020-12-11,336.5510562374535,338.24810398025454,335.03848183162887,337.84228515625,57698600.0
2020-12-14,340.00048656717314,341.070341758888,336.15444018565523,336.3296813964844,69216200.0
2020-12-15,338.8568165510045,340.8766784667969,337.4918152485287,340.8766784667969,63865300.0
2020-12-16,341.08877636600363,342.32466869787885,340.2125703879291,341.4115905761719,58420500.0
2020-12-17,343.04408843782375,343.52367965151916,342.2232187766809,343.3207702636719,64119500.0
2020-12-18,343.60793195814915,343.7746487031401,339.94926543201143,341.949951171875,136542300.0
2020-12-21,338.05041026334163,350.54540085962697,335.32725759827747,340.72723388671875,96386700.0
2020-12-22,341.0514401770329,341.1625846556748,339.03224010396457,340.1529846191406,47949000.0
2020-12-23,341.116302912313,342.35746343749054,340.13448894065533,340.45867919921875,46201400.0
2020-12-24,340.9310482842166,341.8109892466204,340.3475397301883,341.783203125,26457900.0
2020-12-28,344.32117689672276,345.10848821544147,343.7006106133368,344.719482421875,39000400.0
2020-12-29,346.2384721497358,346.41446036686983,343.47826119327533,344.0617980957031,53680500.0
2020-12-30,344.87680252607737,345.5807552049066,344.16360665234055,344.5526123046875,49455300.0
2020-12-31,344.3581095939101,347.02568999178754,343.8486880077347,346.30322265625,78520700.0
2021-01-04,347.6277697833951,347.7574571892461,337.91150340640877,341.58868408203125,110210800.0
2021-01-05,340.949602377982,345.0250605268472,340.9032733293273,343.94134521484375,66426200.0
2021-01-06,342.44088464548366,349.17468134346575,341.8944053169438,345.9976501464844,107997700.0
2021-01-07,348.3594891696927,351.87919612243684,348.1835009953903,351.1382141113281,68766800.0
2021-01-08,352.5183216455743,353.3519335138123,349.28574719059816,353.138916015625,71677200.0
2021-01-11,349.9804442235394,352.5090660622088,349.8600282756686,350.75848388671875,51034700.0
2021-01-12,350.94378384862574,351.8422112962133,348.60036486061927,350.8326110839844,52547700.0
2021-01-13,350.7584722249537,352.7684008880122,349.98043258764204,351.77734375,45303600.0
2021-01-14,352.51837079015854,353.0185492874925,350.2120377042884,350.54547119140625,49989100.0
2021-01-15,348.93389241985994,349.7304469833883,346.13665171538145,347.9891357421875,107160000.0
2021-01-19,350.43430286360933,351.25867159512734,348.9615818623468,350.721435546875,51233300.0
2021-01-20,353.00000232397593,356.40859366437286,352.6109965934532,355.5749816894531,61836100.0
2021-01-21,356.13063877891994,356.5567302849031,354.9821081917429,355.8990783691406,47840100.0
2021-01-22,354.0559589420297,355.79729820062977,353.67619637889595,354.6394958496094,52860500.0
2021-01-25,355.3711907354322,356.3900340645269,350.5454507834374,356.0380859375,70402000.0
2021-01-26,356.98283743956097,357.3903860722406,355.25076988400014,355.4823303222656,42665300.0
2021-01-27,352.1756209612476,352.268250784751,344.57118450473314,346.7941589355469,123351100.0
2021-01-28,348.60029684934375,353.7594696685846,348.16499040605424,349.7766418457031,94198100.0
2021-01-29,347.9242558248188,348.8875553332174,341.1071006166545,342.77435302734375,126765100.0
2021-02-01,346.1550437581806,349.508034136275,343.061399921302,348.47991943359375,75817600.0
2021-02-02,351.64770841562836,354.9543985638464,348.5633355300297,353.4075622558594,64450700.0
2021-02-03,354.23184292640985,355.39891639815266,352.41641728887157,353.68536376953125,52427100.0
2021-02-04,354.7135813441343,357.7516535703952,353.7966109311243,357.7053527832031,47142600.0
2021-02-05,359.5669757186649,359.8170507574866,357.6589204151108,359.11309814453125,48669800.0
2021-02-08,360.55807565817906,361.7529352971616,359.7059491724851,361.7066345214844,38365200.0
2021-02-09,360.8730120616109,362.0586285633891,360.46549172244113,361.4658203125,35551100.0
2021-02-10,363.1979212677015,363.346123344099,358.918688778351,361.3083801269531,59154400.0
2021-02-11,362.3827831768322,362.7996032364326,359.4743990216484,361.8918762207031,42913300.0
2021-02-12,361.09537339619646,363.92039959528154,361.0212582224557,363.6795959472656,50593300.0
2021-02-16,364.90221935362916,365.09675048774824,362.6514585158837,363.3646545410156,50972400.0
2021-02-17,361.62339184114336,363.69816474823375,360.61376324856224,363.4480895996094,52290600.0
2021-02-18,360.8545263633819,362.6421661884554,359.14097344228867,361.90118408203125,59712800.0
2021-02-19,363.15153409947,363.4386667208575,360.81738728477296,361.2619934082031,83241000.0
2021-02-22,358.5110624838278,360.8822386592953,358.21465839523194,358.4832763671875,67414200.0
2021-02-23,356.2881475310484,360.2617324705037,352.157117326697,358.9186706542969,107284100.0
2021-02-24,357.8348706261392,363.2997181561722,356.853056885485,362.8736267089844,72433900.0
2021-02-25,361.61396075566785,362.9755369415952,352.6942502587408,354.1299133300781,146670500.0
2021-02-26,356.00102164898425,357.1402809088511,350.33242667147107,352.3052978515625,152701600.0
2021-03-01,357.1495498565867,362.0864341700933,352.49982648838284,360.8452453613281,105348800.0
2021-03-02,361.0675824477177,361.29914289591414,357.52933201527884,358.0295104980469,79595300.0
2021-03-03,357.33475007346016,358.298020972788,353.1851775841055,353.2870788574219,119940200.0
2021-03-04,353.1018857931817,355.67683676199033,344.45079112435485,348.915283203125,183433000.0
2021-03-05,352.3979683617633,356.38082529964976,345.15477853579273,355.33416748046875,152039600.0
2021-03-08,356.28809394634715,359.08533337643155,353.28708023548506,353.56494140625,123149200.0
2021-03-09,357.3903303667505,361.15086903670385,356.8901519833952,358.61297607421875,113633600.0
2021-03-10,360.94714665159455,362.53101211553303,359.53926937994413,360.8452453613281,109899400.0
2021-03-11,363.29983372649673,366.46756487354185,362.8459560202513,364.5039367675781,86245000.0
2021-03-12,363.15163038715974,365.1337731463777,362.3458045414346,364.9948425292969,64653600.0
2021-03-15,365.24491005005603,367.4308553577761,363.11456525466946,367.1715087890625,73427200.0
2021-03-16,367.7828178436457,368.48674235114737,365.9395775428918,366.7083740234375,73722500.0
2021-03-17,365.43015115301284,368.75535559488856,364.2908636411773,367.95880126953125,97959300.0
2021-03-18,365.3838583264933,367.458630815987,361.92896639831395,362.6051330566406,115349100.0
2021-03-19,362.30587805219596,363.87635566268045,359.7689461369749,361.9341735839844,113624500.0
2021-03-22,362.4452457226715,366.1995258918092,362.3894914731642,364.8241882324219,73778600.0
2021-03-23,364.1923465537259,365.6327121636265,361.17220132844585,361.9527893066406,90686600.0
2021-03-24,363.34665077996937,364.97288259292316,360.0663100287804,360.1127624511719,97588600.0
2021-03-25,358.6817961242546,362.92856394278317,356.7488870499017,362.1387023925781,116128600.0
2021-03-26,363.28162946554033,368.3740689250356,362.6869079495488,367.9744873046875,114409100.0
2021-03-29,366.506230599657,368.6900335718035,365.02868604213734,367.78863525390625,108107600.0
2021-03-30,366.5247931234567,367.48194559201005,365.2237849563697,366.8128662109375,76262200.0
2021-03-31,367.3797699892554,369.8516462036749,367.3518928588357,368.29974365234375,112734200.0
2021-04-01,370.22334769217844,372.3328211938381,370.0189059510316,372.27703857421875,99682900.0
2021-04-05,374.92543787321307,378.1593264135541,374.85110832067795,377.6203308105469,91684800.0
2021-04-06,377.0628133197033,378.43812282723076,376.72825941298316,377.3973388671875,62021000.0
2021-04-07,377.2301440048359,378.17799491924865,376.77480803015345,377.83416748046875,55836300.0
2021-04-08,379.07932488554803,379.6833482520154,378.1500494419872,379.6275939941406,57863100.0
2021-04-09,379.50681154051,382.5548338572635,379.3860011955182,382.3875427246094,61104600.0
2021-04-12,381.7928419590288,382.79644701337315,381.1888185604451,382.5269775390625,56704900.0
2021-04-13,382.42472067416116,384.2832715540899,382.04371434066746,383.66064453125,56551000.0
2021-04-14,383.6327485367833,384.68283426978144,381.81137670460754,382.3503723144531,61659900.0
2021-04-15,384.4784328546867,386.7272920226282,384.43198042379737,386.4577941894531,60229800.0
2021-04-16,387.7402098886137,388.35353513360724,386.3277213105681,387.74951171875,82037300.0
2021-04-19,386.82020814297175,387.2662422093501,384.52489664561284,385.8444519042969,78498500.0
2021-04-20,384.63633911111634,385.7328771483099,381.55113833869905,383.0194091796875,81851800.0
2021-04-21,382.4061222414996,386.8480574414504,382.26670824654997,386.64361572265625,66793000.0
2021-04-22,386.4763357663494,387.3033760742911,382.0529760615345,383.1123352050781,97582800.0
2021-04-23,383.6699439588904,388.66945033208026,383.59561440222234,387.2662353515625,73209200.0
2021-04-26,387.91680709624745,388.64164092682,387.33135893323873,388.07476806640625,52182400.0
2021-04-27,388.3721257652972,388.5672940504344,386.8574020736745,387.9911193847656,51303100.0
2021-04-28,388.2605228895101,389.37566462785594,387.41487893712383,387.8795166015625,51238900.0
2021-04-29,390.59300004695626,390.9647044942961,386.9874073533742,390.35137939453125,78544300.0
2021-04-30,388.0932978632619,388.9389418978536,386.8945246318917,387.78662109375,85527000.0
2021-05-03,389.76597643845156,390.1469827577325,388.1304710094045,388.62298583984375,68128300.0
2021-05-04,386.6436491697438,387.13616403136706,382.55484279938787,386.2254638671875,101591200.0
2021-05-05,387.8609759000612,388.0932947530025,385.7886815225001,386.34625244140625,60162200.0
2021-05-06,386.4206464342076,389.5616023872247,384.42270963759154,389.4315185546875,74321400.0
2021-05-07,390.1934202611164,392.9161900904021,389.5150390811732,392.26568603515625,67733800.0
2021-05-10,392.6188718952487,392.84188892503846,388.2605678296134,388.3813781738281,81852400.0
2021-05-11,383.8836181645365,385.9001296111552,381.0586134145165,384.91510009765625,116888000.0
2021-05-12,382.1460004528248,383.40980160762746,375.4273279147275,376.73760986328125,134811000.0
2021-05-13,378.2802169243702,383.1867908493856,378.2337361298547,381.26318359375,106394000.0
2021-05-14,383.9858697174596,387.9631671876168,383.95799259058225,387.1175231933594,82201600.0
2021-05-17,386.0117253429356,386.94100075093894,384.12526903982337,386.13250732421875,65129200.0
2021-05-18,386.39271466558824,386.6343353537289,382.6477357955868,382.80572509765625,59810200.0
2021-05-19,378.1407743642917,381.9786581081242,376.66320145918377,381.8020935058594,106467100.0
2021-05-20,382.67556601783144,387.1639817014691,382.55478404780166,385.9094543457031,78022200.0
2021-05-21,387.38700043150294,388.6229524956767,385.1381700248017,385.593505859375,76578700.0
2021-05-24,387.82373290586355,390.59298338499224,387.5821122637456,389.5243225097656,51376700.0
2021-05-25,390.6024305532078,390.9555598458835,388.08410142383946,388.6602478027344,57451400.0
2021-05-26,389.24565209764614,389.93330694206776,388.21416983101375,389.4315185546875,43088600.0
2021-05-27,390.45369225566577,390.9647824277328,389.35712563246545,389.63592529296875,56707700.0
2021-05-28,391.19710514384474,391.4573011473298,390.10056686910303,390.3328857421875,58520200.0
2021-06-01,392.68393734755085,392.8233229944938,389.5522835895408,389.9890441894531,54216600.0
2021-06-02,390.63953491738175,391.43872658911135,389.6359298618181,390.60235595703125,49097100.0
2021-06-03,388.2977618897576,390.2863966542775,386.83879259158886,389.1526794433594,58138800.0
2021-06-04,390.99259643637595,393.0091363874435,389.2176771468902,392.7117614746094,55938800.0
2021-06-07,392.70248451426147,392.8790491074856,391.40150463726826,392.3307800292969,51555000.0
2021-06-08,393.1857454198201,393.27867864219405,390.59308717878474,392.4144592285156,47134300.0
2021-06-09,393.2508310227257,393.3251889499002,391.6060234643003,391.82904052734375,48436300.0
2021-06-10,393.0463062654877,394.5982086261025,391.7360245783089,393.65032958984375,51020100.0
2021-06-11,394.19869662303313,394.41241184797695,392.9162918364142,394.3009033203125,45570800.0
2021-06-14,394.41240125927584,395.285922514848,393.17647729852365,395.1837158203125,42358500.0
2021-06-15,395.3323529313738,395.3695035287047,393.585310642845,394.4588317871094,51508500.0
2021-06-16,394.5982007490782,394.82121776057716,390.2213217430121,392.25640869140625,80386100.0
2021-06-17,391.84757149634856,393.1020706024834,389.66376862836967,392.1263427734375,90949700.0
2021-06-18,388.859381442401,389.54928565333626,386.63116269118876,386.8362731933594,118676300.0
2021-06-21,388.58912956449535,392.5608031135424,387.7780195471861,392.37432861328125,72822000.0
2021-06-22,392.3650926666946,395.30188161565235,391.64719132333624,394.47210693359375,57700300.0
2021-06-23,394.54670594665487,395.34848383758776,393.9127380628448,393.99664306640625,49445400.0
2021-06-24,396.13167526118355,396.74697865349054,395.87993178503757,396.32745361328125,45110300.0
2021-06-25,397.0731713740786,398.1826291109268,396.7468552540623,397.735107421875,58129500.0
2021-06-28,398.2573649721072,398.7048583604857,397.0640018497294,398.53704833984375,53159600.0
2021-06-29,398.91921379244826,399.553181588353,398.2199770743729,398.75140380859375,35970500.0
2021-06-30,398.2945925943664,399.75833510993823,398.2666242607193,399.0870666503906,64827900.0
2021-07-01,399.84219026940974,401.45510651405067,399.77692134836326,401.2966003417969,53441000.0
2021-07-02,402.45262577824144,404.7181455099098,401.38044024125367,404.3638610839844,57697700.0
2021-07-06,404.4199154656729,404.63435832589875,400.90509541286673,403.62744140625,68710400.0
2021-07-07,404.30802236006286,405.333575301401,402.3035493327299,405.0538635253906,63549500.0
2021-07-08,399.75830982322657,402.50865241662655,398.5835829803211,401.75347900390625,97595200.0
2021-07-09,403.25443886623873,406.3404010235605,401.55761775710965,406.04205322265625,76238600.0
2021-07-12,405.95817542684443,407.7482339001441,405.52931821683023,407.4964904785156,52889600.0
2021-07-13,406.71336030742225,408.2050710020873,405.8463136021785,406.10736083984375,52911300.0
2021-07-14,407.7948378993106,408.2796602207777,405.47338115910287,406.7133483886719,64130400.0
2021-07-15,405.3801859332363,406.0514543731517,403.4316495407636,405.3242492675781,55126400.0
2021-07-16,406.4989460325066,406.54555043309637,401.7534629006535,402.14501953125,75874700.0
2021-07-19,397.34360297120685,402.2102917266134,393.40922985130334,396.2061767578125,147987000.0
2021-07-20,396.86813967571476,403.1519668304495,396.0756656416528,401.8840026855469,99608200.0
2021-07-21,403.0772556303181,405.2775348731244,401.83728860872657,405.1376647949219,64724400.0
2021-07-22,405.31487664645783,406.2285561812566,404.33595664289896,405.98614501953125,47878500.0
2021-07-23,407.9067170456665,410.49855331355985,407.2261448569842,410.1629333496094,63766600.0
2021-07-26,409.575639354516,411.1792236197843,409.5290349467427,411.1698913574219,43719200.0
2021-07-27,410.13491566325905,410.16288399022255,406.4802263786354,409.29583740234375,67397100.0
2021-07-28,409.9204951499821,410.49852624000596,407.7109118436593,409.1280212402344,52472400.0
2021-07-29,410.05108065733845,411.8970474559631,410.04174839608766,410.82489013671875,47435300.0
2021-07-30,408.27034735445915,410.274820300012,408.1398095072434,408.8297424316406,68951200.0
2021-08-02,410.53594492199886,411.0860078417673,407.6177918519564,407.9720764160156,58783300.0
2021-08-03,408.7644786802241,411.4122517302362,406.5828634584257,411.2910461425781,58053900.0
2021-08-04,410.013724347072,411.2630237482158,409.03480441731386,409.26788330078125,46732200.0
2021-08-05,410.4239672459952,411.9436461991985,410.10698336189347,411.8597412109375,38969700.0
2021-08-06,412.1767254379363,412.9598671143708,411.8970136914866,412.5403137207031,46930000.0
2021-08-09,412.51236355148603,412.8293474498061,411.44020627292963,412.2047119140625,41222600.0
2021-08-10,412.6521688276481,413.4260066614601,411.97159669055037,412.7174377441406,43339300.0
2021-08-11,413.7803731054395,413.8363097729413,412.66158285136754,413.7430725097656,44034300.0
2021-08-12,413.59383009177725,415.1228412890176,412.69881510793675,414.98297119140625,38909400.0
2021-08-13,415.4305706025511,415.7568868046491,414.9457766564748,415.7382507324219,39470300.0
2021-08-16,414.44228007699377,416.8476419659867,412.8946326638833,416.7171325683594,73740000.0
2021-08-17,414.17188917128794,414.8431575675143,411.0113539592329,413.9854431152344,92673900.0
2021-08-18,412.9785897646633,414.53556963548243,409.21205450053696,409.4544372558594,89351900.0
2021-08-19,406.741308348979,411.28170912890874,406.60146670220803,410.08831787109375,92812200.0
2021-08-20,410.4332861309736,413.67772604605483,409.948463834136,413.3514099121094,72008700.0
2021-08-23,415.02961932645024,417.89183507049324,413.42603534317016,416.98748779296875,54973000.0
2021-08-24,417.6494140625,418.18084077483024,417.1366518711725,417.6494140625,38744700.0
2021-08-25,417.83588293403466,419.03854953793854,417.4629339431671,418.5257873535156,40529700.0
2021-08-26,418.24606403832706,418.4791429251638,415.9619080185347,416.0551452636719,57829600.0
2021-08-27,416.85693316240236,420.14800598686645,416.80099650435585,419.77508544921875,77235100.0
2021-08-30,420.44633655758804,422.40420486497374,420.203925414651,421.6210632324219,48357400.0
2021-08-31,421.5278561630646,421.8634761216063,420.39976225528045,420.9964294433594,59300200.0
2021-09-01,421.9286921618179,422.44145429599706,420.9870444205686,421.2201232910156,48721400.0
2021-09-02,422.6373493891215,423.31792162382027,421.3227808707356,422.5161437988281,42501000.0
2021-09-03,421.3880192926544,422.92633435744506,420.98710195716393,422.4135437011719,47170500.0
2021-09-07,422.0685927572297,422.161830008836,420.23192986344264,420.9031982421875,51671500.0
2021-09-08,420.3718058247561,421.09901087419547,418.47917779201987,420.39044189453125,56181900.0
2021-09-09,420.194679042839,421.9381047734719,418.3486837946311,418.5910949707031,57970400.0
2021-09-10,420.51165319314345,420.93117815889764,415.16947434641764,415.2906799316406,89948200.0
2021-09-13,418.2740200886309,418.53506727838766,414.0506037564788,416.3534240722656,83738600.0
2021-09-14,417.789288718798,417.99439930193716,413.2209476783512,414.1066589355469,78197100.0
2021-09-15,414.5261935331129,418.05967793066094,413.426067858019,417.5655517578125,78792200.0
2021-09-16,417.04340609771833,418.01299380157405,413.9667476565997,416.903564453125,77786700.0
2021-09-17,416.13481245625456,416.5556814670835,412.48710977006306,412.842529296875,118425000.0
2021-09-20,406.74432982392835,408.31563107334745,401.1137908654286,405.95867919921875,166445500.0
2021-09-21,408.2875359159857,409.5782577328852,405.05139775953694,405.5751647949219,92526100.0
2021-09-22,407.8386598671586,411.5611742401926,405.68747544919097,409.53155517578125,102350100.0
2021-09-23,411.39277968477785,416.1067119256756,411.1589540771979,414.50732421875,76396000.0
2021-09-24,412.8798352167117,415.9008718160406,412.6647054196657,415.1900329589844,62094800.0
2021-09-27,414.16127425016805,415.32104015057223,413.31014559826434,414.0022888183594,61371100.0
2021-09-28,411.24311932770905,411.57048088015347,404.9298280542011,405.65936279296875,130436300.0
2021-09-29,407.0342471994263,408.7645623202573,405.78094542874345,406.3421325683594,82329200.0
2021-09-30,407.81052769400486,408.5120044691004,401.0389476922281,401.37567138671875,140506000.0
2021-10-01,403.09668518630104,407.8199514345855,399.5893007811886,406.145751953125,129240100.0
2021-10-04,404.9859554641585,405.88383781213133,398.7755335780304,400.9080505371094,128570000.0
2021-10-05,402.4044577996425,407.31479494030964,401.6094736685398,405.0794372558594,90682500.0
2021-10-06,401.4972133847707,406.968737621166,399.8791586518761,406.7629699707031,113032200.0
2021-10-07,410.0272027671516,413.1043268864109,409.8494930407309,410.27972412109375,72437500.0
2021-10-08,411.0467692620776,411.43024672745184,408.90491846012617,409.53155517578125,74557400.0
2021-10-11,408.8768487322521,411.77629222213716,406.5011723645591,406.566650390625,65233300.0
2021-10-12,407.48315215850795,407.885325283883,404.78011489995464,405.5657653808594,71181200.0
2021-10-13,406.58527857778154,407.8385803077712,403.6203860978582,407.0248718261719,72974000.0
2021-10-14,410.67253036010317,414.02092865194055,410.2048791998145,413.87127685546875,70236800.0
2021-10-15,415.9756898880979,417.38800546762263,415.3583869568452,417.0232238769531,66260200.0
2021-10-18,415.24622902810097,418.59459923333367,414.5915058971594,418.2579040527344,62213200.0
2021-10-19,419.87598933410356,421.5501601721971,419.26801990573733,421.4847106933594,46996800.0
2021-10-20,421.94304215430157,423.4395319365722,421.8308104156858,423.1402282714844,49571600.0
2021-10-21,422.54160853266404,424.46832943743675,422.1113773662151,424.2438659667969,41305400.0
2021-10-22,423.81362241263184,425.25399624119467,421.86817724672443,423.80426025390625,58845100.0
2021-10-25,424.8891416475836,426.4043268564078,423.12143508500935,426.07696533203125,45214500.0
2021-10-26,427.6203353375782,428.826855070524,426.0864254618151,426.4605407714844,56075100.0
2021-10-27,426.918846485335,427.58290328215884,424.4963878416024,424.57122802734375,72438000.0
2021-10-28,425.9928363723962,428.742627797446,425.98350275745725,428.6678161621094,51437900.0
2021-10-29,426.3763620737021,429.8276307113878,426.0864205712987,429.5376892089844,70162400.0
2021-11-01,430.5197095224262,430.8938533397437,428.5555971973382,430.27655029296875,48433600.0
2021-11-02,430.4448731294371,432.32484009362486,430.31391709227427,432.01617431640625,48908400.0
2021-11-03,431.45500068055804,435.05592075419565,431.0154073955712,434.65374755859375,52509800.0
2021-11-04,435.25235142235067,436.7862612009498,434.906294069248,436.70208740234375,52847100.0
2021-11-05,438.91873147438207,440.20009126070624,436.71143139873345,438.2172546386719,66390600.0
2021-11-08,439.3116013484249,439.8073105381087,437.908647580282,438.5914001464844,50405200.0
2021-11-09,438.9561209854995,439.189946581114,435.73867850639124,437.1416320800781,51149100.0
2021-11-10,435.45809321974474,437.14165472126496,432.1471431654352,433.6249084472656,69429700.0
2021-11-11,435.1120049244367,435.18684509775545,433.74647146457994,433.7651672363281,34848500.0
2021-11-12,435.0278324259744,437.59055177805936,434.0831679013753,437.0387268066406,53466700.0
2021-11-15,438.32015203819657,438.4791374698599,436.06606971793025,437.18841552734375,46980500.0
2021-11-16,436.9264721500284,440.0503784670045,436.85166052357863,438.9186706542969,48857500.0
2021-11-17,438.6568243884033,438.8345341273656,437.2351750198691,437.85247802734375,47858300.0
2021-11-18,438.88128203134477,439.601483135465,436.1689108233059,439.339599609375,50625600.0
2021-11-19,439.2273148387784,440.4712829256674,438.1891429500095,438.5539245605469,57315600.0
2021-11-22,440.4245466558774,442.90309222744014,437.11356827439874,437.3193359375,72762000.0
2021-11-23,436.9919560370604,438.75032898546374,434.40117885688176,437.8992004394531,73206500.0
2021-11-24,435.90706300520714,439.18998377950254,435.09335443045563,439.0683898925781,61858800.0
2021-11-26,432.42769071205043,433.88676011362156,428.15335206646023,429.2757263183594,112669600.0
2021-11-29,434.0457642896097,436.3746579851634,431.85716023659006,434.5414733886719,86268800.0
2021-11-30,432.10971456592034,434.0083773215289,425.8431769850362,426.08636474609375,148559600.0
2021-12-01,431.77301163649753,434.6069767536424,421.1573237370427,421.3537292480469,131939200.0
2021-12-02,421.5689512061459,429.3693714655688,421.17611155512066,427.8074035644531,127637800.0
2021-12-03,429.46295143896975,430.51981950908015,419.87609880591503,424.0849609375,137331600.0
2021-12-06,426.61954425695245,430.9780574380259,424.21580992319184,429.1074523925781,98977500.0
2021-12-07,434.36381305031244,438.5446161321875,428.976461819127,437.9834289550781,95484700.0
2021-12-08,438.376262173592,439.592143920361,436.6272226459906,439.1431884765625,72238800.0
2021-12-09,437.86187787932255,439.2461359124412,435.98193918547975,436.1783447265625,61272600.0
2021-12-10,438.8720447732283,440.4339841150365,436.3280205855886,440.2843322753906,77159800.0
2021-12-13,439.76988472108684,440.11594207915067,436.1034863624048,436.38409423828125,87724700.0
2021-12-14,433.129161990558,435.60770751030805,430.4729067407916,433.3816833496094,97264100.0
2021-12-15,433.43782580010543,440.39644899556384,430.9311938196878,440.1532897949219,116899300.0
2021-12-16,441.9958662441794,442.2764455495963,434.72854825907325,436.2718200683594,116568600.0
2021-12-17,433.2054531879676,436.19955239682724,429.9297889238789,431.6286315917969,135511600.0
2021-12-20,426.5697072198734,427.4331925902882,423.4348251006853,427.03900146484375,107134800.0
2021-12-21,430.4460118667737,434.76352423036354,428.2872700067012,434.62274169921875,69806300.0
2021-12-22,434.36939723729256,439.08110138333143,434.1722730211581,438.9684753417969,58890200.0
2021-12-23,439.96328236392037,443.19202853023717,439.8600513958449,441.6996765136719,56439700.0
2021-12-27,443.07001273264143,447.9976015537163,443.0230947726751,447.95068359375,56808600.0
2021-12-28,448.3824616482978,449.4055195900255,446.8244014321464,447.58465576171875,47274600.0
2021-12-29,447.6879018485856,449.1708589058926,446.6930004438283,448.1571960449219,54503000.0
2021-12-30,448.5795345178264,449.5838309519996,446.45834427104364,446.9182434082031,55329000.0
2021-12-31,446.4301930229222,447.5752433544864,445.5197611440757,445.79193115234375,65237400.0
2022-01-03,447.04963382232506,448.50446299701963,444.7501094779795,448.373046875,72668200.0
2022-01-04,449.7902944480765,450.503630734945,446.3738192251194,448.22283935546875,71178700.0
2022-01-05,447.85680153227196,448.6264508210621,439.52213275474475,439.6159973144531,104538900.0
2022-01-06,439.15605445865026,441.90611105914354,436.84710682230235,439.2029724121094,86858900.0
2022-01-07,439.21240288799294,440.38563825349837,436.11504433699366,437.46661376953125,85111600.0
2022-01-10,434.28484075797536,437.1381287170904,428.5594460975087,436.9222717285156,119362000.0
2022-01-11,436.65941642560045,440.99568950369195,433.6746840587262,440.9018249511719,74303100.0
2022-01-12,442.628843747025,444.1399857731622,440.1415905324824,442.0938415527344,67605400.0
2022-01-13,443.19200052308105,443.83962872526985,434.97935310461276,436.0024108886719,91173100.0
2022-01-14,432.86757035006775,436.52805924491486,431.6567833390416,436.1807861328125,95890900.0
2022-01-18,431.5065888243464,431.71307940228024,427.3486494050049,428.4561767578125,109709100.0
2022-01-19,429.9954611015999,431.38455344940263,423.7350645572912,424.00726318359375,109357600.0
2022-01-20,425.8844802762519,430.5680271579056,417.2025377031272,419.3143615722656,122379700.0
2022-01-21,418.19743405643766,420.5439049938418,411.05479027183264,411.08294677734375,202271200.0
2022-01-24,405.4983319626778,413.3355505734703,394.92045135440037,412.8287048339844,251783900.0
2022-01-25,406.46503923320813,412.71604063041366,400.91797904771346,407.7884521484375,167997300.0
2022-01-26,413.6546462199283,416.7707663219055,402.52297383173703,406.7654113769531,186391100.0
2022-01-27,411.3457135541372,414.47119995985975,403.0767530024136,404.7568054199219,149878300.0
2022-01-28,406.10838063603705,414.856030506667,401.54685522592445,414.8091125488281,164457400.0
2022-01-31,414.142700120237,422.627546532085,412.8005257004034,422.2802734375,152251400.0
2022-02-01,423.0030527931463,425.7719002894428,419.4927410147947,425.1336669921875,123155400.0
2022-02-02,427.52703339584536,429.98613051980317,425.2274802659756,429.263427734375,117361000.0
2022-02-03,423.25641842670075,425.1523565396717,418.338196105121,419.1735534667969,118024400.0
2022-02-04,418.9389343536051,424.9740508376599,416.57367327477516,421.1446228027344,118454400.0
2022-02-07,421.904914890702,423.2940075029743,418.4696776323214,419.7930908203125,84472900.0
2022-02-08,419.29553033132913,424.1668055368736,417.878252938021,423.2469787597656,81012000.0
2022-02-09,427.2642403570165,429.7608891004601,427.06714480037397,429.4417724609375,92589900.0
2022-02-10,423.6225314818853,429.6013356626919,419.73678997428686,421.7265930175781,140103700.0
2022-02-11,421.81105342594435,423.87593090171083,411.9840308668378,413.4106750488281,153214600.0
2022-02-14,412.9038345326054,414.4806562198295,408.6050834849175,412.05908203125,123006300.0
2022-02-15,416.4798044209463,418.8731931731084,415.96356366027453,418.7042541503906,88482700.0
2022-02-16,416.667510025212,420.54388440699483,414.79972841637374,419.1735534667969,84863600.0
2022-02-17,416.0011909472556,419.14546811188006,409.6188006839309,410.219482421875,102259100.0
2022-02-18,410.4728026773066,411.7211411385126,405.30120069692,407.5632019042969,132642900.0
2022-02-22,405.36698523466555,408.75527583891903,399.70726930226397,403.189453125,124391800.0
2022-02-23,406.0895951215039,406.65275379941437,395.4741643201364,396.0373229980469,132578000.0
2022-02-24,385.778687226872,402.4292689503762,385.4220476090477,401.99749755859375,213942900.0
2022-02-25,403.22697217896933,410.95156547095496,401.5844423836347,410.8670959472656,121804500.0
2022-02-28,405.4983445727152,411.2894475933548,404.2500346060891,409.81585693359375,145615000.0
2022-03-01,408.3234425116689,410.32264007794714,400.8804158798424,403.5741882324219,137785900.0
2022-03-02,405.8174178662053,412.7160475859228,405.06655868510256,410.9984436035156,117726500.0
2022-03-03,413.4199905086059,414.0206721272684,407.15959393144027,408.9523010253906,105501700.0
2022-03-04,405.2355105238223,406.7560190318932,401.6031782782215,405.6297302246094,113978200.0
2022-03-07,405.04783717447077,405.75177851724425,393.6064415917838,393.6721496582031,137896600.0
2022-03-08,393.85047743128945,400.974360268534,389.6268294424803,390.68743896484375,164772700.0
2022-03-09,399.03152381738494,403.1331509298736,396.85399164926844,401.162109375,116990800.0
2022-03-10,396.57234376713836,400.2422276939095,394.620092580412,399.3505859375,93972700.0
2022-03-11,401.82845214023683,402.4385288577548,393.76598140373204,394.2728271484375,95636300.0
2022-03-14,395.04241839203115,398.47762614689606,390.25561263559194,391.39129638671875,95729200.0
2022-03-15,393.99124132149103,400.62706816648796,392.72416989957503,399.99822998046875,106219100.0
2022-03-16,403.48976588827804,408.92417189713063,398.7123259052682,408.86785888671875,144954800.0
2022-03-17,406.96256340055044,413.98321533203125,406.5871337484996,413.98321533203125,102676900.0
2022-03-18,412.3788286596397,418.83753350872564,411.6444565524196,418.5174255371094,106345500.0
2022-03-21,418.3479881152232,420.34397249520026,414.9020791690174,418.39508056640625,88349800.0
2022-03-22,419.77907234818315,424.2229735705517,419.77907234818315,423.2908935546875,74650400.0
2022-03-23,420.7676007482886,422.2551645839134,417.7547761355378,417.8395080566406,79426100.0
2022-03-24,419.8543815321978,424.1476383476217,418.7434134818091,424.1382141113281,64736900.0
2022-03-25,424.7691246745869,426.4826695627298,422.1988073423726,426.2096252441406,77101300.0
2022-03-28,425.61638352750333,429.2411804199219,423.73337514000565,429.2411804199219,68529800.0
2022-03-29,433.1107996129039,435.04090067569854,430.43693083724736,434.5513000488281,86581500.0
2022-03-30,433.41203287887015,434.221741418466,429.7684162817575,431.86798095703125,79666900.0
2022-03-31,431.105441011295,431.92454519936246,424.7691063862662,425.2210388183594,121699900.0
2022-04-01,426.7932886594718,426.9345085502842,422.86723203273846,426.4261169433594,89048800.0
2022-04-04,426.6238275552801,430.1827124889648,425.8047234508301,430.0791320800781,59601000.0
2022-04-05,428.59154184820875,431.0488540116193,423.5074249292268,424.6466369628906,74214500.0
2022-04-06,420.7488018120138,422.6694495834861,417.5288449887846,420.4004211425781,106898000.0
2022-04-07,419.5249134891706,424.32659134764117,417.58541685625784,422.5188903808594,78097200.0
2022-04-08,421.76560347137945,424.27000788847994,419.8543512494377,421.3890075683594,79272700.0
2022-04-11,418.13139944100146,418.9693519364392,413.68752738112,414.1865234375,89770500.0
2022-04-12,417.1616704401845,419.6754993093874,411.1078052988178,412.6518859863281,84363600.0
2022-04-13,412.4070937143792,418.1314267488248,412.22820561338756,417.37823486328125,74070400.0
2022-04-14,417.6041972684777,418.7151941165963,412.0775719357156,412.18115234375,97869500.0
2022-04-18,411.25843764326237,414.0264622248378,410.1286211368297,412.3505859375,66002500.0
2022-04-19,412.2470573939194,419.72260380527314,412.0775935163657,419.007080078125,77821000.0
2022-04-20,420.77712586227426,421.38909792746114,417.53834868343984,418.6963806152344,65224400.0
2022-04-21,422.30230774795746,423.68632009037725,411.53149725254485,412.4353332519531,85417300.0
2022-04-22,411.3527094854143,412.45425359314913,400.5536523789395,401.1185607910156,132471800.0
2022-04-25,398.88709289400344,403.6134335850115,394.33961156529534,403.4439697265625,119647700.0
2022-04-26,400.9207048061077,401.11844136754604,391.73164371973945,391.7598876953125,103996300.0
2022-04-27,392.83317570300943,398.1809410211438,390.7336398727966,392.8614196777344,122030000.0
2022-04-28,397.5877891116116,404.5078502485607,393.1721324210072,402.7848815917969,105449100.0
2022-04-29,398.8117805304688,400.95840906428657,387.15595335566474,387.8997497558594,145491100.0
2022-05-02,387.96556053306665,391.59035668288914,381.3279400875008,390.2345886230469,158312500.0
2022-05-03,390.7336728773015,394.4243533044233,389.18016793893156,392.0235290527344,100028200.0
2022-05-04,392.6825909354839,404.52673082205837,389.5097261213919,403.9618225097656,144247900.0
2022-05-05,399.7156285575717,400.13931697439904,385.4895127503543,389.6038818359375,172929100.0
2022-05-06,387.052429506514,390.53597823132685,381.9965559339357,387.27838134765625,151770800.0
2022-05-09,381.40334006214687,382.63670821024124,373.3063985587751,374.87872314453125,155586100.0
2022-05-10,380.8290513721074,382.32603970720356,371.72472120975783,375.74493408203125,132497200.0
2022-05-11,374.7845967667288,380.4053781846459,369.03199096468177,369.7757873535156,142361000.0
2022-05-12,366.5935320489902,372.647397923669,362.62038267397736,369.3898010253906,125090800.0
2022-05-13,373.5040939505738,379.59562679786654,372.46843366501673,378.2210388183594,104174400.0
2022-05-16,376.58291071803427,380.3395037850034,374.34212582460293,376.68646240234375,78622400.0
2022-05-17,382.74969701428194,384.67037360597254,379.03074397272616,384.43499755859375,83029700.0
2022-05-18,379.8969587790726,380.17939855656863,367.7044674442447,368.9378356933594,117674500.0
2022-05-19,365.88736256542336,371.0844842086102,364.4656820097794,366.67822265625,98510700.0
2022-05-20,370.24655877361363,373.8054438090952,358.2800473984459,366.83831787109375,131432200.0
2022-05-23,369.851096171746,374.46448991142154,367.5444280343373,373.7018737792969,76414900.0
2022-05-24,369.59687394240024,372.03536628996494,364.3244448543885,370.8490905761719,91448800.0
2022-05-25,369.36150985252755,376.08386362206704,368.966094179277,374.1255187988281,91472900.0
2022-05-26,375.3494410853935,383.22982557208195,375.142309040224,381.60101318359375,82168300.0
2022-05-27,384.0489933488559,391.08203108602834,383.85128550592344,390.96905517578125,84768700.0
2022-05-31,389.359088170834,392.0988691063854,386.04500340916127,388.7753601074219,95937000.0
2022-06-01,390.8842854474684,391.89167303805095,383.1262718156382,385.63067626953125,86585800.0
2022-06-02,385.4706670691487,393.02152050473194,383.22988244769175,392.9744567871094,79609600.0
2022-06-03,388.27626921202693,389.82034966443405,385.55533741518093,386.52508544921875,71874300.0
2022-06-06,390.51708401926703,392.2400239442846,386.53451118400045,387.7019958496094,57508900.0
2022-06-07,384.22785213796186,391.8728612940174,383.7664955630781,391.4209289550781,59272400.0
2022-06-08,389.7168124827089,391.4962691477678,386.37448418684187,387.16534423828125,64350000.0
2022-06-09,385.3953672474794,387.65497182412037,377.9574890136719,377.9574890136719,86289800.0
2022-06-10,371.78111707490035,372.62846495794867,366.95119678937533,366.9982604980469,132893900.0
2022-06-13,357.63038818463684,359.47572843382756,351.4635182270805,353.0640869140625,170004900.0
2022-06-14,354.80584530354247,355.8320813809722,348.9120201197082,352.0001525878906,104011800.0
2022-06-15,355.28600909693944,361.4434545749502,350.3525363114145,357.0184020996094,125666800.0
2022-06-16,348.83676669769454,349.2416066501107,342.7828722240161,345.2025451660156,134473300.0
2022-06-17,345.61575893672597,349.2751150795737,342.45755440518343,345.9466857910156,111113900.0
2022-06-21,351.64851628810544,356.03595201089433,351.5728544262298,354.6554260253906,76811900.0
2022-06-22,350.4475684991193,358.10670044343743,350.0315148923091,354.01239013671875,90059400.0
2022-06-23,356.1399405915164,358.2107149131913,352.594048691356,357.4826354980469,79292100.0
2022-06-24,360.6408676942553,368.85788413601364,360.6125017111181,368.8484191894531,98050300.0
2022-06-27,369.76558055330014,370.058705296432,366.35208260935923,367.4394836425781,66009600.0
2022-06-28,368.99032196028793,371.76083911770786,359.8182682316561,359.9317321777344,86548900.0
2022-06-29,360.48015261997824,361.4635259830783,357.82309960843037,359.6385803222656,65676000.0
2022-06-30,355.7616996920369,359.9411371004125,352.2820045953657,356.71673583984375,112508300.0
2022-07-01,356.06435688635764,360.9246076353703,353.45457064095484,360.4896240234375,74839700.0
2022-07-05,355.4213793094931,361.1893705698523,352.6035661740261,361.1704406738281,81438000.0
2022-07-06,361.31220220280136,364.8675591963436,358.93883808157653,362.3901672363281,70426200.0
2022-07-07,364.15839292566767,368.61202540572873,362.4090803527021,367.8177490234375,64525900.0
2022-07-08,366.1914052999561,369.37800498002616,364.66904928186506,367.5152282714844,72397800.0
2022-07-11,364.84865422697527,365.81312646509326,362.62655612996804,363.31683349609375,58366900.0
2022-07-12,362.7683853874002,365.1417783353174,358.3620201292297,360.10186767578125,62219200.0
2022-07-13,354.68373156308917,361.13253350305484,354.26767796331455,358.210693359375,84224600.0
2022-07-14,353.27487695591316,358.4187870987838,350.84478066367626,357.3408508300781,89704800.0
2022-07-15,361.72831741140106,364.2813716626228,359.82773857300543,364.16790771484375,79060400.0
2022-07-18,367.2409659059459,367.91231341217645,359.94115471730987,361.16094970703125,63203600.0
2022-07-19,365.0661316858812,371.48656848607965,364.413714078224,370.9192199707031,78506000.0
2022-07-20,371.10833981504896,374.6920628374867,369.74671494258035,373.28314208984375,71843800.0
2022-07-21,372.70635127041953,377.13161760377886,370.31405726547354,377.0843505859375,64903900.0
2022-07-22,377.2073085647602,378.3987087577949,371.3731210571291,373.58575439453125,72197300.0
2022-07-25,374.20983824071493,374.8906507241828,371.8080790828495,374.0396423339844,53631500.0
2022-07-26,372.40379790822186,372.6118247488071,368.7255405509069,369.6143798828125,52946400.0
2022-07-27,372.8955360021085,380.9518230694224,372.60241116676775,379.21197509765625,82342100.0
2022-07-28,380.01559818530455,384.65832707525976,376.47914250968347,383.96807861328125,73966600.0
2022-07-29,385.3958846128279,390.54925902982006,384.62997427396704,389.56585693359375,87003700.0
2022-08-01,386.880471670519,390.90861443486426,386.17129323209457,388.41229248046875,69997500.0
2022-08-02,386.85212626915603,390.5209475361801,384.6773238182315,385.8498229980469,63435400.0
2022-08-03,387.96791512064965,393.0550936237523,387.68425525698314,391.8920593261719,67820600.0
2022-08-04,391.81629417270625,392.49710652258676,389.99134886557505,391.627197265625,45656600.0
2022-08-05,387.36267776862576,391.608282965117,387.3059458085889,390.9653015136719,56814900.0
2022-08-08,392.64844425670384,394.8894434033857,389.4145780273554,390.5114440917969,53886100.0
2022-08-09,389.7833662144508,390.28451780261275,387.8922237902104,388.9607238769531,44931800.0
2022-08-10,395.9863295063462,397.2723214201462,394.03845502715103,397.1304626464844,68665700.0
2022-08-11,399.9671764150068,401.8205168538203,396.3929182209303,397.1304626464844,59489700.0
2022-08-12,399.0594018073081,403.9574535679473,398.1138306323642,403.85345458984375,61694500.0
2022-08-15,401.6502867542093,406.03775117563913,401.593554788117,405.5176696777344,54048300.0
2022-08-16,404.4492350458775,408.23152036285336,403.64549364471077,406.31201171875,59289000.0
2022-08-17,402.7282345419043,406.1228316979683,401.43280661081104,403.4279479980469,63563400.0
2022-08-18,403.62652829890396,405.28127797974213,402.3405652552225,404.6004943847656,49023200.0
2022-08-19,401.8488709739081,402.1136297635589,398.29351392155985,399.1634521484375,68016900.0
2022-08-22,394.3505254404988,394.52075021683424,389.9536243733682,390.8519287109375,77695600.0
2022-08-23,390.42639423875585,392.80925244544267,389.35789402468396,389.9063415527344,49105200.0
2022-08-24,389.67933184867115,392.51604543751745,388.9985482896292,391.1544494628906,49177800.0
2022-08-25,392.6389975097295,396.7238722445992,391.551596341063,396.6766052246094,50942300.0
2022-08-26,396.56310898909396,397.1020626279462,383.1927187216093,383.24945068359375,103087000.0
2022-08-29,380.3087738309777,383.7506382256978,379.36320256720757,380.7153625488281,65370800.0
2022-08-30,381.8689239380466,382.10531673126604,374.44618445964664,376.535888671875,85652400.0
2022-08-31,378.1622699284396,379.40096584880325,373.53844192677496,373.6708068847656,76029700.0
2022-09-01,371.50554853268886,375.1838061478932,368.8106643632465,374.8434143066406,78740100.0
2022-09-02,378.493270301563,379.70360038409405,369.08482453543763,370.890869140625,99632100.0
2022-09-06,371.73239306497686,372.66849927504563,367.2787610013706,369.49139404296875,76637400.0
2022-09-07,369.1793490313916,376.8952133261025,368.9618861280906,376.1293029785156,70964200.0
2022-09-08,373.8694381880067,379.04168533112323,372.6685442072661,378.58782958984375,80821700.0
2022-09-09,380.8193790648535,385.3297726688279,380.55462025307344,384.46929931640625,76706900.0
2022-09-12,386.53060660794216,389.32005328167793,386.2280168884876,388.6014099121094,69256300.0
2022-09-13,379.9588585471244,381.1597524265052,370.58827344881297,371.70404052734375,122947100.0
2022-09-14,372.99947713125925,374.63532571628434,369.8318077999259,373.1224060058594,85023700.0
2022-09-15,371.57167994308946,374.40839376655435,367.6191989412992,368.8862609863281,87633800.0
2022-09-16,364.7238414484203,366.72717860017747,362.79641901083147,366.0720520019531,103084800.0
2022-09-19,362.9388650171461,368.9109191894531,362.86289235187127,368.9109191894531,73278500.0
2022-09-20,365.5973340819425,366.6037545982577,361.9324497442443,364.6763610839844,77274900.0
2022-09-21,366.59425728558,369.63252654265,358.3055291317483,358.3150329589844,106746600.0
2022-09-22,357.5459378785754,359.1790024904426,354.5646626886457,355.30523681640625,89472600.0
2022-09-23,351.849185813524,351.8871721443201,344.9276764863623,349.3521423339844,122346900.0
2022-09-26,347.8900111292315,351.49793062480813,344.6808467381226,345.8961486816406,92581200.0
2022-09-27,349.41858073488055,351.6782893189801,342.62998013123286,345.01312255859375,108294100.0
2022-09-28,345.9625820630532,353.4822530130937,344.2725525183402,351.8017272949219,110802200.0
2022-09-29,348.2697422736175,348.55456731120603,341.51912810704937,344.45294189453125,112952300.0
2022-09-30,343.51297496490554,347.4152519853497,338.9935866635343,339.1264953613281,153711200.0
2022-10-03,342.8294068400838,349.9218411560904,341.05392954790506,348.07989501953125,89756500.0
2022-10-04,353.57721811383504,358.8941746443229,348.04190536505,358.8656921386719,103602800.0
2022-10-05,354.5171835950493,360.2803561426698,352.2005099841954,358.0301513671875,88065700.0
2022-10-06,356.63448871251217,359.5778067097025,353.843087080186,354.3368225097656,82333500.0
2022-10-07,350.32056946949496,354.42222386124985,342.69644356252195,344.45294189453125,107789500.0
2022-10-10,345.5638554657178,345.8012193680551,339.59180054497295,341.822998046875,76042800.0
2022-10-11,340.1329308775536,344.68083086003986,337.7308096086358,339.658203125,92482800.0
2022-10-12,340.066449523059,341.63304512033494,338.29094360606194,338.5378112792969,76991800.0
2022-10-13,331.5593747401117,348.9344292266556,330.5149678078465,347.4722595214844,147254500.0
2022-10-14,349.92174681226567,351.54533627252465,338.91756312367295,339.5537109375,123737000.0
2022-10-17,345.6113290586685,349.380668806043,339.22148268311986,348.279296875,93168200.0
2022-10-18,356.1692206517508,356.4730533438476,348.94384975105197,352.37139892578125,97162900.0
2022-10-19,350.33958306364724,353.0550409179747,347.07345375673924,349.8743591308594,79746900.0
2022-10-20,349.42815136875413,353.8336393624102,346.18100039281916,346.9405822753906,88283100.0
2022-10-21,346.66515472372885,355.8558761401148,345.1650279247019,355.3716735839844,131038400.0
2022-10-24,356.8908256086108,360.85003863790973,354.2513116223034,359.7201843261719,85436900.0
2022-10-25,359.64424976923016,365.77772406360737,359.53031974752065,365.46441650390625,78846300.0
2022-10-26,362.3312221104294,367.9899690715865,362.0748795431326,362.71099853515625,104087300.0
2022-10-27,363.70792288491305,365.54036503352893,360.15693963581714,360.77410888671875,81971800.0
2022-10-28,360.6695760802857,369.83181382625105,360.48917725732764,369.3570861816406,100302000.0
2022-10-31,366.90759418543263,368.7685188952542,365.78724362365824,366.689208984375,96631300.0
2022-11-01,370.42058959281826,370.65795347224923,363.9168135013934,365.0846252441406,85407600.0
2022-11-02,364.49600742245565,368.98694294470477,355.8179981060472,355.92242431640625,126990400.0
2022-11-03,352.6942182018951,355.2862420190042,350.1496845424735,352.2574768066406,87100100.0
2022-11-04,357.9446853802761,359.72016234018145,351.2984975880694,357.3275451660156,103505200.0
2022-11-07,358.61880558333354,361.33426320464076,356.5489996813044,360.74560546875,68286900.0
2022-11-08,361.8469872621732,365.6543132529755,358.628348045763,362.6920166015625,84641100.0
2022-11-09,360.7266178571878,361.87547986372505,354.7260521981255,355.21978759765625,78495500.0
2022-11-10,368.43620204058976,375.07291581213747,366.14803974108565,374.7406005859375,141455800.0
2022-11-11,375.5950094832549,379.1649705961512,373.7150776041089,378.367431640625,93839900.0
2022-11-14,376.6109424671856,379.95301468942654,374.8734230435631,375.1487731933594,71903500.0
2022-11-15,380.8740658346402,381.9754376853018,374.55068876407796,378.3485107421875,93194500.0
2022-11-16,376.72498240572435,377.6744379820254,374.83557508091235,375.46221923828125,68508500.0
2022-11-17,370.72435314810673,374.9874276635937,370.42054943643274,374.31329345703125,74496300.0
2022-11-18,377.6363779885907,377.7028468199875,373.17395503541496,376.0128173828125,92922500.0
2022-11-21,374.693120041292,375.81347054023524,372.81318778240984,374.6456298828125,51243200.0
2022-11-22,376.58254674649424,379.84867604647417,375.1773421488015,379.687255859375,60429000.0
2022-11-23,379.3549333957438,382.56409762142516,379.1270733477937,382.07989501953125,68261600.0
2022-11-25,381.51974849658694,382.54517681766396,381.2444272220214,381.9944763183594,30545400.0
2022-11-28,378.9181872794732,380.5512518780544,375.13934400569946,375.89892578125,67881600.0
2022-11-29,376.0317967820062,377.21861602317534,373.420794451434,375.2532653808594,52310000.0
2022-11-30,375.5001700531818,387.07403564453125,373.59178408114326,387.07403564453125,144566700.0
2022-12-01,388.1088513992117,389.27669190595753,384.29205133886904,386.78912353515625,76398200.0
2022-12-02,381.91849025775207,387.24492191924827,381.8140640565856,386.34295654296875,85342700.0
2022-12-05,383.5325239499222,384.4629717064349,378.04467284641726,379.39288330078125,77289800.0
2022-12-06,379.23149246844036,379.77266003087607,371.84473054042496,373.92401123046875,77972200.0
2022-12-07,373.07902147703123,375.642562745206,372.1580485447694,373.28790283203125,65927900.0
2022-12-08,375.16787185342383,377.27563531293924,373.3923656741001,376.2122497558594,60737900.0
2022-12-09,374.9779244191876,377.5224579807687,373.2783911110442,373.4018249511719,81447700.0
2022-12-12,374.1898882628355,378.7852783203125,373.52528680664847,378.7852783203125,75405800.0
2022-12-13,389.4855637883661,389.741906294567,378.8991427311622,381.6525573730469,123782500.0
2022-12-14,381.31081297545614,385.00420881267286,376.27871036892407,379.2125244140625,108111300.0
2022-12-15,374.37031204526374,375.2723064084485,368.28432746344345,369.9363708496094,117705900.0
2022-12-16,367.39070005094055,368.72603612102915,363.4419184502397,365.56890869140625,119858000.0
2022-12-19,365.75960801740996,366.09344924310705,360.80930355412653,362.46893310546875,79878100.0
2022-12-20,361.7154089937889,364.5768550701663,360.39913914135377,362.96490478515625,74427200.0
2022-12-21,365.5496795192156,369.5175542889034,365.01554532984704,368.3920593261719,78167400.0
2022-12-22,365.35900443658744,368.37306481720873,357.4614135029072,363.1366271972656,100120900.0
2022-12-23,362.11607681676225,365.3685914168033,360.57090024431585,365.22552490234375,59857300.0
2022-12-27,365.11100414194533,365.45436371312377,362.1160098220325,363.7851867675781,51638200.0
2022-12-28,363.7184005781533,365.6832870108895,359.0351927479394,359.26409912109375,70911500.0
2022-12-29,362.09698333590643,366.5989936653744,361.57236734542374,365.73101806640625,66970900.0
2022-12-30,363.0603608203926,364.91073618698925,360.95240752085664,364.7676696777344,84022200.0
2023-01-03,366.61805852310664,368.5829161214832,360.380097012264,363.2320251464844,74850700.0
2023-01-04,365.4829951067627,368.05830845065526,362.44986897863134,366.0362243652344,85934100.0
2023-01-05,364.0903838205467,364.20483700123856,361.26709863365966,361.85845947265625,76970500.0
2023-01-06,364.93930570815047,371.27265410068173,361.8871138136949,370.15667724609375,104189600.0
2023-01-09,372.3408629905399,375.51708414614757,369.7655792215918,369.94677734375,73978100.0
2023-01-10,369.3650365764805,372.6080033161442,368.43028694753167,372.5412292480469,65358100.0
2023-01-11,374.11498982562864,377.3293427656513,373.30424098984014,377.2530212402344,68881100.0
2023-01-12,378.3499708858858,380.08589280712,374.2962553998828,378.6265563964844,90157700.0
2023-01-13,375.4407746169057,380.6676929521993,375.1737074965992,380.09539794921875,63903900.0
2023-01-17,380.0763692929868,381.7455462351786,378.7219386237428,379.3991394042969,62677300.0
2023-01-18,380.5818900873673,381.6406112039505,373.20888660482075,373.4091796875,99632300.0
2023-01-19,371.3775455516614,373.01810918357603,369.37455652309,370.6908264160156,86958900.0
2023-01-20,372.08332369625583,377.7489884401211,370.44276035109397,377.59637451171875,91806400.0
2023-01-23,378.3976232018816,384.05374118740224,377.4438078609924,382.1270446777344,84178800.0
2023-01-24,380.45787568340137,382.6230260729778,379.27515395089165,381.7169189453125,59524900.0
2023-01-25,377.66320358749766,382.19382654932406,375.383570904274,381.8599853515625,84800300.0
2023-01-26,384.5116168819161,386.2189546426973,381.55478324321655,386.0567932128906,72287400.0
2023-01-27,385.01715091180836,389.3093204688235,384.80731034691763,386.94384765625,68346200.0
2023-01-30,384.19688290612737,386.4192893861794,381.79327825530487,382.0889587402344,74202000.0
2023-01-31,382.60399077183433,387.7545883082666,382.260602078399,387.7069091796875,86811800.0
2023-02-01,386.49550726473996,394.5648060301805,383.7676093537023,391.82733154296875,101459200.0
2023-02-02,395.6998505537126,398.990525390848,393.811314654258,397.53118896484375,101654500.0
2023-02-03,392.58087711398565,397.71240862486854,392.1039694138387,393.3057861328125,94736800.0
2023-02-06,390.86409001480433,392.29481336773335,389.25213937518635,390.9022216796875,60295300.0
2023-02-07,389.98652766410515,397.25459690875016,388.746579192855,396.0146484375,90990700.0
2023-02-08,394.04976837031427,395.38510413414,390.99754738888123,391.6842956542969,76227500.0
2023-02-09,395.27066286428095,395.4232768287697,387.06784419886776,388.2887268066406,78694900.0
2023-02-10,387.1155453391367,389.57640563275254,386.30482544964053,389.19488525390625,70769700.0
2023-02-13,389.84344339763004,393.89715897184107,389.3856015126722,393.76361083984375,64913500.0
2023-02-14,392.2470022111371,395.88103624546926,389.6431050211973,393.5823669433594,88389300.0
2023-02-15,391.3981496403728,394.9367965737248,390.55878744301873,394.8605041503906,61555700.0
2023-02-16,389.9101917236614,393.83990637535055,389.2902175572194,389.4237365722656,76431500.0
2023-02-17,387.3063070107498,388.6893510840452,385.38912860346915,388.4508972167969,89257800.0
2023-02-21,384.4447899703579,385.4939926151098,380.40062243945897,380.65814208984375,82655900.0
2023-02-22,381.06826525497337,382.60392297212803,378.6837270858335,380.133544921875,83742300.0
2023-02-23,383.0141287647056,383.624584623004,377.9493710671943,382.15570068359375,96242400.0
2023-02-24,377.15764870927023,378.9031178542997,375.4598586847204,378.07330322265625,108194400.0
2023-02-27,381.4021421594611,382.7565727740271,378.42624290281987,379.3609924316406,80444700.0
2023-02-28,378.8840643154278,380.8393740486185,377.85392748484423,377.9588623046875,96438600.0
2023-03-01,377.14810224642,378.36898463689715,375.21185839805094,376.509033203125,99706800.0
2023-03-02,374.54420891841545,380.2766485518157,374.2103677204858,379.4372863769531,85127800.0
2023-03-03,381.24957080469574,385.7706758956866,380.60098327540186,385.5226745605469,90120000.0
2023-03-06,386.3429951594612,388.632175874259,385.3510478984003,385.789794921875,72795900.0
2023-03-07,385.7419944311332,385.98044825489535,379.26558042747604,379.8760070800781,108310600.0
2023-03-08,379.9904507889585,381.24946472842424,378.27356596729277,380.4959716796875,74746600.0
2023-03-09,381.27812390527305,382.9377823434292,372.4934930227915,373.4759216308594,111945300.0
2023-03-10,372.93231453200684,375.00210698292204,366.57038142194835,368.0869445800781,189253000.0
2023-03-13,364.17625337042944,372.3600057541109,363.0698240200609,367.5622863769531,157790000.0
2023-03-14,372.4649191205908,375.27868623479475,369.17424429944623,373.63812255859375,149752400.0
2023-03-15,368.0678201070447,371.501532087288,365.9884805177744,371.3012390136719,172996900.0
2023-03-16,368.95487198316505,378.1591845711939,368.4493509964938,377.8157958984375,143254200.0
2023-03-17,376.4907554684151,377.62054625365727,372.01942420856767,373.3981628417969,140553400.0
2023-03-20,374.17363412671835,377.40028401988184,373.47471024400215,376.9885559082031,93055800.0
2023-03-21,380.3396046110191,382.4172958540839,378.750225011732,381.9385681152344,91524200.0
2023-03-22,381.7663294027596,385.3663430375663,375.3896708071276,375.4279479980469,111746600.0
2023-03-23,378.2811083450335,382.3024333278602,373.7427784049594,376.44281005859375,119351300.0
2023-03-24,375.169370284557,378.9991923934878,372.8331764605713,378.91302490234375,107682400.0
2023-03-27,381.18223941875726,381.94822147173227,378.7311552876925,379.62158203125,74010400.0
2023-03-28,378.9322213165427,379.62159057011246,376.9407263724681,378.76947021484375,62871700.0
2023-03-29,382.9152413925595,384.5142052275328,381.7184217978642,384.27484130859375,77497900.0
2023-03-30,386.8982643494234,387.14721217774354,384.6674054592339,386.5248718261719,69840000.0
2023-03-31,387.4440026260915,392.26958723104974,387.3386673117375,391.9727783203125,112062600.0
2023-04-03,391.45576785501316,393.8685456943349,391.0632075126421,393.4664306640625,67391100.0
2023-04-04,394.1078626707281,394.3951168773612,389.9142025392246,391.28338623046875,66601500.0
2023-04-05,390.555750574138,391.3121487439596,388.612116709327,390.2589416503906,65200200.0
2023-04-06,389.4642249836437,392.05895083799805,388.4206018294357,391.7812805175781,63743300.0
2023-04-10,389.31104357827485,392.26002346239954,388.69828713147245,392.18341064453125,63681000.0
2023-04-11,392.80576103470116,393.6866038625685,391.5227739807362,392.2887268066406,59297900.0
2023-04-12,394.34727662483084,394.6345308679278,390.1057548634186,390.6897888183594,86420400.0
2023-04-13,391.7716578689955,396.23340427170086,390.6322834184287,395.879150390625,85814800.0
2023-04-14,395.2472246625358,397.43022215552446,392.614221890679,394.912109375,78161500.0
2023-04-17,394.82601113767913,396.3483622283168,393.6004689831214,396.3292236328125,66436400.0
2023-04-18,397.89938650253947,398.0334443121423,395.2185225027445,396.5876770019531,63560000.0
2023-04-19,394.6823936174116,397.4207029205089,394.62494861239765,396.5207214355469,55227300.0
2023-04-20,393.7153034242172,396.0993877029547,392.81529283564134,394.3568115234375,75840400.0
2023-04-21,394.6536546185458,395.122798546293,392.719604685716,394.6632385253906,73457400.0
2023-04-24,394.4621654970849,395.49623401848584,393.13131726469595,395.074951171875,64332100.0
2023-04-25,393.1121085624426,393.6674491748633,388.7461133509764,388.8035583496094,97766700.0
2023-04-26,389.4163487256269,390.48869433886614,386.6014268812606,387.15673828125,80447000.0
2023-04-27,389.68441963730396,395.1323442051522,389.4354718372607,394.8642578125,92968400.0
2023-04-28,393.9833919074716,398.24408097637763,393.9259469095326,398.2344970703125,89433100.0
2023-05-01,397.794121569062,399.8526454839488,397.6026187410231,397.8324279785156,62122300.0
2023-05-02,397.1239085646286,397.1717988833843,390.46960867294274,393.3611145019531,103998500.0
2023-05-03,393.85890883632186,396.2621316646499,390.4216468499389,390.6610107421875,91531800.0
2023-05-04,389.6174515879438,389.94298302849234,386.56316548431346,387.89404296875,94901900.0
2023-05-05,391.5132147900382,396.1185743812244,391.25471226930256,395.074951171875,87891800.0
2023-05-08,395.4004621354889,395.6589646428425,393.7823597445963,395.18023681640625,50046800.0
2023-05-09,393.63876845358556,394.557917748492,393.2174856060807,393.447265625,49220100.0
2023-05-10,396.2717004907046,396.90362464850057,391.47483892243093,395.2855224609375,96142900.0
2023-05-11,394.42385640636445,394.8834164060592,392.52808374994316,394.59619140625,70157100.0
2023-05-12,395.83132277822824,396.04196418738917,391.6663849084535,394.07916259765625,70481500.0
2023-05-15,394.6822921882766,395.8408051173054,392.77696516676,395.4386901855469,54289400.0
2023-05-16,394.33760136357716,395.2567796654713,392.78652815556177,392.7961120605469,57705500.0
2023-05-17,394.80682372550075,398.1674730228259,393.1695828258179,397.5643005371094,87287000.0
2023-05-18,397.24833527836256,401.81541733647197,397.02813918363745,401.3941345214844,97177200.0
2023-05-19,402.29419356642416,402.82078253891825,399.59416135067175,400.81011962890625,103793300.0
2023-05-22,400.82922685915275,402.50477416103354,399.5941009523831,400.97283935546875,60745400.0
2023-05-23,399.33556115944674,400.90580233866484,396.080218025508,396.4727783203125,86383500.0
2023-05-24,394.87389632279877,395.2568727625146,392.4419506407974,393.6004638671875,89213700.0
2023-05-25,397.09507862018216,398.4546782657559,394.8642201959079,397.0089111328125,90961600.0
2023-05-26,397.66010370060684,402.8686655789213,397.58352009323403,402.15057373046875,93830000.0
2023-05-30,404.074979094816,404.60156797851874,400.9249420409186,402.3036804199219,72216000.0
2023-05-31,400.4846054699889,401.38461624742513,398.51224888604935,400.0729064941406,110811800.0
2023-06-01,400.3026119453019,404.9271388982078,399.05793134165066,403.8739318847656,88865000.0
2023-06-02,406.43990546910896,410.4995078956091,405.9133165725639,409.71441650390625,91426200.0
2023-06-05,410.05914256559197,411.3421297490295,408.2303985985282,408.9293518066406,65460200.0
2023-06-06,408.5175766121595,410.34629101870956,407.8664846247956,409.8197021484375,64022200.0
2023-06-07,410.2123152273252,411.3421059208301,407.9814271228122,408.4027099609375,85373300.0
2023-06-08,408.4697625854569,411.32299120581996,407.7038096821584,410.87298583984375,61952800.0
2023-06-09,411.66758293531126,413.6112165464448,410.6239598849218,411.6101379394531,85742800.0
2023-06-12,412.586760311463,415.42082057078096,411.8686686457449,415.3442077636719,76104300.0
2023-06-13,416.79962394733377,418.724090042695,416.13897717424237,418.0826110839844,95899700.0
2023-06-14,418.41769324198367,420.38046559122165,415.1431821385499,418.5804443359375,100612100.0
2023-06-15,417.7666616239276,425.0146087869259,417.6709394226892,423.7699279785156,110303100.0
2023-06-16,425.7476478890072,426.31464161242656,421.8555599029222,422.3264465332031,114165800.0
2023-06-20,420.39480701035416,421.27892182844886,418.0691445357275,420.13531494140625,76160400.0
2023-06-21,419.15507151836675,419.9526987151209,417.39640282400495,417.9826354980469,76982300.0
2023-06-22,417.0312661321085,419.59715234538584,416.69490598831976,419.491455078125,70637200.0
2023-06-23,416.0509861285015,418.09794671553647,415.60892874801584,416.320068359375,92074500.0
2023-06-26,415.75306687518275,417.6654716468784,414.37882655509753,414.61907958984375,72823600.0
2023-06-27,415.4936902341691,419.7797970502277,415.04201326216105,419.1647644042969,72813700.0
2023-06-28,418.088316566666,420.38514964096186,417.47328405222373,419.3760986328125,75636000.0
2023-06-29,418.96288231167824,421.1924377171977,418.559273599848,421.029052734375,67882300.0
2023-06-30,424.22920819454237,426.97768888145606,423.9120577597363,425.9974670410156,104964000.0
2023-07-03,425.6515034890419,426.76625174608176,425.37280176090064,426.4875793457031,32793400.0
2023-07-05,424.68086605187517,426.58368059216104,424.6712465458686,425.8533020019531,58418400.0
2023-07-06,422.2879821858995,422.9414634252197,420.0199782059898,422.51861572265625,80658300.0
2023-07-07,421.52880169929125,425.3824701498979,421.21165123791485,421.451904296875,86134200.0
2023-07-10,421.0963071478734,422.6915908752238,420.52931348483696,422.51861572265625,62443500.0
2023-07-11,423.27782759435644,425.69956773672544,422.3071959049608,425.2094421386719,64463800.0
2023-07-12,428.98630598280835,430.03380589808927,427.5639971833185,428.6307067871094,91924500.0
2023-07-13,430.4374003996056,432.8207214455181,430.00496246418476,432.0326843261719,72425200.0
2023-07-14,432.9167149502684,433.7623809113476,431.0042810450833,431.76348876953125,69815800.0
2023-07-17,431.6194336230175,434.3102561737573,431.57136541418197,433.26275634765625,52680200.0
2023-07-18,432.9359794712025,437.1259784249401,432.5035122667073,436.48211669921875,80668200.0
2023-07-19,437.2701641275052,438.6347850080483,436.4052296979119,437.4527587890625,65891700.0
2023-07-20,436.462879583876,437.35661380071673,433.8393059855323,434.5504455566406,70591600.0
2023-07-21,436.2610459263221,436.462879583876,434.5408553784918,434.5504455566406,71275600.0
2023-07-24,435.6941036910491,437.29900699604326,434.6658135812287,436.49176025390625,54023400.0
2023-07-25,436.2226826187103,438.93271480747865,436.1746144107411,437.68341064453125,55191200.0
2023-07-26,436.7513018425667,439.1730425061835,435.70380185731204,437.7507629394531,71052900.0
2023-07-27,441.1238279449385,441.5274659900454,433.94506533743083,434.8484191894531,92194400.0
2023-07-28,438.1062824263063,439.9321998907834,434.8484367232918,439.1057434082031,80011800.0
2023-07-31,439.5766441259426,440.2974033582614,438.26965213423165,439.94183349609375,62040400.0
2023-08-01,438.4810581528829,439.42286073607613,437.7314697549184,438.6828918457031,55291500.0
2023-08-02,435.57876710355214,435.8382298320832,431.83082549706114,432.5804138183594,93933400.0
2023-08-03,430.5719002384005,433.2146837020939,429.92800918121173,431.3406982421875,64276100.0
2023-08-04,433.14742331097347,435.2424228845315,428.87090725675444,429.3898620605469,100128900.0
2023-08-07,431.21576252551705,433.29155233174345,430.5238325901082,433.1377868652344,58357500.0
2023-08-08,430.61032036745866,433.12819688898776,427.90987851511386,431.25421142578125,71361300.0
2023-08-09,431.5232733825344,431.6866583480253,427.61194699451505,428.37115478515625,78789600.0
2023-08-10,430.71607007168745,434.08923235537964,427.3621468022029,428.52496337890625,93005500.0
2023-08-11,426.66056157281855,429.2841352767268,426.0647387376173,428.2750549316406,68690900.0
2023-08-14,427.3621646686425,430.6391906738281,427.05463370611966,430.6391906738281,47867400.0
2023-08-15,428.87090781167177,429.22650696420783,425.0556881700834,425.6227111816406,75707500.0
2023-08-16,425.20945229682616,426.8623944636419,422.3936935729571,422.4994201660156,80107200.0
2023-08-17,423.96015411160533,424.2196168527754,418.76107448676936,419.280029296875,95711300.0
2023-08-18,416.4738084450364,420.51007098994324,416.12785816689336,419.4817810058594,98852000.0
2023-08-21,420.4908396707108,422.95102834171905,418.34780142156416,422.2110595703125,68719000.0
2023-08-22,423.9794015102556,423.9794015102556,420.51016116793335,421.0675354003906,64994200.0
2023-08-23,422.12457747554333,426.37226398805007,421.98043152181,425.7572021484375,68441000.0
2023-08-24,427.3525117447883,427.86184703074184,419.8277698977074,419.85662841796875,88517300.0
2023-08-25,421.576814401286,424.09466161039535,418.0402966316632,422.8165283203125,102325100.0
2023-08-28,424.99802710166506,426.1128047760357,422.8165399597136,425.4977722167969,61595400.0
2023-08-29,425.3920554264297,431.92695615148733,425.2094607575032,431.64825439453125,83081900.0
2023-08-30,431.9845682431216,434.060357945483,431.2830188362327,433.42608642578125,69053900.0
2023-08-31,434.0411436980902,435.17513102782067,432.6092449398333,432.7918395996094,66084600.0
2023-09-01,435.5019052625726,435.9824113556043,432.1479527903315,433.5990905761719,58944100.0
2023-09-05,433.15705635053166,433.474177484678,431.65787960630774,431.7251281738281,55166200.0
2023-09-06,430.91787558724553,431.0236021823755,426.5068329962555,428.8228759765625,70758500.0
2023-09-07,425.8340750379796,428.1789470044785,425.4881247451009,427.5062561035156,70355400.0
2023-09-08,427.5543236104539,429.67815236910445,427.19875378748577,428.150146484375,61659700.0
2023-09-11,430.7640781970579,431.2734134651807,429.0630972437641,430.9659118652344,60180100.0
2023-09-12,429.5243688529451,431.04275506328975,428.0251923265627,428.6017761230469,67565400.0
2023-09-13,428.8228607530232,430.25475953176647,427.72729277869223,429.1015625,60199300.0
2023-09-14,431.56176797941515,433.4933826135289,430.2643956069254,432.80145263671875,83430800.0
2023-09-15,431.2227284727568,431.5506216241027,427.15295081713646,427.5869140625,111848900.0
2023-09-18,427.2783073434339,429.12997218957395,426.80575976702727,427.8376770019531,55752200.0
2023-09-19,426.92147805226983,427.5097785871883,424.27902594225344,426.9504089355469,66514600.0
2023-09-20,428.2041638924205,428.61884971067485,422.8227839687489,423.02532958984375,82562600.0
2023-09-21,420.18995642926694,420.45033436985153,415.87907838119946,416.03338623046875,104095800.0
2023-09-22,417.0557271569778,418.6469848396656,414.68327664554823,415.0979919433594,100829700.0
2023-09-25,413.8924379607471,416.8820607506406,413.458445268684,416.843505859375,70874500.0
2023-09-26,413.81523500166236,414.5192590302796,409.8901119465823,410.7195129394531,96168400.0
2023-09-27,411.88643967289465,412.4458093049011,407.2573219237748,410.8834533691406,104705800.0
2023-09-28,410.33377256481566,414.93395949847536,409.7454720420047,413.2655334472656,92258300.0
2023-09-29,416.3034507511099,416.47703605865223,410.74848546003295,412.2626037597656,115111300.0
2023-10-02,411.4332235195831,413.34275029290137,409.3501114299314,412.0986633300781,83798600.0
2023-10-03,409.928751834983,412.15651831824437,405.22246490596143,406.582275390625,103760600.0
2023-10-04,407.04511036627474,410.28548657051243,405.5888541030079,409.54290771484375,87453000.0
2023-10-05,409.25367196798504,410.22772753300984,406.1772562634744,409.3887023925781,70142700.0
2023-10-06,406.9487369471333,415.7826633161712,405.62751083875975,414.249267578125,113273300.0
2023-10-09,412.3590425619845,417.47039142005065,411.8093557252524,416.9013977050781,80374400.0
2023-10-10,417.5282094394434,421.6558488736504,417.1328010827686,419.0712585449219,78607300.0
2023-10-11,420.13214698196236,421.0386578835823,417.7596966141307,420.7879333496094,62451700.0
2023-10-12,421.39545544096734,421.7715569076046,415.879074957657,418.2225646972656,81154200.0
2023-10-13,419.7174500912721,420.91332876659834,414.57719959828006,416.1395263671875,95143100.0
2023-10-16,418.3768791839652,421.5787008605216,418.1357786859934,420.5178527832031,75433200.0
2023-10-17,417.40284337508905,422.54312271495667,417.0556727686725,420.4985656738281,75324700.0
2023-10-18,418.7337471858001,419.6884958400442,413.8152906244154,414.8954162597656,93559800.0
2023-10-19,415.60908569425885,417.4125128642148,410.5749056891377,411.2499694824219,121323000.0
2023-10-20,410.81596589128515,411.35602864539834,406.0903726459754,406.19647216796875,123919900.0
2023-10-23,404.67274501676764,409.3404770106009,402.92717959630676,405.49249267578125,92035100.0
2023-10-24,407.60452747929617,409.69729291312706,405.7625160007192,408.5496520996094,78564200.0
2023-10-25,406.87162732034284,406.9005582068923,402.17496424155433,402.68609619140625,94223200.0
2023-10-26,401.6252048310319,402.47385382688697,396.9478494758642,397.864013671875,115156800.0
2023-10-27,399.4456375835296,399.84104590641886,394.64290537878924,396.0605773925781,107367700.0
2023-10-30,398.8381328209202,401.84706268429056,397.54583752991965,400.7958679199219,86562700.0
2023-10-31,401.36484674476185,403.63119749728736,399.4649734881191,403.3129577636719,79665200.0
2023-11-01,404.27737373849845,408.42429101289605,403.74693492260894,407.61419677734375,98068100.0
2023-11-02,411.3946192920617,415.5801501470598,411.3753418460295,415.42584228515625,94938900.0
2023-11-03,417.72113093175125,420.75899159658866,417.59575395239466,419.2159423828125,100167800.0
2023-11-06,419.96818924465083,420.6239756178728,418.2419012219719,420.18035888671875,67831700.0
2023-11-07,420.18031060348386,422.0126685210308,419.04232330462156,421.37615966796875,64256100.0
2023-11-08,421.9740622310195,422.4948475257227,419.3894720637267,421.68475341796875,61746000.0
2023-11-09,422.8227193681271,422.8613036849951,417.97177897214596,418.3961181640625,83174400.0
2023-11-10,420.4600141525394,425.23378661631307,418.38652621092507,424.9251708984375,89462200.0
2023-11-13,423.5943543234561,425.61957523316283,422.81319095971963,424.5201721191406,52236100.0
2023-11-14,430.43195196006246,434.03880639292726,430.21012888201807,432.75616455078125,97176900.0
2023-11-15,434.08695751300667,435.31176685348777,432.82359328411655,433.6722717285156,77327600.0
2023-11-16,433.2286423726769,434.52093744562825,432.1677943482507,434.20269775390625,66665800.0
2023-11-17,434.2123590781554,435.3503758373704,433.29619481153003,434.7427978515625,83133200.0
2023-11-20,434.4920641115296,438.9283195268349,434.48241067282527,438.08929443359375,69936200.0
2023-11-21,437.0476983171483,437.9638920043512,435.87112668099957,437.1344909667969,49244600.0
2023-11-22,438.7837107286047,440.133867882905,437.7325158930703,438.822265625,59394900.0
2023-11-24,438.8703694900702,439.28505523393574,438.54247638344094,439.0921630859375,29737400.0
2023-11-27,438.46535397413186,439.2754481049459,437.91563778247536,438.3014221191406,50506000.0
2023-11-28,437.91566497815336,440.02770779834395,437.3563247451927,438.73541259765625,62115000.0
2023-11-29,440.8763777024274,442.0047410159344,438.0314094012158,438.4267883300781,63146000.0
2023-11-30,439.2658732507552,440.5003067450598,437.2020386572685,440.1531066894531,79752700.0
2023-12-01,439.54548291042204,443.2873673280454,438.9572118254806,442.7569580078125,89183400.0
2023-12-04,439.3815446393366,442.77622898793436,438.1663887357716,440.4327392578125,72430900.0
2023-12-05,439.05371300809566,441.3007569694989,438.6775820590756,440.34600830078125,69793500.0
2023-12-06,442.47728857768345,442.50621946104377,438.1374794863498,438.57147216796875,69124700.0
2023-12-07,440.6448901016337,442.5640405275411,440.04696561303206,441.91790771484375,66995400.0
2023-12-08,441.17532857795476,444.3482193835821,440.9342280791031,443.81781005859375,83194400.0
2023-12-11,443.32598493677364,445.7177126387657,443.11381530650647,445.5440979003906,65002200.0
2023-12-12,445.1969053461678,447.67542557959507,444.20357245141867,447.5789794921875,68327600.0
2023-12-13,447.9550337360085,454.0018525473876,447.59820973831967,453.7510986328125,93278000.0
2023-12-14,455.6799450229731,456.86617007826965,452.545638522815,455.2073974609375,119026000.0
2023-12-15,454.61281921772417,455.7844980857444,452.6180987398149,454.4578857421875,141553700.0
2023-12-18,456.05563220988086,457.9922563619539,455.00017559306576,457.0142517089844,70375300.0
2023-12-19,457.5565362720974,459.8708164807692,457.4790843028072,459.7933349609375,55761800.0
2023-12-20,458.9412058569742,460.8197337409229,452.9957847839671,453.4218444824219,102921000.0
2023-12-21,456.39451800386655,457.99225657048584,453.98343038961036,457.72113037109375,86667500.0
2023-12-22,458.84435899601766,460.3162123050925,456.7528308577729,458.6410217285156,67160400.0
2023-12-26,459.04768621247854,461.4781292872484,458.97020470261134,460.5776062011719,55387000.0
2023-12-27,460.3742993690924,461.5556412930502,459.8417395433534,461.410400390625,68000300.0
2023-12-28,461.76869846768426,462.41745105376606,461.16834966842947,461.584716796875,77158100.0
2023-12-29,461.39098365661835,461.913880420099,458.3020659574586,460.2483825683594,122283100.0
2024-01-02,457.19826599724024,458.66042679258095,455.58117171261154,457.6727294921875,123623700.0
2024-01-03,455.5230445204575,456.25897115713644,453.3346793148978,453.9350280761719,103585900.0
2024-01-04,453.4605069773082,456.0362204956158,452.25011695275793,452.47283935546875,84232200.0
2024-01-05,452.67622417899463,455.53275675735284,451.6498156943496,453.0926208496094,86118900.0
2024-01-08,453.5865049905087,459.70624556760475,453.46061966858514,459.5610046386719,74879100.0
2024-01-09,456.91742225203353,459.88045489034096,456.4139106022468,458.8637390136719,65931400.0
2024-01-10,459.134858193739,462.32061320272817,458.854039417125,461.45880126953125,67310600.0
2024-01-11,462.4562213568548,462.9694256422812,457.2951303185307,461.2555236816406,77940700.0
2024-01-12,462.69825780727723,463.43418447136196,460.1709773696293,461.57501220703125,58026400.0
2024-01-16,460.1999916518418,461.5071892712775,458.0696933340662,459.88043212890625,85014900.0
2024-01-17,456.8690193310164,457.80828324431627,454.9807989273028,457.3241271972656,68843900.0
2024-01-18,458.9896569986018,461.9429972701223,457.4500442083185,461.39105224609375,91856200.0
2024-01-19,462.51423095179746,467.4235799907283,461.439418792673,467.14276123046875,110834500.0
2024-01-22,468.6727761250073,469.8444255597238,467.4817415348223,468.1305236816406,75844900.0
2024-01-23,468.67274693324026,469.737866598163,467.5882421140563,469.49578857421875,49945300.0
2024-01-24,472.3523626504235,473.28193407003323,469.5152150522186,470.0090637207031,81765000.0
2024-01-25,472.12958588323926,472.8364643322263,470.0090096373567,472.5653381347656,72525000.0
2024-01-26,472.13928542085506,473.6208017271318,471.122569553023,471.9649963378906,76641600.0
2024-01-29,472.2749243280571,475.8479987432674,471.73267185506717,475.7027282714844,61322800.0
2024-01-30,475.0151877688741,476.0415962445669,474.5794354978266,475.3347473144531,58618400.0
2024-01-31,473.1366851322255,473.5821004537836,467.5591976080332,467.5785827636719,126011100.0
2024-02-01,469.27313995314404,473.7273819238251,468.4694242895628,473.6983337402344,91891600.0
2024-02-02,474.1340406811921,480.33123256171854,473.7951255169084,478.68511962890625,99228200.0
2024-02-05,478.05575187599726,478.7141970893923,474.6957073113676,476.9421691894531,75757100.0
2024-02-06,477.88139839933996,478.6560658444282,476.45797836644056,478.32684326171875,55918600.0
2024-02-07,480.5636415654776,482.73265130891053,479.66308881437243,482.3162841796875,70556500.0
2024-02-08,482.3163280373736,482.90698431385846,481.50294930962457,482.52935791015625,52343600.0
2024-02-09,483.0328221928446,485.7537769299286,482.693907035265,485.31805419921875,63979400.0
2024-02-12,485.2890842385311,487.5452388759751,484.38853134882584,485.1051025390625,56502300.0
2024-02-13,478.8593972990049,481.3382739920692,475.1701304413372,478.42364501953125,113099200.0
2024-02-14,481.04773757037634,483.2554877979955,478.73345765408254,482.7713317871094,68387800.0
2024-02-15,483.46854592163555,486.2863376159792,482.99405290883,486.10235595703125,61683000.0
2024-02-16,485.8021854224716,486.9350940149201,482.94565294822615,483.68157958984375,75532900.0
2024-02-20,481.9483091532552,482.6164468795506,478.78193916164605,481.01873779296875,71736700.0
2024-02-21,479.7211799226085,481.609370733512,477.92010410161913,481.4544372558594,59293400.0
2024-02-22,488.0389961871901,492.3770155291545,487.0803471035888,491.41839599609375,76402500.0
2024-02-23,493.1322803007743,493.9650440524054,491.03105964418,491.7572937011719,61321800.0
2024-02-26,492.1930670722987,492.6288193715667,489.8303829996231,489.9562683105469,50386700.0
2024-02-27,490.6437622032437,491.089177503547,488.75554175218684,490.866455078125,48854500.0
2024-02-28,489.3171596556616,490.798676044666,488.9588888927158,490.21771240234375,56506600.0
2024-02-29,491.9703479594554,493.5874126583201,489.3365378000111,491.9800109863281,83924800.0
2024-03-01,492.85157338938507,497.0249672193404,492.44486924730603,496.5989074707031,76844800.0
2024-03-04,495.80488009764395,497.90610083671146,495.7758023657051,496.0662841796875,49799300.0
2024-03-05,494.0715838516931,494.5170287187888,488.910493074669,491.1085510253906,72855600.0
2024-03-06,494.37174481528393,495.84359816125266,492.3092648064121,493.59710693359375,68382400.0
2024-03-07,496.8797004283906,499.54255878511856,493.65520448812254,498.49676513671875,58652100.0
2024-03-08,499.1262380204942,501.79873010183235,494.93342956107733,495.5047302246094,86532500.0
2024-03-11,494.30400588507405,495.65963700941484,492.3867371553007,495.0786437988281,62557200.0
2024-03-12,497.17989237365043,500.9853520856395,494.67193786467755,500.4043884277344,73114400.0
2024-03-13,500.72385457506516,500.89814366049285,498.18688160759467,499.6199645996094,55104100.0
2024-03-14,500.5882438210127,500.74320684304695,495.60147230683197,498.6322937011719,110171800.0
2024-03-15,495.5775416790132,497.02482972446626,493.5474849090623,495.20843505859375,107646300.0
2024-03-18,499.25883960128044,500.69637526560086,497.74358168127196,498.1515197753906,88893300.0
2024-03-19,497.4619309272195,501.2014919888328,496.46144212802193,500.9198303222656,60755300.0
2024-03-20,500.9780959649054,505.6889776418347,500.30788231111256,505.552978515625,69594600.0
2024-03-21,508.37959846754006,509.0789209741204,506.9420033961542,507.2237243652344,60256100.0
2024-03-22,507.13620745255224,507.621867774784,506.028887689534,506.2620544433594,79070800.0
2024-03-25,504.8925121146531,506.0095546868827,504.7079588014511,504.8634033203125,48512100.0
2024-03-26,506.28142646248074,506.62142424941175,503.5326318000847,503.93084716796875,65463700.0
2024-03-27,506.7477422439313,508.2047232896313,504.5913794682458,508.16583251953125,82999800.0
2024-03-28,508.2047247122474,509.5645381212143,507.78706392547616,508.0687255859375,96294900.0
2024-04-01,508.8068709377706,509.3410853944928,506.0288490503505,507.1847229003906,62477500.0
2024-04-02,503.3773159527187,504.0960839077784,501.66778174353846,503.96014404296875,74230300.0
2024-04-03,502.8721983143161,506.00960495039743,502.8236441291165,504.51373291015625,59155800.0
2024-04-04,508.50587432277524,508.8458128822942,498.05445323196415,498.3555603027344,96858100.0
2024-04-05,499.70559240907556,505.5140703375904,499.26848630383614,503.56170654296875,74546500.0
2024-04-08,504.26116489557916,505.26159438808656,503.03729132856745,503.84344482421875,48401800.0
2024-04-09,505.5724514220362,505.81528161003905,499.5988050832793,504.4263000488281,68049200.0
2024-04-10,498.7537372482173,501.35686962666665,497.40364652298035,499.3753967285156,82652800.0
2024-04-11,500.8907240917187,504.581731429978,497.3939927785718,503.1441955566406,70099000.0
2024-04-12,499.61822644383983,501.0266533234711,494.47993161292834,496.1991882324219,92561100.0
2024-04-15,500.3563624328608,500.52147032755795,489.13759223287434,489.982666015625,92101400.0
2024-04-16,490.45864647041304,491.97390429784934,487.8069304512228,489.0890808105469,73484000.0
2024-04-17,491.5368440989878,491.7019816659058,484.8055985468662,486.194580078125,75910300.0
2024-04-18,487.583531326544,489.6718647132033,484.2616017919348,485.1940612792969,74548100.0
2024-04-19,485.11641894359934,486.10715539894034,479.6964327690104,480.95916748046875,102212600.0
2024-04-22,483.55258680560587,487.972113920127,481.2214229780645,485.3883972167969,67961000.0
2024-04-23,487.3892787074855,491.5756683731246,485.20380722643876,491.1482849121094,64633600.0
2024-04-24,492.03223509825074,492.81900253172324,488.7006120510912,490.91522216796875,55928100.0
2024-04-25,484.8638724968989,489.8078914311426,483.222338099903,489.0502624511719,69122400.0
2024-04-26,491.8282759764292,495.2570370959967,491.19692340676465,493.6835021972656,64306100.0
2024-04-29,495.4609926845512,496.1020679300017,492.70244534017297,495.4318542480469,46415400.0
2024-04-30,493.9748031317947,494.9461237340898,487.5835266113281,487.5835266113281,77483600.0
2024-05-01,487.00076428433056,493.6154557030375,485.5340605810027,486.00030517578125,80242800.0
2024-05-02,489.6912841378985,491.38140217174987,485.2232033620505,490.5460510253906,62550200.0
2024-05-03,496.5003104757314,497.8504308833997,493.9748706361785,496.6265869140625,72756700.0
2024-05-06,499.0159955422608,501.7939584375333,498.57888938265427,501.755126953125,47264700.0
2024-05-07,502.71677601484447,503.6978194793967,501.6386241870498,502.308837890625,52561300.0
2024-05-08,500.4826885782833,502.89154482386346,500.36613484283316,502.3573303222656,42047200.0
2024-05-09,502.5418375094699,505.2906913018297,501.89106933212963,505.2518005371094,43643700.0
2024-05-10,506.84495432604257,507.6511672693744,504.68865039377806,505.9028015136719,52233200.0
2024-05-13,507.57331435188917,507.6801453946088,504.8341830162767,505.9706115722656,36716400.0
2024-05-14,506.1649803172263,508.8070037863036,505.63076572102176,508.29217529296875,57535900.0
2024-05-15,510.7495145476232,514.8776269913382,510.1181324599974,514.5862426757812,59504900.0
2024-05-16,514.683461995483,516.2764423102767,513.3818660590745,513.527587890625,50244800.0
2024-05-17,513.6440876053468,514.3337466322346,512.1968292743588,514.2657470703125,59187600.0
2024-05-20,514.3823386833988,516.3152574978291,513.9937866680089,514.8582763671875,37764200.0
2024-05-21,514.1006672352606,516.2764161967744,513.8966685383514,516.1209716796875,33437000.0
2024-05-22,515.4313166919542,516.1403617816678,512.4687413388463,514.6348266601562,48390000.0
2024-05-23,517.6751302863473,517.7819613409337,509.67139747589715,510.8758850097656,57211200.0
2024-05-24,512.7115556042107,515.062194143986,511.7694030777515,514.2559814453125,41291100.0
2024-05-28,515.0622463447778,515.2953538271266,511.992839734623,514.6154174804688,36269600.0
2024-05-29,510.6038417042634,512.1870991360792,510.3027346685339,511.01177978515625,45190300.0
2024-05-30,509.4772041666412,510.1376951954115,506.37868844824237,507.6219482421875,46377600.0
2024-05-31,508.57386073354985,512.3716988043419,503.49381286592205,512.2454223632812,90785800.0
2024-06-03,513.848128094292,514.1297897725609,507.61220612199116,512.6630859375,46835700.0
2024-06-04,511.3614424211813,513.9742970941719,509.90446158385646,513.236083984375,34632700.0
2024-06-05,515.5480047275573,519.3555659942656,513.5664721813766,519.3361206054688,47610400.0
2024-06-06,519.637123680227,520.0645071551455,517.4030979505338,519.3262939453125,30808500.0
2024-06-07,518.355070483331,521.492477213605,517.2671958494329,518.695068359375,43224500.0
2024-06-10,517.8886903629937,520.6180987720378,517.2961990482391,520.2975463867188,35686100.0
2024-06-11,518.7533115423322,521.6089970919911,516.791224537173,521.5507202148438,36383400.0
2024-06-12,526.096381978746,528.5149607902181,524.804508979413,525.8341064453125,63251300.0
2024-06-13,527.5728807070939,527.7477113251548,524.1149812633378,526.8929443359375,44760900.0
2024-06-14,525.367907030757,527.2425487322553,524.3674183253244,527.2134399414062,40089900.0
2024-06-17,526.5334956885656,532.7985255135613,526.0769441713737,531.4094848632812,55839500.0
2024-06-18,531.4677096282388,532.8858589299049,531.0500489188105,532.7595825195312,41376400.0
2024-06-20,533.6824026084769,534.3428935144076,529.5445672911499,531.3123779296875,70328200.0
2024-06-21,530.4930440077343,531.7111121107315,529.1482920639469,530.6002197265625,64338600.0
2024-06-24,530.4247136467889,532.9777790963483,528.7583754205319,528.8753051757812,45528700.0
2024-06-25,530.0933585291979,531.2724695843536,528.5829663352164,530.9119262695312,37936200.0
2024-06-26,529.8010101320955,532.2858564645144,529.1578965249615,531.5745239257812,38550600.0
2024-06-27,531.4381433443106,532.9875518697215,530.6975485510812,532.41259765625,35041500.0
2024-06-28,533.1823416161415,536.2226934820135,529.0799274394088,530.3174438476562,76144500.0
2024-07-01,531.6914448156673,531.9350583633359,528.6609065569018,531.4088745117188,40297800.0
2024-07-02,529.8108184673043,534.9851684570312,529.7621076471618,534.9851684570312,40434800.0
2024-07-03,534.6733620352073,537.7331629819162,534.6344052723863,537.3726196289062,32789900.0
2024-07-05,537.6746345682784,540.8708135451888,537.0412155224441,540.4713134765625,41488400.0
2024-07-08,541.2507961569877,542.0401016113069,540.0327285129174,541.0949096679688,36110500.0
2024-07-09,542.0500391903859,542.9465206266746,541.3289524171115,541.6212768554688,27289700.0
2024-07-10,542.8391608326876,547.3216259700862,542.5468364934588,546.9805908203125,38701200.0
2024-07-11,547.0975967198616,547.9648752769439,541.6309226493873,542.2642822265625,53054200.0
2024-07-12,543.3849335691044,549.270615886068,542.9172145567801,545.6846313476562,53084400.0
2024-07-15,547.6725298408394,550.4107438001307,545.3338159394242,547.185302734375,40584300.0
2024-07-16,548.4910822924977,550.722561208659,547.7407334557406,550.4302368164062,36475300.0
2024-07-17,544.5251174294385,546.191455897242,542.3910598728387,542.712646484375,57119000.0
2024-07-18,544.2425249574461,545.2267333968008,536.3689169185834,538.5419311523438,56270400.0
2024-07-19,538.3080081974957,539.9256355832753,533.9132099479913,534.9656372070312,65509100.0
2024-07-22,538.8732666357521,541.0852970880696,536.9438660153718,540.4811401367188,43346700.0
2024-07-23,540.3738971671513,542.517708645555,539.1461346384042,539.6333618164062,34439600.0
2024-07-24,534.8388986294111,535.1409770414671,526.4878192997799,527.40380859375,74515300.0
2024-07-25,527.5208430163394,533.474804346627,523.7205067049787,524.6559448242188,61158300.0
2024-07-26,528.4271261891337,533.2116708123141,527.6572691986129,530.5319213867188,53763800.0
2024-07-29,532.0715107948711,533.0751677112492,528.8557642968128,530.8436889648438,39515800.0
2024-07-30,532.3052361705427,533.3576631133901,524.7629719446946,528.154052734375,46853600.0
2024-07-31,534.9559895004857,539.3605426844409,533.5917889444148,536.7392578125,65663400.0
2024-08-01,538.4542703754322,540.6955035812163,525.6499253938641,529.1384887695312,76428700.0
2024-08-02,522.063852889589,523.2721666167066,515.0964813658185,519.2866821289062,82789100.0
2024-08-05,498.5698494257554,510.2048370125756,497.23482195550594,504.1632080078125,146267400.0
2024-08-06,505.95607618021586,516.2171073533713,504.6405868135895,508.811279296875,84826300.0
2024-08-07,514.9698561147811,518.0102083711349,504.8160585530724,505.41046142578125,70698300.0
2024-08-08,510.52630556896884,517.7177827712244,508.5092375881122,517.0941772460938,63276600.0
2024-08-09,516.2756927717697,520.8556404311238,515.0576247493872,519.3744506835938,45619600.0
2024-08-12,520.5632672781688,522.044397411093,517.3865366569688,519.6472778320312,42542100.0
2024-08-13,522.8239831490899,528.4270952564345,522.5803695792055,528.1931762695312,52333100.0
2024-08-14,528.9825253913183,531.0386692920978,526.3222840215557,529.8595581054688,42446900.0
2024-08-15,535.4625368826945,539.2239154972127,534.8583800886926,538.9413452148438,60846800.0
2024-08-16,537.3334715360415,540.8415420362439,537.1775850470358,540.149658203125,44430700.0
2024-08-19,540.5589290320204,545.3142700195312,539.7111586836203,545.3142700195312,39121800.0
2024-08-20,544.8661897055061,546.5130199847447,543.0926755989435,544.4276733398438,33732300.0
2024-08-21,545.4703825334594,547.7505726232929,540.5590940766256,546.2986450195312,41514600.0
2024-08-22,548.1890532625708,548.7932102196837,540.8026724138992,542.010986328125,56121500.0
2024-08-23,545.2364013003757,548.7054559638492,543.053573875613,547.7699584960938,50639400.0
2024-08-26,548.7930709780707,549.5044034621952,544.7685706544273,546.464111328125,35788600.0
2024-08-27,545.197411094177,547.7017657101911,544.057316249273,547.2145385742188,32693900.0
2024-08-28,546.8734145036697,547.3021766926912,540.8609898000797,544.0377197265625,41066000.0
2024-08-29,545.9964997373786,549.2804060501943,542.9464529460971,544.0865478515625,38715200.0
2024-08-30,546.4447596496766,549.7871307787254,542.9074857644326,549.2803955078125,62700100.0
2024-09-03,546.1523719656589,546.4837125964749,535.4723909219692,537.9767456054688,60600100.0
2024-09-04,536.144708671945,540.2666308743978,535.4236220855641,536.8755493164062,47224900.0
2024-09-05,536.8170931187602,539.652728695669,533.1238736044508,535.5697631835938,44264300.0
2024-09-06,535.8913798019039,537.5089477091443,525.659610039857,526.5560913085938,68493800.0
2024-09-09,530.7365485093424,533.718376233379,528.8168426461983,532.4515380859375,40445800.0
2024-09-10,534.3517437427556,535.1216007015946,529.4989803786028,534.770751953125,36394600.0
2024-09-11,534.683107736862,541.1729474655668,526.1663863296421,540.2569580078125,75248600.0
2024-09-12,540.8318274541291,545.1096956062142,538.6197974189213,544.8076171875,51819600.0
2024-09-13,545.4119039398827,548.6470997461229,545.1585362749396,547.6531372070312,39310500.0
2024-09-16,547.3898567571744,548.7248541652143,545.5968944537451,548.4617919921875,36656100.0
2024-09-17,550.6640241107275,552.1062567166426,546.4641290442629,548.6859130859375,49321000.0
2024-09-18,549.3387831967661,554.1623432239503,546.5031477370794,547.05859375,59044900.0
2024-09-19,556.4231220387844,558.2453466994866,553.5679782684008,556.3938598632812,75315500.0
2024-09-20,555.0314034219361,556.4682163688195,552.4215869805491,555.43212890625,77503100.0
2024-09-23,556.4975550473902,557.4652143001452,555.2854753286341,556.820068359375,44116900.0
2024-09-24,557.6117584874984,558.471913246618,554.7967173955426,558.4132690429688,46805700.0
2024-09-25,558.2568638249757,558.9899461465259,556.0771251545262,557.181640625,38428600.0
2024-09-26,561.4238456875147,561.7464186568862,557.0449191197562,559.3907470703125,48336000.0
2024-09-27,560.4562630155458,561.2674980510259,557.5532252113467,558.5795288085938,42100900.0
2024-09-30,557.5530628987858,561.423758958094,555.2658795088603,560.8177490234375,63557400.0
2024-10-01,560.4659694617594,561.1110557410046,553.2328657284514,555.7937622070312,72668800.0
2024-10-02,554.9042355240985,557.0448382675937,552.519272009238,556.0282592773438,38097800.0
2024-10-03,554.5620734708386,556.9470368946191,552.7342597435006,555.01171875,40846500.0
2024-10-04,559.4395649274686,560.4267920576441,555.2854315259468,560.0553588867188,42939100.0
2024-10-07,558.4132383947003,559.0583842578297,553.8485957624074,554.9921875,49964700.0
2024-10-08,557.5531808736639,560.8374356454558,556.6833016920415,560.2411499023438,37398700.0
2024-10-09,560.2313175326061,564.6787318135322,559.6350914993983,564.12158203125,37912200.0
2024-10-10,562.7825341526946,564.5517040960426,561.5313781232933,563.1343994140625,44138100.0
2024-10-11,563.0560670625003,567.2395520271365,562.9192107150462,566.5064697265625,42268000.0
2024-10-14,568.1094778484854,572.0681703246292,567.6305402513053,571.1395874023438,36217200.0
2024-10-15,571.4035256005812,571.7065305951428,565.4899467305453,566.7020263671875,54203600.0
2024-10-16,566.7021056174783,569.6832957534668,565.900594951752,569.1652221679688,30725400.0
2024-10-17,572.6936844531912,572.8989689898087,569.0282726746998,569.2139892578125,34393700.0
2024-10-18,570.8952139016382,572.1854459872815,569.4388331888846,571.4035034179688,37416800.0
2024-10-21,570.6802188403536,571.6576620923939,567.5035282712228,570.4652099609375,36439000.0
2024-10-22,567.9434768669773,571.3156685359546,567.2886064919155,570.1622924804688,34183800.0
2024-10-23,568.1485895916966,568.5884509212708,561.462852493989,564.9523315429688,49314600.0
2024-10-24,566.897492764615,566.9757049256177,563.5644376745634,566.1741943359375,34979900.0
2024-10-25,568.393014498126,571.2764839191195,565.0403914237966,565.9786987304688,47268200.0
2024-10-28,569.4389805032773,569.5660529152336,567.4254495286576,567.7284545898438,30174700.0
2024-10-29,566.7703610094676,569.7613345267463,565.3824085036434,568.6470947265625,42899700.0
2024-10-30,568.1779150746601,570.1621533327376,566.2230287475197,566.9268188476562,41435800.0
2024-10-31,562.5771834276276,562.6456116079135,555.6177928931281,555.8132934570312,60182500.0
2024-11-01,558.4327703071272,562.5673353166255,557.7485482406672,558.1590576171875,45667500.0
2024-11-04,558.2960627771841,559.586295105694,555.0802957635589,556.9569702148438,38217000.0
2024-11-05,557.8659451341218,563.7306045728799,557.6509362573997,563.6915283203125,39478300.0
2024-11-06,575.9095457320777,578.57794657906,572.1854895240832,577.7080078125,68182000.0
2024-11-07,579.7020872739936,583.191567003201,579.6238751058823,582.1749877929688,47233200.0
2024-11-08,582.722322897382,586.1140819812399,582.722322897382,584.69677734375,46444900.0
2024-11-11,586.2802096893201,586.6320749270757,583.5335966542183,585.25390625,37586800.0
2024-11-12,585.175669871058,585.7718958867575,580.9628921945897,583.4358520507812,43006100.0
2024-11-13,583.8952319310844,585.7132619411553,581.5396200997641,583.7192993164062,47388600.0
2024-11-14,583.846484643943,584.3254223529462,579.2818407813407,579.9660034179688,38904100.0
2024-11-15,576.4178358264271,576.8870491794336,570.6900323906797,572.5374145507812,75988800.0
2024-11-18,572.9967827127789,576.1930413945956,572.1366874944769,574.88330078125,37001700.0
2024-11-19,571.5208063697094,577.7079785622685,570.8561521859538,576.9846801757812,49412000.0
2024-11-20,577.0630094223009,577.4637349458769,571.4427101629503,577.1802978515625,50032600.0
2024-11-21,580.014817427747,581.6959910919024,574.1990184692589,580.2786865234375,46750300.0
2024-11-22,580.2689037579424,582.7027874385594,579.7704578390868,582.0772094726562,38226400.0
2024-11-25,585.9967380709614,587.3064784870423,581.7741764917598,584.0516357421875,42441400.0
2024-11-26,585.2929516850081,587.7659115133398,584.5794372696156,587.1012573242188,45621300.0
2024-11-27,586.9155638447446,587.2967213513849,583.807301635719,585.3223266601562,34000200.0
2024-11-29,586.1335489255529,589.7403166328984,585.8598958585202,588.9583740234375,30177400.0
2024-12-02,589.3688921712513,590.6884762739834,588.8801705758093,590.0140380859375,31746000.0
2024-12-03,589.7794288278096,590.5320194756874,588.7531254655074,590.2876586914062,26906600.0
2024-12-04,591.9688854405287,594.1974247464545,591.3042312735546,593.9530639648438,42787600.0
2024-12-05,593.9530901421784,594.7546007001943,592.6237817496434,592.9756469726562,28762200.0
2024-12-06,593.738143242676,595.3313805479372,593.3276337729875,594.0997924804688,31241500.0
2024-12-09,593.9825191407734,594.1486677967985,590.4539631589937,591.0404052734375,34742700.0
2024-12-10,591.7148563090614,592.135149776554,588.5479495058842,589.2028198242188,37234500.0
2024-12-11,592.1155929499696,594.7057817338718,591.841880207483,593.7576904296875,28677700.0
2024-12-12,592.8974892997352,593.4643633790662,590.6982421875,590.6982421875,31543800.0
2024-12-13,592.7215354493896,593.4350498406591,589.2124883774769,590.5809326171875,35904700.0
2024-12-16,592.3306244931046,594.0705021581772,591.5584657830842,593.102783203125,43695200.0
2024-12-17,590.5613981975558,591.5192734247074,589.2907339933267,590.6591186523438,55773500.0
2024-12-18,590.3560537155035,592.7312332463192,572.6741417666346,573.0553588867188,108248700.0
2024-12-19,578.020816522432,579.6238377441589,572.6350947579137,572.8794555664062,85919500.0
2024-12-20,570.561034960996,584.27166262691,569.7175591199479,579.7603149414062,125716700.0
2024-12-23,579.5052825841503,583.8302883719545,576.3374745859168,583.2320556640625,57635800.0
2024-12-24,584.5756300016285,589.7539282690682,583.9969712723625,589.7146606445312,33160100.0
2024-12-26,587.9493923534018,590.8719573339298,586.5567683514358,589.7539672851562,41219100.0
2024-12-27,586.0271828680434,586.2626090728168,579.3778441686201,583.5459594726562,64969300.0
2024-12-30,576.5630589676712,580.3388565581548,573.1500678896946,576.8866577148438,56578800.0
2024-12-31,578.5441892688881,579.2601650774656,573.1599745686183,574.7880249023438,57052700.0
2025-01-02,578.0342139844852,579.740679758371,569.3154835989945,573.375732421875,50204000.0
2025-01-03,576.2100986967752,581.1823624210723,575.1312564616488,580.544921875,37888500.0
2025-01-06,584.7815995417147,588.1455060566466,582.1629997160619,583.8890991210938,47679400.0
2025-01-07,585.9094391002772,586.2330977215739,575.4744864171694,577.288818359375,60393100.0
2025-01-08,577.3575056942733,579.2012884483527,573.92494033326,578.1322631835938,47304700.0
2025-01-10,574.5918290616524,574.6604875516765,567.4030397334539,569.3056640625,73105000.0
2025-01-13,564.6765795569504,570.5413429214275,564.2646286559713,570.1882934570312,47910100.0
2025-01-14,573.101074063849,573.7287574980859,567.2068596443902,570.972900390625,48420600.0
2025-01-15,578.9561398854404,582.4965717179379,577.8479067851994,581.3589477539062,56900200.0
2025-01-16,582.7220679112103,582.8985926554029,579.5445027973688,580.2408447265625,43319700.0
2025-01-17,585.4584175885924,587.8121409710091,584.1343920679883,586.0664672851562,58070600.0
2025-01-21,589.0968809186732,591.4408471810177,587.1354148968001,591.4310302734375,42532900.0
2025-01-22,594.2456759945876,596.1090924921224,593.6964679520279,594.7556762695312,48196000.0
2025-01-23,594.1280457618639,598.001953125,593.8534716457165,598.001953125,41152100.0
2025-01-24,598.0608006812332,599.0121428376514,595.1087847128249,596.2562255859375,34604700.0
2025-01-27,583.3497595871564,588.1357411390088,583.1830517473746,587.8218994140625,70361100.0
2025-01-28,589.0477377122166,593.7062185767892,585.7426729191386,592.8726196289062,44433300.0
2025-01-29,592.0880171861997,592.4901511824414,587.6747192887742,590.21484375,37177400.0
2025-01-30,592.3234200043604,594.9125091757996,589.1457953617726,593.382568359375,39281300.0
2025-01-31,595.7952876097377,598.2079122989969,589.4695478929073,590.2247314453125,66566900.0
2025-02-03,581.2509726905776,588.7241528776601,579.1129820721995,586.2527465820312,65857200.0
2025-02-04,586.3115788306599,590.695426254437,585.7721876960313,590.1854858398438,33457800.0
2025-02-05,589.0674493379312,592.7255640609287,587.0471418694162,592.5784301757812,30653100.0
2025-02-06,594.3143418590737,594.7655005585997,591.0190935628144,594.6380004882812,35771500.0
2025-02-07,595.1970270806008,596.4131263461926,588.4887874469584,589.1949462890625,50788500.0
2025-02-10,592.3920797831685,593.8337283102429,591.1268961231351,593.1962280273438,26048700.0
2025-02-11,590.940506898082,594.1867299081784,590.822823756745,593.6473388671875,30056700.0
2025-02-12,587.6551628450902,592.9020598913557,586.9784547529548,591.7349853515625,45076100.0
2025-02-13,592.8334516677448,598.1882752794738,591.5781445820884,597.9822998046875,40921300.0
2025-02-14,598.1882471856823,599.2180047928703,597.3350143232245,597.952880859375,26910400.0
2025-02-18,599.1101412981178,599.7083740234375,596.6583089558027,599.7083740234375,26749000.0
2025-02-19,598.3255406648384,601.4148133650798,597.8155404050764,601.12060546875,31011100.0
2025-02-20,599.7573748000233,599.8946917719264,595.3245028060013,598.6197509765625,36554000.0
2025-02-21,598.4040443652323,598.5413613568134,587.9200057904889,588.3809814453125,76519800.0
2025-02-24,590.4208138598086,591.4113636230724,584.9973324269623,585.7034912109375,50737200.0
2025-02-25,585.6446767168586,586.3704094872951,578.200887648266,582.7907104492188,58266500.0
2025-02-26,584.4481941378576,588.0278934374002,580.4566037497201,583.0849609375,43321600.0
2025-02-27,585.3504072406853,586.4979078319449,573.3855137517263,573.7777709960938,74196700.0
2025-02-28,574.2780198233005,583.2615078706541,571.2181376161361,582.73193359375,88744100.0
2025-03-03,584.6933921520208,585.8310759519914,568.7270900553181,572.5225219726562,74249200.0
2025-03-04,568.5406690059347,574.1112244792533,561.2243803057662,565.7455444335938,109648200.0
2025-03-05,565.5789679172403,573.611174316589,562.0385358294819,571.8262329101562,71230500.0
2025-03-06,564.3921877543482,568.9918277562862,559.1354734261878,561.6755981445312,80094900.0
2025-03-07,559.9004915315724,566.2654391000913,554.7320094861279,564.82373046875,81158800.0
2025-03-10,556.6541826711317,558.56656383442,544.885388513382,549.7792358398438,99326600.0
2025-03-11,548.6220367842027,553.1530182295099,541.3842228164132,545.2090454101562,88102100.0
2025-03-12,551.3386407379146,552.2605321303586,543.022044250635,548.1022338867188,69588200.0
2025-03-13,547.7295658893665,548.337615563181,539.0893105175023,540.7957763671875,74079400.0
2025-03-14,545.3953858640715,552.9666753566005,540.8644044287432,551.96630859375,62660300.0
2025-03-17,551.9467972562945,558.733513867482,551.5152722686421,556.2228393554688,49008700.0
2025-03-18,553.9179548314441,554.1337472059147,548.2885573100283,550.2108154296875,66041400.0
2025-03-19,551.9858638215135,559.9494094443329,550.8089724785119,556.2030029296875,66556000.0
2025-03-20,552.4763086964069,559.5768056668136,551.7603329396793,554.5946655273438,62958200.0
2025-03-21,550.1543252489805,555.6727731535583,548.9247213465745,554.777587890625,83763000.0
2025-03-24,561.4863200959835,565.7653777464658,560.8961342321084,564.7128295898438,58766800.0
2025-03-25,565.9130116144462,567.0048857087957,564.3292958517305,566.0704345703125,38355700.0
2025-03-26,565.8047856022024,566.9261989456277,557.9353193986783,559.3125,51848300.0
2025-03-27,557.925492752828,561.5848258877031,555.7220517439531,557.8271484375,42164200.0
2025-03-28,556.3023922676962,557.0303082338021,546.0130443195492,546.5933837890625,71662700.0
2025-03-31,540.8585040275307,551.5609811237723,537.9467803924824,550.2625122070312,95328200.0
2025-04-01,548.3542481941281,553.7546597137996,544.6457430717568,551.8167724609375,54609600.0
2025-04-02,545.993267113699,558.1614216885134,545.7571927870193,555.3087768554688,76014500.0
2025-04-03,536.2156217305293,539.0289417295002,527.94287109375,527.94287109375,125986000.0
2025-04-04,515.1253487932553,517.2894637749819,496.8190194100305,497.0354309082031,217965100.0
2025-04-07,481.2080255942762,514.6335641978739,473.93859175396926,496.1501770019531,256611400.0
2025-04-08,513.344881818952,516.413968489066,481.1784603514281,488.3790283203125,165816600.0
2025-04-09,485.3886419991045,539.6682739257812,485.00499114058437,539.6682739257812,241867300.0
2025-04-10,523.4866909882965,524.7950065034121,501.0095530572283,516.0205688476562,162331200.0
2025-04-11,514.47613358467,527.6771446389012,511.58410272380377,525.227783203125,97866300.0
2025-04-14,535.1728543881914,535.3991423599505,525.1491197771261,530.3233032226562,68034000.0
2025-04-15,530.8642142693149,534.3661235223595,528.0508951584542,528.8378295898438,56892900.0
2025-04-16,523.0046160988867,529.1133096787019,511.80045133694625,517.0828247070312,83484800.0
2025-04-17,519.0305887702018,522.5029590498531,515.3614098145464,517.8206176757812,79868100.0
2025-04-21,512.6562995153043,513.1875268574667,500.16354114488826,505.4951171875,69368100.0
2025-04-22,511.6529994400941,520.6635112296127,510.71848838241135,518.64697265625,75948100.0
2025-04-23,531.6119173418257,536.5303334599773,525.1688042348989,526.6836547851562,90590700.0
2025-04-24,527.9623626642604,538.4976302405015,526.7131259585628,537.7697143554688,64150400.0
2025-04-25,537.7304480905381,542.0586181694788,534.8187241892716,541.6553344726562,61119600.0
2025-04-28,542.3931048050576,544.5178341418862,536.127047500035,541.8618774414062,47613800.0
2025-04-29,539.9535693584907,546.3868965128709,539.5994577828174,545.2753295898438,47775100.0
2025-04-30,538.6353953740775,547.4393716679848,532.6841242611865,545.4916381835938,93101500.0
2025-05-01,551.2265660956555,554.8662060499098,548.7575115851928,549.3575439453125,63186100.0
2025-05-02,555.5154232826195,559.1058911654948,553.2037916578166,557.5123291015625,60717300.0
2025-05-05,553.390643044351,557.4040871519024,552.5348434974896,554.3153076171875,38659200.0
2025-05-06,548.8263293740373,554.157875203981,547.872185543118,549.68212890625,48264700.0
2025-05-07,551.0100913517826,554.62019137936,546.9671083359827,551.9937744140625,55588000.0
2025-05-08,556.0170826268422,561.0043636579312,552.5348657113146,555.8400268554688,65130800.0
2025-05-09,557.2368112120467,558.2401872369107,553.577538715433,555.1317749023438,37603400.0
2025-05-12,571.9822603015932,573.487324465949,567.6245507869492,573.4774780273438,78993600.0
2025-05-13,573.890562385163,579.4680890959,573.3299158219985,577.2646484375,67947200.0
2025-05-14,578.2188228927168,579.3697154326957,575.9858428026291,578.00244140625,66283500.0
2025-05-15,576.0054901792878,581.3271894858746,575.5529743261593,580.8255615234375,71268100.0
2025-05-16,581.6027001482121,584.7996705930015,579.664873035907,584.5045776367188,76052100.0
2025-05-19,578.5040593733968,585.8226647003453,578.5040593733968,585.1439208984375,68168500.0
2025-05-20,583.4127701733858,584.3570677411167,579.9796649330231,583.1766357421875,60614500.0
2025-05-21,578.8385171464103,582.910979810613,572.3265394745135,573.3495483398438,95197700.0
2025-05-22,573.1528300863163,577.0482371941405,571.9232260794693,573.5758666992188,70860400.0
2025-05-23,566.5818940711587,572.3167845833995,566.2080896099602,569.6608276367188,76029000.0
2025-05-27,576.5072061511252,581.6616963869777,568.9918522772189,581.5043334960938,72588500.0
2025-05-28,581.9075989404909,583.0978771602481,577.412159762467,578.1400756835938,68445500.0
2025-05-29,583.383198499108,583.5209285665185,576.5072620387259,580.4223022460938,69973300.0
2025-05-30,579.3204944032111,581.4846092815853,573.7233350319688,579.7730102539062,90601200.0
2025-06-02,578.1696356443219,583.1175308206884,575.51367904973,583.0388793945312,61630500.0
2025-06-03,582.6748967264019,587.3375451970118,582.1928415555221,586.3637084960938,63606200.0
2025-06-04,587.2195824432733,588.1934192676081,585.7735368258813,586.2063598632812,57314200.0
2025-06-05,587.8786382444381,589.2262795230108,581.4059855081334,583.3733520507812,92278700.0
2025-06-06,588.8917438854173,591.0263796061765,587.1211261759919,589.3639526367188,66588700.0
2025-06-09,589.9344062766999,591.4394702547755,588.7244952632093,589.8950805664062,53016400.0
2025-06-10,590.4262447121249,593.623214804717,589.3147380391201,593.2396240234375,66247000.0
2025-06-11,594.3315085062023,595.1873080200999,589.4918043518763,591.5476684570312,73658200.0
2025-06-12,590.2197163908625,593.898681640625,589.7377212700143,593.898681640625,64129000.0
2025-06-13,588.7344360351562,592.0297509680191,585.7636933525403,587.2589111328125,89506000.0
2025-06-16,590.6033640975234,594.5872686908244,590.42624830293,592.8461303710938,79984100.0
2025-06-17,590.4165373080118,591.9313878788944,587.0228181324287,587.7802734375,82209400.0
2025-06-18,588.6753335186196,591.4099413940326,586.7374465360585,587.691650390625,76605000.0
2025-06-20,590.3564623402502,591.421997724495,584.9104595060545,586.3114624023438,94051400.0
2025-06-23,587.0611349460189,592.4873858895392,583.9534091720473,592.1026611328125,87426000.0
2025-06-24,596.2266992885851,599.699459496435,595.3189919942236,598.6438598632812,67735300.0
2025-06-25,599.7586945360007,600.4493204937829,597.4204779573378,598.9793090820312,62114800.0
2025-06-26,600.8242007377552,604.0996909412141,600.2125189749694,603.6655883789062,78548400.0
2025-06-27,604.6620460106875,608.1249909093486,602.6395460052738,606.664794921875,86258400.0
2025-06-30,609.1017606660369,610.9170549934429,606.793110456443,609.5654296875,92502500.0
2025-07-01,608.0954226976304,610.532334615444,607.2667196950123,609.3681640625,70030100.0
2025-07-02,608.9635746030316,612.1699961712587,608.3420172970813,612.1305541992188,66510400.0
2025-07-03,614.1036930875782,617.882354174148,614.0839419945853,616.9549560546875,51065800.0
2025-07-07,615.0014790783108,615.6625385416997,609.5851029977032,612.357421875,74814500.0
2025-07-08,613.0184402574613,613.7682592313246,611.2130216520668,612.0220336914062,59024600.0
2025-07-09,614.4194576258184,616.3432624074327,612.5843521193799,615.692138671875,66113300.0
2025-07-10,615.8302548644143,618.4644365752275,614.6562088976586,617.4285278320312,57529000.0
2025-07-11,614.3897295883519,616.4812978948729,613.1959929007123,615.2579345703125,63670200.0
2025-07-14,614.8042291186631,616.7774117864018,613.4624793566222,616.43212890625,51898500.0
2025-07-15,619.1057784945341,619.4411858079188,613.7189684346675,613.7979125976562,74317300.0
2025-07-16,615.3764310442137,616.3531467698953,609.7627242916457,615.8499755859375,88987500.0
2025-07-17,616.0275671883336,619.9739319743786,615.8104858123922,619.6187133789062,68885700.0
2025-07-18,620.861886140426,621.0295897988693,618.0600006009754,619.1649780273438,65621600.0
2025-07-21,620.3389892578125,623.0718060276608,619.9147622533486,620.3389892578125,63375000.0
2025-07-22,620.6645676893623,621.2861250306559,617.7936134788556,620.4277954101562,60046300.0
2025-07-23,623.0816274772815,625.7059936523438,621.2860243619085,625.7059936523438,70511000.0
2025-07-24,626.0908482604223,627.6201130303268,625.4890419873703,625.9132690429688,71307100.0
2025-07-25,626.5742531786653,629.0308557161836,626.3276053702117,628.5572509765625,56865400.0
2025-07-28,628.9321516432593,629.4846403177779,627.0181622678288,628.3994140625,54917100.0
2025-07-29,629.7904764849706,630.1061928990167,625.8342963044605,626.741943359375,60556300.0
2025-07-30,627.3930824208583,629.129492632239,623.0718079865017,625.9526977539062,80418900.0
2025-07-31,630.8856625012866,631.2703873241156,622.3121821287813,623.6046142578125,103385200.0
2025-08-01,617.9020886786027,617.9415908673775,610.9860743719428,613.3834838867188,140103600.0
2025-08-04,617.280474690056,622.7560435889075,617.1917152069655,622.7067260742188,73218000.0
2025-08-05,623.3184684441039,624.1274805006751,618.6321599743907,619.5496826171875,68051400.0
2025-08-06,620.6152614930611,624.946411865637,619.7076143339553,624.2952880859375,64357500.0
2025-08-07,627.7087670325432,628.4388348760696,620.6743670535704,623.7722778320312,74205800.0
2025-08-08,625.5580097272857,629.0998986072367,625.2422933193634,628.6361694335938,64051600.0
2025-08-11,628.9123942278318,630.3824053553956,626.14989093076,627.3930053710938,58742300.0
2025-08-12,629.7313011159781,634.2301547632397,628.2514142554742,634.0723266601562,64730800.0
2025-08-13,636.262488727692,637.5253543368295,634.0624096748859,636.2427978515625,60092800.0
2025-08-14,634.1709920856589,636.9630622902898,633.7270741796365,636.3020629882812,59327500.0
2025-08-15,637.3280514224831,637.4267466743545,633.9046087993034,634.812255859375,68592500.0
2025-08-18,634.2400307460651,635.3647592128409,633.5691559281859,634.6741333007812,43804900.0
2025-08-19,634.4966330719253,635.4733488874094,629.9188346918554,631.2310180664062,69750700.0
2025-08-20,630.8264521540534,631.0829152899969,624.4629267215348,629.5537109375,88890300.0
2025-08-21,627.7483287539096,629.4156102095885,625.3114169787772,627.028076171875,54805800.0
2025-08-22,629.2083536818665,637.8311503175282,628.7051825829001,636.6571044921875,84083200.0
2025-08-25,635.404241216521,636.6374803454853,633.736899505491,633.8552856445312,51274300.0
2025-08-26,633.5888838455812,636.85449832521,632.9673265691392,636.5091552734375,51581600.0
2025-08-27,635.9270971923372,638.6895405097797,635.7790844255956,637.95947265625,48341100.0
2025-08-28,638.5612839961418,640.7712386679527,636.6867968305069,640.21875,61519500.0
2025-08-29,638.7882298477452,639.1533240222955,634.5163329434167,636.4006958007812,74522200.0
2025-09-02,628.9518765829083,631.9017745733,626.406454480519,631.6847534179688,81983500.0
2025-09-03,634.05255551225,635.5719445130327,631.8722274787872,635.1082153320312,70820900.0
2025-09-04,635.7790859642552,640.4457033002755,634.8813144651941,640.4160766601562,65219200.0
2025-09-05,642.7444777894012,643.4647303823592,634.7037948627997,638.5613403320312,85178900.0
2025-09-08,639.922799046398,641.1264716601992,638.5514227841185,640.1300048828125,63133100.0
2025-09-09,640.2681753176894,642.1328474672615,638.5416404125504,641.6099853515625,66133900.0
2025-09-10,644.855788891868,645.7733115580726,641.9058905935132,643.4647216796875,78034500.0
2025-09-11,645.4081991313436,649.5025765403432,644.8261440671411,648.8119506835938,69934400.0
2025-09-12,648.7823644090812,650.2721267910674,648.0917987261137,648.5949096679688,72780100.0
2025-09-15,650.7950437367242,652.1762353081463,650.499078415473,652.0479736328125,63772400.0
2025-09-16,652.6004677140577,652.9063688014267,650.3708221309846,651.1502075195312,61169000.0
2025-09-17,651.1601352003632,652.8471677889224,645.5266771850337,650.3412475585938,101952200.0
2025-09-18,653.0149098952402,655.9746837040749,651.4166368558095,653.3799438476562,90459200.0
2025-09-19,655.2606553211801,657.4569312262267,653.3215535907623,656.6160278320312,97945600.0
2025-09-22,655.1321051686223,660.1677438905001,655.1023963856023,659.7225952148438,69452200.0
2025-09-23,659.6037107504653,660.2171487108257,654.9143129749383,656.1312255859375,81708900.0
2025-09-24,657.4173382288552,657.5162467217733,652.6289715744526,654.043701171875,68082200.0
2025-09-25,650.91749472694,652.3717757310584,647.4251431178142,651.0263061523438,89622100.0
2025-09-26,652.4707007820219,655.3001599546333,650.8580938277397,654.7560424804688,69179200.0
2025-09-29,657.2689261670223,658.1791500054463,654.7956099654933,656.59619140625,73499000.0
2025-09-30,655.8541471878013,659.5344728182262,654.5482290856307,659.0694580078125,86288000.0
2025-10-01,656.0916347397471,662.2254710850941,655.9828233173913,661.3153076171875,72545400.0
2025-10-02,663.2939389771905,663.4126533220159,659.6631277666079,662.0770263671875,56896000.0
2025-10-03,662.838842966907,665.5001336306916,661.0283585893458,662.0671997070312,70494400.0
2025-10-06,664.451431246289,665.3319462864663,662.314512664693,664.4415283203125,54623300.0
2025-10-07,665.3616291701808,665.8068381763353,660.5436138980969,661.9781494140625,72020100.0
2025-10-08,663.0960778489103,666.0245059882836,662.2749199573431,665.925537109375,60702200.0
2025-10-09,666.3411584665431,666.7467557943302,662.0672604073742,663.9963989257812,66501900.0
2025-10-10,664.9560020556908,666.7565834688588,645.8719162752307,646.0499877929688,159422600.0
2025-10-13,653.5985682812151,658.030731623523,652.7279561413051,655.9630126953125,79560500.0
2025-10-14,650.1556923521978,658.7232938317348,646.1983862715207,655.1616821289062,88779600.0
2025-10-15,659.70272543157,663.076302337462,651.8969246006144,658.0703125,81702600.0
2025-10-16,659.7027147054259,661.5725563129243,650.0963324960569,653.5886840820312,110563300.0
2025-10-17,652.4608239631079,658.6540174880462,651.1153544209424,657.2986450195312,96500900.0
2025-10-20,660.197387427611,665.0352086527322,660.1479331778372,664.1348876953125,60493400.0
2025-10-21,664.2733620876278,665.8068060270512,662.8289237149189,664.1249389648438,56249000.0
2025-10-22,664.8274246920023,664.8274246920023,656.2202718491607,660.6722412109375,80564000.0
2025-10-23,660.988802941274,665.5298380529869,660.6722112216523,664.5899658203125,65604500.0
2025-10-24,669.2397551553117,671.2282504877203,668.4384031904034,670.0213012695312,74356500.0
2025-10-27,675.4428672302427,678.2228723013301,674.8393925526769,677.9260864257812,63339800.0
2025-10-28,679.7167206093349,681.5568533012904,677.520444889974,679.7266235351562,61738100.0
2025-10-29,681.3688612448931,682.338442194909,675.5813258562629,680.0531005859375,85657100.0
2025-10-30,676.6004800474726,678.6186845559015,672.5739135742188,672.5739135742188,76335800.0
2025-10-31,677.7282029402567,677.7678146457715,671.9901213244605,674.780029296875,87164100.0
2025-11-03,678.3514739521635,678.4800912258883,672.6826525168186,676.04638671875,57315000.0
2025-11-04,668.8934850512616,672.702428076588,667.3798469971412,668.0327758789062,78427000.0
2025-11-05,667.7755543304748,673.5927987432043,666.9742023136038,670.3478393554688,74402400.0
2025-11-06,669.2496813312496,670.150002278421,661.5824008089137,663.1554565429688,85035300.0
2025-11-07,660.781013040124,663.9172214121945,654.1525740278607,663.808349609375,100592400.0
2025-11-10,670.011442763763,674.8987178962867,667.8250699305912,674.1666259765625,75842900.0
2025-11-11,672.6925273614432,676.2738842563608,671.485517700804,675.7099609375,58953400.0
2025-11-12,677.4808612736824,677.6490902522322,673.6818813898049,676.0859375,62312500.0
2025-11-13,673.2367288900627,673.5928719621189,663.3632690735044,664.8670043945312,103457800.0
2025-11-14,658.2780414721369,668.4482860302248,656.1905771441307,664.7581176757812,96846700.0
2025-11-17,662.5519561070769,666.5191649555097,655.1022987242936,658.56494140625,90456100.0
2025-11-18,655.0330664835586,658.0208519047019,648.8596786437042,653.03466796875,114467500.0
2025-11-19,653.7271433162842,660.217122241199,651.718781691756,655.557373046875,94703000.0
2025-11-20,665.7276649913678,668.3494043558474,644.9320631333248,645.5652465820312,165293500.0
2025-11-21,648.0582892153691,657.4568906385811,643.9031059831046,651.995849609375,123956200.0
2025-11-24,655.6167748873626,662.9081062970187,654.5285399004904,661.59228515625,80437900.0
2025-11-25,661.4933143363089,668.9924253407057,657.3875856310649,667.8151245117188,81077100.0
2025-11-26,670.3973078307199,674.4238738525114,669.4969869185696,672.4254150390625,71879600.0
2025-11-28,673.5928610720755,676.3728662652451,673.2367180057771,676.0958862304688,49212000.0
2025-12-01,671.5647168500374,675.7000943604489,671.4954567492206,673.0091552734375,61201200.0
2025-12-02,674.6414676887413,676.5212120744054,672.0791460292079,674.2556762695312,62953800.0
2025-12-03,673.3059439079583,677.5995871066391,672.4353317565424,676.5905151367188,57238500.0
2025-12-04,677.9854045442221,678.05466464181,674.0677104452674,677.0851440429688,61970300.0
2025-12-05,678.1535936302283,681.0424704296607,677.2731389541586,678.3712768554688,79241000.0
2025-12-08,679.2617413091358,679.3111955598065,674.2953027143022,676.3333129882812,55231500.0
2025-12-09,675.8584445640498,678.0745263345831,675.3044241214166,675.7495727539062,58310100.0
2025-12-10,675.2746659471688,681.6162219852988,674.0380078724895,680.231201171875,85671300.0
2025-12-11,677.82719343181,681.8933109790751,674.8888622374254,681.8141479492188,86173700.0
2025-12-12,680.8248329648462,681.5272765513724,671.9208940415416,674.4832763671875,113160300.0
2025-12-15,678.4207075198718,678.4405133715769,671.999988545765,673.4641723632812,90811000.0
2025-12-16,671.9802275249427,673.8105178026394,667.7755898483048,671.6240844726562,122030600.0
2025-12-17,672.6331978735437,673.1773153631458,664.035948310003,664.2338256835938,110625200.0
2025-12-18,670.3676386439364,673.47413846835,667.6965052957117,669.2496948242188,108650100.0
2025-12-19,671.3463691548195,675.8114935895343,671.2272434527378,675.3153686523438,103599500.0
2025-12-22,678.639344063116,680.0483218496023,675.3153313921905,679.5224609375,69556700.0
2025-12-23,678.6195066727895,682.8663651395233,678.5699062922599,682.6282348632812,64840000.0
2025-12-24,682.6183200290311,685.4760045408373,682.4694583215327,685.0294799804688,39445600.0
2025-12-26,685.2874813951044,686.2995351048382,683.9281038851597,684.9600219726562,41613300.0
2025-12-29,682.2114479341877,683.8586166189733,680.7528697076866,682.51904296875,62559500.0
2025-12-30,682.1221392108215,683.2235219572843,681.2588867271484,681.685546875,47160700.0
2025-12-31,681.8145855439083,682.0328514439952,676.4266760541103,676.635009765625,74144800.0
2026-01-02,680.3956585252009,681.5466416904673,674.5512924418268,677.8753051757812,89377200.0
2026-01-05,681.2192280630002,684.0868448237256,681.0604947255163,682.3900756835938,71927200.0
2026-01-06,682.5984300063299,686.9544213697425,682.4496288665487,686.4483642578125,69273800.0
2026-01-07,686.8254142672773,688.5817158514149,683.9776620917838,684.2356567382812,75588300.0
2026-01-08,683.4815439165204,685.2675815209567,682.1618346683338,684.1661987304688,64019200.0
2026-01-09,685.2775150455628,689.9212370510019,683.8387406584166,688.6908569335938,80125500.0
2026-01-12,685.3270791782115,690.6951844685583,685.277478801028,689.7723388671875,63976000.0
2026-01-13,690.0998291255927,690.6952153647912,685.9919002674054,688.3931884765625,78309700.0
2026-01-14,685.6445758579941,686.3589666067269,680.7229953056234,685.009521484375,94676700.0
2026-01-15,689.1869590187856,690.0601436981007,685.8926823763012,686.875,77862000.0
2026-01-16,688.28406040864,688.8695145151978,684.7516530771834,686.299560546875,79289200.0
2026-01-20,676.2083446056304,679.4629532027941,671.3264922720098,672.3286743164062,111623300.0
2026-01-21,674.3826370735425,683.402154325963,672.8743979165272,680.0880737304688,127844500.0
2026-01-22,684.5035723961656,685.7736813437502,681.5962874434288,683.6403198242188,77112200.0
2026-01-23,682.8167194920136,685.6049389887335,681.8343413244536,683.8883056640625,63059600.0
2026-01-26,685.138576123168,688.7503800429489,684.5729864520383,687.3612060546875,60473800.0
2026-01-27,688.8000086063018,691.1318321418594,688.1947507195304,690.099853515625,55506100.0
2026-01-28,691.6477676593287,692.4316838253299,688.5618850633444,690.0303955078125,61172200.0
2026-01-29,690.9928952881424,691.657685737667,679.5224893166136,688.6610717773438,97486200.0
2026-01-30,686.4285189892349,688.8298072906449,681.7947290319643,686.6071166992188,101835100.0
2026-02-02,684.2356737126761,691.5286859406688,684.0768798206813,690.0204467773438,79286500.0
2026-02-03,690.8142565672537,691.5584439188771,678.7286612443456,684.18603515625,107904600.0
2026-02-04,684.9996196944911,686.0911308029831,676.476227895848,680.8718872070312,105204600.0
2026-02-05,675.6626239798336,678.3913111024622,670.5525129616972,672.3683471679688,113610800.0
2026-02-06,676.1785962582386,686.9444827733389,675.5732778299765,685.267578125,89127600.0
2026-02-09,684.0768565720822,690.4768800480663,683.0052703670985,688.57177734375,73885200.0
2026-02-10,689.5640042757049,691.1416475283962,686.2994637039938,686.7559204101562,65185700.0
2026-02-11,690.9928885783248,691.7370759669038,683.8387453470867,686.5972290039062,76353900.0
2026-02-12,688.859502308346,689.9608850687785,675.0970022106213,675.9900512695312,118829000.0
2026-02-13,676.4068370573647,680.961290747747,672.2691719299015,676.4663696289062,96267500.0
2026-02-17,674.8688419019007,679.6316291710169,670.5426469985775,677.5578002929688,81354700.0
2026-02-18,678.7187643851827,683.8090109802145,677.53798463666,680.9711303710938,73570300.0
2026-02-19,678.5401160314528,680.86194660128,676.2678252760687,679.1751098632812,58649400.0
2026-02-20,677.0319706522042,684.71197532004,676.4465165538227,684.0868530273438,100034000.0
2026-02-23,682.4992209190492,684.6523861034582,675.0970153480879,677.1013793945312,90558100.0
2026-02-24,676.6151751251432,683.0151380016027,674.7298762460771,682.0228881835938,73798700.0
2026-02-25,684.8309407846423,688.3038149887374,684.7515438454409,687.7779541015625,56369500.0
2026-02-26,687.9069589925494,687.926762805978,679.0461151309984,683.957763671875,71671000.0
2026-02-27,677.7959129218735,681.536653322228,676.3571386622976,680.6734008789062,83308900.0
2026-03-02,673.4400139353526,683.2831159083878,672.765291276125,681.0604858398438,87477200.0
2026-03-03,669.8281968363514,677.3196712649806,664.4700232973693,675.057373046875,105003100.0
2026-03-04,676.3473157204403,681.7650220692323,674.3528836974749,679.8201904296875,79182200.0
2026-03-05,676.7937758642711,680.2170498641997,670.3738880206191,676.0297241210938,106606500.0
2026-03-06,668.1909311447467,670.8700177972564,664.5692556037578,667.1689453125,100687000.0
2026-03-09,661.2253729422058,674.650481531912,657.2563736570586,673.0133056640625,102667700.0
2026-03-10,672.4674947413112,678.0637980596332,669.5304741395607,671.9317016601562,81505300.0
2026-03-11,672.3286301094125,674.8092545860501,668.1215006869746,671.0883178710938,68441700.0
2026-03-12,665.958337853126,666.444591119081,660.7093583022987,660.8978881835938,108882200.0
2026-03-13,664.0831110227487,667.1293254881115,656.2343803863124,657.1571655273438,97200200.0
2026-03-16,663.199923076128,666.8613272435379,661.9496786440191,663.8449096679688,82023100.0
2026-03-17,667.1788836379297,669.2129836950214,664.5097291491037,665.5912475585938,87128000.0
2026-03-18,663.1801174312507,664.5295627375546,656.0657027257738,656.3038330078125,82062600.0
2026-03-19,651.8783174953539,657.8417484417536,650.0922799802194,654.6864013671875,111272500.0
2026-03-20,653.2010079047443,653.380093364961,641.4703940766159,645.301025390625,163617500.0
2026-03-23,654.7531040433624,659.2801583045331,650.6439158314106,652.07666015625,134802700.0
2026-03-24,648.0371459178807,653.7183875512989,646.604401549905,649.8877563476562,96457500.0
2026-03-25,655.3500504609481,657.5588924447279,650.9423865337293,653.5093994140625,90653800.0
2026-03-26,648.773401781548,651.5493174066021,641.5699034672713,641.8385620117188,96494400.0
2026-03-27,639.2615657472361,639.4207325687934,629.9188801961861,630.8939819335938,103649400.0
2026-03-30,636.8836547011163,637.1423539459004,626.108284608157,628.78466796875,99275900.0
2026-03-31,635.719508676349,648.255975728372,634.7643255692599,647.0620727539062,152534100.0
2026-04-01,650.6041659517412,655.2008748639518,649.7086779392242,651.9373779296875,97841500.0
2026-04-02,643.161809607987,654.8824636102106,641.858414876014,652.5244140625,68358700.0
2026-04-06,652.5542919409455,656.3948220300638,652.2160396308291,655.6088256835938,39105800.0
2026-04-07,653.3402849463747,656.285326673986,647.7784337275787,655.8972778320312,69980400.0
2026-04-08,672.980811715349,673.6673363432215,668.0756676404139,672.6027221679688,93606100.0
2026-04-09,671.438579338256,677.7266707213284,670.3739652533407,676.4829711914062,57134400.0
2026-04-10,677.885949822129,678.5923930707559,675.0304203424645,676.0353393554688,42253500.0
2026-04-13,673.9956432299357,682.8408497944083,673.1698703787699,682.641845703125,54185800.0
2026-04-14,684.2238203737314,691.0791070995066,684.193942434314,690.959716796875,63480500.0
2026-04-15,691.7557051691649,696.7504224001667,690.7010502942645,696.412109375,58240400.0
2026-04-16,697.5264615426626,699.2378238459212,695.0092450197437,698.1234130859375,49972400.0
2026-04-17,702.5808909886877,708.7993894133457,702.2028014262665,706.5607299804688,70661900.0
2026-04-20,705.20752199003,706.3317705126415,702.5808139687996,705.1477661132812,43546800.0
2026-04-21,706.7000123508461,707.6949720613851,699.098505587723,700.53125,58941400.0
2026-04-22,705.5756906371417,707.8640857857167,704.6503246823615,707.6253051757812,42518500.0
2026-04-23,705.9239069650033,708.7694771316526,698.7403270820959,704.8792114257812,56174000.0
2026-04-24,707.1676287635845,710.8688498134599,705.4364085481575,710.341552734375,45182000.0
2026-04-27,709.5753882284523,712.023010938504,708.7097781525541,711.5653076171875,33135900.0
2026-04-28,708.2321938525355,709.2868486650957,705.6751402340362,708.1028442382812,43117400.0
2026-04-29,707.4163145996059,708.6102783309316,704.7995658491443,707.993408203125,41859200.0
2026-04-30,711.0280636665188,716.1620290590424,706.8691393587039,715.0377197265625,67240900.0
2026-05-01,717.6146516977453,721.216400793299,716.8385540170647,717.0177001953125,43049800.0
2026-05-04,716.4406056700121,718.4802608161392,711.3861936216806,714.3909912109375,51950600.0
2026-05-05,718.1320898558575,721.3855668152729,717.8534719876392,720.1220092773438,36933200.0
2026-05-06,724.489821452625,730.8874657022126,724.1515691652952,730.1312866210938,53288900.0
2026-05-07,731.3451201928577,732.4196936796947,726.0718458933673,727.8926391601562,51724600.0
2026-05-08,731.2257166531052,734.359863963193,730.8675457398152,733.9021606445312,47227100.0
2026-05-11,732.7380586745534,737.0561496205491,732.7380586745534,735.5736694335938,44024000.0
2026-05-12,733.1758744234386,735.1160580011854,728.1413807257971,734.4593505859375,54185300.0
2026-05-13,734.7478704606156,740.1604537310201,731.7629913201908,738.5685424804688,44200200.0
2026-05-14,739.9018102364839,745.7521781705404,739.8122371427646,744.3989868164062,45307600.0
2026-05-15,738.0511867146383,739.712813256131,734.2405345152865,735.4443969726562,60410800.0
2026-05-18,736.1010471042457,737.682999009625,729.6935042484962,734.927001953125,47843900.0
2026-05-19,731.0765556379026,733.9320852676053,727.8429364442825,730.0317993164062,54255900.0
2026-05-20,732.0018002736176,738.1307251173267,730.1909663879147,737.5138549804688,45768000.0
2026-05-21,734.9170485709385,741.1156280791548,733.3151780259534,738.9764404296875,43332200.0
2026-05-22,742.4787264390759,745.1651298094138,740.7275876279662,741.8817749023438,41762000.0
2026-05-26,746.2297301040182,748.3390397979183,744.5979816306177,746.8068237304688,41123600.0
2026-05-27,747.0953563113346,747.5928361692701,744.4487294597059,746.677490234375,42106300.0
2026-05-28,746.4685193943138,751.3438462445121,745.4536410614309,750.7965698242188,41562600.0
2026-05-29,752.0900813404212,754.2590862562773,750.8861582097875,752.6671142578125,55075700.0
2026-06-01,751.5527711685265,756.4480167905853,750.8861651495049,754.7167358398438,43634900.0
2026-06-02,753.2144012702464,756.5674107365072,752.9357833937803,755.7415771484375,31581900.0
2026-06-03,754.3287420712209,754.9754294579049,749.7718095132926,750.4384155273438,51402500.0
2026-06-04,748.3091480570178,754.4878695071194,747.6823186029123,753.2740478515625,49923000.0
2026-06-05,748.5181345185488,749.0255736853693,731.82274221843,733.83251953125,93989400.0
2026-06-08,739.6132273185567,741.5832888174093,734.4693026781229,735.4940795898438,49319100.0
2026-06-09,739.881873688386,743.1354112835509,718.9479438267383,733.3350219726562,87683500.0
2026-06-10,729.69352181897,734.6583610930755,721.6741489247238,721.7736206054688,60341300.0
2026-06-11,725.0868662900759,736.2702039965386,720.7587550057447,734.04150390625,86330500.0
2026-06-12,736.9766163198905,740.6877965432628,731.3252525489901,738.0113525390625,57079500.0
2026-06-15,748.0604304424444,752.8661028247,747.9709180763429,751.0254516601562,60176400.0
2026-06-16,750.7468576807364,751.6323864215939,746.100412710964,746.5481567382812,67093100.0
2026-06-17,747.5032315039188,748.3589429763433,735.4940609532621,737.225341796875,85945200.0
2026-06-18,745.907751654771,746.3765582049119,742.0173878962117,744.8902587890625,80875700.0
2026-06-22,745.8479411927095,748.321778689857,741.2892538871644,742.546142578125,46628100.0
2026-06-23,731.9922892059834,737.7978798883457,730.4860198600484,731.7628784179688,66846800.0
2026-06-24,733.3489180103626,738.1171068570358,729.0296875445486,731.4237060546875,57439500.0
2026-06-25,737.0796452204372,737.5385276888334,727.7927091295785,732.4810791015625,53934400.0
2026-06-26,727.144386135875,734.7056273477464,714.8050317832251,727.1842651367188,71034000.0
2026-06-29,734.7055914816465,739.7231001504891,730.27658724538,739.1644897460938,58035200.0
2026-06-30,739.4537599262709,746.1671307285668,739.0547872797607,744.9202270507812,55626000.0
2026-07-01,743.1545925484338,747.5835968507926,740.541087308444,743.9127197265625,47100900.0
2026-07-02,745.5486859530862,749.4489739445169,738.1969465958291,742.9351806640625,57447800.0
2026-07-06,746.885320136641,750.5462122974698,745.5585975722108,749.4190673828125,50673300.0
2026-07-07,748.3616416292718,749.0998597580657,743.364102770238,745.85791015625,43721500.0
2026-07-08,741.3191472958572,744.3017921335774,737.6782249675691,743.5536499023438,43767400.0
2026-07-09,745.4987759890873,750.1073272936331,743.7431866839036,749.8480224609375,41441700.0
2026-07-10,750.187115173852,753.5487626123848,746.2468873823584,753.0799560546875,42191300.0
2026-07-13,750.6060836597362,752.0425191788765,746.1471851864706,747.3142700195312,44013600.0
2026-07-14,749.0499474324819,751.4739818301254,746.8055207475287,749.9677124023438,35143100.0
2026-07-15,752.3717122204262,753.7084197839658,748.3417413555546,752.9403076171875,43844800.0
2026-07-16,750.8953984161742,752.7009125511715,746.0274814662645,748.8604125976562,46409800.0
2026-07-17,740.241827732839,745.438883195828,738.9649691671198,741.4487915039062,62651000.0
2026-07-20,745.2094908804986,746.8753371556621,739.6732506975046,740.2518310546875,50422300.0
2026-07-21,744.4413918284653,747.1845799829406,742.3366329839115,746.426513671875,34324300.0
2026-07-22,744.7705725456777,748.1621748950539,744.5211918106933,745.55859375,32836200.0
2026-07-23,737.5385562389782,740.7206569606348,733.3888874570794,736.3515014648438,55437300.0
2026-07-24,736.6806667930385,741.8777222786117,735.4636571620507,737.099609375,44782000.0
2026-07-27,743.0648074406847,743.6833276942111,734.0472217265344,737.25927734375,41461200.0
2026-07-28,737.3589950224286,740.9500533043114,734.156924420905,739.0248413085938,47322200.0
2026-07-29,738.1370526174048,740.8403618199718,727.2939826612791,727.6531372070312,70697200.0
2026-07-30,734.2267392747757,740.6109103701467,732.7703947650456,739.852783203125,66811300.0
2026-07-31,742.835410914187,747.0449895804718,735.8527500027326,745.1796264648438,62445900.0
2026-08-03,747.5836183167282,756.7009928898597,746.9451890027125,755.793212890625,59927500.0
2026-08-04,758.7458651152236,771.494176400126,758.6361522059436,769.4193725585938,69154800.0
2026-08-05,773.928165423025,774.9256883846499,767.6039039413469,767.8831787109375,44689100.0
2026-08-06,768.3021872511085,769.9081846177485,765.5589990885744,766.65625,38416900.0
2026-08-07,769.1101628301597,772.0029428489042,767.703621378493,771.3446044921875,43586300.0
2026-08-10,770.6861849056471,773.1301282404592,769.7086319253093,771.1151733398438,39249500.0
2026-08-11,772.6115040483734,772.6912620504304,767.2946895097219,768.6513061523438,36740600.0
2026-08-12,772.7910096110111,772.9805414027246,769.369513273419,770.5764770507812,33179100.0
2026-08-13,772.9506321027081,777.4394855444215,772.1925048911166,775.9531860351562,35634500.0
2026-08-14,776.6114939657781,776.8708596736758,773.509212209858,774.4169921875,31367900.0
2026-08-17,774.2573577843602,774.8559080861019,770.5964655970525,770.7560424804688,34356600.0
2026-08-18,766.7959149360092,767.5939211307613,765.0202948350139,765.5490112304688,43920900.0
2026-08-19,768.4517358705159,770.5564946026684,766.1973243479778,767.1549682617188,40306000.0
2026-08-20,764.0627220124634,766.2472997692572,760.1523881029335,760.7109985351562,45520300.0
2026-08-21,764.1524418077088,765.9479709365374,762.2770937955632,763.8232421875,39188700.0
2026-08-24,762.8856098637509,763.3244615010249,760.1922857963137,761.5787963867188,32430900.0
2026-08-25,764.262137078792,764.8806573052586,761.159855395616,764.0127563476562,27422300.0
2026-08-26,762.8356805789958,765.449185749943,762.0376744224566,764.182373046875,28751600.0
2026-08-27,766.5964060257239,770.4468300957561,765.2596984507333,769.18994140625,34557100.0
2026-08-28,769.8483393622295,773.3795487683207,766.4068729286823,767.4442749023438,36744300.0
2026-08-31,765.4292990280279,766.097622354185,762.8257178677422,765.1499633789062,38810800.0
2026-09-01,760.1224772031874,762.7758614763637,757.5987149009983,759.89306640625,41126300.0
2026-09-02,760.5614001563074,764.5315220914426,759.8431519587122,763.2646484375,29566200.0
2026-09-03,765.99791709853,772.112737807933,765.5490195828438,771.2548217773438,43531600.0
2026-09-04,770.0977256925568,770.9555808433835,767.0951717806925,768.2822265625,34054200.0
2026-09-08,767.1649647963771,767.7934091111229,763.2447069992287,764.0626831054688,44746100.0
2026-09-09,762.1873669257697,762.5763546117217,759.055130192088,760.5115356445312,32812400.0
2026-09-10,756.1523365872063,758.2271404471661,754.7657651010062,755.9528198242188,42740400.0
2026-09-11,762.8257171109622,764.4816392943262,761.7084962835214,762.3967895507812,45512700.0
2026-09-14,757.119891309806,761.6287143614769,756.0525344863368,758.9952392578125,43992400.0
2026-09-15,758.2371341657202,758.4665449596201,754.2769973083872,755.513916015625,46195000.0
2026-09-16,757.6187023523285,759.7833101686804,747.7432005092232,752.1821899414062,59217700.0
2026-09-17,761.2596848801362,761.6786274833105,758.0775841455181,760.7109985351562,49652800.0
2026-09-18,761.3099975585938,762.0,757.969970703125,761.6900024414062,65395100.0
2026-09-21,766.25,774.8900146484375,766.030029296875,773.5,50484700.0
2026-09-22,774.030029296875,775.1400146484375,772.5700073242188,773.3800048828125,34802300.0
2026-09-23,772.7899780273438,773.0499877929688,766.5,767.8099975585938,54931700.0
2026-09-24,764.0700073242188,768.9500122070312,763.25,767.1799926757812,43983700.0
2026-09-25,768.780029296875,772.280029296875,766.2899780273438,771.3499755859375,36666700.0
2026-09-28,768.3499755859375,769.5399780273438,763.719970703125,765.6099853515625,42694500.0
2026-09-29,766.8300170898438,766.97998046875,762.3499755859375,764.2000122070312,36910500.0
2026-09-30,766.4500122070312,769.4099731445312,762.1799926757812,762.6300048828125,62110000.0
2026-10-01,764.3599853515625,765.6500244140625,758.7899780273438,763.989990234375,47708100.0
2026-10-02,770.5800170898438,772.6500244140625,767.1500244140625,769.6400146484375,46335300.0
2026-10-05,769.6900024414062,776.6099853515625,769.6300048828125,774.8300170898438,44840200.0
2026-10-06,778.1500244140625,781.6199951171875,777.9600219726562,779.0900268554688,36054300.0
2026-10-07,775.77001953125,779.0999755859375,773.6099853515625,777.219970703125,30989200.0
2026-10-08,774.8599853515625,777.0900268554688,770.4400024414062,773.9299926757812,40431100.0
2026-10-09,776.239990234375,779.4199829101562,775.1400146484375,778.5700073242188,22596500.0
