date,open,high,low,close,volume
2014-01-02,60.58140348090371,60.88871579976018,60.257913257334216,60.306434631347656,3067000.0
2014-01-03,60.49243718666732,61.26880993997505,60.33068900677268,60.735050201416016,3206400.0
2014-01-06,60.993843484416495,60.993843484416495,59.94250803961225,60.03955078125,3424500.0
2014-01-07,60.60570190079982,62.5385493231812,60.60570190079982,61.875396728515625,6542500.0
2014-01-08,61.72979762253318,61.83492933945279,61.042384645613666,61.15560531616211,6172200.0
2014-01-09,61.17986743481307,61.657010818965226,61.17986743481307,61.527618408203125,6291500.0
2014-01-10,61.62465531735846,61.70553250772066,60.29026805726893,60.41157150268555,6632200.0
2014-01-13,60.38729992999359,60.65417980193705,59.58666648422545,59.79693603515625,5248700.0
2014-01-14,59.885907789729295,60.120431901508894,59.59476717572161,59.86164093017578,5783900.0
2014-01-15,59.837401423207545,60.54099251780891,59.837401423207545,60.52481460571289,7043300.0
2014-01-16,59.950608913078845,60.524801264609,58.349341492206406,58.8426628112793,8892800.0
2014-01-17,59.133774983293414,59.133774983293414,58.470622964438064,58.648536682128906,5551300.0
2014-01-21,58.810309216402395,59.538160799786354,58.55960718159498,59.1661491394043,6379300.0
2014-01-22,59.707988069088316,59.78885909105324,59.23083855038738,59.36023712158203,4864700.0
2014-01-23,58.794132643137395,59.59477248806011,58.62430163150458,59.19849395751953,5050300.0
2014-01-24,58.899257077791184,58.9720391361217,57.726605831944546,57.90452575683594,5523600.0
2014-01-27,57.670007908120944,58.389770544447984,57.53252654389306,57.944976806640625,4233600.0
2014-01-28,57.944966937378176,58.51915915788326,57.79939664414711,57.99348831176758,2932700.0
2014-01-29,57.73472082472755,59.004415387699176,57.28992081187604,57.62958908081055,6005100.0
2014-01-30,57.98540032102144,59.06909167083943,57.84791897792947,58.875,4254000.0
2014-01-31,58.12287575492813,58.511059015933725,57.783207688971125,58.45444869995117,4291500.0
2014-02-03,58.34125070987959,58.39786104783228,57.12816675083846,57.20903778076172,4526100.0
2014-02-04,57.25755960976495,57.41930165343939,56.4488370512658,57.02302932739258,4646100.0
2014-02-05,56.562068904744244,57.58105508757945,56.47310891210653,57.27374267578125,4394300.0
2014-02-06,57.23327459766688,57.46780480565407,56.68334318550486,57.314151763916016,4765600.0
2014-02-07,57.01495100979355,57.944983359569065,56.6995496467488,57.710453033447266,6902900.0
2014-02-10,57.34652061606531,57.47591301931904,56.262829159755476,56.40031051635742,7774000.0
2014-02-11,56.41648995699231,57.31417253108201,56.27091964308415,57.11199188232422,5543000.0
2014-02-12,57.34651720749388,57.66191849862845,56.5944050124661,56.80466842651367,4120600.0
2014-02-13,56.71570483487996,57.807485109954,56.55396280823489,57.58912658691406,3788000.0
2014-02-14,57.54871443134508,59.71608549991565,57.419315828410426,59.45729446411133,6848800.0
2014-02-18,59.45729194306609,60.346891875359496,59.400681599198755,59.70800018310547,5538400.0
2014-02-19,59.481529235839844,60.09615375795751,59.376391385167395,59.481529235839844,3926500.0
2014-02-20,59.52198860502122,59.93443890353475,59.222765159291235,59.42494583129883,4134000.0
2014-02-21,59.38450204918376,59.92634472208755,59.31171380517632,59.69181442260742,4552300.0
2014-02-24,59.95869477457447,62.085633051804535,59.845474100961546,61.47100830078125,9559000.0
2014-02-25,61.44672739912965,61.57611976781627,60.759308459636344,60.912967681884766,3761800.0
2014-02-26,60.92106866573098,61.56804297707332,60.47626881350681,61.51143264770508,5433200.0
2014-02-27,61.284980927350674,61.79447997524259,61.13941065224757,61.47907257080078,4227300.0
2014-02-28,61.4952799449602,62.845845485075714,61.30118820849251,62.49000549316406,6176600.0
2014-03-03,62.02899551538103,62.643626166953695,61.891514210574094,62.35248565673828,3673400.0
2014-03-04,62.87008835841681,63.54132954557891,62.70834631888866,63.185489654541016,5164500.0
2014-03-05,63.29066243281188,63.48475422128375,62.74073055708599,63.072303771972656,3917600.0
2014-03-06,63.20166913474016,63.355322225100046,62.71643683400638,62.78921890258789,4200500.0
2014-03-07,63.08845604829482,63.13697743317746,62.303994085683236,62.59513473510742,3434700.0
2014-03-10,62.49809353911028,62.999503868593486,62.36061215153205,62.98332595825195,2986400.0
2014-03-11,63.007580819122396,63.4442855941004,62.69217332820572,62.902442932128906,3471200.0
2014-03-12,62.72385947506681,63.064748534911985,62.683280982620566,62.983585357666016,2875400.0
2014-03-13,63.11347886623384,63.389435027454915,62.464160780933604,62.50474548339844,3178600.0
2014-03-14,62.512833566893875,62.512833566893875,61.40088497586639,61.441463470458984,5128700.0
2014-03-17,61.79859336330704,62.51283808173027,61.7580086734295,62.301815032958984,3517900.0
2014-03-18,62.47228420495491,63.3488618359992,62.309951573822616,63.30827713012695,3670800.0
2014-03-19,63.3650934638087,65.17506364043305,63.25958189540768,64.89910125732422,9060100.0
2014-03-20,64.59065872955158,66.22205941128229,64.4689108388249,66.1733627319336,7786500.0
2014-03-21,66.70905244548912,67.62620835012919,65.98668945489501,66.01914978027344,11828100.0
2014-03-24,66.27076965593118,66.3275845189439,65.62956980629868,65.970458984375,5306200.0
2014-03-25,66.22206007995992,66.67658513043878,65.72696271942075,65.82435607910156,4588800.0
2014-03-26,66.132791352516,66.79833954216664,65.80001416151285,66.18148803710938,6910000.0
2014-03-27,66.21395502972358,66.47368100333284,65.56463699952259,65.75942993164062,5453900.0
2014-03-28,66.0678894806516,66.83894958147319,65.95425970142229,66.24645233154297,4787400.0
2014-03-31,66.61979654121254,66.77400481896282,66.07599609405862,66.54674530029297,3513700.0
2014-04-01,66.83890522145634,67.40705993288537,66.21394185047427,66.42496490478516,4339800.0
2014-04-02,66.18147402860959,66.34380040446533,65.96232660961459,66.23828887939453,3832100.0
2014-04-03,66.27074334527066,66.83889174983288,66.2301586625077,66.75772857666016,4214700.0
2014-04-04,67.11487314837466,67.30966605812438,66.04350285621877,66.1733627319336,4788100.0
2014-04-07,66.14903285099777,66.53862497156697,65.54029941985362,65.80814361572266,5286700.0
2014-04-08,65.80001035930138,66.18960239060301,65.02083248905336,65.46723937988281,4044900.0
2014-04-09,65.58088607688462,66.19773151363466,65.33739022023913,66.05975341796875,3308900.0
2014-04-10,66.08408309281455,66.54672013583539,64.75298682193512,64.92343139648438,4850000.0
2014-04-11,64.74488639160367,64.90721902544885,63.97382650599871,64.07933807373047,3418700.0
2014-04-14,64.47702810177519,64.67182100876242,63.616680893901446,64.26599884033203,4013700.0
2014-04-15,64.41211133318737,64.70430386362638,63.35697095189577,64.53385925292969,4719100.0
2014-04-16,64.51760878112225,64.55819347627725,62.878089889954445,63.46247482299805,8098100.0
2014-04-17,61.23044118822507,62.21252993931112,59.745130797656515,61.50639724731445,13422900.0
2014-04-21,61.441508714294784,62.074596858136935,60.702915168349854,60.8327751159668,6912500.0
2014-04-22,61.027547698755654,61.83919214239446,60.83274857378625,61.49018478393555,6199400.0
2014-04-23,61.530764000827155,61.74179329246831,60.96261536066529,61.141178131103516,4645700.0
2014-04-24,61.80672571730348,62.56155529875101,61.611932784388024,62.16384506225586,4604900.0
2014-04-25,62.14764741375415,62.732032710607626,61.06004626088935,61.409053802490234,5416200.0
2014-04-28,61.96905304647556,62.155733996201,61.21422345385663,61.47394943237305,5346800.0
2014-04-29,61.64440082930437,61.85543014525271,60.78405959157441,61.035667419433594,4813200.0
2014-04-30,61.076236805260216,61.839184469165204,60.80839268592911,60.905792236328125,6435900.0
2014-05-01,60.91394454963057,61.19801899037862,60.272744416308754,60.8327751159668,4598000.0
2014-05-02,60.61361546426413,61.14118566217263,60.47563737642304,60.89768981933594,3794700.0
2014-05-05,60.735350014497385,61.12493584643906,60.305179486899014,61.06000900268555,4476100.0
2014-05-06,60.97885571449091,61.36032966192389,60.784062747079716,61.084373474121094,4728200.0
2014-05-07,61.35220450145926,63.267686008068075,60.93827026685294,63.235225677490234,6383500.0
2014-05-08,63.16216672561015,63.35695964702685,62.28558929070202,62.4073371887207,4943100.0
2014-05-09,62.35052406870903,62.740116114770515,62.18819766172412,62.45603561401367,3465600.0
2014-05-12,62.65892516618905,63.32447311366806,62.57776199061422,63.09721374511719,3110900.0
2014-05-13,63.19462491048686,63.48681735025533,62.926780808640004,63.340721130371094,3059000.0
2014-05-14,63.34883724928481,63.34883724928481,62.44791162132375,62.634586334228516,2635300.0
2014-05-15,62.6264920194916,62.756351918278604,61.87166239370172,62.0745735168457,3075200.0
2014-05-16,61.969036295262995,62.22876220357138,61.69308022684025,62.21253204345703,2974600.0
2014-05-19,62.02584645090408,62.68328244434033,61.97714978189163,62.65892791748047,2149100.0
2014-05-20,62.65082785302223,62.82127241934513,61.977161572540204,62.22065734863281,2806500.0
2014-05-21,62.261257561687714,63.210880273365625,62.196324506438714,63.08102035522461,2401200.0
2014-05-22,63.07287577885223,63.81958702464162,63.00794275077809,63.58420944213867,3146900.0
2014-05-23,63.83581893729149,64.11989317491208,63.60044137116187,63.93321228027344,2251500.0
2014-05-27,64.30659756897529,64.3877607819042,63.843960443688694,64.20919799804688,2645500.0
2014-05-28,64.09555155527231,64.29034445400107,63.55175135879575,63.77901077270508,2250900.0
2014-05-29,63.795234643617235,64.46890083438949,63.37318237259541,64.42020416259766,3526800.0
2014-05-30,64.31470002655415,64.72052222342703,64.02250754941726,64.63124084472656,5139900.0
2014-06-02,64.74489349755002,64.87475961887937,64.37965586793688,64.50140380859375,1986400.0
2014-06-03,64.37150758799794,65.07764035974351,64.34715924972303,64.83414459228516,2841100.0
2014-06-04,64.71243811050945,65.39421672257663,64.50952692467641,65.34552001953125,3552900.0
2014-06-05,65.32114451797999,65.54028578295846,64.6718265162531,64.76922607421875,3453700.0
2014-06-06,64.92342965050871,65.19127377146376,64.5825405105777,64.8747329711914,3286600.0
2014-06-09,64.97213297669889,65.1344593704621,64.33093319433074,64.73675537109375,2801700.0
2014-06-10,64.606876324895,64.93153523956357,64.50136480937806,64.7773208618164,2459200.0
2014-06-11,64.7367557057221,65.20750472701073,64.46079340407219,65.06952667236328,2733500.0
2014-06-12,65.05731286616967,65.23671482737824,64.50280054127865,64.78005981445312,2560000.0
2014-06-13,64.69851678012357,64.72298577717223,64.09507883688933,64.56804656982422,2265200.0
2014-06-16,64.56800375270653,64.59246651207445,63.45082337708654,63.60576248168945,4542900.0
2014-06-17,63.52424033490107,63.80964966418756,63.22251834596578,63.74441146850586,3430900.0
2014-06-18,63.744413246752124,64.72296754490559,63.426384810752914,64.59249114990234,4823000.0
2014-06-19,64.70666776176535,65.88093066465115,64.63327944106408,65.65260314941406,4538600.0
2014-06-20,65.91353752102148,66.45173710385708,65.61181551969467,66.38650512695312,7366500.0
2014-06-23,66.3701689536778,66.58218991250985,66.03583419307228,66.45171356201172,3066900.0
2014-06-24,66.40281886125864,67.1856586632273,66.39466253020315,66.65560913085938,4685500.0
2014-06-25,66.3375570278298,67.17747840511092,65.897208629541,67.14485931396484,3629200.0
2014-06-26,67.2590345989007,67.2590345989007,66.59035873080455,67.10409545898438,2915900.0
2014-06-27,66.61482453487086,66.95731570261599,66.30494624090085,66.86761474609375,4755600.0
2014-06-30,67.09594181667877,67.30796282377096,66.54142964375347,66.66374969482422,3916100.0
2014-07-01,66.65559589887046,67.15302622972786,66.58220759831272,66.77791595458984,5482400.0
2014-07-02,66.70453429725808,67.29165942456231,66.1092466182481,67.26719665527344,3693500.0
2014-07-03,67.34874772252005,68.04189276631044,67.1285765564455,67.96849822998047,2183400.0
2014-07-07,67.67492046359423,67.76462142453062,66.69637244432383,67.0470199584961,2558500.0
2014-07-08,66.88389699967065,66.92467240933073,66.36200410758265,66.81050872802734,2967300.0
2014-07-09,66.85130991721394,67.47921040651653,66.77791539581386,67.47105407714844,3079500.0
2014-07-10,66.2804917846204,67.28350886900374,66.09293974034632,66.932861328125,3829400.0
2014-07-11,66.80237501851691,67.7890792961013,66.64744209655316,67.57706451416016,2758400.0
2014-07-14,67.95217725043283,69.06120161746297,67.85431996341616,68.71870422363281,3794500.0
2014-07-15,68.53117884419329,69.10199768674177,68.27838853127307,68.4170150756836,4356300.0
2014-07-16,68.5556314619869,68.60455700653911,67.86249262118012,68.30284118652344,3955200.0
2014-07-17,68.7024142403531,71.14063467732004,68.03373817256939,69.4037094116211,7117900.0
2014-07-18,69.69726790033701,69.95005814932703,68.84918996198608,69.738037109375,3892100.0
2014-07-21,69.49339141737637,69.55047327752465,68.52299357339948,69.3629150390625,4025100.0
2014-07-22,69.73802111024607,70.74919431713964,69.69725191056125,70.17021942138672,4366900.0
2014-07-23,70.38220570940788,70.57792018593528,69.94185746940113,70.08049011230469,2596300.0
2014-07-24,69.68094913145711,70.39855682794226,69.55047896393222,69.8685073852539,4022400.0
2014-07-25,68.59638469222486,69.32214240162591,68.49852741333885,69.05303955078125,3362600.0
2014-07-28,69.33845919701095,70.04791057665572,68.9878116721001,69.92559051513672,2206900.0
2014-07-29,69.28137273643003,69.77064672860065,68.49037677538361,68.71870422363281,4897800.0
2014-07-30,69.11826470494233,69.2079656383114,66.63927010032951,67.64228057861328,7171800.0
2014-07-31,66.68004332979295,67.01438432376614,65.68518911834394,66.0929183959961,5345400.0
2014-08-01,66.1663043221156,66.92468100038522,65.69333688374209,66.45171356201172,4625100.0
2014-08-04,66.53327922072229,67.2998124687842,66.18263791609297,67.0877914428711,3197700.0
2014-08-05,66.72898726502069,67.29980586943968,65.70150755561032,66.04399871826172,4599500.0
2014-08-06,66.01137986596662,66.96547128179431,65.84013428401197,66.45988464355469,3311300.0
2014-08-07,66.05214353156636,66.12553181585854,64.55170276356749,64.63324737548828,5465400.0
2014-08-08,64.75557405817246,65.39163080655092,64.20921203710505,65.33454895019531,3713400.0
2014-08-11,65.55474269201973,65.76676375520384,65.04100580735678,65.13070678710938,3460000.0
2014-08-12,64.91866165978107,65.5547183921011,64.85342347660578,65.41609191894531,3206200.0
2014-08-13,65.74229781225176,66.59852591206331,65.55473953050775,66.46805572509766,3049900.0
2014-08-14,66.63112424784222,66.92468985384394,65.36716709782065,66.7208251953125,2241100.0
2014-08-15,67.03885483396164,67.09593669057277,65.89721148028292,66.43541717529297,2442700.0
2014-08-18,66.68004815268037,67.25902924370386,66.3375570278298,67.14485931396484,2795800.0
2014-08-19,67.26718533491145,68.30282135120575,66.9083877432947,68.06633758544922,3549300.0
2014-08-20,67.63412613537047,68.29464549194964,67.16115873911302,68.03369903564453,2579600.0
2014-08-21,68.18050396127232,68.58007699138682,68.16419130288446,68.31097412109375,2648500.0
2014-08-22,68.17235473972933,68.49853950547535,68.05819100493676,68.31913757324219,2089300.0
2014-08-25,68.81656444338525,69.1101300954897,68.45776059715611,68.69424438476562,1988100.0
2014-08-26,68.86551060117877,69.59126861915053,68.62087663213642,69.41187286376953,2267800.0
2014-08-27,69.46079047680304,70.92046267803894,69.28138852046175,70.43933868408203,5800700.0
2014-08-28,70.12946236536337,70.94492123007689,69.73803937285962,70.4067153930664,2749700.0
2014-08-29,70.74104182075307,71.132464731957,70.41485709832581,70.6839599609375,3297500.0
2014-09-02,71.04276685890368,71.12431148768307,69.93374248742586,70.44747924804688,3726100.0
2014-09-03,70.76548716669897,71.23029825976768,70.47192161092352,70.77364349365234,2824400.0
2014-09-04,70.7492167679022,72.12733809509977,70.70844133382238,70.99385070800781,3650100.0
2014-09-05,70.9041413855394,71.59728635457395,70.73289578118192,71.55651092529297,3873500.0
2014-09-08,71.5157141676413,71.76035422745332,71.2873867632595,71.68696594238281,2298000.0
2014-09-09,71.7603860046438,72.45352485244253,71.3445002073814,72.217041015625,4409400.0
2014-09-10,72.4258797583317,72.47501336127776,70.9927580251991,71.45135498046875,3355800.0
2014-09-11,71.0500775124212,71.34489160463197,70.59147434236307,71.3121337890625,3034500.0
2014-09-12,71.44314862216086,71.44314862216086,70.31303226168053,70.57508850097656,2582400.0
2014-09-15,70.6733459725073,71.09918492222245,70.28844959123683,70.45223236083984,2441800.0
2014-09-16,70.42768199116334,71.54961359306218,70.30484176136348,71.37763977050781,2973700.0
2014-09-17,71.20565314158334,71.70519878162176,70.81257193992518,71.23841094970703,3302700.0
2014-09-18,71.59053842710115,72.04095040876004,71.40218886961623,71.76251220703125,2584000.0
2014-09-19,72.48320879136458,72.65518266006247,71.77074026568873,71.90177154541016,6486300.0
2014-09-22,71.90172452407211,72.42583680437521,71.63966838392055,71.87715148925781,2335400.0
2014-09-23,71.50866968549218,71.8116747734506,70.73887669051969,70.91085052490234,2640200.0
2014-09-24,70.93540547369479,72.44222701790832,70.91902344722021,72.23749542236328,2661500.0
2014-09-25,71.8935607121604,72.06553453345651,70.45224827207545,70.57508850097656,3657100.0
2014-09-26,70.63240622826426,71.22203427122716,70.35397423459455,70.91902923583984,2260500.0
2014-09-29,70.08372743253453,71.20565267584566,70.08372743253453,70.84532928466797,3114800.0
2014-09-30,70.9845467746278,71.31211861269549,70.52594995008093,70.63240814208984,2843200.0
2014-10-01,70.42769049645086,70.64061317062361,69.28938297546928,69.51049041748047,4140200.0
2014-10-02,69.48589902299992,69.82984658790271,68.5687055165925,69.52684783935547,3047000.0
2014-10-03,69.91176400352379,70.65698393835447,69.66608353169471,70.44406127929688,3108100.0
2014-10-06,70.95996332586803,71.20563746082426,69.56778490280267,69.68243408203125,2596100.0
2014-10-07,69.5268948056223,69.71524449310112,68.73253471585724,68.9454574584961,3412900.0
2014-10-08,69.02731689055149,71.11557576084533,68.78163643620469,70.93541717529297,4787400.0
2014-10-09,70.7142758900075,70.87806487822046,69.30572183093126,69.5595932006836,4432800.0
2014-10-10,69.68245826478078,71.09920396822106,69.64970670041644,69.92813873291016,4036800.0
2014-10-13,69.78891090773706,70.38672369889525,68.59327907750792,68.74887084960938,3672600.0
2014-10-14,69.06824397671922,69.25659978252824,67.60237133774012,67.82347869873047,5929500.0
2014-10-15,67.2911742666628,67.95450883495319,66.10373360091418,67.28298950195312,8308900.0
2014-10-16,69.41221724733506,71.00093053138653,68.87172271661595,69.92813873291016,10233000.0
2014-10-17,71.12375518204121,72.72885014450797,71.04186379324531,72.21292877197266,8532800.0
2014-10-20,72.26204060690809,72.75339503971257,72.06550008336842,72.50772094726562,4890900.0
2014-10-21,73.01547351916727,74.58781055038538,72.76160211198179,74.4813461303711,5882100.0
2014-10-22,74.88262638196665,74.88262638196665,73.46588106746582,73.5150146484375,4290300.0
2014-10-23,74.4731643453681,74.75159630565827,74.04731914409678,74.24386596679688,3159200.0
2014-10-24,74.24387283706416,75.09555082259368,74.18654198920393,75.04641723632812,2977300.0
2014-10-27,74.87442413123874,75.57051016481437,74.83347532130027,75.44766998291016,3948900.0
2014-10-28,74.563251209687,75.97999038267585,73.9981899944268,75.86534118652344,4741300.0
2014-10-29,76.07824679741275,76.71700824691065,75.90627304161801,76.12738037109375,4330400.0
2014-10-30,75.79984596864217,77.10194254371447,75.75071237076128,76.88082885742188,2836400.0
2014-10-31,77.7980223639784,78.34670165378294,77.23296104431816,77.80621337890625,5031500.0
2014-11-03,78.16652848288406,78.34669330461459,77.38855084131649,77.68336486816406,4001200.0
2014-11-04,77.78983149554513,78.28937719255084,77.17563658098865,77.78164672851562,4437300.0
2014-11-05,78.26479207605965,78.62512167425555,77.81438007831477,78.4531478881836,3454700.0
2014-11-06,78.64970915240059,79.14106384869025,78.53505993153013,78.78892517089844,3743200.0
2014-11-07,78.20748440257057,78.38764924065106,76.16835907175184,76.65971374511719,6155400.0
2014-11-10,76.71703351617025,77.79801622858777,76.5696264986627,77.5932846069336,4087700.0
2014-11-11,77.83895524140962,78.41220121062518,77.56870803538837,78.36306762695312,2291400.0
2014-11-12,77.98638967181546,78.59239365927662,77.40494623691696,78.35490417480469,2897700.0
2014-11-13,78.32212680763115,79.22294467178975,78.12558620495783,78.53504943847656,2767700.0
2014-11-14,78.63329642698284,78.71519405099009,77.69153623001446,77.88807678222656,2709600.0
2014-11-17,77.96179855355986,79.18200350971033,77.66698452033414,79.00183868408203,3297600.0
2014-11-18,79.42769231257017,80.75435570606534,79.31304308388825,80.41040802001953,4320800.0
2014-11-19,80.03367329834259,80.59054345487421,79.2638805457486,79.32120513916016,3433800.0
2014-11-20,78.99366080589212,79.31304168701172,78.75617133697244,79.31304168701172,3316700.0
2014-11-21,79.7634331060562,80.28754550548543,79.10009846934682,79.19837188720703,4408600.0
2014-11-24,79.65696451467525,79.67334654075272,79.03458497780196,79.35396575927734,3998800.0
2014-11-25,79.43584719671189,80.36942263300527,79.36214683233104,80.17288208007812,4066300.0
2014-11-26,80.24661334152793,80.86080827282917,80.10739732326567,80.34488677978516,2765900.0
2014-11-28,80.82802313832447,81.41765107273191,80.60691578687758,80.77069854736328,2177500.0
2014-12-01,80.86899092744358,81.75343303657962,80.26298707395998,81.12285614013672,4892800.0
2014-12-02,81.07369247556615,81.89261866218803,80.41854902710425,81.75340270996094,5297200.0
2014-12-03,82.10279654621107,83.29472119681681,81.95483370239354,82.85905456542969,6689000.0
2014-12-04,82.89190027220951,82.96588480365779,81.72464173510555,81.93014526367188,4065200.0
2014-12-05,82.04520550915962,82.78501927486924,81.9383459596837,82.47265625,3104900.0
2014-12-08,82.46445754214179,82.94122724426373,81.90548768104335,82.13565063476562,3085800.0
2014-12-09,81.41229410167317,83.09741959329013,81.17390921065521,83.03987884521484,3792200.0
2014-12-10,82.834352994406,83.03985650674561,81.38761278299313,81.453369140625,3908700.0
2014-12-11,81.70001165650575,82.75218909720468,81.57670824078929,81.97949981689453,2940600.0
2014-12-12,81.85618803163965,82.53846142690112,81.12459578372318,81.18213653564453,3086500.0
2014-12-15,81.21500782866849,81.99591883277324,80.0724085591826,80.77933502197266,3649300.0
2014-12-16,80.2696900593654,81.1985638728057,78.70786178275034,78.7900619506836,4843800.0
2014-12-17,79.36548512743641,81.99592844360504,79.0531156720047,81.49449920654297,6235000.0
2014-12-18,82.43160008369352,84.05919129699555,82.12745878030117,84.0427474975586,4681000.0
2014-12-19,83.84546757455148,85.48949635052308,83.84546757455148,84.24825286865234,7986500.0
2014-12-22,84.32223729386972,84.86476352793287,84.23181520961384,84.70036315917969,2398100.0
2014-12-23,85.25931354490645,85.43193577375794,84.20713637582841,84.54415893554688,3028600.0
2014-12-24,84.66747089361475,84.93051521252248,84.28934507715186,84.40442657470703,950700.0
2014-12-26,84.33048248997454,84.66751151700035,83.97702220037324,84.297607421875,2019900.0
2014-12-29,84.15780379147914,84.67567670354974,83.70569978597806,84.11670684814453,1708100.0
2014-12-30,84.05095167147537,84.71678116439837,84.05095167147537,84.54415893554688,1767600.0
2014-12-31,84.76608284840954,85.22640866476274,83.04807038985896,83.0973892211914,2313900.0
2015-01-02,83.43444924522137,84.35510749462243,82.20964972659904,82.84259796142578,3060900.0
2015-01-05,82.44805040505213,82.57134755322282,81.17392552119378,81.47807312011719,4679000.0
2015-01-06,82.06168035298789,82.3165027520356,80.93551862394185,81.31364440917969,3468300.0
2015-01-07,81.34652794010807,82.44803027613348,81.31364661813275,82.14388275146484,3225800.0
2015-01-08,83.4920005021704,86.29507255420022,82.79328953198834,86.06490325927734,5346100.0
2015-01-09,85.83473829512903,86.00736055881423,84.58527922258635,85.25933074951172,3397600.0
2015-01-12,85.3497852023397,85.48952619192268,83.77151853164266,84.297607421875,3051500.0
2015-01-13,85.44018381992537,86.80472454384402,83.71394846017071,84.72502899169922,3856500.0
2015-01-14,83.52487041511635,85.0620393566178,83.17140402841693,84.93873596191406,4725600.0
2015-01-15,85.12780817063616,85.97448198839444,84.77434173228859,85.86762237548828,5888900.0
2015-01-16,85.9004874315513,87.13350878224342,85.20177658711994,86.94444274902344,6045500.0
2015-01-20,87.29789224232093,87.44585502665582,85.90047082363436,86.82112884521484,6526800.0
2015-01-21,87.56094483759738,89.96944655728213,86.82113711690897,89.86258697509766,8293700.0
2015-01-22,90.21605452138968,93.80825867669051,89.87081007757689,93.58631134033203,8055200.0
2015-01-23,93.4137081660374,93.97267816253225,92.06560516357422,92.06560516357422,5256000.0
2015-01-26,92.06563371004309,92.06563371004309,91.04633737855164,91.74504852294922,4203400.0
2015-01-27,91.20247578931813,91.44908256549881,90.35580214068636,90.4297866821289,4718300.0
2015-01-28,90.89013639521393,91.14495886478556,89.14746352439101,89.15568542480469,6633500.0
2015-01-29,88.90084715879705,90.076327850187,87.74180399384124,89.9201431274414,4912300.0
2015-01-30,89.2871881334763,89.9201363326401,87.24859007876256,87.3390121459961,5397500.0
2015-02-02,87.73359790234863,88.23502090648331,86.36905101555732,88.19392395019531,4657100.0
2015-02-03,88.24321975499679,88.7775302189419,87.56094648982794,88.62134552001953,4192600.0
2015-02-04,87.81580686439317,89.38585123250893,87.75004420199232,88.71179962158203,4768900.0
2015-02-05,89.04058436184002,90.26538385280855,89.04058436184002,89.45159149169922,3297700.0
2015-02-06,89.26249970695753,89.92833532988598,88.11168509245262,88.4487075805664,3661400.0
2015-02-09,87.89798129551346,88.1528036982925,87.36367079517959,87.53629302978516,3909700.0
2015-02-10,88.16924657968788,89.97767534661781,88.06238071784779,89.57489013671875,5437400.0
2015-02-11,89.37761916084712,90.47089343264024,89.08990913364056,90.29827117919922,3798500.0
2015-02-12,90.99696410544703,91.06272674275095,89.45980165515688,90.29003143310547,3378000.0
2015-02-13,90.16674624090577,90.2900433628036,89.33651008179079,89.96124267578125,3727600.0
2015-02-17,89.87901537663234,90.2242660522461,89.20496409029258,90.2242660522461,3430600.0
2015-02-18,90.2242749135045,90.60240067015225,89.55843918700995,90.23249053955078,2958700.0
2015-02-19,90.04341241426854,90.71746362919934,89.96121227029533,90.44619750976562,2674800.0
2015-02-20,90.38869521375544,92.73965670550326,89.96125052047022,92.57525634765625,4647100.0
2015-02-23,92.87940767249039,95.7564581459815,92.76432615526853,95.68247985839844,7060000.0
2015-02-24,95.56738999212425,95.8304343330042,94.79469449702047,94.88511657714844,3582800.0
2015-02-25,95.2056949578815,95.2056949578815,93.47946620062031,93.750732421875,3845900.0
2015-02-26,94.0466406088414,94.21926282537338,93.19174515210908,93.43013000488281,3126800.0
2015-02-27,93.52055328867282,93.915122866289,93.22463394479901,93.40547180175781,4016400.0
2015-03-02,93.40548236854035,94.40834081494022,93.40548236854035,94.03843688964844,2952200.0
2015-03-03,93.66852983548773,94.11241832361326,92.36153006890001,92.77253723144531,3163700.0
2015-03-04,92.27110618177358,93.68497179663574,91.77789885068646,93.5616683959961,3180900.0
2015-03-05,93.76715757405591,95.12348222986758,93.76715757405591,94.3590087890625,2941400.0
2015-03-06,94.66317658302403,94.66317658302403,92.56703745920056,92.78897857666016,3196900.0
2015-03-09,92.86294472393571,94.49875121793542,92.78074455863127,94.44943237304688,3942000.0
2015-03-10,93.92333830206682,94.04664167855506,92.44371032714844,92.44371032714844,3957900.0
2015-03-11,93.11590321914753,93.68498638361737,92.90146271049565,92.96744537353516,2593700.0
2015-03-12,93.46230143600661,94.88914661484944,93.3220929983758,94.74893188476562,3258600.0
2015-03-13,94.38602771401939,95.1695512754675,93.63548918693668,95.05408477783203,3066800.0
2015-03-16,95.67266471932138,97.89128283717324,95.52420688443812,97.75106811523438,4692200.0
2015-03-17,97.38819166143189,97.42942611010912,96.43146184078786,96.99230194091797,3303500.0
2015-03-18,96.85208305161724,99.40060200902873,96.27475049272392,98.93873596191406,5533500.0
2015-03-19,98.97174135746486,99.87898106141752,98.82328349373051,99.59856414794922,4032500.0
2015-03-20,100.08516458958819,100.23362244204985,98.14696939366613,98.26243591308594,7195700.0
2015-03-23,98.54286053450134,99.36762499521294,97.80881437541083,98.17996215820312,4576500.0
2015-03-24,98.06448064049147,98.6748044861967,97.38817413783094,97.4211654663086,3054700.0
2015-03-25,98.02323014292936,98.7655192286076,96.09328481261781,96.11802673339844,3385500.0
2015-03-26,95.73041024910516,96.67064122646116,94.51800549081628,95.87886810302734,2856400.0
2015-03-27,95.72215755434854,97.5036517402158,95.68916622211546,97.33045196533203,2608500.0
2015-03-30,100.88519772415411,102.0728606687828,99.40886845060986,99.7965087890625,5178500.0
2015-03-31,99.63153881800636,99.73875592125923,97.50364522456732,97.5613784790039,4573100.0
2015-04-01,98.5758225746309,98.5758225746309,96.11802857896741,96.86856079101562,4826200.0
2015-04-02,96.99230665284546,97.63562197403618,96.3902320747891,96.79436492919922,2497100.0
2015-04-06,95.68916361266827,97.75107462760853,95.63143035594807,97.07476806640625,2544700.0
2015-04-07,98.5181062981455,98.83152080124471,96.72011963190592,96.78610229492188,2528500.0
2015-04-08,97.14074830572932,98.00675342738145,96.88507335983996,97.4789047241211,2627000.0
2015-04-09,97.1819789391515,97.9490099895336,96.99228038155067,97.77581024169922,2247200.0
2015-04-10,97.77581595789697,98.2294325737582,97.2974511259392,98.14695739746094,2232600.0
2015-04-13,99.79648921310246,100.05216415535278,98.2541775690715,98.4521255493164,3961000.0
2015-04-14,98.42736640735605,99.12017167640865,97.75105994771894,98.90573120117188,3208800.0
2015-04-15,99.28516073043598,99.58207649117126,96.12631708045684,96.76138305664062,7344000.0
2015-04-16,100.56351743461943,100.88517502768299,99.40059668088763,100.29134368896484,7068000.0
2015-04-17,99.7965181142368,99.83775886184436,97.10778371555271,97.90780639648438,4390000.0
2015-04-20,98.84802339555824,99.24391312155072,97.37994360231573,97.80057525634766,4650700.0
2015-04-21,98.14698897319657,98.6665884142416,97.94904722791104,98.37792205810547,3379800.0
2015-04-22,98.59232659559052,98.9222335788275,96.63763291118457,97.16548156738281,3846700.0
2015-04-23,96.89330599130118,97.8005453996893,96.46442506136744,97.53662109375,3244300.0
2015-04-24,97.5531323325746,98.22118948372491,97.33869182645175,97.89128875732422,3139200.0
2015-04-27,98.29543029548512,98.48512889324734,95.7304122771016,95.87062072753906,5174300.0
2015-04-28,96.40671434824999,97.1077628598329,94.25407866851019,96.98404693603516,4144800.0
2015-04-29,95.85411247882031,96.76135199316779,92.40659729033786,93.70147705078125,7122600.0
2015-04-30,93.63552286105549,94.2953370497917,91.64784347197164,91.87877655029297,6705600.0
2015-05-01,92.6127946987568,93.74272418554506,92.15917176438302,93.36332702636719,5805100.0
2015-05-04,93.775733064288,94.7901962970398,93.5695419130539,94.48503112792969,3531500.0
2015-05-05,93.97364014852371,94.2540569716248,93.20660914848885,93.50352478027344,3960400.0
2015-05-06,94.023163135335,94.42729602201192,92.9179816065785,93.60253143310547,3369800.0
2015-05-07,93.32209972687447,94.96337923721096,93.28910839344391,94.64997100830078,3300200.0
2015-05-08,95.61495120111523,96.15929251306933,94.88916068769178,95.40876007080078,3066000.0
2015-05-11,95.35103151734802,95.49948939020796,94.61699156055565,94.6582260131836,3376400.0
2015-05-12,94.21282952059471,94.91387792278121,93.88292253943274,94.55097961425781,3844600.0
2015-05-13,94.53449154429133,95.92009589639716,94.53449154429133,95.55719757080078,3667700.0
2015-05-14,96.6459150684421,97.83357809360041,95.84589240802042,97.75934600830078,4771400.0
2015-05-15,97.96546755106257,98.4355827824255,97.57782746174665,98.4190902709961,3083800.0
2015-05-18,98.32840549792009,98.9552281574184,98.01499102194465,98.80677032470703,2824700.0
2015-05-19,98.82325045507307,99.90368959009366,98.71603336973075,99.42533111572266,3554900.0
2015-05-20,99.57382803540504,100.49756031485848,98.99648906829242,99.99445343017578,3379200.0
2015-05-21,99.59855183490319,99.66452820538679,99.01296985935959,99.35111999511719,2983500.0
2015-05-22,99.21915604906106,99.61503942217362,98.26242636120898,98.6335678100586,2945900.0
2015-05-26,98.32839810284753,98.63355685814373,97.0747528781349,97.52012634277344,3014500.0
2015-05-27,98.04798909935346,98.84801157000611,97.54488231456061,98.51810455322266,2887700.0
2015-05-28,98.40264393844465,98.82327556736314,97.561386973061,98.6583251953125,2873600.0
2015-05-29,99.02120443988912,100.30784108646814,97.10775142678578,99.1449203491211,6019900.0
2015-06-01,99.41710992749034,99.43360244820393,97.94078077171076,98.85626983642578,3876400.0
2015-06-02,98.55110093345668,98.70780819025971,96.8355956847034,97.11601257324219,4219500.0
2015-06-03,97.32220406538755,98.1387191003204,96.86858110572857,97.61087036132812,3438100.0
2015-06-04,97.25624964542038,97.29749039644061,95.69744490217414,96.20880126953125,3300300.0
2015-06-05,95.94485186982382,96.29125143546277,95.14482933076232,96.10980224609375,2724500.0
2015-06-08,95.98605693688548,97.05000352778305,95.93657309764193,96.42318725585938,3271300.0
2015-06-09,96.4396976701272,96.81083911823883,95.4994667952885,96.48918151855469,3047300.0
2015-06-10,96.52216498244243,98.04797767832339,96.27473946801571,97.77581024169922,4006400.0
2015-06-11,98.07401689971698,99.341250423039,97.91664588313769,98.82772827148438,3815600.0
2015-06-12,98.43015681577438,98.56268110084542,97.32029436428014,97.44453430175781,3076600.0
2015-06-15,96.76534161168122,100.11978126270036,96.07788625379746,98.54609680175781,6809500.0
2015-06-16,98.67862425518607,101.19652848227648,98.56266867991455,100.67472839355469,7229400.0
2015-06-17,100.9646071549955,101.21308065448743,98.70346102690375,99.17556762695312,4805900.0
2015-06-18,99.71393819071798,100.53391149661823,99.32465608333072,100.12806701660156,3478300.0
2015-06-19,99.92927250416761,100.11976819783833,99.30807935513934,99.66423034667969,4178700.0
2015-06-22,100.74100076875855,101.23796053773388,99.34124928885555,99.59800720214844,4435600.0
2015-06-23,100.52563799508937,101.68519370447808,100.22746472150236,101.66034698486328,4991000.0
2015-06-24,101.71007925693266,101.8757283200543,98.64552103632879,98.70349884033203,4650500.0
2015-06-25,99.0347547733871,102.21526704401965,98.97677699778434,101.32074737548828,6149500.0
2015-06-26,102.53004658603842,102.79508886227391,101.65209523084079,102.0827865600586,16358200.0
2015-06-29,101.08058188659945,101.90055533289251,100.31030188580732,100.3765640258789,3604000.0
2015-06-30,101.39529863755375,101.82599614848016,100.21917430690077,101.04743194580078,4982600.0
2015-07-01,101.83429384002264,102.41407809067559,101.22966918556683,102.19044494628906,3269300.0
2015-07-02,102.55487554988494,102.60456899335162,100.23575129515984,100.89007568359375,3682300.0
2015-07-06,99.05960324176878,101.95850471141395,98.7779987036016,101.17994689941406,6522800.0
2015-07-07,101.34562169185823,101.71005713438697,97.57704629401505,99.97071075439453,6476200.0
2015-07-08,98.60408050264972,99.38263843410463,98.06571174043522,98.38044738769531,4009800.0
2015-07-09,99.4240452939095,99.8547364751708,98.81941445193253,98.8442611694336,3315600.0
2015-07-10,100.21090225299349,101.66863764561197,99.97070674995769,101.17168426513672,4033500.0
2015-07-13,101.95853485440017,102.49690369317534,100.89008152427562,101.420166015625,3766900.0
2015-07-14,101.19653978401422,103.69787559735775,101.04745312499999,103.5322265625,4192400.0
2015-07-15,103.49080450056631,104.40189309111283,102.54659116045922,104.24452209472656,5067300.0
2015-07-16,103.88007238221998,103.94633451044515,101.13025725191899,103.47422790527344,7216600.0
2015-07-17,103.28378344717018,103.51570102525245,102.45552533991426,102.57976531982422,3702700.0
2015-07-20,102.74535440694518,102.89444102277483,101.32075037104052,101.5857925415039,3199700.0
2015-07-21,101.51955334811936,101.64379327588861,99.67253576368296,100.10323333740234,4239100.0
2015-07-22,100.19435252897182,100.41797936673368,99.45720355238947,99.89617919921875,3384700.0
2015-07-23,100.74094090445227,100.78235630029153,98.36384631409186,98.83595275878906,4896100.0
2015-07-24,98.66205961086968,99.15901296761282,97.38654199312926,97.6847152709961,3840600.0
2015-07-27,97.63502502441406,97.80895840026506,96.62455583886626,97.63502502441406,3752300.0
2015-07-28,98.34728663690319,100.69125670822672,98.14850662069107,100.64984130859375,5216900.0
2015-07-29,100.89832106818598,101.13851648403107,99.90441466802262,100.64984130859375,3924400.0
2015-07-30,100.33514259498267,100.9811826241966,99.01821581529352,99.85475158691406,3732400.0
2015-07-31,99.78019623682798,101.64377587705364,99.78019623682798,100.55047607421875,3593000.0
2015-08-03,100.72441353693061,101.1882357998068,99.5068737777762,100.12806701660156,2541300.0
2015-08-04,100.69956221775188,100.74097130698573,99.5814157027721,100.0866470336914,2058200.0
2015-08-05,100.84864692750945,102.90272223237426,100.84864692750945,102.63768005371094,3831900.0
2015-08-06,103.01040828632034,103.23403507593197,100.88178633558363,101.08056640625,3014900.0
2015-08-07,100.80724472339546,100.93148464322047,99.60627357633155,100.89835357666016,2276300.0
2015-08-10,101.46159258996946,102.15732619170109,100.99777018881504,101.44503021240234,2480000.0
2015-08-11,100.44282990590084,101.89228118982133,100.44282990590084,101.26280975341797,2756000.0
2015-08-12,100.43454168348485,100.8652329551595,98.60409272043296,100.38484191894531,3005300.0
2015-08-13,100.49251017324514,101.03915697973122,99.63112139053214,99.82161712646484,3253400.0
2015-08-14,99.8630348379756,100.36827256176188,99.60627696228603,100.23574829101562,2040500.0
2015-08-17,99.72224555787265,102.66255710896631,99.63942103739645,102.55488586425781,2951800.0
2015-08-18,102.6045702358604,104.53441235585235,102.55487679179194,103.94635009765625,4140200.0
2015-08-19,103.29198605007475,103.52389712550969,101.75142668428221,102.0578842163086,3411500.0
2015-08-20,101.24619302891864,101.3952796287352,99.21696472167969,99.21696472167969,3201600.0
2015-08-21,97.94147554578252,98.39701982014907,96.08618001938093,96.30980682373047,5627800.0
2015-08-24,91.82068213662306,93.12104694033378,78.68450978670374,91.46453094482422,8824900.0
2015-08-25,93.59310132935849,94.91002777507093,90.94267974855788,91.09176635742188,8109900.0
2015-08-26,93.22868030559026,94.2805710738213,91.34025384945467,93.97411346435547,7503200.0
2015-08-27,95.45670799487624,97.59361455811471,95.21651248327763,97.54391479492188,5783700.0
2015-08-28,97.22916273892636,97.6018761450099,96.077885138059,97.13805389404297,3333100.0
2015-08-31,97.08007754817967,98.38044179452957,95.38215317200924,95.82940673828125,4087000.0
2015-09-01,93.89128244231482,94.60358448688369,92.82282937546152,93.28665161132812,4658100.0
2015-09-02,94.28057310602445,94.91832873837312,93.20383559580972,94.61187744140625,4522100.0
2015-09-03,95.03428684263962,96.0116311825761,93.97411799642477,94.41309356689453,3137100.0
2015-09-04,93.17896671136839,93.65107322327519,92.1519292031875,93.0630111694336,3394900.0
2015-09-08,94.52905093622402,96.25182850362047,94.14805314481795,96.15243530273438,3990600.0
2015-09-09,97.56656949712587,97.92426115311736,95.52024270230449,95.72820281982422,3753500.0
2015-09-10,95.53687060830062,98.10726079657891,95.43705381999693,97.13400268554688,5525700.0
2015-09-11,96.63489344444947,98.8808662323633,96.37702496278538,98.73944854736328,3752500.0
2015-09-14,99.01397447802246,99.40494053152656,97.4501166104455,97.99081420898438,2686500.0
2015-09-15,98.66458292183016,100.32826359654756,97.68301106988937,99.84579467773438,3072100.0
2015-09-16,100.04544220593061,100.95215154289765,99.44652244839807,100.7774658203125,3475700.0
2015-09-17,101.06862038625434,104.07988527013498,100.56951735733848,102.53266143798828,5466500.0
2015-09-18,101.65923846688342,102.95690776567149,101.3348211421864,101.87551879882812,7458400.0
2015-09-21,102.72398034950632,103.37281491637968,100.97711658951513,103.09831237792969,3476700.0
2015-09-22,101.01871521955967,102.9735391807843,101.01871521955967,102.2581558227539,4566800.0
2015-09-23,102.316371586669,103.32289773257497,101.517805545614,102.54928588867188,3131300.0
2015-09-24,101.77567503695863,102.00858934123212,99.2136049970725,100.72755432128906,4735800.0
2015-09-25,101.6342762399373,101.82560235432848,95.85298709326797,96.80128479003906,8060200.0
2015-09-28,96.11913990044528,96.34373396727473,92.34258454239603,93.7483901977539,5727000.0
2015-09-29,93.90646051865022,95.54518709189719,92.84170584169179,95.01280975341797,5142700.0
2015-09-30,95.9860572366924,97.2587719535523,95.5618168822597,96.50180053710938,4638600.0
2015-10-01,96.44359153371408,97.0841059391175,95.58679681697312,97.00092315673828,3768300.0
2015-10-02,95.77810953276824,98.8642368609141,95.51192084088188,98.84760284423828,3521600.0
2015-10-05,99.5463505091652,100.10368211764546,98.26531538534832,99.52971649169922,3491200.0
2015-10-06,99.37166809759975,99.488125263083,95.3871512315951,96.53509521484375,4652000.0
2015-10-07,96.87615049033792,97.16729341595095,95.32892654686322,96.8511962890625,4282000.0
2015-10-08,96.85120153513316,97.27544201911442,95.57848642962954,96.56005859375,3646500.0
2015-10-09,96.485186963681,99.37999497050876,96.46023276174593,99.213623046875,4485100.0
2015-10-12,98.9973411653599,102.37461161510367,98.62300912688737,101.90878295898438,5840000.0
2015-10-13,102.44950773988624,104.80361219137883,101.14351169627203,103.13993072509766,6655700.0
2015-10-14,103.02343773139965,103.98005551139225,100.51959621768243,101.54276275634766,5592200.0
2015-10-15,98.98901321459151,100.23677388536368,96.46021749358725,99.96226501464844,8012400.0
2015-10-16,100.52791156739396,100.52791156739396,98.63963664249748,99.80421447753906,4416500.0
2015-10-19,99.63785591784891,100.57783976195961,99.1553868957779,100.42810821533203,3707500.0
2015-10-20,100.35322532477402,101.12683715045031,99.56297948353459,100.17021942138672,3278400.0
2015-10-21,100.39483008752438,100.48633304851845,95.8862498390328,98.2486801147461,5305600.0
2015-10-22,98.33185984608134,99.01396876825184,91.56067902103018,94.67176055908203,10475000.0
2015-10-23,95.20415707096629,97.00925605199538,94.86310571458479,96.42696380615234,5497500.0
2015-10-26,96.42694873815134,97.32533799665048,95.66165700525474,96.93437194824219,3377100.0
2015-10-27,96.81789644720621,99.42155442083458,96.41029645852531,99.29678344726562,4008400.0
2015-10-28,99.62122914009637,99.93732627419877,96.41864419238445,99.63786315917969,4405500.0
2015-10-29,99.64618439003027,101.21004240434769,99.40494985892535,99.57963562011719,3257500.0
2015-10-30,99.76261733248215,100.12862913166227,97.97415924072266,97.97415924072266,4237800.0
2015-11-02,98.68955320388977,99.77926219260276,98.0240782869486,98.73114776611328,3874200.0
2015-11-03,98.29858556633212,98.53982006113615,96.70145340739408,97.87435150146484,2758200.0
2015-11-04,97.82443725745108,97.9492145962883,94.87972125451226,95.36219024658203,5396100.0
2015-11-05,95.64502902664046,97.13401802308529,94.52203920939318,96.68482971191406,4009100.0
2015-11-06,95.852986547624,96.32713539331046,94.83814009106435,95.50360870361328,4106900.0
2015-11-09,94.93793823418386,95.36217859582375,94.00628109042668,95.04608154296875,2755100.0
2015-11-10,95.05441645718274,96.65986896580326,94.85477650302364,96.4020004272461,2842600.0
2015-11-11,96.78464390825071,97.2088843534149,95.12096285663853,95.27901458740234,2374200.0
2015-11-12,94.63018349684666,95.44538368831722,93.60701681978404,93.84825134277344,3341300.0
2015-11-13,93.57372152217168,94.01459590320844,92.48401266742508,92.67533874511719,3767300.0
2015-11-16,92.25110408948923,94.94626528036241,92.15960113533389,94.6800765991211,2450000.0
2015-11-17,94.6052168156592,96.02766321824477,94.13938184983006,95.15422821044922,1981400.0
2015-11-18,95.0377881471028,97.76622428810562,94.62186784886602,97.53330993652344,3319900.0
2015-11-19,91.32773888706406,94.58855103959019,91.17800739299717,92.02648162841797,15731900.0
2015-11-20,92.24280018375904,95.19583674212699,92.00156565718916,93.97303009033203,7059400.0
2015-11-23,93.97301356502194,95.23740821505484,93.24931011257677,93.29922485351562,3780400.0
2015-11-24,92.65037810384949,94.37228741548248,92.38418943937033,94.15601348876953,3244800.0
2015-11-25,94.3889358743668,95.70324529455205,93.99796985158925,95.17086791992188,2959200.0
2015-11-27,95.23741772600935,96.41031588540402,94.89636641880143,95.11264038085938,1740400.0
2015-11-30,95.2956558343505,95.51193616446959,93.68188940744972,93.75675201416016,4605200.0
2015-12-01,94.43884303550915,96.80127315768384,94.03956318297521,96.70977020263672,5467000.0
2015-12-02,97.11076472822037,99.73402477277297,97.0021606941186,98.2803726196289,6071100.0
2015-12-03,98.41407614201712,98.81508068237453,95.59866274380853,96.07485961914062,4286600.0
2015-12-04,96.56776158882347,98.79001790516676,96.27536111926572,98.36394500732422,3588200.0
2015-12-07,98.48922971771135,98.48922971771135,96.24191213552017,96.83507537841797,3164300.0
2015-12-08,96.033059558855,97.20266750567167,95.19762622167887,96.81001281738281,3551900.0
2015-12-09,96.409023363475,97.59533735685254,95.79080438259327,96.11662292480469,3839100.0
2015-12-10,96.11660924876713,97.78747594497273,95.5234459626256,97.08570861816406,3202600.0
2015-12-11,97.0857084172041,98.02974580401995,95.7573724559185,96.89356231689453,3830800.0
2015-12-14,96.81001223649648,97.52848541206495,95.5986364543999,96.78495025634766,3867200.0
2015-12-15,97.63711395088202,98.99886824053227,97.46167368341922,98.25533294677734,3124100.0
2015-12-16,98.83175752341334,100.05148932204969,97.6621496809052,99.2745361328125,3516900.0
2015-12-17,99.27453098064558,101.16260546712041,99.11579662934429,99.60034942626953,3945800.0
2015-12-18,99.09074744291712,99.29960577470409,96.7598876953125,96.7598876953125,7574800.0
2015-12-21,97.386474185113,98.38899174647653,96.91027738738765,98.08824157714844,3185200.0
2015-12-22,98.73988688930802,98.86519681457261,97.08572576344632,98.11331176757812,2821600.0
2015-12-23,98.49759961932854,99.2745529401048,98.20519920266028,99.1575927734375,2479600.0
2015-12-24,99.02391534760172,99.56694830750492,98.82341312546156,98.86518096923828,900100.0
2015-12-28,98.79836195424915,99.09076238808152,98.06317643621186,98.85684204101562,1582600.0
2015-12-29,99.30797197274146,100.59454019200217,99.1659434485836,100.10163116455078,2027600.0
2015-12-30,100.27709376675108,100.3439299843281,99.13255381654409,99.34976196289062,1747700.0
2015-12-31,99.11580591722783,99.72567502896915,98.04645231611725,98.2803726196289,2372500.0
2016-01-04,97.6705427457635,97.6705427457635,95.68220674918184,97.29459381103516,4991000.0
2016-01-05,97.51178113580146,98.48923662060527,97.08570834479059,97.47836303710938,2816800.0
2016-01-06,96.7264989152786,97.45332842478628,95.65714495222298,96.48422241210938,2677300.0
2016-01-07,94.93029841138271,95.31459702454349,93.08399129487381,93.64373016357422,5277200.0
2016-01-08,93.86094404915073,94.4039770503166,91.69717453726905,92.0313491821289,4422400.0
2016-01-11,92.32375206717764,92.41565025631003,90.38554672394693,91.54679870605469,4525800.0
2016-01-12,92.19841917418225,94.51256660256273,91.93943689172366,93.7857437133789,4037800.0
2016-01-13,93.91109659478964,94.43741748254645,91.00378478306213,91.2544174194336,3434300.0
2016-01-14,90.8450364328977,93.40146726100858,89.81745680372958,92.5326156616211,4238200.0
2016-01-15,91.12909087240189,92.44072125796855,90.05138085513724,91.2878189086914,6357000.0
2016-01-19,93.14245213230245,95.37306377487074,91.56348378488607,94.0530776977539,7122800.0
2016-01-20,93.64371739525815,96.69305027552093,92.02298109532411,95.8993911743164,8380700.0
2016-01-21,95.7991489946672,96.47585440087308,93.78575776155273,94.82169342041016,5413900.0
2016-01-22,95.7991505097657,96.20016136326134,95.14751344995513,95.51510620117188,3622200.0
2016-01-25,95.6738291024041,96.33382224594635,94.27865686960195,94.721435546875,2908500.0
2016-01-26,94.32880748658674,95.38980531642407,93.36805760592479,95.20600891113281,4592500.0
2016-01-27,95.598647201247,95.91610960857082,93.4348713132981,93.84423828125,4720300.0
2016-01-28,93.81084582958309,94.61286137304856,92.40731703505527,93.05059814453125,3525600.0
2016-01-29,93.51005130816289,96.20850372314453,92.41563570391308,96.20850372314453,5280800.0
2016-02-01,95.93286264156387,97.03563497798503,95.3313492991789,96.81842041015625,4333500.0
2016-02-02,96.03307370374058,96.40066646587364,94.62954523560242,95.13916015625,2997700.0
2016-02-03,95.54851851369793,95.54851851369793,92.1483048925325,94.19511413574219,3462300.0
2016-02-04,94.1282895533303,95.6989085898701,93.6019687505323,95.40650177001953,3608300.0
2016-02-05,95.29788476996237,95.41484493247903,92.64956250264102,93.3346176147461,3330800.0
2016-02-08,92.31539378446342,92.83336480435635,90.92022148957184,91.91438293457031,5050200.0
2016-02-09,91.37134903092686,93.80245679819909,91.17919655331049,92.86677551269531,3680200.0
2016-02-10,93.0087795644841,95.64039541582362,93.0087795644841,94.18673706054688,3023200.0
2016-02-11,93.00045027243766,93.30956293977957,91.97286433689123,92.4156494140625,3955000.0
2016-02-12,92.90019608627023,93.49335943834775,92.07311876438878,93.41816711425781,2552100.0
2016-02-16,94.09489874292423,96.30044328086315,94.01135664467043,96.2001953125,3445700.0
2016-02-17,96.4925260311968,98.90692725488334,96.24189354391387,98.83174133300781,4466000.0
2016-02-18,98.9988814118583,100.25203180947676,97.79585499051177,98.12167358398438,3847100.0
2016-02-19,98.16344159211614,99.04064936439505,96.92699714033328,98.3138198852539,4481400.0
2016-02-22,99.50012212174039,102.03984056187873,99.38316194923446,101.3130111694336,5054800.0
2016-02-23,100.78671088480492,101.75581693843412,100.47759815241919,101.21278381347656,2804400.0
2016-02-24,100.19353367392449,100.51935220873744,98.43912470788898,100.41909790039062,2559700.0
2016-02-25,100.41910597457047,101.27960784923695,100.1016435333904,101.2545394897461,2281700.0
2016-02-26,101.48846785434783,102.14010498681078,100.99555875809253,101.36315155029297,2877500.0
2016-02-29,101.17098120356596,101.77249425793538,99.39151039593216,99.50011444091797,4526300.0
2016-03-01,99.82591862619442,102.10665423445174,99.72567071408417,101.64716339111328,3295600.0
2016-03-02,101.27959944059022,101.78920797859382,100.5611261672816,101.3130111694336,2670900.0
2016-03-03,100.97049890377095,101.80593244997202,100.32721150383891,101.77251434326172,3064100.0
2016-03-04,101.35479507244904,102.0816245343193,100.87024209786887,101.75580596923828,2873900.0
2016-03-07,101.15429416123709,102.54111051786401,101.00391586966529,101.7223892211914,2315400.0
2016-03-08,101.32134810492953,102.19019948893514,100.86186362103868,101.6388168334961,2522000.0
2016-03-09,102.24282721727877,102.4441632914645,101.04322697591397,101.5885009765625,2094000.0
2016-03-10,101.67239499083276,102.98105396488064,101.00968450031928,102.41899871826172,2638200.0
2016-03-11,102.73778310655936,105.12859328186603,102.55322821580661,104.94403839111328,3766200.0
2016-03-14,104.69237206890267,105.71580171521434,104.323262307841,105.0447006225586,2856400.0
2016-03-15,104.47423240548329,105.25439193098391,104.08834794342918,104.73428344726562,2610300.0
2016-03-16,104.34843678154262,105.32154209061821,104.10516045427372,104.7762680053711,2140900.0
2016-03-17,104.53297048100467,104.82657757501393,102.52804523885693,104.46585845947266,3911400.0
2016-03-18,104.74266719609874,106.6049837738528,104.4658349696427,106.30298614501953,6948400.0
2016-03-21,105.90034553262703,106.53789694417883,105.43057417682819,106.31978607177734,2667000.0
2016-03-22,106.24429290251268,108.06466975889875,105.71579371188403,107.39356231689453,3984000.0
2016-03-23,107.50262276820301,109.3481716846467,107.3935769142761,108.87838745117188,6166400.0
2016-03-24,108.19049827972101,109.32299290356826,106.68050971469467,107.87171936035156,4153900.0
2016-03-28,108.06467913297938,108.63511218796386,107.38517462880895,108.1485595703125,1955100.0
2016-03-29,108.4421701311287,109.13004601978484,107.82977767378698,108.91194152832031,2463100.0
2016-03-30,109.13003898784818,109.97731708919025,108.54282477919658,108.78609466552734,2578500.0
2016-03-31,108.75252086745807,109.029353104322,107.620026516679,108.13174438476562,3181800.0
2016-04-01,107.95562930032743,109.42367147680956,107.67879695386765,108.9874496459961,3901700.0
2016-04-04,109.47399728172267,109.64177096270518,108.11501382535954,108.6267318725586,2812400.0
2016-04-05,108.17368552370019,108.60152295918985,106.45398358192536,106.57142639160156,4440000.0
2016-04-06,106.73084597650035,107.72911014094701,106.43723246915522,107.40194702148438,3021400.0
2016-04-07,106.96572399477154,107.7458836237566,105.89195727964253,106.42884063720703,3186600.0
2016-04-08,106.69731559425007,107.50263448161655,105.07827441408179,105.43060302734375,3642300.0
2016-04-11,105.55641240812656,106.48757095930307,105.55641240812656,105.9758529663086,3119200.0
2016-04-12,105.95068427171775,106.839896179443,105.19569001036858,106.37012481689453,2887200.0
2016-04-13,107.08314525994818,107.9304167380053,106.76436643049826,107.17542266845703,2592400.0
2016-04-14,107.14188974324567,107.85494376261249,107.00766570190218,107.36000061035156,1674600.0
2016-04-15,107.28446848081784,107.42707668540812,105.8835390354015,106.814697265625,2835200.0
2016-04-18,106.43721713646119,107.4019315498195,106.20233148454523,107.21737670898438,2717400.0
2016-04-19,109.13002423005057,110.14507585369635,108.31630865084827,109.47396850585938,4340100.0
2016-04-20,110.13672553869993,113.34125840287932,109.809562327987,112.35137176513672,7321000.0
2016-04-21,112.04093378757554,112.41004344095316,111.09299425052,111.53761291503906,3786000.0
2016-04-22,112.17517496033483,112.68689291252929,111.61312619322109,112.51911926269531,2782800.0
2016-04-25,112.16678699882506,112.46878467852873,111.22723155068665,112.22550201416016,2702100.0
2016-04-26,112.38491055000328,112.92179398287871,111.57119479700776,112.61141204833984,2638000.0
2016-04-27,112.69528311811291,112.8966191888241,110.64841120029966,111.40341186523438,3358800.0
2016-04-28,111.39503650081178,112.73725163232847,110.4722747981672,110.79105377197266,3332800.0
2016-04-29,109.9437649541218,110.63165366306413,108.15694395191346,110.4638671875,4161100.0
2016-05-02,111.24402501628659,111.51246031654927,109.8263138858735,110.81620025634766,2887700.0
2016-05-03,110.20380446566395,111.76412380179812,110.00248119668507,111.11819458007812,3632300.0
2016-05-04,109.91019631427828,111.07624043587123,109.54947081462834,110.75746154785156,2909300.0
2016-05-05,110.7742432562482,111.80606334543937,110.60646960927295,110.99234771728516,2054700.0
2016-05-06,110.80781576111319,110.9672052387815,109.55789095262016,110.765869140625,2618600.0
2016-05-09,110.52256547150027,112.06610335174192,110.37157304422571,111.2943344116211,2191800.0
2016-05-10,111.50405897407747,112.07450469995533,111.21884251129252,112.0493392944336,2223500.0
2016-05-11,112.19197489264539,112.41007939380495,109.54110726173174,109.63338470458984,3450800.0
2016-05-12,109.89342664238089,110.13669653487263,108.00594412371403,108.83644104003906,3210400.0
2016-05-13,108.29954568863045,109.07969889946844,107.83815856379196,108.21565246582031,3137300.0
2016-05-16,108.00593831625149,109.77597789503893,107.82138345588052,109.59142303466797,2466000.0
2016-05-17,109.53269515303782,110.07796266717813,108.2072616752528,108.68541717529297,2294500.0
2016-05-18,108.30791739901808,110.11990328013783,108.15691217543785,109.48234558105469,2246400.0
2016-05-19,108.79447622724379,109.99406988320585,108.0143102605227,109.05452728271484,2756000.0
2016-05-20,109.58305038905512,110.55614280963493,109.22232483290144,109.84310150146484,2538100.0
2016-05-23,109.16358287711513,110.06117884368392,109.06290845820745,109.40685272216797,3036500.0
2016-05-24,109.69208757343623,111.56280163490892,109.31459364006213,111.22724151611328,2702400.0
2016-05-25,111.7473879257665,112.66176550604514,111.38666229665665,111.92354583740234,2211300.0
2016-05-26,111.99063462818089,112.3765255931188,111.28597752731409,111.55441284179688,1499300.0
2016-05-27,111.55439484043224,112.85466298598051,111.53762643619652,112.4100570678711,1833400.0
2016-05-31,112.9133981750973,113.0392252166247,111.97384266389159,112.13323211669922,3634100.0
2016-06-01,112.05776352093002,113.12314633634568,111.58799204965423,112.85469818115234,2618000.0
2016-06-02,112.62816121558708,114.21364583247977,112.41844096044092,114.12136840820312,4015000.0
2016-06-03,113.76067547704902,115.02738143008459,113.37478450840379,114.79249572753906,3625600.0
2016-06-06,114.85956048423373,116.09271631522425,114.5156162755236,115.8913803100586,2959900.0
2016-06-07,115.89981689568572,116.18503340018943,114.82605010200479,114.87638092041016,2943200.0
2016-06-08,115.15321103385386,118.18995648950066,114.92670955502369,117.77890014648438,6180800.0
2016-06-09,117.85440966010721,118.1731757720384,117.05746237950503,118.01378631591797,3682400.0
2016-06-10,117.65305895476861,117.77050178146337,116.30246004762489,116.80579376220703,2805800.0
2016-06-13,116.60445685052132,117.5523964591457,115.83268788078504,115.84107208251953,2804300.0
2016-06-14,115.66490640088715,115.98367244918641,115.21190353178257,115.65650939941406,2970700.0
2016-06-15,116.07365710265692,116.4360124127688,115.49219127145541,115.66915130615234,2369400.0
2016-06-16,115.62706170912844,117.0427938517449,114.92761802250153,116.8489761352539,3176100.0
2016-06-17,116.93322358936777,117.0090764762001,115.07086098359156,116.03153991699219,4430900.0
2016-06-20,117.32085288261639,117.84332347084879,116.41073411503173,116.73096466064453,3731700.0
2016-06-21,117.30401212724479,117.32929213620737,116.35176845291919,116.45288848876953,2021400.0
2016-06-22,116.6719766886083,117.59051789574596,115.98096840221288,116.20848846435547,2375200.0
2016-06-23,117.43039799997118,117.96129092458267,116.30116880563745,117.29556274414062,2646800.0
2016-06-24,114.32083345142206,116.8152214878285,113.89104766415468,115.69442749023438,4475100.0
2016-06-27,114.73377909354366,115.77873335505934,114.16917075454296,115.54277801513672,3996200.0
2016-06-28,116.46972458465405,117.2112928081442,115.99780116785337,116.89107513427734,4160200.0
2016-06-29,117.80961314358862,118.55118134754775,117.64107549989782,118.4163589477539,3704500.0
2016-06-30,118.5511945616774,119.08210041414813,118.18041684766864,118.9894027709961,4730800.0
2016-07-01,118.95571670526466,119.48660977198611,118.50065080967352,118.7029037475586,2882500.0
2016-07-05,118.10452093458329,119.58768268457851,118.00340094566351,119.29273223876953,3749300.0
2016-07-06,118.80399827355772,120.47255572092756,118.7955758915967,119.9837875366211,4083300.0
2016-07-07,119.97537036930197,120.21976092756971,117.93603492946254,118.65233612060547,3515500.0
2016-07-08,119.4107562189873,119.47817385731395,117.59895380138258,119.04840087890625,3605500.0
2016-07-11,119.04842750851151,119.32652050683987,117.98661554060271,118.24786376953125,4084000.0
2016-07-12,118.72816487430185,118.77872488608149,117.4472555219547,117.86018371582031,4310100.0
2016-07-13,118.78716931002731,119.3180623333537,117.9107528427645,119.2253646850586,3164700.0
2016-07-14,119.9922246015541,120.37987281536951,118.37423982375932,118.68603515625,3000700.0
2016-07-15,119.36860327779706,120.32085961645241,118.87141272483109,119.09894561767578,3748700.0
2016-07-18,119.46130722564469,119.57928486917082,117.65792732683158,118.61018371582031,4166300.0
2016-07-19,118.61019940762637,120.19448185194398,117.40514280779789,120.1607666015625,5326200.0
2016-07-20,120.9023376488524,121.75346119976894,120.3461517916914,120.52312469482422,5489800.0
2016-07-21,120.26189084081237,121.12143678468567,119.77312261425331,120.39671325683594,3475100.0
2016-07-22,121.08773803710938,121.39111098483568,120.4388545097448,121.08773803710938,2697500.0
2016-07-25,120.96978839206004,121.25630378164087,119.16640791263525,119.43606567382812,2725600.0
2016-07-26,119.61301189181114,119.82368719446444,118.83772832107901,119.41075897216797,2668100.0
2016-07-27,118.96414023781337,119.95009920964691,117.90234123551602,119.39391326904297,2684100.0
2016-07-28,119.12426226564824,120.53157196430162,118.98100458048495,120.30403900146484,2517000.0
2016-07-29,119.53718094078407,121.26470826676584,119.32650562214229,120.67481994628906,3269700.0
2016-08-01,120.8601951402255,121.48379860871316,120.5399645944347,120.93603515625,2494900.0
2016-08-02,121.18885675368757,121.32369203090492,119.95008496877774,120.64952850341797,2679100.0
2016-08-03,120.78437198824952,121.02874969353725,120.02593314631389,120.40515899658203,1963600.0
2016-08-04,120.5905471805946,120.91076489358886,119.88266839819697,120.26189422607422,1890900.0
2016-08-05,120.78438677360496,120.9613468573647,120.00066782686227,120.49787139892578,2000100.0
2016-08-08,120.17764063260104,120.56528891330444,119.54561461697315,119.77314758300781,1846400.0
2016-08-09,120.12706252158618,120.61583077644511,119.39390370999767,119.51189422607422,2140700.0
2016-08-10,119.55403697516202,119.95010764022335,118.76189564503935,119.8237075805664,1866300.0
2016-08-11,119.86583553822624,120.55684390620728,119.19167193777074,120.19448852539062,1857500.0
2016-08-12,119.79841306647378,120.62425669299864,119.24222715410778,120.40515899658203,1787900.0
2016-08-15,120.47258277921101,120.59898283000814,119.23381084699396,119.34335327148438,2369600.0
2016-08-16,118.94730333728917,119.34337404352577,118.25629484165746,118.88832092285156,1688500.0
2016-08-17,119.06525124999133,119.58773475697085,118.53435821839969,119.41919708251953,1849100.0
2016-08-18,119.38547314569875,120.37143197102861,119.04839782132251,119.80682373046875,1572700.0
2016-08-19,119.36857464878507,119.87420032081702,119.006219442085,119.69722747802734,1950200.0
2016-08-22,119.75626802479556,120.50627157831661,119.41919268829615,119.73941040039062,1587900.0
2016-08-23,120.27874298473796,120.39672064262068,119.45289937955899,119.6719970703125,2295500.0
2016-08-24,119.66355639872056,119.73097402986431,117.56522602714054,117.86859893798828,2529800.0
2016-08-25,117.76751958720587,117.76751958720587,115.47537077120316,115.7029037475586,3891000.0
2016-08-26,116.01467589249953,116.5455817780396,114.59894400919295,115.12983703613281,3082400.0
2016-08-29,115.61859416440899,116.32646003795419,115.01184831319911,115.6775894165039,2315900.0
2016-08-30,115.677633956203,116.03156702925149,114.8096524740261,115.34054565429688,2026600.0
2016-08-31,115.07088686254824,115.2984198570146,114.22818540307678,114.6495361328125,2837300.0
2016-09-01,115.29837868193754,115.43320109476662,114.05960695021334,114.38825988769531,2765400.0
2016-09-02,115.02870891277024,115.2646642100572,114.40510542216936,115.12140655517578,2390500.0
2016-09-06,115.12984296518214,115.32367351475513,114.29557694048428,114.58209228515625,2242400.0
2016-09-07,114.2900088224938,115.10274345803109,113.61273211254253,114.28154754638672,2816300.0
2016-09-08,113.84131780641178,114.81489421346663,113.79052431289297,114.66251373291016,2826700.0
2016-09-09,114.0444691276769,114.41695893662732,113.12167358398438,113.12167358398438,3322300.0
2016-09-12,112.35132378074717,114.89956317723014,112.08040791399547,114.73870849609375,3457400.0
2016-09-13,113.64660400683513,114.41699351436701,112.91005960401566,113.40108489990234,3331500.0
2016-09-14,113.33337262798625,114.02758491619922,112.57990556184188,113.18099212646484,4592400.0
2016-09-15,112.62218653073336,115.2127572214787,112.49520283725562,114.806396484375,3302900.0
2016-09-16,114.80644349488836,117.29542825003168,114.73871452464185,117.22769927978516,7421900.0
2016-09-19,117.40546104772109,118.00654750568938,116.42342340354392,116.55886840820312,3239500.0
2016-09-20,116.93985781720768,117.278489741693,116.03399739634064,116.381103515625,2425700.0
2016-09-21,116.99908319782239,118.48909429438166,116.8213060034226,118.44676208496094,3506600.0
2016-09-22,118.93778868071573,119.71665225482234,118.8023307761815,119.40340423583984,3018300.0
2016-09-23,119.38652831502198,120.02993423588924,118.82777392906833,118.95475769042969,2802000.0
2016-09-26,118.48064715446445,118.66689858406126,117.59172222556691,118.28593444824219,2636500.0
2016-09-27,118.51453143940886,119.23412757297336,117.41395820915491,119.1917953491211,3048600.0
2016-09-28,119.47961145495016,119.97063668714736,118.23511936530736,118.87006378173828,1990400.0
2016-09-29,118.67535029042263,118.76001472176803,116.6943266095343,117.10070037841797,2201000.0
2016-09-30,117.82874475740495,118.92931765459029,117.18533907070108,118.52295684814453,4164100.0
2016-10-03,117.97268379908084,118.285918926855,116.85517536813862,117.24461364746094,2724400.0
2016-10-04,117.41394119617148,117.98115674325695,116.11865542545796,116.96524810791016,2452600.0
2016-10-05,117.00758724468561,117.61712212755424,115.6445724286187,116.49116516113281,4625600.0
2016-10-06,116.24565787770074,116.39805130242863,114.84878489393151,115.5345230102539,4025300.0
2016-10-07,116.16099449216026,116.44883292085028,115.11967613040174,115.69536590576172,2568700.0
2016-10-10,115.95778085147975,117.12608268654579,115.95778085147975,116.89749908447266,2586000.0
2016-10-11,116.25416528338874,116.56740058205871,113.75670542020579,114.07841491699219,3353600.0
2016-10-12,114.27309490188017,114.89957823737339,113.13866362661895,114.37469482421875,4287900.0
2016-10-13,113.99368866843554,113.99368866843554,113.11323804644867,113.60426330566406,3425700.0
2016-10-14,114.10377987965282,114.72178902464918,113.35031278238891,113.3757095336914,3452900.0
2016-10-17,113.4942296173438,113.8074648221186,112.62224005974285,113.55349731445312,3602500.0
2016-10-18,117.8456739030459,121.86698829465183,116.71970432323907,121.39289855957031,10141900.0
2016-10-19,121.75698712170096,123.90732722794014,120.91039429093286,122.22260284423828,5796000.0
2016-10-20,122.32416032524316,123.5009234349891,121.89238986385506,122.815185546875,5203700.0
2016-10-21,122.129442171434,123.12842814325246,121.70614587716703,123.06916046142578,3331800.0
2016-10-24,123.60250333143367,123.78875471235749,121.92625382109551,122.49346923828125,2930200.0
2016-10-25,122.65437896594258,123.07767540034412,121.57074112731321,121.7231216430664,3095400.0
2016-10-26,121.69769790536289,121.72309465235699,120.12303500183347,120.41087341308594,3267600.0
2016-10-27,120.82570071243823,121.27439377113751,119.86058563474832,120.16535949707031,3358000.0
2016-10-28,119.92833222765171,120.51248329281925,118.04889528666926,118.81929779052734,4033600.0
2016-10-31,119.20027077033323,119.8267411850567,118.4975971846997,119.64896392822266,3761100.0
2016-11-01,119.80135048284042,119.80135048284042,117.52402654977007,118.04043579101562,3391400.0
2016-11-02,117.69330239429937,119.5642647350972,117.61709924553342,117.65943145751953,3149700.0
2016-11-03,117.82879816482318,118.81084906700667,116.5335120113158,116.68590545654297,2989700.0
2016-11-04,117.21078290937453,117.5832858474464,116.56737696414821,116.58431243896484,3520700.0
2016-11-07,118.18431881299745,120.58863842582129,118.14198660417085,120.15686798095703,3896600.0
2016-11-08,119.66588006390917,121.57917486350095,119.36956745976067,120.97808837890625,4389300.0
2016-11-09,118.1335334316043,122.07019702936837,115.32285253347735,120.1314926147461,8042400.0
2016-11-10,120.503992139837,124.08508827417923,120.21615374526877,123.71258544921875,6075500.0
2016-11-11,124.2036337669201,124.87243638636605,123.6110084801934,123.95811462402344,4475400.0
2016-11-14,124.72003608493033,129.4609472002311,124.48297825708549,128.91912841796875,5740400.0
2016-11-15,129.96043813808808,130.34141517988365,128.26725277181148,128.87680053710938,4910700.0
2016-11-16,128.67365473612418,129.5287088828512,128.030235888544,128.25881958007812,3899000.0
2016-11-17,128.5297408675327,128.61439240713105,127.14979030045559,127.64081573486328,4683000.0
2016-11-18,127.87783077902073,128.39425284621464,126.48094506383413,126.52327728271484,5664800.0
2016-11-21,126.75191591250777,127.54771546793953,125.76986484759261,127.33606719970703,3867800.0
2016-11-22,127.9032331846169,129.46942200864848,127.46300134114668,128.90220642089844,4992100.0
2016-11-23,128.69056912931305,130.15518399988667,127.8016570081439,129.98585510253906,2697200.0
2016-11-25,130.3160388002651,130.7986029535408,129.1985428904401,129.36785888671875,1664500.0
2016-11-28,129.30858034067697,129.40170605921577,126.98891157215282,128.7752227783203,5029600.0
2016-11-29,132.86425545515283,133.86322860330696,131.37424409115488,133.41453552246094,5827400.0
2016-11-30,133.84371865166125,135.79012885504832,133.50373852764764,134.56619262695312,7142400.0
2016-12-01,135.2462570464219,137.45616846289326,135.2462570464219,136.79319763183594,5250200.0
2016-12-02,136.84411779029793,138.13606588782835,136.47013179079596,136.6146240234375,3480000.0
2016-12-05,136.15570260673965,136.56368159753353,132.78984026678987,133.97979736328125,5854200.0
2016-12-06,134.43875468656293,134.489750432627,132.81532093330154,133.71629333496094,3216700.0
2016-12-07,134.20075153469847,135.97717233610408,132.8918133045615,135.48419189453125,4552300.0
2016-12-08,135.49272287196746,136.19819433232004,134.29427088620884,135.41622924804688,3407500.0
2016-12-09,135.58620573663868,136.13018195649875,134.04777359778828,136.09617614746094,4007200.0
2016-12-12,134.99972037327956,135.70519171880582,134.08175812739293,135.56069946289062,3471200.0
2016-12-13,136.33416112809903,137.44762437822985,136.05368454315348,136.45315551757812,3868900.0
2016-12-14,136.96318163075,137.5241609145581,134.90627055954,135.87522888183594,3885700.0
2016-12-15,135.88366079690337,137.09060741236894,135.5096747812409,136.52113342285156,4422700.0
2016-12-16,137.16715816550715,139.39405910588746,137.00566297314344,139.3430633544922,7605300.0
2016-12-19,138.62056203403162,139.34303629025501,137.03113423363868,137.30311584472656,4732600.0
2016-12-20,137.44764656115692,138.6375906479953,137.19265483700076,137.34564208984375,3131200.0
2016-12-21,137.2010968683918,137.94056091065588,135.67116008317916,137.12460327148438,2767700.0
2016-12-22,137.17563251745509,137.59211937361727,136.22367738270273,137.33712768554688,2741700.0
2016-12-23,137.32013240964454,138.57807504608007,136.46167374718124,138.569580078125,2044400.0
2016-12-27,138.76504086391688,139.36002570884082,138.07657248158316,138.23806762695312,1344000.0
2016-12-28,137.83012986722255,138.75658727603775,137.11616340369991,137.21815490722656,1669100.0
2016-12-29,137.626100146005,138.0000861931286,136.32565691722561,136.8781280517578,2476300.0
2016-12-30,137.15860547409474,137.2521019776186,135.8666702955643,136.0281524658203,2855600.0
2017-01-03,136.95461146439388,137.92356925467323,135.27167453700397,137.22659301757812,3539700.0
2017-01-04,137.99158551895997,138.18707350117455,135.7731801670179,137.6175994873047,2695200.0
2017-01-05,137.48159833047126,138.2295703726826,137.27760241820982,137.84707641601562,2961100.0
2017-01-06,137.48157781474904,138.49303632014585,136.9376017659741,138.0425567626953,3081300.0
2017-01-09,137.69414263175722,138.05962085910065,136.6571857052485,137.65164184570312,3040800.0
2017-01-10,137.07364102999333,138.5270716039873,136.4191653901431,137.33712768554688,3500700.0
2017-01-11,137.09909539859373,138.4930348190592,136.5126185929531,137.60057067871094,3330600.0
2017-01-12,137.43064788483724,138.49310262701155,136.75067425596205,138.0001220703125,2555900.0
2017-01-13,137.83006570670014,138.32304602662444,137.19259316756884,137.52407836914062,3183300.0
2017-01-17,138.21261790251276,138.5186053978478,133.87779721350273,136.55519104003906,5475800.0
2017-01-18,136.8951141587687,137.01410852557981,132.67079468285505,134.0732421875,6591600.0
2017-01-19,134.07323306248983,136.46162817126708,133.64825135717254,134.88919067382812,4976900.0
2017-01-20,135.1612120167109,135.82418257103618,134.13275037917734,134.855224609375,3579100.0
2017-01-23,134.82127173274634,135.58624703611486,133.0703481470359,135.20376586914062,4062600.0
2017-01-24,135.45022569411535,137.10765243690292,135.22923978488294,136.35968017578125,3514100.0
2017-01-25,136.69114308928962,137.6770909415398,136.29165918688093,137.04812622070312,3605800.0
2017-01-26,137.57510641430392,139.03704481834856,137.05662810857393,138.33157348632812,4202400.0
2017-01-27,138.96902968653063,139.2240213257097,138.22105767011556,138.53555297851562,3110400.0
2017-01-30,138.49305828758648,138.93504295026392,137.10761359713618,137.7705841064453,2784600.0
2017-01-31,137.37116751765103,137.85565318766214,136.0027250586115,137.77915954589844,3037000.0
2017-02-01,138.33155447770088,139.30900727856448,137.71957974291928,138.2975616455078,3718500.0
2017-02-02,138.13608087910583,138.75655064411816,136.21515494036066,136.64013671875,4714000.0
2017-02-03,136.9546837128063,137.69414813591456,136.172718501945,137.58364868164062,2762300.0
2017-02-06,137.2776370680154,138.14460370218734,136.18118956521755,136.42767333984375,3479400.0
2017-02-07,136.88667169421296,137.4221400655283,135.60321806412682,136.44468688964844,2942700.0
2017-02-08,135.99420373505768,136.52968506247822,135.49272822144496,136.2576904296875,2339700.0
2017-02-09,136.2576341498141,137.09910260685496,135.62016158310777,136.36813354492188,3056800.0
2017-02-10,136.09615639863682,137.34560382643983,136.07916646599944,136.6316375732422,1905900.0
2017-02-13,136.580652638864,137.71110578054325,136.580652638864,137.68560791015625,3275800.0
2017-02-14,137.22662588637033,138.96905392704517,137.0566357537372,138.65457153320312,2969400.0
2017-02-15,138.1871027531545,140.15051686555339,138.1871027531545,139.64053344726562,4537900.0
2017-02-16,140.0569900428848,140.218485189391,137.974581979242,139.09652709960938,3191600.0
2017-02-17,135.1441755219664,136.1301361415779,133.01077213711727,133.97122192382812,12033600.0
2017-02-21,133.971295050517,136.69118968847016,133.88630644896773,136.47869873046875,5419000.0
2017-02-22,136.76768332069014,137.50714770432106,135.6882256226057,136.47869873046875,2725300.0
2017-02-23,137.12464404178957,138.2041015625,136.58066779746767,138.2041015625,2459600.0
2017-02-24,138.26357697131772,138.6205601262537,137.47311705026272,138.59506225585938,2715700.0
2017-02-27,138.68003572280685,140.63495419682752,138.38254333589035,140.56695556640625,4071800.0
2017-02-28,140.64344916210044,141.73989627528854,140.1589637838786,140.56695556640625,4382100.0
2017-03-01,141.70599336400198,143.30392976933737,141.39151084698545,142.74295043945312,3514200.0
2017-03-02,143.06586893470202,143.15935247323984,141.9099180043002,142.2073974609375,1889800.0
2017-03-03,142.20744567737404,143.1764039204037,141.62096856222632,142.9639129638672,2254400.0
2017-03-06,142.30942787801027,143.94136973055566,142.0544491223793,143.38888549804688,2576500.0
2017-03-07,143.17634797892023,143.94981787116544,142.73436333057816,143.04885864257812,2702300.0
2017-03-08,142.90812905587617,143.718614827109,142.3024126579407,143.2493896484375,2048200.0
2017-03-09,143.4540936819509,144.23898632091291,143.1043195698291,143.33465576171875,3631400.0
2017-03-10,143.68445160039636,145.0324013634345,143.37732364150466,145.0153350830078,3716600.0
2017-03-13,145.0238883201346,145.82582132671786,144.64850822212262,145.21157836914062,3130200.0
2017-03-14,144.7423836939556,145.1860029778702,143.75274741243211,144.23049926757812,2522600.0
2017-03-15,144.4863871758341,146.71306146348977,144.4266617075077,146.55096435546875,2807600.0
2017-03-16,146.79836396637432,146.85807641048638,145.2200652637295,146.14144897460938,3138600.0
2017-03-17,145.96229599584493,146.3462026482645,144.6825984759422,144.7764434814453,5622900.0
2017-03-20,144.9726331686723,145.2371148751935,143.25784349721894,143.3260955810547,3928600.0
2017-03-21,143.8976985661725,144.02567611073903,142.52415623478723,143.07015991210938,4953100.0
2017-03-22,143.4370616895732,143.6503446514537,141.30423207076794,142.4986114501953,2999800.0
2017-03-23,141.81610619172633,142.41329589332815,140.57054095949388,141.01416015625,3947400.0
2017-03-24,141.73075120917548,142.8142189250892,140.2121780632882,140.76670837402344,5243900.0
2017-03-27,139.90508044451622,140.86058383935034,139.3249440849688,140.4254913330078,4383000.0
2017-03-28,140.40842305130374,141.67959402776114,139.77710087857022,141.06533813476562,7327100.0
2017-03-29,140.47670454830399,140.74117335967745,138.83869283013541,139.43588256835938,5900400.0
2017-03-30,139.61503308321622,141.56017281357623,139.45294895381954,140.75823974609375,2993800.0
2017-03-31,140.45959625314566,140.85204254531678,139.7003095949885,139.922119140625,3496100.0
2017-04-03,140.4425417438398,141.73930562318475,140.12688716826025,141.27008056640625,3473700.0
2017-04-04,141.50899397647558,142.0038120751864,140.58760989795476,140.74118041992188,2886000.0
2017-04-05,141.41513362723964,142.694831428099,140.9544481467443,141.08241271972656,3541600.0
2017-04-06,141.150668759187,141.63696018557053,140.63025778497845,141.05682373046875,2923600.0
2017-04-07,140.73259966765983,142.04641665242838,140.44252501943987,141.6369171142578,2927800.0
2017-04-10,141.78195296259574,142.4729875258382,141.00560002606775,141.1762237548828,3234900.0
2017-04-11,140.6728923369748,141.48336488785841,140.42548985974992,141.47483825683594,3172900.0
2017-04-12,141.89284938603015,141.9781547326269,140.42546203991694,141.2444610595703,2978700.0
2017-04-13,140.72405007460415,141.3212395709302,140.48517427607374,140.7325897216797,1979800.0
2017-04-17,140.75817872458035,142.83128213672134,140.73258581957276,142.62652587890625,4396700.0
2017-04-18,145.0836185683943,145.22864943899683,143.07022662855582,143.8295135498047,5526200.0
2017-04-19,144.6826092759904,146.04762527288284,143.9147959138367,144.39254760742188,4703400.0
2017-04-20,144.62292015526947,146.90078071608838,143.6418106811709,146.3462371826172,3652100.0
2017-04-21,146.8495725316708,147.26759875848492,145.43337070010907,146.02203369140625,2982300.0
2017-04-24,147.30175297699142,147.7283189154043,146.4827406474246,147.0202178955078,2830300.0
2017-04-25,148.01833382503855,149.07622170418577,147.75386510969057,148.47901916503906,3394700.0
2017-04-26,148.52168853095395,149.85257184636754,148.42784352703345,148.76910400390625,2817500.0
2017-04-27,148.50463969332728,150.21090307524034,148.46198050522813,148.98239135742188,2438600.0
2017-04-28,148.96532950256656,149.2980503512104,148.36813990471308,149.1956787109375,2010800.0
2017-05-01,149.29804456066415,150.27061415880624,148.52169160468716,148.94825744628906,2709700.0
2017-05-02,149.22129198722993,149.61372534034132,145.26276080406873,148.5643768310547,4951000.0
2017-05-03,148.23158982898286,148.70081473127266,146.61917190493455,147.1992950439453,3622200.0
2017-05-04,147.6344515198855,148.62408747132406,147.062854811147,148.4619903564453,2585200.0
2017-05-05,148.90561603368107,149.19569073409193,147.85626758304977,148.54730224609375,2189000.0
2017-05-08,148.38522216707713,148.92269941906977,148.078107186235,148.82032775878906,2505900.0
2017-05-09,148.530263753025,149.10186054371277,147.36146423921457,147.79656982421875,1653700.0
2017-05-10,147.625943904541,148.13782827125797,147.13113883921088,147.92454528808594,1568700.0
2017-05-11,147.38702718521265,148.3254772583651,146.45711676038852,147.8647918701172,1901300.0
2017-05-12,147.28471553845253,147.92456457137868,146.3292118149666,146.5766143798828,2335400.0
2017-05-15,146.5595171176704,146.73868053683753,145.2286334933173,146.33770751953125,2831400.0
2017-05-16,145.60401673462056,145.8855518178036,142.68630726039564,143.42852783203125,4343700.0
2017-05-17,143.42853790609445,145.36515105917425,142.17443291008456,144.0598602294922,4442300.0
2017-05-18,143.53942063057738,148.42786203887837,143.21522639155393,146.26943969726562,3908000.0
2017-05-19,146.99464761633556,147.54917821456073,145.2457243959742,147.24205017089844,3877300.0
2017-05-22,147.3614436673542,149.21273800441713,147.25054539182779,149.0421142578125,3480300.0
2017-05-23,148.82030655846816,149.7416904230164,148.1975240175471,149.48574829101562,2471500.0
2017-05-24,149.68192319140704,150.23646649232285,148.88851712309045,149.80136108398438,1612300.0
2017-05-25,150.42421674353736,152.48025464548604,150.10002246902894,151.90013122558594,3212200.0
2017-05-26,151.58443514397237,152.61673023516286,151.00431183291153,151.43087768554688,1583600.0
2017-05-30,151.46501361980253,151.9257120804563,150.3559526971165,150.654541015625,2285700.0
2017-05-31,150.91047540667188,150.91900203781705,149.2298048102909,149.4516143798828,3320400.0
2017-06-01,149.9635252342766,153.20542907714844,149.4601805345393,153.20542907714844,2890600.0
2017-06-02,153.49546323041838,153.49546323041838,152.14751350036715,153.04330444335938,2610100.0
2017-06-05,153.16276460034842,153.836746072085,152.84710997202788,153.02626037597656,2640600.0
2017-06-06,152.87268147697904,154.4680336953975,152.2669522022611,154.26329040527344,3443900.0
2017-06-07,155.26998144642587,156.52408618414455,153.2651165887783,156.30227661132812,3783600.0
2017-06-08,156.30228770324453,156.77149979373985,154.39979435684768,155.00552368164062,3079900.0
2017-06-09,155.1334768726067,155.61122857770127,154.2974113886912,154.80929565429688,2392200.0
2017-06-12,154.80928544486864,155.11641338042594,150.50949434706658,152.92385864257812,3705600.0
2017-06-13,152.88974390621297,154.74956483936973,152.838545067214,154.45950317382812,2458500.0
2017-06-14,154.36565716777233,155.98660224618607,154.36565716777233,155.5771026611328,2039300.0
2017-06-15,155.69705070066246,157.19619699351617,154.27500022284826,154.5234375,3078700.0
2017-06-16,154.9089117266356,156.30526343790473,154.52341962451402,155.59423828125,4473300.0
2017-06-19,156.16824140642703,156.7850341796875,154.84898511358406,156.7850341796875,3887100.0
2017-06-20,156.55369652003537,157.12765378411223,156.09967042947432,156.99916076660156,2742600.0
2017-06-21,157.18763303837724,158.57540997652725,156.51944317397033,158.4126434326172,2866300.0
2017-06-22,158.39549068776495,161.61652157730833,158.2926962794661,159.76614379882812,3841300.0
2017-06-23,159.56908877268458,159.56908877268458,157.74440991706697,158.69529724121094,3438500.0
2017-06-26,158.5925135127379,159.24356648046876,157.10192939666476,158.5839385986328,2327400.0
2017-06-27,159.09798406201207,160.0231731260585,157.81300142942303,158.13853454589844,2682800.0
2017-06-28,159.06367378904096,159.60337055292533,158.5582505408247,159.080810546875,2451200.0
2017-06-29,159.18367211945824,159.41495960699564,157.90725119312503,158.71250915527344,2193600.0
2017-06-30,158.60970285714274,159.50063157286917,158.42123767002835,158.84100341796875,2392000.0
2017-07-03,159.5862874507708,160.64854457785475,159.1151375598139,159.89468383789062,2087000.0
2017-07-05,159.45777707119012,161.35955240647218,159.09798350390963,161.26531982421875,2587400.0
2017-07-06,161.15398967245878,161.21396181735022,159.46637769810084,160.1431427001953,1844700.0
2017-07-07,160.494316158652,161.4194920365782,160.20304353032355,161.01687622070312,2252500.0
2017-07-10,160.47719020255943,161.05114751074422,159.46633045822787,160.1516571044922,2612000.0
2017-07-11,160.1944425183477,160.75983780557593,158.55822876508773,159.29495239257812,2664500.0
2017-07-12,160.0145974848758,160.45149994375018,159.6890774413936,159.92893981933594,3342800.0
2017-07-13,160.1944991356671,160.43436151111126,158.755324883002,158.8923797607422,2379300.0
2017-07-14,159.1750596344022,160.30585048156374,158.28414420727418,160.1088104248047,2716700.0
2017-07-17,160.25442680637644,160.4086184028769,159.13219798861178,159.63763427734375,2444600.0
2017-07-18,160.15163665405223,160.36580038669243,157.50457605578316,160.06597900390625,4235800.0
2017-07-19,160.63139973353685,162.2590523337132,160.63139973353685,162.07058715820312,3401600.0
2017-07-20,162.2590175062423,164.40921672883348,161.83925187424694,164.04942321777344,3099600.0
2017-07-21,163.94663461768556,165.33441150546756,163.27844477752996,164.28929138183594,4911500.0
2017-07-24,164.29788565237885,164.62341879263258,163.3127374573756,163.5269012451172,2356500.0
2017-07-25,164.5891085560511,164.8889299252925,163.02142853536435,163.10708618164062,1960100.0
2017-07-26,162.7815821731541,164.07512648095806,162.2333235114637,163.4069366455078,2683500.0
2017-07-27,162.9700377706298,163.1842015020544,161.4451930486078,161.84780883789062,2631400.0
2017-07-28,162.00201767097815,163.8266968923359,160.70847340578857,163.7495880126953,1925000.0
2017-07-31,164.1265068028065,165.00029844831445,163.74101471763174,164.31497192382812,3767100.0
2017-08-01,165.67710492829386,165.67710492829386,164.15225976884855,164.67481994628906,3336800.0
2017-08-02,164.59767262249284,165.71988845454564,164.59767262249284,165.3343963623047,2463800.0
2017-08-03,165.55713537403935,167.01345928533408,165.3429716307922,166.85069274902344,2886100.0
2017-08-04,167.00490534751412,167.93865624819708,166.7050839122177,166.9449462890625,2892300.0
2017-08-07,166.88495153289958,167.39894974017605,166.10539237808666,166.8592529296875,2074800.0
2017-08-08,166.7736014906959,167.03917554046131,166.2596162954985,166.96206665039062,1741000.0
2017-08-09,166.96205866376303,167.35612572559788,166.3367041573365,166.902099609375,2125900.0
2017-08-10,166.41378507272765,166.52515439857206,164.82040635060844,164.96604919433594,2698600.0
2017-08-11,166.11396964751432,166.65365339413336,165.04315092677822,165.35154724121094,2210700.0
2017-08-14,166.70507995145664,166.8335729818852,165.24875589183227,165.94265747070312,2322000.0
2017-08-15,166.5936709068749,167.05625877768918,166.02827556470078,166.61936950683594,1595200.0
2017-08-16,166.88493387196408,167.2790008653754,165.1887608818805,165.9940185546875,1881600.0
2017-08-17,165.97691349929332,166.39667917337368,165.04316264567464,165.07742309570312,2440900.0
2017-08-18,165.19733727247703,165.50573357706074,163.30413715472687,163.46690368652344,2858500.0
2017-08-21,163.51830052552782,164.7433108258537,163.51830052552782,164.50344848632812,1930500.0
2017-08-22,164.60625960159422,167.01347122789855,164.10083626855402,166.86782836914062,2021900.0
2017-08-23,166.61942362722553,166.69651945215045,165.95123366816955,166.39669799804688,1547000.0
2017-08-24,166.66219826120363,167.10766242873953,166.37093875884045,166.83352661132812,1923700.0
2017-08-25,167.33043767114717,167.51032791717202,166.3110160386093,166.49948120117188,1375000.0
2017-08-28,166.69647418489154,167.74159421068845,166.49944721752485,167.1248016357422,2009900.0
2017-08-29,166.90210006126387,168.7953003461452,166.4737725488359,168.5297393798828,2072200.0
2017-08-30,168.22990217926971,168.6582296515082,167.21904254759804,167.80157470703125,1506700.0
2017-08-31,168.70107561067226,170.89412355629736,168.23848762722005,170.38868713378906,2990200.0
2017-09-01,171.1510969964433,171.3224384539559,169.92608661863963,171.11683654785156,2241800.0
2017-09-05,170.6456813631637,171.70793831856932,170.2259287593123,170.7399139404297,2700800.0
2017-09-06,170.93691655746937,171.3224217277178,169.30071559871757,169.94320678710938,3040200.0
2017-09-07,170.0636051208393,171.53403696234233,169.46167357399233,170.40756225585938,2684600.0
2017-09-08,170.63111641539635,171.0008827644941,169.40145731273705,170.04638671875,2206000.0
2017-09-11,171.33623987216808,172.3423281377862,170.93208307472466,171.62001037597656,3307900.0
2017-09-12,171.4996801835186,171.52547631765583,169.32411873043657,169.8056640625,2554700.0
2017-09-13,170.08941686537662,172.63473138890063,170.07221507070926,170.545166015625,2394400.0
2017-09-14,170.21837041131147,170.58813677157883,169.47885081189943,170.02919006347656,2378600.0
2017-09-15,170.70853094586346,171.73182111422173,169.57344880650436,170.41615295410156,4198700.0
2017-09-18,170.4075418613144,170.96648854023127,169.84000084744386,170.42474365234375,1915200.0
2017-09-19,170.63977360870769,170.77736173782984,165.43733892627125,167.38072204589844,3819000.0
2017-09-20,167.69885621453597,168.4039722460454,166.87334075793243,168.3265838623047,2788500.0
2017-09-21,168.223402571171,168.6533555394591,167.59566179026154,167.86224365234375,1895000.0
2017-09-22,167.77627713365797,168.42980103607243,161.87732085289858,165.9876708984375,5660200.0
2017-09-25,166.19402358458515,168.80813185138217,164.17323939067057,164.886962890625,3105900.0
2017-09-26,165.3685098875593,167.13131969587855,165.13633160891035,165.70387268066406,2775400.0
2017-09-27,166.13384738491897,168.214818465778,164.878391891065,167.24313354492188,3267200.0
2017-09-28,167.03680778128188,169.01459500214588,166.4004723613656,168.6276397705078,2088400.0
2017-09-29,168.3868167820383,168.61898197904523,167.23453264979273,168.41261291503906,2646300.0
2017-10-02,169.0489056349972,170.18398777420143,168.82533481414941,169.7798309326172,2893600.0
2017-10-03,169.8314331354241,171.49965285648864,169.62505097408524,170.80313110351562,2533800.0
2017-10-04,171.1470751902942,172.60891263846054,170.63112638688344,172.39393615722656,2286400.0
2017-10-05,171.92100798883666,171.92100798883666,169.0231288376886,170.17539978027344,4069000.0
2017-10-06,170.17541541216283,171.97262916987142,169.84005255116838,170.31300354003906,3361900.0
2017-10-09,170.27000793893504,170.53658986076385,168.3524209445131,168.79957580566406,3365400.0
2017-10-10,168.76513181544385,168.91131424789796,166.53797862274158,167.40647888183594,2499100.0
2017-10-11,167.36354147467983,168.6018084544862,166.4692317132078,167.9052734375,2935600.0
2017-10-12,167.69026682383907,167.99123917675325,165.72968216444656,165.89306640625,2954700.0
2017-10-13,163.02957144125847,165.71248701862473,159.94251212511762,165.54910278320312,5435000.0
2017-10-16,165.5147166775741,166.23704774842017,164.5516260779465,166.13385009765625,2927400.0
2017-10-17,169.22947309432516,177.6737416779291,168.85970675761135,175.32620239257812,8949700.0
2017-10-18,175.24879565718118,178.68841868039917,175.14559804412266,176.47845458984375,4796300.0
2017-10-19,176.68493280743064,176.92570550034114,174.30298889421505,174.77593994140625,3471800.0
2017-10-20,175.64435455104316,179.04099296889802,175.15421506644495,178.42185974121094,5138800.0
2017-10-23,178.49926214130718,179.24737604975053,176.9686307417781,178.0091094970703,2261400.0
2017-10-24,177.46735612472355,179.0581739186033,177.0374032418716,178.9893798828125,3459900.0
2017-10-25,179.13562313520933,179.84073922796205,178.06074064170733,178.48208618164062,2908300.0
2017-10-26,178.79162367222145,182.04206675216201,178.4992588307949,179.84930419921875,4346000.0
2017-10-27,179.84927847487435,182.96214614492158,179.33334290870354,182.8159637451172,4385300.0
2017-10-30,182.48066642734236,182.9622117101134,180.04713076086563,180.05572509765625,2477400.0
2017-10-31,180.05571614538562,181.02741412053086,178.6884687595413,180.76943969726562,3749600.0
2017-11-01,181.97333288306115,182.84184648071735,179.6515889326672,180.17613220214844,1902900.0
2017-11-02,180.67485712692744,181.8615316512829,179.72895524213328,181.5261688232422,2825900.0
2017-11-03,181.1993945918394,183.87370279472196,180.66625706700327,183.04818725585938,2196900.0
2017-11-06,182.22270160612828,183.9597024504721,182.12811141194118,182.4032745361328,2293700.0
2017-11-07,182.93638112199463,183.6242953271683,181.3455500000051,182.9019775390625,1845800.0
2017-11-08,182.36887594475792,183.09978821172217,181.18220140164246,181.24240112304688,2261100.0
2017-11-09,181.0875973024623,182.09368572521265,179.8321419186367,181.9217071533203,1839700.0
2017-11-10,181.83571374001997,182.13667294286083,180.75222387064792,181.50035095214844,1384700.0
2017-11-13,180.8468454697254,183.62433843243338,180.52868441908907,182.8676300048828,2662200.0
2017-11-14,182.48067325069835,182.9020188283156,181.3713870703633,182.05072021484375,1993900.0
2017-11-15,181.33699249073325,182.28288127549925,180.25350246741706,180.4598846435547,1816300.0
2017-11-16,180.9070266831591,182.30866452688258,180.49426236004652,181.5519561767578,1919600.0
2017-11-17,180.97580577367216,181.83571169403888,179.8493179962484,180.49424743652344,1887500.0
2017-11-20,180.58028104330782,181.16501089330768,180.2191220557563,180.79525756835938,2040400.0
2017-11-21,181.55190127026245,183.0309401779684,181.22513289357016,182.8159637451172,2327200.0
2017-11-22,182.52364523333222,182.99659616376798,181.23378621639353,181.6293487548828,2257800.0
2017-11-24,182.30003916836688,183.0997453062028,181.44013332323308,182.73858642578125,744000.0
2017-11-27,182.51501656340164,184.23482826246783,182.13665589022756,182.6439971923828,2856300.0
2017-11-28,183.91670922371912,186.0062746162966,182.73862901893318,185.86009216308594,2905700.0
2017-11-29,187.2014886608495,192.85107602349353,186.90912384006592,191.6558074951172,4247200.0
2017-11-30,193.12262840411645,197.36764904637752,191.79389456358066,196.86721801757812,6846400.0
2017-12-01,197.4883744076293,197.77310299053076,190.7498374418942,195.6678466796875,3325800.0
2017-12-04,197.80763390872357,199.97329344253842,191.02595302017932,191.043212890625,5591500.0
2017-12-05,190.6808198772336,193.0276617904949,189.0932542198576,189.89566040039062,3246300.0
2017-12-06,190.69808609210375,191.50912881689302,188.98109110738125,189.76625061035156,2397500.0
2017-12-07,190.32716334858824,190.34442322662238,188.25642560909387,189.94752502441406,2661600.0
2017-12-08,190.2925953330722,193.55401346100325,190.00786668184963,193.19163513183594,2233300.0
2017-12-11,191.98369947817272,193.97680009150056,191.57817803941745,192.20803833007812,1599500.0
2017-12-12,191.02606488420358,192.76894418797585,190.90527205119548,191.96653747558594,2294100.0
2017-12-13,191.3192957360437,194.08890559123603,190.87925466649983,193.57122802734375,3059400.0
2017-12-14,194.1321111129502,195.83184665015102,190.68949693632706,190.89657592773438,2811700.0
2017-12-15,193.0536131245668,193.0536131245668,190.36165187181126,191.38839721679688,6293400.0
2017-12-18,192.0613600714964,193.96816129777898,191.70760509027505,192.1217498779297,3194100.0
2017-12-19,192.39786546605842,193.0881024272428,190.55145394749533,191.57818603515625,2340200.0
2017-12-20,192.50139866613995,194.0371982883052,191.31071752508495,191.87155151367188,2633200.0
2017-12-21,192.51001034310465,193.21752030151902,191.000094040339,191.2761993408203,2955300.0
2017-12-22,191.5437190662731,191.84570767331488,188.48074254721763,189.81809997558594,1959700.0
2017-12-26,189.03290495487423,190.18044301650175,189.03290495487423,189.4729461669922,1482400.0
2017-12-27,189.80076650386934,191.0604737444132,189.1709194663093,190.18040466308594,1861900.0
2017-12-28,191.07776021307214,192.22528503758966,189.94746893064055,192.20803833007812,1452600.0
2017-12-29,193.22614669540292,193.22614669540292,190.21495056152344,190.21495056152344,2350200.0
2018-01-02,190.69813116468237,191.93194224774842,189.81806191855878,190.8189239501953,3485000.0
2018-01-03,191.21579185950296,193.10534632315282,190.26670953368946,192.82061767578125,2417600.0
2018-01-04,193.56268320028565,195.08123637071532,193.41600716276523,193.6575927734375,2749100.0
2018-01-05,194.2960481334025,197.62649289672618,193.8905266679269,197.3503875732422,2432800.0
2018-01-08,196.83267918816134,197.33311013497683,193.7955869299195,193.9250030517578,2850800.0
2018-01-09,193.92504765967246,195.53851028713441,192.66535323260157,194.8914031982422,2672200.0
2018-01-10,193.98542284460052,194.1407222042767,192.43236342071103,193.4418487548828,2311600.0
2018-01-11,193.42459231364805,194.9258853109474,193.0104475150718,194.46859741210938,2543600.0
2018-01-12,196.24605104723256,198.35993204358934,195.4436443970955,197.27279663085938,3943800.0
2018-01-16,201.35380940275223,202.76019282549933,199.52465783360307,200.9482879638672,6852600.0
2018-01-17,202.47550650334566,206.17696668067686,201.76800954987027,205.71966552734375,5124800.0
2018-01-18,206.43575592261647,210.4391906943045,205.8231686698676,209.80072021484375,6234200.0
2018-01-19,210.68079613047877,210.8274853162529,207.9974714950681,209.9646759033203,4293600.0
2018-01-22,210.1716962118286,210.35289194208391,208.247635324074,210.14581298828125,4012200.0
2018-01-23,209.65406581752075,213.09666697928932,209.15363477380177,211.5695037841797,3300000.0
2018-01-24,212.2596988217868,213.381353479707,210.2752480794176,211.25885009765625,2733300.0
2018-01-25,211.17260788383652,212.41505556886554,210.43921460254307,211.54360961914062,2420500.0
2018-01-26,211.38831336554952,214.61522541933664,210.92240205949102,214.38226318359375,2615300.0
2018-01-29,215.08113128815765,216.3839687735538,213.4590453646874,213.46768188476562,2564700.0
2018-01-30,200.93105595328961,209.43835710752555,200.2580656789839,204.183837890625,11565500.0
2018-01-31,209.52459672015078,213.11388638743043,203.4159056033646,204.2959747314453,5187400.0
2018-02-01,202.98453404892118,205.19333716474634,201.75072293031047,202.9500274658203,4268300.0
2018-02-02,201.03454890366774,203.88182197186885,199.4728663169354,200.06820678710938,3959900.0
2018-02-05,199.12779087750584,201.12951515815328,179.87851379633938,189.83534240722656,6290000.0
2018-02-06,183.0881234563688,195.43492193585791,181.37114144436111,194.28738403320312,7064800.0
2018-02-07,191.8283754336849,197.833520231347,191.12086555398753,194.83958435058594,5589200.0
2018-02-08,194.41684825524908,195.53850313471986,186.5911604937554,186.76373291015625,4902400.0
2018-02-09,188.09238058440692,192.6480115012909,182.9241494242101,190.64630126953125,6225300.0
2018-02-12,191.92328699804247,196.72050420463503,191.67306494900438,194.7274169921875,4912000.0
2018-02-13,192.53587958975808,195.9612333782734,191.88014929686406,195.54708862304688,3536800.0
2018-02-14,194.08896274390986,197.87669530466783,193.20027015705367,197.39352416992188,2878400.0
2018-02-15,197.8162914738804,198.44613857521313,191.31933851202155,195.0121612548828,4662700.0
2018-02-16,194.98628603680245,198.9206944914895,194.73606395742397,197.90257263183594,3621700.0
2018-02-20,196.64285786797325,197.3676144728932,194.6583939746145,195.56434631347656,3172300.0
2018-02-21,195.1242573940241,197.88525682979943,194.22694179319186,194.24420166015625,3371900.0
2018-02-22,195.25371979349444,198.30805849362847,194.20109154213554,195.93533325195312,2767900.0
2018-02-23,196.63425560077732,198.7222659195603,194.9172733328143,198.58421325683594,2393900.0
2018-02-26,199.86111532987667,202.3373734313435,198.1872634359733,201.94911193847656,3307000.0
2018-02-27,202.24249489674042,203.52808549483757,200.55139603934734,200.62042236328125,2899500.0
2018-02-28,202.25976555494697,202.54449421932364,195.07256211419292,195.13296508789062,4368600.0
2018-03-01,194.7361046658775,197.8335876612623,192.1821958772195,193.6575927734375,3514600.0
2018-03-02,192.58772234779195,194.83965576365492,192.05277148291253,194.29608154296875,2613600.0
2018-03-05,192.725732592534,197.95435548065387,192.22530155775522,197.0484161376953,2627300.0
2018-03-06,197.51435614910528,197.7127986548072,193.17442526377303,195.15025329589844,2652800.0
2018-03-07,193.5712812828013,196.5652307549242,193.05359041105942,196.09068298339844,3242200.0
2018-03-08,197.3112665555796,197.36321761681717,193.83995027229355,194.5411376953125,3500900.0
2018-03-09,195.73569330028477,196.09061944615186,192.61063925413808,195.14703369140625,4834600.0
2018-03-12,195.82231458445162,196.50618492265636,192.84442138671875,192.84442138671875,3117300.0
2018-03-13,193.50232977001275,197.42379589284283,193.18203756059884,196.45425415039062,3343800.0
2018-03-14,196.61876716009368,198.5751680061727,194.79221095969902,195.10385131835938,3048200.0
2018-03-15,195.4933848047092,199.7611125088958,195.34622314687692,198.65306091308594,3330200.0
2018-03-16,198.80884219703754,200.20256488351558,197.15541708774097,197.25064086914062,5690300.0
2018-03-19,196.77456166724383,197.34590447092705,193.63218945600283,194.8181610107422,3407300.0
2018-03-20,194.91334501723443,197.0255720112365,193.8052936775963,196.3157196044922,3429100.0
2018-03-21,196.03013129820133,196.88714569178177,192.8877716064453,192.8877716064453,3419800.0
2018-03-22,191.87486580086554,191.8835309147337,186.20476400352405,186.29998779296875,5894800.0
2018-03-23,186.7674585527001,188.48147370902768,183.95404376569536,183.99732971191406,5741200.0
2018-03-26,186.28264582062494,189.9357569495813,185.8584647773718,189.6414337158203,3561300.0
2018-03-27,190.7235911279411,192.13461810806257,187.33883298083603,188.6806182861328,3722100.0
2018-03-28,189.4856347323894,190.36861777197979,187.88414731057514,189.1480255126953,3179500.0
2018-03-29,189.90986741829454,193.34656351043355,185.25257873535156,185.25257873535156,5529400.0
2018-04-02,189.11339160734016,193.0348573530224,185.7978893924119,188.02264404296875,6220700.0
2018-04-03,190.7409164324327,194.8614966267354,190.178238600212,194.41134643554688,4652000.0
2018-04-04,191.04382346482322,198.6530214667073,190.81008995631746,198.0557098388672,4674000.0
2018-04-05,198.6357813024116,200.4709895048804,196.3331059331511,198.2981719970703,3348100.0
2018-04-06,196.20321875548518,197.53635196334497,192.02206306369592,193.8745880126953,3231700.0
2018-04-09,195.27695276620454,195.75307174433905,192.48950697677995,192.80979919433594,3031500.0
2018-04-10,195.12114171392915,197.5103887023637,193.4677294335039,196.3244171142578,2737500.0
2018-04-11,194.14290003475026,195.11244164055225,191.9094803708018,192.0912628173828,3482100.0
2018-04-12,193.94383008719103,195.42412495195052,193.39846941829362,194.11697387695312,2664500.0
2018-04-13,194.8614333125079,195.75306828808237,193.11278419142295,194.15158081054688,2496600.0
2018-04-16,196.60143961457706,200.7047019158083,195.94353809662732,199.38023376464844,4510600.0
2018-04-17,207.1625401140004,209.20551251840783,204.366442473698,206.504638671875,6180300.0
2018-04-18,206.89415402469936,207.53475155809605,204.5568586921645,204.64341735839844,2940100.0
2018-04-19,204.47032695413202,206.26226209320487,203.25839971684812,204.0894317626953,2734900.0
2018-04-20,204.3404736168674,205.24942561060368,202.13302254894094,203.48345947265625,2842000.0
2018-04-23,203.68254852004108,204.47897286863508,201.76943404589335,202.86016845703125,3051700.0
2018-04-24,204.25393118044693,205.4399028213476,201.3193233779857,202.75633239746094,2771200.0
2018-04-25,202.08977260837494,203.51812976986537,199.48412209053066,203.34498596191406,3118800.0
2018-04-26,204.06344380674778,205.88999960697078,202.85151668248298,205.18881225585938,2252800.0
2018-04-27,205.70818153150256,208.22725913291904,205.29265241024788,207.91561889648438,2301800.0
2018-04-30,208.62548585754203,208.62548585754203,204.64341735839844,204.64341735839844,3446900.0
2018-05-01,205.16291045561704,205.5870916923967,202.87755198143424,205.03306579589844,2633500.0
2018-05-02,203.76048117873515,204.47898559273216,201.57899901169742,202.09840393066406,3542700.0
2018-05-03,200.8085483802129,203.25838480999656,198.5058735892341,202.69569396972656,2731600.0
2018-05-04,201.7867626789445,204.85986660659873,200.97303447390345,204.2106170654297,1999900.0
2018-05-07,204.19336219828818,205.15425227789643,201.37994684553655,202.37545776367188,3237800.0
2018-05-08,202.32343586322716,202.32343586322716,199.66583520125099,200.86045837402344,2698300.0
2018-05-09,201.74348133871425,202.06377355944917,197.57096451857916,198.41932678222656,3504200.0
2018-05-10,199.23300703474388,202.81686343011987,198.5491367670597,202.31478881835938,2169000.0
2018-05-11,202.20224684789616,206.72102399962492,201.65687309230395,206.2708740234375,3044900.0
2018-05-14,206.8076297271549,210.9368607969702,206.73838806184358,210.27029418945312,3893600.0
2018-05-15,209.36999884638973,209.6816391638618,206.60852193498752,207.3270263671875,2396600.0
2018-05-16,207.456859527008,209.3267013284712,206.5219518352918,209.24879455566406,1906100.0
2018-05-17,209.04970492218428,210.8416268263046,208.22731158484189,210.32223510742188,2418700.0
2018-05-18,210.67716584717616,211.8804412624525,209.82881672212952,211.7765655517578,2283600.0
2018-05-21,212.08814594567377,215.69797117117773,211.9496362312195,214.59857177734375,3040700.0
2018-05-22,214.6852034177498,214.72848936669388,211.0840290934815,212.2440185546875,2644100.0
2018-05-23,211.24845607639438,212.52098605163238,209.17951502975126,211.4475555419922,3047800.0
2018-05-24,211.71592804054052,212.46905319125415,209.66429075391932,210.1230926513672,2610400.0
2018-05-25,210.3135895662284,212.59029577914856,209.87210458273782,212.044921875,1554900.0
2018-05-29,211.10129848758177,211.10129848758177,207.9675919844885,209.63832092285156,2837800.0
2018-05-30,210.99747339729498,212.73745761378305,210.0365834367825,212.03627014160156,2071900.0
2018-05-31,211.40434108543525,211.8717950050415,208.3485273545169,209.06703186035156,2966100.0
2018-06-01,210.99746032542802,210.99746032542802,208.87656780963462,210.65985107421875,2371400.0
2018-06-04,211.22253991873288,212.2959706965169,210.13180532849708,211.76791381835938,2188900.0
2018-06-05,212.16609987245482,212.1834168928646,209.4132880330302,211.59475708007812,1531900.0
2018-06-06,213.23085832755368,215.30845147188424,212.20071366025937,215.2478485107422,2650300.0
2018-06-07,216.20875731004827,216.4165219263434,214.901606272859,215.53353881835938,2117200.0
2018-06-08,215.9490570497987,217.7150099667871,214.74578177754765,217.00515747070312,3034600.0
2018-06-11,217.14370574615623,220.73622839012353,216.76281050592664,219.6887664794922,2775200.0
2018-06-12,219.18659145485498,219.82718894166163,216.56362497558518,219.5155487060547,2567200.0
2018-06-13,220.0003700441345,222.24245515886102,218.56336122688512,218.90097045898438,3138300.0
2018-06-14,220.28604423515577,221.60186035019774,219.5848568371646,221.030517578125,2456600.0
2018-06-15,220.89148138330302,222.3769989013672,219.40595060950096,222.3769989013672,4772200.0
2018-06-18,220.65699137169253,221.53440219523722,219.04115618023707,221.41278076171875,1961900.0
2018-06-19,219.7621487123684,220.0488305763113,218.18975297089204,219.8055877685547,2370200.0
2018-06-20,220.0662135109733,220.4223819654714,218.81524289844984,219.62315368652344,2580400.0
2018-06-21,219.7447938558256,220.35290094002005,217.98127668379163,218.82394409179688,2150300.0
2018-06-22,219.12801145601267,221.62125721093636,218.21584417190329,220.9783935546875,2604000.0
2018-06-25,220.9697423164203,221.6386668535329,215.9745543337556,217.79888916015625,3060800.0
2018-06-26,217.66849757732115,219.3277713303124,216.78239125678968,216.98220825195312,2158000.0
2018-06-27,217.43396938917323,218.71100086864996,215.55752660293842,215.59226989746094,2481000.0
2018-06-28,214.68876846805608,215.444557634049,210.43199304523077,212.75149536132812,3556900.0
2018-06-29,212.75153127408032,215.01022990058465,212.49092341818707,213.13377380371094,2772600.0
2018-07-02,212.83843169142273,215.21005621866232,212.07394655208148,214.9928741455078,1793300.0
2018-07-03,215.70522986457937,216.09615493089402,214.35001589829315,214.55850219726562,1248000.0
2018-07-05,216.40889283473197,217.98997134174743,215.07973968530047,217.61642456054688,2182900.0
2018-07-06,218.05945193872503,218.6849372780248,216.67817733766302,217.84226989746094,1572300.0
2018-07-09,219.03240391516198,220.66560360861698,218.09417604577914,220.3702392578125,2039600.0
2018-07-10,220.813310701861,223.17625228642024,220.43976396705597,221.99478149414062,2012200.0
2018-07-11,221.64732834196008,222.39443517786538,220.43111407687766,221.16952514648438,1486000.0
2018-07-12,222.55072879685892,223.10672743267236,221.45613630800963,222.4377899169922,1592700.0
2018-07-13,222.73323026428142,225.00929384861405,222.41177856880512,224.739990234375,2356200.0
2018-07-16,224.3838357634489,224.5228354701838,222.77668313671293,223.2458038330078,3625400.0
2018-07-17,218.52855056355764,219.37121785925837,213.9416673744539,217.43394470214844,6932300.0
2018-07-18,218.14634739676242,222.9243394286084,217.56430107059984,221.89056396484375,3359800.0
2018-07-19,221.80369011313695,222.82878302511702,218.7892022023964,219.7274169921875,2307600.0
2018-07-20,218.19846529287764,220.2660426970465,218.19846529287764,219.52761840820312,1959600.0
2018-07-23,219.71007540735783,221.7255181508605,219.29307628326066,219.56239318847656,1479600.0
2018-07-24,221.4040467756179,221.49092488896483,218.92816635835976,220.4484405517578,2476500.0
2018-07-25,221.36068995550903,221.76031086733136,219.5884897842064,221.4041290283203,3016900.0
2018-07-26,222.61159169534764,224.01892707710687,222.2206666732745,223.2631378173828,2021300.0
2018-07-27,223.94946801502968,223.94946801502968,221.86451221480894,222.3509979248047,1656800.0
2018-07-30,222.3162025364012,223.1675655851552,219.88376130061803,220.51792907714844,1681500.0
2018-07-31,220.7785985222816,221.69944835302613,219.65794490419887,219.9793701171875,2355900.0
2018-08-01,222.48130250234425,222.48130250234425,219.62317923458377,220.1096649169922,3006700.0
2018-08-02,220.22262090571,222.6550495063868,219.11933226885478,222.46392822265625,1854400.0
2018-08-03,222.78537345019524,223.74964909574467,220.91759973298346,223.45428466796875,1422300.0
2018-08-06,222.82874868425932,223.73223329512044,221.93395983772118,223.05462646484375,1398100.0
2018-08-07,223.8191658280534,224.8616238527078,223.37610592347255,223.8278350830078,1462800.0
2018-08-08,224.22740521626997,225.43495004413558,224.06237126190396,224.8355255126953,1494300.0
2018-08-09,225.79112299300107,228.49285465060194,225.2698808322277,227.25057983398438,2315000.0
2018-08-10,226.2950220485568,227.17244609842422,225.09617277568384,226.1820831298828,1625000.0
2018-08-13,226.7380334216075,228.0845513679877,226.12991314883593,226.65985107421875,1635100.0
2018-08-14,226.64251421936405,229.60485406950556,226.60775766793537,228.89251708984375,1941600.0
2018-08-15,227.58942613386475,228.20621574011304,225.16566700332373,226.3992462158203,2017700.0
2018-08-16,227.23325528191037,229.12707650887728,227.12901213348758,228.56240844726562,2115900.0
2018-08-17,228.95331262756497,229.45718984346772,227.36355164410665,227.89346313476562,1969700.0
2018-08-20,228.47549632643484,228.9011646229897,227.23322147342233,227.95425415039062,1786200.0
2018-08-21,227.4764783273181,228.05851135916603,226.50350701143856,227.3374786376953,1559300.0
2018-08-22,227.56334136709305,227.56334136709305,226.0864929602637,226.5121612548828,2148500.0
2018-08-23,226.75537759844576,228.09322616869568,225.48704211602643,227.10289001464844,1603500.0
2018-08-24,227.38958232557852,230.02182743301435,227.38958232557852,229.58746337890625,2238600.0
2018-08-27,230.21290919443211,232.34130329912094,229.70905864313033,232.0198516845703,2614000.0
2018-08-28,233.28825255513118,233.80949472001387,232.23707246064978,233.26219177246094,2603900.0
2018-08-29,233.158000451433,233.96591140521295,232.16763746694116,233.6879119873047,2880600.0
2018-08-30,234.0875545466004,234.7043708181216,232.91476586770057,233.1580352783203,2976300.0
2018-08-31,233.0624310425879,233.87034201193185,232.12421612842783,233.2187957763672,2961500.0
2018-09-04,232.81913195558897,234.04404176404609,231.57685712917763,233.26219177246094,2097300.0
2018-09-05,233.30559309953057,233.5140793390225,231.88956219620613,232.50637817382812,2230600.0
2018-09-06,233.25609263498123,235.3654937747111,232.68079416025378,235.04298400878906,2556100.0
2018-09-07,235.03424069407922,236.35915333420607,233.1776020161766,233.84877014160156,2958000.0
2018-09-10,232.54125961749656,232.5586832266091,225.54183672444285,226.3960723876953,4146200.0
2018-09-11,224.81836080215618,227.86916811388895,224.4348286120355,227.53793334960938,2283300.0
2018-09-12,227.6076524756626,230.54513980647104,227.37231406135047,228.958740234375,2236300.0
2018-09-13,230.25755951439731,231.5911973857517,229.61254004487301,231.41685485839844,2734500.0
2018-09-14,231.33841014677645,232.42798444720486,229.49049638939945,231.2599639892578,2084600.0
2018-09-17,232.29722921156926,232.43669790714793,229.60380486798246,230.0047607421875,1940400.0
2018-09-18,229.18539533240565,230.1965234094349,228.37475848992875,229.49920654296875,3557000.0
2018-09-19,230.52777516988314,231.52145310765678,229.38590342160654,231.2773895263672,2274300.0
2018-09-20,231.93113134087133,233.55243172651532,231.9137077284643,232.2013702392578,2095000.0
2018-09-21,231.94855185293898,233.46523056712334,231.7306370215478,232.44540405273438,5671600.0
2018-09-24,232.7417697342662,234.93834170273928,232.4454087496975,233.0468292236328,2699800.0
2018-09-25,232.99451804946239,233.02066676417823,229.27254244994404,229.69094848632812,3789700.0
2018-09-26,230.55391931083275,231.41685363451745,228.76702811911892,229.16798400878906,2238000.0
2018-09-27,229.246429131932,231.3471315415649,229.18540658786267,230.68466186523438,2761400.0
2018-09-28,230.44929781392798,232.02699907241666,229.98731943328102,231.89625549316406,2875100.0
2018-10-01,232.95099277954796,235.36547992912068,232.75050152560843,234.56356811523438,3314500.0
2018-10-02,234.47631654203133,236.60316704320047,233.16882778807948,235.89712524414062,2777300.0
2018-10-03,237.09132258725535,237.15234512067377,235.14751282941472,236.1324920654297,3002200.0
2018-10-04,236.21967708144956,236.76010160681528,233.00325204403723,233.88363647460938,2186600.0
2018-10-05,234.17122153911407,236.21962582866217,233.56107610454015,234.65065002441406,2045700.0
2018-10-08,234.33689836797032,235.04294031913864,231.55630289077854,234.48509216308594,1865000.0
2018-10-09,234.64204255723064,237.05652999782765,234.0144466007045,235.44395446777344,2510100.0
2018-10-10,235.8710583611281,236.58582551214346,228.82803493330013,229.316162109375,4267300.0
2018-10-11,228.3747187639906,230.46669560042153,222.95299727738845,224.1210174560547,4558500.0
2018-10-12,226.36994613979113,227.84305258436177,223.89441015177005,226.29147338867188,4006300.0
2018-10-15,226.74472460431994,228.7582553405991,226.02995763621388,226.8493194580078,3583400.0
2018-10-16,235.0778126125424,237.7973855328237,230.98972812630788,237.58819580078125,6453600.0
2018-10-17,235.51367653141796,236.21971858065055,231.5389114390952,232.99456787109375,3985100.0
2018-10-18,233.03814737487616,233.50012579574243,229.86529437048594,232.56744384765625,3132100.0
2018-10-19,232.40177145402083,233.58724179751454,230.02215886459925,231.2511749267578,3336600.0
2018-10-22,232.51510834851703,232.58482938513097,226.68370575239553,228.54034423828125,2618100.0
2018-10-23,226.3873906138115,231.44300472081426,225.93413728176262,230.86770629882812,4081800.0
2018-10-24,230.12676783657687,231.27733783352934,223.0837461776604,223.4237060546875,5265600.0
2018-10-25,225.02757817176217,231.14661715584324,220.85232248925686,230.32725524902344,4675600.0
2018-10-26,227.93888260247408,228.72337056849202,224.03383977926015,225.0449676513672,4830600.0
2018-10-29,226.3873736148951,228.40962974622357,220.8087589430692,223.59805297851562,3697700.0
2018-10-30,223.74619098790558,226.36116845714668,221.38398882182065,225.1321258544922,4169200.0
2018-10-31,227.38977568858863,230.1790963141006,226.8232024180439,227.8081817626953,4230200.0
2018-11-01,229.17662103097567,230.71072295001,226.4221750978334,227.44200134277344,2771300.0
2018-11-02,230.64977808016062,232.1926322227885,226.24790880750928,227.51182556152344,2593600.0
2018-11-05,228.50550343217628,229.2464192327731,226.69246360805406,227.51182556152344,3287000.0
2018-11-06,227.24157770765154,230.12676770459714,227.24157770765154,229.7170867919922,2582400.0
2018-11-07,232.64588300212557,241.2317332079427,232.64588300212557,239.38381958007812,5796800.0
2018-11-08,240.57800371461755,242.3213225821148,239.4448570911183,241.1445770263672,3809100.0
2018-11-09,241.32763113426952,242.32133571103037,239.0003152165908,241.0574188232422,2904300.0
2018-11-12,240.57793309571795,242.13821047238815,237.0912963841858,237.4225311279297,3140600.0
2018-11-13,237.5968684122475,238.48597787839708,233.7267257865702,234.66810607910156,2516900.0
2018-11-14,234.729118032329,235.80124184481912,229.55146015443347,230.95481872558594,3511900.0
2018-11-15,230.11809222173818,231.79169005139863,227.37237030518855,230.9374542236328,3657600.0
2018-11-16,230.98100083377386,236.91699883267296,230.9200048964605,236.3155517578125,3857800.0
2018-11-19,236.63803664836874,237.32662822719914,230.27490886511566,231.9049072265625,3670800.0
2018-11-20,231.5300893213664,232.5412170844808,226.98002768781421,227.93885803222656,3617700.0
2018-11-21,228.88907855435733,230.6672714885975,227.02374094567298,227.1108856201172,3234300.0
2018-11-23,226.63140382728372,229.19408413709732,225.1321488610045,228.04348754882812,1159300.0
2018-11-26,230.65846131142206,233.86616089533712,229.6822072294417,232.00082397460938,3879800.0
2018-11-27,231.48658575924776,236.48117693519623,231.01588225020214,236.35043334960938,3497300.0
2018-11-28,237.8061351978353,246.1566209424173,237.8061351978353,244.89273071289062,5044300.0
2018-11-29,244.43945498292845,248.81520247881454,244.33486010430633,246.28736877441406,4177800.0
2018-11-30,247.45902486204653,248.02743509983344,244.0312175829984,246.03367614746094,6143200.0
2018-12-03,247.46790154523424,250.5546909104987,247.21430505745332,250.37979125976562,4178800.0
2018-12-04,250.2223382063978,251.7876016454102,242.14247795560226,243.57655334472656,4635500.0
2018-12-06,238.7408585274777,242.16869315071358,231.94643349444394,242.08999633789062,6694600.0
2018-12-07,239.38801345079165,241.71403978673953,233.72160162356948,235.38304138183594,3506900.0
2018-12-10,234.86708873342397,235.22561424741417,227.55674416308688,233.06573486328125,4061300.0
2018-12-11,235.73274365561235,237.4379211562507,232.31368904143372,233.6690673828125,3102800.0
2018-12-12,237.80520344061017,240.08749088185075,236.52849519773295,236.65968322753906,3167900.0
2018-12-13,236.8521070450505,239.00326047897133,235.76780402647873,237.9801483154297,2350400.0
2018-12-14,236.41481572887042,236.59846829824002,230.59976480855352,231.7452850341797,3360500.0
2018-12-17,228.2650862250791,229.7603794144769,224.49623113720864,225.66798400878906,5806800.0
2018-12-18,227.0933050587995,227.34687481439667,217.03717740924398,221.20828247070312,5065500.0
2018-12-19,220.68358646454297,224.34751159017193,216.5037422107855,218.88223266601562,5468500.0
2018-12-20,217.2995143734972,217.7454763802119,209.91045910866598,212.00038146972656,7311700.0
2018-12-21,210.5050373424692,216.42503081015502,207.63686022381629,208.4151153564453,12209700.0
2018-12-24,206.5788158625331,208.03038388966544,203.36085250403556,203.69314575195312,3091000.0
2018-12-26,203.48329766412127,212.81362186679002,202.70504234353783,212.796142578125,4159300.0
2018-12-27,209.07974237633564,215.08717346191406,205.704385150977,215.08717346191406,4295800.0
2018-12-28,215.734247503095,218.42752530863612,214.072794646676,215.32325744628906,3312700.0
2018-12-31,216.91471991040112,218.85598794123638,215.93534625266997,217.8416290283203,3123200.0
2019-01-02,214.2389553009423,215.41946100407327,211.15216652261512,212.91854858398438,4063600.0
2019-01-03,212.90981893732396,212.90981893732396,206.482657579506,207.1122589111328,4623200.0
2019-01-04,209.69181553401572,212.89228593852695,208.8173709432508,209.53440856933594,5367600.0
2019-01-07,210.2165372162302,211.59816168441816,208.31899348734945,209.9367218017578,4133000.0
2019-01-08,211.90416247843248,214.05528873210972,209.6131218858101,212.74362182617188,3618600.0
2019-01-09,214.02905630314777,215.66427678455767,211.66805854279883,213.0496826171875,3425400.0
2019-01-10,211.6855495865495,214.36134791778252,211.0996733078714,214.125244140625,3374100.0
2019-01-11,212.88355754324667,216.6524120299083,212.72616390335193,216.57371520996094,3967100.0
2019-01-14,215.62928403827476,218.5411860673115,215.20955437929518,216.9147186279297,4955500.0
2019-01-15,218.6111608774312,224.66232955232888,215.987826946902,224.61859130859375,5325600.0
2019-01-16,226.24506175504212,229.2706326095474,225.75537491220652,228.6322784423828,6069400.0
2019-01-17,228.22130353432343,228.8771370300718,225.51054643397677,227.15447998046875,3583600.0
2019-01-18,229.6291852683678,232.8296560965296,227.72290221278655,232.16506958007812,4844800.0
2019-01-22,230.9058278584751,233.91391927297204,230.62599919528236,232.3311767578125,4052700.0
2019-01-23,234.13252526283438,235.636570937002,230.56480328635257,233.49417114257812,2971100.0
2019-01-24,233.30185120403038,234.49110995386053,231.08078072835747,232.7159881591797,2927300.0
2019-01-25,235.05073100356566,236.45860088509377,232.33997370945065,234.3948974609375,2809100.0
2019-01-28,233.38928632939871,233.41551860310034,231.38680048372714,233.27560424804688,2837300.0
2019-01-29,232.60229513103417,234.7446953658256,232.11260822352784,233.7740478515625,2173000.0
2019-01-30,235.82896805659186,238.23369072441315,233.6428565403907,236.423583984375,3659000.0
2019-01-31,236.51986792044838,237.62165035621445,235.216926863305,236.2750244140625,4055100.0
2019-02-01,234.76210177885142,235.56660241198597,232.62845519306714,234.980712890625,3946800.0
2019-02-04,234.62227036943605,234.95456364649692,231.08950608280338,234.53482055664062,3398900.0
2019-02-05,236.2049685473635,237.92762545831368,232.46234676696557,232.8733367919922,3597000.0
2019-02-06,231.8502908045692,236.03886188864223,231.71037644407917,235.66285705566406,2570000.0
2019-02-07,234.91089013630184,236.60728868683904,233.70415190767955,235.22567749023438,2458200.0
2019-02-08,233.9139549348929,234.96329923888106,227.63544845565718,229.01705932617188,4547000.0
2019-02-11,228.37876310901527,228.38748941069053,224.15517972631142,224.85475158691406,4856200.0
2019-02-12,226.6735761524929,230.8534211189516,224.66236383984645,230.41619873046875,4327900.0
2019-02-13,230.43365386999938,232.85588272734836,230.11011360617846,230.67849731445312,3066400.0
2019-02-14,230.18883209496877,233.53797049916773,229.72537743555517,232.01641845703125,3015300.0
2019-02-15,234.16756877566573,237.0882110595703,233.14445666892152,237.0882110595703,3673700.0
2019-02-19,237.123112931938,238.27735932309363,235.4704001143982,236.45852661132812,2486700.0
2019-02-20,235.40925091945107,236.615988878812,234.50857394319297,235.67160034179688,2802800.0
2019-02-21,235.63660845088145,236.04759851698367,231.8152894777257,232.95205688476562,2554300.0
2019-02-22,233.03949282275332,234.69220597509647,232.55855895283906,233.57289123535156,3191100.0
2019-02-25,233.9838796460627,234.4998254554129,231.1856728740013,231.3780517578125,3679100.0
2019-02-26,231.43054757168704,232.10386041304017,229.80406648224817,229.96148681640625,3212900.0
2019-02-27,228.7634543295333,228.7634543295333,217.68425544907592,218.68112182617188,8952900.0
2019-02-28,218.34877842996198,220.3162784598849,209.12338673217525,211.8079376220703,11034300.0
2019-03-01,212.9797591919945,216.8622959807177,212.9797591919945,215.24456787109375,6921300.0
2019-03-04,216.96718498985328,217.25575330250223,205.06599371849487,206.38641357421875,8646300.0
2019-03-05,206.83239865546108,212.66494305756777,205.4420348195141,211.11717224121094,6924500.0
2019-03-06,211.388263022994,211.388263022994,207.26962268442094,209.05349731445312,4878700.0
2019-03-07,210.12902371895333,210.89852583393676,205.97541219174062,206.98101806640625,5033500.0
2019-03-08,206.41050210570637,210.14986326888356,205.96283795533645,208.28895568847656,4921700.0
2019-03-11,209.974303608706,214.19643420265476,207.52528356422664,213.43275451660156,4539600.0
2019-03-12,215.01272671192748,217.23351439468632,213.95061785176918,215.82907104492188,4235800.0
2019-03-13,217.65488295193404,221.86822684998813,216.88243032014046,221.42056274414062,4881600.0
2019-03-14,222.07886727938393,223.88709622962423,221.4995278893385,222.3158721923828,3865200.0
2019-03-15,223.25512027301548,223.6062411873692,219.3928839723782,220.6744384765625,6466200.0
2019-03-18,221.7805107721237,224.10662884141374,219.8142733178147,223.8345184326172,3927400.0
2019-03-19,224.66835735065996,227.56504136601677,223.95735589288654,225.7041473388672,4164800.0
2019-03-20,225.96746952052112,226.19570146885863,219.41922168728678,219.8844451904297,4193500.0
2019-03-21,218.7345937361101,222.04383706385573,218.26937014553928,221.21871948242188,2699700.0
2019-03-22,219.94591206714543,220.49890579503955,216.80344990121458,216.89122009277344,3777900.0
2019-03-25,217.1808716879791,217.1808716879791,211.35239837893477,216.68931579589844,4110900.0
2019-03-26,217.0404458187203,217.59345295158187,212.17753778924632,213.6434326171875,4416200.0
2019-03-27,213.2484306683409,215.6535455594876,209.0526324134714,212.16876220703125,4819200.0
2019-03-28,212.94116995851974,213.16940189111645,209.69337866087594,212.6251678466797,3601500.0
2019-03-29,214.43343649475884,217.47934220864883,212.3092048932206,217.0404510498047,4294200.0
2019-04-01,219.1910343154661,219.6211390905631,213.35377371011947,215.53067016601562,4809500.0
2019-04-02,215.50432506508392,216.2855507669532,213.12554256121118,214.5387725830078,4057100.0
2019-04-03,216.20653454131858,217.28620291202117,214.69674806484153,215.79397583007812,2851400.0
2019-04-04,215.47797377520777,218.66432749264348,214.7406399312388,217.154541015625,2255500.0
2019-04-05,218.52388567997582,218.83988782171332,215.20586988867916,218.37466430664062,3343000.0
2019-04-08,219.16468930546213,219.16468930546213,216.2065670910867,218.34835815429688,2195400.0
2019-04-09,217.31258646534303,219.39292638370708,215.89056992663075,218.3834686279297,2903800.0
2019-04-10,218.37465545347374,219.33143484048378,215.5130902926745,215.96075439453125,2753700.0
2019-04-11,215.97828897195623,216.74195511499053,204.24233315514897,206.6474609375,8223400.0
2019-04-12,207.59551610895275,207.8412940839972,193.7880041366479,195.93856811523438,13979400.0
2019-04-15,198.1769064447527,202.7413715606817,196.98312202422716,202.0654754638672,10021800.0
2019-04-16,208.92093324496048,208.92093324496048,189.44295779064421,193.9547576904297,27361400.0
2019-04-17,196.43887091089243,196.83388361252074,182.64014717106366,190.33828735351562,22101400.0
2019-04-18,190.60160213735023,195.74540571107403,188.0297070474342,194.64817810058594,13927200.0
2019-04-22,196.62321567876012,199.74811821348888,194.4287601466311,199.35311889648438,11191800.0
2019-04-23,200.3537983452241,203.59281698723458,198.4665718673284,202.39903259277344,10261400.0
2019-04-24,201.9689116010835,203.32070374600352,199.91490438201143,202.1971435546875,6104100.0
2019-04-25,200.599621037581,203.75085679986117,200.2485134172217,202.58340454101562,5954500.0
2019-04-26,203.76835609266226,208.1309346279595,202.93446569486213,208.0343780517578,6186200.0
2019-04-29,208.38553630182784,208.96487590008326,205.54152989929474,208.42942810058594,5345300.0
2019-04-30,208.98240107681377,208.98240107681377,202.0566996140198,204.584716796875,7632300.0
2019-05-01,204.58473359145796,205.94528548457825,202.1971645880731,203.6016082763672,4823200.0
2019-05-02,202.67994671362933,204.82173786944483,200.20460736039234,204.04051208496094,5499200.0
2019-05-03,204.38283401243754,205.3132811369825,199.41458282201936,203.6016082763672,4323100.0
2019-05-06,200.28357180698606,211.16807960375,199.69545931429477,211.10662841796875,7180200.0
2019-05-07,209.95677185197187,213.43278261322126,207.50775148509967,208.9561004638672,5104700.0
2019-05-08,208.9121865759149,211.37875268616196,206.74406323195578,209.921630859375,3768400.0
2019-05-09,207.68329156863194,211.1417424803625,206.86694708826872,208.88584899902344,4299500.0
2019-05-10,210.64140247324747,212.96752002153065,207.481381092661,211.1856231689453,4374400.0
2019-05-13,207.5515902674378,210.755503206517,207.332144726154,210.27272033691406,4684400.0
2019-05-14,211.22952690192668,211.53675605687144,207.4023956330081,207.5340576171875,5329700.0
2019-05-15,206.27884590090358,208.49963410653785,204.18971968615855,207.2268524169922,5099700.0
2019-05-16,207.06006841781112,211.06275360544313,206.9108470324883,207.85006713867188,4456400.0
2019-05-17,207.3058378195514,212.80953642188132,206.84938728727363,211.87908935546875,4486400.0
2019-05-20,210.66776848697563,216.58402647378742,210.4658822924665,215.92568969726562,5390800.0
2019-05-21,216.8210046721754,220.48135531619292,216.63667788672078,219.39291381835938,5345300.0
2019-05-22,218.65556702530537,220.3496803634731,218.31323247856247,218.86622619628906,4038000.0
2019-05-23,217.6724354943495,217.82165686744992,214.52120047641264,216.37332153320312,3934600.0
2019-05-24,217.03165758089997,218.88377863231074,215.50431167035896,217.36521911621094,2973900.0
2019-05-28,218.1289028548548,218.83113137783454,212.40575847432814,212.47598266601562,6172700.0
2019-05-29,210.53608001886485,213.32742117129632,208.82439389999894,212.7744140625,3958400.0
2019-05-30,212.35306227235296,215.3638620988965,211.84394700333738,213.73995971679688,2646600.0
2019-05-31,212.3794342100687,213.84532910870897,210.2113107615558,212.24777221679688,3285700.0
2019-06-03,211.97565179098194,214.0033267546663,207.17418155337066,207.64817810058594,4999400.0
2019-06-04,209.02628077574101,211.58940320723374,206.12959682028153,211.3348388671875,4992000.0
2019-06-05,213.4502896409435,215.75007465074142,211.7473900803875,213.09918212890625,3194400.0
2019-06-06,213.41524316414296,214.12624477833273,212.18633974496723,212.26535034179688,2630100.0
2019-06-07,213.21330978296095,216.8736736656605,212.59009186670468,216.61033630371094,2837400.0
2019-06-10,216.88244964489203,219.15590255961683,215.92567016410135,217.81289672851562,2331000.0
2019-06-11,218.14644344471483,220.0512292756292,215.697423523615,215.8203125,3043000.0
2019-06-12,216.10994843568116,216.37328574213757,212.68660363342312,214.6177215576172,3251800.0
2019-06-13,214.89864118109693,215.3550782741618,213.40640074995244,215.0215301513672,3107800.0
2019-06-14,215.7622166895363,216.97892521794742,214.06058712058362,216.33529663085938,2165500.0
2019-06-17,216.89069156179107,217.8605333687573,216.20299044529085,216.86424255371094,2270300.0
2019-06-18,218.2132133227799,219.83548206376278,216.14128450186558,216.62620544433594,3482500.0
2019-06-19,216.8907024519695,221.62526348095503,216.45867954295454,220.58489990234375,4204600.0
2019-06-20,221.82809614989566,222.9037342322643,218.12507274333524,218.44247436523438,3800800.0
2019-06-21,219.34169337634987,223.49436181232855,217.68415074199314,222.4275360107422,6323500.0
2019-06-24,221.5900145700531,222.73618770132046,218.53062008689636,220.09999084472656,3163800.0
2019-06-25,219.80016997295402,221.33426602022726,218.14262730254188,218.35423278808594,3182700.0
2019-06-26,218.65405736382124,218.724592545098,214.3603307843251,214.66009521484375,3852900.0
2019-06-27,215.3565709108433,218.78626446787197,214.38674260624546,217.19044494628906,3366200.0
2019-06-28,217.33151591298318,217.55193327192129,210.41040546104313,215.1361541748047,6727600.0
2019-07-01,216.8466230064946,217.04059138363925,212.2354950295591,213.9282989501953,4102700.0
2019-07-02,213.88418299938033,215.11852826871385,211.19508855724092,215.10089111328125,3863500.0
2019-07-03,215.40948283174396,218.2308223332989,215.16260301297547,216.1941680908203,2559400.0
2019-07-05,215.47120377438998,219.32409509866764,215.18025123147623,217.7635498046875,2965000.0
2019-07-08,217.25215867682368,218.6363726301979,215.90320557981002,218.512939453125,1902500.0
2019-07-09,215.68280318624727,216.96122120597545,214.85403174563214,216.89068603515625,2774800.0
2019-07-10,217.6136497968419,219.63266682227706,216.43220256537614,218.19554138183594,2753000.0
2019-07-11,225.5310863439313,230.72411974918782,219.57981654463612,230.2568359375,10268800.0
2019-07-12,230.67117901891135,234.98252857285235,230.67117901891135,234.43589782714844,5336100.0
2019-07-15,233.69531813003002,235.97883893178798,232.98116797955979,234.4888153076172,2611400.0
2019-07-16,233.93333956279355,235.52918599549963,232.04658096151135,233.34263610839844,3121600.0
2019-07-17,232.76070384191885,236.89573516495685,232.31986917555156,235.0971221923828,3995200.0
2019-07-18,234.20668303634548,234.97373114437983,226.81828882160576,229.7630615234375,5825800.0
2019-07-19,230.2039273628231,231.6322277441617,226.06006967067563,226.28048706054688,4413200.0
2019-07-22,227.5941634131598,228.30831351098914,224.41132272585196,225.10784912109375,4104300.0
2019-07-23,224.35840762926068,225.79553302,222.19832034444386,224.83450317382812,2889300.0
2019-07-24,222.87725763589415,222.91253195454212,216.1236785615739,221.4136962890625,4864000.0
2019-07-25,221.41365826538194,222.8419585014924,218.9097067466043,219.2711944580078,3362800.0
2019-07-26,219.55330298925097,223.8382165232054,217.3403043340293,223.0094451904297,3362600.0
2019-07-29,222.9213392344267,225.0902523776151,222.48050443284626,223.78538513183594,2005500.0
2019-07-30,222.76259716911565,224.87859837952433,220.83173900168373,224.76397705078125,1908800.0
2019-07-31,225.9895093075403,226.73010838211786,219.07721091852702,219.54449462890625,3532400.0
2019-08-01,219.70320550279845,221.81039488403763,218.01921367737927,219.756103515625,3613600.0
2019-08-02,220.14403951088585,221.80158232459803,216.97884952360155,220.46144104003906,2677600.0
2019-08-05,218.76865192151496,220.3644715244759,213.88419547869728,216.06192016601562,5812400.0
2019-08-06,216.82896553654672,218.90089416503906,214.74823850974886,218.90089416503906,3533000.0
2019-08-07,217.12872052098663,217.80759625271733,212.71154834680542,217.28741455078125,3205800.0
2019-08-08,217.05823447026222,218.3631016722503,214.5719198152477,218.3190155029297,2830700.0
2019-08-09,218.40715025360888,220.78765500192605,217.0141109527222,219.20947265625,2535000.0
2019-08-12,217.5871715283245,218.61873649982525,214.27209963739932,214.42198181152344,2667400.0
2019-08-13,213.08186488886426,220.82293498851277,212.93198269768448,219.7296600341797,2763400.0
2019-08-14,217.53427352018733,219.0154850140605,214.25446248361808,214.42198181152344,3464300.0
2019-08-15,215.4359201227287,216.2382290405655,212.87907082817213,215.34774780273438,2513500.0
2019-08-16,216.34405522686393,217.8693396174959,215.28604111803358,216.61737060546875,2810000.0
2019-08-19,218.20433542592303,219.08600470784458,215.20665179546634,215.7532958984375,2672300.0
2019-08-20,215.31247803825667,215.6563285468765,211.530108990232,211.74171447753906,3201300.0
2019-08-21,211.7682313877053,213.26706707376417,210.98354595214906,211.9093017578125,2761900.0
2019-08-22,211.90925721261303,211.90925721261303,205.13802885616008,205.37608337402344,4498200.0
2019-08-23,205.3408369837714,207.28052079573018,202.23736979105726,203.36590576171875,4826600.0
2019-08-26,205.0057816815247,206.80438141730772,203.189544790067,203.73617553710938,2918300.0
2019-08-27,204.30040218673327,204.89993082653257,196.25958283334558,196.55052185058594,4988100.0
2019-08-28,196.1009032146677,202.58117858288313,194.65496595979337,200.44754028320312,4847600.0
2019-08-29,201.3909268943956,204.81180854209813,201.0294392041574,203.33059692382812,4052500.0
2019-08-30,206.01971638754296,207.23642463763204,204.80300813745387,206.3106689453125,3384100.0
2019-09-03,204.31807582041068,204.69718721270365,201.4350130559479,203.33059692382812,3382300.0
2019-09-04,204.50322500127822,205.3848944459513,199.69812921845158,199.90090942382812,4526100.0
2019-09-05,202.7839730540375,204.11528907745472,200.65033460411476,202.4224853515625,4256900.0
2019-09-06,202.93386492145137,204.51206084252354,201.54082551271162,201.90231323242188,4183200.0
2019-09-09,201.90228580212894,204.54729391307384,201.51434912667725,203.38348388671875,3895600.0
2019-09-10,204.06237093582314,206.56630869257592,203.51574023696767,204.95286560058594,4257600.0
2019-09-11,204.97931618518191,206.53104942952353,201.5319857279408,206.49578857421875,3168100.0
2019-09-12,207.1922903793238,208.42662204710965,202.51944028863824,202.8721160888672,4713700.0
2019-09-13,206.38894742100837,209.55134446514683,205.104486774195,206.9381561279297,4523200.0
2019-09-16,206.23830559932082,209.09952381504334,205.6447894507181,207.6644744873047,2973600.0
2019-09-17,206.4597571138934,207.27471653611306,204.77667728214894,205.97254943847656,2392900.0
2019-09-18,204.44888791715218,206.5128665865859,203.058132946554,204.28057861328125,2960500.0
2019-09-19,205.51187315277568,207.23923317637676,204.82978254773653,206.26483154296875,2666700.0
2019-09-20,207.96565240506482,208.16938887334263,205.44103951632377,206.30029296875,6220100.0
2019-09-23,203.53653834144689,204.43121903014767,202.25209148605617,202.6507110595703,3281200.0
2019-09-24,203.1910543009142,203.59852725730588,197.46860444896544,199.31112670898438,5006800.0
2019-09-25,198.6733102874584,200.63984762364464,196.7687873391918,196.80421447753906,4658000.0
2019-09-26,197.57487200679003,198.09752027259663,189.06207296747337,190.87802124023438,10444400.0
2019-09-27,193.26979588424334,193.88988581416857,190.47059185908856,190.6831817626953,4834900.0
2019-09-30,189.2480991068344,193.57979303947062,188.78746523503224,192.50794982910156,5286300.0
2019-10-01,194.16450263842592,194.16450263842592,187.86626952153523,192.4105682373047,5523600.0
2019-10-02,191.47153479755656,194.3150459220998,190.70086949541434,192.00303649902344,4921200.0
2019-10-03,191.0109208998688,191.65757096253512,188.7254851325185,190.77174377441406,3375800.0
2019-10-04,192.0827492471334,194.757950931275,190.576845848107,194.70480346679688,3700500.0
2019-10-07,194.04044405227478,197.12311881540703,193.98729658480437,195.98040771484375,3843200.0
2019-10-08,194.4302378136515,196.63593912718252,193.46467578960448,194.9794464111328,4817000.0
2019-10-09,196.39672036412549,197.95577109947433,195.03253914362818,196.72447204589844,4483100.0
2019-10-10,193.27860505214218,198.5404198604977,192.68510255417132,198.1860809326172,5252200.0
2019-10-11,199.7894604094053,202.72155979052997,196.29044567853705,196.7156524658203,5891600.0
2019-10-14,196.32588515984878,197.84064209093987,194.79339438358082,195.4046173095703,4075300.0
2019-10-15,206.12314251602547,212.45680187160897,204.7058135262056,211.34951782226562,13397700.0
2019-10-16,209.31208488338433,210.36622132210113,207.35441451146676,209.9321746826172,5368600.0
2019-10-17,211.43808708912564,216.6821822569582,210.18021414329263,215.84950256347656,6301200.0
2019-10-18,216.54050210548294,218.27672973178468,214.15762427116488,217.32888793945312,4922100.0
2019-10-21,217.04538395290288,217.55916535001145,214.50305070198203,216.0709686279297,3029200.0
2019-10-22,215.8229125437459,222.7855140400984,215.38885240188893,220.9961395263672,5660800.0
2019-10-23,220.0306151446916,223.00699504323353,218.56013876555446,219.5079803466797,3706600.0
2019-10-24,219.71172832718094,220.119214803185,216.06212443913554,216.59361267089844,2546900.0
2019-10-25,216.06210983533674,217.98435318608773,214.50304535424834,216.94793701171875,2815100.0
2019-10-28,217.2579895603013,220.03063321758074,216.9568115350122,218.8436279296875,2957100.0
2019-10-29,218.8347435460989,224.29144229235976,218.1880934806549,223.48533630371094,3528900.0
2019-10-30,223.3790560178373,226.13397930609383,223.2107466776676,225.7087860107422,3299600.0
2019-10-31,225.33669197368476,226.52369699075058,221.3770439319466,223.84849548339844,3960400.0
2019-11-01,224.99126112089667,227.06408006101148,223.3701956816362,223.41448974609375,2919600.0
2019-11-04,224.6723908096552,224.84955357293697,221.37711204933512,222.56411743164062,3186400.0
2019-11-05,224.76979714955812,225.239284481209,221.53651978034586,221.72254943847656,5393400.0
2019-11-06,221.1999320300309,223.21961711052077,220.65070993505464,221.91744995117188,3668600.0
2019-11-07,223.1841840238907,227.43615773849578,222.57296102835568,227.17926025390625,3646300.0
2019-11-08,227.45385096014286,228.84460621663106,225.88594647541984,227.6310272216797,2200300.0
2019-11-11,225.9302034258598,227.17920935794604,224.406579740165,225.07980346679688,1765600.0
2019-11-12,224.63691497080748,226.5591583605454,224.47747256381695,226.10739135742188,1892500.0
2019-11-13,225.77075082915454,227.55127196798233,224.28256777479297,224.6191864013672,3289800.0
2019-11-14,224.82291166681694,226.84258277583734,224.53058711354274,226.6211395263672,2101900.0
2019-11-15,226.8691219463816,244.10733345903895,226.20476526587908,238.6417694091797,10136000.0
2019-11-18,238.2875196374521,246.65859759045256,238.2875196374521,241.76881408691406,6985200.0
2019-11-19,243.815016012796,243.9213109279848,240.5463122042665,242.92034912109375,4002000.0
2019-11-20,241.16647046364434,244.51489641023724,240.2717762843621,244.0985565185547,4141600.0
2019-11-21,243.79732576608652,245.97645277537148,242.63689447428828,244.9754638671875,3309900.0
2019-11-22,244.95775661301897,246.056173520318,243.60244228816578,245.23236083984375,2802700.0
2019-11-25,246.06505152469984,250.6890700824645,245.38297438755808,250.39675903320312,4082900.0
2019-11-26,248.66049046205507,250.02467161610318,248.17329642368526,249.27171325683594,2998600.0
2019-11-27,248.92633061669042,249.74127656913626,246.8712048555003,248.62515258789062,2323900.0
2019-11-29,246.34853853034187,248.84657760880046,245.6664343160304,247.91644287109375,1520900.0
2019-12-02,249.60846444518643,249.8033475707229,246.7649658240803,247.7305145263672,2517100.0
2019-12-03,245.34755210955618,246.6320123180847,242.58377566726287,245.28553771972656,3239200.0
2019-12-04,249.46668277160975,249.66156586118467,246.82693468854518,247.42929077148438,2694200.0
2019-12-05,247.35834651032187,250.5296226125706,245.799309223707,249.80323791503906,3357300.0
2019-12-06,251.5106058163986,251.68846323406385,248.19375765128802,249.15414428710938,2828900.0
2019-12-09,249.6698111660709,249.75873984775768,246.69090385874028,246.797607421875,2697100.0
2019-12-10,246.85096201140615,248.62942711647793,243.65862040426921,248.5582733154297,2515300.0
2019-12-11,247.47342592704902,249.57202901003913,247.2333428903737,249.42974853515625,2751300.0
2019-12-12,249.9010885952625,252.5332100416196,249.02075682163118,252.19529724121094,2996200.0
2019-12-13,253.4046978739922,255.93011602637188,252.64884448967192,253.85821533203125,3599300.0
2019-12-16,256.07242497520525,262.71499648975396,255.26321969859706,259.6827087402344,4663600.0
2019-12-17,258.9801095305963,260.3495354165159,257.13941856065713,258.29541015625,4409100.0
2019-12-18,258.76676182441565,262.19918763236586,258.757860811916,260.456298828125,3621600.0
2019-12-19,262.3236305208104,264.2799531965343,261.09648512760424,261.9857177734375,2905900.0
2019-12-20,265.79162824604657,266.7697895685766,260.10944583959355,260.1805725097656,6608300.0
2019-12-23,260.9275265696658,263.0794814949478,260.3762066758206,262.4036560058594,2098900.0
2019-12-24,262.5549216418874,263.06176378391683,261.04321481724276,261.9146728515625,714000.0
2019-12-26,262.5904964181773,263.4441796447032,261.9146977853915,262.9017333984375,1050600.0
2019-12-27,263.22176464846115,263.69305686610784,262.33253200103525,263.1861877441406,1547100.0
2019-12-30,263.2573517274733,263.6930942397847,260.9453682262659,261.3010559082031,1511700.0
2019-12-31,261.13203452935335,261.51439801385663,258.90005213947245,261.4165954589844,2224200.0
2020-01-02,261.41662953811516,262.9461108127402,257.6907424877883,260.1005554199219,2543400.0
2020-01-03,255.44989949577055,259.5492768602116,252.86222876284623,257.4684753417969,2711400.0
2020-01-06,256.09900277489635,259.35359752496123,255.40540239453676,259.2557678222656,3079100.0
2020-01-07,258.4999092103691,259.20238337538945,255.7254809012758,257.6907043457031,2492900.0
2020-01-08,259.2114339641984,264.44012863792165,257.9131613101803,263.1240539550781,3379200.0
2020-01-09,261.692318724624,264.27998933430524,261.18544953425504,261.63006591796875,2838200.0
2020-01-10,263.27518160356954,263.27518160356954,259.8427286235289,262.4393005371094,2477900.0
2020-01-13,261.7634483175776,261.83460213661243,253.44911642219438,254.18719482421875,6994900.0
2020-01-14,253.96487861813807,256.31243896484375,252.76440897918147,256.31243896484375,6056300.0
2020-01-15,257.00607080313756,266.44974654866047,256.98829591538475,263.5775146484375,6081300.0
2020-01-16,264.9913370827654,267.65013409642796,263.15061893304784,267.4278259277344,3710300.0
2020-01-17,266.77875847545914,267.3923313186026,263.106222429095,265.4093322753906,4632200.0
2020-01-21,264.00429611258295,269.02845518862347,263.2217670338005,267.2410888671875,4962800.0
2020-01-22,268.53944583023235,268.66395146722493,264.4134191159197,267.2945251464844,3117600.0
2020-01-23,266.7786755010638,267.28551744830645,263.7908399154039,266.2895812988281,3169600.0
2020-01-24,265.29367637284844,266.7075530875905,259.26467984525596,260.376220703125,3678500.0
2020-01-27,256.09898828678854,256.17011495426686,249.04738029585377,252.62208557128906,4399400.0
2020-01-28,252.4620978115349,256.4280686630256,251.91965167002854,254.20498657226562,4341000.0
2020-01-29,252.54209575831544,254.48951761137377,249.77659498908568,251.56393432617188,3963800.0
2020-01-30,250.6214014752659,250.6214014752659,245.35715781598682,249.85667419433594,4211800.0
2020-01-31,247.35788143772416,247.90030037933212,241.14212617674943,242.27146911621094,5532600.0
2020-02-03,244.65460393988909,246.18408531218245,240.822013066608,243.66754150390625,5646800.0
2020-02-04,246.56648048133474,252.0975098247065,246.2107927732261,249.73214721679688,4290200.0
2020-02-05,253.96472944888197,264.1019714088496,253.82244903610177,262.97265625,5761000.0
2020-02-06,264.10218870707666,264.3422718364962,257.87755799680883,260.0650634765625,3044000.0
2020-02-07,260.4295003514861,260.8919185880906,256.9081474876344,257.1838073730469,3425900.0
2020-02-10,254.5251053522698,257.2461554556287,253.83150487763382,255.23648071289062,3147400.0
2020-02-11,255.07640753428043,259.27358699851897,254.23162560739493,258.5799865722656,2992200.0
2020-02-12,262.3237056351026,271.21603463968233,261.44337374756424,269.8644104003906,6701900.0
2020-02-13,266.89434835567215,272.0163108828958,266.89434835567215,268.7261657714844,3565500.0
2020-02-14,268.7350598097958,270.3001183551926,264.3778241456166,265.68499755859375,2485600.0
2020-02-18,266.476384595,269.7487545340588,265.88058672450063,268.67279052734375,3241700.0
2020-02-19,269.76658519196536,272.73661987281235,269.1974902374947,271.49169921875,3021100.0
2020-02-20,269.61539552000426,270.4690514086457,264.89357152814716,268.6639099121094,2885500.0
2020-02-21,267.187756540495,269.00179888823925,265.5337695694617,268.0414123535156,2987100.0
2020-02-24,255.1119814661752,256.97934842007777,246.8865790189905,247.01995849609375,8790600.0
2020-02-25,249.11854927987773,250.7458604078862,232.98788131952264,234.21502685546875,8171200.0
2020-02-26,235.39773730778919,239.94170445755847,230.05343882825593,233.86825561523438,6806600.0
2020-02-27,229.79555225998354,233.11237323822812,224.1489185490086,225.7939910888672,7604300.0
2020-02-28,218.92907846314068,228.62172261092059,218.12877449554477,226.71876525878906,9961000.0
2020-03-02,228.8351470463282,242.97394199898048,222.59274306300816,242.85833740234375,8866300.0
2020-03-03,244.85025831532107,249.29642234088627,230.51582983885598,232.44544982910156,9188100.0
2020-03-04,257.8774984275677,263.0706144497794,250.9503676817269,257.36175537109375,14533000.0
2020-03-05,250.40789004131528,257.3616950545347,248.9317607604911,251.6172332763672,5908400.0
2020-03-06,244.91249789801637,253.4046598733306,241.78238122523345,252.42649841308594,5361900.0
2020-03-09,235.16644541171678,250.26562470434322,230.524650161844,243.15176391601562,8070700.0
2020-03-10,248.7362148611241,252.4532016757377,242.31595257350378,248.98519897460938,7366000.0
2020-03-11,244.3256197765014,253.6447624183187,242.99177053847956,247.01109313964844,7744600.0
2020-03-12,231.20052989268697,242.07585689511947,222.30820181989134,222.67279052734375,10496600.0
2020-03-13,233.0860826840236,244.00851441953134,216.3675556943714,242.95468139648438,9308400.0
2020-03-16,217.84117658953113,219.4130004540701,200.00627746248531,200.979736328125,10303500.0
2020-03-17,206.14180218983697,222.16372911011763,203.88228552391794,218.109130859375,9642200.0
2020-03-18,201.61385880270313,206.70443855862226,178.78661743492572,193.8529510498047,12917500.0
2020-03-19,193.78148280828105,201.94427509083275,186.60108898657677,196.29998779296875,8065200.0
2020-03-20,199.31858757919383,207.76717275070106,181.70697418192907,184.5023193359375,9364100.0
2020-03-23,180.43876772854387,183.75211687703035,167.64980609702513,174.02642822265625,10654500.0
2020-03-24,180.52811129085816,196.71973862375003,177.72382633498955,196.29998779296875,8894400.0
2020-03-25,195.66593546573745,221.04740253685404,192.90630684669898,209.41944885253906,10014000.0
2020-03-26,209.00859627344803,230.380105071838,207.46356366883313,228.0848846435547,7517600.0
2020-03-27,216.96598246397497,224.70009864002282,212.76848742320252,216.5283660888672,4879500.0
2020-03-30,216.69805591703923,226.9238722918392,216.69805591703923,224.414306640625,5329000.0
2020-03-31,217.44821562845075,227.31680232327915,217.01953887350516,222.71742248535156,5450000.0
2020-04-01,213.17035988877095,220.24358810412917,210.26783501319065,211.94683837890625,4548800.0
2020-04-02,210.1427919259816,216.12645553133,201.86389454512513,214.73324584960938,4636800.0
2020-04-03,212.8399177504088,213.75085418505276,202.971330689322,204.9539794921875,4650300.0
2020-04-06,214.34028316685314,222.63703229838595,209.98202638169624,221.78860473632812,6365900.0
2020-04-07,232.03230013066243,238.1945782174698,220.1810640619333,221.52069091796875,4984100.0
2020-04-08,221.20814368792563,240.38267260793216,219.93102552591932,239.19485473632812,6390200.0
2020-04-09,236.6674211428014,241.4900725755102,233.63093892626472,235.89044189453125,4923300.0
2020-04-13,234.04174738902927,236.63168727025425,230.57657479072623,235.33673095703125,2964900.0
2020-04-14,240.23973419133043,243.874594703327,238.4535651638856,241.57936096191406,4778900.0
2020-04-15,246.7860484720967,252.73399500866208,241.74012607727838,251.56405639648438,7841800.0
2020-04-16,253.1358657993335,267.9253425264093,250.0725925909276,266.523193359375,7738900.0
2020-04-17,268.80958849495795,271.4977824971353,256.4046546447977,259.4947204589844,5857500.0
2020-04-20,254.79702261204238,258.11038606421346,251.19789280471784,251.9748992919922,4072600.0
2020-04-21,245.5536768761782,250.0637442181995,244.03542181293935,244.8749237060547,3977500.0
2020-04-22,249.68860787895798,253.4753055317938,247.12545915641977,247.40231323242188,3663300.0
2020-04-23,249.22416143226272,257.61915038379743,248.7597672983125,254.82379150390625,4420500.0
2020-04-24,256.5742682419554,260.6913749390312,253.63601243835643,260.1466064453125,3265000.0
2020-04-27,261.8612273568104,265.12097944382174,259.55708196590865,262.5489196777344,3706200.0
2020-04-28,266.1392258211998,266.3624969838014,255.08283348839979,257.5298767089844,3862900.0
2020-04-29,260.7807679311331,261.45058154739456,255.51157293416665,256.8958435058594,4258400.0
2020-04-30,256.0027406510792,263.4600038377834,254.99355051290127,261.20050048828125,7631700.0
2020-05-01,257.55667954891385,258.1014480698123,249.70645832403372,254.0915069580078,3526100.0
2020-05-04,254.07368246720566,257.15483588590797,251.9481363122498,256.797607421875,2894200.0
2020-05-05,258.958757310732,264.3529949746598,256.57423711197873,261.70947265625,2501300.0
2020-05-06,263.5492049417821,265.8533506409271,257.6012597240427,257.8959655761719,2579200.0
2020-05-07,259.94120432403787,261.0397082057111,254.1004233451462,254.52911376953125,3162300.0
2020-05-08,258.5389874404887,258.9944691940467,255.118486270474,256.3152160644531,3200000.0
2020-05-11,255.029195728156,259.08380680011754,254.76128129257967,257.8245544433594,3490700.0
2020-05-12,260.57529395325923,261.8077551094303,256.9404602050781,256.9404602050781,4214300.0
2020-05-13,254.0735593009472,255.77935368868708,246.09832255606935,248.27745056152344,5474100.0
2020-05-14,246.42886002180882,261.18263702570056,246.16988507669058,259.5393371582031,5704600.0
2020-05-15,261.1467591394845,267.925265075318,259.6374446325122,259.8517761230469,12182800.0
2020-05-18,266.5678855526575,267.6753016700418,260.79853975229986,261.9952697753906,4015100.0
2020-05-19,259.6553413791424,263.12945266564157,257.994217530886,258.1460266113281,3059400.0
2020-05-20,261.58441907560376,261.58441907560376,256.0473120687386,257.1993713378906,3200600.0
2020-05-21,255.45794501919528,259.11065802577275,254.46660686929158,256.23492431640625,3604900.0
2020-05-22,256.58316184416867,259.20883241255444,254.34153831827,258.94091796875,2922800.0
2020-05-26,264.79951657650105,265.27285020396795,261.22717908474385,263.3616638183594,4567800.0
2020-05-27,265.62123199404164,271.3190888109156,259.7089890865352,271.29229736328125,5618900.0
2020-05-28,273.2391725685699,276.5525079337473,270.8635648854027,271.4708557128906,4387700.0
2020-05-29,272.14066957379714,275.4004220644454,268.6844374320943,272.25677490234375,6251500.0
2020-06-01,271.5155492695668,273.26601457355133,268.4254844240237,273.2213439941406,2894000.0
2020-06-02,272.90873799370183,275.15932828172214,269.47038461771496,273.5606994628906,2756800.0
2020-06-03,274.9360497182826,276.963341581038,270.37237406713825,272.7033386230469,4360000.0
2020-06-04,270.7653690084447,271.91745571643315,262.8258614821499,266.21063232421875,4374300.0
2020-06-05,271.4976441721898,280.6785502599269,268.3718489267863,278.50836181640625,5554300.0
2020-06-08,275.64165787201586,282.07185096214266,275.0075481507231,276.391845703125,4635500.0
2020-06-09,276.766834629964,279.2228165926053,274.4716013091869,276.1506042480469,3061500.0
2020-06-10,275.9095498754392,277.1330713784095,270.47958041458276,273.06060791015625,3296100.0
2020-06-11,270.92602696927463,270.92602696927463,250.7780483230367,253.39480590820312,6638900.0
2020-06-12,259.5750515788695,262.6562045649136,248.90270622003524,254.6630859375,5416800.0
2020-06-15,248.29525045382815,256.3151560902492,244.44605987201786,255.67213439941406,4494600.0
2020-06-16,263.8528955217591,265.7551699299683,256.7082192872241,261.67376708984375,4245400.0
2020-06-17,263.54933188964026,263.54933188964026,260.09309804871936,261.3166198730469,2538000.0
2020-06-18,259.37849867866043,260.58416808322437,255.9579973801507,260.3162536621094,2926600.0
2020-06-19,264.0834416677353,265.9580245557324,260.9262537572404,261.22222900390625,5172800.0
2020-06-22,259.9216861976612,262.80082753132336,256.7555203260442,262.5048522949219,2174100.0
2020-06-23,263.70668731250515,268.43350374326735,261.0697080302965,266.9266662597656,4023400.0
2020-06-24,263.688716808536,266.4781862497714,256.13657366461854,259.3744812011719,3399900.0
2020-06-25,258.56735852677843,266.19127470821365,256.57616991156374,265.6889953613281,3112500.0
2020-06-26,264.72018092574075,266.0117361513439,256.3607789380595,257.3115234375,5043200.0
2020-06-29,258.7197977892356,262.15503200514144,257.07839847774795,259.894775390625,2356700.0
2020-06-30,258.8273806298647,265.89520116353987,258.01117014974113,264.5498046875,2932900.0
2020-07-01,265.33911346720146,269.4380951356829,264.8099274064552,267.0433044433594,2303800.0
2020-07-02,269.52779364854587,271.8418638264681,266.5499758482341,267.5186767578125,1971700.0
2020-07-06,271.77008948772675,272.2095769129552,268.4783407165171,271.59967041015625,2395000.0
2020-07-07,269.67128715554566,272.2723816718853,265.44674966232463,266.0745849609375,2075700.0
2020-07-08,266.7024252323044,269.8596123433433,265.2045384920828,267.6083068847656,1987400.0
2020-07-09,264.6842694474954,267.77866410758844,257.8675902821283,261.1503601074219,3061700.0
2020-07-10,263.91290836310156,263.91290836310156,257.5088367202887,261.2131652832031,2391600.0
2020-07-13,261.9845734836337,273.1334192859465,261.6975489932431,268.8191833496094,4263300.0
2020-07-14,267.1150074382207,277.81538723894334,266.12837790619886,276.72113037109375,4234900.0
2020-07-15,270.0838703642004,278.6675069856504,267.87742767017807,272.7298278808594,5116900.0
2020-07-16,273.57298266857555,278.8110573735925,271.9136545433027,275.4924011230469,3844500.0
2020-07-17,277.2323590972712,278.9185935110396,274.68507871321015,274.93621826171875,3016500.0
2020-07-20,275.1694429793771,276.79288574517807,271.2139743609721,272.1826477050781,2375500.0
2020-07-21,273.59079420257996,275.35774893066946,271.8686750645422,273.66253662109375,2340200.0
2020-07-22,273.4383286855118,275.27705337076105,270.7027005129301,275.09765625,1935800.0
2020-07-23,276.4341847537103,276.7032531433951,270.21843123033364,271.74322509765625,2367700.0
2020-07-24,272.0660264796824,272.9181217479246,268.3886318411409,269.787841796875,2415700.0
2020-07-27,267.6711180810856,270.98977380831235,266.720373388409,267.8236083984375,2060500.0
2020-07-28,267.18679046582577,270.3349996832246,266.5768565790171,269.0165100097656,2257400.0
2020-07-29,270.38884972372847,277.82441642643414,269.0793379432776,275.0708312988281,2672700.0
2020-07-30,270.5860516561366,274.8733793809192,268.08363466808777,273.7701721191406,2205300.0
2020-07-31,272.16467045398053,272.4337387315861,267.33020054648244,271.57269287109375,3913500.0
2020-08-03,272.29927094154044,273.48322639579794,268.3617582016691,272.31719970703125,2628500.0
2020-08-04,270.7924608617183,277.02611533425176,269.1421109883448,273.1155090332031,3594900.0
2020-08-05,275.2052740398663,280.70346439761613,273.5818314302016,280.26397705078125,2982200.0
2020-08-06,279.8424489933941,283.6454273616492,278.4073540369448,281.69012451171875,3305300.0
2020-08-07,281.0444171619536,286.1210510067971,281.0444171619536,284.3540954589844,2600800.0
2020-08-10,284.3271024301307,287.43945382606614,283.05344847644113,286.2106628417969,2563600.0
2020-08-11,289.6368919256661,291.11682219942406,282.2282351180673,283.0264892578125,3018200.0
2020-08-12,285.22403929568,289.96881163873434,284.90115729549154,289.0539245605469,2915800.0
2020-08-13,287.6278677577098,288.6952179905452,285.08058663707857,288.38128662109375,2159500.0
2020-08-14,287.5022730979255,290.5428549828897,285.87883016248776,290.3365783691406,1787200.0
2020-08-17,288.31842845571254,290.4261940245949,286.43486822388695,287.4753112792969,2772500.0
2020-08-18,288.79385307486825,289.41273765430026,283.17007818978306,284.1567077636719,2520000.0
2020-08-19,284.1208505356453,286.56050418683384,282.6947333921726,282.8920593261719,2066700.0
2020-08-20,282.3807663332492,282.7843962201743,279.8514417909112,281.0353698730469,2245600.0
2020-08-21,279.19666510418216,282.7843889052496,278.12931508359173,281.76190185546875,2488500.0
2020-08-24,284.1566575741085,284.23737806514725,274.90032472480203,277.00811767578125,2922200.0
2020-08-25,280.0218356404206,280.1653204957482,276.07531781494595,280.0397644042969,1879300.0
2020-08-26,278.92770078746827,279.26851168305234,272.31729422619173,276.9903259277344,3178900.0
2020-08-27,278.41633652735464,282.3269422893272,274.0034242563111,279.5464782714844,2321000.0
2020-08-28,280.1474014853907,283.2687309545304,277.1247486514027,281.9681701660156,2883500.0
2020-08-31,282.4345968819794,286.623249044063,280.3268036981986,280.33575439453125,4341600.0
2020-09-01,278.1920630949391,282.2820653955422,278.0485508807935,280.58685302734375,2487100.0
2020-09-02,280.34473127504356,288.1659701348813,280.34473127504356,287.233154296875,2846500.0
2020-09-03,288.8117872368145,290.4442082557328,281.39417758629463,283.6365051269531,3872500.0
2020-09-04,283.8607598977993,285.0715949659397,275.0259832279303,279.8424987792969,2901000.0
2020-09-08,278.9724291075139,279.35810284230456,272.5145153921731,275.58203125,2594500.0
2020-09-09,277.7614458100277,282.82014724438176,276.6313319314907,279.8602600097656,2195600.0
2020-09-10,280.4972539283739,282.0309983422138,272.4158965007488,273.2052001953125,2421200.0
2020-09-11,274.7542741092499,276.00613129523595,267.7473974387918,271.5210266113281,3085900.0
2020-09-14,272.8989200612991,280.20298980429624,272.8989200612991,277.9064025878906,1795500.0
2020-09-15,279.239454869449,280.50934253102906,275.63694603715186,276.69970703125,1468300.0
2020-09-16,278.356765254527,281.22075222766284,275.7719704242782,276.0601501464844,3438200.0
2020-09-17,274.24087647225696,276.8346862039709,272.0883651029005,274.6731872558594,2394100.0
2020-09-18,274.7002338744686,279.5456112464769,273.58343777052283,277.4111022949219,3795400.0
2020-09-21,270.61135843035896,270.66539384410277,262.6768378545494,269.45855712890625,4124700.0
2020-09-22,268.7831076863598,270.74646783023,263.81165684414043,265.01849365234375,3163600.0
2020-09-23,265.6849103568386,266.67560535007425,262.82991126064337,263.109130859375,3709900.0
2020-09-24,263.1541883687422,265.62189739451503,260.8576006607372,263.5774841308594,2869100.0
2020-09-25,262.30752487813146,273.1330478557747,262.28050717668344,272.4395751953125,2455800.0
2020-09-28,275.9430912582144,279.2033562643131,272.73683418279336,273.09710693359375,2575700.0
2020-09-29,273.493436807874,275.1415722668606,270.80054315549125,273.92572021484375,1797800.0
2020-09-30,273.80856358062306,283.26514545513675,273.7815458746653,280.7884216308594,3497300.0
2020-10-01,281.81521644066794,283.85064238999416,278.4288499023106,281.9593200683594,2731200.0
2020-10-02,281.0857014612035,285.8500261440167,277.71733768041736,280.9776306152344,2338000.0
2020-10-05,283.7605656968484,286.77767175240285,282.0043319896725,286.53448486328125,1638600.0
2020-10-06,287.2549386582483,288.4707628917865,282.3374963732485,283.2021179199219,2434400.0
2020-10-07,284.43596009053545,292.469535684867,284.43596009053545,291.0555725097656,2596600.0
2020-10-08,291.28978443189163,293.01900036775487,289.09225234993966,290.37115478515625,2056700.0
2020-10-09,292.3975183217064,295.55872738095917,291.7310632435541,295.2615051269531,2028900.0
2020-10-12,296.41430177537126,300.41308715175586,296.31524601554935,297.1798400878906,2424200.0
2020-10-13,295.85602691756725,300.5392992204443,295.1445237536966,298.4858703613281,2713500.0
2020-10-14,290.06496033928954,297.7202902576758,288.3807921548376,289.8668212890625,4455400.0
2020-10-15,287.1649105132993,294.47799700086404,284.8953129930526,292.3164978027344,3172200.0
2020-10-16,293.1180354863557,299.32336828069697,292.4605954121187,297.1168212890625,3293300.0
2020-10-19,295.8919969040367,297.90939255222645,290.05592415540355,292.00128173828125,2482100.0
2020-10-20,294.1628254266888,295.96407966601447,291.1547341452099,291.2718200683594,1988600.0
2020-10-21,291.2717326376599,294.04565124019587,290.1639517184109,290.7133483886719,2139000.0
2020-10-22,290.2900650691266,295.4596546098615,290.22701459059294,293.3612060546875,2100600.0
2020-10-23,296.4502877366013,302.29534622178465,295.5226433354172,297.7471923828125,2349500.0
2020-10-26,293.89256482265426,295.1804546416362,286.88568892094804,290.9565124511719,2408500.0
2020-10-27,290.9565302766058,291.35280831979367,287.687250162782,288.6599426269531,2427700.0
2020-10-28,282.1933953646425,286.2282134978609,276.88871757521645,277.39306640625,3301400.0
2020-10-29,276.1232388538895,278.72606417302444,271.5030177752561,273.5024108886719,3279200.0
2020-10-30,273.0971209980045,276.64559339350785,269.82784075928345,274.81732177734375,3556800.0
2020-11-02,281.5719784964117,281.5719784964117,276.8166425637676,281.08563232421875,4519000.0
2020-11-03,285.9219761569407,294.0005992246069,283.71542961978923,289.4164123535156,4043900.0
2020-11-04,310.9235158992045,324.6220469350739,307.2399542130156,319.32635498046875,10344900.0
2020-11-05,322.4875029864194,325.1083307449009,314.9312295799617,319.18218994140625,4786500.0
2020-11-06,315.54366708881304,317.02070858294394,310.3290564725966,312.9318542480469,2994900.0
2020-11-09,329.9086761642407,331.38571764594207,314.300822253331,315.2194519042969,4635300.0
2020-11-10,314.76005054968033,320.5330716177691,313.57124406596967,318.5426940917969,3733200.0
2020-11-11,320.7672456112266,321.35264753647255,314.6880146880096,316.7504577636719,2048200.0
2020-11-12,316.48029678038836,324.69400996039894,314.99426784722044,319.1911926269531,2907300.0
2020-11-13,321.3976788986267,322.37037127125194,317.7321485715521,320.3259582519531,2442100.0
2020-11-16,323.2800647140523,323.8474366227728,316.1290843106666,321.3617248535156,2790100.0
2020-11-17,317.3718767116846,318.2454582821308,312.9677986685807,317.1106872558594,2557600.0
2020-11-18,318.30853945024325,318.8669236969341,308.99606116475115,310.27496337890625,2722500.0
2020-11-19,308.2756469086481,308.97813492253397,301.1066356557076,303.5113220214844,3935600.0
2020-11-20,301.7100574882949,304.1057287056504,298.746986839861,301.43988037109375,3702000.0
2020-11-23,302.20536702104795,302.84483195517265,298.6388919365056,301.7640686035156,2535700.0
2020-11-24,302.77268954223695,306.2130902704867,301.19659275408003,302.6195983886719,3759700.0
2020-11-25,305.15039810140235,305.15039810140235,296.43233672727945,300.0798645019531,3145100.0
2020-11-27,300.38605117457433,305.22241262326696,298.8639897057187,304.3578186035156,1558600.0
2020-11-30,301.8090890556275,304.35787875821285,297.468087972788,302.9168701171875,5265700.0
2020-12-01,310.50920618138684,318.91207270847104,306.1501741638419,307.28497314453125,3817700.0
2020-12-02,307.8072436910748,316.8675480466039,307.564084324259,313.0218811035156,2864300.0
2020-12-03,313.32809073578494,317.71413930931544,312.05820351782006,314.03057861328125,4169200.0
2020-12-04,312.73803291282593,317.6821873110729,312.5120661260392,316.25408935546875,3255100.0
2020-12-07,315.19665185823095,316.2541888901193,312.03311584755744,314.4193115234375,2999400.0
2020-12-08,311.60829705134176,316.26320880742094,311.0026937352639,314.4193115234375,2471200.0
2020-12-09,315.35020736148897,315.82020832569646,308.7700283595746,311.3008728027344,2600400.0
2020-12-10,311.9787599664907,312.24990905289263,306.64594979119306,306.9984436035156,2896900.0
2020-12-11,305.6246314827689,306.30253190657635,302.1899194518411,304.6665344238281,3071700.0
2020-12-14,307.3419094460883,310.2342950164513,303.5727717408955,303.81683349609375,2479000.0
2020-12-15,306.53752255242864,308.2277497319079,304.63939599551384,307.0165710449219,2616500.0
2020-12-16,304.44954644640404,308.81524003353314,302.126628938014,306.71826171875,2365600.0
2020-12-17,307.1430726595628,309.66486955603574,304.8834049418215,308.82427978515625,2525700.0
2020-12-18,309.5926126731351,309.67395741876237,301.89167333150795,305.8506164550781,8742700.0
2020-12-21,300.1472090258236,304.5580856882813,297.7338712936583,303.7716979980469,2892700.0
2020-12-22,302.9401094643336,304.5851542548825,301.4125718136575,302.8045349121094,2069700.0
2020-12-23,304.14224575408616,308.80620351639624,303.7264745922822,305.1365051269531,2348100.0
2020-12-24,304.09713270192424,308.58935452386436,304.09713270192424,308.0289611816406,1360600.0
2020-12-28,310.21619563941476,314.35592208371554,310.08062110168277,312.69281005859375,2308200.0
2020-12-29,314.53674314438234,317.51952150251026,311.83418899987834,313.9582824707031,2275700.0
2020-12-30,313.7142441042687,315.458728922273,311.3551637384575,311.8251647949219,1866000.0
2020-12-31,311.87034303915675,317.33872850649084,310.9754957638231,316.9681396484375,1969000.0
2021-01-04,317.664163540745,318.23357675125413,307.65834622705444,315.901611328125,4203800.0
2021-01-05,315.16937606705454,317.5826854307065,311.3641038457279,311.6533203125,3160500.0
2021-01-06,304.7026602651528,324.9312127283155,302.8949258549876,324.73236083984375,6561400.0
2021-01-07,324.07251011890656,331.222102021447,323.51211694352895,329.9385986328125,3366700.0
2021-01-08,331.71930766024013,332.16219382184005,324.2714497428723,328.45635986328125,2947800.0
2021-01-11,327.7603568368832,329.26982736903,324.6600986092622,326.07012939453125,2695100.0
2021-01-12,323.53022556904614,325.4644870202637,321.08075319721996,323.0150146484375,2372500.0
2021-01-13,321.8129249276137,322.508892826459,317.46532537117105,320.9090576171875,1974500.0
2021-01-14,322.54502810785493,324.316600163779,316.7331684108663,316.83258056640625,2919900.0
2021-01-15,315.55814040270604,319.11033219323787,312.5030645826736,317.528564453125,3777000.0
2021-01-19,321.9665750798574,322.6444755798504,317.7635974966693,318.3330383300781,3361300.0
2021-01-20,318.052792054682,318.2335489428478,312.58437899071095,317.1127624511719,3036800.0
2021-01-21,317.0856277457373,326.19662392276905,317.0223504261022,320.8728332519531,3749800.0
2021-01-22,319.3452910237205,320.52935474815587,314.12998765413744,314.1390075683594,2585100.0
2021-01-25,313.7774982829038,316.7060468175631,311.47264791736336,314.3740539550781,2506300.0
2021-01-26,316.814556034219,317.7184233909489,309.6378470150763,310.12591552734375,2467500.0
2021-01-27,304.6393770592227,305.50708175730813,297.3813253030755,300.97869873046875,4770900.0
2021-01-28,304.2779098078986,313.2623256495216,302.3526679904645,305.6427307128906,2769900.0
2021-01-29,304.17844333627266,306.42906395304396,298.84563209912915,301.51202392578125,3899200.0
2021-02-01,302.8225529301203,305.64261349173773,300.75268982433363,301.8915710449219,3020200.0
2021-02-02,304.69375899056337,311.50892809402444,304.69375899056337,306.15802001953125,2663700.0
2021-02-03,305.50712699986815,307.4594835475611,302.4339839018444,305.40771484375,2537100.0
2021-02-04,300.373130928003,303.05761740447394,296.8209397311701,297.6615295410156,5962200.0
2021-02-05,300.1833337530081,301.4216550336395,292.3829826963642,293.31396484375,7227900.0
2021-02-08,295.5736773692696,295.58269728595263,292.681290752919,293.16033935546875,4758200.0
2021-02-09,292.7626030764812,299.21622862100287,290.7831315495541,297.9417724609375,4096900.0
2021-02-10,300.680451330816,303.4824450303054,298.06826201055287,301.34930419921875,4122700.0
2021-02-11,302.79548229537045,304.286857512297,299.6319474057173,301.051025390625,2776700.0
2021-02-12,299.7946691742991,300.44545466794443,296.3599848146277,296.68536376953125,2760800.0
2021-02-16,295.88994785083247,298.13154839534025,291.4790991672589,293.4133605957031,4339000.0
2021-02-17,292.3648758455081,297.01076647876505,291.26215676171137,295.4380187988281,2620000.0
2021-02-18,294.5703649269095,297.89659016696754,293.9376743298982,296.8390808105469,2383500.0
2021-02-19,297.14636645428095,297.2367586984875,292.9524090608883,293.3772277832031,2313800.0
2021-02-22,290.59324859623246,297.4174336028287,289.55380703403887,296.14300537109375,2688300.0
2021-02-23,298.2671210622267,301.83740744671695,295.23918808481534,297.8332824707031,3225700.0
2021-02-24,296.91129492445305,301.5300701501716,294.6968370792149,300.273681640625,3360500.0
2021-02-25,299.18003274188106,301.5300928965001,295.8899430086471,297.2547912597656,2780100.0
2021-02-26,298.7732750855237,305.42575164613953,298.1405846314893,300.2827453613281,5430000.0
2021-03-01,302.21708826186915,306.3297014500347,301.6024650547951,302.4792175292969,4198900.0
2021-03-02,302.79547168187014,305.2088089214157,301.792192463702,302.4700927734375,2568900.0
2021-03-03,301.27699048917765,305.6517039735679,300.78889452830646,300.8702392578125,3039700.0
2021-03-04,302.0452856550603,308.0740638591471,300.6894849839131,301.7198791503906,4991600.0
2021-03-05,302.82258700087556,314.80787332005264,302.81353950323984,313.7322692871094,4563100.0
2021-03-08,313.65094813060296,319.9689706738609,312.3764921407399,316.5071716308594,3419900.0
2021-03-09,318.992795256171,326.5219962083224,317.5646697635231,318.1431579589844,4277600.0
2021-03-10,319.88757745594523,320.40278827279053,314.99765361205124,315.9919128417969,3012300.0
2021-03-11,317.0404109847157,321.74955052787095,316.2359560808868,319.15545654296875,2520500.0
2021-03-12,320.3528676900449,323.66369807578826,319.282494216758,322.9380187988281,2088700.0
2021-03-15,323.7543515505085,324.67956131540404,318.8833185409091,320.996826171875,2343400.0
2021-03-16,320.6794438273895,322.3393852135011,319.2099811651641,321.6500244140625,2904200.0
2021-03-17,322.1670169669113,324.7975385411734,319.13735103810484,319.454833984375,2633100.0
2021-03-18,320.08080148618257,330.46686189076877,319.60005096499503,328.40777587890625,3311600.0
2021-03-19,328.28982809534534,336.0362577331595,325.6502266183702,331.6097106933594,8572900.0
2021-03-22,331.08356913763174,334.33089716998927,326.6479431021797,332.7707214355469,3505200.0
2021-03-23,334.57581421906025,337.0158568981762,333.09727225939173,334.2583312988281,3100100.0
2021-03-24,332.0360757528195,339.065934168058,331.54627329093995,336.1632995605469,3407800.0
2021-03-25,336.163328438401,337.5329982752508,329.623299605065,336.6077880859375,3021500.0
2021-03-26,337.1428641340207,342.0229499362948,335.88203966078214,341.4968566894531,2959800.0
2021-03-29,341.38803529287685,345.143353397679,340.1453422340476,343.837158203125,2740400.0
2021-03-30,342.46743953144926,344.58094770949975,337.2517387210293,338.84820556640625,3066000.0
2021-03-31,338.1588231126609,341.9685635404885,337.2517446947816,337.4966735839844,3356500.0
2021-04-01,337.6145897901597,338.0590493456518,331.7730027101098,332.9612731933594,2977700.0
2021-04-05,335.2742344756182,338.0045486719974,333.4782373848051,335.7821960449219,2709400.0
2021-04-06,334.5123958740181,335.42855398366,329.0155025798428,330.5121765136719,2698600.0
2021-04-07,330.3489097180116,331.88187454460416,327.0471308047852,331.6641845703125,2158900.0
2021-04-08,329.3692604162994,332.81617532088796,329.3692604162994,330.98388671875,2426700.0
2021-04-09,334.1223011703659,341.6147491905821,332.897739914966,341.33355712890625,2483200.0
2021-04-12,339.6826390384394,344.53548504492176,339.27444279404904,341.31536865234375,3057300.0
2021-04-13,341.2882845869688,344.0639425739795,339.54668169225675,339.7008972167969,2652300.0
2021-04-14,340.462830605296,342.8847423072993,339.7734421078884,340.72589111328125,2805600.0
2021-04-15,344.68976000340535,355.90123469939397,344.68976000340535,353.7696228027344,4488300.0
2021-04-16,357.3163287105272,357.3163287105272,349.6424256615914,354.6767272949219,4532400.0
2021-04-19,353.7605838670948,356.8355929987595,352.372754991505,353.6154479980469,2965400.0
2021-04-20,353.63361209218596,360.908399406735,353.2345230179323,359.683837890625,3348100.0
2021-04-21,361.7972654531982,364.1738340358801,358.6950729289203,361.7519226074219,2473300.0
2021-04-22,361.4163451553428,361.7066169072588,356.6541832227076,359.6929016113281,2718600.0
2021-04-23,358.8584092758604,364.63649517410175,357.84248573531346,363.11260986328125,2263200.0
2021-04-26,362.65898981184336,362.831336911423,358.48642390099513,359.0760192871094,1642300.0
2021-04-27,357.98754308363294,359.50234841848095,355.8468237941369,357.8424072265625,1758500.0
2021-04-28,358.45918408793847,360.1009935420597,356.75387251127876,357.92401123046875,1886500.0
2021-04-29,359.88333962862106,364.7906368821132,359.47514329354846,364.2373046875,1996500.0
2021-04-30,363.73844246173707,364.51851660716665,361.3346902112624,361.74285888671875,2328100.0
2021-05-03,363.7384571337791,368.9722898058785,363.3121291565483,368.1831359863281,2568500.0
2021-05-04,367.8021487659122,374.1426177370018,366.00612362134314,373.11761474609375,3237200.0
2021-05-05,372.35567356918796,374.3965999164003,368.9994725032602,374.1698303222656,2767600.0
2021-05-06,374.62336335818236,378.11562058687133,374.22424666451303,376.4103088378906,3058700.0
2021-05-07,376.43755624086856,380.0840016394753,375.5939799271505,378.84130859375,1851000.0
2021-05-10,380.3107526520334,386.3972686765547,379.358331400136,381.7802429199219,2489300.0
2021-05-11,381.87997007691143,383.05010885252597,372.4554131100611,373.44415283203125,3024000.0
2021-05-12,371.25815233755077,372.67319252705744,367.0765062233234,367.702392578125,2888100.0
2021-05-13,368.52771858814265,374.7865524381566,366.7498531220541,370.5958557128906,2637500.0
2021-05-14,372.8000367759469,374.251367339721,370.5414210602275,371.7206115722656,2072900.0
2021-05-17,371.2762304512331,374.1788921910173,370.6050013426645,370.659423828125,1583900.0
2021-05-18,371.62093988158733,374.5870761881159,368.518719673995,372.246826171875,2694800.0
2021-05-19,371.4394982393299,372.55521455593407,366.68641662597656,371.4485778808594,2783100.0
2021-05-20,371.47574225233086,375.3761675247902,370.37818535727087,370.66845703125,2105800.0
2021-05-21,372.59146160550176,379.7301628272059,371.4122433005919,373.380615234375,4295400.0
2021-05-24,374.0519825908171,375.4398116849171,371.82965672059777,372.7639465332031,1883600.0
2021-05-25,373.5801933327039,375.4034018429676,370.89524938790936,374.6686706542969,2285600.0
2021-05-26,373.8069686417873,376.709602559107,372.8182566280457,374.8138122558594,1903900.0
2021-05-27,376.36491106529684,376.53723046157234,372.2467681535358,374.3511962890625,2041800.0
2021-05-28,374.3513189715446,376.8639165245695,371.9203274822467,373.643798828125,2367900.0
2021-06-01,375.2855074964486,375.2855074964486,368.41891825954855,368.9268798828125,2199600.0
2021-06-02,371.1220826550103,371.1220826550103,366.95856829548785,368.1377868652344,2232900.0
2021-06-03,366.0061650431294,371.6844851607228,365.4074899271862,370.0517272949219,2281200.0
2021-06-04,372.77290128347505,372.80919216744616,367.04923925817604,367.947265625,2990900.0
2021-06-07,369.1445933772876,369.37136296221496,361.64306547334985,363.05810546875,3353800.0
2021-06-08,363.4843970849752,365.3257648233666,361.69745182698307,364.40960693359375,3051300.0
2021-06-09,365.85183771170733,368.07419037131524,363.31202982800954,363.8290710449219,1925700.0
2021-06-10,364.56384639781317,365.4165022225995,361.44349480111276,364.182861328125,4033600.0
2021-06-11,365.8700285574294,365.87908051655336,358.096361080046,360.9173889160156,3094300.0
2021-06-14,360.38227760033925,362.35065012875157,358.41393275376595,362.0694580078125,2674900.0
2021-06-15,362.7950554277465,364.1919638619664,359.6293607893502,363.0853271484375,2845800.0
2021-06-16,363.8291100027418,365.688609436506,359.8107597957558,360.33685302734375,3330800.0
2021-06-17,359.20295967125344,361.08061814953766,357.94210771240205,360.4275207519531,3532000.0
2021-06-18,352.5800232168327,357.4779840009364,352.55271230396784,354.4827575683594,5521400.0
2021-06-21,354.4826715177627,363.4319248315018,354.34611698658694,362.4031677246094,3839300.0
2021-06-22,364.71557445944126,364.75199826308574,362.1755767654773,362.9676208496094,3964600.0
2021-06-23,362.17555614099757,363.2498221299504,359.854018051438,360.1180419921875,2942100.0
2021-06-24,362.63076052798334,366.12669537139806,361.2833576868173,363.1314697265625,3309100.0
2021-06-25,364.2513295650667,373.2460930236374,363.26808123982977,368.6667785644531,16928900.0
2021-06-28,368.66672732876805,368.70312334818175,362.27569745259945,365.4894104003906,3193300.0
2021-06-29,365.95369598583983,367.07349862082015,361.86600656568413,362.4304504394531,2458800.0
2021-06-30,361.9207259209228,365.4348595186831,361.24701046590803,364.5608825683594,2875600.0
2021-07-01,366.00833105096694,368.90339812444654,365.8080418191603,368.6120910644531,2678100.0
2021-07-02,368.7941789952794,373.1458927905982,367.6926020387983,372.68157958984375,1982400.0
2021-07-06,372.05341247529765,374.32030099975555,369.3586067891854,373.5009460449219,2615300.0
2021-07-07,373.58292055763627,375.2489415594144,370.71516400327056,374.7755432128906,2270400.0
2021-07-08,371.99875828672,374.0198486347349,368.7850454316064,373.2187194824219,2032300.0
2021-07-09,375.5674694974235,376.2229588855763,373.8468272180316,375.1850891113281,2078900.0
2021-07-12,374.19277257482634,379.09073130524405,373.5463960525612,378.76300048828125,2802600.0
2021-07-13,379.07256357394164,382.0859869978468,378.4625830160334,381.0390319824219,2948900.0
2021-07-14,383.0692741726655,384.67158821848227,376.31411686111403,377.5795593261719,3538700.0
2021-07-15,375.0031109571114,383.94325143309857,370.71513195069576,382.41375732421875,3546500.0
2021-07-16,383.6063637600928,384.4530573898153,380.2197003740828,382.0951232910156,2625400.0
2021-07-19,379.8554548510771,381.94027955101905,370.3599853259082,372.40838623046875,3611300.0
2021-07-20,374.1746493419659,380.30165542682454,373.81957976941766,375.9681396484375,3186700.0
2021-07-21,379.6917100221445,379.8464903642561,374.0199037144121,377.4885559082031,1863700.0
2021-07-22,378.7447815067608,379.48220364139894,376.6599845005451,378.5171813964844,1421900.0
2021-07-23,380.4563859506291,381.7673649710146,378.71751755854535,380.2743225097656,1611700.0
2021-07-26,379.48213538514716,380.24689606735126,374.08346840840454,376.4869384765625,2232600.0
2021-07-27,375.0850705231004,378.0529855542787,372.7726450760099,377.9073181152344,2630600.0
2021-07-28,377.35200851983274,377.35200851983274,370.3510243340718,372.5086975097656,2446600.0
2021-07-29,374.42955806413664,375.613067732136,371.82582568124946,375.1578674316406,1597300.0
2021-07-30,373.9561014294733,376.69638791847564,373.49178830475375,375.2852783203125,1864200.0
2021-08-02,376.5143430353166,379.12718803598244,375.8224297617789,378.33514404296875,1806500.0
2021-08-03,378.5627687453643,384.3165069710523,377.88905343620655,384.0979919433594,2496500.0
2021-08-04,384.23457962401733,385.70033910407847,382.1042454569371,383.7702941894531,1995400.0
2021-08-05,384.24361318149437,384.4165914903167,371.3432543140028,374.3475646972656,3598600.0
2021-08-06,375.0941739571197,379.4276620806603,375.0941739571197,377.9255065917969,1944000.0
2021-08-09,377.7707550857572,378.9360667887065,373.58290660280016,374.0563049316406,1509800.0
2021-08-10,373.72853641785196,376.58717968034233,371.962357138843,374.8847351074219,1441800.0
2021-08-11,376.02266021330234,376.8420149820406,370.9972602195885,371.2066345214844,1542600.0
2021-08-12,370.53303654193644,372.1080395493445,368.07494385945097,369.5862121582031,1939900.0
2021-08-13,370.6059049240367,373.30979611577123,369.54986456072527,372.9638671875,1537800.0
2021-08-16,373.1185687525927,380.0194206776229,370.8334544160873,379.8282165527344,2377500.0
2021-08-17,379.7280711504079,384.6442285144217,379.30018178487376,383.9887390136719,2258000.0
2021-08-18,383.5972884560217,383.815775703746,379.71897310959105,379.9283752441406,3037000.0
2021-08-19,378.16221003831464,389.97010706793805,375.4492062170396,389.55133056640625,3204500.0
2021-08-20,389.9701204163994,392.71040745523754,388.6591412697354,391.208251953125,2401900.0
2021-08-23,391.98208007264077,391.98208007264077,386.82920934318923,387.24798583984375,2375900.0
2021-08-24,387.3936491948041,387.7760296673596,383.93413806484267,385.47271728515625,1619300.0
2021-08-25,384.0525211048036,385.6639202589894,381.86756509379245,382.1315612792969,1939000.0
2021-08-26,382.1588116915622,383.63368385416396,379.3001685403471,379.5004577636719,1385400.0
2021-08-27,380.5565184787868,382.6868522956733,378.83584821329106,381.23931884765625,1621600.0
2021-08-30,381.2392998147174,382.8871223999992,380.4472558716856,380.82049560546875,1284200.0
2021-08-31,379.63707562900765,383.0419652104445,377.1061629028099,378.97247314453125,4249100.0
2021-09-01,379.2182357694078,382.2498572395317,374.3930964021425,379.9556579589844,2034400.0
2021-09-02,381.6034774071528,386.37396714268806,380.7658967214542,385.74578857421875,3137400.0
2021-09-03,384.1252580712695,386.0097936848256,382.9235228003164,384.971923828125,1604800.0
2021-09-07,382.64129168102363,384.4256965373707,380.1650013867292,383.4970703125,1920300.0
2021-09-08,383.45157626225625,384.9810423842044,377.08788586625326,378.1712646484375,2262500.0
2021-09-09,378.12574884869605,382.5685078340301,376.8420807808108,377.4065246582031,3508500.0
2021-09-10,379.65400956811936,380.05599410003066,367.80466652145367,369.0106201171875,4215800.0
2021-09-13,372.72895881130955,380.7960003642564,371.3311578489261,378.703857421875,3068200.0
2021-09-14,381.50857694855506,381.50857694855506,375.8260083163107,376.8949279785156,2879800.0
2021-09-15,376.8766002194932,385.0076266724469,374.11755042194466,381.444580078125,3180600.0
2021-09-16,383.40891807499617,386.81661395558484,379.1058600273271,380.82342529296875,2262700.0
2021-09-17,379.11500106402326,384.7062051234472,379.11500106402326,383.8565673828125,4534200.0
2021-09-20,380.8965453465253,383.0708809133838,373.40504524851207,377.0411682128906,2799800.0
2021-09-21,379.1514717058804,382.5957184691234,376.5933862663345,376.712158203125,2382200.0
2021-09-22,369.9516188989255,376.4016053425398,369.9516188989255,373.3867492675781,3629400.0
2021-09-23,374.3916214981259,379.00529792614,372.2995067777969,372.7745666503906,2681600.0
2021-09-24,371.7787882938182,372.6467157157365,370.21654681510466,371.90667724609375,1950400.0
2021-09-27,372.59185535604763,376.5385968833462,369.9698392199531,370.2530517578125,2608600.0
2021-09-28,367.81379585909144,369.0928248244141,362.71591400201487,364.17767333984375,3115400.0
2021-09-29,362.69765274317893,367.12859941707114,361.6013262677296,365.8130187988281,2056300.0
2021-09-30,366.7997359860672,368.6269284187948,356.7227708348042,356.97857666015625,3779900.0
2021-10-01,357.7642494536188,359.67366201626464,350.0169442478059,358.52252197265625,3146600.0
2021-10-04,357.78252676713987,361.00752012419207,351.51527043888944,353.57086181640625,3074800.0
2021-10-05,355.6995218000729,361.79322038989403,355.60815660889756,359.4361267089844,3269400.0
2021-10-06,356.987685779869,360.6694770477306,352.5019254612328,360.1852722167969,2809200.0
2021-10-07,362.4784353369236,372.90257127006146,362.43273879871674,369.7323913574219,2813700.0
2021-10-08,371.2945891248079,373.77042671438045,367.85034191331425,373.1674499511719,2012200.0
2021-10-11,372.7472479246027,375.68902879060994,369.2847105355577,369.997314453125,2164200.0
2021-10-12,370.10682687856456,373.0943033573079,367.5487694748324,368.3984069824219,2415700.0
2021-10-13,368.4898542822993,370.28963974702845,363.71173655595214,368.68170166015625,3021800.0
2021-10-14,388.88138349877966,396.04397476005414,381.70050246881067,384.039306640625,6038800.0
2021-10-15,385.5832930336723,393.2940477515851,385.08082623951327,391.0831604003906,3312000.0
2021-10-18,391.0191729910159,391.0191729910159,387.21860945924584,387.93121337890625,2232800.0
2021-10-19,389.95023845366853,390.85471761502856,386.8166103021966,387.7119445800781,1616800.0
2021-10-20,390.10547204470157,397.8984444108335,389.95929334649065,397.4964599609375,2764000.0
2021-10-21,397.87115683135795,404.2663304199217,397.4874341485167,404.0653381347656,2465100.0
2021-10-22,402.7497337415319,410.4696325591656,402.40256273471624,410.3508605957031,2736200.0
2021-10-25,411.11828673013196,413.53019406170546,407.8658865144597,410.65234375,3553500.0
2021-10-26,411.5658843301434,418.16204906560716,408.91646130536617,415.3573303222656,3103900.0
2021-10-27,415.3573211493731,420.656167081906,414.29754638671875,414.29754638671875,3520400.0
2021-10-28,413.85901916247127,418.3356343234009,413.4204830123852,416.08819580078125,1672600.0
2021-10-29,415.14723377689774,421.5241450010203,413.913873386634,420.6836242675781,2497800.0
2021-11-01,421.9169538528415,425.5165246853885,412.19627805226554,414.87310791015625,2203100.0
2021-11-02,416.8373405376052,417.00178113437687,411.4653913304881,412.9819641113281,2600000.0
2021-11-03,411.5019860895253,417.98849638591815,408.4140266720808,417.8149108886719,2438200.0
2021-11-04,418.0616374527594,418.8930133618397,413.09167176642404,417.2942199707031,2517300.0
2021-11-05,418.27172376429223,421.6428958743083,415.3025362009971,416.42626953125,2905000.0
2021-11-08,417.3763876407677,424.08217972980424,415.0558457191463,422.6478271484375,2279900.0
2021-11-09,422.6478925234105,424.338051161297,420.51922552939857,424.2284240722656,2657800.0
2021-11-10,425.1785033565132,425.73578359606165,417.175392579952,420.162841796875,2818200.0
2021-11-11,420.2541928224612,421.0307550592593,416.0881969675499,417.8697204589844,2246800.0
2021-11-12,420.8664058914358,421.1678803929526,417.58657074767973,419.33154296875,2609500.0
2021-11-15,418.42696232162143,418.6188096724115,411.57499241460795,411.84906005859375,2849600.0
2021-11-16,413.84984065206373,418.74672968086696,410.54262761268916,410.7710266113281,3383800.0
2021-11-17,411.4746384798098,414.73615598267986,409.9580653220439,410.1590576171875,2281500.0
2021-11-18,409.9580419571223,413.6855022682811,408.4779926604661,410.63409423828125,2073800.0
2021-11-19,409.40980976917353,410.6157632684123,401.5254712538285,401.9822692871094,3536100.0
2021-11-22,404.55864978979446,405.4082875094221,399.5978294362684,399.73486328125,2598700.0
2021-11-23,398.33709148562843,408.85256487852484,398.3279466017125,408.49627685546875,2857000.0
2021-11-24,408.04861677172914,412.01362090120597,407.1350205792946,411.26446533203125,2248800.0
2021-11-26,406.47724194492315,409.4555466593705,400.3469912425053,401.9001159667969,2480600.0
2021-11-29,405.23465135721983,413.9320754940082,402.484718395121,412.9454040527344,4079700.0
2021-11-30,408.4322252593922,412.3515599034063,403.1242347333621,405.8376159667969,7435400.0
2021-12-01,413.7585907927295,416.52678612598004,405.76462415107864,405.94732666015625,4325500.0
2021-12-02,404.8600700691591,409.19053415625393,401.2696444074141,407.4820861816406,4738700.0
2021-12-03,410.4151670838791,416.5287404419894,408.0320922001268,411.83587646484375,3038300.0
2021-12-06,414.42983193044705,423.2564632672752,413.8523845761978,421.72576904296875,4721500.0
2021-12-07,424.1454664130332,426.8951939100383,421.8357053853518,425.9602966308594,3105200.0
2021-12-08,427.20682257564783,430.94646760279164,423.9071440139545,429.7457275390625,3228300.0
2021-12-09,429.44327313507006,434.8969105201647,428.37086710487495,433.83367919921875,2977400.0
2021-12-10,432.6238585900857,438.5632809557879,431.7164573291497,438.3341369628906,2572300.0
2021-12-13,437.2250593660768,440.19478453115664,434.4661847156893,438.25164794921875,2724800.0
2021-12-14,439.72730166772277,442.7428443043507,437.37169481843665,439.46148681640625,3018000.0
2021-12-15,440.5063655074306,454.0716770959427,440.0847484423711,453.13677978515625,4188600.0
2021-12-16,452.79767598647766,455.5015581483406,449.22300754642754,451.74359130859375,4080800.0
2021-12-17,450.4237455849549,451.991082557542,445.8041951707393,446.4824523925781,5707200.0
2021-12-20,441.7895882653723,444.5484907031943,435.61187558786776,443.3752746582031,3145600.0
2021-12-21,446.39072873421253,448.20555885828765,441.97285470905024,446.56488037109375,2536000.0
2021-12-22,446.5099439586813,454.1175407094385,445.3642240840199,452.90765380859375,1687500.0
2021-12-23,453.70513291391427,456.59234180175764,451.6978291790455,454.0534362792969,1706500.0
2021-12-27,457.07805194604293,458.5629003923442,455.2082572952733,457.82965087890625,1349400.0
2021-12-28,460.1211129286305,463.16415170343276,458.65458585882527,460.9826965332031,1495500.0
2021-12-29,462.6692162342257,464.9056638349727,460.1211361608079,463.4024658203125,1573900.0
2021-12-30,465.55637369071667,466.7479391015351,461.63343009647605,462.3483581542969,1309800.0
2021-12-31,462.0825412644093,464.5847753183395,460.15772647330414,460.2493896484375,1695400.0
2022-01-03,458.2879546277956,460.94601917030144,451.9177408697985,460.37774658203125,3033600.0
2022-01-04,461.221013623674,461.72511919044683,449.92879158853344,449.9471130371094,3908100.0
2022-01-05,453.4942363580964,455.5382106325488,448.8380432128906,448.8380432128906,3921100.0
2022-01-06,439.95644560304174,443.75108337277317,424.4846394571997,430.4698791503906,6555200.0
2022-01-07,428.67337673785573,428.9300168660969,417.54613209754564,420.3417053222656,5494200.0
2022-01-10,417.9586709299395,426.99609718636,416.52881455659787,426.2078552246094,5831800.0
2022-01-11,428.22419828888195,431.20306945342753,422.23895980636956,429.8740234375,3332800.0
2022-01-12,429.84652162601316,435.6667831113861,427.4359229783518,434.20025634765625,3502300.0
2022-01-13,436.18931070926084,436.7942261774124,427.1060403454246,428.43505859375,3005300.0
2022-01-14,430.68986810181457,433.69623597001964,426.2811122374397,429.5899658203125,3665400.0
2022-01-18,426.3636574565286,426.8585883420944,420.1126026105654,422.5323486328125,3938800.0
2022-01-19,428.9575077090669,435.82265203321805,423.0089392560889,423.9346618652344,4030900.0
2022-01-20,425.63948237441366,432.28465704767126,423.45802745448333,424.3746032714844,3228600.0
2022-01-21,424.8329362327094,431.5147824793128,422.6056634744006,422.69732666015625,4273200.0
2022-01-24,419.8559338492894,425.41955633675354,410.7451670652354,423.7055358886719,4780700.0
2022-01-25,416.18958021127276,421.1574053830409,409.9568479883873,418.7284851074219,3428900.0
2022-01-26,420.204262507119,425.1812632858109,415.62138268032817,420.1859130859375,4435900.0
2022-01-27,419.8651262429909,429.5808375407753,418.8844111710253,423.09149169921875,3508100.0
2022-01-28,422.90804443024024,427.3809385548623,417.11527899108466,427.1792907714844,3364400.0
2022-01-31,426.2077846203084,433.7053686129,425.6578334974309,433.1462707519531,3500500.0
2022-02-01,435.3734518637509,435.3734518637509,424.1453996841068,429.3332214355469,3148600.0
2022-02-02,429.929066499075,441.77123880337064,429.929066499075,439.7547607421875,3026800.0
2022-02-03,457.05058677211764,458.45294684109905,443.22863390791997,447.99481201171875,4370900.0
2022-02-04,441.5603581142983,448.78297934522124,440.13050221262716,442.8619079589844,3066400.0
2022-02-07,444.45685793192257,446.61081706042347,441.14800412778317,443.3478088378906,2937200.0
2022-02-08,441.1938380079853,454.3192122919026,441.1938380079853,452.24774169921875,3534700.0
2022-02-09,455.5381782494894,459.1403144749607,454.88741725548743,456.5464172363281,2818100.0
2022-02-10,451.17524127821946,452.9900713452865,444.6034087704417,446.1157531738281,2626100.0
2022-02-11,444.24596155306176,449.51627251602906,436.69338575011034,438.2424011230469,2493800.0
2022-02-14,435.47440002914436,437.88499932978635,430.17659198850515,434.8236389160156,2549500.0
2022-02-15,436.23517015588135,441.0288725570971,435.5569128878426,438.3341369628906,3001000.0
2022-02-16,435.8317886053889,441.5420658529233,432.07382226808454,440.002197265625,2651800.0
2022-02-17,438.2790376565131,439.3055980186365,429.7732158353408,431.10223388671875,2403100.0
2022-02-18,431.01983375125036,435.30025567839164,427.8851317437031,428.78338623046875,2992300.0
2022-02-22,425.1353348542387,428.2150440429418,419.6267333966929,423.92547607421875,3029800.0
2022-02-23,428.2150976149604,428.70088172383777,420.5616832438965,421.276611328125,2840300.0
2022-02-24,412.0191762798717,418.49937441390546,408.55452059948226,417.8577880859375,3933000.0
2022-02-25,418.5543692504309,436.08847027857695,418.1694230456659,436.06097412109375,3314400.0
2022-02-28,426.9868792262804,437.49083097738617,426.7668819943747,436.17095947265625,3918300.0
2022-03-01,431.60645354595084,437.1700481882715,428.71007024758444,436.519287109375,2917600.0
2022-03-02,438.2973608337969,446.52822115181124,438.0223992970244,444.8875427246094,3675900.0
2022-03-03,445.45589714775195,450.3870800731275,441.99124128880317,445.9966735839844,3139400.0
2022-03-04,440.58890168872387,457.97634881767084,437.655847419807,457.05059814453125,4170100.0
2022-03-07,458.2879417235665,458.2879417235665,442.7244731528308,446.2532958984375,4123300.0
2022-03-08,438.8565174274091,444.07183638992484,432.18384618135326,433.9620056152344,3849500.0
2022-03-09,442.32115627994114,447.0323695209657,434.081148434488,445.0617370605469,3115500.0
2022-03-10,439.34229880471366,452.5226642711362,437.9674350017629,450.4420471191406,2834800.0
2022-03-11,448.45632887982003,453.9444802943251,443.56573721038313,443.89666748046875,2615000.0
2022-03-14,450.8189097078996,455.59001752016843,446.1121588001346,448.5390930175781,2704100.0
2022-03-15,450.4512355264299,459.5889628343221,447.9783479278573,457.7228088378906,3043000.0
2022-03-16,459.4878474561121,464.7002243341453,450.46045789132074,458.0445861816406,3497100.0
2022-03-17,455.96698742165586,466.1894686186871,455.2131642980919,466.0975341796875,2357200.0
2022-03-18,467.6786722087893,469.4620935699854,461.0781896331396,465.2701416015625,5065600.0
2022-03-21,464.249743926074,471.5948476835261,463.6521841511415,466.68585205078125,2617700.0
2022-03-22,468.16590063195383,470.53767994463607,464.0934605597107,464.53472900390625,2752500.0
2022-03-23,461.7308664637321,466.1342647240157,460.86673332569444,462.6134033203125,2753200.0
2022-03-24,464.2405925138564,474.1505473417732,463.19259038343046,472.0177917480469,2789200.0
2022-03-25,472.6888778718633,474.8400372939635,468.13838932777645,471.6225280761719,2551100.0
2022-03-28,472.8082541713923,475.400653301753,467.74296785032135,471.7786560058594,2643000.0
2022-03-29,475.36395153024415,477.6530265000428,466.3549375249059,469.50811767578125,3478400.0
2022-03-30,473.53450535436605,479.13299487429055,471.11677303179766,478.7836608886719,3041200.0
2022-03-31,475.3639192101003,479.7673457222353,468.5336424785958,468.8094177246094,3979700.0
2022-04-01,469.462084684515,473.23119991719955,465.71140122487003,471.21795654296875,2344100.0
2022-04-04,470.8686487379455,471.11681840823314,463.80849374643253,468.8553771972656,2657500.0
2022-04-05,468.8369570599011,482.3780535707257,466.99838075770543,475.97064208984375,3268600.0
2022-04-06,476.39354560607245,490.45870117946134,476.1913291167137,488.83154296875,3955600.0
2022-04-07,487.22275211429206,494.8344854380853,485.7427115598544,493.61181640625,2867000.0
2022-04-08,495.4962962586175,504.661571874954,494.66891450776353,501.8945617675781,3986700.0
2022-04-11,499.725077389871,503.411432302417,493.3268669882356,494.0622863769531,3574000.0
2022-04-12,492.19601514086725,497.0866345481263,487.93976287354684,490.6332702636719,3575700.0
2022-04-13,490.27471102512266,494.8343999659577,485.9540459554247,493.6576843261719,3012000.0
2022-04-14,495.03678303350046,508.63303771092365,490.9643423221156,491.65380859375,4211300.0
2022-04-18,494.48522951544965,497.3350009776733,487.5721631181736,490.9735412597656,2087100.0
2022-04-19,492.63748181600005,498.69556104537713,492.0399219031274,494.3013916015625,2207600.0
2022-04-20,498.38294126555303,504.10088720175037,495.49636271790604,501.9405822753906,2986300.0
2022-04-21,501.471747533365,503.7699681911714,492.76611461386756,494.0622863769531,2539900.0
2022-04-22,489.11652424203567,490.3023859342849,478.1953748924837,478.89404296875,3453300.0
2022-04-25,478.3976202474265,483.7846358418795,470.42737890085584,481.95526123046875,3030400.0
2022-04-26,481.9276077268543,483.784587732942,472.0636638946627,472.3118896484375,2895300.0
2022-04-27,473.35064155344674,478.8572247607112,468.6714962422454,472.3394470214844,3353700.0
2022-04-28,475.0513560327464,483.8029972246214,471.7510868678435,482.09307861328125,2582700.0
2022-04-29,476.97268607362514,477.9379836232562,466.04236336933224,467.5040283203125,2873200.0
2022-05-02,469.5816216732412,472.06371113267835,453.52165506518696,460.7012939453125,3184300.0
2022-05-03,460.68290345648217,464.7185640950925,457.3275071133235,459.2947692871094,2763400.0
2022-05-04,459.1844625654966,468.62554241694096,453.2918217514254,466.6490783691406,4002600.0
2022-05-05,466.27215315594515,469.45291048000547,449.7433695197726,454.7902526855469,3359700.0
2022-05-06,445.86398205498506,461.0873925117371,445.85478019549527,459.2947692871094,3260300.0
2022-05-09,450.8189359156577,454.7075351723912,445.3307841390884,447.1601867675781,3862700.0
2022-05-10,453.9536863046331,456.2886860979002,442.2879172518151,448.621826171875,4275500.0
2022-05-11,445.29402861776987,460.1221238496866,445.29402861776987,446.9119567871094,3936300.0
2022-05-12,446.8660026223598,447.59224816046736,433.3708584890867,440.1551818847656,3997600.0
2022-05-13,442.15929561355466,447.69340106718477,437.40656276955997,446.2225341796875,2453400.0
2022-05-16,446.23170596006656,455.56247594367255,445.07339380539463,449.73419189453125,2338800.0
2022-05-17,454.12836280903986,454.790251423571,449.03549841540934,452.7770080566406,2289000.0
2022-05-18,448.85160200171725,449.724908835484,430.5577469665427,433.3340148925781,3240500.0
2022-05-19,426.84390095852075,442.7107961094659,425.9337865694622,439.92535400390625,3813800.0
2022-05-20,442.5269695230813,448.1254314377374,434.18901860275633,446.52587890625,3068200.0
2022-05-23,447.04074392129144,455.7280020805457,447.04074392129144,452.3634033203125,2279800.0
2022-05-24,451.177490623634,457.87908180481907,449.2194021513511,457.40106201171875,2658100.0
2022-05-25,458.28359289972076,461.7677034095599,451.60957892336023,457.8883056640625,3161600.0
2022-05-26,461.2436520198872,466.3181408335564,459.10172286003075,461.6941223144531,2705800.0
2022-05-27,451.370517025356,466.18023681640625,449.89047645399546,466.18023681640625,3349100.0
2022-05-31,462.9719802700676,463.42242257045484,455.6544530816707,456.6840515136719,4003100.0
2022-06-01,458.099721241443,460.9127410038208,448.41041536300236,452.79541015625,1765900.0
2022-06-02,454.12833042453565,456.1047942679231,443.9885836022143,452.5287780761719,2093500.0
2022-06-03,448.9160230472831,451.98647051939685,445.762871052868,446.4155578613281,1756900.0
2022-06-06,449.9272025732685,453.7882241113069,447.0406523060929,450.6166687011719,1781500.0
2022-06-07,449.9915537953191,457.44696729809107,447.80364348835843,456.9781494140625,2341900.0
2022-06-08,454.128416717521,457.7136354491373,449.11828429916017,453.69635009765625,3268100.0
2022-06-09,453.09874034526706,456.38977952372227,448.25407392027773,449.92718505859375,3148800.0
2022-06-10,445.670911722265,450.5983111022044,442.11327084836665,445.5146484375,2599900.0
2022-06-13,436.7814009761692,442.49017276478327,429.546607429909,431.7896728515625,3764600.0
2022-06-14,429.7672303534871,431.311627785112,420.5008177092883,424.4813232421875,3814200.0
2022-06-15,426.73357396658025,431.1645215646954,419.6550439314986,426.8530578613281,2550700.0
2022-06-16,418.2917005184568,422.3602226974349,415.7823181820293,420.7734069824219,3135600.0
2022-06-17,415.84686002972234,425.7275396027437,414.87817644286577,417.055419921875,5277400.0
2022-06-21,422.3602431214936,447.55553651833293,421.70522867187447,443.1272277832031,5726800.0
2022-06-22,438.8833983818165,457.51925557097655,437.79477651541686,451.7624206542969,5061000.0
2022-06-23,456.6243718495085,464.5860983398883,453.8658784380436,461.1080322265625,4687700.0
2022-06-24,460.76666712768997,461.0618951981608,448.8840047589741,457.26092529296875,15861100.0
2022-06-27,454.6684305408141,472.2525737292809,454.43778891848547,466.5049743652344,3907100.0
2022-06-28,472.42791911335684,478.45224971561663,465.9699247750048,469.06976318359375,4978200.0
2022-06-29,469.4480337673589,478.5353206739669,466.82794792528847,475.77685546875,3823400.0
2022-06-30,473.78405854534054,476.3395860051028,470.25064091217007,473.8578796386719,3568900.0
2022-07-01,472.6492838361493,477.4558756516983,463.41438400932805,477.3359375,2426600.0
2022-07-05,468.3316748146981,471.431484761989,454.1333627672976,466.11749267578125,3029600.0
2022-07-06,466.48663892453914,477.34521067531637,465.2503747726388,475.3893737792969,2506700.0
2022-07-07,475.3524331120525,477.24368335026253,472.56626400535555,474.5498046875,2385400.0
2022-07-08,472.64010581045204,487.4565235684155,471.4407804587137,478.4707336425781,3092100.0
2022-07-11,474.9925875539542,481.090738770131,472.1787709144634,476.9207763671875,1743600.0
2022-07-12,473.5072828225338,478.9412133280702,471.0809282860106,474.586669921875,2706500.0
2022-07-13,468.7284532306449,472.2249606271174,462.3811900573592,462.42730712890625,3467700.0
2022-07-14,456.6704230283171,466.7171858490979,454.1610409917594,463.52508544921875,3765500.0
2022-07-15,485.3253718496543,490.79618490100916,475.5369539696331,488.7296447753906,5742500.0
2022-07-18,489.88292835957776,490.9530809789025,478.58148603866476,479.1534729003906,3212000.0
2022-07-19,480.7402484378501,492.50297244270365,480.2789651435421,492.1431579589844,2953500.0
2022-07-20,492.1431864495217,492.69670391113647,475.7952762721762,479.24566650390625,4327500.0
2022-07-21,479.1718946021522,482.01335927492784,471.56071991843487,482.0041809082031,2667600.0
2022-07-22,485.27000563399673,486.7460895914152,478.2585223727683,481.035400390625,1850300.0
2022-07-25,485.35293854112183,491.6263782356322,483.6276877238766,488.4711608886719,2337200.0
2022-07-26,492.46602112946357,496.00870151497986,489.91055003455955,490.42718505859375,2637800.0
2022-07-27,492.22610393629765,496.21159792315586,487.1519882502358,493.2132568359375,2268100.0
2022-07-28,495.870311006111,502.18992597833375,490.5655530755646,499.5605773925781,2344500.0
2022-07-29,498.19519168330663,501.7378158445481,495.13226385721504,500.34478759765625,2945700.0
2022-08-01,500.2801415609722,501.55328780410224,489.8827993450731,493.92364501953125,2335000.0
2022-08-02,495.9256300854887,498.6749166524429,490.5470514149531,493.99749755859375,2114200.0
2022-08-03,495.6581303075638,501.52564024844725,494.2096940183434,498.78564453125,1802900.0
2022-08-04,497.53092055867927,498.58265999496956,491.50658995206237,492.419921875,2368000.0
2022-08-05,488.9603849825636,494.03450218521283,486.7093198257553,493.6285705566406,2373400.0
2022-08-08,498.1028566960629,499.3852376515462,492.11540909096675,495.0491638183594,1656400.0
2022-08-09,498.18602691881415,503.48155086217724,494.8463399097454,495.658203125,2147200.0
2022-08-10,498.425752248601,500.0125394918814,492.4751874683263,496.0823974609375,2291400.0
2022-08-11,496.5621361622835,496.9219505768133,488.6557352611029,491.5987243652344,3006200.0
2022-08-12,494.13583837528813,502.2452340928624,493.0656859921328,501.59942626953125,1981000.0
2022-08-15,499.72668348831354,504.83773899156455,496.85751459495185,502.46673583984375,1447300.0
2022-08-16,502.99258141312873,505.0498870151407,500.39093671393454,503.83209228515625,1773000.0
2022-08-17,503.0201129892004,505.37264613187915,499.6343099461373,502.7987060546875,1471700.0
2022-08-18,502.80800604600637,505.68640918656695,499.86501648965833,503.001708984375,1486400.0
2022-08-19,503.2601713663952,510.29936030287666,502.632832721956,505.86181640625,2258000.0
2022-08-22,499.4683142420589,506.96878474156557,499.4313755425824,502.4020690917969,1672900.0
2022-08-23,501.2212027745562,501.2212027745562,491.92177171199603,494.3111877441406,2039600.0
2022-08-24,495.12307313689627,498.0568283870884,493.5916372423938,494.9201354980469,1761200.0
2022-08-25,493.58236478138474,500.0495656451098,490.11350536222864,499.6343994140625,1965800.0
2022-08-26,500.2709407536247,501.12892087834047,487.3180705003852,488.2683410644531,1906700.0
2022-08-29,485.26998363547716,491.63571506988114,482.38234595817414,488.7480773925781,1594000.0
2022-08-30,489.3385157993325,489.96591062677345,481.38599637019155,482.354736328125,2013400.0
2022-08-31,480.49110069818846,486.2847891509911,478.9596087451573,479.1164855957031,2891300.0
2022-09-01,479.1164957584017,483.66474203188113,475.2048226482526,483.42486572265625,2085300.0
2022-09-02,488.6097255197557,488.76654607759,474.02394960722955,476.36724853515625,1944200.0
2022-09-06,479.6700129902135,486.60773136971596,476.8930787034501,477.59423828125,2711900.0
2022-09-07,476.9669106450588,482.9635932740586,474.8265494727058,481.2845153808594,2504400.0
2022-09-08,480.61108180796043,487.5672137047187,478.63677576866684,486.6631164550781,1557500.0
2022-09-09,488.48632107067857,488.48632107067857,483.6276485765287,485.2564697265625,2495500.0
2022-09-12,485.86717313878677,495.14031326153696,483.55351993336393,491.65130615234375,2792000.0
2022-09-13,484.9416960851689,486.1077863004859,473.80839835246906,475.65008544921875,3172500.0
2022-09-14,475.6871421658687,476.9642833699154,468.3760030223931,471.7724304199219,2648100.0
2022-09-15,477.8156671262105,488.6250485408108,475.81669553327924,483.9329528808594,3058100.0
2022-09-16,479.8702151399371,483.8496874642196,478.53754859798886,482.1838684082031,3981700.0
2022-09-19,479.93504673216,484.9417679945879,474.73390175745305,484.5252990722656,2130800.0
2022-09-20,485.1638127438346,485.56175431624445,476.4367196453416,483.8311462402344,2421700.0
2022-09-21,485.8949205960022,488.65277689458384,473.85466135504527,473.9101867675781,2427700.0
2022-09-22,472.93851374897633,482.1375736076757,468.38523146868766,478.8892517089844,2285600.0
2022-09-23,475.2799711356561,476.2979561173907,468.63516482690505,475.32623291015625,2536900.0
2022-09-26,469.5698893389236,474.3637727763586,461.80525437118877,470.4675598144531,2867400.0
2022-09-27,472.32776007527946,478.2692068231029,466.04386886380934,470.4768371582031,2583400.0
2022-09-28,468.7276883506141,477.78796313867053,463.47104626514175,475.6316223144531,3027300.0
2022-09-29,476.39973650257485,476.39973650257485,465.0165454467763,470.9024658203125,2392000.0
2022-09-30,473.0032823060831,478.0470295117861,467.20988545409983,467.3949890136719,3116000.0
2022-10-03,469.2829039787514,479.2131139036709,467.7281357717019,477.0845642089844,2562400.0
2022-10-04,479.7129443435853,485.48787153245615,478.3062812785066,484.1736755371094,3189800.0
2022-10-05,482.16537120252815,489.89295100660803,481.3602243337698,487.7829284667969,2281800.0
2022-10-06,488.9490091045094,489.180374441178,478.2228872428541,480.43475341796875,2187300.0
2022-10-07,475.844424649648,475.844424649648,463.7116404651818,467.2191467285156,3273700.0
2022-10-10,467.91328820369074,468.5703578878911,458.1218908025869,461.6756591796875,2459100.0
2022-10-11,459.92653321459886,469.05156866774877,458.2699494721833,462.5548400878906,2844500.0
2022-10-12,464.70192817619784,470.3657473141314,461.07410713258207,462.69366455078125,2254300.0
2022-10-13,456.6688923629683,475.19658928341727,451.3844879752608,471.9019775390625,3999700.0
2022-10-14,481.2399035008651,490.4112006542697,473.77142360479144,474.8819885253906,5628900.0
2022-10-17,479.14834335575904,485.2286311152762,476.8717446186411,482.9797668457031,3282300.0
2022-10-18,492.34540186297414,492.34540186297414,479.69436195816047,483.28515625,2345500.0
2022-10-19,482.8502111202915,484.7751866057123,476.2424033138565,481.53607177734375,2500500.0
2022-10-20,484.06255663915925,489.9577410272052,481.03633637978777,482.0543212890625,2390800.0
2022-10-21,479.44453813632634,496.53783983469185,479.39827636273776,493.9465026855469,2896000.0
2022-10-24,497.96288784063427,505.74599125972065,497.7129952546801,501.229736328125,2627100.0
2022-10-25,497.70371195579065,503.3767931010994,494.1037111529355,499.95257568359375,2411900.0
2022-10-26,501.02624489491967,506.8196416912338,499.94347098605743,502.68280029296875,2863500.0
2022-10-27,505.7831852323299,505.7831852323299,499.5270570956296,501.41497802734375,2212100.0
2022-10-28,504.3485850645011,511.7800659379887,503.16402404934564,510.1512451171875,2761900.0
2022-10-31,513.6309946437708,516.4999019294943,509.124002867282,513.7698364257812,2770400.0
2022-11-01,513.63092799957,514.2694984397527,503.6544298885493,506.5141296386719,3338900.0
2022-11-02,503.83033482951856,513.2423164223638,502.59024838509015,502.92340087890625,2696200.0
2022-11-03,501.35935783859634,507.0324396988901,498.01845635395034,503.0899658203125,2245300.0
2022-11-04,506.2735816375895,506.9306794808566,487.8476724170142,498.05548095703125,3513100.0
2022-11-07,498.05551441445266,506.1810921071778,495.5567574948889,504.39495849609375,2540300.0
2022-11-08,506.2735872421709,513.4459122374723,501.6000190262384,511.82635498046875,2797000.0
2022-11-09,512.5019983175706,513.270090545604,499.2308580984358,500.3598937988281,2672600.0
2022-11-10,508.01354290681775,510.57708917823186,494.1501485721245,503.60833740234375,3426400.0
2022-11-11,505.5610947934306,505.5610947934306,471.6614100050642,483.1649169921875,7034300.0
2022-11-14,483.09086735857665,489.5505700765735,475.14112880638913,475.455810546875,5238400.0
2022-11-15,474.58574358262086,478.13027570401334,463.44318311142024,465.5162353515625,5103800.0
2022-11-16,468.18164422692,475.8074365229478,467.79293804276904,473.3919677734375,3430800.0
2022-11-17,473.98424931758507,487.69959298906065,473.98424931758507,476.89947509765625,4246300.0
2022-11-18,483.20192713558953,493.27095221753393,480.74022453544694,490.49456787109375,3566000.0
2022-11-21,489.5782716481959,492.29913002012506,476.9642301179794,478.6393127441406,3349600.0
2022-11-22,481.18429248496943,485.5524421804507,481.1565015362008,484.0995178222656,2567400.0
2022-11-23,485.8671618636238,490.90167338121853,484.0162393422385,490.2261047363281,2238300.0
2022-11-25,494.19634333995657,500.5357307679309,492.8266786660412,497.5465087890625,1419200.0
2022-11-28,495.88988493619195,499.36036439647,492.05846205548465,492.5952453613281,2699900.0
2022-11-29,492.0401046798903,493.2431933444671,484.6179417878897,488.6436767578125,3751000.0
2022-11-30,490.23533645030545,507.2268489766109,488.16231216025153,506.9306945800781,9688900.0
2022-12-01,511.1877927528939,511.7801015445166,495.8621558051289,496.889404296875,2997800.0
2022-12-02,494.6335780880807,499.99920369255454,494.2715220197739,497.7248229980469,2346200.0
2022-12-05,493.3896767751628,501.64240313786405,492.82341874401476,496.6851806640625,2424800.0
2022-12-06,496.1096545440582,501.8373939028337,495.94256478870125,500.6584167480469,3097700.0
2022-12-07,502.0694369338811,506.7759396929952,500.94615644367525,503.9909973144531,2849100.0
2022-12-08,505.8012675183884,511.7703210972553,504.7987289653459,508.64190673828125,2272300.0
2022-12-09,508.65119241653554,509.1710461017446,500.24066803738106,500.5470275878906,2852400.0
2022-12-12,503.00694379279884,506.9337507409688,500.6212265522008,506.7294921875,2714100.0
2022-12-13,511.0926908331942,511.4918591612204,496.7409321413465,499.63726806640625,3369700.0
2022-12-14,503.0813617993929,504.52023763243,493.4640392497551,499.76727294921875,2654600.0
2022-12-15,495.71050474107943,495.78478574394416,487.8012494001955,489.85284423828125,2963800.0
2022-12-16,487.5042395701816,488.11690203043844,478.75018653822013,486.1581726074219,7109100.0
2022-12-19,486.993621846143,489.41656504516794,483.58672449062135,486.0653076171875,1808100.0
2022-12-20,489.2123064882056,489.2123064882056,482.44491615614436,482.9183654785156,2086100.0
2022-12-21,486.0931861538594,490.03852164244785,480.95958125082535,489.7228698730469,2182000.0
2022-12-22,488.7388305533523,491.08749262160313,484.23652945166,489.3051452636719,1851600.0
2022-12-23,486.529399604913,493.2225646972656,485.4154680071203,493.2225646972656,1292300.0
2022-12-27,495.6547830930971,497.4278949055445,491.8672453757495,493.8538513183594,1596700.0
2022-12-28,496.71315483122805,499.57237882937557,489.89930272585923,490.5677185058594,1694200.0
2022-12-29,494.3644631580634,495.4227550289475,490.94827342836993,491.8951721191406,1379700.0
2022-12-30,492.0065247455554,492.47068184437194,487.2164484160814,492.1736145019531,1849600.0
2023-01-03,487.4855645854019,487.9497216132356,475.4453018203032,481.4608154296875,3525600.0
2023-01-04,481.4608792595499,481.4608792595499,464.71408354272614,468.3345031738281,5070400.0
2023-01-05,465.09471153069944,466.09727841258643,453.48149169520866,454.8368225097656,5497100.0
2023-01-06,456.34994797843643,457.53818895302106,452.59028701624663,454.8739318847656,4841300.0
2023-01-09,457.1111703659752,464.1477791018618,453.5185991668286,454.92962646484375,3702800.0
2023-01-10,453.8063760314524,455.3102404154979,448.0786652842981,451.1606750488281,3164000.0
2023-01-11,450.5015679577085,460.07248428403693,450.23234893010033,458.0301818847656,4274200.0
2023-01-12,454.8739582252681,462.97815139404594,450.4366174802666,460.13751220703125,3726800.0
2023-01-13,451.26280493124085,472.97608780076087,451.16070396696716,454.47479248046875,5390100.0
2023-01-17,455.98794733815504,457.60320498400927,449.09984349440333,450.306640625,4495600.0
2023-01-18,453.06373013959904,454.40979705015536,440.7171627161619,442.100341796875,4398200.0
2023-01-19,443.6134946394433,451.5227496194034,443.16792196219524,449.63824462890625,4549600.0
2023-01-20,450.7244053663107,452.07973620494977,444.6625145990232,451.8291015625,3525900.0
2023-01-23,451.7919427766206,454.9667897686719,446.8811811135427,450.98431396484375,3418700.0
2023-01-24,464.3984881194046,464.3984881194046,445.5908326587,456.3592834472656,3036300.0
2023-01-25,454.205529561601,459.84966692195326,450.9100257816275,457.1947021484375,3037300.0
2023-01-26,457.19476458218503,460.86161717323154,455.4123887708395,457.17620849609375,3005000.0
2023-01-27,458.00232785096034,458.00232785096034,449.7403379391479,451.2070617675781,3177100.0
2023-01-30,452.84097439094955,459.74763471341,450.04673941828855,450.9657897949219,3606900.0
2023-01-31,462.30045524188415,469.262811495527,457.7795697806361,463.4051513671875,5567000.0
2023-02-01,464.11066941497944,468.22309428958647,460.1374859965296,461.37213134765625,3451200.0
2023-02-02,458.8286424882136,459.51558601587993,430.6357412688725,437.0782165527344,11169900.0
2023-02-03,441.1628010521033,444.45830538104167,436.0756286500339,438.1828918457031,5440100.0
2023-02-06,438.1642986710559,444.6346497231868,437.2452766864455,441.1720275878906,4174200.0
2023-02-07,437.27313689537635,443.8084485883268,435.4072162528385,442.6944885253906,3394600.0
2023-02-08,441.38558158704166,450.26955583935586,441.0513737224588,448.58001708984375,3466400.0
2023-02-09,450.81722761166986,454.59547318919806,447.818762559324,450.9100646972656,3664600.0
2023-02-10,454.06628072078655,460.128170666665,453.7135168296494,458.8192443847656,3418100.0
2023-02-13,458.5872242397852,464.03642417317,456.50780945454983,459.8404541015625,2589000.0
2023-02-14,458.85639661720666,462.2540297130993,454.02915183694523,457.50103759765625,2072600.0
2023-02-15,454.5490543677645,456.5727725780306,453.37939770920894,456.03436279296875,2242500.0
2023-02-16,455.9414923754409,458.58719338788944,452.33962891483304,452.4139099121094,2611500.0
2023-02-17,452.44175058125336,463.6557729395732,452.41390229021886,463.3030090332031,3891500.0
2023-02-21,461.0936537671398,465.4567133132815,455.3380946536254,456.09002685546875,2877300.0
2023-02-22,457.48245059987227,458.48504565151325,453.6392451149735,453.8434753417969,2982800.0
2023-02-23,451.77339077812513,457.96523061102334,451.04001462969023,456.44281005859375,2511800.0
2023-02-24,454.48403139224644,457.20401339623754,448.3850289265996,449.6103820800781,2940400.0
2023-02-27,453.73214724344626,455.7466016376286,447.4103294468611,448.6728515625,3006200.0
2023-02-28,448.06949564830194,448.71000648038296,439.94674516069654,441.8219299316406,3902100.0
2023-03-01,439.6589027290132,444.1148281713953,438.1643303699606,441.15350341796875,2996900.0
2023-03-02,441.1441972971532,445.9899987108529,439.324709338762,443.4557189941406,2188800.0
2023-03-03,443.67853902197635,444.7553870100832,440.22520869111776,444.25408935546875,2863300.0
2023-03-06,446.8626128805161,449.62899946312615,444.66251270534286,446.3149108886719,3812700.0
2023-03-07,448.3571798396086,449.13696032858394,438.6841338996554,439.9095153808594,2589200.0
2023-03-08,437.93227135599795,441.3113490089059,433.2999920610661,436.8647155761719,3036600.0
2023-03-09,439.97454930321004,439.97454930321004,430.50573263881574,431.58258056640625,2780400.0
2023-03-10,431.12606184892616,436.79962798363846,426.30027388571864,428.8529052734375,3787500.0
2023-03-13,427.28779580886334,438.2063907180822,427.28779580886334,431.9738464355469,2971600.0
2023-03-14,432.87747612025055,437.7125889738071,427.66039543545475,432.812255859375,3258200.0
2023-03-15,429.467819328214,436.81832033108685,427.8374830958757,433.6042175292969,3770200.0
2023-03-16,432.9334462857313,441.019935545785,431.4335506098517,439.74359130859375,2940500.0
2023-03-17,439.1566199731475,439.73422015898717,434.41464640570285,437.3958435058594,5290000.0
2023-03-20,437.86169258798935,447.010213924604,437.86169258798935,444.34576416015625,3119400.0
2023-03-21,445.6779938586065,448.52875062895527,443.19055433936256,447.27105712890625,3163300.0
2023-03-22,448.99458433960825,452.525406138431,442.3521245458266,443.0042419433594,2632200.0
2023-03-23,444.7649864111241,447.80207861276665,434.7593904370016,437.77783203125,3284900.0
2023-03-24,436.9114666709725,444.2712641871727,435.6165003088333,443.4421081542969,2533200.0
2023-03-27,452.348346330429,453.03776486984196,445.8642752680672,448.94793701171875,2271800.0
2023-03-28,449.041137513084,450.7087463785816,438.50451060648413,440.2652587890625,2369500.0
2023-03-29,442.62230426267274,443.33967040894925,433.1570628172595,434.6849060058594,3733200.0
2023-03-30,434.66619497102107,438.2436143736654,429.5515789581981,437.91754150390625,3324600.0
2023-03-31,439.2777867030001,443.45145771660015,437.95490121677864,440.2746276855469,3996700.0
2023-04-03,452.0223529392286,462.2049598695991,450.42926114984084,460.3976135253906,4729100.0
2023-04-04,459.31686241736134,462.1769442283055,458.208231727527,459.5218200683594,2624700.0
2023-04-05,463.3787651241071,476.74749744832303,462.1769666381283,474.4091491699219,4964800.0
2023-04-06,476.0581536582472,479.0765954759523,472.47140845822247,477.744384765625,3472600.0
2023-04-10,475.8811537504618,480.14799235450005,473.3471443824044,479.95233154296875,2714500.0
2023-04-11,480.8466575541888,486.5108697136823,479.9895256842488,485.3463439941406,3065300.0
2023-04-12,489.08215208135096,490.6845690410523,484.4799441587311,485.55133056640625,3422400.0
2023-04-13,488.0853070415924,494.17814195123384,484.9085059219982,490.2466735839844,4224400.0
2023-04-14,486.3059670543254,491.1876500395418,473.72908859602387,476.79412841796875,4872000.0
2023-04-17,473.9340516268994,474.7445570322204,468.3722752863661,470.79449462890625,3660900.0
2023-04-18,469.22936784750783,472.3223266830886,464.0775069818038,469.9839782714844,3232000.0
2023-04-19,466.4157867929329,467.64553264772906,450.5596164867365,452.9538879394531,5809100.0
2023-04-20,452.2738611733216,456.16802852124874,450.21498757446903,454.1277770996094,3283000.0
2023-04-21,456.531344808654,457.174165266175,449.17154810909216,450.7366638183594,3165300.0
2023-04-24,450.35473086502117,456.6990650626139,449.6466900903994,455.506591796875,2322400.0
2023-04-25,458.99078813679023,464.4128263531117,457.03437937070703,458.28277587890625,2937300.0
2023-04-26,452.6465248982741,454.35140662496406,445.65004465350745,449.92620849609375,2930000.0
2023-04-27,449.22745385965686,457.4070813931813,449.22745385965686,456.93194580078125,2473200.0
2023-04-28,455.2736881695807,460.1833186569677,454.7426575868303,458.4411926269531,2398900.0
2023-05-01,460.77023813643666,465.2420341622078,458.18033395511446,461.8043518066406,2105600.0
2023-05-02,461.3851139459372,462.7452720960862,455.8140123804148,459.6523132324219,2152300.0
2023-05-03,460.5932733884345,461.57149219252665,454.65885401401187,455.9724426269531,1749700.0
2023-05-04,453.7458000355834,456.20529205649297,448.99455773930634,453.9600830078125,2555700.0
2023-05-05,460.27651814001587,466.6022306175312,458.38532926704414,460.4814758300781,2329400.0
2023-05-08,458.39460908369597,460.54665040039146,454.9289793061544,458.9349365234375,1738500.0
2023-05-09,459.13992339789394,465.2513526628153,456.7735989570792,456.84814453125,2038600.0
2023-05-10,455.935188795753,459.7268920669228,454.2955556107461,456.55938720703125,2018700.0
2023-05-11,454.6308264746416,456.60585748334887,452.45083780857016,455.3388671875,2384200.0
2023-05-12,455.33888017921737,459.1957745659107,454.3979343029983,457.6399841308594,1536500.0
2023-05-15,457.79832125648784,458.161666908783,450.6248602574633,453.5687561035156,2169700.0
2023-05-16,454.27681955036485,455.7580928506939,446.25558005844647,446.9170227050781,2178900.0
2023-05-17,447.1779338288309,452.20867989824376,444.8861548785842,451.6590270996094,2682000.0
2023-05-18,449.0876891995734,449.55349948955563,441.4856902861703,446.4605407714844,3040100.0
2023-05-19,446.7866256531343,451.6496866577698,445.1376673124959,446.07861328125,2317900.0
2023-05-22,447.58774726530663,449.2274084137497,445.2307485798203,447.75543212890625,2242800.0
2023-05-23,443.6191269787195,450.33613252746994,440.2280424997719,446.6562194824219,2874200.0
2023-05-24,447.74615317507204,450.23359263249273,446.14379307151586,447.95111083984375,1904700.0
2023-05-25,444.9699665000197,448.82686112805106,441.86765387777183,445.0351867675781,2684100.0
2023-05-26,445.37056414566547,454.9942213485968,445.3146691813206,448.5939636230469,3135200.0
2023-05-30,444.0848971850401,452.64649270410774,443.47934948610936,447.03814697265625,3180800.0
2023-05-31,445.42641560705414,454.07185322797375,444.48546974780345,453.92279052734375,4944100.0
2023-06-01,454.4351939173582,464.67369461606233,452.87004979327634,459.8758544921875,3376600.0
2023-06-02,458.3573647712003,466.7605728902487,456.8294932418426,465.4190368652344,3064500.0
2023-06-05,466.46249202586057,468.5120404905194,463.4067772922249,464.1241149902344,2688800.0
2023-06-06,465.71715571155977,465.71715571155977,450.5969708076856,454.23028564453125,3816600.0
2023-06-07,456.44754216271184,456.9040271766763,448.6685041628458,449.1622619628906,4381700.0
2023-06-08,451.26774332030186,458.189677972732,449.4417463639015,456.7084045410156,2725900.0
2023-06-09,456.4847896661561,464.152037791464,453.9135360249848,459.8665771484375,3174100.0
2023-06-12,458.63677399088874,460.63978086823596,455.3015850143554,458.9069519042969,2207700.0
2023-06-13,457.30459272413617,460.835442707425,455.2457191886962,457.7145080566406,3016600.0
2023-06-14,423.55203695445056,429.13243569491044,415.2046952436471,428.4150695800781,14672400.0
2023-06-15,432.16619505174765,441.5300079574047,431.15592708597154,435.814453125,6798100.0
2023-06-16,436.0483586927573,438.2746938776351,428.36833446504056,428.8921813964844,7699100.0
2023-06-20,427.2644338894837,440.11743695272895,427.2644338894837,439.0884704589844,4597700.0
2023-06-21,438.67686930099546,448.4241885508332,437.0304772467765,445.97332763671875,4886500.0
2023-06-22,447.3111063404333,451.98833158188876,447.14273308314506,448.12493896484375,3179000.0
2023-06-23,447.4513435033531,451.14636225297465,445.78625273424154,446.20721435546875,4862600.0
2023-06-26,447.2735925574215,450.2389366012864,442.46539255915366,448.1341857910156,2968300.0
2023-06-27,447.2643712791582,451.9883576262254,446.92759619765883,451.40838623046875,3693200.0
2023-06-28,450.8471030749818,450.9967777135874,443.38226960183613,443.8219299316406,3670100.0
2023-06-29,444.41119062105867,448.742305466367,442.5403006522872,445.68341064453125,2979300.0
2023-06-30,447.1427161507217,450.97804641298217,444.44862994606035,449.6123046875,3970400.0
2023-07-03,447.23625558274034,449.21003080951357,445.5524374716503,447.03045654296875,1915700.0
2023-07-05,445.29981093232794,446.4784805788723,440.21098866305596,440.8003234863281,5053100.0
2023-07-06,439.0511202844951,441.9042161403448,436.52540734348486,439.0604553222656,3913600.0
2023-07-07,434.9818879973511,438.35883045727684,431.0717350813803,431.78265380859375,4131600.0
2023-07-10,430.3046195461979,433.20450421351137,429.51884931881483,433.15771484375,4339200.0
2023-07-11,432.52166804140705,436.37569658829995,431.3710890470515,433.00811767578125,3086800.0
2023-07-12,433.1109508174481,434.8134672379386,422.11947420383035,422.5404357910156,7287600.0
2023-07-13,422.82113066417156,425.5339153947705,418.3122790123225,418.8454895019531,7276800.0
2023-07-14,432.6900142740535,453.6907630767123,430.40752650178416,449.1725769042969,11379300.0
2023-07-17,450.0518970905174,453.31661931230633,447.4232991179754,452.8301696777344,4582000.0
2023-07-18,457.7412630067207,471.85715236803514,456.02941131591797,467.72247314453125,8816400.0
2023-07-19,474.77572938533194,481.4360641945396,470.0423803071839,471.1836242675781,4956500.0
2023-07-20,473.9525405546962,475.8421290716553,468.2182584585724,471.6887512207031,2963100.0
2023-07-21,472.44640294780845,477.46040211289056,471.9506183266866,473.83087158203125,2887300.0
2023-07-24,472.7084165781129,476.8711583113075,471.9974977794616,475.8421630859375,2279000.0
2023-07-25,477.0769119672415,479.4155242808064,474.53250062818233,477.9468688964844,2730600.0
2023-07-26,478.51753794378413,482.5586386024952,473.92449961942947,475.2060546875,3697200.0
2023-07-27,475.7392201903684,477.54462199803726,470.65039764472743,472.6148376464844,3028300.0
2023-07-28,472.59609184676935,474.7195699589,465.178020925104,470.444580078125,2930000.0
2023-07-31,470.52879905491153,475.093774873782,466.84314375266837,473.6812438964844,2441600.0
2023-08-01,474.7383314428888,477.1143697058778,470.0517429174792,472.156494140625,2161200.0
2023-08-02,476.78692482295554,477.5165707205899,470.51943242332993,472.21258544921875,3220500.0
2023-08-03,470.425938592303,473.3351587704763,468.6953596738565,472.26873779296875,2442900.0
2023-08-04,477.07695051500116,477.9188453064068,469.35952925667027,470.2762756347656,2411200.0
2023-08-07,473.09190987042234,480.4444933190853,472.07227832219246,477.7691345214844,2430900.0
2023-08-08,470.5288037779877,475.36506666798374,467.74116758585603,473.20416259765625,2422600.0
2023-08-09,471.46426323485974,473.0825933044181,468.5456795062463,469.6962585449219,1916900.0
2023-08-10,471.90389504670725,478.9851913216548,470.3229908644799,470.9778137207031,2179700.0
2023-08-11,472.98902954178294,477.7036800323079,471.69811095708445,475.21539306640625,2029600.0
2023-08-14,476.28177807112667,480.3509692062324,475.43988334774605,477.9468688964844,2127200.0
2023-08-15,478.5549016539168,480.49130804549293,473.58769139133074,473.9805908203125,1817500.0
2023-08-16,475.20602056136687,477.5446328672791,470.3697577518344,471.0526428222656,1454100.0
2023-08-17,463.4942823149136,468.8730908727109,460.07055031155306,462.0723876953125,3009500.0
2023-08-18,462.8394516478765,468.6017959709165,461.6420832526678,466.26318359375,2364400.0
2023-08-21,465.39320592820945,467.9563158443064,464.18647400199393,465.5522155761719,1533500.0
2023-08-22,463.438070707199,464.7196255026842,459.61207639194197,460.556884765625,2079400.0
2023-08-23,461.174358974359,462.10980392156864,456.4316462406026,457.84417724609375,2011400.0
2023-08-24,459.7056559980762,463.43810036362123,455.75807758733833,456.59063720703125,2311100.0
2023-08-25,458.2932034123213,459.4437824327907,453.3633902452209,457.5448303222656,1923500.0
2023-08-28,458.826389657634,461.2304900581366,457.5541982138361,459.5653991699219,1344500.0
2023-08-29,459.7431284014371,461.11823361290755,456.4690710929373,461.01531982421875,2113700.0
2023-08-30,462.10044195598834,464.6448533632142,458.63931276769415,459.79925537109375,2283400.0
2023-08-31,460.5756823990197,461.9414526410786,445.5431030788907,445.8143615722656,4927700.0
2023-09-01,448.078144648607,449.62162315344676,442.80222126768246,445.4963073730469,3165900.0
2023-09-05,447.14270314363876,453.3166457584724,446.7124064435412,449.77130126953125,3443300.0
2023-09-06,450.96865889800824,451.96959186006825,445.62727615126715,446.151123046875,2596100.0
2023-09-07,448.92005362607074,455.66460414039176,447.70398653468703,453.5130920410156,2928000.0
2023-09-08,450.9399615649239,453.5506209628976,449.58767467373576,451.484619140625,1858400.0
2023-09-11,452.62098276840777,454.36767013835964,448.8834076760831,450.1793518066406,2059200.0
2023-09-12,448.30114524967223,454.17983626835604,443.3615407881636,450.6676330566406,2195200.0
2023-09-13,452.1043805815819,454.5554111068458,450.2543791375905,450.6112365722656,2197800.0
2023-09-14,453.2313578260305,455.7105314790633,449.6158687841534,454.14227294921875,2334300.0
2023-09-15,456.1518925552348,459.98338173588047,454.6493769990925,457.0534362792969,5334300.0
2023-09-18,458.6592516364938,458.96913757894094,454.14224775848925,456.452392578125,1997500.0
2023-09-19,454.29252171293547,456.1425233754631,447.5123156291114,451.38134765625,3230700.0
2023-09-20,453.34401287327955,464.95110838510203,449.95392432705256,462.15264892578125,3724800.0
2023-09-21,464.0871678142235,474.37017663185907,463.04476687856436,470.61383056640625,4703900.0
2023-09-22,468.60417791126747,478.3988435294138,467.6932628319077,475.2716979980469,4558500.0
2023-09-25,477.3001380098725,479.8168830801874,475.7694223514009,479.19708251953125,2758500.0
2023-09-26,477.9386881319682,478.3894599714661,473.65645596199806,474.6612854003906,2420200.0
2023-09-27,475.3937672657787,475.5158244370167,470.529277435124,473.0460510253906,2593700.0
2023-09-28,475.14961369216337,482.83136330368285,474.2480986459597,479.0280456542969,2922000.0
2023-09-29,478.7932912623216,478.8214627129472,473.1118003445478,473.4780578613281,3006200.0
2023-10-02,474.7364186745115,483.4793407509729,472.4920167404763,483.22576904296875,3550400.0
2023-10-03,482.033090060396,482.6716620037436,477.39400044736954,478.4364013671875,3143200.0
2023-10-04,478.4552459619728,480.6433338953667,475.75067183688776,479.51641845703125,2801700.0
2023-10-05,480.4554924025252,486.64409845390685,480.0892635228695,484.78466796875,2790700.0
2023-10-06,484.991230657021,493.9125523383819,484.54983020042556,492.84197998046875,3647200.0
2023-10-09,489.40495612280273,494.7765034313422,488.5597553394603,494.4384460449219,2341600.0
2023-10-10,494.4290463384727,495.96916196735793,491.2173865307568,492.30670166015625,2455700.0
2023-10-11,489.1890327562222,493.57460895887385,488.5410606338528,492.2035217285156,2819300.0
2023-10-12,492.52266690937205,496.3823559680117,490.43792240112504,493.5274963378906,2377300.0
2023-10-13,500.7678389352002,511.29501845261825,499.59398089737743,506.5432434082031,5245400.0
2023-10-16,510.0930363487389,513.4737823920058,503.4630874554863,505.25677490234375,3827600.0
2023-10-17,507.05038951703835,509.3887058346379,502.0074993744989,503.9608154296875,2586000.0
2023-10-18,509.96157503330807,510.8443187445465,502.7869968522259,503.4067687988281,2551400.0
2023-10-19,504.12041265285035,505.5478424484603,497.0115210988785,499.2465515136719,2351200.0
2023-10-20,498.65493424328827,501.87599407793357,494.68261666796826,494.9267883300781,2811100.0
2023-10-23,494.9268722989109,495.63118729727904,488.59738003370956,489.7994384765625,2357700.0
2023-10-24,491.0108485578356,498.3451132480304,490.26899071364176,493.0205078125,1978200.0
2023-10-25,495.1521692675019,499.93208757134505,488.40013487520713,497.9130859375,2380100.0
2023-10-26,493.6778361184935,498.1572402159756,490.69154761440626,496.17578125,2675800.0
2023-10-27,493.9500507766821,495.59345199135925,489.5081904065433,492.7010498046875,2585600.0
2023-10-30,493.0203886607897,499.4249651591816,491.08587285702174,497.7064208984375,2555400.0
2023-10-31,502.4113086443109,503.9889671840345,499.23719149216515,502.93719482421875,2464200.0
2023-11-01,497.6969768996558,503.1906665641134,494.7106891159181,499.2182922363281,2747400.0
2023-11-02,499.59410169953077,504.13930634062007,494.8517255434747,503.4725341796875,2350900.0
2023-11-03,502.00755867460657,503.33164563493915,496.58901034847344,498.5611267089844,2739500.0
2023-11-06,499.24660443099384,503.3692082842467,497.7628315818272,500.96514892578125,2684900.0
2023-11-07,502.74930485239514,506.7780223798083,499.14324500548423,505.0688781738281,2604800.0
2023-11-08,507.10665852151925,508.4214024149707,501.60362594630465,504.03582763671875,1769200.0
2023-11-09,504.8528890049013,507.9612630858969,501.92294365496605,506.1676330566406,1819600.0
2023-11-10,509.6234104792944,509.6234104792944,503.3691201545647,508.24298095703125,2480800.0
2023-11-13,508.18671576800733,511.00397545298057,505.14402716170844,509.52020263671875,1507900.0
2023-11-14,506.19593125686646,509.61416328265943,503.82941443206073,507.538818359375,2454000.0
2023-11-15,507.1536409706649,507.53869852431984,499.31229180643203,505.613525390625,2473700.0
2023-11-16,505.61356947595556,511.67068925052763,504.73082581699305,506.9377136230469,2360300.0
2023-11-17,507.360345414371,507.5951170688553,496.15704894045814,503.62274169921875,2676900.0
2023-11-20,501.10598863769064,503.6697340404974,499.40624417838603,502.5052185058594,2518400.0
2023-11-21,505.0126267247718,508.67503012879314,501.65068059799165,506.7217712402344,2115700.0
2023-11-22,509.89581075183287,511.2387549949793,507.35092281347596,510.6377258300781,2234500.0
2023-11-24,511.7363683898677,514.2343704253624,509.74550971654224,513.774169921875,1135000.0
2023-11-27,513.7741419141477,517.3333160213509,508.5434811521797,510.4779968261719,2675800.0
2023-11-28,512.393687554889,512.5721162533208,507.17236976380474,507.6043701171875,2859300.0
2023-11-29,497.7158540586817,508.85340639524094,496.44811018752466,502.3924865722656,4550000.0
2023-11-30,503.1530040372435,520.1974424959614,501.48146030797824,519.2864990234375,7121200.0
2023-12-01,518.6553714405542,522.6884012244847,513.6989156368475,515.58349609375,3462200.0
2023-12-04,516.6199907739509,520.0216443065797,511.7012064372574,516.6388549804688,2709200.0
2023-12-05,517.4115497820571,520.6436559290626,513.8779613683766,518.504638671875,2645600.0
2023-12-06,515.9604916362889,520.0311927700724,515.5270173791599,517.8168334960938,2239700.0
2023-12-07,519.5316679125457,519.6824665485802,513.0958673902182,516.6294555664062,2511700.0
2023-12-08,518.4668312144275,519.8896984674753,513.114630347981,518.0428466796875,2039900.0
2023-12-11,518.03340000432,518.2595404199063,507.95088471540475,512.3042602539062,3655300.0
2023-12-12,514.3019618169767,515.8944345002492,511.33378229763673,514.2265625,2706100.0
2023-12-13,512.6058383676228,517.7130348448266,507.50807399391186,517.3267211914062,2876600.0
2023-12-14,512.8885559786186,513.4727713148295,498.84846618819165,503.40911865234375,5386800.0
2023-12-15,499.41384725352134,502.71186322595025,492.7801444021704,500.4692077636719,9030100.0
2023-12-18,498.5751328238756,500.7989237987064,494.9190424015408,496.1628723144531,3260300.0
2023-12-19,494.3160351059317,497.17114446934755,491.6682019777504,493.7977294921875,3645600.0
2023-12-20,493.6186837801664,494.54216725779196,486.09922660892215,486.15576171875,3847800.0
2023-12-21,488.93554792638344,490.7635932311581,486.69289262940737,489.8778381347656,2491600.0
2023-12-22,489.8777811434478,492.82715375358686,488.1251353628351,490.282958984375,1759500.0
2023-12-26,489.87779851410664,491.3854397204501,488.0779921544777,490.0191650390625,1390800.0
2023-12-27,489.7553012028289,492.96848528073843,489.387794244447,492.6198425292969,1851800.0
2023-12-28,493.2605982506784,497.4066979245199,492.761214376799,494.6081237792969,2001000.0
2023-12-29,495.62584187897244,497.7554271946423,493.6847261290217,496.0875549316406,2080100.0
2024-01-02,496.4361263098008,508.5162344087016,496.2758955884996,508.2147521972656,3415700.0
2024-01-03,511.7012375228479,515.2348256901155,508.3466867899017,510.74957275390625,2891400.0
2024-01-04,513.5481019198288,517.3172623008918,511.6635217292974,513.94384765625,2994400.0
2024-01-05,515.4328403733846,515.4328403733846,502.92862856570184,506.3680114746094,2815400.0
2024-01-08,508.27129516467136,509.07221873228167,497.5291651839791,505.5574951171875,2648900.0
2024-01-09,506.95213846955113,508.46921192099956,501.60936902458917,507.30078125,2677000.0
2024-01-10,507.04633172123295,509.9674658380213,505.2089118483587,506.6129150390625,2180000.0
2024-01-11,505.18997698772904,508.98737604179615,503.68233588934027,508.53509521484375,2814100.0
2024-01-12,488.9166653606328,497.98149222388383,483.5173610734374,491.41375732421875,6327300.0
2024-01-16,493.4868128614335,494.2312014020156,486.73998293825633,489.1899719238281,3736700.0
2024-01-17,491.1970865148402,500.03571610104586,489.99092739509274,494.6458435058594,3791300.0
2024-01-18,476.07328575165786,487.0132898730683,468.75167252964195,486.5421447753906,7367000.0
2024-01-19,485.2794043799718,487.6822326466671,472.86002768980575,474.4996032714844,6143400.0
2024-01-22,474.85772226575216,483.93198142737157,467.8470809277715,483.38543701171875,5922900.0
2024-01-23,482.92370502161896,488.1817001964703,482.5279592596318,485.7694396972656,2672900.0
2024-01-24,488.01210882991415,491.6210388219306,483.34776092102936,483.611572265625,2918800.0
2024-01-25,459.45123060736773,466.91418092039623,451.3569620251599,464.9259338378906,14671000.0
2024-01-26,464.8128996534255,474.62214389515844,461.6279542384266,474.1604309082031,6212200.0
2024-01-29,474.07559889018665,477.27940850889576,472.2287181882731,475.423095703125,4554100.0
2024-01-30,475.4230740949852,476.8459126484558,470.41008366121923,474.5467224121094,4931200.0
2024-01-31,475.39490095750114,485.2795172624037,475.39490095750114,482.2076416015625,5358100.0
2024-02-01,479.46549079393,480.77528792305253,473.971951798668,477.873046875,4242600.0
2024-02-02,478.91898409476954,483.31003102893146,476.22404798243065,480.78472900390625,3804500.0
2024-02-05,480.53026551363826,484.52559520980884,471.19216689651563,473.9342346191406,3646300.0
2024-02-06,474.8576874155522,481.45371828392007,473.45368433276593,481.1993103027344,2745400.0
2024-02-07,484.3465210386808,490.93311933013746,483.1026912628318,489.4160461425781,4109100.0
2024-02-08,490.58456064184486,492.02623476825295,487.42791141768424,490.07574462890625,3343000.0
2024-02-09,489.03914992620344,490.3583791256334,486.4949550489176,488.3135681152344,2715400.0
2024-02-12,488.31360727641555,489.0391891455739,483.21584252240535,487.7671203613281,3194000.0
2024-02-13,491.87543052903436,496.5209138047142,484.53501137958716,487.0226135253906,3436000.0
2024-02-14,485.52444232567365,488.6057495864999,484.61039095385956,487.10748291015625,1918500.0
2024-02-15,487.4844427543317,491.63991727655343,486.03327902210333,490.82012939453125,2292100.0
2024-02-16,492.1581641892799,493.56216739729956,488.9449798852962,491.4514465332031,2135500.0
2024-02-20,493.95798333033764,495.0510146940529,489.4349442054743,490.98974609375,2600200.0
2024-02-21,493.44904212881846,493.4679063349818,487.67279919646813,491.8471374511719,2095900.0
2024-02-22,493.9485277628415,496.3419241343412,488.6622936143367,496.11578369140625,3186800.0
2024-02-23,496.35127536668097,499.88486299387614,493.91071887319094,496.81298828125,2502000.0
2024-02-26,497.8306848400113,502.0615579516028,494.05209254715663,495.0038146972656,2308900.0
2024-02-27,494.4761838899011,495.25830081099167,482.4996554859878,483.79058837890625,3780600.0
2024-02-28,466.8482523481777,469.77876102541575,456.43595728884554,469.52435302734375,9558600.0
2024-02-29,469.73168789223143,472.7941311934345,463.2298909424988,465.1144714355469,6833200.0
2024-03-01,461.17562825065556,461.74097929922,449.70794520875023,461.2792663574219,7315000.0
2024-03-04,455.3523038134187,458.9330238018482,452.39352755975864,454.0613708496094,5239800.0
2024-03-05,454.55138553582293,455.0319339857389,443.46061142514304,445.8446044921875,5296200.0
2024-03-06,447.06013486406636,452.11079619491585,441.17082150827383,445.3263244628906,5577500.0
2024-03-07,446.64551262271357,453.4205808214487,446.26860232958865,451.149658203125,5102000.0
2024-03-08,452.50247326735814,458.102834509651,449.1346984146184,450.8375244140625,4673600.0
2024-03-11,451.2442979731,463.83561978515723,450.29829315554633,462.7382507324219,4410100.0
2024-03-12,461.77330225188905,465.6992161820619,461.03541970325364,462.92742919921875,4153800.0
2024-03-13,466.8722964105994,469.21839879770744,459.1245144918374,461.6503601074219,3669000.0
2024-03-14,462.33146380676726,463.2396203249365,458.99206804070076,462.5963439941406,3378500.0
2024-03-15,461.13002283920173,464.69645032190266,461.13002283920173,464.31805419921875,5713500.0
2024-03-18,465.5289897356377,465.5289897356377,460.11784087050154,460.75164794921875,2970500.0
2024-03-19,463.23013306068066,466.7965603781628,461.45163960970586,466.68304443359375,2511700.0
2024-03-20,465.87899809698206,467.8939929967458,463.0126046272582,467.5439758300781,3548200.0
2024-03-21,465.69925266190785,469.40760426718805,464.7532478398214,465.14111328125,3693400.0
2024-03-22,468.4615599729479,469.0575187100355,463.32473228081335,463.6085510253906,2847300.0
2024-03-25,464.1099496127683,464.9424384361274,457.93253957052,459.6448059082031,2786100.0
2024-03-26,461.7733071379938,466.7019838435975,459.0298991137707,465.72760009765625,3113300.0
2024-03-27,467.0425842434602,468.9629728447396,464.781618899757,466.4749755859375,2653100.0
2024-03-28,468.27237631806383,469.0953958754588,462.88013740649114,467.98858642578125,3820000.0
2024-04-01,467.77097725735297,469.01024118979655,462.31254015697004,463.258544921875,2928700.0
2024-04-02,434.7838078374852,438.64349468312884,425.3237599248758,433.40264892578125,11867000.0
2024-04-03,437.05417862614473,437.8582884083941,430.9524366623511,434.91619873046875,4460400.0
2024-04-04,435.9378938669433,436.78929232510626,427.51845778995823,430.7916259765625,5182000.0
2024-04-05,426.35488963547226,433.03368096347,425.7116133243379,431.1322021484375,5747400.0
2024-04-08,431.34976432433047,432.5133604987467,429.0982685185899,431.3781433105469,4532300.0
2024-04-09,429.75101000186265,434.9351261032188,428.02927453497983,434.89727783203125,3521200.0
2024-04-10,430.89568824278723,433.9702036367885,425.4940092802478,425.7494201660156,4493500.0
2024-04-11,426.0711063152105,426.4305638806568,417.6422002690789,417.8692321777344,5844100.0
2024-04-12,416.5637209113197,418.3611241311285,412.8175502499597,415.48529052734375,6045700.0
2024-04-15,418.1341435286957,424.14128009769,418.12467424187093,421.5681457519531,5376800.0
2024-04-16,451.02666713380256,453.8457716373521,440.45981041043433,443.5721740722656,11816500.0
2024-04-17,452.75787370131036,461.6503124708516,448.9643854609171,453.1268005371094,8759800.0
2024-04-18,459.88130653688665,474.8943977180935,459.72994230830074,466.5506286621094,8880400.0
2024-04-19,470.16434598369847,479.90818305476733,468.8020968769003,474.07135009765625,6618600.0
2024-04-22,470.90228322469846,472.4537450037274,464.1478237493178,464.7059631347656,4697700.0
2024-04-23,464.48833875478886,467.6196122115579,458.7839311871941,459.9285888671875,3646700.0
2024-04-24,457.6581718536411,462.4638632289986,454.7539303737857,460.98809814453125,3724400.0
2024-04-25,462.5584608097406,470.2873320915844,461.2056809859555,467.1938781738281,4329700.0
2024-04-26,465.43439355347516,470.382009390263,464.866784860552,468.603515625,2727000.0
2024-04-29,468.9440304654754,470.4954921921257,461.43275005765213,462.6247253417969,2192100.0
2024-04-30,462.5585466968699,463.26805037014645,456.53250011767216,457.58258056640625,3367500.0
2024-05-01,453.38226727189436,462.77608795712257,451.3105144613452,457.9703674316406,2729200.0
2024-05-02,458.1312356629641,467.03314492244573,457.80959747267883,466.3520202636719,3561400.0
2024-05-03,464.3559038617401,466.181715073026,459.5502121639734,465.8600769042969,2487600.0
2024-05-06,465.88838792564206,468.14932406326096,465.43429529321395,467.685791015625,2029500.0
2024-05-07,469.21834707373665,474.56326803560177,468.3101906145498,473.9105224609375,3752100.0
2024-05-08,476.9472478850342,479.6244287392009,473.07806288684446,476.0390625,3078900.0
2024-05-09,475.026883384027,480.54207888887635,475.026883384027,479.65283203125,2342900.0
2024-05-10,481.5164514985279,485.8491697242728,479.6244418659207,485.1207275390625,2784600.0
2024-05-13,484.4018102425245,486.88033852657423,479.91775613687054,484.1085510253906,2454500.0
2024-05-14,486.7951800146602,488.2992953553479,479.90823715954053,486.1329650878906,2949700.0
2024-05-15,487.03163117821924,494.3726371193155,487.03163117821924,489.604736328125,2981200.0
2024-05-16,491.92251777650176,499.64189188082185,491.45898464231016,493.12396240234375,3655800.0
2024-05-17,494.70377027268114,497.45661893461374,491.9319830374089,496.3025207519531,2657200.0
2024-05-20,496.3024909183208,496.3024909183208,488.6492868648049,489.3020324707031,2476200.0
2024-05-21,490.3332057014444,496.38760166456996,488.0627711280538,495.2807922363281,2521900.0
2024-05-22,494.59021145360106,497.8634086823156,492.5373973084849,493.1995544433594,2299100.0
2024-05-23,490.33324405226335,492.140087922415,487.41006364085615,488.9237060546875,3055400.0
2024-05-24,488.24248261269236,489.21689519013455,480.11630552509195,480.7312316894531,2527800.0
2024-05-28,479.2933697975371,479.2933697975371,474.79984658829085,476.4837341308594,2912800.0
2024-05-29,465.75597590390095,467.23174100670576,447.7156583634783,458.54742431640625,7521600.0
2024-05-30,456.27705493071454,459.7867247541421,452.1903071507315,455.6432189941406,5169700.0
2024-05-31,456.36216182606745,471.4982380553892,456.36216182606745,468.62237548828125,6694800.0
2024-06-03,467.44935388015693,471.7536641486464,466.4465911072371,470.58062744140625,2795100.0
2024-06-04,471.6401470852222,480.82584553775615,467.8845069038399,478.1959533691406,3178400.0
2024-06-05,481.23264127612674,481.611037412711,471.86717089446205,475.95391845703125,2464400.0
2024-06-06,476.4552953569867,477.4486176846837,470.42924960743403,474.8187255859375,2419600.0
2024-06-07,474.93229038341707,475.7079924314826,463.93971847416816,464.19512939453125,3416300.0
2024-06-10,464.4883502382221,468.6413251090456,459.93806952408545,468.2723693847656,3332800.0
2024-06-11,464.35588262849745,470.9022482702908,463.81668185633464,469.4264831542969,4599700.0
2024-06-12,473.0024005815961,473.0024005815961,461.1016728856643,466.44659423828125,4048200.0
2024-06-13,463.80720768277587,474.8943845077477,458.2257854316396,470.4481506347656,4951700.0
2024-06-14,470.0035130960474,470.9684563886648,465.17891211205256,470.2778625488281,3188400.0
2024-06-17,466.77235847283794,468.4728989100881,464.2738353402528,464.77734375,2407200.0
2024-06-18,466.1833111257991,467.08583979649217,455.096617623378,457.0061340332031,3692700.0
2024-06-20,456.0466418377889,461.63275223080524,454.21308509182404,460.3027038574219,5258100.0
2024-06-21,460.2267163219456,463.8937718385166,456.56914127052374,458.46917724609375,6368600.0
2024-06-24,464.4258235635125,466.3543880938682,460.28375866088385,465.4898681640625,5139800.0
2024-06-25,466.116815467491,466.116815467491,456.5786272429153,460.28369140625,2916100.0
2024-06-26,460.28371035714406,463.0767655319419,457.40515704339305,459.8467102050781,3153100.0
2024-06-27,460.80626147996327,464.53985459580196,457.95620721910234,462.1268005371094,2991900.0
2024-06-28,471.56046649544436,483.9392008332233,464.9483488218406,483.80621337890625,22734200.0
2024-07-01,481.4216150459034,483.4736573774629,468.254379658707,469.9263916015625,4523100.0
2024-07-02,469.555891610644,473.55545915061106,468.7293806146571,473.3369445800781,3312000.0
2024-07-03,472.27296987844943,473.1849790915184,462.2027727179894,465.40435791015625,2239200.0
2024-07-05,464.55882523992074,465.19535008835277,460.28374402605647,463.6183166503906,3499000.0
2024-07-08,464.739278009909,469.19486446426407,461.8702342706518,464.88177490234375,3450600.0
2024-07-09,463.92232992820703,470.6389649099821,461.794298643784,467.5133972167969,3056800.0
2024-07-10,466.401846401621,476.4340343162992,465.6228246715184,475.89251708984375,3189800.0
2024-07-11,472.82399779319576,483.3026957850933,472.82399779319576,479.1510925292969,3535100.0
2024-07-12,481.5831384455437,488.85077036413117,478.26755590304214,485.96270751953125,3570600.0
2024-07-15,498.0374339466506,504.29807816661906,488.11924356977727,489.61077880859375,5128000.0
2024-07-16,507.2146590211824,522.4339087206879,500.7830182811801,521.4364013671875,11062000.0
2024-07-17,526.3099680387368,544.9398069622404,523.7449078611432,544.6263427734375,10330800.0
2024-07-18,536.2852781812792,552.4355877102105,533.3592058662572,536.13330078125,6834800.0
2024-07-19,538.7743031639857,541.4153815249942,533.4731855079199,537.0737915039062,4290400.0
2024-07-22,534.9075668681278,536.047599944749,529.2359878390615,530.613525390625,3377300.0
2024-07-23,530.8605780678348,530.9081253590798,525.1794885470781,526.9750366210938,2785600.0
2024-07-24,532.0100875111657,533.083612505082,525.3789803325838,531.7725830078125,3156200.0
2024-07-25,533.9101646415946,541.4058212607616,530.6611190212512,531.7061157226562,3102900.0
2024-07-26,532.0100549672112,550.1839030908328,532.0100549672112,541.2442016601562,3201900.0
2024-07-29,537.4346706720836,542.7927277950421,533.6820882054799,538.4226684570312,2965000.0
2024-07-30,538.5652624168059,550.4689585789672,537.7007135092658,547.52392578125,4139100.0
2024-07-31,537.1781403169336,551.8654383798099,534.2140890159783,547.3623046875,4713200.0
2024-08-01,548.3504186186972,558.1355927326853,538.7552017231466,544.141845703125,3680800.0
2024-08-02,553.2240465064399,561.9736759407472,546.497902243171,560.3491821289062,5094000.0
2024-08-05,553.0244836167706,557.4895798951808,538.4322207866662,541.4722900390625,4587400.0
2024-08-06,539.8097295412067,548.654394488661,534.4136344504076,539.9426879882812,3216500.0
2024-08-07,538.2897343169421,543.0778625851314,529.1886027930314,537.7862548828125,4320700.0
2024-08-08,536.1617032375603,543.8378656178437,536.1617032375603,537.938232421875,2860800.0
2024-08-09,536.323104768693,537.6436436161435,529.7585063434531,530.83203125,2976700.0
2024-08-12,534.2140582408877,540.5601706855246,533.007516985024,537.0355834960938,2532400.0
2024-08-13,541.5007535556579,546.9538476284821,540.560245007944,545.538330078125,2369400.0
2024-08-14,546.4883873416077,552.0744982527419,544.6168795693084,550.6969604492188,2344400.0
2024-08-15,550.6968913360035,554.1834989771368,544.8448062506656,550.639892578125,2751800.0
2024-08-16,551.884506933514,552.5780595866796,545.4053764333819,548.8064575195312,2728900.0
2024-08-19,549.186416239371,554.1454823177236,548.2268887913497,549.8514404296875,1847900.0
2024-08-20,550.8679299132488,554.6300221756203,546.7353746884647,551.6279907226562,1677500.0
2024-08-21,552.4448825314033,554.2309207065026,548.5687935147528,549.1768188476562,2844300.0
2024-08-22,550.2979099159775,553.8129880069449,542.0992501842962,549.7943725585938,2282000.0
2024-08-23,551.9604714067981,555.960068158365,549.5379370448557,555.2950439453125,2376400.0
2024-08-26,558.6579967866649,562.4961060910574,556.4634578266192,557.7839965820312,1800000.0
2024-08-27,560.0070754877503,562.7336804587253,554.6015288017843,557.9930419921875,1581900.0
2024-08-28,559.5700737380882,563.2086586684782,554.6869676309688,559.12353515625,1657000.0
2024-08-29,561.1565453794271,562.9900729002137,555.1619349723727,562.0020751953125,1953200.0
2024-08-30,560.5106073659773,563.6076752536883,557.2710715721759,560.7006225585938,2944700.0
2024-09-03,562.9046894776918,570.637792005893,562.2396652742207,568.7567749023438,3175500.0
2024-09-04,570.010804247145,577.5539495427288,567.9967707108982,573.9818725585938,2935000.0
2024-09-05,573.9913023654616,575.7108324002809,560.1970242618243,565.7261352539062,2144800.0
2024-09-06,566.0872254646363,570.5903015424628,562.657674373996,567.0467529296875,2926400.0
2024-09-09,568.4148070091791,569.5168024347261,546.5169025391308,564.4057006835938,3411400.0
2024-09-10,565.4602794630325,574.5709203336662,561.6032083967675,569.08935546875,2863500.0
2024-09-11,559.6936352430965,561.840685265089,550.0319101441306,560.2731323242188,3563600.0
2024-09-12,559.1140675225236,560.9950844263178,554.0599652911604,559.009521484375,3395800.0
2024-09-13,561.5365754208716,567.806670130951,557.878971852918,564.6146240234375,2241900.0
2024-09-16,567.2650544368437,570.8783688771724,560.3625444294067,561.67822265625,2548600.0
2024-09-17,558.6942844018015,559.3711518807178,549.522706786437,551.01953125,3416000.0
2024-09-18,549.9706723484768,557.2736475157483,545.6327742289681,553.5840454101562,2988300.0
2024-09-19,556.5108854066959,557.5691889229714,547.7969747420045,550.1708984375,2945700.0
2024-09-20,545.051223021344,551.8584184620044,543.096791798887,548.1973876953125,5398700.0
2024-09-23,549.6179662948906,552.4209259127857,545.3372687231985,546.6815185546875,2386100.0
2024-09-24,544.2121839267211,550.3996540815754,539.6168532116118,548.3784790039062,3188500.0
2024-09-25,550.933569993157,554.0225336037443,546.36686862937,549.4462890625,2658800.0
2024-09-26,548.1973811616377,549.7227766853481,544.2980037511181,548.0162353515625,2751900.0
2024-09-27,550.752481701267,559.3615924687232,549.713322671843,554.7280883789062,2986200.0
2024-09-30,556.301158100035,559.0850310641347,551.7630279454768,557.4261474609375,3009700.0
2024-10-01,557.7311815152938,561.2587237030691,553.6983746697852,556.1104125976562,2648400.0
2024-10-02,576.0934214601748,576.3413112974487,557.0161454481454,564.700439453125,3667000.0
2024-10-03,563.079672695174,565.5775410510074,557.1305493380715,565.1199340820312,2645800.0
2024-10-04,564.5288545358791,568.3424012224558,561.0108553899078,563.6422119140625,2462600.0
2024-10-07,561.3445927784873,564.8244778730129,556.1391380944317,556.3583984375,2591100.0
2024-10-08,560.6485691603373,561.7449871192538,552.5447823738742,554.4706420898438,2231400.0
2024-10-09,555.0235737384512,565.1676221568043,553.5458359966108,563.6612548828125,2207700.0
2024-10-10,567.436801886471,571.0310890805761,565.1296219072088,569.83935546875,2143200.0
2024-10-11,568.6855707756607,573.481133364377,568.4091096066685,570.1728515625,1909700.0
2024-10-14,571.1835190170491,580.2597794532352,569.5341785684976,577.1803588867188,2447100.0
2024-10-15,526.2885146284606,543.144383536766,517.6889484658922,530.3594360351562,11939400.0
2024-10-16,531.0458999761529,549.3223055138827,529.2439852666311,544.7079467773438,5103900.0
2024-10-17,534.4495990484153,542.9251636410356,532.6762553413848,539.6455688476562,5588700.0
2024-10-18,540.4272371014126,544.3361575540631,536.794836038282,543.05859375,3687000.0
2024-10-21,543.0871924488488,552.2778538419337,542.1910066584011,544.8318481445312,3018000.0
2024-10-22,541.3805586197407,546.3286374112685,539.1305802048522,543.296875,2593800.0
2024-10-23,545.4611081555415,547.377424630476,533.8965234477944,538.3202514648438,2911900.0
2024-10-24,538.6539728915345,545.0512189600205,534.1921298651349,534.6688232421875,2590200.0
2024-10-25,539.7694752791297,544.8605866795766,537.3383504411547,538.2440795898438,2513700.0
2024-10-28,539.8552027979595,541.8382633681331,536.5755503200241,538.8922729492188,1826500.0
2024-10-29,536.585146324685,541.2185920392432,534.5257983248079,535.9273071289062,2600300.0
2024-10-30,535.0883156320617,543.7259972948832,534.8023112439106,536.7186279296875,2323600.0
2024-10-31,534.7355125369068,541.9526565092079,534.7355125369068,538.186767578125,2490000.0
2024-11-01,538.7779209904292,543.7450869569424,537.6148170748394,541.1041870117188,2548300.0
2024-11-04,540.322358411915,542.0861586862602,529.530014197538,531.7705078125,2656600.0
2024-11-05,532.2568035985682,542.2291921530567,528.5576582082637,540.5989379882812,2608100.0
2024-11-06,575.7502821964858,577.2756777220197,563.3085385440312,568.8763427734375,6591300.0
2024-11-07,570.7831235149234,579.3159466824958,568.3615420851443,577.22802734375,5254300.0
2024-11-08,580.612420264334,590.9089835669627,576.9895629417551,587.10498046875,3875800.0
2024-11-11,588.144345957129,601.3296436334028,585.3032136960227,596.1051025390625,3003200.0
2024-11-12,590.6993497750459,595.3709097059754,585.1697185353202,586.0181884765625,2809400.0
2024-11-13,584.4261318154682,584.4356749942685,574.949464316174,577.6284790039062,3409400.0
2024-11-14,575.3497233614548,577.7522762001488,561.5351609191642,565.5012817382812,3079200.0
2024-11-15,564.328658983197,571.0119092952492,562.4505150495102,564.6242065429688,3423900.0
2024-11-18,561.9642575910776,566.4451867096537,558.0363090505656,562.1644897460938,2577100.0
2024-11-19,555.5574699700705,559.485476709515,549.884865656366,550.1041259765625,3198300.0
2024-11-20,555.5480583749345,574.5490508359437,554.4420970702151,572.5087890625,3928600.0
2024-11-21,572.0320481310365,575.8455951185767,568.9144548478874,569.6390380859375,2722900.0
2024-11-22,570.6591214857447,573.2332771265321,561.230113376652,563.3275756835938,3197900.0
2024-11-25,569.724830853977,581.4133609089213,567.2746200935594,577.5902709960938,5146200.0
2024-11-26,579.8879766943154,580.1072370370155,570.9642902308284,578.5055541992188,2693600.0
2024-11-27,582.5479214498957,588.6686479620755,578.4197406165681,580.0214233398438,2269800.0
2024-11-29,580.4217662094192,587.0764444274648,578.3433903477711,581.7565307617188,2010800.0
2024-12-02,585.3794478470995,585.3794478470995,572.7661601242579,580.1549072265625,3364900.0
2024-12-03,582.3763400438435,587.0479589329985,576.6274475380006,577.018310546875,2329900.0
2024-12-04,582.5384103260737,593.7979058971287,578.6771473057739,582.319091796875,4147600.0
2024-12-05,577.4092302209235,580.6030529168329,547.1391975016421,551.9823608398438,5943700.0
2024-12-06,554.9758891763499,554.9758891763499,518.7758259868477,524.0003662109375,13003600.0
2024-12-09,528.288009469148,538.7963283565504,521.2441833620846,536.5377197265625,7684700.0
2024-12-10,537.8584060838397,543.3614057902136,533.10192828906,540.911376953125,5360600.0
2024-12-11,531.7907056926853,534.1258939065568,509.7882874486305,510.61138916015625,10363000.0
2024-12-12,508.697361592264,511.0612310081688,492.102201535203,493.6047668457031,9403800.0
2024-12-13,493.48989072929646,504.86915118802494,488.78122417925243,498.1219482421875,8202900.0
2024-12-16,495.7484980576495,499.2895704407204,474.77009316536606,477.0861511230469,8880000.0
2024-12-17,466.0801922421413,474.31077232019095,455.380452744002,464.66375732421875,14132700.0
2024-12-18,467.4486951133283,484.780766061991,465.12308668947605,478.25372314453125,10147600.0
2024-12-19,478.65573797785754,482.01494071719804,465.35281029969497,468.2335205078125,7418100.0
2024-12-20,468.2718011156109,481.04833710413135,467.7358591163805,478.6461486816406,10956900.0
2024-12-23,479.2491264681387,486.9246050489568,477.61256100633113,484.58941650390625,4286000.0
2024-12-24,482.73275551103086,484.3597412109375,479.0864219618522,484.3597412109375,1824400.0
2024-12-26,483.9290402871706,490.21679388970983,483.0485766222513,489.1927795410156,3387000.0
2024-12-27,487.53708799601225,491.13555151373635,485.9866530707371,488.08258056640625,3471800.0
2024-12-30,485.08701015628486,487.8337492843987,479.1533585213575,485.98663330078125,5408600.0
2024-12-31,487.4700450606351,489.0491607756265,481.7182050760319,484.12994384765625,4214000.0
2025-01-02,486.1780543467057,490.1114887593359,481.6703880443052,482.8379821777344,4234900.0
2025-01-03,484.5989542847071,494.11193925921845,483.67062097466163,490.9632873535156,3019500.0
2025-01-06,490.9632894322686,497.94969492866494,487.9198982734536,491.6044921875,4444800.0
2025-01-07,496.5619835525128,497.18408517647435,489.25976637311146,492.15960693359375,3914500.0
2025-01-08,492.39887000252276,502.1319858293564,487.62323238788747,501.98846435546875,4141700.0
2025-01-10,504.0173261349654,512.4488757499377,496.19823987265306,498.3229064941406,5467500.0
2025-01-13,512.056470531481,523.8855711376139,510.2381231520407,517.8944702148438,6472500.0
2025-01-14,516.4685373780145,521.1580153823141,513.5016675418591,520.3828125,3978300.0
2025-01-15,514.0279561139679,522.8231867718822,511.3769857751324,520.0764770507812,4103900.0
2025-01-16,507.5679892499358,516.6503809959391,488.09217768224795,488.6568298339844,9059900.0
2025-01-17,483.9002532751805,499.40436720609125,481.20138402237126,487.8624267578125,7495700.0
2025-01-21,491.9682046041321,502.4478427206806,490.79105977915685,502.4382629394531,5682100.0
2025-01-22,499.25122827755627,501.91183693561766,493.8343884012058,497.3945617675781,3756100.0
2025-01-23,505.1945943051092,508.6495076398312,497.01188330744475,507.01300048828125,4580800.0
2025-01-24,505.42417852436773,511.6641202163453,501.97884563216917,509.63519287109375,3671200.0
2025-01-27,516.7842702311325,528.201790846368,516.7842702311325,520.1722412109375,4263000.0
2025-01-28,519.6842020130431,523.0242744930464,514.7363034572775,519.1769409179688,3162700.0
2025-01-29,518.4591801580455,520.1340063592676,511.0708320401824,514.985107421875,2737600.0
2025-01-30,516.2962160559227,523.6080422331222,512.0182597557855,522.1342163085938,2924700.0
2025-01-31,519.9043060686779,525.5699872817185,518.1529000928797,519.1865234375,4120500.0
2025-02-03,518.717558469015,530.115920444961,517.8275150554074,524.632080078125,4083600.0
2025-02-04,521.7800262809642,525.2349386240272,518.2485341170891,522.019287109375,2869900.0
2025-02-05,507.9316718371925,517.4734257901581,499.4905412610567,516.6216430664062,4621600.0
2025-02-06,514.7841275786258,515.942112796147,502.7062436255392,507.27130126953125,3926800.0
2025-02-07,506.4673622361126,509.52033291781714,502.82102933906776,504.3905944824219,3349100.0
2025-02-10,505.00309269416937,511.2142952375446,500.8973973892168,510.458251953125,3143100.0
2025-02-11,512.0181812569982,524.0194835795464,505.57729834203656,510.98455810546875,2631900.0
2025-02-12,516.6598642456339,519.0524727832415,502.93589438536253,504.7447204589844,3859200.0
2025-02-13,508.0943934127043,511.3770454523883,504.4575815545851,508.3623352050781,2835100.0
2025-02-14,506.276010039654,510.2956044107195,500.4475894396142,501.0218505859375,3705300.0
2025-02-18,488.99177267842947,493.8344100998536,475.6505849217582,479.2203674316406,8759300.0
2025-02-19,479.79458094861525,489.8722473300854,476.7511897807977,489.0874938964844,4380300.0
2025-02-20,483.48879900298374,486.5896105385031,478.7514220844743,480.8377990722656,4144300.0
2025-02-21,420.66843441703253,449.52331763880807,419.6635504828002,446.38421630859375,19864900.0
2025-02-24,446.6330192158042,447.89632354822794,437.3688458579918,441.6946716308594,6919300.0
2025-02-25,440.9769000392206,450.53778396734697,430.73655264595436,450.1741027832031,9101000.0
2025-02-26,444.6901838226656,452.72934206866586,438.5172717795962,443.67572021484375,5108400.0
2025-02-27,446.14496281111104,454.9784552588532,445.0443394662692,448.4322814941406,4216800.0
2025-02-28,446.93928495082304,455.8971974993831,444.52754600466795,454.5573425292969,6146300.0
2025-03-03,453.9926864879923,456.7681065892119,445.22616517845296,446.98712158203125,5700200.0
2025-03-04,449.57116440500977,458.6247873400197,446.42248325026156,454.2223815917969,5864100.0
2025-03-05,450.83448231121486,458.5003807795318,450.777062038542,455.5335693359375,3637100.0
2025-03-06,455.55273539729325,467.15209869274827,451.72456115025716,466.769287109375,4964000.0
2025-03-07,463.0463368317312,478.44519221837675,462.6061050061744,472.2818298339844,5434100.0
2025-03-10,473.1468099431927,478.5003307105393,459.14308746127705,461.5555419921875,5108900.0
2025-03-11,463.7469320899762,467.8509617379518,458.5952704053455,467.14935302734375,4101000.0
2025-03-12,464.3620789782625,468.64872641277975,460.20997498883145,462.41094970703125,3680800.0
2025-03-13,460.8154686213413,465.24627998025414,456.53841281084254,462.80499267578125,2876600.0
2025-03-14,462.3052022026116,470.42679181173037,459.6524644213674,469.6578674316406,3915900.0
2025-03-17,468.5622203388484,481.1530462172392,467.06285436659016,479.6248474121094,5152300.0
2025-03-18,482.7196892325466,486.3047278180126,478.471495503871,484.21905517578125,3617600.0
2025-03-19,485.4109077911811,486.6699904249576,480.62445203958976,483.6424255371094,3317600.0
2025-03-20,485.6126751179609,494.3974489211179,483.9403123027329,491.4275207519531,4965400.0
2025-03-21,491.79276669047175,498.8282707275684,485.458900645518,496.7618103027344,10244900.0
2025-03-24,495.06071329939414,498.10749039922314,491.25460310793136,496.4255065917969,3840900.0
2025-03-25,498.13629459878575,498.82828255510526,491.64861419362575,493.4747619628906,3015100.0
2025-03-26,495.17601707239777,502.6248020906111,492.91731803040346,498.0594177246094,3253800.0
2025-03-27,496.22360387832566,500.8274709829972,493.0134507730525,495.6757507324219,2822200.0
2025-03-28,496.7810641100203,500.7313086893422,495.03179411223596,495.9833068847656,2379100.0
2025-03-31,499.0012593184529,507.5937947387414,498.4342234321632,503.3936462402344,5238700.0
2025-04-01,505.3063120253093,507.6418593682081,500.70250372341405,502.78814697265625,2962500.0
2025-04-02,502.62479840118885,504.5951104331501,496.713803642369,502.8650817871094,2378900.0
2025-04-03,509.3911406258622,527.1817313185994,508.7183354348925,519.4349975585938,6457900.0
2025-04-04,519.6272243696047,530.2957826487061,504.4413269526834,504.64312744140625,9919000.0
2025-04-07,493.4459956625975,508.6318942547457,484.01724840640225,504.3067932128906,7356700.0
2025-04-08,559.5430812993766,562.2727262902404,526.1821745798918,531.583740234375,11762300.0
2025-04-09,538.3693495397179,566.492126011833,532.9101181292106,556.0157470703125,12691900.0
2025-04-10,557.6881665479655,578.487112322943,557.4575038634719,571.2978515625,8646000.0
2025-04-11,566.0307678609522,582.7929397346684,563.7337032033856,576.1707153320312,6121500.0
2025-04-14,571.8744444886884,572.479963299417,556.7750157684902,564.2430419921875,4839300.0
2025-04-15,569.2216671243757,569.8175651725213,559.3892906670426,560.9078979492188,3871300.0
2025-04-16,562.5707202706009,571.6918686590175,560.3024590759666,562.3015747070312,4192100.0
2025-04-17,463.2183100625372,470.75359331297966,429.72280114240255,436.4603271484375,29120200.0
2025-04-21,432.2794023120436,435.8740321325361,408.29911031108503,408.79888916015625,13029900.0
2025-04-22,408.1357075756823,414.72906872591864,400.90796552007157,410.57696533203125,10156900.0
2025-04-23,410.4712970982419,421.7934487263773,407.2803267903852,411.3266906738281,8345700.0
2025-04-24,410.95183433645883,413.1912623586536,407.18417832421324,407.7608642578125,7629100.0
2025-04-25,407.09771809019946,407.09771809019946,396.00622887389494,402.36895751953125,9263800.0
2025-04-28,403.435803041004,407.6359519138755,399.39903044415905,403.67608642578125,6614300.0
2025-04-29,404.8198564799106,405.35808894028474,393.19975497232934,393.32470703125,9909100.0
2025-04-30,393.13245612074945,397.1980616104099,385.41455486125045,395.44879150390625,9192800.0
2025-05-01,395.33340731231164,395.9773502812816,384.3187971458944,385.10693359375,9316800.0
2025-05-02,384.41498062124424,386.37570134836074,377.83120969466114,384.3765563964844,11392900.0
2025-05-05,383.6076247060655,393.77643427420776,382.137091521285,389.07647705078125,8157200.0
2025-05-06,387.1445639654861,388.9899532003789,378.12915632971783,379.1767883300781,7858600.0
2025-05-07,379.98414135713045,380.14751762920315,370.7092087954826,375.8608703613281,8517200.0
2025-05-08,374.84208904088445,375.72634482344245,370.392035957441,370.5650329589844,7218300.0
2025-05-09,370.6803867830438,371.5261596632456,363.82749992197813,365.84588623046875,8381100.0
2025-05-12,366.19190855120667,372.1605401076942,362.1935891795326,364.02935791015625,11004800.0
2025-05-13,322.6909045025759,328.7076087148276,297.0863270760972,299.2777099609375,59478300.0
2025-05-14,308.95639472248365,310.38847434140655,295.17371365468586,296.03875732421875,40029600.0
2025-05-15,264.2155928928031,265.89757651531465,239.20690981913114,263.6869812011719,121849200.0
2025-05-16,268.4349835596553,283.0441951679507,258.6794843961571,280.5644836425781,71094300.0
2025-05-19,292.9246581980693,303.9969353423754,285.69694454223344,303.61248779296875,62524700.0
2025-05-20,308.4469765281657,312.0223943307246,300.4310973056244,309.081298828125,41487000.0
2025-05-21,289.30119915806216,297.9129475713515,288.4073519942358,291.2042541503906,45506900.0
2025-05-22,282.46754582259956,293.7896975770974,281.1315561433609,285.1394958496094,27159600.0
2025-05-23,284.5916138990537,288.0517001061704,280.3049670229542,284.08221435546875,16873600.0
2025-05-27,287.85949422545355,288.2920160495313,277.89254414347016,283.5343933105469,20144600.0
2025-05-28,282.5732538613015,291.9731384797555,281.8812365561376,286.52349853515625,16114200.0
2025-05-29,285.2644296561532,291.5887049238845,283.53440097600566,286.5812072753906,16221100.0
2025-05-30,286.38894351898296,293.76085019866997,284.34172451847985,290.1758117675781,16309300.0
2025-06-02,291.33876752327063,301.3633823965458,289.2723364660184,292.8765869140625,19074400.0
2025-06-03,291.3195392437919,293.83770405735305,288.34964055922416,289.5126037597656,12805700.0
2025-06-04,291.74247719436215,295.6831304969881,288.53229475380886,288.7052917480469,11255600.0
2025-06-05,288.70529021508247,290.66601080043796,282.67896429791637,284.34173583984375,13529000.0
2025-06-06,285.67775554361003,292.5594757611877,285.6008484286258,291.4349365234375,12589000.0
2025-06-09,293.18423113536943,295.45249258110266,289.4358155834959,291.4061279296875,12170300.0
2025-06-10,291.99237947665404,293.2610828835413,288.9071487961751,291.9827880859375,11384100.0
2025-06-11,290.9159169259242,299.4700002736276,290.4834243960088,298.4896545410156,14711400.0
2025-06-12,299.29697870953794,306.40936104446837,296.51931802926106,306.12103271484375,15957200.0
2025-06-13,303.62205888882886,305.0830005429797,299.78714570961483,301.34417724609375,13762400.0
2025-06-16,302.97039806860215,303.2317357010185,295.02348311881036,297.801513671875,14240100.0
2025-06-17,297.59817485267956,300.0180655913103,295.72999675229846,298.97265625,11593900.0
2025-06-18,297.69499281341933,301.7991482267862,296.41731275631173,297.3562316894531,12205600.0
2025-06-20,299.5825034578706,299.6696159884273,291.925964848967,292.33251953125,16177900.0
2025-06-23,292.2260435372798,292.7777857979995,286.0504767193086,291.0451354980469,12274700.0
2025-06-24,291.79048143829215,296.02044636611373,289.73838896663904,295.82684326171875,8781400.0
2025-06-25,294.62655540829627,294.62655540829627,290.19329883018656,292.3421630859375,8722100.0
2025-06-26,292.8746181391438,296.88194286425545,291.63563494639317,292.9230041503906,6532700.0
2025-06-27,293.2424011840946,300.50207413428984,292.5164338890751,299.2049865722656,15304400.0
2025-06-30,299.0985567025638,302.37025437925263,296.52378888327434,301.973388671875,10074100.0
2025-07-01,301.97337514887994,316.086167204606,301.11187972858636,315.6893310546875,17865500.0
2025-07-02,310.46230840679226,312.0884975153165,296.6108554835377,297.70465087890625,18177200.0
2025-07-03,299.9116360132998,302.24441470437955,298.353240239831,298.6629638671875,6161100.0
2025-07-07,298.13056853372433,298.72100775339504,291.5484768884641,293.97802734375,9031200.0
2025-07-08,294.4813999149907,298.42096019622454,294.06515619345305,297.8402099609375,9613800.0
2025-07-09,293.4747009246444,293.8715665902226,289.17697217995004,293.20367431640625,12816700.0
2025-07-10,293.3488924259214,295.15896634160794,287.0959017518167,289.91265869140625,11355600.0
2025-07-11,290.4062814720168,294.37490879731246,288.4510200909225,294.3555603027344,9808200.0
2025-07-14,291.97439474315456,294.29748429123725,289.4189755624832,290.9483337402344,10681400.0
2025-07-15,290.10619990897203,291.0451187841121,281.70434557577727,282.362548828125,16019000.0
2025-07-16,283.17562873088633,286.50540105981344,281.4333190530525,283.1175537109375,9714000.0
2025-07-17,282.9626769934472,283.6112207687756,274.73504772199806,278.8392028808594,14792700.0
2025-07-18,278.66497651011,278.83920156904384,271.81182879520304,273.5928649902344,14979700.0
2025-07-21,275.5191342552319,277.3195190480126,272.18936175060793,273.0992431640625,10319200.0
2025-07-22,273.57351724569526,277.90994293601125,272.9636999980735,275.993408203125,14600300.0
2025-07-23,278.2874614187549,283.2627714297771,275.81918444639285,283.1369323730469,13111100.0
2025-07-24,274.02850278513876,279.9427030741899,269.30487013663816,269.6533203125,22585200.0
2025-07-25,271.9957274738772,276.97103716614816,270.96969613199025,272.0538024902344,16486600.0
2025-07-28,274.41564910755665,275.86758375891935,270.7277374562702,273.0798645019531,15779400.0
2025-07-29,257.18601893332965,264.16497607929324,252.20102000367157,252.70437622070312,41706000.0
2025-07-30,256.3148506594471,258.0862274672673,249.84890880133145,257.51513671875,22371800.0
2025-07-31,253.02380237671227,253.02380237671227,239.81120314660248,241.56320190429688,29606900.0
2025-08-01,242.57954172011858,243.43134803536628,227.08256585741847,230.15098571777344,39989200.0
2025-08-04,230.60592672279046,234.48742637893756,229.3572547570296,233.25811767578125,17427900.0
2025-08-05,233.43235946531811,243.99276690414746,232.35792731426645,242.95704650878906,23795900.0
2025-08-06,242.60859617797857,245.04785048851582,237.4493866942283,237.90432739257812,12946400.0
2025-08-07,238.5238187510302,240.77915897734994,231.82556211085551,236.82989501953125,11369900.0
2025-08-08,236.9460756355064,243.03453056140253,236.53953565987362,242.85061645507812,10185700.0
2025-08-11,245.73509198077002,250.11993338823706,244.0605315072611,244.2831573486328,11779500.0
2025-08-12,245.88029577168413,254.45639030742743,245.5415051142286,253.18836975097656,12171800.0
2025-08-13,255.91802965621497,263.4680784353771,254.4660949264001,263.1002502441406,19480300.0
2025-08-14,263.3809350568843,265.0748587099922,258.44435164560446,262.79046630859375,25011100.0
2025-08-15,292.04214547519825,300.3568882122322,285.2664500185539,294.2684631347656,68198500.0
2025-08-18,303.144607228976,306.26142831638623,297.56919791921246,298.6048889160156,39600500.0
2025-08-19,299.0017389123798,300.5504751269292,289.62223862978476,294.4910583496094,22348600.0
2025-08-20,296.5818475525214,297.3562304289715,286.2247313597963,290.2320556640625,16679000.0
2025-08-21,292.60351581267986,296.7463675613182,288.25737197412775,293.6295471191406,13359000.0
2025-08-22,296.2914433660137,300.72467043244717,294.82013081495717,297.56915283203125,14930000.0
2025-08-25,298.6048422508442,298.9726703868578,293.02943381239066,295.0911560058594,8917100.0
2025-08-26,294.558837534067,299.05982931112885,284.7728115850861,290.80316162109375,16303200.0
2025-08-27,290.90963766752935,296.1656340638053,290.8709111386949,294.1426086425781,9982800.0
2025-08-28,294.5007324006538,294.71368398857857,289.80613798937037,292.6035461425781,11235000.0
2025-08-29,292.6132063128697,300.0664823682122,291.2677622848226,299.9406433105469,12065400.0
2025-09-02,298.43064853983117,302.8639055904262,297.4530030798271,298.9049377441406,10957100.0
2025-09-03,298.23704589125555,299.6696320631885,293.9683839665728,298.0144348144531,9654600.0
2025-09-04,296.29147376822226,301.9152983513664,294.3555608779231,300.434326171875,7725700.0
2025-09-05,300.49238696650144,307.75205996136344,298.3241740847352,305.2837829589844,14126700.0
2025-09-08,309.46533238224737,311.34317016147895,303.74470651331217,309.988037109375,18438600.0
2025-09-09,321.8455217832889,340.4399570413705,316.6766378503889,336.77142333984375,46408900.0
2025-09-10,334.4869997656987,337.40055788261776,330.4602977348384,335.66790771484375,17804300.0
2025-09-11,337.8168179729651,349.41294745916144,334.7580718929745,342.2790832519531,18943500.0
2025-09-12,344.495681833989,350.7002859924791,341.16590940666066,341.2143249511719,14016200.0
2025-09-15,342.1494399462258,342.5877505388127,333.64585773745233,338.8668518066406,11035900.0
2025-09-16,338.48696271238384,339.9870283668348,329.54506965181656,330.9671936035156,12695800.0
2025-09-17,328.93138396387235,334.1036568566598,328.93138396387235,332.74969482421875,8467700.0
2025-09-18,334.6199155242764,335.98359800045245,325.45397763912206,326.1358337402344,11255600.0
2025-09-19,327.7722315420273,332.11654462342204,325.1812201416126,327.9573059082031,13656800.0
2025-09-22,325.78516527282153,333.5971710589619,323.9734220131043,332.44775390625,8903700.0
2025-09-23,332.15554257109517,343.5520936054497,331.14250854611834,338.6720275878906,12504100.0
2025-09-24,341.1169531409808,345.30541311628707,338.8181484734079,342.6851806640625,9016300.0
2025-09-25,339.850626873286,341.10717665927905,334.68810407199413,336.5972595214844,8104900.0
2025-09-26,338.9057887667535,340.8928859402125,332.44774524754814,335.1556396484375,6774700.0
2025-09-29,335.0582538691371,336.5875104266321,332.5938752825687,336.22711181640625,6878900.0
2025-09-30,334.8342081470359,340.25974703220817,333.4510253931927,336.343994140625,7429700.0
2025-10-01,334.98033264658636,339.65585389960705,332.7692198568235,339.2662048339844,8825500.0
2025-10-02,338.2824047650262,345.87033541468,335.7108637419195,344.5456237792969,8564200.0
2025-10-03,347.98404588176226,358.4552243092751,347.3606312231566,350.8575439453125,13494800.0
2025-10-06,351.6660223866534,353.11736698651845,347.8476817099931,349.4646301269531,7181700.0
2025-10-07,350.0880452744822,355.2603182962649,348.77305405811995,354.2278137207031,7236200.0
2025-10-08,357.41297053467343,364.9132683871306,356.3122744619989,360.325439453125,9438300.0
2025-10-09,362.85800183233414,366.4620474561767,356.58503263175186,358.1532897949219,8759800.0
2025-10-10,359.81892450880235,359.81892450880235,343.36701323281136,345.3053894042969,13141900.0
2025-10-13,345.53914239238424,349.8445144711653,344.15598940570504,349.35748291015625,5659400.0
2025-10-14,345.7437279807031,352.9322890785681,344.233912258217,350.59454345703125,5974800.0
2025-10-15,350.0685974010841,354.7733097077772,346.6204052543966,351.7829284667969,6579600.0
2025-10-16,352.4550184254314,352.6108721017735,345.2079859687916,347.41912841796875,5872100.0
2025-10-17,341.89616210225205,349.0945029745603,341.7305582890092,347.3509216308594,8608400.0
2025-10-20,349.2406127602151,356.0882755673564,348.2373288971846,355.02655029296875,5996500.0
2025-10-21,355.6694476256362,361.42613492221096,352.12384334393215,355.8934631347656,6885300.0
2025-10-22,354.52001185010187,354.55898269896664,348.71460386326936,352.11407470703125,7833000.0
2025-10-23,346.3573617095742,352.883596703336,344.4677065470185,351.10107421875,5756700.0
2025-10-24,351.9972042484119,355.9421779366814,350.6919631630593,353.097900390625,5462100.0
2025-10-27,354.0719530807468,356.7214060232403,352.0264145317695,356.4876403808594,7766400.0
2025-10-28,370.8063444379755,371.11805177319127,349.3282643556941,358.29937744140625,18858700.0
2025-10-29,354.83175503456454,356.65324853286586,344.70150330785884,346.04571533203125,11874900.0
2025-10-30,338.50643293984757,345.34437563613955,334.6881218381804,335.80828857421875,11441900.0
2025-10-31,335.4576347488759,337.29859871206804,328.37617636506985,332.7010192871094,8390800.0
2025-11-03,330.33406235236964,331.8633487318257,318.1290514761847,325.132568359375,11181400.0
2025-11-04,319.13231385848337,327.7722492229931,318.7134738391959,322.2492980957031,9646600.0
2025-11-05,317.8367876317881,321.64537803964885,315.8107493995538,319.23944091796875,9697100.0
2025-11-06,320.3888776178953,323.7493777886428,313.1126243976539,313.2197570800781,7922100.0
2025-11-07,311.36901958064186,316.13217276573664,306.011672436569,315.8009948730469,9402900.0
2025-11-10,311.6904400245728,315.83995831851723,308.94360469051406,313.23919677734375,9283800.0
2025-11-11,314.9146147475993,319.35634047798845,311.583335312832,318.9570007324219,7157800.0
2025-11-12,319.9310727655453,334.2692843856479,318.59658119983766,330.265869140625,10403300.0
2025-11-13,329.5742822700864,330.23663809697223,322.69739861047674,323.8954772949219,7788700.0
2025-11-14,318.46997066807813,319.6972700691676,312.1775010814912,313.511962890625,8676500.0
2025-11-17,312.28466777678454,319.37584668173463,311.1450007536453,312.20672607421875,6485400.0
2025-11-18,308.7877755793916,309.2650570211989,300.761474830703,305.44671630859375,9182100.0
2025-11-19,305.7876433202538,306.829898044689,296.63145548254266,301.07318115234375,8181100.0
2025-11-20,302.74857892876855,306.58639029095536,301.9595901197654,303.45965576171875,7337600.0
2025-11-21,303.82004331141417,315.4406096571707,303.36223243791255,311.6709899902344,8406300.0
2025-11-24,316.1127181611407,317.39848867487115,309.3819381150768,310.77484130859375,10773800.0
2025-11-25,312.79118241672165,319.4927422543219,312.576887315192,317.8173522949219,6149100.0
2025-11-26,318.1192531852973,326.4962014988301,317.4374268746658,321.1583251953125,5504200.0
2025-11-28,323.0675099624138,323.44737910035457,320.3596158297967,321.2167663574219,2464500.0
2025-12-01,318.6745269453515,321.49930434100474,314.6516410865056,314.82696533203125,6154600.0
2025-12-02,314.9828000615735,320.1745733636284,314.42757692476715,316.1224670410156,7978100.0
2025-12-03,317.5446185401456,332.5549367443995,316.5803054378969,330.8990173339844,9770000.0
2025-12-04,330.59701814015074,332.4087910072381,320.19403111638314,324.8403015136719,8061600.0
2025-12-05,326.31115469989237,327.00273121193294,319.9894943793851,322.3272399902344,5906000.0
2025-12-08,322.32726066382884,322.7194995812246,316.57104158073145,317.3457336425781,4782800.0
2025-12-09,316.894669558022,320.0326109139432,316.22786038655386,317.3261413574219,4628400.0
2025-12-10,316.4926256697473,322.3566981053691,313.4037028528859,322.003662109375,5910500.0
2025-12-11,323.96485922860114,332.6727006619286,322.3860878949816,330.2015686035156,7513200.0
2025-12-12,330.9566402470831,338.291630780554,330.8291558641754,335.2124938964844,7979000.0
2025-12-15,334.3789640140598,338.27199587227017,330.46633068403304,334.4868469238281,6447200.0
2025-12-16,333.8200517828203,334.37897804920493,324.6120879365693,327.72064208984375,6334000.0
2025-12-17,327.14206322068014,329.01503635163436,324.0727717826809,325.2004699707031,4685600.0
2025-12-18,322.5527687928765,323.77853406198807,318.2773138986521,321.7781066894531,6354900.0
2025-12-19,321.69965881067884,328.11287143391104,319.74824997022523,321.07208251953125,10553000.0
2025-12-22,316.639672337624,323.40589050985113,315.4139070917166,318.8558654785156,7872400.0
2025-12-23,317.7183603265456,321.4446748044559,317.48302296926164,318.5028381347656,4463300.0
2025-12-24,318.89511088885246,322.6116097139714,317.84584861486644,321.22894287109375,2842700.0
2025-12-26,320.856335890976,325.45540967620923,319.9345579941973,325.39654541015625,4359300.0
2025-12-29,324.47479738477364,327.7696401358382,321.9153838853659,322.5625915527344,4346800.0
2025-12-30,323.3373036254844,329.6328178168744,323.1215677229996,325.7201843261719,4432500.0
2025-12-31,325.87707455108585,326.8674725874873,323.48437823434796,323.70989990234375,4285200.0
2026-01-02,324.4845927435845,333.6631391122548,321.1505170252981,329.8779602050781,6863600.0
2026-01-05,328.94637757938466,340.21360228792776,327.37739205932587,335.38897705078125,7956600.0
2026-01-06,341.5962793505171,345.7736671379334,338.42889104605666,342.2042541503906,9441900.0
2026-01-07,342.2140819842231,343.3221487155281,331.48618131790766,335.0752258300781,7461400.0
2026-01-08,334.3985942399352,341.15499710704864,334.19264411998415,340.1253662109375,5059300.0
2026-01-09,340.51759584784224,342.2925015847546,335.8400862980764,337.3110046386719,4129100.0
2026-01-12,334.80065543733315,336.0067893806199,327.465664861477,333.9082946777344,7146400.0
2026-01-13,334.87908297019857,335.2124875436862,326.3967930031341,327.4558410644531,5605900.0
2026-01-14,328.86793597407745,333.5160286109023,327.62256915022044,328.46588134765625,5740900.0
2026-01-15,328.70125429043924,332.8688565573256,321.69966811763214,332.3883361816406,6943500.0
2026-01-16,328.3678119481101,329.6818587310364,324.02370675332185,324.6022644042969,8039100.0
2026-01-20,321.05246908306555,333.3003373667196,320.1699239761241,331.8686218261719,7596500.0
2026-01-21,332.84920309131024,341.33149292224937,332.1235596151242,341.0079040527344,8933300.0
2026-01-22,340.44895404495185,348.06833038612615,340.04689943102113,347.5976257324219,7491400.0
2026-01-23,347.4113127291759,350.9317071763275,346.14631452558734,349.3529357910156,9082200.0
2026-01-26,347.0877216940886,347.91143240208345,340.53720904799604,344.822509765625,10399500.0
2026-01-27,288.2705746047087,293.69335896723425,274.96365963889974,277.2190856933594,65836900.0
2026-01-28,278.21931612398555,289.2217870569602,278.21931612398555,288.3196105957031,23396900.0
2026-01-29,288.623596430627,289.86899316683935,283.6126820924317,286.6231689453125,13456400.0
2026-01-30,286.43684392453247,287.27037032138344,279.18031926695124,281.3670654296875,12022200.0
2026-02-02,280.47469562200666,284.7697819219751,276.80721550555415,280.05303955078125,8664200.0
2026-02-03,279.1803171568922,282.50457709447846,273.1985764978856,278.6703796386719,10809100.0
2026-02-04,276.54248190480666,278.98419693437273,268.7367865177365,270.570556640625,12944100.0
2026-02-05,268.9721491110363,271.5217470095316,261.12725091622696,263.3434143066406,13035300.0
2026-02-06,261.88230892891403,272.423890770905,261.24491694225503,271.286376953125,9572800.0
2026-02-09,268.83483048731824,274.7479208968081,268.0209355231403,270.35479736328125,10371600.0
2026-02-10,272.13953381308454,274.0713413766361,267.36395636522684,267.92291259765625,7284700.0
2026-02-11,267.1580010860985,274.2674398268017,264.5691704078053,273.5025634765625,6333100.0
2026-02-12,272.7670960064547,280.7590795351679,270.4626513270822,278.856689453125,12336900.0
2026-02-13,280.09228060172404,287.7704613201907,278.99399967439444,287.5057067871094,10281900.0
2026-02-17,288.30000883573047,288.52556043229754,282.7497397683958,283.4851989746094,6091700.0
2026-02-18,284.37754732289267,284.5050317012176,280.7394843208789,282.6124572753906,6632000.0
2026-02-19,285.25033883936214,285.25033883936214,281.3278894670919,284.3089294433594,4931800.0
2026-02-20,283.29888397474485,285.16204133647784,280.0138268252642,284.3775634765625,6974100.0
2026-02-23,282.95565202692393,286.11322466070015,276.2090649023382,276.8660583496094,7247500.0
2026-02-24,276.7288152602706,276.92491977338983,266.53042294882727,268.6387634277344,9684500.0
2026-02-25,271.91396846973794,279.2195114888904,271.50209817356273,278.69000244140625,11380600.0
2026-02-26,281.4160980059485,289.53556576941844,279.70002666767726,281.102294921875,10210000.0
2026-02-27,279.1803129234154,288.4274790393609,278.3467865455038,287.5841369628906,9723300.0
2026-03-02,282.573240677092,289.58461255547417,281.92603297549965,289.21197509765625,8141400.0
2026-03-03,283.3871388529354,288.0450472755065,278.8468991181569,283.6028747558594,7051100.0
2026-03-04,283.4067419898253,288.6333918574902,282.102511003054,286.2995300292969,7796000.0
2026-03-05,284.42659984596247,285.7406467283754,281.18077536497253,283.1714172363281,5397900.0
2026-03-06,281.7691239489905,285.68175730053696,277.56228896311245,280.9258117675781,6816900.0
2026-03-09,278.6825254902615,281.8448924528684,275.3818211832701,281.81524658203125,10348800.0
2026-03-10,283.99921055550647,284.19683962143057,275.6189600693905,279.01849365234375,6075600.0
2026-03-11,279.0580549356083,282.85287712727273,277.2989962609529,281.894287109375,6878800.0
2026-03-12,281.4297838763166,284.17707813499896,273.03967176516403,273.79071044921875,10512300.0
2026-03-13,274.78883441309307,279.5521380386192,274.5417754718342,278.77142333984375,4737600.0
2026-03-16,280.6392236042361,284.01897327504025,277.73380783329816,282.1314392089844,4854000.0
2026-03-17,284.41428667964,285.59028984112393,281.4891167908925,284.18701171875,5752000.0
2026-03-18,281.84486739927934,285.0072039222152,279.73992028125355,280.9850769042969,4544100.0
2026-03-19,280.6589555118485,284.16718039232177,276.7751962176443,277.1408386230469,5542100.0
2026-03-20,275.7078960775263,279.7695608963037,271.7648448878931,272.347900390625,38893000.0
2026-03-23,275.85614907409126,277.4471941978335,265.9243614270812,266.36907958984375,10424200.0
2026-03-24,265.70698568949973,270.16393931770995,264.44204492440997,269.0768737792969,5911700.0
2026-03-25,271.7648799566674,272.83216148818224,263.9676840156166,267.3672180175781,8121200.0
2026-03-26,266.81378639915397,271.4091072097051,264.03684608470036,264.8966064453125,6218800.0
2026-03-27,264.35309023186505,264.5211035963603,252.95873207232574,255.97283935546875,10735300.0
2026-03-30,257.11919074616884,259.24389174676475,253.65050349426983,258.71026611328125,7774700.0
2026-03-31,259.9060317076502,268.6815709876363,259.5206052453565,267.40673828125,9170800.0
2026-04-01,270.9841413969268,272.0613148441149,267.5747458421163,270.7568664550781,5473400.0
2026-04-02,269.0867274922702,275.75731897037497,268.3356586528844,273.9982604980469,6407000.0
2026-04-06,274.61097692785967,279.96719823107287,273.9883835303555,278.0500183105469,7097000.0
2026-04-07,305.2166521040811,308.7545232213582,297.21193558771154,304.1098327636719,22099800.0
2026-04-08,308.3296014014268,309.2881914326393,301.24393671483637,302.38043212890625,9645000.0
2026-04-09,302.22229553435415,304.26795098630464,300.56206654084286,303.2994689941406,5742000.0
2026-04-10,304.3272561704691,306.71877014947216,300.6213715612747,300.74981689453125,5212900.0
2026-04-13,299.6825108634778,309.6340527574118,299.3564063143342,309.31781005859375,7972200.0
2026-04-14,308.83357604431984,315.85991802738965,308.83357604431984,310.4938049316406,5864500.0
2026-04-15,312.28251008911855,314.0218147327601,307.4895604690128,310.3554382324219,5041200.0
2026-04-16,311.2943017295384,314.8618187748353,309.4265214430497,312.6778259277344,5205600.0
2026-04-17,316.28486761573873,321.44345989199303,313.40912786917517,320.8110046386719,9414700.0
2026-04-20,320.37616900857995,321.57192589186354,316.35404203196,319.6745300292969,9050600.0
2026-04-21,348.85713434036967,353.472178702815,341.16866091402386,341.9394836425781,26097300.0
2026-04-22,346.7521876325058,354.3418314545246,344.99312908794576,349.3611145019531,11807300.0
2026-04-23,350.5074994974842,352.6519846563255,346.3766807003688,350.388916015625,7255800.0
2026-04-24,352.2961666917061,354.0651171980212,347.2561882957746,350.7446594238281,8554600.0
2026-04-27,349.7465417706892,352.2961769099271,344.84490056056404,350.5173645019531,7256100.0
2026-04-28,352.6420862239859,365.28163151709003,351.53526686870356,362.45526123046875,10604100.0
2026-04-29,361.6943118802069,366.47736965325623,360.7159680643861,366.3785400390625,9046600.0
2026-04-30,364.1747868031508,367.613828109226,358.72959785711384,366.1216125488281,6879900.0
2026-05-01,367.5842026752116,368.513146797899,362.7023151057061,364.4416198730469,4945400.0
2026-05-04,364.21429688196605,366.46747332966095,360.360183242299,366.388427734375,4916900.0
2026-05-05,366.1216408565838,367.42608930186776,357.55362247966826,359.5893859863281,6489000.0
2026-05-06,358.8284404495387,364.2143076961161,354.0354905816196,362.9592590332031,6695500.0
2026-05-07,362.3267825015715,365.45947304961004,360.42935652558276,365.3902893066406,5235400.0
2026-05-08,367.61383247994837,375.5098571777344,367.61383247994837,375.5098571777344,6455100.0
2026-05-11,375.9743375633532,380.2830313516125,371.6458597568035,379.9173889160156,6949600.0
2026-05-12,378.3460853480032,392.74468831712375,377.51597088782046,391.726806640625,9236300.0
2026-05-13,391.835521582727,399.39551993968445,388.37669604542674,396.4407043457031,8454100.0
2026-05-14,396.28258418103746,397.1719904330225,391.3414048271592,394.3950500488281,5342500.0
2026-05-15,389.6613628183419,392.9522049122001,385.65901990263666,389.2166748046875,9811200.0
2026-05-18,385.41197520580425,387.5268143663777,378.9884422857075,386.5286865234375,8400700.0
2026-05-19,385.4119880990537,390.3432754242469,382.9512904411622,384.6609191894531,5016800.0
2026-05-20,384.96724525733026,388.7522052741927,376.2213825216763,378.790771484375,7783900.0
2026-05-21,376.6364522760421,381.5677396470687,376.06328873766967,377.98046875,4732500.0
2026-05-22,377.4270309363715,385.9456187280053,376.5277327371266,383.89996337890625,5598600.0
2026-05-26,381.4590342432408,381.9729060229619,371.981856156588,372.4265441894531,6498100.0
2026-05-27,373.978089171931,380.0063339481963,372.65385673887687,379.4924621582031,4544000.0
2026-05-28,380.43128270213714,384.68071515702877,376.4783391116702,378.0298767089844,4330800.0
2026-05-29,379.26514757156605,380.5893799715138,371.0331563353153,375.8359680175781,10257900.0
2026-06-01,371.6853813293241,378.84022958868775,371.49764425852044,375.3912658691406,6623700.0
2026-06-02,373.5333823120854,375.60865338618567,370.31172392082095,373.4740905761719,3874400.0
2026-06-03,375.52961840237487,382.90184930871817,372.37714366678557,372.5649108886719,6808400.0
2026-06-04,385.41196036278717,396.6580885443842,385.2340851575979,391.80584716796875,12666100.0
2026-06-05,394.83975259392224,399.2868138360328,392.52728436705246,394.77056884765625,10897300.0
2026-06-08,392.45809969895464,403.9018573320044,390.3432605482298,401.78704833984375,6963200.0
2026-06-09,405.16678851220496,408.1413879394531,402.64679926995086,408.1413879394531,8590400.0
2026-06-10,408.6355178300448,411.0863535582731,399.7907950421236,402.66656494140625,6512900.0
2026-06-11,403.9018510073829,405.1569297923697,398.3677244184781,400.7790222167969,4938100.0
2026-06-12,404.1983674177345,405.0680198185554,400.04776465329513,403.714111328125,7269600.0
2026-06-15,404.2110392057612,411.6253760831061,397.2041664686265,408.52447509765625,6777900.0
2026-06-16,408.166667860176,409.2301268352938,404.0520200618331,405.15521240234375,4815100.0
2026-06-17,406.6162060558993,408.6437298747245,396.1506502177288,397.08489990234375,5838800.0
2026-06-18,400.30508514209487,403.7141170062105,396.70724395946763,398.50616455078125,11896900.0
2026-06-22,399.67896817834475,406.9541476446936,399.67896817834475,404.191162109375,5818600.0
2026-06-23,407.01375906554006,407.39143834852035,400.3746474166842,406.74542236328125,6675900.0
2026-06-24,408.02754057105534,410.89983825863845,397.5520359316292,403.3165283203125,6858800.0
2026-06-25,404.16133931155116,415.02444159806856,404.16133931155116,412.98699951171875,6014400.0
2026-06-26,413.61313803856785,425.31109566973157,413.61313803856785,425.2713623046875,10588200.0
2026-06-29,423.91969011086917,424.08866307831835,413.26529391722636,417.2507629394531,5167400.0
2026-06-30,420.13300160884575,420.15286829196674,410.7209557472728,413.0863952636719,5779800.0
2026-07-01,414.5573140678119,425.4005496015332,411.19802480675855,423.92962646484375,4985900.0
2026-07-02,425.5099032988985,427.56724243960514,417.9663567804552,422.7568359375,3928800.0
2026-07-06,420.8982555962246,421.8424537826169,412.50990548941394,415.4319152832031,6379000.0
2026-07-07,421.35547715852107,425.97701352040843,419.546608111588,425.56951904296875,5800500.0
2026-07-08,424.5358632950858,428.13370427403623,421.236174203027,422.995361328125,3859200.0
2026-07-09,424.49610771371175,431.6421079373234,420.92808185525126,429.03814697265625,5566000.0
2026-07-10,429.02823519316007,430.2109246052771,421.05729739652094,422.0213623046875,3798600.0
2026-07-13,423.8600586972866,428.90895639358115,422.9258089520534,426.4640197753906,3863800.0
2026-07-14,428.3623316954033,429.5052877671748,419.2087042833569,422.587890625,5135900.0
2026-07-15,416.9227440878186,421.5144651938549,411.8340829429332,415.95867919921875,6764800.0
2026-07-16,446.63980262892494,458.7949371104763,417.79738207388664,420.7889709472656,13281900.0
2026-07-17,424.10851014493676,434.7927210350189,422.49842926373356,423.48236083984375,10718100.0
2026-07-20,424.6352826432401,428.3821997886642,414.8256906800468,418.97015380859375,4818800.0
2026-07-21,419.8944835510819,434.32561195838645,417.92658999657095,433.6795959472656,6833600.0
2026-07-22,432.2881481663885,433.6497590080594,427.07027780386676,428.67041015625,4234100.0
2026-07-23,425.6490319049457,427.8554470044401,417.82720014306483,420.9678649902344,4868700.0
2026-07-24,422.63756051053787,426.3745593613837,416.3562613820867,418.16510009765625,3752500.0
2026-07-27,419.9242977601041,420.2920285503067,410.01531178461545,415.0841064453125,4615700.0
2026-07-28,417.36006944549115,427.82562584403445,412.5695600114177,426.1658630371094,5917300.0
2026-07-29,425.6390950681477,429.03814797487155,417.77749995314144,417.99615478515625,5257900.0
2026-07-30,412.6490895753043,424.7247269708298,408.7729631722832,418.8906555175781,3647500.0
2026-07-31,419.4173861384651,420.2224265621711,411.5259760202005,411.8638916015625,3920900.0
2026-08-03,414.8753627675596,416.7736773978178,410.79053011629577,412.8180236816406,3209600.0
2026-08-04,413.0168058398714,413.4541155038886,404.1812276531693,405.0558166503906,5266300.0
2026-08-05,400.7225079776698,413.81189151849264,395.3654798398698,410.2239990234375,5399000.0
2026-08-06,412.72857459868203,414.4181828862322,399.93734267646886,401.49774169921875,4712400.0
2026-08-07,399.1322922233893,408.12692502274075,398.2079910410381,404.58868408203125,4095900.0
2026-08-10,406.09939795446246,410.5420430290281,405.4931153467772,406.238525390625,3182200.0
2026-08-11,406.4969587134404,408.3853248271201,398.86396686589376,399.7286376953125,3398900.0
2026-08-12,398.5260459867315,404.7079813067043,398.0489726285335,403.1078186035156,3317200.0
2026-08-13,403.10783381523447,404.8272573401537,396.15067298241183,396.6177978515625,4170200.0
2026-08-14,395.5642702547857,400.7125617691589,394.1330805188561,399.2714538574219,3476400.0
2026-08-17,396.1308110575831,396.4587781552261,389.0344923640698,393.1988525390625,5295100.0
2026-08-18,394.99774525157386,396.34943790617217,391.1017523988161,391.5191650390625,3605100.0
2026-08-19,392.15526703416754,394.3716001815704,383.9656746212449,386.2317199707031,5268500.0
2026-08-20,385.8739371481429,390.3066337673781,381.4809738935195,382.4947509765625,4497200.0
2026-08-21,383.6377017073448,391.25082657781496,383.6377017073448,387.7225341796875,4879600.0
2026-08-24,388.64688547516835,397.1345997494796,388.4679640045169,396.31964111328125,4683900.0
2026-08-25,395.3654892531199,396.58797268780876,393.1988379276376,394.16290283203125,2655000.0
2026-08-26,393.9044956601749,403.7637998223176,393.58647707234917,398.5558776855469,3557000.0
2026-08-27,394.44119329325724,397.43278212180275,391.360158894761,392.63232421875,3668200.0
2026-08-28,393.99396168554,394.3119802653936,390.2569628122352,390.5451965332031,2455500.0
2026-08-31,391.1116881429976,392.07575305843136,385.3372471573089,387.02685546875,5748000.0
2026-09-01,389.6804891479818,397.15448677524853,389.38233725575066,393.8746643066406,3716200.0
2026-09-02,396.82648354309646,398.68506474678935,394.083395182361,397.214111328125,3265300.0
2026-09-03,397.57191455176616,402.6804729256668,392.8807991736857,398.4862976074219,5488900.0
2026-09-04,394.6200883073414,399.76841036462207,392.78143435561344,394.7095642089844,5565400.0
2026-09-08,389.99855125422266,401.41825440621807,388.0505547204797,398.38690185546875,7049400.0
2026-09-09,402.69041430628795,404.0420766863295,375.7661756497595,390.6545104980469,7735200.0
2026-09-10,393.57650281663535,396.826479685953,385.2279163988086,385.90374755859375,4339900.0
2026-09-11,388.0306670998862,389.3326475544677,373.5995091898494,376.7699890136719,7478400.0
2026-09-14,381.44000244140625,386.4599914550781,379.2799987792969,383.54998779296875,4474000.0
2026-09-15,383.54998779296875,383.79998779296875,375.5,375.92999267578125,4391400.0
2026-09-16,375.8999938964844,380.2200012207031,373.6300048828125,375.260009765625,4414900.0
2026-09-17,376.45001220703125,380.5,374.20001220703125,375.2099914550781,4833700.0
2026-09-18,375.2900085449219,378.489990234375,372.4200134277344,376.8999938964844,8606300.0
2026-09-21,377.8699951171875,378.95001220703125,373.82000732421875,377.55999755859375,5712300.0
2026-09-22,381.3900146484375,381.3900146484375,372.4100036621094,372.95001220703125,4495000.0
2026-09-23,370.8900146484375,372.6099853515625,366.0,371.2900085449219,3859300.0
2026-09-24,371.9200134277344,375.2799987792969,368.5,375.010009765625,4651000.0
2026-09-25,375.95001220703125,379.1700134277344,371.1700134277344,376.5899963378906,4077400.0
2026-09-28,376.3599853515625,380.9800109863281,374.55999755859375,377.8299865722656,4677100.0
2026-09-29,374.8800048828125,376.5899963378906,371.3299865722656,374.94000244140625,3284700.0
2026-09-30,374.92999267578125,374.92999267578125,365.7200012207031,367.0799865722656,4788300.0
2026-10-01,367.989990234375,371.8599853515625,362.6000061035156,365.20001220703125,3940700.0
2026-10-02,365.1400146484375,372.67999267578125,364.4700012207031,371.8999938964844,3306900.0
