date,open,high,low,close,volume
2014-01-02,44.95283549288614,45.04223465645549,44.700883940000274,44.806541442871094,8771800.0
2014-01-03,44.879685922689895,45.10725305408773,44.82279413984044,44.912193298339844,3642500.0
2014-01-06,45.050375609951054,45.1966696982323,44.660259074657944,44.725276947021484,9123500.0
2014-01-07,44.92844849706488,45.342949315028086,44.92844849706488,45.1966552734375,5714000.0
2014-01-08,45.26981033671342,45.65992681680521,45.14789758027278,45.594905853271484,7793300.0
2014-01-09,45.65993490952826,45.96877834031219,45.55427737524441,45.9362678527832,6204700.0
2014-01-10,46.05004937090758,46.12319641434603,45.6843141537153,46.11507034301758,7734300.0
2014-01-13,46.21259217351206,46.383267550637875,45.64367114938919,45.7411994934082,12815600.0
2014-01-14,45.814353143824405,46.3914034218458,45.76559051495682,46.31825637817383,6943500.0
2014-01-15,46.41577877705906,46.41577877705906,46.15570112192076,46.277610778808594,10054100.0
2014-01-16,46.26135745022972,46.472672491496596,46.204465654589484,46.39139938354492,5489900.0
2014-01-17,46.39139419854674,46.521433016957644,46.212589660593004,46.342628479003906,6907500.0
2014-01-21,46.578336271120605,46.69211987769081,46.25323759488794,46.610843658447266,5697400.0
2014-01-22,46.643344828537614,46.732747101660884,46.49705076349411,46.65147399902344,5391300.0
2014-01-23,46.46454277060918,46.61083684348718,46.02566365234548,46.326377868652344,7052900.0
2014-01-24,46.050044333040205,46.13944660972557,45.237300872802734,45.237300872802734,13101900.0
2014-01-27,45.22105440559526,45.31858277164309,44.72528030259831,44.87157440185547,13825900.0
2014-01-28,45.15602252670933,45.65992254547684,45.131638117480165,45.472991943359375,8806300.0
2014-01-29,45.16415590534075,45.51363585727445,44.90407823418595,45.05849838256836,12281200.0
2014-01-30,45.505514157116814,45.98503299068411,45.48112974159936,45.87937545776367,10714100.0
2014-01-31,45.4079626056925,45.749316368573545,45.26166857879624,45.481109619140625,10821300.0
2014-02-03,45.59490100736652,45.72493982024304,44.50582478688704,44.587100982666016,15808800.0
2014-02-04,44.83905580581932,45.08288132740972,44.700890903930365,45.0259895324707,10080000.0
2014-02-05,45.00160357943588,45.08287978397358,44.4164304086154,44.7740364074707,16384200.0
2014-02-06,44.87969545966458,45.08288132740972,44.8146744938084,45.0259895324707,7842200.0
2014-02-07,45.09100971513915,45.81435094542439,44.96910004844943,45.798095703125,11497100.0
2014-02-10,45.88748849896171,46.196331838059926,45.708687071374165,46.180076599121094,7902800.0
2014-02-11,46.21260192815722,46.84654094864912,46.10694439128497,46.805904388427734,10380300.0
2014-02-12,46.95219848552137,47.06598209428958,46.66773636323005,46.805904388427734,6535800.0
2014-02-13,46.5539532441421,47.163510954987,46.47268012284446,47.139129638671875,8256400.0
2014-02-14,47.098475851934275,47.38293477280712,47.00094752197354,47.30978775024414,8379800.0
2014-02-18,47.5211091327798,47.84620464311125,47.423577689347255,47.74867630004883,10874200.0
2014-02-19,47.732421913706,47.90309729221221,47.39107115669358,47.45608901977539,10732700.0
2014-02-20,47.52110876159262,47.959987852130496,47.358559457511504,47.8868408203125,9852300.0
2014-02-21,47.93560446243077,48.130664238941364,47.740547786290136,47.79743957519531,5196300.0
2014-02-24,47.95998478317456,48.43137742480841,47.88683775603724,48.15504455566406,6464300.0
2014-02-25,48.08190018135463,48.30134127487384,47.89496956843901,48.03313446044922,6858600.0
2014-02-26,48.1713024528295,48.33385175547745,47.91935087870667,48.03313446044922,7449000.0
2014-02-27,48.03312684569621,48.3094596862793,47.90308804426708,48.3094596862793,5980100.0
2014-02-28,48.35009933077619,48.77272311014366,47.89496197558945,48.3094596862793,10341200.0
2014-03-03,47.67554082333355,48.146933613070765,47.634904262238834,47.951873779296875,8919900.0
2014-03-04,48.3907434596952,48.92715398721382,48.3907434596952,48.86213302612305,9658900.0
2014-03-05,48.935287271591726,48.95967168578075,48.66708351847674,48.740230560302734,10740200.0
2014-03-06,49.00030533295219,49.17098072028911,48.33385592493823,48.439510345458984,14206800.0
2014-03-07,48.69958373071444,48.76460469181449,48.00875307106176,48.317596435546875,12630300.0
2014-03-10,48.31760421450292,48.54517141425045,48.073781771863345,48.520790100097656,7775900.0
2014-03-11,48.520788088044846,48.764610520573626,48.31760221087579,48.42325973510742,6031700.0
2014-03-12,48.18755962791495,48.472018593692646,48.041265559694935,48.41512680053711,8822700.0
2014-03-13,48.569552777825095,48.59393719237327,47.65928087753818,47.75680923461914,12551400.0
2014-03-14,47.68364995527487,47.87058365056796,47.47233805243063,47.49671936035156,8006100.0
2014-03-17,47.78931226701579,48.16317349449264,47.70803916551912,47.95998764038086,6430200.0
2014-03-18,48.05752517944342,48.56955136449688,48.00875945213669,48.472023010253906,6147200.0
2014-03-19,48.528899928917326,48.797106696312454,48.01687390085859,48.325714111328125,8404800.0
2014-03-20,48.325714111328125,48.38260589222354,48.065636512843504,48.325714111328125,4895400.0
2014-03-21,48.53369200158291,48.70496097007932,47.35929355085891,47.449005126953125,19504500.0
2014-03-24,47.612119597643975,47.66920822013099,46.57636398651344,46.91889572143555,20490000.0
2014-03-25,47.0738461985033,47.652889632264625,46.845488631522954,47.33482360839844,14646400.0
2014-03-26,47.555027881678825,47.92202525633726,47.31035881711134,47.351139068603516,13638300.0
2014-03-27,47.37559443096374,47.497928936651434,46.83732820591018,47.2451057434082,12961000.0
2014-03-28,47.391920088371386,47.83232070732716,46.91074232568192,47.065696716308594,13128800.0
2014-03-31,47.457155143605725,47.742601325304825,47.30220077829213,47.70182418823242,9508100.0
2014-04-01,47.84047033025302,48.223782289215166,47.67735865977362,48.00358200073242,10114900.0
2014-04-02,48.11774858266766,48.24823726793954,47.96279424112469,48.215614318847656,8999300.0
2014-04-03,48.3053315625513,48.337954515485414,47.7915309426751,48.10960006713867,9609100.0
2014-04-04,48.37059599775272,48.517396231095,47.28590573040114,47.31037139892578,20115400.0
2014-04-07,47.06570346451536,47.595815742349906,46.617148596938414,46.83734893798828,15263300.0
2014-04-08,46.87811821205327,46.90258387547178,46.16858597304749,46.45402908325195,15165000.0
2014-04-09,46.560049771895805,47.45715931064514,46.52742681493493,47.449005126953125,14438600.0
2014-04-10,47.43269745994528,47.50609756345715,45.76080967006011,45.8668327331543,17622500.0
2014-04-11,45.66293167201331,46.233817756313854,45.312242728173935,45.434574127197266,14710100.0
2014-04-14,45.74450088905165,45.94838973182491,45.173611507067164,45.68741226196289,11085300.0
2014-04-15,45.866833764003815,46.27461143465745,45.19807552192285,46.17674255371094,17424500.0
2014-04-16,46.57635234197693,46.65790660768429,46.11148618303418,46.405086517333984,29585700.0
2014-04-17,46.42140398626613,46.63345009644734,46.15227236777018,46.39693832397461,8656900.0
2014-04-21,46.48665273399891,46.96783049200522,46.39694115199995,46.95151901245117,5545000.0
2014-04-22,47.2859088207506,47.71815225212015,47.220665996721905,47.46533203125,8980300.0
2014-04-23,47.54686775899938,47.571336530658634,47.06569006431678,47.22880172729492,8668900.0
2014-04-24,47.473461498192016,47.473461498192016,46.714995008319725,47.1553955078125,8012600.0
2014-04-25,47.1227725639109,47.139084039201364,46.68237517545154,46.80470657348633,6368600.0
2014-04-28,47.19617031331873,47.408216370513294,46.47032680981291,47.081993103027344,9735200.0
2014-04-29,47.16355196945037,47.40006057921916,47.04121746249402,47.359283447265625,8955800.0
2014-04-30,47.27773876976421,47.473470287267524,47.11462709778053,47.40007019042969,11115200.0
2014-05-01,47.43268816770342,47.767065660174644,47.13093362842355,47.50608825683594,6857500.0
2014-05-02,47.489782343493836,47.57949391973141,47.00045043268433,47.09831619262695,6126300.0
2014-05-05,46.93519116032071,47.424526042955854,46.65790232682279,47.4082145690918,7218700.0
2014-05-06,47.35928712036608,47.35928712036608,46.967821023278425,46.992286682128906,6117700.0
2014-05-07,47.057537046042825,47.13093714064515,46.5111134282041,47.122779846191406,9058100.0
2014-05-08,47.14725352908856,47.40007368375423,46.73947587462485,46.869964599609375,7710000.0
2014-05-09,46.91888378277796,47.204329933676966,46.57635213501411,47.1553955078125,7298600.0
2014-05-12,47.34298482805113,47.66920819445545,47.261430541998344,47.6365852355957,5244500.0
2014-05-13,47.75891826242262,47.88124968762545,47.64473791003155,47.709983825683594,3230400.0
2014-05-14,47.68552992606095,47.8894187961247,47.54688387664702,47.742618560791016,3746700.0
2014-05-15,47.5713291896405,47.62026050321571,47.04121714454038,47.261417388916016,6469400.0
2014-05-16,47.31850699581634,47.46530716183684,47.0656837963153,47.424530029296875,8913400.0
2014-05-19,47.42453855998299,47.75075879007871,47.30220402926187,47.718135833740234,4386100.0
2014-05-20,47.718128730011244,47.75075168149319,47.27773132938853,47.41637420654297,4611800.0
2014-05-21,47.57947495586809,47.85676375776621,47.481609234932044,47.81598663330078,3921500.0
2014-05-22,47.83231644554159,48.25640243590251,47.67735895762475,48.10144805908203,3526100.0
2014-05-23,48.1177575294052,48.21562328378179,47.962803159050914,48.125911712646484,2796300.0
2014-05-27,48.38690185546875,48.42767900196853,48.12592127345709,48.38690185546875,3246500.0
2014-05-28,48.36242246884751,48.48475699260571,48.24824523925781,48.24824523925781,4401700.0
2014-05-29,48.37058384361943,48.631561279296875,48.37058384361943,48.631561279296875,2682200.0
2014-05-30,48.533681645666555,48.78650484152239,48.52552746371444,48.76203918457031,7778100.0
2014-06-02,48.721273450337925,48.88438201630325,48.46029290038116,48.827293395996094,4880300.0
2014-06-03,48.713122416228416,48.94963422281084,48.615256641851744,48.91701126098633,3054500.0
2014-06-04,48.87622565582362,49.05564880371094,48.75389112570112,49.05564880371094,3599800.0
2014-06-05,49.11274337768555,49.267697771682855,48.76205433397354,49.11274337768555,3929800.0
2014-06-06,49.15351238173352,49.25953542906564,48.965935058666645,49.06380081176758,3950900.0
2014-06-09,49.02301636946586,49.06379350125743,48.71310456787756,48.810970306396484,5533400.0
2014-06-10,48.81912859836035,48.974082946777344,48.492905315161025,48.974082946777344,6921400.0
2014-06-11,48.770211043872884,48.990411369543054,48.74574537805293,48.91701126098633,5901200.0
2014-06-12,48.810983300284796,48.908852175952966,48.55816314921677,48.672340393066406,4305300.0
2014-06-13,48.713115561284916,48.75389270227894,48.50107256145815,48.631561279296875,2950700.0
2014-06-16,48.851761872472466,49.09642783102797,48.56631566157733,48.729427337646484,9021700.0
2014-06-17,48.74573700911613,48.827291288578856,48.558159677474784,48.704959869384766,3728200.0
2014-06-18,48.65602354416821,49.10457828597405,48.590780745352774,49.0964241027832,5374200.0
2014-06-19,49.071960104167786,49.25954055786133,49.0393402571353,49.25954055786133,4313800.0
2014-06-20,49.41180564480907,49.68194808487772,49.362687418077826,49.673763275146484,4426700.0
2014-06-23,49.70651242934087,49.74744272658138,49.44455477966378,49.4854850769043,3406700.0
2014-06-24,49.649190138801906,49.911147686913544,49.460905223490144,49.518211364746094,4868300.0
2014-06-25,49.49367252131426,50.09126363661802,49.46092703266652,50.05852127075195,20099100.0
2014-06-26,50.18129976419655,50.21404524474961,49.70650278730075,50.12399673461914,11236400.0
2014-06-27,49.97665399024049,50.11582074569234,49.821117614412145,49.99302673339844,4840900.0
2014-06-30,50.02576286652562,50.14036892442222,49.73924459900326,49.79655075073242,6434500.0
2014-07-01,49.99302458162794,50.525127781623766,49.93572154443225,50.4268913269043,8145300.0
2014-07-02,50.41051665822354,50.81163787841797,50.336840885953805,50.81163787841797,4036600.0
2014-07-03,50.918078286455504,51.03268439248022,50.69705088650118,51.01631164550781,2468600.0
2014-07-07,50.81162775199284,51.024470217367735,50.590600479232926,50.63153076171875,3900300.0
2014-07-08,50.54967849330728,50.574236042273256,49.98483300762368,50.156742095947266,7145400.0
2014-07-09,50.29590735778117,50.41870135221091,50.02576494192914,50.36958312988281,5879900.0
2014-07-10,49.96845135645948,50.44324824755564,49.78016956147477,50.336830139160156,4726600.0
2014-07-11,50.410514021040946,50.49237459804441,50.13218368733602,50.44325637817383,3779600.0
2014-07-14,50.73796581280644,50.73796581280644,50.48419299583112,50.60698699951172,4078700.0
2014-07-15,50.63972694309612,50.67247242353246,50.05850871786502,50.17311477661133,5498900.0
2014-07-16,50.336840351899575,50.36958271039796,49.78836447020379,50.00939178466797,5279000.0
2014-07-17,49.81291303573625,50.23041003979768,49.40360396190841,49.460906982421875,7321900.0
2014-07-18,49.64100684630292,50.361391732298145,49.52640079864517,50.27134323120117,8938700.0
2014-07-21,50.123999199387384,50.14855674961931,49.89478706980661,50.06669616699219,3731900.0
2014-07-22,50.320455458426004,50.63971601684304,50.295894792007616,50.50054931640625,5640400.0
2014-07-23,50.87711635280482,50.98353445779774,50.672461827045794,50.90985870361328,7264400.0
2014-07-24,51.024482679526564,51.08178571355842,50.754337128135404,50.8034553527832,6107400.0
2014-07-25,50.697030103668304,50.71340284392885,50.36139673527941,50.615169525146484,4129300.0
2014-07-28,50.63155352141004,50.79527784773041,50.394156527166366,50.66429901123047,7004900.0
2014-07-29,50.81982463714976,50.89349728493791,50.60698213426976,50.70521545410156,5321800.0
2014-07-30,50.95897691399633,51.147258702961004,50.64790116046415,50.90985870361328,7752700.0
2014-07-31,50.45145151964254,50.557869660399255,49.86204528808594,49.86204528808594,8415200.0
2014-08-01,49.747429209289834,50.15673831604116,49.52640191691044,49.9029655456543,16923800.0
2014-08-04,50.00940056692263,50.214055176686955,49.66557919867216,50.115821838378906,9208900.0
2014-08-05,49.902981676814456,50.066705996995076,49.46911488270024,49.63283920288086,10309500.0
2014-08-06,49.41998309948604,49.812919486512406,49.2398892071703,49.6082649230957,9568000.0
2014-08-07,49.71468040614292,49.771983427432964,48.87968950948444,48.9697380065918,10947000.0
2014-08-08,49.03523707845393,49.5837098367087,48.871512795035166,49.55096435546875,5472600.0
2014-08-11,49.74743264210401,49.89478418052491,49.501847785662804,49.526405334472656,4700600.0
2014-08-12,49.47729714378729,49.60827596862583,49.34631831894875,49.4854850769043,2878500.0
2014-08-13,49.68194071444807,50.13218325240343,49.66556797463325,50.083065032958984,4751900.0
2014-08-14,50.17311624592593,50.6724739074707,50.017576770688784,50.6724739074707,4797400.0
2014-08-15,50.91806938539906,50.975372428394195,50.25498730145036,50.72159957885742,7777600.0
2014-08-18,50.97535742680107,51.18819679203462,50.90986646963338,51.11452102661133,7448800.0
2014-08-19,51.188214749310035,51.482917914387656,51.00812079948179,51.450172424316406,3874500.0
2014-08-20,51.35192612629714,51.53202315348801,51.212762512763106,51.44197463989258,4513800.0
2014-08-21,51.515647888183594,51.67118423500248,51.4665296678709,51.515647888183594,3125900.0
2014-08-22,51.59751210460965,51.71211817064048,51.44197574682225,51.56476974487305,3248900.0
2014-08-25,51.87583131861259,52.064113118478716,51.74485253945439,51.95769500732422,4863000.0
2014-08-26,52.03136717206616,52.178718678789394,51.92494594548156,52.145973205566406,3601300.0
2014-08-27,52.268774100044844,52.2933347710765,52.031377180464666,52.10505294799805,4151700.0
2014-08-28,51.95770527698454,52.20329014609949,51.90040224495042,52.08868408203125,3466000.0
2014-08-29,52.17054103271157,52.32607737700905,52.03956223678189,52.27696228027344,4139100.0
2014-09-02,52.383382051515646,52.43250026964778,52.11323653595998,52.252403259277344,5076800.0
2014-09-03,52.57985564066686,52.72720718304221,52.3670131359998,52.48980712890625,5421900.0
2014-09-04,52.60440716809073,52.735382832118376,52.121419183433346,52.227840423583984,6231400.0
2014-09-05,52.24422365276094,52.538926762950126,51.69575084873869,52.530738830566406,6349400.0
2014-09-08,52.432510842355235,52.637165441668785,52.334274386282154,52.5389289855957,7204800.0
2014-09-09,52.61259363935537,52.62896950232426,52.26877546374983,52.399757385253906,6667300.0
2014-09-10,52.47344336220423,52.833637492281845,52.36702520811919,52.76814651489258,7039600.0
2014-09-11,52.56347791623835,52.694459836184166,52.35882335049428,52.62078094482422,6360300.0
2014-09-12,52.59622531797961,52.62078286747631,52.088682850768436,52.23603439331055,7340200.0
2014-09-15,52.23603716338014,52.293340197098516,51.91677338908775,52.09687042236328,6082500.0
2014-09-16,52.02318709567891,52.84999012130037,51.957699262127235,52.80906295776367,6907900.0
2014-09-17,52.776325820774424,53.05465306083384,52.465246851811145,52.849998474121094,6704300.0
2014-09-18,53.02191233904461,53.267500363379504,52.92368212576097,53.242942810058594,5460700.0
2014-09-19,53.53130111457693,53.65452652873881,53.2273304680556,53.301265716552734,6833500.0
2014-09-22,53.18624711531996,53.23554354506747,52.80834124897955,53.01372528076172,4005700.0
2014-09-23,52.52080675797383,52.93157483639758,52.43865439585377,52.70154571533203,7833900.0
2014-09-24,52.83298442374566,53.62165832519531,52.81655645963802,53.62165832519531,8120900.0
2014-09-25,53.555928371703295,53.57235633218238,52.74260330200195,52.74260330200195,11661500.0
2014-09-26,52.98908901832797,52.98908901832797,52.45508919326058,52.90693664550781,6513000.0
2014-09-29,52.46329638194473,52.97265102555055,52.422220203308534,52.79191207885742,10284100.0
2014-09-30,52.89871627881917,52.99730288084269,52.463303088573774,52.50437927246094,7580800.0
2014-10-01,52.660459717963555,52.660459717963555,51.78141639239666,51.953941345214844,11141700.0
2014-10-02,51.9539532988667,52.07718185476222,51.403522387348126,51.84715270996094,7225200.0
2014-10-03,52.282559535189534,52.980864001787076,52.24969733739604,52.91514587402344,11383100.0
2014-10-06,53.145163013178184,53.32590192639674,52.45506955069113,52.668670654296875,8287500.0
2014-10-07,52.56187797384582,52.58652618728286,51.830711364746094,51.830711364746094,11281800.0
2014-10-08,51.93751147115971,53.19446065838258,51.806065825005106,53.15338134765625,11412300.0
2014-10-09,53.07123529113841,53.128742572285056,52.01966999712919,52.05253219604492,15686000.0
2014-10-10,51.995019439126885,52.62759946512082,51.73212814331055,51.73212814331055,15606800.0
2014-10-13,51.75678059651864,51.78142567966517,50.450537913250024,50.5080451965332,17937500.0
2014-10-14,50.8120040681319,50.98452902254085,49.78508399291572,50.130130767822266,19321000.0
2014-10-15,49.56327724127151,49.941183116664895,48.64315450042888,49.71936798095703,32120100.0
2014-10-16,49.04571666656781,50.04798879963713,48.84033259604945,49.464698791503906,30185000.0
2014-10-17,49.94118687482232,50.57377013153769,49.82617230703988,50.25336837768555,15704700.0
2014-10-20,50.08906234886504,50.90238141940423,50.08906234886504,50.861305236816406,9848900.0
2014-10-21,51.2885061109104,52.24148799416883,51.2392128098427,52.20862579345703,14961400.0
2014-10-22,52.22504687192964,52.35649251564072,51.79784774639081,51.94572448730469,13813800.0
2014-10-23,52.35649183259952,53.12052373996125,52.35649183259952,52.83298110961914,11165000.0
2014-10-24,52.98087294147427,53.59702515146572,52.86585836370182,53.57238006591797,9703500.0
2014-10-27,53.58060026796174,53.68739773409104,53.39164415484477,53.62989044189453,9110800.0
2014-10-28,54.05708934543844,54.05708934543844,53.54773459905585,54.024227142333984,8770600.0
2014-10-29,54.00778314386464,54.19673921060155,53.687384556295164,54.04886245727539,10162400.0
2014-10-30,53.96669764433111,55.07576990442406,53.91740122604976,55.04290771484375,11630600.0
2014-10-31,55.74944193376961,55.8562393735838,55.08399967834427,55.264732360839844,11388000.0
2014-11-03,55.34687856472677,55.42081379081306,54.93611059450033,55.3304443359375,8680700.0
2014-11-04,55.31400849260301,55.48653026337477,55.001820868312365,55.338653564453125,5716000.0
2014-11-05,55.83980318055671,55.856231142790726,55.149709678104294,55.281158447265625,6592100.0
2014-11-06,55.35509729873488,55.741220248617104,55.35509729873488,55.61798858642578,7962400.0
2014-11-07,55.61798976923274,55.66728619585126,54.89504027966375,55.067562103271484,13895600.0
2014-11-10,55.190792338723064,55.65085052309551,54.977191209768996,55.62620544433594,5455300.0
2014-11-11,55.74944401252807,56.036980413382565,55.609784370373525,55.83159637451172,9777500.0
2014-11-12,55.61799426302622,55.83981253117482,55.527624786050616,55.74944305419922,3879900.0
2014-11-13,55.83158660527568,56.02875349310148,55.44546367690932,55.70835494995117,5216600.0
2014-11-14,55.69194423971043,55.69194423971043,55.026501869769824,55.248313903808594,6331800.0
2014-11-17,55.133286223485115,55.66728592317303,55.133286223485115,55.5194091796875,8587200.0
2014-11-18,55.560480604165804,56.45595815469535,55.5111904470473,56.414878845214844,8240100.0
2014-11-19,56.349141015621285,56.382003201802206,55.95480731709253,56.102684020996094,6253600.0
2014-11-20,55.856227618156375,56.08625668185115,55.6837058203853,55.864444732666016,9041600.0
2014-11-21,56.42308803152054,56.53810256051579,55.971240762023704,56.12733459472656,8098700.0
2014-11-24,56.34915445717508,56.423095960675475,56.234139912016815,56.414878845214844,5020100.0
2014-11-25,56.529888345609685,56.66133710995864,56.266997084733845,56.48881530761719,5510200.0
2014-11-26,56.67777606310191,56.85851501522136,56.45596406502467,56.83386993408203,5325900.0
2014-11-28,56.89136508400664,57.49929993785642,56.89136508400664,57.18711853027344,4395500.0
2014-12-01,56.981749509296996,57.458241994320986,56.90780799439568,57.0474739074707,8537400.0
2014-12-02,57.25286901995486,57.76221753471768,57.25286901995486,57.6800651550293,7444800.0
2014-12-03,57.81149938785297,57.86078954966249,57.54860807849684,57.77042007446289,6577000.0
2014-12-04,57.67182082465148,58.00865357061381,57.474653952866284,57.69647216796875,4235400.0
2014-12-05,57.7375736968302,58.20584916579305,57.6800664030216,58.156558990478516,8325100.0
2014-12-08,58.08260908377203,58.68233329085588,58.08260908377203,58.361934661865234,5942800.0
2014-12-09,57.688259659825725,58.17296289746318,57.351426886967964,58.115455627441406,9776300.0
2014-12-10,58.07438418852058,58.10724638198497,57.17890665312795,57.21998596191406,9011200.0
2014-12-11,57.43358139236582,58.0579442028311,57.25284248013885,57.38428497314453,7383300.0
2014-12-12,57.063889940754116,57.39250559508386,56.45595505432857,56.505245208740234,10438600.0
2014-12-15,56.84209994025949,56.858527908803254,55.790534454366956,55.987701416015625,17776200.0
2014-12-16,55.74942147614424,56.70239977200076,55.30579137937933,55.338653564453125,14735600.0
2014-12-17,55.40440820657122,56.51348092055041,55.29760447977051,56.37382125854492,17776200.0
2014-12-18,57.03925341090554,57.92651393020555,56.91602173858778,57.918296813964844,16048100.0
2014-12-19,58.13268823181396,58.48725665281209,57.7368884375041,58.05847930908203,17822000.0
2014-12-22,57.72039996669935,57.81935148855388,57.21740740656473,57.50600814819336,9896600.0
2014-12-23,57.637929387157676,57.679154459560415,55.88982400889333,56.18667221069336,22190400.0
2014-12-24,56.2279075581323,56.92054921739413,56.17842866031128,56.59896469116211,4519100.0
2014-12-26,56.821608127710824,57.159681450403866,56.78862429044404,57.00300979614258,4242800.0
2014-12-29,56.94529690636209,57.28337656313741,56.879335514451235,57.20092010498047,5225900.0
2014-12-30,57.11021246621106,57.24214153263129,56.887573123279786,56.95354080200195,4965100.0
2014-12-31,57.11845180586541,57.44004265617166,56.3763374635362,56.384578704833984,7863600.0
2015-01-02,56.65669262388962,57.1844214724115,56.35984436021805,56.59072494506836,7516800.0
2015-01-05,56.33509259500827,56.79685363800118,56.194916034245765,56.30210876464844,10784800.0
2015-01-06,56.491773393706026,56.97002328406067,55.766141589953556,56.11246871948242,13344500.0
2015-01-07,56.49176836774228,57.44827435437649,56.36808056755934,57.431785583496094,14146400.0
2015-01-08,58.00075538890516,58.47901165958396,57.901810154298914,58.41304397583008,22138400.0
2015-01-09,58.462511020428565,58.52847869079571,57.69565415272461,57.893550872802734,9724300.0
2015-01-12,58.33884444593856,58.54498877260266,57.76164284768934,57.91830825805664,11972100.0
2015-01-13,58.4625224386936,58.784107030762705,57.17617777939265,57.662681579589844,14219800.0
2015-01-14,57.11021073827474,57.72039602043261,56.95353907880591,57.57197189331055,12548000.0
2015-01-15,57.786365445552974,57.89355820520841,56.92055696264087,56.95354080200195,16382800.0
2015-01-16,56.862829397978416,58.132678738102314,56.84634062596111,58.02548599243164,13759300.0
2015-01-20,58.11618996608501,58.26461407833386,57.34933310130315,58.02548599243164,10387200.0
2015-01-21,57.967781158369135,58.36357470151381,57.67917409817101,58.14094161987305,8391000.0
2015-01-22,58.39654754937716,58.84181991984011,57.58845925682801,58.83357238769531,11497400.0
2015-01-23,58.75111170136568,58.808831840168196,58.47075853890298,58.4954948425293,6815600.0
2015-01-26,58.55322116173989,58.833574353794425,58.19865275994954,58.80059051513672,7871700.0
2015-01-27,58.27286305235091,58.792350659675876,58.132686453019204,58.380062103271484,10040100.0
2015-01-28,58.48725496026107,58.70164677143401,57.44828603491048,57.53899002075195,11005400.0
2015-01-29,57.538982289106904,58.07495859950683,57.077221180343045,58.02548599243164,12120000.0
2015-01-30,57.77810661154334,58.15741125346753,57.03598609863824,57.11844253540039,13886500.0
2015-02-02,57.22565259335975,57.46478070976959,56.43405932404994,57.44004440307617,18042300.0
2015-02-03,57.72041722008699,57.85235262199692,56.95355999680765,57.82761001586914,17432800.0
2015-02-04,57.134943064581265,57.415296234604014,56.78862222242724,57.101959228515625,15184800.0
2015-02-05,57.46477750773274,58.116194142132386,57.46477750773274,58.066715240478516,10801400.0
2015-02-06,58.06671887054372,58.305846988578125,57.38231835593048,57.53899002075195,11886100.0
2015-02-09,57.275123472222006,57.44004266355717,56.730905868375686,56.86283493041992,8139000.0
2015-02-10,57.324577188208686,57.87704843329052,57.19264816965221,57.81932830810547,8629000.0
2015-02-11,57.868831476048456,58.19041609926287,57.54724685283405,57.877079010009766,8088100.0
2015-02-12,58.14917901299036,58.24813053773827,57.596713821286365,58.08321762084961,10124100.0
2015-02-13,58.12442382991044,58.36355188546451,57.86055947395811,58.31407928466797,8592300.0
2015-02-17,58.37182601491208,58.75937834047875,58.31410585733994,58.734642028808594,8381700.0
2015-02-18,58.726381596424865,58.833574353794425,58.43778087194991,58.80059051513672,7780900.0
2015-02-19,58.73463846312856,58.99850292330035,58.635686931429774,58.89955139160156,5383600.0
2015-02-20,58.81707804277726,59.542703527188515,58.709879008120915,59.517967224121094,8213700.0
2015-02-23,59.60868448396381,59.97974169473712,59.50149171643531,59.79009246826172,8577500.0
2015-02-24,59.872533910591436,59.90551774410244,59.49322926174939,59.71586227416992,8052200.0
2015-02-25,59.6664143526726,59.872558679128474,59.452022491671315,59.6911506652832,9629700.0
2015-02-26,59.691131876441894,59.88078736513514,59.41077870040031,59.85604476928711,4424900.0
2015-02-27,59.83132357625694,59.9055388004986,59.53447526134071,59.56745910644531,6745300.0
2015-03-02,59.757095616080846,60.11991150568388,59.6498965808673,60.103416442871094,6769900.0
2015-03-03,60.07044554987648,60.078693083059726,59.26236344660562,59.55921173095703,10144000.0
2015-03-04,59.38603758785059,59.9302614716755,59.03971672961134,59.84780502319336,9153500.0
2015-03-05,59.92202583426568,60.33431444954098,59.847816903208134,60.06220245361328,6252100.0
2015-03-06,59.781838831425965,59.913774185090254,58.808837616735595,58.883052825927734,12314900.0
2015-03-09,59.06444168296633,59.30356974132116,58.72636842185954,59.245849609375,10306300.0
2015-03-10,58.72638494753203,58.99024938082661,58.54497697007495,58.58620834350586,12323900.0
2015-03-11,58.8995205109006,58.9654881641133,58.51196841205305,58.553199768066406,7525100.0
2015-03-12,58.82530432350942,59.32829666137695,58.76758420068961,59.32829666137695,7574200.0
2015-03-13,59.24586683645444,59.600435261800406,58.817089487466575,59.21288299560547,6480400.0
2015-03-16,59.7241042665837,60.53219238510496,59.509712514156035,60.52394485473633,13635100.0
2015-03-17,60.30956437732054,60.47447726938965,59.979732302158745,60.35079574584961,10142500.0
2015-03-18,60.21884398500754,61.389741556197905,59.987963482634434,61.134124755859375,12886900.0
2015-03-19,61.13414012374038,61.57116494038032,61.026947375270176,61.48870849609375,9403900.0
2015-03-20,62.347004901118126,62.85140424161708,61.586273744785636,61.933563232421875,9544300.0
2015-03-23,61.74339226809215,62.09068183998149,61.520136488626356,61.75993347167969,4667800.0
2015-03-24,61.83436534849447,61.99974588241852,61.21420254067947,61.22247314453125,8467700.0
2015-03-25,61.39611483933455,61.70206408000821,60.0896370768323,60.106178283691406,15039100.0
2015-03-26,59.76714875200207,60.46173429313221,59.46947013560652,59.965599060058594,18253800.0
2015-03-27,60.130966392046524,60.627095207737234,60.03173810546031,60.39556884765625,8841600.0
2015-03-30,60.88342395839997,61.09841541406615,60.80900747871928,61.0074577331543,8008200.0
2015-03-31,60.76766376303477,61.32994476867968,59.94905090332031,59.94905090332031,8442900.0
2015-04-01,59.97386942931448,60.2053958392489,58.965070378638934,59.345436096191406,21829300.0
2015-04-02,59.40331757187399,59.80022449421543,59.237943367594276,59.52735137939453,7560100.0
2015-04-06,59.19658523618132,59.940781629039435,59.122168751205656,59.6182975769043,5746200.0
2015-04-07,59.76713595752511,60.20538318545163,59.7092543672069,59.75886535644531,5599300.0
2015-04-08,59.891183837065434,60.52788148043847,59.816761027069184,60.26327896118164,12577100.0
2015-04-09,60.27980090466037,60.817276374448895,60.19711382668206,60.718048095703125,8181400.0
2015-04-10,60.77594560816352,61.32169182135465,60.53614860315117,61.23899841308594,5084300.0
2015-04-13,61.28033248328587,61.55320553362423,60.88342565473734,60.90823745727539,6814800.0
2015-04-14,60.97438163931182,61.07360992083925,60.511328942756826,61.0074577331543,5878700.0
2015-04-15,61.34648904930377,61.462252234926524,61.04881048381084,61.164573669433594,6254600.0
2015-04-16,61.230724718959394,61.37956399892328,61.04053874120874,61.13149642944336,4439500.0
2015-04-17,60.742855961397446,60.89996583172813,60.213651071317145,60.60228729248047,12115400.0
2015-04-20,60.90825747869648,61.13978390953085,60.817299765351244,60.974403381347656,6659500.0
2015-04-21,61.280341708094795,61.56147909298004,61.25553621044268,61.37957000732422,6577200.0
2015-04-22,61.52012171483293,61.61107938685905,61.164561626536056,61.47877502441406,6078200.0
2015-04-23,61.387816452597804,61.86741029650242,61.09840854976541,61.71030044555664,10532500.0
2015-04-24,61.586275046825044,61.7929958855436,61.24724984318932,61.5118522644043,10397200.0
2015-04-27,61.66069953568462,61.71858112570487,60.31288176314449,60.39556884765625,17847700.0
2015-04-28,60.56920354423827,60.800729865813295,59.700973529712805,60.6932373046875,15798400.0
2015-04-29,60.27154599176304,60.70152900295776,59.742340984616696,60.13924789428711,13661300.0
2015-04-30,59.88289718457202,60.18057572753159,58.981597263503346,59.29581069946289,14554400.0
2015-05-01,59.700970749213155,60.13095359092866,59.692706458555456,60.097877502441406,11508300.0
2015-05-04,60.32942836522205,60.718064677335306,60.18885966340873,60.478267669677734,8561700.0
2015-05-05,60.354219125788234,60.36248972641089,59.659640080361584,59.71752166748047,11373800.0
2015-05-06,59.87462862998353,59.9076984136293,59.056009540811196,59.485992431640625,10152200.0
2015-05-07,59.40332004400388,59.97387179716955,59.31236864390005,59.76715087890625,9019700.0
2015-05-08,60.3790398540865,60.89998057822192,60.329428855072244,60.73460006713867,11222400.0
2015-05-11,60.949581240064745,61.057073822571816,60.70978427113017,60.76766586303711,7980700.0
2015-05-12,60.32942876546373,60.62710737634998,60.09790235891252,60.3790397644043,7019800.0
2015-05-13,60.57749865803586,60.89171217752469,60.33770163975951,60.445194244384766,6005800.0
2015-05-14,60.76767201566772,61.305147599862366,60.51961072893089,61.28034210205078,6894400.0
2015-05-15,61.38785103374082,61.47880875567225,61.21420619422339,61.40439224243164,3872300.0
2015-05-18,61.36302115995981,61.84261508356721,61.32994506433652,61.768192291259766,6792200.0
2015-05-19,61.85088487991733,62.214709309799595,61.69377500490583,62.0576057434082,5869200.0
2015-05-20,62.165121513015265,62.40491856115922,61.89224835733879,62.140316009521484,10577000.0
2015-05-21,62.12375920851577,62.21471690424441,61.91703831979083,62.1485710144043,4537900.0
2015-05-22,62.04106573011501,62.29739758699619,61.9501080437468,61.999725341796875,4612300.0
2015-05-26,61.809527817890405,61.87567999718214,61.247246911148785,61.371280670166016,9533800.0
2015-05-27,61.58628011301624,62.14856109292967,61.42089964326531,62.0824089050293,13043700.0
2015-05-28,62.074149228042906,62.29740501571983,61.82608163407212,62.12376022338867,5766400.0
2015-05-29,62.02452587301899,62.52892525392546,61.77645832848082,61.966644287109375,9839200.0
2015-06-01,62.32223205145886,62.45453017425042,61.801291238544096,62.2147331237793,7466700.0
2015-06-02,62.01625300889031,62.09066948436362,61.56973523019196,61.809532165527344,5722400.0
2015-06-03,62.01626210194762,62.07414369423128,61.75165963599079,61.9253044128418,5357600.0
2015-06-04,61.69377726565938,61.94184483438685,61.280335523527164,61.49532699584961,6479500.0
2015-06-05,61.41263842343195,61.51186672043968,60.974391151734274,61.47052001953125,7772200.0
2015-06-08,61.48705773061419,61.61935581048857,61.164573669433594,61.164573669433594,6736600.0
2015-06-09,61.363020793349406,61.363020793349406,60.90823867564168,61.14802932739258,8297500.0
2015-06-10,61.28860920849165,61.97491774041097,61.17284601955968,61.9005012512207,7728800.0
2015-06-11,62.380074721206405,62.421415098748966,61.99143858231854,62.32219314575195,4912000.0
2015-06-12,62.01627933791124,62.10723705229662,61.470533051598984,61.553226470947266,6330600.0
2015-06-15,61.16459449971354,61.75168122920224,60.850374624337455,61.627647399902344,7150200.0
2015-06-16,61.594538035953725,61.96663932295188,61.46223998245292,61.933563232421875,6041400.0
2015-06-17,62.007986156103456,62.14856113263653,61.602815045039584,61.991451263427734,5132100.0
2015-06-18,62.1072342204528,63.0746866199429,62.08242871922822,62.86796569824219,9511200.0
2015-06-19,62.92687839523656,63.06793766099593,62.77753269682094,62.81901550292969,10327400.0
2015-06-22,63.283635445770166,63.607236640220336,63.233853568324285,63.30853271484375,6635000.0
2015-06-23,63.39981876598018,63.598952653402776,63.20897763986742,63.43300247192383,4631600.0
2015-06-24,63.35003203692206,63.40811301921824,62.79411315917969,62.79411315917969,7294400.0
2015-06-25,62.984937219248984,63.441285862079006,62.81898707884214,63.142581939697266,9232500.0
2015-06-26,63.23385348377829,63.474476441696076,62.82728671436234,63.05131149291992,6147500.0
2015-06-29,62.50371212068535,62.82730708929426,61.47483989861083,61.50802993774414,13675900.0
2015-06-30,62.17179933655853,62.18839118595217,61.52460959424304,61.7237434387207,8722200.0
2015-07-01,62.36267084668618,62.44564279483589,62.022477629812336,62.3875617980957,7756500.0
2015-07-02,62.52858241354842,62.5700715313489,61.972663684985285,62.09711837768555,5678800.0
2015-07-06,61.51631252964883,62.46220623499749,61.51631252964883,62.07223129272461,9352600.0
2015-07-07,62.155223043639836,62.370948791503906,61.30889291467278,62.370948791503906,10653300.0
2015-07-08,61.87311140238007,62.06395253667957,61.284002476150405,61.300594329833984,13074900.0
2015-07-09,61.96438613213722,62.12203723815268,61.59930202572366,61.63249206542969,6654600.0
2015-07-10,62.404134444723795,62.53689458517675,62.04734948019637,62.462215423583984,8059500.0
2015-07-13,62.91027224742053,63.12600431337946,62.73602930849863,62.99324417114258,7815100.0
2015-07-14,63.02642859119963,63.70680843366343,62.88537570040442,63.623836517333984,5831800.0
2015-07-15,63.822968127688775,64.10508022966344,63.524264175175,63.70680618286133,6994900.0
2015-07-16,63.93914360473292,64.09679470480059,63.756601558413,64.00552368164062,5109200.0
2015-07-17,63.93085151315053,63.94744336737513,63.6072565477735,63.864471435546875,3877900.0
2015-07-20,63.947445975462216,64.22125905898024,63.88106589515126,64.07190704345703,3874800.0
2015-07-21,64.04702764094985,64.21297154128715,63.499401375199504,63.7898063659668,8140200.0
2015-07-22,63.61555257772475,63.988935785662015,63.515988786557166,63.93085479736328,5765400.0
2015-07-23,64.04698988605988,64.17974366200225,63.58233584438587,63.6984977722168,5677400.0
2015-07-24,63.059635161021,63.10112429524186,61.98928006772446,62.10544204711914,13229700.0
2015-07-27,61.95606177428829,62.171793779226796,61.72373792143921,62.047332763671875,11037000.0
2015-07-28,62.39583716779034,63.184086281359775,62.08054132057383,63.16748809814453,11445100.0
2015-07-29,63.44127336721712,63.56573436542182,63.00981574783676,63.27532958984375,9367000.0
2015-07-30,63.217279698498025,63.33344166580903,62.69454451524605,63.18408966064453,5381100.0
2015-07-31,63.42469006026278,63.83125680080673,63.383200945159246,63.54914474487305,7910300.0
2015-08-03,63.61555162329218,63.806392770755075,63.067931789027654,63.4993896484375,8447800.0
2015-08-04,63.81465185699874,63.84783554585144,63.26702603569608,63.46615982055664,10778700.0
2015-08-05,63.856173794738396,64.1050959262339,63.748310913945154,63.99722671508789,5391200.0
2015-08-06,64.05530626268556,64.113387248016,62.545194313741845,62.603275299072266,13360200.0
2015-08-07,62.58668194113763,62.702843909007576,61.839921911721895,62.49541091918945,10863600.0
2015-08-10,62.702844751310984,63.27536183661256,62.702844751310984,63.001548767089844,7951100.0
2015-08-11,62.570093954421985,62.80241790452056,62.15522794914515,62.470523834228516,7914900.0
2015-08-12,61.9975712885556,62.57838111178124,61.31719135405457,62.512001037597656,9665900.0
2015-08-13,62.56178992422467,62.794113855987426,62.22159678817751,62.370948791503906,6329300.0
2015-08-14,62.19668784819783,62.57836367286215,62.06393406717789,62.54517364501953,5504000.0
2015-08-17,62.33776914675551,63.1923985101522,62.0888533199482,63.17580032348633,5796000.0
2015-08-18,63.10941319418188,63.424715402109854,62.98495845984475,63.08452224731445,5465900.0
2015-08-19,62.74435195869856,63.25878187714028,62.3792677608204,62.82732391357422,10070300.0
2015-08-20,62.36265600891136,62.6032727021901,61.366973876953125,61.366973876953125,12992900.0
2015-08-21,60.75297545853352,61.27570431728452,59.48348656560071,59.49177932739258,24008300.0
2015-08-24,55.915641212322605,58.969055347789336,46.98772592754429,56.96110534667969,33675700.0
2015-08-25,58.74502225843688,59.19307192292756,56.305608396632245,56.388580322265625,17883700.0
2015-08-26,57.948481093518325,58.828001337161936,56.562830142863355,58.769920349121094,26115600.0
2015-08-27,59.533252593925496,59.997900344556065,58.65373897156025,59.9149284362793,18689700.0
2015-08-28,59.616235604305345,59.93983053809217,59.1018058789786,59.57475280761719,10045600.0
2015-08-31,59.30923587911274,59.82366557864079,58.33844479608551,58.487796783447266,15143100.0
2015-09-01,56.95278549194336,57.88208730930459,56.687271591318826,56.95278549194336,21723600.0
2015-09-02,57.89868386582609,58.12271499633789,57.17682125281331,58.12271499633789,12491700.0
2015-09-03,58.454593401760285,58.778188245427664,57.57507986054639,57.70783996582031,14080100.0
2015-09-04,56.82834133030314,57.47553125948476,56.5711264431547,56.985992431640625,16587900.0
2015-09-08,58.03145128110643,58.66204296909367,57.68295907102164,58.579071044921875,11697400.0
2015-09-09,59.25945594857089,59.30094507933126,57.525319164852,57.6746711730957,12424000.0
2015-09-10,57.69958175716687,58.67036697597641,57.51703964825813,58.23060989379883,17313700.0
2015-09-11,57.98995833502294,58.628855402811624,57.82401449760728,58.60395812988281,7633000.0
2015-09-14,58.62056257265702,58.728425445462065,58.15590838363404,58.42142868041992,6232200.0
2015-09-15,58.71183681819072,59.40050955217534,58.496104730374284,59.259456634521484,8414600.0
2015-09-16,59.28432152078773,59.533243538104415,58.83627201817747,59.42538070678711,12003400.0
2015-09-17,59.36731625197157,60.78615695230018,59.36731625197157,59.964717864990234,19149000.0
2015-09-18,59.14114458430275,59.682426420955366,58.96627008691595,59.0495491027832,23716000.0
2015-09-21,59.45758685355727,59.599151008725364,57.875380924529516,58.26676940917969,23860100.0
2015-09-22,57.46733681027378,58.00861858767666,57.25915199998777,57.908687591552734,29234000.0
2015-09-23,57.95867958980664,58.39170777477277,57.550638931638126,57.850425720214844,9578700.0
2015-09-24,57.37572297574206,57.600559728338354,56.61792737533866,57.25914001464844,20064500.0
2015-09-25,57.71715636700812,57.89203085008959,55.25224890744169,55.693599700927734,30973700.0
2015-09-28,55.343846747501395,55.46042972782312,53.070469101283884,53.53680419921875,66470200.0
2015-09-29,53.678372977058004,54.944140234624314,53.361934339314665,54.02812194824219,31776000.0
2015-09-30,54.82754672377665,55.310536992014654,54.44448744826595,55.152320861816406,26565600.0
2015-10-01,55.285559676880816,55.75189163544639,54.752607051864025,55.71025848388672,19853100.0
2015-10-02,54.985778432974065,56.87610032113041,54.72763126673569,56.86777114868164,23741800.0
2015-10-05,57.35908953965557,57.475672551365015,56.45973578551093,57.017669677734375,18389800.0
2015-10-06,56.834475103708876,57.00102047478123,54.88586757830792,55.67696762084961,30431600.0
2015-10-07,56.08498382995213,56.84277955127219,55.402137940320024,56.56797409057617,27466100.0
2015-10-08,56.24321443864298,56.91773125482934,55.68528061900002,56.734527587890625,23182700.0
2015-10-09,56.82612031724768,57.234167093073225,56.57630237323379,56.992671966552734,13890000.0
2015-10-12,56.74286421808476,57.32577927741794,56.66792071901234,57.142581939697266,11074500.0
2015-10-13,56.88442496576793,57.617239685647235,56.3681306167227,56.426422119140625,17273300.0
2015-10-14,56.726204031941315,57.19253601205522,56.15994104753298,56.31815719604492,21786200.0
2015-10-15,56.0100408053618,57.57558822631837,55.9517493150415,57.57558822631836,22133300.0
2015-10-16,57.73382169080283,58.175172537653125,57.592257523567284,58.09189987182617,17657000.0
2015-10-19,57.900350326288645,58.458284015070134,57.58391174607571,58.30006790161133,15694700.0
2015-10-20,58.1168565065065,58.300060105978226,57.1342242165809,57.38404846191406,14802000.0
2015-10-21,57.70883967368988,57.93367650343023,55.92677796747638,56.86777114868164,36068300.0
2015-10-22,56.95105082976321,57.04265267809405,55.81852466248905,56.52635192871094,35524500.0
2015-10-23,57.109244702738835,58.03358554240401,56.876078788822326,57.73379898071289,26524200.0
2015-10-26,57.592247743562815,58.35003713319071,57.40071492671845,57.958648681640625,17831900.0
2015-10-27,58.11685370161212,59.0245361328125,58.108524532957816,59.0245361328125,25160900.0
2015-10-28,58.93294035846315,59.549171835956734,58.40831703893789,59.51586151123047,18158000.0
2015-10-29,59.857284473152234,60.78995455627032,59.532516731046734,59.78234100341797,22780700.0
2015-10-30,59.96555194288962,60.13209724260434,59.40761184692383,59.40761184692383,12427200.0
2015-11-02,59.74903322346838,60.71501367429372,59.40760712689533,60.67337417602539,18646600.0
2015-11-03,60.51516634711308,60.64840769117071,60.03217600484961,60.45687484741211,10428700.0
2015-11-04,60.67339336276782,60.69004535536375,59.82399561453429,60.19040298461914,11533000.0
2015-11-05,60.232017696247446,60.24866968198712,59.43258896155174,59.99885177612305,9172000.0
2015-11-06,59.632444292651684,59.80731873197006,59.05785231110932,59.749027252197266,12661100.0
2015-11-09,59.64076316716357,59.64076316716357,58.94958834538367,59.29100799560547,15625000.0
2015-11-10,59.30769461693645,59.82398892252345,59.19111162191379,59.69075393676758,9737400.0
2015-11-11,59.91558729622491,59.91558729622491,59.09117720663965,59.09950637817383,10580900.0
2015-11-12,58.941286912608206,59.032888744299534,58.07523727416992,58.07523727416992,10870800.0
2015-11-13,57.95863593984052,58.52489874143121,57.85871132110343,57.93365478515625,18196800.0
2015-11-16,57.808759718925735,58.65815734863281,57.80043690043787,58.65815734863281,12959800.0
2015-11-17,58.774716427121035,59.29933967675113,58.47492989781984,58.90795135498047,7882300.0
2015-11-18,58.94128922384601,60.123777556943,58.94128922384601,60.05716323852539,12816300.0
2015-11-19,59.67410360200617,59.74904709233041,58.999580422603465,59.0495491027832,11128000.0
2015-11-20,59.35764332246068,59.84896270586001,59.35764332246068,59.557498931884766,9224500.0
2015-11-23,59.44092217752596,59.77401913025134,59.23273737623459,59.40761184692383,10362700.0
2015-11-24,59.04121569631384,59.64911180744848,59.00790536301522,59.5908203125,7174700.0
2015-11-25,59.749024044523004,59.99884828916284,59.62411192220309,59.91556930541992,4594400.0
2015-11-27,60.0738317498211,60.14045243985602,59.87397603301504,60.03219223022461,2658000.0
2015-11-30,60.12375456262371,60.13208373172677,59.21607208251953,59.21607208251953,8846100.0
2015-12-01,59.52420523407129,60.265342668873785,59.39096390258948,60.21537399291992,10659200.0
2015-12-02,60.28200494148636,60.465208626876304,59.61581087703159,59.70741271972656,9875100.0
2015-12-03,59.75738618782592,59.8323296905952,58.14186958184317,58.40001678466797,13191400.0
2015-12-04,58.65814988217757,59.86561915206353,58.51657939304885,59.774017333984375,14929800.0
2015-12-07,59.6491180675318,59.95723391790801,59.13282373045997,59.44093322753906,8511000.0
2015-12-08,58.991247847969944,59.74071447447054,58.991247847969944,59.57416915893555,7483600.0
2015-12-09,59.29936959063028,59.87396178719595,58.74143573925916,58.97460174560547,17593600.0
2015-12-10,58.97459236773557,59.82398359197327,58.91630087541824,59.41594314575195,9778500.0
2015-12-11,58.78307285681198,59.02456805202897,58.466634163060874,58.54158401489258,15178300.0
2015-12-14,58.766406725966064,58.999572691930226,58.016940154441215,58.92462921142578,21091500.0
2015-12-15,59.56584176972995,59.97388225230926,59.37431528646275,59.69075393676758,14006300.0
2015-12-16,60.190400629429455,60.55680798517716,59.34933208705277,60.465206146240234,15273700.0
2015-12-17,60.631754898668554,60.631754898668554,59.765705142879185,59.815673828125,11469100.0
2015-12-18,59.65926600273383,59.73453332683256,58.94008247813152,58.94844055175781,15159800.0
2015-12-21,59.29967308339748,59.483646392822266,58.99861656949014,59.483646392822266,6707200.0
2015-12-22,59.692699997143016,59.968669471192165,59.34983405258466,59.88504409790039,7495800.0
2015-12-23,60.26139795860658,60.66280892576797,60.20285952383418,60.52900314331055,8091000.0
2015-12-24,60.328295154380946,60.77988005722535,60.3032081675913,60.5875358581543,2568300.0
2015-12-28,60.41191979889779,60.462100152046496,60.13595656752576,60.30320739746094,6534700.0
2015-12-29,60.704596506641344,61.18127464919785,60.57916160618812,61.03910446166992,7243100.0
2015-12-30,60.972209417151774,61.13109575488723,60.72132684989347,60.77986526489258,8496500.0
2015-12-31,60.56244115455086,60.83841073449368,60.236297607421875,60.236297607421875,6591700.0
2016-01-04,59.18258063684789,59.374924749666235,58.547022655812064,59.14913558959961,19666300.0
2016-01-05,59.31642150717846,59.69273912375868,59.17425764137804,59.43349838256836,14540000.0
2016-01-06,58.588845599352226,59.35821584696552,58.53867163675899,58.94844055175781,14651700.0
2016-01-07,57.81109805883257,58.5470166266582,57.59367337307204,57.752559661865234,17850400.0
2016-01-08,58.09546440674835,58.24599270873183,56.78252558730747,56.88287353515625,17022800.0
2016-01-11,57.13377002452503,57.15885701757274,55.41106177965519,56.20551300048828,28563800.0
2016-01-12,56.65708887824363,57.25083767872243,55.996437186953194,56.9246940612793,13727000.0
2016-01-13,57.03340829188945,57.30101348345625,55.176900864263466,55.23543930053711,16202500.0
2016-01-14,55.37760733372474,57.083592951030845,55.034734766718756,56.715633392333984,23342300.0
2016-01-15,55.277243972985694,56.18041380785118,55.12671566717478,55.921173095703125,17882300.0
2016-01-19,56.531662491089115,56.740729294961646,55.30234866348465,55.91282653808594,13495200.0
2016-01-20,54.92600735297136,56.56508962497736,54.24026878631365,56.021514892578125,24665600.0
2016-01-21,56.163668991662156,56.447996578595266,55.32740237568297,55.854248046875,17102800.0
2016-01-22,56.640351837762964,56.89122804373078,56.37274672327178,56.740699768066406,11343800.0
2016-01-25,56.57345840354442,56.94977596539049,56.13859603230736,56.213863372802734,10131900.0
2016-01-26,56.24732288572721,56.74908183358566,55.81246045209501,56.6403694152832,12449700.0
2016-01-27,56.5400041906654,57.13375290903631,55.60338298945794,55.996429443359375,15924700.0
2016-01-28,56.26404370374919,56.297495149947984,54.399171834696176,54.691864013671875,26127300.0
2016-01-29,54.57477635604702,55.61174546242142,54.4158836130587,55.5866584777832,17578200.0
2016-02-01,55.21033873217653,55.95462215377434,54.917646588969646,55.6702880859375,16705700.0
2016-02-02,55.277242610151234,55.42777091225094,54.70022276894427,54.86747360229492,12968700.0
2016-02-03,55.0263599725768,55.285600648240326,53.99774896426321,55.2270622253418,19453100.0
2016-02-04,55.059805693855786,55.54484199240086,54.43260556373326,54.92600631713867,18958100.0
2016-02-05,54.624954853980185,54.77548315449867,53.57962120599357,53.8555908203125,16744000.0
2016-02-08,53.253481085363894,53.47927355084208,52.4841138115006,53.11967849731445,24652800.0
2016-02-09,52.47575710471698,54.04793685336872,52.41721866674089,53.51272964477539,20741700.0
2016-02-10,53.863952584883634,54.825654388815984,53.822136688969216,53.98938751220703,14728500.0
2016-02-11,53.0193273538037,53.54617324981414,52.71827073316612,53.11967849731445,22801100.0
2016-02-12,53.412353569587125,53.8555770926281,52.96077197324409,53.83049011230469,10316000.0
2016-02-16,54.40752576583458,54.86747514076117,54.22354601586394,54.84238815307617,17303000.0
2016-02-17,55.26887604784816,55.60338408201001,54.85074260019837,55.5364875793457,12140000.0
2016-02-18,55.60338395098921,55.829179585105685,55.05980919428332,55.1936149597168,9722100.0
2016-02-19,54.92601169964731,55.293971187044704,54.79220592960816,55.13507843017578,8875100.0
2016-02-22,55.586665040544375,55.929531171429495,55.494675165870454,55.921173095703125,7515700.0
2016-02-23,55.770637818962356,56.06332993806292,55.444494260506055,55.50303268432617,8211900.0
2016-02-24,55.18524905725447,55.76227524018792,54.59986479935814,55.687007904052734,11118600.0
2016-02-25,55.93789829180664,56.41457021954435,55.661928654639865,56.38111877441406,9496400.0
2016-02-26,56.64034520327972,56.86613440022418,56.230569935175076,56.2807502746582,10365700.0
2016-02-29,56.11350388050925,56.25566771254676,55.36086244588466,55.385955810546875,11091700.0
2016-03-01,55.6953504999383,56.590155445935686,55.327397559478854,56.57343292236328,14549100.0
2016-03-02,56.439662996466176,56.68218121337394,56.32258611660883,56.66545867919922,10923700.0
2016-03-03,56.52325710132274,56.57343743645872,55.98804698139692,56.506534576416016,10815000.0
2016-03-04,56.50656399694343,56.732353291886405,56.113517464810066,56.372764587402344,9855700.0
2016-03-07,56.004791443770365,57.016673557221715,55.99642698888954,56.8243293762207,11082400.0
2016-03-08,56.48983644680476,56.67380982105976,56.05497404893853,56.13024139404297,8204200.0
2016-03-09,56.28076354223055,56.473101351597286,55.845901191974555,56.23058319091797,13032500.0
2016-03-10,56.50655626150572,56.8912382840659,55.82918208919437,56.2640380859375,11287700.0
2016-03-11,56.623626515573946,57.36790348677388,56.58181700203585,57.35953903198242,10618300.0
2016-03-14,57.15047997533385,57.3428241800321,56.974864682458296,57.117034912109375,6140900.0
2016-03-15,56.74070649782792,56.8577833505407,56.063332367102554,56.23058319091797,15226500.0
2016-03-16,56.12186585297178,56.42292241350505,55.653558483346416,56.096778869628906,16881300.0
2016-03-17,56.04658751863659,56.054951971511755,54.909270755732436,55.444480895996094,20920400.0
2016-03-18,55.542679170229526,56.298020599273,55.44196484532447,56.09659194946289,19524800.0
2016-03-21,56.14697143633203,56.54142800601763,56.05465154116732,56.42393112182617,12183600.0
2016-03-22,56.23928561128193,57.16247806592928,56.23928561128193,56.98623275756836,13200200.0
2016-03-23,56.944270571055206,57.044984926608855,56.53303149130234,56.5833854675293,9105100.0
2016-03-24,56.33160157068305,56.76801757957246,56.12178482729223,56.55820083618164,8492800.0
2016-03-28,56.70928145791946,56.76802990269797,56.31482487022081,56.39875030517578,7156300.0
2016-03-29,56.29802987593639,57.103725398644215,56.10499565550174,57.05337142944336,10455600.0
2016-03-30,57.338727254189834,57.48979558630704,56.96105962544669,57.061767578125,7607700.0
2016-03-31,56.97784082493346,57.31354893328754,56.86034394747447,56.885520935058594,8602700.0
2016-04-01,56.65053192626009,57.74158176904293,56.54142950322186,57.53176498413086,9120200.0
2016-04-04,57.6660474732214,58.42978368453308,57.65765300850905,58.219966888427734,17381200.0
2016-04-05,57.54016110661523,57.80872637280441,57.33034429230803,57.464630126953125,16555000.0
2016-04-06,57.48139955257931,59.03404234392724,57.48139955257931,59.00886535644531,24546600.0
2016-04-07,58.589209065700324,58.98366545796416,58.060473324657764,58.36260986328125,19216700.0
2016-04-08,58.72353021801467,58.74870721089462,57.859085979264805,58.203182220458984,12883800.0
2016-04-11,58.17799152581413,58.34584237421642,57.63246666385755,57.758358001708984,8695500.0
2016-04-12,57.74995444817277,58.3542276522639,57.741566389242585,58.228336334228516,13510500.0
2016-04-13,58.49690890662403,58.8074400100627,58.186384206284586,58.773868560791016,9706200.0
2016-04-14,58.7570763033183,59.000464467891064,58.58921908476906,58.807430267333984,6655200.0
2016-04-15,58.95010069620908,58.95010069620908,58.371010934178585,58.76546096801758,7945300.0
2016-04-18,58.59764395692552,59.37816281972584,58.50532403958666,59.31101989746094,11505400.0
2016-04-19,59.41171439314555,59.83974237542762,59.193503170380275,59.520816802978516,6655000.0
2016-04-20,59.5376117062856,60.125096130668744,59.48725132483848,59.83974838256836,10763400.0
2016-04-21,59.873312255807875,60.326517261323396,59.79778128977189,60.192237854003906,12463100.0
2016-04-22,60.22579917072119,60.51954132770244,59.95723399818135,60.318119049072266,12052800.0
2016-04-25,60.09150145547611,60.27614117552955,59.89007921682578,60.083106994628906,8937500.0
2016-04-26,60.20061263673186,60.20061263673186,59.680264896122324,59.856510162353516,7433500.0
2016-04-27,59.89849174920987,60.04116561116988,59.53760666107019,59.78938293457031,9121200.0
2016-04-28,59.4452951333794,60.08313357176275,59.17672989534948,59.50404357910156,19512000.0
2016-04-29,58.96689759134404,59.08439445187991,58.21995051946663,58.57244110107422,13577900.0
2016-05-02,58.68155925536507,58.93334196874529,58.43817100659098,58.908164978027344,9074800.0
2016-05-03,58.69834138378109,59.08440347062794,58.49691267517432,58.72351837158203,9436800.0
2016-05-04,58.35424076950157,58.45495512718878,58.00175012224613,58.16121292114258,11802000.0
2016-05-05,58.169581661115835,58.48850715297864,58.04369675969392,58.40457534790039,10145200.0
2016-05-06,58.19475757052756,58.36261477449751,57.5820963845557,58.06047821044922,14164300.0
2016-05-09,58.06049661272561,58.90815815292175,58.035319624924675,58.72351837158203,13606600.0
2016-05-10,58.958518193338556,59.22708342934078,58.7990553833965,59.21868896484375,11073000.0
2016-05-11,59.12637364376023,59.27744200090485,58.49692322284114,58.50531768798828,8452500.0
2016-05-12,58.63120045081651,58.807445774444226,57.82550479861841,58.16121292114258,11322900.0
2016-05-13,58.09404793942397,58.47171543180705,57.97655110165602,58.02690505981445,11947300.0
2016-05-16,58.03531922811688,58.94172920135098,58.01014224048809,58.81583786010742,8338100.0
2016-05-17,58.70674128736075,58.85780964774138,57.99336540899151,58.203182220458984,14920000.0
2016-05-18,58.11082903111396,58.74027910503057,58.052080613672295,58.446537017822266,11515200.0
2016-05-19,58.11085334012876,58.37941856122254,57.582117361972244,57.95139694213867,8765700.0
2016-05-20,58.16961118100573,58.68995918230732,58.14443418794454,58.4885368347168,7925700.0
2016-05-23,58.40459434049812,58.513703161341866,58.203172029624774,58.25353240966797,5061400.0
2016-05-24,58.54726768066656,59.18510599008442,58.471730321096594,59.09279251098633,11936400.0
2016-05-25,59.252265101876226,59.579578809021555,59.24387063671586,59.46208190917969,8949200.0
2016-05-26,59.48724150668749,59.587955849859206,59.277424760737276,59.470458984375,5257700.0
2016-05-27,59.428486432155616,59.87329685936175,59.428486432155616,59.739017486572266,9641300.0
2016-05-31,59.923664519244916,60.02437246031807,59.62152788982746,59.88169860839844,7669800.0
2016-06-01,59.69703323245775,60.23416336472075,59.64667928352567,60.099884033203125,9301700.0
2016-06-02,60.0495654120733,60.87204360961914,59.97402804113949,60.87204360961914,12473100.0
2016-06-03,60.687413936641725,60.88884269065202,60.18385485781815,60.670631408691406,13896000.0
2016-06-06,60.678994270833364,61.10701574320178,60.527925985556934,60.9979133605957,9117600.0
2016-06-07,60.74615090427326,60.80489934564384,60.4691976252976,60.62026596069336,6439100.0
2016-06-08,60.56990478581122,60.939184357068974,60.43562538005372,60.830081939697266,4621300.0
2016-06-09,60.6957986635723,61.12382669329105,60.55312478803273,60.7293701171875,9608500.0
2016-06-10,60.376862375586505,60.41043381970285,59.96561698748488,60.242576599121094,10270900.0
2016-06-13,60.02436517552101,60.477570064644446,59.74741196808299,59.76419448852539,8538400.0
2016-06-14,59.621516474045265,59.88168714280114,59.36973386337341,59.856510162353516,8000500.0
2016-06-15,60.01599149000801,60.14188283431935,59.394929232232016,59.445289611816406,7861100.0
2016-06-16,59.2690435023426,59.75581354244949,58.975294901825066,59.65510559082031,9341200.0
2016-06-17,59.74356930086046,59.76884763811423,58.81666050459609,59.035743713378906,10799100.0
2016-06-20,59.541351062437215,59.827847528119456,59.330689627479046,59.406524658203125,7983700.0
2016-06-21,59.60874329485833,59.6677282251029,59.06945066722936,59.20427703857422,7014900.0
2016-06-22,59.20428380919095,60.03850118344406,59.1537206997166,59.37281036376953,11207600.0
2016-06-23,59.89525854547604,60.156476658055304,59.61718391854397,60.148048400878906,7626900.0
2016-06-24,58.43746941188907,59.322249838270544,58.184679596405466,58.40376281738281,22576500.0
2016-06-27,58.00771428020686,58.20995383299252,57.37573014272066,57.62009811401367,18241500.0
2016-06-28,58.02459323148337,58.79139760517669,58.01616497297227,58.740840911865234,13652400.0
2016-06-29,59.15373874751571,60.0300912422265,59.15373874751571,59.86156463623047,8968400.0
2016-06-30,59.979512004624716,60.45981972296924,59.68458734053168,60.42611312866211,9535200.0
2016-07-01,60.56093370260636,60.948549856681616,60.367122411131284,60.805301666259766,6793100.0
2016-07-05,60.442987495305,60.99070213518494,60.442987495305,60.746334075927734,8359800.0
2016-07-06,60.653623608454104,61.55525400195668,60.58621042809183,61.428855895996094,18791500.0
2016-07-07,61.799625234024155,61.808053490111526,61.05809942022882,61.33617401123047,8022400.0
2016-07-08,61.63952930280772,62.11140879976479,61.310898020444625,62.09455871582031,11013200.0
2016-07-11,62.279945276766604,62.44004358428469,61.86704426489427,61.926029205322266,7375100.0
2016-07-12,62.06083217231251,62.32205017718863,62.01026907897842,62.2293586730957,10237200.0
2016-07-13,62.42316826256392,62.50743151069796,62.145093757735204,62.204078674316406,6401900.0
2016-07-14,62.616968705220465,62.911899696345756,62.246209153620796,62.47372055053711,4813200.0
2016-07-15,62.709695169076596,62.88665000510292,62.347357239438814,62.42319869995117,7131300.0
2016-07-18,62.44003899837473,62.56643712683037,62.22094933764335,62.44846725463867,3954300.0
2016-07-19,62.524294342831766,62.67597079196236,62.128256352928325,62.31363296508789,6634700.0
2016-07-20,62.60014120415663,62.98775740131504,62.51587793153534,62.87821578979492,6855000.0
2016-07-21,62.87819916542404,63.189973834580236,62.81921424729661,63.063575744628906,9230800.0
2016-07-22,63.05516723936439,63.26582862415803,62.86978419212594,63.18998718261719,5446500.0
2016-07-25,63.206867670223716,63.25742436451209,62.7349816176473,63.12260437011719,5868400.0
2016-07-26,62.87818441982132,63.10569578528076,62.76021461123162,63.013004302978516,6904200.0
2016-07-27,62.88664048959394,63.40065483360297,62.768670616759984,63.29954147338867,7983100.0
2016-07-28,63.19841233373664,63.400645453119616,62.92876603160103,63.24054718017578,5470100.0
2016-07-29,63.12259700503034,63.48492851032412,62.97092051098499,63.36695861816406,4889200.0
2016-08-01,63.42595450606227,64.04108884605307,63.42595450606227,63.77144241333008,9255100.0
2016-08-02,63.821951692283754,63.821951692283754,63.13941107288183,63.52702713012695,12149300.0
2016-08-03,63.484929080216276,63.52706394017037,63.22371094935652,63.3501091003418,9761200.0
2016-08-04,63.39223070795821,63.493344064506765,63.17314105397689,63.25740432739258,8415500.0
2016-08-05,63.535497740869864,63.535497740869864,63.055189868324646,63.40909957885742,8244400.0
2016-08-08,63.35853280622595,63.35853280622595,62.65070706888712,62.86979675292969,6655500.0
2016-08-09,63.20685601428279,63.24056261388513,62.84451810465333,63.0214729309082,11261100.0
2016-08-10,62.9961778644822,62.9961778644822,62.642261877051965,62.810794830322266,7031600.0
2016-08-11,62.979322557354536,63.24054703269308,62.86135270225,63.173133850097656,6599800.0
2016-08-12,63.05513913270586,63.08041745899331,62.78549293751907,63.013004302978516,6211900.0
2016-08-15,63.01305629398877,63.265852623186056,63.01305629398877,63.12260437011719,4122500.0
2016-08-16,63.02989602824479,63.03831785579856,62.55801010131836,62.55801010131836,6042300.0
2016-08-17,62.423188199212376,62.734962959769994,62.296790072205546,62.68440628051758,7296300.0
2016-08-18,62.67595299408353,62.84448590574594,62.51585476409578,62.709659576416016,4180100.0
2016-08-19,62.583284835992075,62.70126113258347,62.38947995140572,62.65912628173828,4323500.0
2016-08-22,62.684414105026505,63.0214736761592,62.61700090502465,62.7855339050293,4090200.0
2016-08-23,63.00461123831007,63.19842256287499,62.81080634262114,62.844512939453125,8557900.0
2016-08-24,62.81921971215139,62.95403963865372,61.706927995790686,61.858604431152344,8670400.0
2016-08-25,61.69008362039126,61.94287987200653,61.06652767631619,61.33617401123047,8766500.0
2016-08-26,61.40359409908183,61.89232371615642,61.201354503523596,61.572120666503906,9974300.0
2016-08-29,61.59738784760473,61.85861233731582,61.44571139285727,61.70693588256836,7372100.0
2016-08-30,61.782800092220526,61.782800092220526,61.344627031924325,61.49630355834961,5497900.0
2016-08-31,61.41200736726003,61.48784881224224,61.0749542793964,61.31089401245117,4756800.0
2016-09-01,61.31090736411879,61.386742396740026,60.87272796827291,61.15080261230469,9501400.0
2016-09-02,61.27719707024051,61.40359521253732,61.04967912833094,61.21821212768555,8052300.0
2016-09-06,61.31929867049086,61.572094844483104,61.226613597492374,61.43727493286133,8735800.0
2016-09-07,61.38671184073863,61.65635809285594,61.2603137537425,61.43727493286133,7561600.0
2016-09-08,61.24347839528584,61.5384030499118,61.18449346436065,61.48784637451172,4822200.0
2016-09-09,61.14238466183035,61.14238466183035,60.240753802813934,60.25761032104492,14135500.0
2016-09-12,59.92054057283687,61.31090736411879,59.903684057447514,61.15080261230469,13023400.0
2016-09-13,60.77161061104262,60.77161061104262,60.0132281901178,60.333431243896484,12194200.0
2016-09-14,60.30815290134508,60.729475754205914,60.089063217772015,60.333431243896484,13108500.0
2016-09-15,60.22387277041272,61.12550316617109,60.08062458344053,60.95697021484375,9613600.0
2016-09-16,60.89692467482634,61.08302549664995,60.761582729533544,60.998435974121094,8691000.0
2016-09-19,61.15068590418288,61.27757338624126,60.70235572750665,60.77848434448242,9919700.0
2016-09-20,61.040727059283284,61.1929843103566,60.939215771468255,60.96459197998047,5286600.0
2016-09-21,61.167604060048895,61.6920693317887,60.7954089368531,61.57364273071289,8485900.0
2016-09-22,61.8274062310889,62.14885536827084,61.793575593899945,62.038883209228516,6501900.0
2016-09-23,61.945871677521176,62.0981354395749,61.83589946095713,61.8443603515625,5420400.0
2016-09-26,61.615946067577724,61.666704944743366,60.98151496002639,61.12532424926758,5534100.0
2016-09-27,61.04917723747831,61.56518162047893,60.913835316925166,61.55672073364258,7839000.0
2016-09-28,61.61595663713445,61.62441752707459,61.142250060775595,61.46369934082031,6522600.0
2016-09-29,61.38756091355246,61.46369601135339,60.203288083038906,60.38092803955078,8857900.0
2016-09-30,60.50780770818008,61.16761501917881,60.473970608415165,60.998435974121094,7453500.0
2016-10-03,60.72772830935377,60.94766616821289,60.47395336038055,60.94766616821289,9187900.0
2016-10-04,60.880018024476286,61.133786628213414,60.524738106983634,60.82926559448242,10594600.0
2016-10-05,60.989969807592054,61.20144682249616,60.896919404732934,61.066104888916016,12842100.0
2016-10-06,60.86309899446348,60.92231231672023,60.473981954809375,60.83772277832031,9308900.0
2016-10-07,60.77849219581198,61.083019610584586,60.44012768453505,60.795413970947266,9920400.0
2016-10-10,60.90537923058927,61.26065906053048,60.90537923058927,61.07455825805664,11039500.0
2016-10-11,60.77849737575549,60.77849737575549,59.2812428369895,59.54347229003906,12499700.0
2016-10-12,59.57730486407923,59.814158088038596,59.20510325284805,59.26431655883789,11746400.0
2016-10-13,58.91751572662691,59.5096489685957,58.72295397354099,59.289710998535156,13623100.0
2016-10-14,59.42504395504203,59.58576855905814,58.875202399936,58.89212417602539,8382400.0
2016-10-17,58.79907446782995,58.91750108679705,58.57067566427435,58.69756317138672,8463000.0
2016-10-18,59.23894884242816,59.52656097973098,59.095146000660364,59.39967346191406,5495800.0
2016-10-19,59.47579600371596,59.52655487789998,59.162814139452976,59.17972946166992,5296700.0
2016-10-20,59.25586143868638,59.644978366936826,59.14588926186009,59.45887756347656,6876000.0
2016-10-21,59.15437021473072,59.15437021473072,58.81600558946206,58.96826934814453,5511600.0
2016-10-24,59.230463796820146,59.28967708714933,58.85826873779297,58.85826873779297,7384700.0
2016-10-25,58.79060582651319,58.96824573153709,58.612965921489305,58.68909454345703,7922100.0
2016-10-26,58.59605361410126,58.689104025160994,58.09697091275075,58.333824157714844,8073700.0
2016-10-27,58.78213970610312,59.01053845920366,58.45223613274927,58.60449981689453,6974700.0
2016-10-28,57.90240443735645,58.06312903482734,57.081879035900805,57.33564758300781,18469300.0
2016-10-31,57.31871874587289,57.32717317781315,56.95497810573156,56.98035430908203,12689000.0
2016-11-01,57.01419913848956,57.17491726611685,56.235965345851525,56.67583465576172,14908700.0
2016-11-02,56.56587298777935,57.00574232915259,56.3797721862793,56.3797721862793,17942900.0
2016-11-03,56.56587841525686,56.8027316567043,55.796098926785874,55.84685134887695,22074200.0
2016-11-04,55.999113668861874,56.70121894114662,55.93990035998043,56.2359733581543,21382600.0
2016-11-07,56.84501098030765,57.82626728840826,56.81118034202489,57.67400360107422,17367800.0
2016-11-08,57.30182478508304,58.223868161494565,57.22569613808369,57.83475112915039,15943900.0
2016-11-09,57.83473238204967,60.5416354051626,57.83473238204967,59.87336730957031,49750100.0
2016-11-10,60.85463327309767,60.9730598956496,60.11022998418053,60.53318405151367,28378900.0
2016-11-11,60.363986300884704,60.363986300884704,59.36581475313477,59.62804412841797,15866100.0
2016-11-14,59.890292252052774,59.95795999088598,59.32352895624036,59.44195556640625,17406200.0
2016-11-15,59.67035832855931,59.67035832855931,59.061303462118296,59.61114501953125,10371600.0
2016-11-16,59.458872119828285,59.74647773246931,59.28123222017959,59.35736083984375,7585000.0
2016-11-17,59.3743067658011,59.611160061680394,59.23049744721587,59.59423828125,12856200.0
2016-11-18,59.64499463027922,59.805712814918124,58.92597388302771,58.95980453491211,12185000.0
2016-11-21,59.08666370769933,59.230466497374664,59.01898952887626,59.1712532043457,6791800.0
2016-11-22,59.14590002991784,59.14590002991784,57.919335716555075,58.31691360473633,14522100.0
2016-11-23,57.34411903536021,58.55376804868274,57.34411903536021,58.54530715942383,13676000.0
2016-11-25,58.714475969590346,58.8244416835972,58.5452905013886,58.77368927001953,4009300.0
2016-11-28,58.66372781373869,58.67218870213509,58.24077374665511,58.333824157714844,6507200.0
2016-11-29,58.469182437732535,58.883675686465175,58.460721547906324,58.71449661254883,7093900.0
2016-11-30,58.75678686870304,58.773708647985266,58.130816564385526,58.156192779541016,8640700.0
2016-12-01,58.223858861228784,58.36766169621394,57.564051544222124,57.73323059082031,11360700.0
2016-12-02,57.834742763918236,58.09697222623325,57.640181049003615,57.86857986450195,7964500.0
2016-12-05,58.10543149822263,58.190021020444966,57.58096613441714,57.767066955566406,5832100.0
2016-12-06,57.9362460300488,57.94470691840548,57.59788148721715,57.927791595458984,5490800.0
2016-12-07,57.47098220922488,57.47098220922488,56.65045055048621,57.42868423461914,12758900.0
2016-12-08,57.25105632141652,57.59787526134965,56.921152702601475,57.53866195678711,7586600.0
2016-12-09,57.74168199479629,58.35073678853528,57.74168199479629,58.24076461791992,12100200.0
2016-12-12,58.24076534153083,58.60450604487947,58.13079962331509,58.51991653442383,15018100.0
2016-12-13,58.73140000813319,59.078218975341635,58.56222096858273,58.993629455566406,11041400.0
2016-12-14,58.98516750559604,59.2981493342623,58.48607843111056,58.68909454345703,11682200.0
2016-12-15,58.92598699577757,59.129003221101,58.71450987871624,59.06978988647461,8210100.0
2016-12-16,59.201469111771,59.3628988422074,58.94658074603777,59.11650848388672,8257100.0
2016-12-19,59.15896161362695,59.42234788017349,58.793625227713285,58.870094299316406,9318300.0
2016-12-20,58.8955696253229,59.031511732414,58.691662946762676,58.827598571777344,4885000.0
2016-12-21,58.861597993131014,58.887085523707945,58.39431147437195,58.49626159667969,5432300.0
2016-12-22,58.41979174214491,58.58971291291835,58.18189951023121,58.572723388671875,4458400.0
2016-12-23,58.58973586524536,59.04853098455767,58.58973586524536,59.01454544067383,4188700.0
2016-12-27,59.090995388095465,59.473321289266856,59.07399938062079,59.13347244262695,5141200.0
2016-12-28,59.19296723756962,59.26093832826898,58.67469901462696,58.683197021484375,4558800.0
2016-12-29,58.71716991515718,58.97205820931949,58.691682382156664,58.78514099121094,5539200.0
2016-12-30,58.79361961426193,58.85309267224035,58.38580621157478,58.572723388671875,6649000.0
2017-01-03,58.88710141513396,59.35439454207593,58.81063880276876,59.337398529052734,11792900.0
2017-01-04,59.430845442721456,59.96610955211511,59.430845442721456,59.80467987060547,9174500.0
2017-01-05,59.753700092601896,60.12752800892139,59.70271854967993,60.110538482666016,5979300.0
2017-01-06,60.12753249633969,60.450391857988606,59.915127750866844,60.28046417236328,5769300.0
2017-01-09,60.28045872051693,60.637303587017385,60.17001059640836,60.53534698486328,5751900.0
2017-01-10,60.637316439882845,61.09611152370714,60.50137427486267,60.747764587402344,10320500.0
2017-01-11,60.82422142390768,61.03662617504368,59.515813861139065,60.13603210449219,23742000.0
2017-01-12,59.838676196409224,60.229500222351774,59.69424249853299,60.19551467895508,9358900.0
2017-01-13,60.2464828428325,60.45888758028644,60.11054069946446,60.254974365234375,5279000.0
2017-01-17,59.88115496857985,60.051076189926604,59.456345433133876,59.949119567871094,6038200.0
2017-01-18,60.06807418916804,60.20401637107734,59.75371923714281,59.87266540527344,6174200.0
2017-01-19,59.855654720072216,59.991596868660274,59.396866173783586,59.490318298339844,6470700.0
2017-01-20,59.490330235862864,59.78770212505123,59.2864234541426,59.337398529052734,7006900.0
2017-01-23,59.260924623340486,59.42235430589857,58.87010066532271,59.09100341796875,10003700.0
2017-01-24,59.03154399975861,59.07402106988573,58.41131914076691,58.683197021484375,8703500.0
2017-01-25,58.73415692404126,59.2609230177472,58.70017138747201,59.235435485839844,6553800.0
2017-01-26,59.10798506003264,59.20994165890067,58.76813621255019,58.776634216308594,6612500.0
2017-01-27,58.91258976813973,59.30342028812692,58.895600236961066,59.26093673706055,7264900.0
2017-01-30,59.1165024875822,59.23544865097132,58.725678453292275,58.972068786621094,7281900.0
2017-01-31,58.65769809188484,59.915130615234375,58.61521454792789,59.915130615234375,14342500.0
2017-02-01,59.91511972822379,60.433387756347656,59.79617360525217,60.433387756347656,19490500.0
2017-02-02,60.136028911808154,60.45039026034796,59.94911170359953,60.416404724121094,14539400.0
2017-02-03,60.61181179683721,60.73925593368225,60.32294446992798,60.67978286743164,15104800.0
2017-02-06,60.56934535737276,60.74776458740234,60.45039920401971,60.747764587402344,11561600.0
2017-02-07,60.790234747834994,61.0281270021547,60.60331755313301,60.80722427368164,11278000.0
2017-02-08,60.48436614564535,60.78173143758478,60.31443849162481,60.71376037597656,6812900.0
2017-02-09,60.705280159099,61.1131001661603,60.654305088996004,60.9346809387207,7869200.0
2017-02-10,61.028147105350016,61.18957034133957,60.8837134008036,61.05363464355469,4440300.0
2017-02-13,61.11310213090126,61.46144259126914,61.11310213090126,61.42746353149414,6465200.0
2017-02-14,61.35948569861603,61.91173934936523,61.31700215545124,61.911739349365234,10403000.0
2017-02-15,61.77580473329502,62.70189293422177,61.71633165485601,62.58294677734375,10091700.0
2017-02-16,62.59993101391701,62.65940408732691,62.07316487651584,62.49797439575195,11332600.0
2017-02-17,62.2600873668925,62.61692583752656,62.2600873668925,62.58294677734375,12118400.0
2017-02-21,62.57444440164029,63.06722500691195,62.57444440164029,62.863311767578125,10651800.0
2017-02-22,62.78685151088671,62.99075827576209,62.718880428568525,62.76985549926758,6634300.0
2017-02-23,62.837836521463565,63.33911523025499,62.7613739033199,63.228660583496094,8685600.0
2017-02-24,63.12668668120721,63.56848565582187,63.10119266933522,63.53450012207031,9103000.0
2017-02-27,63.577001763339666,63.874367165743394,63.4410595896239,63.84038162231445,8178200.0
2017-02-28,63.66194226988043,63.91683052403775,63.52600013910917,63.71291732788086,10258600.0
2017-03-01,64.09525401402396,64.51156547383643,63.90833681269813,64.35013580322266,15196600.0
2017-03-02,64.24818921551673,64.47758348662536,64.13773460024953,64.14623260498047,7889300.0
2017-03-03,64.05278373223015,64.45210574824434,64.02729619624276,64.40113067626953,6635300.0
2017-03-06,64.30766342797287,64.35863849310823,63.92533099322217,64.15473175048828,5886900.0
2017-03-07,63.627975793273784,64.02729781941125,63.50053162802658,63.704444885253906,12330600.0
2017-03-08,63.695928844188195,64.18021134934449,63.65344530710806,63.95930862426758,8130000.0
2017-03-09,63.95081047720069,64.39261592636497,63.90833342229336,64.30765533447266,8451400.0
2017-03-10,64.57953416063089,64.64749874599565,64.31614789481048,64.55404663085938,10455800.0
2017-03-13,64.61353690993364,64.61353690993364,64.24820042768722,64.50308227539062,6898500.0
2017-03-14,64.32463265818444,64.5370373386627,64.1971885534822,64.2651596069336,7296300.0
2017-03-15,64.35864969572071,65.20826883361802,64.35864969572071,65.07232666015625,11044900.0
2017-03-16,64.91090426972734,64.91090426972734,64.19722081399902,64.44361114501953,12129400.0
2017-03-17,64.28500729470868,64.40438469035354,64.05478131898789,64.0888900756836,10401000.0
2017-03-20,64.1059428822991,64.1997403392769,63.86718808474847,63.995094299316406,4728300.0
2017-03-21,64.06330380379332,64.28500747013027,61.675749378800596,63.49199676513672,16650400.0
2017-03-22,63.58579973625299,63.67106838283227,63.19355875752373,63.50905990600586,9954300.0
2017-03-23,63.4323008137164,63.756324207787685,63.19354604907657,63.312923431396484,13250500.0
2017-03-24,63.34703826904297,63.628430628217195,63.08270354074114,63.34703826904297,9229500.0
2017-03-27,62.89511496736106,63.628437034789435,62.77573756155464,63.517581939697266,6946300.0
2017-03-28,63.38965599262159,63.64546835722311,63.193538817928605,63.56019973754883,7392300.0
2017-03-29,63.585799324089365,63.73075667289259,63.43231315900927,63.5772705078125,4357800.0
2017-03-30,63.500520094991046,63.713694927319835,63.32997632578026,63.58578872680664,7137400.0
2017-03-31,63.43229151288995,63.57724881222684,63.33849408259467,63.40671157836914,5895400.0
2017-04-03,63.47495100420815,63.7733945193581,63.210609743149014,63.45789337158203,12354800.0
2017-04-04,63.44083616492701,63.509053677732695,63.24471244200569,63.42377853393555,5228600.0
2017-04-05,63.5090343347608,63.88421752976219,63.18500450041373,63.22764205932617,6470100.0
2017-04-06,63.244722581298575,63.45789746380713,63.05712764379806,63.33852005004883,5253300.0
2017-04-07,63.38113095467433,63.611356868436715,63.21058721709257,63.44934844970703,5638200.0
2017-04-10,63.43232431293074,63.64549921827211,63.270309303085114,63.32999801635742,4530000.0
2017-04-11,63.227673145080374,63.38968163632694,62.89512083991466,63.24472427368164,5472600.0
2017-04-12,63.17650674811398,63.347050562033125,62.98891831117487,63.24472427368164,3782200.0
2017-04-13,63.167986552532966,63.38116144788662,63.08271789550781,63.08271789550781,6671100.0
2017-04-17,63.00595116097973,63.32997455505101,62.95479128443674,63.312923431396484,6149900.0
2017-04-18,62.96330116549087,62.96330116549087,62.38347199757455,62.62222671508789,7519500.0
2017-04-19,62.82688846588,62.98890342441736,62.698982262065236,62.809837341308594,5023100.0
2017-04-20,62.937727147698475,63.32996800699058,62.64781253649165,63.20206832885742,7307300.0
2017-04-21,63.09123141911282,63.150920121274346,62.681939320171146,62.82689666748047,6763000.0
2017-04-24,63.43229082315966,63.60282805516303,63.364073328126956,63.44934844970703,5450000.0
2017-04-25,63.70517518646299,63.90129892259585,63.526109082470654,63.722232818603516,9035700.0
2017-04-26,63.952453357025,64.3276431651718,63.90129347612497,64.07183074951172,6240400.0
2017-04-27,64.08888220154171,64.50670303496409,63.96097600604279,64.20825958251953,6962800.0
2017-04-28,64.25941443743203,64.41290055892188,64.15708818791252,64.37879180908203,5781100.0
2017-05-01,64.48964918006915,64.65166413755472,64.37880060712519,64.52375793457031,7182000.0
2017-05-02,64.58346528994404,64.71990034737158,64.20828189318154,64.70284271240234,5243800.0
2017-05-03,64.50669120185268,64.55785106843572,64.24235004482452,64.38731384277344,8094100.0
2017-05-04,64.60903762352109,64.81369018554688,64.51524666456865,64.81369018554688,4275400.0
2017-05-05,64.95865291941418,64.9757040482052,64.5152520094523,64.77958679199219,5720100.0
2017-05-08,64.72840161575621,64.77956148772655,64.28499437341719,64.37879180908203,6558500.0
2017-05-09,64.41292770077622,64.57494270438944,64.33618135490306,64.45555877685547,3830200.0
2017-05-10,64.35322059870371,64.36174941371479,64.00361074462619,64.26795196533203,4314900.0
2017-05-11,64.16561273919633,64.32762766377806,63.97801788032873,64.30204772949219,6791600.0
2017-05-12,64.27646124303702,64.37025867240284,64.14856157170037,64.19119262695312,2638000.0
2017-05-15,64.22530437536173,64.64312516759996,64.16561569075627,64.60901641845703,7320800.0
2017-05-16,64.54081381880182,64.60050251116935,64.18267515901708,64.36174774169922,5471700.0
2017-05-17,63.84161190309813,64.02067801180776,63.517581939697266,63.517581939697266,11434000.0
2017-05-18,63.48346814670792,64.16563027344169,63.48346814670792,63.79896926879883,10690500.0
2017-05-19,63.909802217251986,64.18266570008734,63.82453359866192,63.97801971435547,9209800.0
2017-05-22,63.91835756598181,64.22532992480605,63.7819290207162,64.14859008789062,4999100.0
2017-05-23,64.23384154217464,64.49817625043377,64.18267515901708,64.36174774169922,4216100.0
2017-05-24,64.3958517315859,64.57492431911191,64.24236558912057,64.52375793457031,5186400.0
2017-05-25,64.66872689569273,64.95864810831851,64.51524723119667,64.83074188232422,4479400.0
2017-05-26,64.77958226765617,64.96717719916235,64.64314722453133,64.71136474609375,4507400.0
2017-05-30,64.50670514086198,64.77956866423058,64.50670514086198,64.6175537109375,4651200.0
2017-05-31,64.7454687218834,65.01833228238627,64.68578002132278,64.87337493896484,5884400.0
2017-06-01,64.98420683150655,65.64078887459623,64.91598933250889,65.5896224975586,9149900.0
2017-06-02,65.7772211973323,66.10124457807147,65.71753250862825,66.01597595214844,4833000.0
2017-06-05,66.0159792892752,66.0841967956937,65.67489826276217,65.82838439941406,5558900.0
2017-06-06,65.70049822555958,65.90514428134412,65.55553436819727,65.66638946533203,4316500.0
2017-06-07,65.75166913381746,65.91368414565866,65.63229170580243,65.84546661376953,4415700.0
2017-06-08,65.8028247983969,65.96483979981949,65.48733011846636,65.65786743164062,6304400.0
2017-06-09,65.74314029905472,66.30592517862266,65.65787163700615,66.10127258300781,13419000.0
2017-06-12,66.05008470363349,66.28883945844963,65.7004813856753,66.01597595214844,7700600.0
2017-06-13,66.07568895725494,66.23770396003698,65.92220277187764,66.15243530273438,5592500.0
2017-06-14,66.26327235303552,66.65551331270179,66.237692410863,66.4679183959961,6782300.0
2017-06-15,66.21209385672961,66.45084859066733,66.03302780627632,66.39968872070312,8186000.0
2017-06-16,66.48363395881516,66.64628583803498,66.15831713754136,66.50931549072266,14165200.0
2017-06-19,66.60346332536328,67.2626463737625,66.56921911706249,67.20272064208984,8294400.0
2017-06-20,67.1941158229363,67.79337929530821,67.16843431566808,67.42526245117188,7697200.0
2017-06-21,67.56226450031808,68.30706121907559,67.51946414517512,68.28137969970703,9481200.0
2017-06-22,68.39266329315757,69.41140702722848,68.36698177572946,68.9919204711914,12341100.0
2017-06-23,68.90631713867317,69.03473126450022,68.63237005156857,68.88919830322266,8779600.0
2017-06-26,69.08607065315984,69.08607065315984,68.71795376855441,68.82068634033203,7434400.0
2017-06-27,68.82070128693485,68.90630851630277,68.17863726955599,68.19576263427734,8428000.0
2017-06-28,68.41835155413861,68.72654285647911,68.3841073503881,68.55532836914062,8674200.0
2017-06-29,68.47828365248026,68.5382093817686,67.51090929927842,67.93038940429688,8445800.0
2017-06-30,68.19576535676886,68.19576535676886,67.8362045288086,67.8362045288086,7817400.0
2017-07-03,68.06737289197619,68.27283162229402,67.94752142167285,67.9560775756836,5904200.0
2017-07-05,68.05023004365256,68.44402856371141,67.81052716460923,68.3584213256836,8955500.0
2017-07-06,68.06735509580186,68.19576921795743,67.38248413191452,67.47665405273438,6367700.0
2017-07-07,67.71635157160355,67.89612871582837,67.5451371098884,67.81908416748047,4371400.0
2017-07-10,67.84476181805954,67.87044333271227,67.51945174677047,67.69066619873047,3580000.0
2017-07-11,67.64786223949335,67.7934017144943,67.27118912264284,67.6136245727539,4117500.0
2017-07-12,67.94750488252761,68.29849652257651,67.93037951584404,68.07591247558594,8808200.0
2017-07-13,68.13583374023438,68.34985508988669,67.67355337262903,68.13583374023438,9437700.0
2017-07-14,68.2813818152167,68.74366877241502,68.14440499912206,68.59812927246094,5750000.0
2017-07-17,68.6837404889558,68.73510352737038,68.33274230935261,68.34986114501953,5743700.0
2017-07-18,68.26424543500656,68.46971062600258,67.93893534638241,68.4012222290039,8042700.0
2017-07-19,68.6922736401686,68.9576644897461,68.6922736401686,68.9576644897461,8177900.0
2017-07-20,69.12035782356371,69.52271914895445,69.00906903349598,69.41143035888672,8276800.0
2017-07-21,69.2658611000331,69.43707553842599,69.21449154338552,69.33434295654297,4043600.0
2017-07-24,69.27442584573518,69.37715844036556,69.00904147387291,69.30867004394531,4476800.0
2017-07-25,69.47132312503226,69.52268615277602,68.70940773357499,68.8121337890625,8486000.0
2017-07-26,68.65806110787773,68.72654952202119,68.39267666734018,68.58101654052734,4964100.0
2017-07-27,68.64950656680821,68.64950656680821,67.82766517203098,68.11016845703125,12536800.0
2017-07-28,68.1358369785342,68.53819818002975,67.84477106425189,68.45259094238281,6426100.0
2017-07-31,68.53817970746758,68.67515647591526,68.38408410866985,68.39264678955078,5516800.0
2017-08-01,68.6409400522106,68.6409400522106,68.15297154718077,68.23857879638672,8678800.0
2017-08-02,68.23002854775022,68.23002854775022,67.84479259040252,68.0844955444336,7718500.0
2017-08-03,68.11871155585715,68.33273289498344,67.8961275343702,68.19576263427734,8003600.0
2017-08-04,68.51252249517776,68.51252249517776,67.95606560597437,68.04167938232422,3930100.0
2017-08-07,67.97317350118693,68.1957575059355,67.91324779199452,68.18719482421875,4583300.0
2017-08-08,68.10160726345549,68.22145871644359,67.73349022030222,67.8704605102539,4423300.0
2017-08-09,67.70780033472396,68.01599164303971,67.58794888498052,67.947509765625,4886500.0
2017-08-10,67.7420319745436,67.80195768830046,67.09141180558694,67.09996795654297,7054700.0
2017-08-11,67.13421156571644,67.62217995386003,67.13421156571644,67.2883071899414,8318600.0
2017-08-14,67.57938312852345,67.8533301934933,67.57938312852345,67.74203491210938,3955800.0
2017-08-15,67.8276486766857,67.96461894346402,67.72491607804204,67.74203491210938,4653800.0
2017-08-16,67.8533448372467,68.0588035474618,67.77629373878189,67.93038940429688,3756900.0
2017-08-17,67.71632581208704,68.00739812397356,67.05714320068462,67.08282470703125,7133400.0
2017-08-18,66.83459155342037,67.22839008097071,66.73185894698447,66.77466583251953,8434600.0
2017-08-21,66.71474071528684,67.15990228437632,66.6205707913886,67.07429504394531,10269000.0
2017-08-22,67.09141357758232,67.96461779130424,67.04860669601983,67.8875732421875,5455500.0
2017-08-23,67.65641870682771,67.67354407003722,67.34822748318012,67.37390899658203,5662500.0
2017-08-24,67.44244000743736,67.66502414993847,67.314025827863,67.57085418701172,5502800.0
2017-08-25,67.71635051134946,67.97317873131401,67.53657336993946,67.58793640136719,5476500.0
2017-08-28,67.77628874355283,68.05879853141128,67.7591699070527,67.947509765625,7432800.0
2017-08-29,67.66499511497192,68.14440087949284,67.6050693944068,68.07591247558594,4243500.0
2017-08-30,67.99887525630506,68.59813252661144,67.98175641918819,68.42691802978516,3667900.0
2017-08-31,68.59813931441012,69.65969020029978,68.59813931441012,69.59120178222656,6987200.0
2017-09-01,69.69390579234813,69.8394387224352,69.27441930245618,69.53981018066406,6471600.0
2017-09-05,69.24875128189821,69.65967517025992,68.92344116336317,69.24018859863281,8076900.0
2017-09-06,69.47987228912515,69.64252402247314,69.17168111979785,69.57403564453125,8791000.0
2017-09-07,69.56550150911693,70.4986314610623,69.5483761435067,70.34453582763672,7251000.0
2017-09-08,70.24180540870955,70.78113682658521,70.12195398251497,70.66128540039062,4302600.0
2017-09-11,70.97805776789077,71.22631683563029,70.82396210398184,71.20919799804688,6286200.0
2017-09-12,71.22628921799746,71.3718286723898,71.08931897619603,71.36326599121094,6984800.0
2017-09-13,71.2776852029634,71.40609934261316,70.96093119601593,71.09790802001953,5873800.0
2017-09-14,70.90098235811013,71.30334348320254,70.81537513671888,71.19205474853516,6373800.0
2017-09-15,71.36819776413246,71.36819776413246,70.88702731284565,70.96435546875,7091300.0
2017-09-18,71.04166007548875,71.23069311709126,70.83544519167373,70.9471435546875,7783100.0
2017-09-19,70.98153962722631,71.06746198046497,70.31133609432727,70.38866424560547,7329200.0
2017-09-20,70.41445588526209,70.53474851751916,69.95047376396009,70.4574203491211,5101800.0
2017-09-21,70.4144711188778,70.49180585946343,70.06218734975592,70.0965576171875,4527900.0
2017-09-22,70.0020410206152,70.1910742137598,69.73567964234316,70.0965576171875,6473300.0
2017-09-25,70.00203244795075,70.3199459107084,69.7872232194032,69.89032745361328,12439300.0
2017-09-26,70.08795894940903,70.28558633569442,69.75285705760764,69.77863311767578,4579400.0
2017-09-27,69.95904546287584,69.95904546287584,69.45209899329015,69.7528305053711,5384700.0
2017-09-28,69.69271088914516,70.04499463663221,69.58960009318275,69.81300354003906,4229000.0
2017-09-29,69.8215909656249,70.25979705613568,69.64973965570749,70.22543334960938,6902700.0
2017-10-02,70.43165199223456,70.94719283761513,70.35431725992584,70.9385986328125,8764900.0
2017-10-03,71.04169459784116,71.14480536758131,70.6464464803548,70.92140197753906,5141700.0
2017-10-04,71.02451332920195,71.29087462555954,70.95577281547864,71.26509857177734,3291100.0
2017-10-05,71.26510590714885,71.3252522239836,70.99015037941042,71.31665802001953,7709600.0
2017-10-06,71.18775956698597,71.49708530465247,71.11043141029725,71.22212982177734,4035900.0
2017-10-09,71.21355861836487,71.23074702903963,70.66364747501518,70.77535247802734,4558800.0
2017-10-10,70.80112413325786,70.9385986328125,70.55194463764144,70.9385986328125,4037700.0
2017-10-11,70.89562613249268,71.15339322441702,70.87843772642402,71.07606506347656,4031600.0
2017-10-12,71.05027691569227,71.16197531430062,70.91279591236963,70.99871826171875,4731600.0
2017-10-13,70.76674622750998,70.91281491609352,70.64645359509332,70.81829833984375,5909600.0
2017-10-16,70.76672286727604,71.04167830138749,70.38006904149435,70.50894927978516,10219700.0
2017-10-17,70.65503408730159,71.64315101104292,70.65503408730159,71.4541244506836,8437800.0
2017-10-18,71.6345780719955,71.94390386039188,71.47132097382605,71.55724334716797,6938700.0
2017-10-19,71.47129518233808,72.01261183896109,71.36818443826273,71.99542999267578,6410400.0
2017-10-20,72.02118656708892,72.1328849263792,71.8235593332416,72.07273864746094,6343800.0
2017-10-23,72.1672894694791,72.44224495458319,71.85796372930501,71.892333984375,7159600.0
2017-10-24,71.90092799144568,71.90952219405378,70.99872682581584,71.41116333007812,7145500.0
2017-10-25,71.34242231772275,71.51427359139511,71.0330965805683,71.30805206298828,6819100.0
2017-10-26,70.80110939330892,71.00732437743814,70.16527603489439,70.59489440917969,13466900.0
2017-10-27,70.34569913899193,70.65502482332144,70.31132889012703,70.57769012451172,6122000.0
2017-10-30,70.34571391271304,70.38867181622501,69.66691610484577,69.82157897949219,5884000.0
2017-10-31,69.77862562322169,69.99343484132869,69.57241060936695,69.69270324707031,6548600.0
2017-11-01,69.81298036756212,70.15667635123201,69.6754993519119,69.86453247070312,7427800.0
2017-11-02,69.99341576809414,70.01060417191482,69.39195274347631,69.54661560058594,10200300.0
2017-11-03,69.4692775451935,70.16526364636104,69.4692775451935,70.12229919433594,6862700.0
2017-11-06,70.01058142618356,70.08790955188759,69.85591861932231,69.907470703125,4853200.0
2017-11-07,70.02780518046471,70.15669202256312,69.80440175785793,70.05358123779297,4439800.0
2017-11-08,69.97623455116552,70.29414791470853,69.89030564219732,70.2168197631836,6186200.0
2017-11-09,70.0449878353318,70.29416731811916,69.79581490800159,70.22543334960938,7086400.0
2017-11-10,70.05357688454937,70.05357688454937,69.33182110238072,69.77002716064453,4826300.0
2017-11-13,69.53802123498104,69.97623375500265,69.34039392424023,69.83875274658203,4704000.0
2017-11-14,69.60676495709706,69.68409311131704,69.23729292420515,69.55520629882812,7430100.0
2017-11-15,69.29745103572617,69.57240655666826,69.11701208968198,69.35759735107422,4952300.0
2017-11-16,69.46071689388062,70.16529753686328,69.46071689388062,70.0793685913086,4780500.0
2017-11-17,69.76143205048292,70.02779333844151,69.69269153892716,69.80438995361328,6129800.0
2017-11-20,69.79579484147202,69.85594114378655,69.4005402200276,69.51224517822266,4898500.0
2017-11-21,69.89030164212843,70.2855562454853,69.86452559309538,70.12229919433594,7974500.0
2017-11-22,70.12233367889664,70.38869505716866,69.98485260917029,70.0965576171875,4853100.0
2017-11-24,70.19105455303122,70.28557112312916,70.03639167063974,70.2597885131836,1650600.0
2017-11-27,70.25978472122601,70.44023020382433,70.19963841217859,70.31993103027344,4241400.0
2017-11-28,70.4917913177658,70.89563368245584,70.30275816361669,70.83548736572266,8290400.0
2017-11-29,70.89563726372951,71.44554834605636,70.89563726372951,71.18777465820312,8144600.0
2017-11-30,71.4111713572443,71.93530633250518,71.19636215608676,71.72049713134766,10639600.0
2017-12-01,71.68610787990733,71.87514097571635,70.60346795738143,71.57440948486328,15315400.0
2017-12-04,71.98685315921848,72.00404156510514,70.697998046875,70.697998046875,9770300.0
2017-12-05,70.74094716775637,71.093230746576,70.5175438278618,70.57769012451172,13240800.0
2017-12-06,70.62068892174399,70.85268002009566,70.20825229022587,70.517578125,8533000.0
2017-12-07,70.47459795019495,70.67222529438553,70.25978875477128,70.53474426269531,3979200.0
2017-12-08,70.74094473041512,71.33381347540747,70.68938608116684,71.32522583007812,8444100.0
2017-12-11,71.38538371573043,71.66893338854624,71.27367875376665,71.62596893310547,6588600.0
2017-12-12,71.65174177068667,72.02121378235809,71.65174177068667,71.90951538085938,6068600.0
2017-12-13,71.90094061458218,72.36492930504052,71.87516455768845,72.1587142944336,8459800.0
2017-12-14,72.21887061658295,72.31338720859107,71.35963363866028,71.4283676147461,6772100.0
2017-12-15,71.69664694323761,72.24012775567658,71.69664694323761,72.21424865722656,8012200.0
2017-12-18,72.44718116511257,72.63696343383859,72.19700555156845,72.2401351928711,5655400.0
2017-12-19,72.35227174029806,72.60244730197735,72.11934671523085,72.15385437011719,4777100.0
2017-12-20,72.30915152873513,72.42129649568744,71.91232328221503,71.92095184326172,4686700.0
2017-12-21,72.14524161575724,72.18837783923053,71.70528372831532,71.75704193115234,4304200.0
2017-12-22,71.65351201068563,71.73978444928454,71.35157822057847,71.52411651611328,7023600.0
2017-12-26,71.46369221480307,71.63623043558574,71.386054951696,71.54133605957031,2504100.0
2017-12-27,71.59311695297052,71.85192107543841,71.58449497544056,71.6621322631836,4053300.0
2017-12-28,71.79154987788817,71.89506628397213,71.54137426041251,71.76567077636719,5380600.0
2017-12-29,71.88644448237535,71.99858944979823,71.24806259551492,71.3257064819336,4877200.0
2018-01-02,71.59310911139765,72.16247548579958,71.4895927390784,72.12796783447266,6708900.0
2018-01-03,72.11935429677209,72.86988106070902,71.91231492735128,72.81812286376953,7606500.0
2018-01-04,73.05104056141671,73.18906461235431,72.74047821972859,72.92163848876953,7762500.0
2018-01-05,73.15456312226372,73.61177807225766,73.01653249044371,73.54276275634766,7579300.0
2018-01-08,73.4565127852149,73.55140721969374,72.9044033018821,73.27535247802734,5167300.0
2018-01-09,73.49961119250105,74.2932739964317,73.43060247266214,74.13799285888672,6962900.0
2018-01-10,73.88782482858048,74.02584886393242,73.45648902290478,74.00859832763672,10835800.0
2018-01-11,74.13803093844226,74.34507036762353,73.9309849275962,74.32781982421875,4247800.0
2018-01-12,74.46581991729934,74.9834216142701,74.40543316234714,74.89715576171875,5391700.0
2018-01-16,75.36298368712566,75.87195671914562,75.14731580949119,75.2680892944336,8920000.0
2018-01-17,75.61316579427182,76.15664652380227,75.42337699237368,75.99273681640625,7214600.0
2018-01-18,76.00135069099265,76.08761651655307,75.57001498152997,76.00997924804688,7954800.0
2018-01-19,76.30329971150199,76.32055682907986,75.91510012760516,76.294677734375,4802400.0
2018-01-22,76.26879744913302,76.8381572687383,76.13076683731246,76.7950210571289,11152500.0
2018-01-23,76.78641466314268,76.93306728171729,76.355078786161,76.42408752441406,7637600.0
2018-01-24,76.80365762851106,76.93305969517756,76.3809503536188,76.64837646484375,8291100.0
2018-01-25,77.01934805852345,77.38166868576613,76.72604276456444,77.30403137207031,6339300.0
2018-01-26,77.65770653215456,78.98622179117488,77.64045599342109,78.9689712524414,9784400.0
2018-01-29,78.76193971828359,79.18464706678635,78.74468259616954,78.75331115722656,12643800.0
2018-01-30,77.2004936323836,77.7353524907158,76.96757515410243,77.09697723388672,14270600.0
2018-01-31,77.49378262705656,77.71807247884645,75.73393197265948,76.00135803222656,15858400.0
2018-02-01,75.70808308514223,76.37233751095755,75.51829422586248,76.02726745605469,12848700.0
2018-02-02,75.40614305783255,76.07039742905488,74.94029950924948,74.95755004882812,10539200.0
2018-02-05,74.58658082528939,75.04379569005835,71.05825737327119,71.63624572753906,34979800.0
2018-02-06,70.25597175575291,72.74046340146909,70.2214641046325,72.42990112304688,33313400.0
2018-02-07,72.22287730385098,73.36160370865704,71.97270171576275,72.3436508178711,17338000.0
2018-02-08,72.32637984415068,72.55930484919064,69.77287283707614,69.83325958251953,20252500.0
2018-02-09,70.4716483213435,71.42921436751027,68.63415351734992,70.8253402709961,35535700.0
2018-02-12,71.28258563216971,72.04174121126802,70.64421018929032,71.48963165283203,13389200.0
2018-02-13,71.07549273594734,71.70524572389881,70.63552850002672,71.54133605957031,8415200.0
2018-02-14,71.08414368354055,72.48166751296213,71.01512837348803,72.3522720336914,10110800.0
2018-02-15,72.8439939635529,73.18043537004213,72.11071781855941,73.15455627441406,9519100.0
2018-02-16,72.79222883670872,74.19838778784371,72.79222883670872,73.6807861328125,9323000.0
2018-02-20,73.32710330852161,73.56865036047176,72.66284891565873,72.86988830566406,8872100.0
2018-02-21,72.86126793348392,73.83608481174414,72.55933408461254,72.56796264648438,9417400.0
2018-02-22,72.80086528940934,73.31846700056303,72.28326357825566,72.45579528808594,6316100.0
2018-02-23,72.88714571228553,73.63767262154713,72.56796132713782,73.6117935180664,5498500.0
2018-02-26,73.74116462284232,74.62971523775401,73.74116462284232,74.54344940185547,6266100.0
2018-02-27,74.54346517688609,74.7936341794347,73.76705932617188,73.76705932617188,7460700.0
2018-02-28,74.00860709236498,74.1035015073848,72.5679469103918,72.58519744873047,6279000.0
2018-03-01,72.45578151532506,72.82673054444486,70.88571956032855,71.42920684814453,12720300.0
2018-03-02,71.04100718126608,72.3091355262746,71.03237862212896,72.15385437011719,11206000.0
2018-03-05,71.82606384326607,73.0251772511619,71.67078263885043,72.80950927734375,11028800.0
2018-03-06,72.97340454594695,73.09418465331431,72.3436578164432,72.70597839355469,9573300.0
2018-03-07,72.08486835312328,73.15458634430924,72.05898924685772,73.07694244384766,6868200.0
2018-03-08,73.27533644323897,73.62902841844578,73.15456293154271,73.56864166259766,6403000.0
2018-03-09,74.01723411057075,74.65560932240975,73.74117943126232,74.62973022460938,8253100.0
2018-03-12,74.65561690459728,74.76776186700945,74.22428101301652,74.310546875,5760200.0
2018-03-13,74.59523777836205,74.92305072011844,74.24153915186399,74.40544891357422,6400700.0
2018-03-14,74.66422299976084,74.83675467181516,73.80155147616642,74.04309844970703,9416400.0
2018-03-15,74.3019191357171,74.51758708389171,73.82745359873104,73.92234802246094,5883100.0
2018-03-16,73.91368151820552,74.32056277444528,73.91368151820552,73.9223403930664,7067700.0
2018-03-19,73.78385008791234,73.87907131632961,72.13901350184351,72.72769165039062,7190200.0
2018-03-20,72.8921571460692,73.09127165254635,72.41602467327152,72.83155822753906,5534400.0
2018-03-21,72.95274104759675,73.35096997857737,72.45929092548685,72.51988983154297,5498700.0
2018-03-22,71.81864715794525,71.87058717166916,70.31232731690476,70.43352508544922,14648500.0
2018-03-23,70.50279382272407,70.64996162105531,68.91855710953288,68.97049713134766,11049000.0
2018-03-26,69.74965647685055,70.49416122265058,68.95321168987869,70.39893341064453,9183500.0
2018-03-27,70.6499685012557,70.85773521353208,69.16961829231519,69.56784057617188,10948400.0
2018-03-28,69.766980002444,70.61537158592107,69.6717587783275,69.94012451171875,10146800.0
2018-03-29,70.31234348423075,70.97893136449773,69.8362045663368,70.46817016601562,6914900.0
2018-04-02,70.17382868635744,70.53742868423151,68.16539954694976,68.86662292480469,11364900.0
2018-04-03,69.23889187130555,70.04399549555747,68.81469287238677,69.91413879394531,8590700.0
2018-04-04,69.0743844211665,71.1087834201394,69.0743844211665,70.90967559814453,9085800.0
2018-04-05,71.16072151394307,71.22132040657543,70.58936146980706,70.85772705078125,8031300.0
2018-04-06,70.26907024854509,70.61535256905232,68.52901298125195,69.15231323242188,12171800.0
2018-04-09,69.52456635610099,70.80580897500793,69.32545847779178,69.83621978759766,6952600.0
2018-04-10,70.5287965768985,71.29061253792213,70.28640088951768,71.01358795166016,8097800.0
2018-04-11,70.48546509917313,70.90966389386178,70.33829732376671,70.43352508544922,6205800.0
2018-04-12,70.81444782074381,71.24729895264376,70.76250119366262,70.90967559814453,5096900.0
2018-04-13,71.24731334799425,71.30791225451274,70.49414984859118,70.87506103515625,7837000.0
2018-04-16,71.39448586690133,71.69748041939569,71.23000027921046,71.4377670288086,7217200.0
2018-04-17,71.98315478645978,72.14763374870499,71.61090249592843,71.99181365966797,6500900.0
2018-04-18,72.17361174852176,72.30346182520243,71.70613165811581,72.05241394042969,4704500.0
2018-04-19,71.92257308957704,71.99183088224093,71.18672720568645,71.4464340209961,5833600.0
2018-04-20,71.50702372620958,71.61091040182181,70.83177684669455,71.06551361083984,5250500.0
2018-04-23,71.25599188423341,71.56764540543864,71.07419509766166,71.34256744384766,9257300.0
2018-04-24,71.56762485137939,71.61957149318657,70.26907108756191,70.8058090209961,8904800.0
2018-04-25,70.71924028379182,71.16074380924725,70.22579011638761,71.1261215209961,8068800.0
2018-04-26,71.33388546236138,72.30346801003604,71.33388546236138,72.02644348144531,9463300.0
2018-04-27,71.97449561879127,72.43331682517218,71.8186689256067,72.3207778930664,6663300.0
2018-04-30,72.63245166891285,72.67573283735655,71.20404101453323,71.21269989013672,7241000.0
2018-05-01,71.12613764881377,71.37718562188277,70.5807407157923,71.1780776977539,8498000.0
2018-05-02,70.80580187150936,70.85774190328598,70.043986118049,70.1998062133789,11594300.0
2018-05-03,69.87949394697878,69.88815281971918,68.65885047718758,69.56784057617188,13524100.0
2018-05-04,69.36008664391458,70.35563923460057,69.09171437779096,70.12190246582031,7889500.0
2018-05-07,70.34699182953376,70.62401638436349,69.83622388497453,70.01802062988281,5886700.0
2018-05-08,69.84487802421556,69.9054769350762,69.07440332693629,69.48993682861328,9522300.0
2018-05-09,69.61976565831776,70.19113225040792,69.23886120170762,69.88813781738281,11340200.0
2018-05-10,70.18247942899153,71.134750559774,70.1478505472633,70.8230972290039,7845500.0
2018-05-11,70.88369828757786,72.0177727332954,70.75384823310766,71.87925720214844,10434000.0
2018-05-14,72.009140621862,72.65841755463734,71.86197276891501,72.35542297363281,11837600.0
2018-05-15,71.8792771988125,71.96584612747061,71.18671916476168,71.42045593261719,8806800.0
2018-05-16,71.38582855232498,72.06973433134692,71.37716967783999,71.81867980957031,7013600.0
2018-05-17,71.74940722443019,71.96583280841352,71.43775385511142,71.84463500976562,6610400.0
2018-05-18,71.89659339365728,72.173617922248,71.65419115195287,72.02644348144531,5838900.0
2018-05-21,72.36406878640064,72.50258435666284,71.99182305208926,72.095703125,6406500.0
2018-05-22,72.24287592157111,72.3294514613181,71.84465353692315,71.95719909667969,5770200.0
2018-05-23,71.65418771018737,72.21689561445473,71.56761878755826,72.19092559814453,8360500.0
2018-05-24,72.14766916804773,72.2688736381099,71.5849676241855,71.9052734375,7166500.0
2018-05-25,71.93121116361847,72.25152343788167,71.68016327313566,71.80136108398438,6853300.0
2018-05-29,71.33388587164166,71.4637425649605,70.61535122609175,71.06551361083984,18236800.0
2018-05-30,71.55031384960061,72.2948185373862,71.47239718912789,72.13033294677734,13167700.0
2018-05-31,71.99184451222725,72.05244344108449,71.31659081309066,71.34256744384766,11543500.0
2018-06-01,71.6282248271452,72.19093278745116,71.55031477045577,72.16496276855469,8037800.0
2018-06-04,72.25150715769837,72.537190478092,72.01777046223876,72.43330383300781,7230800.0
2018-06-05,72.45930884680209,72.61513558731339,71.93988858002676,72.28617095947266,5444400.0
2018-06-06,72.5372369387727,73.17785514848666,72.24289455823077,73.09994506835938,7218900.0
2018-06-07,73.3163348256847,73.38558599470063,72.84019588678548,73.19513702392578,7405600.0
2018-06-08,73.16918517075786,73.67129429358519,73.04798732797707,73.61935424804688,6247100.0
2018-06-11,73.62798532336673,74.11277651144194,73.4548408956366,73.7578353881836,7074400.0
2018-06-12,73.83575927130434,73.83575927130434,73.38559031985244,73.71456146240234,6829200.0
2018-06-13,73.84441045773913,74.20800384659607,73.63663714571985,73.73186492919922,10379200.0
2018-06-14,73.8790419852737,74.15607310264035,73.67127525203406,74.11278533935547,9379800.0
2018-06-15,74.02243916658134,74.2917991239141,73.68356482372508,74.25704193115234,9349300.0
2018-06-18,73.80519308247602,73.80519308247602,73.24040044364264,73.54451751708984,7342600.0
2018-06-19,73.0405491963407,73.76174585747486,72.92759331887895,73.73567962646484,6431700.0
2018-06-20,73.83125117697423,74.06585385656462,73.6748471808292,73.89207458496094,5900800.0
2018-06-21,73.82256574535005,73.83125669835646,73.29253030929021,73.46631622314453,7423400.0
2018-06-22,73.73568536888394,74.08325061101384,73.54452415424971,73.7965087890625,9829800.0
2018-06-25,73.5184568577014,73.80519867550476,72.56265742761234,73.11875915527344,9925100.0
2018-06-26,73.17957167009556,73.23170412765319,72.79724930332752,72.89282989501953,5560100.0
2018-06-27,72.89285760153642,73.26648915764373,72.22379983463857,72.27593231201172,7420500.0
2018-06-28,72.00656517349907,72.5539760192075,71.50259584485909,72.37150573730469,9026900.0
2018-06-29,72.59740850670015,73.16219451156368,72.46707072509513,72.51920318603516,6479300.0
2018-07-02,72.1195238681941,72.78858159443575,71.87623014956077,72.7451400756836,9364700.0
2018-07-03,73.00578917921315,73.25777378462453,72.72773834380315,72.91889953613281,3023100.0
2018-07-05,73.25777849868071,73.75305678828957,73.08399920133752,73.67485809326172,7458600.0
2018-07-06,74.03111807448174,74.86527738119828,73.94422841356516,74.73493957519531,9822500.0
2018-07-09,75.03035637775046,75.43005407145415,75.00429014565648,75.28234100341797,7874400.0
2018-07-10,75.43006303684203,75.60384898688324,75.23021748086484,75.569091796875,6122900.0
2018-07-11,75.16071234034244,75.23891105553183,74.91741860963286,74.96955108642578,6434500.0
2018-07-12,75.34315933931036,75.85581950984832,75.29971783183574,75.80368041992188,4461600.0
2018-07-13,75.6385938002253,76.10779921542056,75.59514566251033,75.94271087646484,6048700.0
2018-07-16,76.00352983953415,76.00352983953415,75.37791381691474,75.48218536376953,5388500.0
2018-07-17,75.45612325331632,76.01223161983432,75.42137269533609,75.8992691040039,5849300.0
2018-07-18,75.91667200127705,75.97749543844202,75.69075353641112,75.96011352539062,7575700.0
2018-07-19,75.7776106607454,75.9340146647314,75.20413373229987,75.53431701660156,5204000.0
2018-07-20,75.32575802805184,75.49953725639853,75.16935407083876,75.38658142089844,4822600.0
2018-07-23,75.34316237032823,75.63859512761341,75.25627272262854,75.54301452636719,3824600.0
2018-07-24,75.94271983738096,76.35979283993515,75.8905807401198,76.22946166992188,6467100.0
2018-07-25,76.18599875543448,77.22000336542978,76.10779343933383,77.20262145996094,9285900.0
2018-07-26,77.07230225817466,77.25477916329635,76.82032423144811,76.98541259765625,5763000.0
2018-07-27,77.02017265414156,77.02017265414156,76.15126275810725,76.42931365966797,5742900.0
2018-07-30,76.36847624777181,76.62046086698994,76.2468294149431,76.47274780273438,5531200.0
2018-07-31,76.75079600461947,77.37641205429371,76.6378334999947,77.27214050292969,6719100.0
2018-08-01,77.22871209260937,77.576277390014,77.22871209260937,77.28953552246094,5733000.0
2018-08-02,76.95935342221665,77.74137369713257,76.92459622896963,77.57627868652344,5666200.0
2018-08-03,77.63709121808688,78.09761236275891,77.53282628224012,78.03678894042969,5884800.0
2018-08-06,77.99334151442312,78.34959106698614,77.7152906578171,78.17581176757812,4751100.0
2018-08-07,78.18448638916016,78.44515528382036,78.08021485374371,78.18448638916016,5170300.0
2018-08-08,78.19318982878455,78.41910822945988,78.01941052319158,78.30615234375,5020400.0
2018-08-09,78.3148341438105,78.53206158342645,78.14105484381989,78.21925354003906,5680300.0
2018-08-10,77.9325101816813,78.340898785994,77.61101121824785,77.88037109375,5389500.0
2018-08-13,77.9672565085413,78.28005784630456,77.70658099294255,77.90643310546875,6563900.0
2018-08-14,78.01941580102526,78.41042257968795,77.94121046773911,78.27140045166016,5497700.0
2018-08-15,78.02810398614645,78.23664048541437,77.64578154644211,78.14105987548828,6840600.0
2018-08-16,78.36699597852757,79.00998753018897,78.27141534701957,78.90571594238281,6916700.0
2018-08-17,78.84489252665031,79.39231007619877,78.6624222198866,79.14900970458984,5455300.0
2018-08-20,79.33146926694425,79.55738104722029,79.28802112421495,79.40966796875,8144900.0
2018-08-21,79.6095201443466,79.64427733267888,79.24457298148566,79.40966796875,6395900.0
2018-08-22,79.22720128244505,79.66165621234896,79.13162066752571,79.48787689208984,3954300.0
2018-08-23,79.44441671449576,79.65295319307232,79.27063742055782,79.4617919921875,6058300.0
2018-08-24,79.64429351218227,79.8441390991211,79.49657377444733,79.8441390991211,4028900.0
2018-08-27,80.1308822631836,80.19170569877426,79.79200788928458,80.1308822631836,4671300.0
2018-08-28,80.25250647357036,80.27857270585504,80.00052184605954,80.17430114746094,4954100.0
2018-08-29,80.19170170928832,80.78256075245588,80.10481203837541,80.69567108154297,5338500.0
2018-08-30,80.63481903076172,80.90417890376995,80.46103312135753,80.63481903076172,5266100.0
2018-08-31,80.44366759819513,80.68696127160379,80.28726357539594,80.61744689941406,5808100.0
2018-09-04,80.54793379355205,80.60007288814175,79.78329557520999,79.97445678710938,6875500.0
2018-09-05,79.91363703133042,80.29595947265625,79.76592395327484,80.29595947265625,10218900.0
2018-09-06,80.28726851828362,80.46104783020128,79.80936546662635,80.29595947265625,5940300.0
2018-09-07,80.10478688918315,80.49579360016175,79.98314006224514,80.41759490966797,5591100.0
2018-09-10,80.61744933131016,80.76516240472768,80.13086196981449,80.20906066894531,4234000.0
2018-09-11,80.07000439315988,80.29592269859103,79.80063796501985,80.13951873779297,5683900.0
2018-09-12,80.19168798145358,80.68696631305426,80.03528394888201,80.53925323486328,11056600.0
2018-09-13,80.88680039421209,81.53848266601562,80.808601703638,81.53848266601562,10603800.0
2018-09-14,81.60801648264155,81.60801648264155,81.1214290584196,81.2691421508789,5929000.0
2018-09-17,81.26913526633754,81.2778262208214,80.87812849489055,80.97370910644531,5543000.0
2018-09-18,80.97371237726861,81.6514610107566,80.8520655266044,81.44292449951172,5422900.0
2018-09-19,81.39078711069271,81.56457306476345,81.24307402167481,81.32996368408203,4186600.0
2018-09-20,81.56457992143325,82.17281423867085,81.51244081620084,82.12068176269531,5083000.0
2018-09-21,82.33613100023605,82.41464120776705,82.05699616642471,82.23145294189453,8579100.0
2018-09-24,82.1790815595159,82.56289428502382,82.06568537020514,82.39715576171875,5392600.0
2018-09-25,82.51060462938773,82.63273238328178,82.05701292745556,82.14424133300781,5215900.0
2018-09-26,82.30123235860256,82.97290487126622,82.15294344467384,82.32740020751953,10880500.0
2018-09-27,82.44079873301128,82.97290048317862,82.34484552199103,82.74610137939453,7168800.0
2018-09-28,82.58037127449387,83.05141254369549,82.54547858917161,82.99907684326172,5995800.0
2018-10-01,83.31308915504432,83.79284851671684,83.16479360570742,83.40904235839844,7307100.0
2018-10-02,83.4090406647847,83.47881936618154,83.15607373881471,83.3130874633789,5572700.0
2018-10-03,83.5922460317196,83.74053496516312,83.02525149520635,83.15609741210938,6367500.0
2018-10-04,83.09501698199385,83.12990966182275,81.91741732193576,82.34484100341797,10976400.0
2018-10-05,82.41461702563875,82.84204065869457,81.73421982871031,82.2488784790039,12291000.0
2018-10-08,82.14421152604734,82.44951416224806,81.52488141972633,82.21399688720703,11924000.0
2018-10-09,81.99593163623152,82.64142966015284,81.7429646655504,82.35357666015625,7463900.0
2018-10-10,82.34484092461409,82.4407941302772,80.3560047619574,80.40834045410156,22549300.0
2018-10-11,80.19028738287989,80.37346900887903,77.66934883373459,78.23634338378906,46581800.0
2018-10-12,79.17838700226329,79.73666314319141,78.52416432463986,79.44007873535156,20797300.0
2018-10-15,79.30923990060784,79.65816002396276,78.82948055420538,78.89054107666016,13909700.0
2018-10-16,79.50116042959208,81.19341900278619,79.49243559480578,81.05384826660156,13505900.0
2018-10-17,81.00148863264367,81.68187913274505,80.5915080351218,81.48125457763672,14232300.0
2018-10-18,81.4376703244415,81.44639516021219,79.91115016445801,80.55664825439453,14455600.0
2018-10-19,80.69619529337749,80.97533006011686,79.71922028224076,79.82389831542969,11318600.0
2018-10-22,79.8151756521783,79.96346454523753,78.80330793580202,79.169677734375,8288300.0
2018-10-23,78.15781113292839,79.12606135099452,77.52975621795598,78.74224853515625,15424500.0
2018-10-24,78.70736235278281,79.16095387096281,76.04685380306935,76.14280700683594,17431900.0
2018-10-25,76.13408380905076,77.66060361346491,75.25306194421854,77.12850189208984,15725100.0
2018-10-26,76.41321642510054,76.95404296487183,75.32284516716504,76.2562026977539,25507900.0
2018-10-29,77.13722795192231,77.70422236216528,75.37519084934853,76.44811248779297,14024300.0
2018-10-30,76.4568224169842,77.39017980693528,76.06428483021595,77.26805877685547,15432000.0
2018-10-31,77.8874234333663,78.20145098054091,77.3117040451795,77.37276458740234,13460700.0
2018-11-01,77.63441779403811,78.48054678312567,77.60824995397918,78.34970092773438,9668500.0
2018-11-02,79.10862937200564,79.23946861829094,77.34658543090833,77.86124420166016,12953000.0
2018-11-05,77.96590233510089,78.89925984538056,77.96590233510089,78.55034637451172,7783500.0
2018-11-06,78.44567287136773,79.03883512324397,78.33227665229515,78.95160675048828,7980500.0
2018-11-07,79.6843462742575,81.34171225169257,79.63201057294988,81.27192687988281,13310600.0
2018-11-08,81.12362246135623,81.61210666052442,81.01022624514879,81.3155288696289,7345600.0
2018-11-09,81.21957254264952,81.35041842099521,80.68747085111542,81.08000183105469,8486500.0
2018-11-12,80.95788732394779,81.0800083789066,79.79773730183913,79.98091888427734,8423200.0
2018-11-13,80.25133277683305,80.57408509796672,79.18712925562882,79.42265319824219,14227000.0
2018-11-14,79.91113746508887,79.91986229947302,78.41078539575162,78.78587341308594,11664000.0
2018-11-15,78.22759382613104,79.57965681397177,77.4861427204207,79.48370361328125,15563900.0
2018-11-16,79.34413437794481,80.67002954574477,79.3005235209725,80.28621673583984,11323200.0
2018-11-19,80.36472981846958,80.41707217019157,78.91672008607038,79.26564025878906,8821000.0
2018-11-20,78.76841866254624,79.35285603232545,78.34098835769485,78.524169921875,11604300.0
2018-11-21,78.77714887160388,78.78587370602048,78.06186551671368,78.07931518554688,9345100.0
2018-11-23,77.66060911737898,78.66375210525061,77.61699825579245,78.19271087646484,3939500.0
2018-11-26,78.82076086380562,79.16095617612159,78.4892903852947,78.95160675048828,7141200.0
2018-11-27,78.68991421602047,79.77156066894531,78.4020545991225,79.77156066894531,9262000.0
2018-11-28,80.00707937010107,81.71678063732405,79.98962970379904,81.69061279296875,11870400.0
2018-11-29,81.49872027286222,82.44080276066917,81.38532404297946,81.9610366821289,8796000.0
2018-11-30,81.90870218292241,83.62712860107422,81.82147380057489,83.62712860107422,15875900.0
2018-12-03,83.57478173565099,83.57478173565099,82.74610216543891,83.22586822509766,12158200.0
2018-12-04,83.20839038998676,83.67070662456194,81.2195547706313,81.36784362792969,15011300.0
2018-12-06,80.356025278601,81.06258392333984,78.62887379078393,81.06258392333984,18492900.0
2018-12-07,80.8357714299678,80.94917431331147,78.60269296232295,78.99522399902344,14930800.0
2018-12-10,79.03883769809002,79.59710728803107,77.32913624700824,79.30052947998047,15372000.0
2018-12-11,79.96345280076824,80.49555442603925,78.9777597294958,79.54475402832031,13632300.0
2018-12-12,80.42578328089482,81.27191246246373,80.17282299938283,80.22515869140625,12581000.0
2018-12-13,80.44324352774292,80.88811693374377,79.76285282156459,80.30367279052734,11567100.0
2018-12-14,79.51861374927257,79.58839246546891,77.36403865998963,77.59955596923828,19422700.0
2018-12-17,76.79703898705992,77.44253699027753,75.53220417422267,76.05558776855469,22089500.0
2018-12-18,76.70980965403477,76.84937373038483,74.6686309647377,75.39263916015625,24712500.0
2018-12-19,75.54093424201025,76.44812410524055,73.73527935075265,74.40695190429688,23075600.0
2018-12-20,74.06674888204766,74.37205153160338,72.836806794425,73.36018371582031,25321600.0
2018-12-21,73.47410149163737,74.71838403763202,72.29992106563552,72.44888305664062,28909200.0
2018-12-24,71.96692148842261,72.23856546469254,70.67006601674449,70.71387481689453,14235500.0
2018-12-26,70.9767848815152,73.86843434710727,70.63504534098435,73.79833221435547,20575100.0
2018-12-27,72.93080983757471,74.65702901568554,71.9406360072253,74.61322021484375,14045700.0
2018-12-28,75.09515644148773,75.74359086687373,74.39415546676042,74.70084381103516,15770600.0
2018-12-31,75.12146038162258,75.8750346977049,75.06888045422673,75.80493927001953,10163100.0
2019-01-02,74.63950601515823,75.20907390230172,73.84210963609645,74.65702819824219,14179900.0
2019-01-03,74.76219387220378,74.91992028758987,72.94834343791645,73.14112091064453,17668000.0
2019-01-04,73.99984903373583,75.7348396174439,73.96480466140737,75.322998046875,16262600.0
2019-01-07,75.349280155148,76.3219252189875,75.12145832213182,75.6121597290039,12387200.0
2019-01-08,76.21679340015923,76.45337971389945,75.35805908762583,76.19926452636719,13371000.0
2019-01-09,76.5322359297341,76.98789303224287,76.31317181495655,76.54100036621094,11259700.0
2019-01-10,76.19925522367326,76.7425365946895,75.81370027099686,76.68995666503906,10396800.0
2019-01-11,76.33069213020465,76.97035552986863,76.19048790351883,76.9440689086914,7187900.0
2019-01-14,76.47964823121258,76.51469928519109,76.08533557323801,76.0940933227539,5449000.0
2019-01-15,76.19926334785171,77.47859701731606,76.18174115963723,77.46107482910156,10540600.0
2019-01-16,77.56622784264029,77.8992096144359,77.26830382083054,77.32087707519531,8288900.0
2019-01-17,77.1105700885728,78.32856605855643,77.04923240250551,78.00434875488281,8731600.0
2019-01-18,78.58267025392695,78.9769829399066,77.99558010002643,78.93317413330078,13367500.0
2019-01-22,78.3811281427049,78.5300968036249,77.84661123227102,78.389892578125,12244500.0
2019-01-23,78.53883094502461,78.9068635836788,77.62752380912978,78.47749328613281,7722800.0
2019-01-24,78.39865249831547,78.46875460702802,77.45229408661123,77.82032012939453,11307000.0
2019-01-25,78.20586077281341,78.20586077281341,77.68887285732272,77.91669464111328,7241900.0
2019-01-28,77.3821820032615,77.46104853672341,76.6636521948397,77.03168487548828,7113800.0
2019-01-29,77.03169399477234,77.4698221416602,76.8126299213284,77.40847778320312,11099200.0
2019-01-30,77.69764777446592,78.6878217135801,77.50487031073376,78.46875762939453,11706500.0
2019-01-31,78.38113846269515,79.63418548053389,78.30227858944751,79.4501724243164,13409900.0
2019-02-01,79.54656555652926,79.70429199702714,78.97699748332542,79.52027893066406,9386500.0
2019-02-04,79.52901999686186,79.52901999686186,78.61771268459913,79.29242706298828,9308600.0
2019-02-05,79.42388620429833,79.87077887756266,79.1610065881884,79.17853546142578,8921400.0
2019-02-06,79.03832252368349,79.57283944842658,78.9419337873983,79.53778839111328,6135900.0
2019-02-07,79.02081318168216,79.1522529966448,78.24094541429223,78.66154479980469,9511700.0
2019-02-08,78.3548516217237,78.8192664792709,78.24094068780093,78.81050872802734,7284200.0
2019-02-11,78.98574866354984,79.03832190645643,78.49504723560678,78.714111328125,5017400.0
2019-02-12,79.0558485139273,79.83571612613687,78.9156442897836,79.79190063476562,9093200.0
2019-02-13,79.94963421369496,80.20374937876397,79.60789474333119,79.9671630859375,6435600.0
2019-02-14,79.76559870734982,80.51041512059604,79.65168781107117,80.15115356445312,6938600.0
2019-02-15,80.75580017419819,81.40422809565317,80.15118106543375,81.36041259765625,8234200.0
2019-02-19,81.14133117878032,81.48307059731638,81.13256674398825,81.16761779785156,6284100.0
2019-02-20,80.96608917191192,81.17638882687014,80.66815853252439,81.07123565673828,6959900.0
2019-02-21,80.78209443276114,80.83466768708051,80.00222662892443,80.36148834228516,8368500.0
2019-02-22,80.51920173472041,81.167629612312,80.42281299389256,81.0975341796875,6488100.0
2019-02-25,81.5093726557465,81.70215014585779,81.15011098488057,81.2114486694336,7652600.0
2019-02-26,81.02744781403734,81.246511961178,80.82590585713275,80.92229461669922,7288000.0
2019-02-27,80.65065490331038,80.93105673620606,80.2738643136093,80.54550170898438,9827600.0
2019-02-28,80.39652322711478,80.83465141908816,80.2212746244477,80.30889892578125,9464100.0
2019-03-01,80.80835757571269,81.56193853338696,80.73825546678832,81.4480209350586,10795200.0
2019-03-04,81.73719277770931,81.88615475550496,79.79190257490075,80.34394836425781,15208400.0
2019-03-05,80.3790222113346,80.58932192698533,79.888313961073,80.30015563964844,13591700.0
2019-03-06,80.30891393546409,80.4140604425939,78.90690479617584,79.12596893310547,11662400.0
2019-03-07,79.01206041682612,79.17855131939449,78.23219253422857,78.50382995605469,14430700.0
2019-03-08,78.08321088328726,78.3811348600488,77.66260485604661,78.33732604980469,11531200.0
2019-03-11,78.54760794104331,79.30118883384677,78.31977944930391,79.23108673095703,9694300.0
2019-03-12,79.43263487784887,79.99343837464171,79.3187172803314,79.8094253540039,8981600.0
2019-03-13,80.04601826284235,80.88722357791174,79.99344501980852,80.66815948486328,10098300.0
2019-03-14,80.64185911462553,80.7470122680711,80.24754648848734,80.53671264648438,9283800.0
2019-03-15,80.67833504770776,81.0389345907699,80.39688904695122,80.9070053100586,10219400.0
2019-03-18,80.98616697369448,81.06532051737929,80.49363143113699,80.78387451171875,7183500.0
2019-03-19,81.06529716464603,81.65457352077402,80.77505416767546,81.4259033203125,11308700.0
2019-03-20,81.32916609392963,81.42591377200485,80.54639430601267,80.86302185058594,11123700.0
2019-03-21,80.1858182064027,81.30281210525304,80.07148304857382,81.17967987060547,7398200.0
2019-03-22,80.82786394559034,81.12689743073435,79.68448562076253,79.70207977294922,12162600.0
2019-03-25,79.84277934494585,79.91314251557796,79.0863920361538,79.6580810546875,9893300.0
2019-03-26,80.12422415604986,80.7135006036007,79.64049246291756,80.20338439941406,8107200.0
2019-03-27,80.10663928490968,80.29133757840792,78.98085537585294,79.53495025634766,10817400.0
2019-03-28,79.77244142677695,79.95714648570612,79.32389116995871,79.73726654052734,6726800.0
2019-03-29,80.2121768065104,80.76627839357295,80.03627558819929,80.69591522216797,10120900.0
2019-04-01,81.18844259869893,81.3115747914293,80.63434773141225,80.81904602050781,9082000.0
2019-04-02,80.83665373779111,80.95978595119107,80.48484453799024,80.63436126708984,7002200.0
2019-04-03,80.99496823303389,81.0389469033535,80.29135647934088,80.52882385253906,7398700.0
2019-04-04,80.59915398234135,80.6959016492,79.89553580704208,80.36168670654297,9212400.0
2019-04-05,80.55519575039533,81.05652835676649,80.50242672244127,80.91580200195312,6262000.0
2019-04-08,80.85422233271908,80.97735451741941,80.32651201111747,80.89820098876953,5961200.0
2019-04-09,80.61676969147861,80.86303410564645,80.39688979165703,80.68712615966797,7207600.0
2019-04-10,80.78385651045443,80.93337319978771,80.57277373079563,80.71349334716797,5433400.0
2019-04-11,80.88944382817405,80.93341579572048,79.36787149474094,79.71968078613281,8534200.0
2019-04-12,80.0274647670714,80.05384927426557,78.85770911686109,78.98963165283203,11659000.0
2019-04-15,79.08637931506682,79.36782524212329,78.93686263417437,79.30625915527344,7921900.0
2019-04-16,79.965910403248,80.0626580839434,77.54723180626532,77.67916107177734,14857100.0
2019-04-17,77.94304535409837,77.96063279721673,75.04942447138109,75.44520568847656,34381800.0
2019-04-18,75.67388127413382,76.03448088794588,74.45134933940447,75.5683364868164,35300900.0
2019-04-22,75.44517097067649,76.05204148714753,75.20770369173582,75.6122817993164,18717700.0
2019-04-23,75.58590956819369,77.21301933540077,75.45398029837659,76.80844116210938,30503400.0
2019-04-24,76.8348169813574,76.99313074518687,76.37746312576087,76.7204818725586,14612800.0
2019-04-25,76.55338136814419,77.74073140202233,76.23675379774981,77.51205444335938,16166400.0
2019-04-26,77.61760448674559,78.31242577406081,77.45049361594008,78.28604125976562,11321700.0
2019-04-29,78.31239737025322,78.45311696552272,77.81107164986891,78.1452865600586,13264400.0
2019-04-30,78.37399112973702,78.65543712987046,77.81989620421861,78.50592041015625,11750900.0
2019-05-01,78.61145299282761,78.91929019577258,77.92542883465597,78.36518859863281,25596400.0
2019-05-02,78.28604182676729,78.77857065771666,77.83748494989437,78.69941711425781,18927500.0
2019-05-03,78.91929167902637,79.32386986426476,78.78736240531347,79.2974853515625,13624000.0
2019-05-06,78.14532610437284,79.90436555167534,78.01339680378457,79.70207977294922,25168300.0
2019-05-07,79.08639299321415,79.47338372617266,77.71434470029048,78.17169189453125,18011600.0
2019-05-08,78.13652131278431,78.69942005372509,77.69676149438223,78.33881378173828,13783300.0
2019-05-09,77.64398152880688,78.42675335850834,77.27458494381995,78.17169189453125,15692300.0
2019-05-10,77.91662168647149,78.40036004838277,76.5269861117275,78.19807434082031,17771800.0
2019-05-13,76.86999726061127,78.15409478537707,76.43023755855995,76.7292709350586,17436000.0
2019-05-14,77.0810903865451,77.65277941799872,76.9315736782238,77.11627197265625,13147000.0
2019-05-15,76.71169269445079,77.60879964167827,76.36868062255193,77.3449478149414,10587700.0
2019-05-16,77.51206815627165,78.62026484870665,77.45929912193756,77.95182800292969,15124000.0
2019-05-17,77.30976478423248,78.40036707680183,77.30976478423248,77.78470611572266,13354100.0
2019-05-20,77.45049445122508,77.99579902328057,77.17784552029838,77.7495346069336,10757400.0
2019-05-21,78.18928728015952,78.81374533900807,78.13651154561074,78.47953033447266,11690600.0
2019-05-22,78.25083551041067,79.10397033029055,78.18047235388039,78.92806243896484,9021800.0
2019-05-23,78.53230145455451,78.65543365478516,77.99579399203459,78.65543365478516,13545300.0
2019-05-24,78.92805861246487,79.24468609130085,78.57624955706937,78.76974487304688,9986400.0
2019-05-28,78.84013676117513,79.31507815253185,77.63519248809222,77.64398956298828,20796000.0
2019-05-29,77.2658124127724,77.27460948955252,76.3599081003212,76.89641571044922,16302700.0
2019-05-30,77.04589454549864,77.44168228336981,76.96674102404452,77.31855010986328,12457600.0
2019-05-31,76.81723435782287,77.12507156881166,76.31590848219761,76.76446533203125,10712900.0
2019-06-03,76.83483021574585,77.60880502211371,76.79085155314012,76.94916534423828,19371000.0
2019-06-04,77.59120175192245,78.35637932760629,77.4944540820911,78.22445678710938,15837200.0
2019-06-05,78.7961646988314,78.99845717717766,78.25086679322455,78.81375885009766,24291700.0
2019-06-06,78.93689958329293,79.5349732970118,78.75220123628901,79.21834564208984,18840900.0
2019-06-07,79.4733778503119,80.23856218566928,79.44699334050664,80.0450668334961,9302700.0
2019-06-10,80.2913440718154,80.54640555780765,79.99230392229963,80.28254699707031,8552800.0
2019-06-11,80.67834431972396,80.88063009122077,79.94834136473366,80.15062713623047,8317900.0
2019-06-12,80.16818590023536,80.56396690294851,80.08902567357286,80.53758239746094,5799200.0
2019-06-13,80.67834627274408,80.67834627274408,80.12424455870305,80.44087219238281,9031800.0
2019-06-14,80.47602915306614,80.71349645053763,80.19458319929952,80.25614929199219,5056300.0
2019-06-17,80.33532277880647,80.66954454519822,80.22098763831602,80.61677551269531,4861500.0
2019-06-18,81.02134179859948,81.58423376292396,80.86302801424561,81.30278778076172,7979600.0
2019-06-19,81.3203824002913,82.2174961609206,81.26761337091384,82.03279113769531,6988100.0
2019-06-20,82.7100067382022,82.96506817422767,81.91843792126117,82.39337921142578,9241200.0
2019-06-21,82.3121480535942,82.94810518981755,81.84401481132781,82.78911590576172,9026100.0
2019-06-24,82.68310584349148,82.73610001564417,82.20613807762233,82.35629272460938,6493600.0
2019-06-25,82.41811487845251,82.7979221389499,81.94114715093271,82.02064514160156,14930600.0
2019-06-26,82.13546270987536,82.14429731688953,80.81938929564939,80.98721313476562,10498400.0
2019-06-27,81.26987392822055,81.71151001147969,81.11088466869397,81.55252075195312,7416200.0
2019-06-28,81.58787439643761,81.89701839012007,81.11973436162289,81.82635498046875,9390600.0
2019-07-01,82.47110744832506,82.5064391362917,81.89697931182035,82.23262023925781,7797200.0
2019-07-02,82.30329794986679,82.67427062988281,81.83516479572778,82.67427062988281,7952500.0
2019-07-03,82.85975583498066,83.39855236998056,82.8509279656952,83.38088989257812,4066000.0
2019-07-05,83.02757307942709,83.23072861694111,82.62126874323003,82.80675506591797,5934300.0
2019-07-08,82.4887782027199,82.51527528664693,81.80866167287887,82.18846893310547,15202000.0
2019-07-09,81.88816752556822,82.35630072863151,81.87933291640694,82.26797485351562,5537300.0
2019-07-10,82.45345292880485,82.77143143834058,82.2061378077952,82.55061340332031,5347300.0
2019-07-11,83.12471138318683,83.16004306458848,82.01178700493712,82.56825256347656,13691700.0
2019-07-12,82.29445830838718,82.31212752378248,81.08437986822618,81.64967346191406,11508200.0
2019-07-15,81.69386277208095,82.02067598759304,81.42005048322416,81.82635498046875,5811100.0
2019-07-16,81.7644889694664,81.87931190376688,81.36701926403116,81.42001342773438,9092300.0
2019-07-17,81.58786741101322,81.86167967642663,81.42887812232699,81.43770599365234,9566700.0
2019-07-18,81.42886996482522,82.02949535759916,81.03139341351212,81.89700317382812,6559500.0
2019-07-19,82.08246065860409,82.11779234443536,80.97837074698982,81.04903411865234,8105900.0
2019-07-22,81.13735999540226,81.19035415475477,80.8105469554584,80.88121032714844,5192500.0
2019-07-23,80.99605505038939,81.50835452477156,80.66041405277615,81.38469696044922,6688600.0
2019-07-24,81.26103965663009,81.43769139513348,80.5279221380604,81.42886352539062,5430400.0
2019-07-25,81.2080458071423,81.51718972017373,80.85473558989271,81.03138732910156,6618700.0
2019-07-26,81.31403373860321,81.47302299860951,81.01372443572012,81.32286834716797,3812400.0
2019-07-29,81.36704121235381,81.72034471745104,81.23454902852615,81.65851593017578,5887500.0
2019-07-30,81.0313645314266,81.34050835748234,80.69572362582754,81.30518341064453,7959200.0
2019-07-31,81.21686731562275,81.55251502819465,80.00678884527436,80.50141906738281,8557400.0
2019-08-01,80.51026139507935,81.47302484668872,80.12161947539674,80.607421875,16422500.0
2019-08-02,80.49258505313307,80.73990690484278,79.90079435605554,80.42192840576172,15956600.0
2019-08-05,79.51214882098716,79.8301273054723,77.89576605349065,78.53172302246094,17626200.0
2019-08-06,78.92920513022997,79.5651621988819,78.49640363472103,79.54749298095703,10135900.0
2019-08-07,78.90270784302108,79.7948079198424,77.90460593658246,79.57398986816406,12452500.0
2019-08-08,79.82130996746336,80.71341002439996,79.7153148790408,80.63391876220703,12034800.0
2019-08-09,80.49259183773427,81.24337858646643,80.03329326636548,80.7310791015625,7253100.0
2019-08-12,80.43075717103746,80.73107319632952,79.63581765330936,79.94496154785156,7097100.0
2019-08-13,79.91845480629158,81.4111799278173,79.84779142783941,80.98721313476562,12232500.0
2019-08-14,80.15695500112207,80.35127597024706,78.6907198623298,78.7348861694336,16426100.0
2019-08-15,79.07053393107614,79.30902122763271,78.4964123227847,79.00870513916016,12315200.0
2019-08-16,79.54746990634179,80.19226139691919,79.49447574560372,79.98027801513672,10239300.0
2019-08-19,80.60739064100092,80.95186612221136,80.47489851619012,80.74871063232422,6427200.0
2019-08-20,80.7752629823083,80.94308690449562,79.99798565108242,80.059814453125,4708800.0
2019-08-21,80.61626436669906,80.8459170644222,80.4131155000785,80.65159606933594,5687100.0
2019-08-22,80.80172806807734,80.98721438525529,79.93611851574941,80.25409698486328,6486900.0
2019-08-23,80.11276639727214,80.41308237656379,78.01058149755238,78.39922332763672,9822700.0
2019-08-26,79.02636689886685,79.28251665229021,78.69955375025795,79.22068786621094,8913900.0
2019-08-27,79.70647701934102,79.9802959685565,78.69954730630789,78.75254821777344,8252000.0
2019-08-28,78.47871980223107,79.49448400112271,78.36389686243079,79.32666015625,5691500.0
2019-08-29,79.92728424072266,80.15693685577712,79.41499158398227,79.92728424072266,4360300.0
2019-08-30,80.29826349181674,80.45724598795874,79.67996902744221,80.02444458007812,4784100.0
2019-09-03,79.55634307861328,79.93615047195603,79.27369618627684,79.55634307861328,6437800.0
2019-09-04,80.07744617606888,80.12160573465732,79.23833369691819,79.60930633544922,9318700.0
2019-09-05,80.28942031092774,80.57206706082681,79.8654468166641,80.3954086303711,7897400.0
2019-09-06,80.56324728560068,80.8458940875326,80.4484243387891,80.61624145507812,13166400.0
2019-09-09,80.68690682893158,80.71340391432338,79.58281667873047,79.87429809570312,10675900.0
2019-09-10,79.46801620408279,80.11280126041149,78.62890340931474,80.10397338867188,8770700.0
2019-09-11,80.23644113250326,80.92539908953741,80.04212691464593,80.89889526367188,8124300.0
2019-09-12,81.26105562292058,81.59669668755704,80.82825406136745,80.8724136352539,9344700.0
2019-09-13,80.96954420069119,81.4818435879947,80.66040034243242,80.8282241821289,6351000.0
2019-09-16,80.38661840780915,80.85475167478972,80.28945791026602,80.65159606933594,6668100.0
2019-09-17,80.60740567849408,80.99604078125594,80.49257600411593,80.77522277832031,3932900.0
2019-09-18,80.775223437079,80.87238389826952,80.19226740876661,80.76639556884766,5369800.0
2019-09-19,80.86355531339777,81.50834010776884,80.71339394999639,81.14620208740234,5058600.0
2019-09-20,81.33247156230905,81.97994134686861,81.32360702610332,81.59855651855469,8935700.0
2019-09-23,81.35907610228217,81.65176140026162,81.13734091988579,81.16394805908203,4232900.0
2019-09-24,81.46550513258899,81.51872617811158,80.13509403047762,80.41891479492188,10542600.0
2019-09-25,80.42778424999338,80.49874113118015,79.91335701162023,80.0286636352539,7956800.0
2019-09-26,80.29475369473522,80.32136083742013,78.97321372908556,79.585205078125,10004500.0
2019-09-27,79.85127113526153,79.96657775846629,78.93772328554705,79.23041534423828,10017300.0
2019-09-30,79.33685190873365,80.42779207089767,79.28363762607927,79.93997192382812,8031600.0
2019-10-01,80.15281487621644,80.33020026828306,78.99978952732653,79.15943908691406,13413900.0
2019-10-02,78.91113031553091,79.07077994286233,77.6605404402978,78.0064468383789,13385000.0
2019-10-03,77.90000266175151,78.73372231142885,77.34122569460067,78.70711517333984,11958800.0
2019-10-04,78.93773125518315,79.98432167058765,78.89338150842363,79.93997192382812,9146600.0
2019-10-07,79.61178833145873,80.19716559533569,79.496481725329,79.67387390136719,8247200.0
2019-10-08,79.00870435255023,79.04418280387227,78.13949921221669,78.15724182128906,10649300.0
2019-10-09,78.63617604612027,78.95546851461363,78.37009109441749,78.72486877441406,7350200.0
2019-10-10,78.49424891601866,79.39006088310325,78.42329203872438,79.11510467529297,8232300.0
2019-10-11,79.86901024332106,80.7116011752355,79.73596778911869,79.77144622802734,10773200.0
2019-10-14,79.71822694020217,80.12621884639776,79.61179838795492,79.73596954345703,4915600.0
2019-10-15,80.6140465298678,81.47438016464497,80.56083224872978,81.19055938720703,12607900.0
2019-10-16,81.12845618117476,81.50096960186707,80.95106400454536,81.0841064453125,7851500.0
2019-10-17,81.35020555626683,81.91784708713102,81.3147271147352,81.68724060058594,7536100.0
2019-10-18,81.45660835796859,81.81138589428546,81.02200942856022,81.38565826416016,6784700.0
2019-10-21,81.72272486538607,81.8468960361843,81.13734745545459,81.2969970703125,4948400.0
2019-10-22,81.9178508826253,82.44114269411541,81.43890204998863,81.47438049316406,8702400.0
2019-10-23,81.61628573282003,82.21940572010828,81.44777158990988,81.97993469238281,5525000.0
2019-10-24,82.12183477065307,82.21053425260354,81.27037252512774,81.56306457519531,6892300.0
2019-10-25,81.3502073067393,81.87349910524384,81.1373434197901,81.65176391601562,5536900.0
2019-10-28,81.86461960835054,82.6628607302302,81.79366273672844,82.49434661865234,6937900.0
2019-10-29,82.68947442851909,83.79815016930958,82.48547511481296,83.66510772705078,13768400.0
2019-10-30,83.69173771248593,84.17068657529315,83.36356716755648,84.13520812988281,10179700.0
2019-10-31,83.97552735031284,84.09082717999894,83.49657866521677,84.03761291503906,9675200.0
2019-11-01,84.48997984610615,84.85362204392514,84.12633088146607,84.14407348632812,14670800.0
2019-11-04,84.53432671249602,84.57867645986978,83.85138526396136,83.8868637084961,9878200.0
2019-11-05,84.01101462955762,84.01988593025817,83.10633142905533,83.29259490966797,13273800.0
2019-11-06,83.37243192103581,83.73608088280804,83.11521828713325,83.57643127441406,13130200.0
2019-11-07,83.89573866690009,84.02878115872785,83.51436056612121,83.76270294189453,7827900.0
2019-11-08,83.70948907476846,84.39243743362486,83.61192502350326,84.37469482421875,7756900.0
2019-11-11,84.05537758838659,84.23276981048382,83.798170708283,84.02877044677734,6092500.0
2019-11-12,84.16180354194547,84.8358803771474,84.04650368554829,84.53431701660156,13801500.0
2019-11-13,84.3037255786815,84.83588870425645,84.17068310558244,84.63188934326172,6507700.0
2019-11-14,84.6141475603207,84.76492586139044,84.1263274488353,84.64075469970703,6498800.0
2019-11-15,84.93344944089978,86.59202433853214,84.85362125340643,86.44124603271484,11337700.0
2019-11-18,86.36142259137218,86.8581072421236,86.04212338251172,86.14855194091797,11251400.0
2019-11-19,86.45012694858563,86.85811893330767,86.2283917329657,86.73394775390625,10025800.0
2019-11-20,86.59201555122205,86.89357889907518,86.10420224070067,86.6186294555664,12305600.0
2019-11-21,86.6718568886207,86.90246339353884,86.07760817096757,86.84037780761719,9122400.0
2019-11-22,86.99114538640916,87.27496613943087,86.80488865162809,87.15079498291016,6141800.0
2019-11-25,87.50559357178321,88.18853509619836,87.3725510817012,88.1707992553711,11726500.0
2019-11-26,88.16191621230301,88.30382322049189,87.80713854159897,88.0998306274414,11073300.0
2019-11-27,88.22398321795582,88.68518935597018,88.14415504461844,88.5521469116211,6333200.0
2019-11-29,88.32156555562698,88.5255581480535,88.06435191432382,88.24173736572266,2392000.0
2019-12-02,88.41912008030954,88.4457272184774,87.56765782483546,87.85147857666016,6682200.0
2019-12-03,87.18626411511582,87.72729842511976,86.94678636252009,87.65634155273438,7709700.0
2019-12-04,88.01112962366761,88.58763567166505,87.92243013921822,88.47233581542969,6237600.0
2019-12-05,88.52555009264285,88.60537827528317,87.72730886716312,88.47233581542969,7390400.0
2019-12-06,88.933568924757,89.35930357178135,88.8714833269433,89.05774688720703,5658500.0
2019-12-09,89.09320106054425,89.11094366604527,88.4368667602539,88.4368667602539,5148900.0
2019-12-10,88.41910180903068,88.711787035216,88.07319555068693,88.63196563720703,6027900.0
2019-12-11,88.70293508731385,88.9335347810476,88.5344142007376,88.71179962158203,6064300.0
2019-12-12,88.75617656441383,89.8293742531492,88.71182681219928,89.53668212890625,9769100.0
2019-12-13,89.44797171807906,89.99787740950683,89.1109366750354,89.47457885742188,6433200.0
2019-12-16,89.99785967620099,90.76949363238197,89.99785967620099,90.44132995605469,7730300.0
2019-12-17,90.55664439151451,90.68968685028246,90.21960936054685,90.34378051757812,4643600.0
2019-12-18,90.3792790651205,90.64535727503244,90.28171502477284,90.46797180175781,5202900.0
2019-12-19,90.65423296171598,90.92031795131471,90.51232592959974,90.82275390625,6637200.0
2019-12-20,91.09168904143162,91.67058753163968,91.09168904143162,91.46574401855469,8586500.0
2019-12-23,91.67949985814762,91.92886985463116,91.44793909220314,91.83090209960938,4770900.0
2019-12-24,91.83088774627329,91.94666471373799,91.49245806034607,91.7151107788086,2071800.0
2019-12-26,91.83089810241687,91.93777386546752,91.35887537321585,91.65277862548828,2910100.0
2019-12-27,91.8487158749048,91.8576238880265,91.47466086167091,91.67950439453125,3605000.0
2019-12-30,91.67592413707298,91.87313559577318,90.99465689310846,91.12911987304688,5665100.0
2019-12-31,90.93188933338459,91.38905379454503,90.77949434059462,91.30838012695312,4746700.0
2020-01-02,91.5862722848958,91.69384402239572,90.8960391100481,91.5504150390625,6277400.0
2020-01-03,90.4926341373635,91.27251370769487,90.04442890272757,90.75259399414062,8247500.0
2020-01-06,90.34026116308934,91.34424351926282,90.31336993874841,91.31735229492188,6441800.0
2020-01-07,91.06635465944825,91.21874966765641,90.62711535584603,91.13806915283203,6335300.0
2020-01-08,91.18287958505506,92.14203857206209,91.14702234341084,91.72969055175781,7494700.0
2020-01-09,92.00759169323717,92.37512335497154,91.81038024928905,92.1241226196289,6660600.0
2020-01-10,92.47370929962906,92.62609744133569,91.98964681502922,92.1510009765625,9300300.0
2020-01-13,92.30338164358527,92.3213068427177,91.51453610038322,91.82828521728516,7621700.0
2020-01-14,91.55041680522847,92.40201102228995,91.38906261540095,92.38407897949219,7294900.0
2020-01-15,92.4916591439838,93.42392712134259,92.41994464440133,93.18189239501953,7521800.0
2020-01-16,93.5673336204009,93.72868779791891,93.19980883993044,93.66593933105469,5479900.0
2020-01-17,93.43287750502753,93.80936830621289,93.43287750502753,93.66593933105469,6533400.0
2020-01-21,93.45080690695079,93.97968588870641,93.41494966154985,93.7645492553711,6644800.0
2020-01-22,93.97072795199107,94.19483060941407,93.75558447673433,93.88108825683594,9431500.0
2020-01-23,93.71973215643402,93.85418827688632,92.76057307580972,93.4059829711914,8522600.0
2020-01-24,93.51354605386214,93.55836931591224,91.61315327149283,91.84622192382812,15962700.0
2020-01-27,90.7346704300053,91.49661797481139,90.6091735091699,91.14701843261719,11762300.0
2020-01-28,91.41595072849975,91.95379568968742,91.16495003014708,91.59523010253906,8079900.0
2020-01-29,91.68486417730706,92.00757250207985,91.32629861210737,91.34423065185547,6435700.0
2020-01-30,90.6719192954121,90.73466775397917,89.90100575354872,90.6808853149414,10989400.0
2020-01-31,90.32233536150058,90.39404301291125,88.57433056114702,88.87014770507812,14476700.0
2020-02-03,89.48868023620481,90.32234244599113,89.48868023620481,89.67692565917969,11850600.0
2020-02-04,90.79744439277395,91.62214062963083,90.77951234814988,91.2546157836914,9575100.0
2020-02-05,91.68489050048099,93.33428983832238,91.67592447803274,93.01158142089844,14131000.0
2020-02-06,93.44184662456927,93.44184662456927,92.6888649421161,93.09224700927734,6166500.0
2020-02-07,93.10120632760622,93.18187999960165,92.22272092225829,92.36614990234375,6057200.0
2020-02-10,92.02552885150088,92.85918426513672,91.95381435170282,92.85918426513672,4010100.0
2020-02-11,93.1818864499227,93.49563565581072,92.99364102983229,93.41495513916016,10277100.0
2020-02-12,93.76456284998778,93.97969951451506,93.15500326793445,93.531494140625,4705700.0
2020-02-13,93.19085273041821,93.47770387217237,92.90400158866406,93.09224700927734,4778500.0
2020-02-14,93.19083928113575,93.22669652356394,92.70677676695965,93.16394805908203,5114200.0
2020-02-18,93.16394975983842,93.28048067055512,92.52749908302603,92.832275390625,8409300.0
2020-02-19,93.07431258144008,93.39702093881728,92.98467289085086,93.26255798339844,6427900.0
2020-02-20,93.0474289018454,93.137068599702,91.819343840091,92.66197204589844,8080900.0
2020-02-21,92.30338838829597,92.8053760695099,91.98068006778152,92.71573638916016,6510800.0
2020-02-24,90.4747080076531,91.08426739405824,89.36316095211517,89.7934341430664,16284500.0
2020-02-25,90.11616468834133,90.31337613246005,86.76359065553522,87.06836700439453,20301600.0
2020-02-26,87.55242420671568,88.58329779450831,86.8711570550344,87.05940246582031,13721600.0
2020-02-27,86.11815809939687,87.25659644685933,84.08330923488474,84.10123443603516,22047900.0
2020-02-28,81.88709950594577,83.06140193587402,80.65902147247351,83.0165786743164,27750600.0
2020-03-02,83.04349237630571,87.04148355085142,82.7566412062643,86.90702056884766,22359400.0
2020-03-03,87.12214776564466,88.64604303887701,83.60821304163801,84.74665832519531,33385500.0
2020-03-04,87.29244822785017,89.77550903463442,87.11316887128245,89.632080078125,26418700.0
2020-03-05,87.71376810776462,88.91496176216228,86.55739771504258,87.55241394042969,17873000.0
2020-03-06,85.1500532530815,87.40004609834811,84.8004536158138,87.0863037109375,17917700.0
2020-03-09,81.92294428572409,84.5135697432702,80.68590042029851,82.55939483642578,21968500.0
2020-03-10,84.94387688001044,85.53550436502914,81.51958839917721,85.39208221435547,26473200.0
2020-03-11,83.37515296520547,83.96678041300869,81.08033714714304,82.12914276123047,23217900.0
2020-03-12,77.10028406215633,80.43493286699533,74.3124463161254,75.99769592285156,20652200.0
2020-03-13,79.5295689167554,81.48374477477564,75.44193777263193,81.26860809326172,29162800.0
2020-03-16,73.9718012100173,78.0325470555757,72.31344293404155,73.25467681884766,21474800.0
2020-03-17,74.76960120443056,78.48074003382756,73.81940144779736,77.8532485961914,27899700.0
2020-03-18,73.86424194096458,76.46383429982407,71.64114042908638,75.2716064453125,28931000.0
2020-03-19,74.42898907723318,75.5315773918677,72.90509342322534,73.72978973388672,27121100.0
2020-03-20,74.3662214162822,75.12816904679781,70.49372795715801,70.89710998535156,22004900.0
2020-03-23,70.43950160425722,70.5385858558136,66.2419592662504,67.21478271484375,33633000.0
2020-03-24,70.39448191066865,72.53829087205034,69.87203881908644,72.39417266845703,16775800.0
2020-03-25,71.91677066664295,75.74500575372522,71.04303807829177,73.35799407958984,16851800.0
2020-03-26,74.0155396682874,78.64545128076298,73.87142146249377,78.2311019897461,18822500.0
2020-03-27,75.9701756963048,78.5733811804579,75.91613223809246,76.55567169189453,13043200.0
2020-03-30,77.93386256234443,80.293859579074,77.92485989761545,80.14073181152344,13766700.0
2020-03-31,80.21278757431696,80.64514910166348,78.94271098417859,79.7894287109375,13584900.0
2020-04-01,77.12319885996895,77.8167821619981,76.01525923777588,76.7538833618164,15255200.0
2020-04-02,76.36655164689344,79.05982635290128,75.60090581876916,78.87967681884766,13588000.0
2020-04-03,78.62745046521611,79.37508395327674,77.28531812476409,78.16806030273438,12934200.0
2020-04-06,80.6541618327106,82.73491808711084,80.29385596414126,82.26652526855469,13472900.0
2020-04-07,84.35627869493628,84.50940643314797,81.50987030994277,81.5909423828125,16699200.0
2020-04-08,82.29354749430188,85.44621183652849,81.26668022975767,84.95079040527344,32624300.0
2020-04-09,85.72546028743668,85.88759761337926,84.64454936266219,85.41920471191406,12982500.0
2020-04-13,85.11293330756351,85.41018618588853,83.4645453515844,84.67156219482422,9606600.0
2020-04-14,86.32895344055846,87.79719865146286,86.0407101203263,87.48193359375,12830800.0
2020-04-15,86.31995295766738,87.54498881767822,85.83354105393398,87.03155517578125,11019000.0
2020-04-16,87.68011003332624,89.1573650291654,87.40087620273093,88.93217468261719,11331600.0
2020-04-17,91.09398210185975,91.09398210185975,89.52665946204688,90.77871704101562,11504400.0
2020-04-20,89.91398799897925,91.3462019648166,89.81490371136886,90.05811309814453,10558100.0
2020-04-21,88.51780861894011,89.02223961262386,87.03155799371707,87.3198013305664,9291400.0
2020-04-22,88.58987819320352,89.20239619159184,88.04041321499058,88.6529312133789,11994100.0
2020-04-23,89.12131580262911,90.51749154672083,88.94115943831035,89.13932800292969,16013300.0
2020-04-24,89.67976746299892,90.51747550994416,89.1213000132097,90.33732604980469,7853300.0
2020-04-27,90.96786832183442,91.88664856054777,90.8237501087055,91.49932098388672,8022100.0
2020-04-28,92.11185236632929,92.11185236632929,89.54468403845483,89.65277099609375,11517500.0
2020-04-29,91.03091114728294,91.03091114728294,89.66175735051065,90.24725341796875,9939900.0
2020-04-30,89.8599379958306,90.41840553387362,89.36451659376425,89.83291625976562,12768900.0
2020-05-01,88.80604882544853,88.96818612622751,87.32880091713461,88.12147521972656,10102000.0
2020-05-04,87.8512409686921,88.27459984301143,87.27475433582488,88.07643127441406,8991300.0
2020-05-05,88.85107726064852,90.63458732078455,88.62588697828227,89.98603820800781,11498300.0
2020-05-06,90.45444386778803,90.51749688094968,89.04925850460663,89.09429931640625,9493200.0
2020-05-07,90.00407786884917,90.01308740712618,88.97721041772218,89.0853042602539,9453900.0
2020-05-08,90.04010763383303,90.07613891407034,89.27446182751625,89.54469299316406,10374500.0
2020-05-11,89.17535248412914,91.31916151427869,89.17535248412914,91.08496856689453,15115100.0
2020-05-12,91.61641851620338,91.69749059573479,89.68879014661094,89.69779968261719,18471000.0
2020-05-13,89.58071906075264,90.27430919170861,88.01339613884477,88.7249984741211,12667200.0
2020-05-14,87.90527999180641,89.74283361812361,87.88726779205632,89.69779968261719,12021400.0
2020-05-15,89.44558911901649,90.53550933671997,89.23841102105054,90.45443725585938,15170200.0
2020-05-18,92.14786645061923,92.57121840949102,91.14802104542377,91.20206451416016,10557300.0
2020-05-19,90.91383593759302,91.3822287777089,90.09413987706128,90.1031494140625,10561400.0
2020-05-20,90.78772166135897,91.13000844141669,90.004056947758,90.21123504638672,10058000.0
2020-05-21,89.95904240749711,90.01308589172106,89.02224973811909,89.54469299316406,12259500.0
2020-05-22,89.55367694944006,89.80588898614499,89.08528414873985,89.73383331298828,10233200.0
2020-05-26,91.1480487672781,91.22911399503793,89.42759118511296,89.57171630859375,10828800.0
2020-05-27,89.69781938586671,90.49949645996094,88.33766778517017,90.49949645996094,15551900.0
2020-05-28,91.2380876276627,92.59823873811878,91.21106589571015,91.67945861816406,11707700.0
2020-05-29,92.07581993814478,92.98559076305318,90.69765626737788,92.78742218017578,19055300.0
2020-06-01,92.20190590414384,92.3099997091714,91.29213527721511,91.86862182617188,8436200.0
2020-06-02,91.9046640408291,92.44511938581435,91.35519915961972,92.40008544921875,13162300.0
2020-06-03,92.67030550597627,92.76038711962977,91.83259735373944,92.21992492675781,10020900.0
2020-06-04,91.66146513199101,92.30100478371007,90.90482212155786,91.49031829833984,10848300.0
2020-06-05,92.06679108623358,93.7151855464262,91.58938880341822,92.9675521850586,14579500.0
2020-06-08,92.59826085062197,93.64314034511902,92.37307053422676,93.60710906982422,8191300.0
2020-06-09,93.41794974584158,93.8773399141304,92.5261980198505,92.63428497314453,10371100.0
2020-06-10,92.94054633683974,93.24680186409907,92.08482589560293,92.49016571044922,10519700.0
2020-06-11,91.68849385129337,91.85964069797691,87.04056222941836,87.3468246459961,39561900.0
2020-06-12,89.17536616990395,89.46360950283534,86.4010197952749,87.91429901123047,19397200.0
2020-06-15,86.59918573496667,88.61688900397034,85.95063653757832,88.11246490478516,14521800.0
2020-06-16,90.1842027786876,90.8597735959919,88.79702987581807,90.28328704833984,13272800.0
2020-06-17,90.73368429704898,90.89582159794153,89.87795698090262,90.19322204589844,9086200.0
2020-06-18,89.67978478640883,90.09413412257845,89.31948579653104,89.886962890625,7115200.0
2020-06-19,90.91383866454987,91.28314722551924,89.81490877438648,90.75170135498047,12177000.0
2020-06-22,90.37629854548724,90.53007499134493,89.47172147379445,90.40343475341797,6889200.0
2020-06-23,91.02759689621399,91.57034871194291,90.62053993579333,90.79241180419922,5369900.0
2020-06-24,90.11394734586509,90.29485995343725,87.78013744076674,88.4223861694336,15739700.0
2020-06-25,88.34100021661459,89.39935373515269,87.59924039181396,89.29080200195312,10506300.0
2020-06-26,89.12795711070378,89.35410132620902,87.78013951867723,88.20529174804688,16631400.0
2020-06-29,88.90181587498655,89.16414400193013,88.21433550442319,89.0013198852539,7490200.0
2020-06-30,89.02845806672632,91.00043601191624,88.76612993395172,90.52101135253906,9183000.0
2020-07-01,90.94619080039851,91.59748747633154,90.37630965964522,91.21755981445312,10932800.0
2020-07-02,92.02262873332246,92.42968565588961,91.70602123646427,91.905029296875,6502400.0
2020-07-06,92.96338645897524,93.3704502988666,92.3935053647781,92.83674621582031,6374400.0
2020-07-07,92.15829457521875,93.14428701154905,91.90501414060157,92.03165435791016,5913200.0
2020-07-08,92.34827862867138,92.62870224022606,91.42561296530465,92.04072570800781,5624900.0
2020-07-09,91.94119978786102,92.28493654115834,90.16822981057196,91.3170394897461,10521700.0
2020-07-10,91.38944003486021,91.4798963811404,90.4305903418119,91.0999755859375,10502700.0
2020-07-13,91.62460251169392,93.30711623520645,91.38036286397862,91.61555480957031,10167200.0
2020-07-14,91.39846329356072,93.58753803436312,91.22659145063511,93.43376159667969,10889900.0
2020-07-15,94.12124745295094,94.91727279478269,93.92223939214915,94.6458969116211,9606900.0
2020-07-16,94.555423684564,94.56447138608574,93.82271859290888,94.49210357666016,6412200.0
2020-07-17,94.98964206546472,96.11131572364256,94.85395412181506,95.7856674194336,7548600.0
2020-07-20,96.00276319725396,96.32841149877913,95.45097062530158,95.767578125,6776300.0
2020-07-21,96.09320723510787,96.45503247442848,95.5052308691508,95.70423889160156,7458600.0
2020-07-22,96.13843872569353,96.72641513315553,95.6409255358215,96.56359100341797,5648400.0
2020-07-23,96.8711473934809,97.26916348100106,95.81279396225659,96.12939453125,6970100.0
2020-07-24,95.97563736012114,96.02991668382438,94.4649951267581,95.07106018066406,6241000.0
2020-07-27,95.03486677909761,96.02990709827807,94.73636158471896,95.7856674194336,5934200.0
2020-07-28,95.83089210372968,96.31031682209324,95.49619612044992,95.67710876464844,6239400.0
2020-07-29,95.89422802601457,97.07017420989145,95.83090789997026,96.68120574951172,5449800.0
2020-07-30,95.74946690540867,96.17461916781723,94.98057789321464,96.01179504394531,5349200.0
2020-07-31,95.71327186243425,95.97559997044553,94.21167791823427,95.45999145507812,6920400.0
2020-08-03,96.05703077187043,96.76259970512555,95.8851589389174,96.44599914550781,8811800.0
2020-08-04,96.22890762902001,96.45505189982636,95.42383457705947,96.02085876464844,6092900.0
2020-08-05,96.54551159255901,96.63596791729283,96.21986330241711,96.46409606933594,4406600.0
2020-08-06,96.3465100950893,96.75356703478518,95.25197261814809,95.94849395751953,5369700.0
2020-08-07,95.84897868711575,96.27413098397618,95.57760972625528,96.25604248046875,4274000.0
2020-08-10,96.27414147819434,96.35555010491385,95.6771172767488,95.93040466308594,4640200.0
2020-08-11,96.46411000041142,96.5545663382087,95.09819652513123,95.3243408203125,8115900.0
2020-08-12,95.83994126326287,97.23299082948054,95.80376425236814,96.9254379272461,8205500.0
2020-08-13,96.80784603955762,96.89830927797881,96.14750856789021,96.7988052368164,5323300.0
2020-08-14,96.61785885443203,97.04301111209774,96.23793820342726,96.60881805419922,3826200.0
2020-08-17,96.7806720400742,97.54956095680474,96.73544733989796,97.1786880493164,4610200.0
2020-08-18,97.3777250829637,97.54054923515885,96.64501294739783,97.15158081054688,4220500.0
2020-08-19,97.24203310921942,97.51340898542315,96.62692043768284,96.83497619628906,6308100.0
2020-08-20,96.40981988712979,96.74450896570298,96.27413195464406,96.52741241455078,4938300.0
2020-08-21,96.3736649595331,96.75358576364165,95.87614469126451,96.62694549560547,6466700.0
2020-08-24,97.08825470726262,97.12443861678454,95.59570122101502,96.18367767333984,6363200.0
2020-08-25,96.67215205084187,96.87115320516602,96.30127214678846,96.83497619628906,5096500.0
2020-08-26,96.63595284104805,96.82591316376578,95.67709662461087,96.71736145019531,6995300.0
2020-08-27,96.880186917653,97.9294994593098,96.19270652489077,97.47721099853516,7775200.0
2020-08-28,97.74858545923726,97.74858545923726,96.97064871062348,97.6943130493164,5159600.0
2020-08-31,97.48626430650734,98.39988904687736,97.40485568578258,97.92951202392578,6721100.0
2020-09-01,97.80287121076873,97.95664764992027,96.46409416644185,97.05207061767578,10999300.0
2020-09-02,97.14251697932366,99.25923060643626,96.73546011710457,98.99690246582031,8495800.0
2020-09-03,99.12356019487754,99.26828894204623,95.61379663281042,96.30127716064453,13337300.0
2020-09-04,96.63596120249282,96.8078261371324,94.4468865497175,95.61378479003906,14715500.0
2020-09-08,95.46000332913647,95.49618723488439,93.77748966941691,94.0398178100586,9660200.0
2020-09-09,94.74538268355458,96.49121637863536,94.72729418213818,95.70423889160156,8200800.0
2020-09-10,95.97560895114685,95.97560895114685,93.98554250595545,94.23882293701172,9186200.0
2020-09-11,94.68207851395448,95.06199922001593,93.88605319153402,94.60971069335938,8764300.0
2020-09-14,95.37860606299239,96.48219116477078,95.18864571124982,95.9665756225586,5846900.0
2020-09-15,96.46410423438505,96.86212037855353,95.84899151220458,96.09323120117188,5580500.0
2020-09-16,96.60883749125097,96.79879785497211,95.8218529260843,95.93040466308594,7193300.0
2020-09-17,95.04390377257681,95.93943305755313,94.73635090957725,95.61378479003906,7597300.0
2020-09-18,95.73139862852902,96.08418315455519,94.58258181700727,95.46907043457031,8649300.0
2020-09-21,94.19580570767607,94.19580570767607,92.39761819017501,93.70539093017578,8783000.0
2020-09-22,93.55099618371426,93.79620009014383,92.66098270537965,93.50558471679688,7833300.0
2020-09-23,93.89610790273979,93.93243569365512,92.45211459014783,92.54293060302734,7681900.0
2020-09-24,92.21597753016277,92.54292068454232,91.51667975542217,92.07975006103516,8434600.0
2020-09-25,91.76189337755713,93.814368369429,91.66199369241178,93.56007385253906,6769000.0
2020-09-28,94.45918876035027,95.14031932582677,94.2230615575826,94.40469360351562,6511100.0
2020-09-29,94.56816045882289,95.04949852108513,93.91428096906846,94.28662872314453,5402700.0
2020-09-30,94.57722524806312,96.56612821914644,94.55906481953824,95.79418182373047,7565500.0
2020-10-01,96.23920116313141,96.62971626545581,95.05857217596893,95.46725463867188,9113200.0
2020-10-02,94.55907778776469,95.5489841053225,94.18672312817993,94.59540557861328,8628700.0
2020-10-05,95.27651081519817,96.63877143128862,95.24925978267109,96.53887176513672,6661200.0
2020-10-06,96.81133838654908,96.86583353328862,95.16754581026319,95.25836181640625,7747200.0
2020-10-07,95.93040088477595,97.35623354623225,95.91224045653028,97.0565414428711,7873100.0
2020-10-08,97.6196246110482,97.84666811870267,97.31993244684595,97.52880859375,5942700.0
2020-10-09,98.07368694398254,98.70032908462252,97.8193993880174,98.40971374511719,5636300.0
2020-10-12,98.85473598578766,99.47229456714481,98.52779279984459,99.08177947998047,5065000.0
2020-10-13,98.49145925431809,99.00911811367745,98.07370008087169,98.32798767089844,6773600.0
2020-10-14,98.29165501106523,98.70033045614291,97.44705308626388,97.75582885742188,5999900.0
2020-10-15,96.54797164235671,97.22910211357,96.38450005211283,97.04747009277344,6197700.0
2020-10-16,97.36532915753472,98.7366737735049,97.32900136777461,98.0101318359375,7462100.0
2020-10-19,98.26440197586628,98.56410099152376,96.13019494059095,96.45713806152344,8308500.0
2020-10-20,96.8022646324245,97.38350237473205,96.42083321022521,96.58430480957031,7421100.0
2020-10-21,96.57521370996695,96.84766866421664,95.87592282299144,96.10296630859375,5474300.0
2020-10-22,96.23918852978298,97.72859315968752,96.23010485078613,97.55603790283203,6127100.0
2020-10-23,98.04644767830162,98.62767838600301,97.36531729313748,97.91930389404297,5697900.0
2020-10-26,97.12919039533534,97.24725743016779,95.90315708474276,96.82949829101562,8135500.0
2020-10-27,96.47533246286726,96.9566636011689,96.11206145679228,96.16654968261719,6893100.0
2020-10-28,94.5772425234309,95.14938966549752,92.99702165809123,93.11508178710938,11431700.0
2020-10-29,93.05151726421374,93.46019976566892,91.78007214105065,92.35222625732422,15974200.0
2020-10-30,92.23415111514097,92.77906106937506,91.09893359184979,92.3249740600586,10741700.0
2020-11-02,93.68722346531099,94.20488231455907,93.0060930358363,93.9869155883789,10287300.0
2020-11-03,95.14031653270303,96.3935942420115,95.06766094493547,95.3582763671875,9812900.0
2020-11-04,98.07370672755191,101.18874377412715,97.8829910221066,99.59036254882812,25531500.0
2020-11-05,100.9616987582211,101.03435433886413,99.60852148062791,99.79015350341797,12864800.0
2020-11-06,99.89912499338882,100.50759981906891,99.18166680970558,99.82646942138672,12311200.0
2020-11-09,103.45917189243958,103.90418210452121,100.6347504308558,100.76189422607422,20443000.0
2020-11-10,101.22507603399126,101.41579174785649,99.96271469306096,101.05252075195312,12526500.0
2020-11-11,101.86079425783024,101.86079425783024,100.43495449486704,100.92536926269531,9935400.0
2020-11-12,100.73466395985363,101.13426275906262,99.88098506447734,100.55303192138672,7856300.0
2020-11-13,101.05253222655125,102.2150009312049,100.87090017238407,101.8244857788086,6576100.0
2020-11-16,102.63272298171775,102.79619454271693,101.14331850542129,101.65189361572266,7586000.0
2020-11-17,101.13427145243209,101.36131498444117,100.50762908686502,100.98896026611328,8898100.0
2020-11-18,101.20691844635589,101.24324623984893,99.08178756433085,99.1090316772461,9849900.0
2020-11-19,99.10903324183435,99.1907725106886,98.3007588781042,99.03638458251953,10410900.0
2020-11-20,98.809326171875,99.27248988656575,98.46421564467342,98.809326171875,7674500.0
2020-11-23,99.29974853464073,99.35424368991399,97.9374874427191,98.55504608154297,7747700.0
2020-11-24,99.03637999084408,99.51771111447749,98.5096373945284,98.84565734863281,9615900.0
2020-11-25,98.96370713828061,99.03636271036771,98.07369370225541,98.48237609863281,11671800.0
2020-11-27,98.88198181740462,99.46321261834846,98.56412230576622,99.39056396484375,4443900.0
2020-11-30,99.42689701114797,99.7538332912434,98.90015440469647,99.66301727294922,12723400.0
2020-12-01,100.62567131909034,101.59741711906666,100.32597226790084,100.49852752685547,12682400.0
2020-12-02,100.57117366623345,101.42485933180163,100.50760177170072,101.25230407714844,8552400.0
2020-12-03,101.2159914920725,101.52477426104815,100.68925582775528,101.12517547607422,9795700.0
2020-12-04,101.16150817234833,102.2240701615568,101.03436435802347,102.2059097290039,7859600.0
2020-12-07,102.09690535253232,102.18772135425824,101.20689883527479,101.5792465209961,5803200.0
2020-12-08,101.33406105738203,102.43295081444603,101.29773326431983,102.35121154785156,7953200.0
2020-12-09,102.75989433511873,102.76897801561637,101.54293751470394,101.99702453613281,7386400.0
2020-12-10,101.97887371773258,102.3875493040181,101.61560268057949,101.8244857788086,5411000.0
2020-12-11,101.40670529256695,101.65190920726742,100.72557483873344,101.42486572265625,5222400.0
2020-12-14,102.19681109084934,102.705386273714,100.59842303622395,100.66199493408203,8469300.0
2020-12-15,101.36129309861514,101.96976797010173,100.82546687578301,101.7518081665039,5007500.0
2020-12-16,101.66097805578701,102.02424203511588,101.01617548501716,101.45209503173828,5355400.0
2020-12-17,101.615589778777,102.60550305611262,101.60650609857635,102.54193115234375,4263700.0
2020-12-18,102.64181002629334,102.86885349885344,101.52476002143509,102.62364959716797,7876700.0
2020-12-21,101.104403096959,101.68803036014872,99.73652539434829,101.59683990478516,6129600.0
2020-12-22,101.41446461464444,101.65156539390485,100.71229036813322,101.28679656982422,13104100.0
2020-12-23,101.64242606484154,102.10750640622419,101.28677843830934,101.35973358154297,3920700.0
2020-12-24,101.40535124914621,101.84307526305312,101.26856901735077,101.65157318115234,1674700.0
2020-12-28,102.18045389829975,102.40843348579493,101.63329732240338,101.90687561035156,4390100.0
2020-12-29,102.38110713661641,102.8553087463268,102.04370167776324,102.39022827148438,5053300.0
2020-12-30,102.59995075174625,102.94647727157758,102.26253840745208,102.3719711303711,3563700.0
2020-12-31,102.38110136958237,103.61219708407684,102.04369592973494,103.44805145263672,5581200.0
2021-01-04,103.84928234782777,103.86752461503065,101.32327101637154,103.0011978149414,12911800.0
2021-01-05,102.81881617504114,104.10462466586648,102.38109221122775,103.74897003173828,11081900.0
2021-01-06,102.29900268850399,105.44511827170456,102.29900268850399,105.17154693603516,17833700.0
2021-01-07,105.30834779938382,106.6944608101982,105.14420219676501,106.53943634033203,12407100.0
2021-01-08,106.73092457330642,107.52429604286951,106.03786467888528,107.05009460449219,9350600.0
2021-01-11,107.0774723563895,107.72493367921543,106.94068318511388,107.55167388916016,6428200.0
2021-01-12,107.34191721746659,107.46046410832906,105.90108443289739,106.38440704345703,9225500.0
2021-01-13,106.32969028981559,107.04098557038523,105.93756507650338,106.67622375488281,5259600.0
2021-01-14,106.84947056861387,107.25071686585599,106.21113051153306,106.33879852294922,5792300.0
2021-01-15,106.04700936347577,106.91332920587298,105.62752766398127,106.6671142578125,10335200.0
2021-01-19,107.51519557203268,107.81613035528784,106.90421182958339,107.46959686279297,6194500.0
2021-01-20,107.65197164961629,108.23559887849487,107.00450345261204,108.06233215332031,6872000.0
2021-01-21,107.92555686943483,108.03498959793258,107.18690508488726,107.55167388916016,5796200.0
2021-01-22,107.23249053955078,107.83436007486267,107.0957083336943,107.23249053955078,4796400.0
2021-01-25,107.2963369397829,107.9985111424475,107.0774714845694,107.93467712402344,6962000.0
2021-01-26,108.24472735114867,108.50918456125734,107.4787191210846,107.53343200683594,5504000.0
2021-01-27,106.34794075980831,106.34794075980831,104.00431043172635,104.26876068115234,13096900.0
2021-01-28,105.15330185054557,107.12304880995086,104.95267870200784,105.7916488647461,12626100.0
2021-01-29,105.63663914846897,106.38441902196732,104.04990285474547,104.89798736572266,10462400.0
2021-02-01,105.755191742327,106.10171827482479,105.13508687122464,105.29923248291016,10105300.0
2021-02-02,106.12905843417326,106.64885163186285,105.5727876664406,105.60015106201172,11515700.0
2021-02-03,105.60015932554472,105.6548722061982,104.5240952759172,104.85238647460938,11280300.0
2021-02-04,104.85239834688416,105.71871818978933,104.62441870850002,105.29011535644531,8451500.0
2021-02-05,106.0105275686497,106.17467317995468,105.22627708767999,105.48161315917969,5557000.0
2021-02-08,105.85550534816734,106.00140869611336,105.29923448451389,105.60928344726562,6956700.0
2021-02-09,105.60015951510536,105.86460974366233,105.49984792880348,105.7643051147461,4730300.0
2021-02-10,106.53033202684144,106.55768847203271,105.58193583501833,105.95582580566406,5406400.0
2021-02-11,106.32969288484519,106.42088334094635,105.65487516083365,106.15643310546875,4684000.0
2021-02-12,105.94668964405908,107.06835243951346,105.80990048011793,106.94979858398438,6345300.0
2021-02-16,107.08659408945849,107.18690568512993,105.54544953540292,105.89198303222656,9531900.0
2021-02-17,105.54544108348439,106.32969151917612,105.42689418781406,106.27497863769531,5022200.0
2021-02-18,105.75519375259793,106.03788627244644,105.17156644604125,105.60928344726562,7756600.0
2021-02-19,105.69135240176341,105.77342172478014,104.24139841199565,104.33259582519531,9390800.0
2021-02-22,103.83102870941774,104.40553479193878,103.15621104714754,104.08636474609375,7213300.0
2021-02-23,104.01340514233993,104.65175216402751,103.42977795286752,103.91309356689453,8731500.0
2021-02-24,104.03165946861441,105.19891398290918,103.70336826679579,104.6335220336914,9842000.0
2021-02-25,104.48763566811303,104.90711739247985,103.05592373330505,103.58483123779297,14494800.0
2021-02-26,103.949599647946,103.949599647946,102.42669725012217,102.69115447998047,14687000.0
2021-03-01,103.53011163238764,104.51498533391599,103.5027551891318,104.03166961669922,7361800.0
2021-03-02,104.25052907760255,104.49674402655276,103.63042418102498,103.7307357788086,8456100.0
2021-03-03,103.34773285585256,103.45715863115244,102.18047820341027,102.41757202148438,14946600.0
2021-03-04,102.18958542690775,102.86441012981327,100.24720151624041,101.04057312011719,23441700.0
2021-03-05,101.63331356954147,103.39331654465447,100.8125924892659,103.06502532958984,15645200.0
2021-03-08,103.14711239557214,104.44203512515706,102.68203196604439,102.80970001220703,12691800.0
2021-03-09,103.56656925330755,105.05299369534711,103.36594609824029,103.41154479980469,11022300.0
2021-03-10,104.09550452606689,104.68825297875735,103.61218880472107,103.64866638183594,11641100.0
2021-03-11,104.00431404477504,104.85239857974295,103.85840373633967,104.27788543701172,6549400.0
2021-03-12,104.05902885199177,104.65177731552245,103.89488323066614,104.50586700439453,7452400.0
2021-03-15,104.31436166860311,105.2536366555345,104.1958147625683,105.22628021240234,7119100.0
2021-03-16,105.3357118161925,105.52721387345666,104.77944095383104,105.16244506835938,8618600.0
2021-03-17,104.7064790563045,105.29922745673038,104.15020822977716,104.77943420410156,7524900.0
2021-03-18,104.29610497542188,105.41776065818847,104.25050627462636,104.56056213378906,8553300.0
2021-03-19,104.67001390625629,105.55457604547802,104.14109945802667,104.9344711303711,12595800.0
2021-03-22,104.86857056332319,105.92091801332595,104.34697323336123,105.84770965576172,6156800.0
2021-03-23,105.71960405479125,105.89347216772428,104.51169401788515,104.77706909179688,9170500.0
2021-03-24,104.83198798918393,105.46339798561843,104.63066845515932,104.65812683105469,12647000.0
2021-03-25,104.81366217197872,105.2986552971818,103.72471060151932,105.09733581542969,11505300.0
2021-03-26,105.36269935531912,107.22031749157517,105.07902574284616,107.08305358886719,8286500.0
2021-03-29,106.65299022912836,107.9524071907105,106.6163860494528,107.58637237548828,8958900.0
2021-03-30,107.29354628605128,107.29354628605128,106.3693099453037,106.61638641357422,6865700.0
2021-03-31,106.84516410234005,107.47656704487459,106.66214319168708,106.82685852050781,8504100.0
2021-04-01,107.00071484066127,107.1013745850366,106.16798549747138,106.5065689086914,6676400.0
2021-04-05,107.04648257751093,107.57722575943436,106.87261445945643,107.24779510498047,7190900.0
2021-04-06,107.38506257559453,107.69619464016732,106.68045125242594,106.83601379394531,5206700.0
2021-04-07,106.77196689278405,107.13800177079656,106.32357783252438,106.59809875488281,5753200.0
2021-04-08,106.90921885141694,107.22949671567294,106.61639237816377,106.76280212402344,4292400.0
2021-04-09,106.82684707992131,107.99815285652411,106.76279151343626,107.93409729003906,5919100.0
2021-04-12,107.77853211618255,108.26352524785192,107.6595737760761,108.04390716552734,8279500.0
2021-04-13,107.7053295403701,108.7942811837747,107.60466979275118,108.49230194091797,6519600.0
2021-04-14,108.36418134983742,108.92238281737454,108.2909729976775,108.48314666748047,6226600.0
2021-04-15,108.913247002059,110.66106002922626,108.913247002059,110.34078216552734,8438300.0
2021-04-16,110.90813077102516,111.29247119330054,110.52379733028364,111.16436004638672,7447400.0
2021-04-19,110.95388691618824,111.21926199896771,110.62445626042984,111.19181060791016,7094300.0
2021-04-20,110.67933778266135,111.9055532061204,110.67933778266135,111.62187957763672,8063900.0
2021-04-21,111.9696194213633,113.00366127966068,111.91471664456988,112.93960571289062,9635900.0
2021-04-22,112.84810224559195,113.10432452059136,112.00622706158434,112.43631744384766,10030800.0
2021-04-23,112.38138806575886,113.4337353528301,112.14347141281084,113.1775131225586,4974500.0
2021-04-26,113.11346781931563,113.12262060880713,112.58271773333388,112.7931900024414,6907100.0
2021-04-27,112.50950618442307,112.52781176288605,111.9604575165879,112.14347839355469,7034700.0
2021-04-28,111.9604560008186,112.08856712219462,111.60357402248071,111.80489349365234,6788100.0
2021-04-29,111.92386128206901,111.95131267017852,110.75255551250908,111.35651397705078,8148900.0
2021-04-30,110.91727943748035,111.56698793882211,110.82577247616372,111.02709197998047,7153400.0
2021-05-03,111.63104804409801,112.40886771918304,111.47548550538778,112.28990936279297,13179100.0
2021-05-04,112.12517797809014,112.49121276734583,111.64018484947783,112.40885162353516,16186300.0
2021-05-05,112.56443372549873,112.95791994623953,112.38141281961133,112.61018371582031,16713700.0
2021-05-06,111.96962699186685,112.765752216865,111.39312685195803,112.75659942626953,16115000.0
2021-05-07,113.02197923784142,114.1292295741521,112.97622226448013,113.534423828125,7576700.0
2021-05-10,113.94620764078226,114.5593189632713,113.63508256562311,113.68083953857422,8846700.0
2021-05-11,113.08603026434798,113.5618706531154,112.19839807648923,112.45462036132812,11357800.0
2021-05-12,111.85064624993402,112.40884069691222,111.28329203266033,111.39310455322266,10946500.0
2021-05-13,111.59444120944518,112.91216381551601,111.4205800744741,112.39971923828125,11228000.0
2021-05-14,113.04942505549143,113.34225151857804,112.68339023124976,112.9670639038086,6590400.0
2021-05-17,112.83895359702781,113.36055095643111,112.68339106457309,112.75659942626953,5997700.0
2021-05-18,112.71998164957506,113.44289842568135,112.34479407728469,112.7931900024414,9202000.0
2021-05-19,112.06113313512463,112.67423745140574,111.26500791593855,112.60103607177734,10063000.0
2021-05-20,112.56441558669346,114.2664713387391,112.56441558669346,113.7814712524414,7522700.0
2021-05-21,114.15666379695259,114.98939311245893,113.70827484788995,113.7997817993164,8423300.0
2021-05-24,114.38544732258087,114.61421821722604,113.86384996205126,113.90960693359375,4958800.0
2021-05-25,114.07430546163359,114.08345126936861,113.44289565128578,113.57100677490234,6798500.0
2021-05-26,113.54358035936501,113.58018454295305,112.42717719529962,112.91217041015625,6848800.0
2021-05-27,113.1500856468312,113.24159260818766,112.60103689715885,112.66509246826172,8102900.0
2021-05-28,113.09517155057534,114.03771346287276,113.0311159819273,113.10432434082031,10059900.0
2021-06-01,113.24159423595069,113.27819841732615,111.15520476828524,111.24671173095703,13368300.0
2021-06-02,111.34736983535548,111.63104350989711,110.76171690508872,111.02709197998047,13245100.0
2021-06-03,110.61529341375493,111.65848806831055,110.36822393516363,111.36566162109375,13244400.0
2021-06-04,111.95129739536921,112.28072797080155,111.59441543557286,111.72252655029297,11228900.0
2021-06-07,111.9970719706008,113.1134749871929,111.80490526829887,112.12518310546875,13978500.0
2021-06-08,112.39969227504822,112.46374783183647,110.91725469883615,111.77743530273438,10799500.0
2021-06-09,112.06112883965092,113.0494207328543,112.06112883965092,112.85725402832031,7965600.0
2021-06-10,113.13177239919953,114.91618944162971,113.0860224123884,114.78807830810547,9350900.0
2021-06-11,114.61421904710916,114.66912182813077,113.39715620321648,113.97366333007812,6958100.0
2021-06-14,113.90961023334607,114.09262416175032,113.2690475208635,114.07432556152344,5156000.0
2021-06-15,114.19327728776976,114.36714539673423,113.62592297219805,114.11091613769531,5409100.0
2021-06-16,114.22987047786718,114.80637054679086,113.35139119027895,113.67166900634766,11653200.0
2021-06-17,113.47035434353742,114.84297959769312,113.45205574535657,114.54100036621094,6527000.0
2021-06-18,113.68997125103758,113.8455407508613,113.07686698610381,113.23242950439453,11152600.0
2021-06-21,113.59163409832946,114.804257798241,113.17823535433685,114.59296417236328,6655400.0
2021-06-22,114.66647205209344,114.99718828367925,114.28063878483623,114.84101867675781,7194000.0
2021-06-23,114.68481653053209,114.95122715826811,114.31736036281896,114.36328887939453,6506600.0
2021-06-24,115.03391545817294,115.75965334064172,114.82262184326582,114.95123291015625,7029200.0
2021-06-25,114.9053074654549,115.82396197283697,114.84100193028927,115.47486877441406,8344200.0
2021-06-28,115.5942970354908,115.796402146228,115.20846382887119,115.6494140625,4631400.0
2021-06-29,115.65859258558221,116.13628979890532,115.51160451454311,115.77801513671875,6165500.0
2021-06-30,115.65860791628342,115.9433885806985,115.2635861839764,115.70453643798828,8542700.0
2021-07-01,115.7872234934685,116.81611914080118,115.74128796119953,116.73343658447266,12021000.0
2021-07-02,116.88039973330315,117.9644121809602,116.67829464850284,117.85416412353516,12327900.0
2021-07-06,117.5050895298829,117.75311612917378,116.90796275866705,117.74393463134766,11413100.0
2021-07-07,117.75312597158076,118.48805236816406,117.32136424802393,118.48805236816406,18435700.0
2021-07-08,117.38568488348963,117.92768773889476,116.77018797721581,117.83583068847656,8386600.0
2021-07-09,118.25837611778493,118.59828777522283,117.97359549868692,118.2400131225586,5224200.0
2021-07-12,118.24002479454447,119.05762672454128,118.14815373912933,118.46968841552734,9097900.0
2021-07-13,118.32270365188745,118.74527687651492,118.074663009355,118.35944366455078,9698800.0
2021-07-14,118.62586590008581,118.72691846075391,118.03792755189578,118.24921417236328,7487000.0
2021-07-15,117.61534853587047,118.12979287439444,117.1100927058997,117.83583068847656,8750600.0
2021-07-16,118.1389627490652,118.58909443879186,117.7531155613654,118.1573257446289,6511000.0
2021-07-19,117.38566049135034,117.94604024741781,115.96175034773745,116.91714477539062,19460400.0
2021-07-20,117.29379956936404,119.01168590103303,117.29379956936404,118.34107208251953,15053700.0
2021-07-21,118.81876195695709,118.85551598440347,117.25705221179014,118.53398132324219,8295700.0
2021-07-22,118.63501860904742,119.40668487548828,118.31348398925412,119.40668487548828,9261100.0
2021-07-23,119.91197187733881,120.90412042866053,119.76498379176034,120.7846908569336,8303800.0
2021-07-26,120.44479546240025,120.79388866789179,119.60881647954191,120.00384521484375,6626500.0
2021-07-27,119.83847932258085,120.56422424316406,119.5169586511354,120.56422424316406,9551600.0
2021-07-28,120.38967921258569,121.34507375806558,120.08652153494299,120.9959945678711,7432600.0
2021-07-29,121.39100769704986,121.47368323962627,120.93168043710679,121.28995513916016,5662700.0
2021-07-30,121.08783786077791,121.85032271780267,120.92248679223367,121.40017700195312,6634400.0
2021-08-02,121.87791387082265,122.04327900120946,121.20729988397554,121.5655746459961,8366300.0
2021-08-03,121.62067071798477,123.29262866423154,121.53799517582236,123.25587463378906,7701700.0
2021-08-04,122.77819080647635,123.53149436288066,122.57608565805361,122.73226928710938,8322100.0
2021-08-05,122.64037383172212,122.65875084635013,121.29913211497683,122.22698211669922,8240900.0
2021-08-06,122.17188921117815,122.28212328560014,121.34509160033991,122.1259536743164,6923700.0
2021-08-09,122.30045928101029,122.82408497643443,122.20858823810278,122.59442138671875,9852500.0
2021-08-10,122.65874741623489,122.90677402777963,121.8411455075896,122.30965423583984,5832600.0
2021-08-11,122.50259391456808,122.6955035266381,120.99600096327653,121.09705352783203,14512500.0
2021-08-12,121.21647302780033,122.15350465523949,121.13379747708548,122.05245208740234,8220300.0
2021-08-13,122.35559128238963,122.84247703080263,122.2086032027599,122.8149185180664,7922900.0
2021-08-16,122.81493714835099,124.22965908111614,122.3923498597003,124.21129608154297,8404200.0
2021-08-17,123.88058938871801,125.68114471435547,123.81627683259481,125.68114471435547,13874500.0
2021-08-18,125.51576904123786,125.65356160945797,123.69682303540091,123.77031707763672,12427700.0
2021-08-19,122.95271436216173,124.97375144955046,122.91597435005147,124.33069610595703,11669200.0
2021-08-20,124.4501627047045,125.41475301587462,124.01839384177653,125.03810119628906,7252700.0
2021-08-23,125.74541665333558,125.83727368126618,125.04723034978498,125.083984375,8471300.0
2021-08-24,125.08401545428552,125.10237845390216,124.28477640913907,124.64305114746094,6548100.0
2021-08-25,124.52360557440582,124.58790409268455,123.78867925767699,124.3031234741211,6918500.0
2021-08-26,124.37663347357537,124.6522326299211,123.57740853597261,123.81625366210938,5972100.0
2021-08-27,124.09183557699521,124.43173321264779,123.47633882328894,123.6784439086914,8679200.0
2021-08-30,123.56821224158726,124.82677844354518,123.55903074287053,124.37663269042969,6417200.0
2021-08-31,124.40420569995975,124.98296259032396,123.77033177576217,124.21129608154297,9299100.0
2021-09-01,124.31235179841147,124.42258586887057,123.07216243551746,124.24803924560547,10571100.0
2021-09-02,124.70733634948365,125.59843224995977,124.56954379479306,125.5800552368164,6847800.0
2021-09-03,125.4514625808057,125.89241283804685,124.85434273282405,125.71788024902344,5632800.0
2021-09-07,125.24939781609008,125.45150300277047,124.16539183076848,124.98299407958984,8739100.0
2021-09-08,124.73491755729817,125.12994631521411,124.40420134830948,124.92784118652344,6986200.0
2021-09-09,124.75326693233562,125.03804754578582,123.41202537707103,123.48551940917969,8905600.0
2021-09-10,123.92648211056392,124.03673017864726,122.29127827913433,122.3555908203125,10561600.0
2021-09-13,122.9986382900183,123.07213232486252,120.98678289101372,121.60227966308594,11676700.0
2021-09-14,122.17187696588395,122.45665764130236,121.37263795375898,121.58393859863281,10436300.0
2021-09-15,121.42774301667819,122.94353132643515,121.24401492331356,122.37397003173828,10299900.0
2021-09-16,122.53015305870824,122.75981670500657,121.22566522984044,122.06163024902344,10525700.0
2021-09-17,121.96059387376974,122.28212862829258,121.38185094021037,122.18107604980469,13541400.0
2021-09-20,120.79541392419739,121.98466155910015,119.85508087493969,120.90603637695312,17245000.0
2021-09-21,121.45918976937448,122.33498377026157,121.07199707635954,121.09043884277344,11741800.0
2021-09-22,121.45000143525404,121.90171930520049,120.71248536015995,121.29328155517578,11964100.0
2021-09-23,121.56981427455564,122.87889837299275,121.47763357483117,122.16905212402344,10366500.0
2021-09-24,121.96624615790164,122.417963982257,121.41310564067125,121.67123413085938,6962600.0
2021-09-27,121.32090925198966,121.4684011795001,119.67994374776421,119.93807220458984,11631400.0
2021-09-28,119.17292034350662,119.17292034350662,117.47663629478919,117.88227081298828,17433400.0
2021-09-29,118.40775048543757,119.36651148816428,118.16804968454458,118.81338500976562,11171400.0
2021-09-30,119.2097854525506,119.95651530329782,117.25538000941492,117.3567886352539,21653100.0
2021-10-01,117.51348652309134,117.93755568207895,115.49454230155531,117.3844223022461,23188900.0
2021-10-04,116.90504662937572,117.5042774483569,115.01517347224824,115.59596252441406,27580700.0
2021-10-05,116.06613967498551,117.46741164116091,115.90941981015499,116.28739166259766,19151800.0
2021-10-06,115.64205782319287,116.17674948215414,114.7754776687974,116.07534790039062,21322100.0
2021-10-07,116.87739037883101,118.37084994300828,116.65613841255905,117.61490631103516,15806400.0
2021-10-08,117.78085304772925,118.00210502527905,116.7852085985448,117.02490234375,9552300.0
2021-10-11,116.92349739249367,117.5411629923413,116.07535892403362,116.11222839355469,7843400.0
2021-10-12,116.48097801426995,116.60082839875359,115.26408163683823,115.54986572265625,13007200.0
2021-10-13,115.74345855351173,116.25971544429366,115.02437741260064,115.73423767089844,10609000.0
2021-10-14,116.93271574405607,117.8546072539908,116.93271574405607,117.39366149902344,8857900.0
2021-10-15,118.00212766921493,118.50917087493355,117.75322002589164,117.97447204589844,8976100.0
2021-10-18,117.45820020736565,117.57804357114789,116.66537294917782,117.17240905761719,11660700.0
2021-10-19,117.80852588368067,119.01620863656593,117.80852588368067,118.71198272705078,9487000.0
2021-10-20,119.42184094880909,120.58343345786571,119.31121844964201,120.40827178955078,13665700.0
2021-10-21,120.6571486318213,120.97058832577513,119.78134056497069,120.89683532714844,8267500.0
2021-10-22,120.7862436049925,121.43156492353945,120.6018680949719,121.38546752929688,8009700.0
2021-10-25,121.44075658334312,121.66201559510448,120.50043743398848,121.53295135498047,10629700.0
2021-10-26,121.80955611956671,122.48253312898692,121.14579296314226,122.13220977783203,9271600.0
2021-10-27,122.32579988906502,122.45486415168939,121.12733798358181,121.1642074584961,11851400.0
2021-10-28,121.38543367102413,122.64842033267514,121.38543367102413,122.17826080322266,9282500.0
2021-10-29,122.02153282004345,123.52422013787186,121.5513733219552,123.36750030517578,15415100.0
2021-11-01,123.47815260948619,123.98519575957381,122.74985043019262,123.22002410888672,14356700.0
2021-11-02,123.699410842008,124.61208861007626,122.6207993344454,123.99442291259766,20851500.0
2021-11-03,123.75472714919505,124.7687994174108,123.29378137265641,124.72270202636719,14610000.0
2021-11-04,124.43688641522722,124.63048978185257,123.00795205606357,123.86531829833984,15818500.0
2021-11-05,122.74986343716816,123.25690664098373,121.59749891347357,122.4825210571289,14867300.0
2021-11-08,122.703763473382,123.36752647439188,122.22437595777535,123.2107925415039,8948800.0
2021-11-09,123.24768036292136,123.35830284461903,122.51937817988278,122.75907897949219,7287000.0
2021-11-10,122.72218989400518,123.60721190842919,122.70376219252071,123.10938262939453,8445400.0
2021-11-11,123.09094918152094,123.17391603517092,122.45484183631035,122.74983978271484,8597300.0
2021-11-12,123.53349145183942,123.64411395768528,122.67613889763123,123.35832977294922,8317600.0
2021-11-15,123.64408010832389,123.7086192636997,122.4732880634395,122.59312438964844,6268900.0
2021-11-16,122.56547002970099,123.77314562347563,122.35343892704799,123.10938262939453,6150900.0
2021-11-17,123.24769168225727,123.76394873352503,122.71299286003006,123.28456115722656,8229000.0
2021-11-18,123.4136324620061,123.64410537782635,122.90660330076189,123.3306655883789,9029300.0
2021-11-19,123.69938116697178,124.1142435500832,122.47327798520186,122.58390045166016,10166100.0
2021-11-22,122.75906381180205,123.18312598387968,121.87404186672595,122.03076171875,11146200.0
2021-11-23,121.45921852104546,122.28891533577566,121.09046750715414,122.15985107421875,12075200.0
2021-11-24,121.92937995466171,122.33501451603642,121.50531768918793,122.11376953125,6760800.0
2021-11-26,122.55626904006242,123.27534334795226,121.23795676429826,121.66203308105469,11896900.0
2021-11-29,122.32580091737539,122.8144023490571,121.86485510884926,121.9939193725586,17137100.0
2021-11-30,121.29326824048138,121.84639468587191,119.42181560274807,119.59697723388672,19467000.0
2021-12-01,120.16856212883785,121.77264432901063,119.36650696180358,119.38494873046875,22241400.0
2021-12-02,119.34806322845625,120.45433006165133,118.77648101219778,119.96572875976562,17531100.0
2021-12-03,120.80466210830915,121.26560788172858,119.19135190134111,120.18699645996094,22111900.0
2021-12-06,120.50043545476882,121.3946572036172,120.31604591452272,120.86918640136719,15230900.0
2021-12-07,121.68968426601721,122.72219829775985,121.523750539608,122.42720031738281,11974700.0
2021-12-08,122.77747788102309,123.43202690040488,122.15981239152072,123.34906005859375,15144700.0
2021-12-09,123.22923791659622,124.04050695645067,123.13705720467074,123.63487243652344,9095800.0
2021-12-10,123.31219563806633,124.32628186272488,123.25688440162081,124.06815338134766,8554300.0
2021-12-13,124.06816929119441,125.58928475629483,124.06816929119441,125.23897552490234,12201800.0
2021-12-14,124.65818057931234,125.38646873809185,124.1142679231524,124.73193359375,11070800.0
2021-12-15,124.99928213644917,127.3501085950705,124.88865964280342,127.28558349609375,14996300.0
2021-12-16,127.27631714126622,128.68680977709937,127.04584430447066,128.04148864746094,19227500.0
2021-12-17,127.39620012762482,128.1797995331415,126.6494701959769,127.14728546142578,21504200.0
2021-12-20,126.88630341974012,127.27498414954319,125.28530595914495,126.37731170654297,16185700.0
2021-12-21,126.73819967204042,126.9603089439852,125.56289438796415,126.90478515625,10773400.0
2021-12-22,126.8400395167032,128.45954975388483,126.61794429304953,128.38551330566406,7246000.0
2021-12-23,128.71864697821556,129.3294369747945,128.3392155450978,128.91299438476562,7743800.0
2021-12-27,129.37571931358957,130.2733917236328,129.23689569453757,130.2733917236328,6968900.0
2021-12-28,130.39370169844307,130.62506029912947,129.58857828677714,129.9309844970703,6065900.0
2021-12-29,129.8014303038387,130.93972483947016,129.70889533185021,130.6713409423828,7103600.0
2021-12-30,130.91195062332764,131.39316632283047,130.77312699688795,130.93971252441406,7931700.0
2021-12-31,130.7823893044145,131.2821176408755,130.33817064866295,130.3844451904297,7882800.0
2022-01-03,129.82916741894863,130.069789366396,127.9320384638042,129.0425567626953,15122300.0
2022-01-04,128.7556808290319,128.90373958754057,126.79375047796644,127.33976745605469,14304500.0
2022-01-05,127.61739329757661,128.38550551512267,126.3865780184931,126.4328384399414,15370700.0
2022-01-06,125.64623463957538,126.41434689953152,124.74856212619342,124.97065734863281,15182000.0
2022-01-07,124.67449842557555,124.90585697904922,124.07297183494617,124.33209228515625,9619400.0
2022-01-10,123.78610777436988,125.68325123372992,123.48997609131872,125.60921478271484,15589900.0
2022-01-11,125.79427875623642,126.62717810635758,124.93363162755215,126.6086654663086,12168300.0
2022-01-12,125.88683050554107,126.4420967507324,125.70174646414637,126.24774932861328,10831800.0
2022-01-13,126.02562675875791,126.1829630044621,124.06371070839396,124.28582000732422,13804900.0
2022-01-14,123.95266418894037,124.20253538726719,122.79587139058309,124.0729751586914,14341800.0
2022-01-18,122.85140900237371,123.04575642759815,122.01852374228602,122.33316802978516,16471400.0
2022-01-19,122.56451312851041,123.52695852583801,121.71311532137288,121.83341217041016,14639600.0
2022-01-20,122.12957175090433,123.37891376619868,120.96352955870177,121.03755187988281,15127800.0
2022-01-21,121.40773484775954,121.78716632096358,119.62163920621826,119.81598663330078,25804800.0
2022-01-24,118.7332250610733,119.62163409288381,115.60525256759949,119.41803741455078,37938000.0
2022-01-25,117.83556134667153,119.66791746591626,116.85459610233961,118.64994812011719,19326800.0
2022-01-26,118.84426393139621,119.91777104358094,117.10445009428985,118.0298843383789,29557400.0
2022-01-27,118.60368109483247,120.15840417431474,117.94661642987889,118.3353042602539,18483600.0
2022-01-28,118.2334883869938,120.79693829662031,117.40059610318798,120.75066375732422,20906800.0
2022-01-31,120.52857693969462,121.66685725625963,120.28795496703316,121.44474792480469,19044400.0
2022-02-01,121.8797014732732,121.99076319792508,120.79694497471858,121.7686538696289,14674800.0
2022-02-02,121.68534620702057,123.70278595452291,121.43547502290619,123.40665435791016,13595200.0
2022-02-03,123.24009211462584,123.3418904591388,122.64781468864349,122.8791732788086,13805600.0
2022-02-04,121.75938115909508,123.2955911573319,121.53727187357664,122.43494415283203,12004100.0
2022-02-07,122.48125032798849,122.90694225061745,121.87970948634877,122.22212982177734,9229200.0
2022-02-08,121.57430845928215,123.434440577231,121.29668944556545,123.2215805053711,11071600.0
2022-02-09,123.81384773143515,124.43390113365113,123.68428749537658,124.17476654052734,10811000.0
2022-02-10,122.74036072849373,123.81385382826558,121.7501392090662,122.23136901855469,14393300.0
2022-02-11,122.06477987218378,122.99021418242324,120.38974603001144,120.5378189086914,13072300.0
2022-02-14,120.2879420109248,120.51930057755968,118.40931157953007,119.3069839477539,14386900.0
2022-02-15,120.34346973365173,121.12084527487085,120.03808884221642,120.64886474609375,8969900.0
2022-02-16,120.02883163436572,121.17637530488771,119.69567470556949,120.83396911621094,8779200.0
2022-02-17,120.34348869673194,120.40827588579515,118.71472916139669,118.89056396484375,11906800.0
2022-02-18,118.7795047578084,119.41804259920443,117.6041991765874,118.00213623046875,13505600.0
2022-02-22,117.58568267178416,118.66843913379911,116.91936883038925,117.70599365234375,13682100.0
2022-02-23,118.30752789328352,118.71472128033741,117.00266908736701,117.11372375488281,12022800.0
2022-02-24,115.02222823540623,117.82629299184754,114.80937524303957,117.58567810058594,23220000.0
2022-02-25,118.11318889956995,121.48177658183967,117.98362864954082,121.18563079833984,17012300.0
2022-02-28,119.24222225744614,120.40826446086356,118.87204004294311,120.26945495605469,17987700.0
2022-03-01,119.64013768231825,120.62109571952845,118.67769228383065,119.6031265258789,14064200.0
2022-03-02,120.13062622850326,122.06478055874081,119.97330408939852,121.40773010253906,12395600.0
2022-03-03,121.94447767146826,122.74035170824541,120.9912815033639,122.02776336669922,11172600.0
2022-03-04,120.79695312250914,122.74962030400559,120.43603426531352,122.6385726928711,12160400.0
2022-03-07,121.87044755207593,122.10180613149106,119.95479173643525,120.50080871582031,15704000.0
2022-03-08,119.70493870532756,120.59334777270558,117.96511761028496,118.03915405273438,21794600.0
2022-03-09,119.96405992446755,120.88949427921371,119.07563673066788,120.26945495605469,15576500.0
2022-03-10,118.81651847863532,120.48230317275087,118.68695823137121,120.22318267822266,10708800.0
2022-03-11,120.5470587096303,121.25039776766997,119.20518188927345,119.32549285888672,9869100.0
2022-03-14,120.28794517095584,121.8982059205993,119.81597876618412,120.16764831542969,14373200.0
2022-03-15,121.139367672081,122.69410493997474,120.93577095698765,122.56454467773438,14374100.0
2022-03-16,123.18456705720864,124.05447760672705,121.92597577469407,124.03596496582031,13840400.0
2022-03-17,123.67506639787929,126.05343984832403,123.50849496544855,125.9979019165039,10973100.0
2022-03-18,125.92386298937089,126.93258307552779,125.54443150415327,126.77526092529297,11364200.0
2022-03-21,126.71582991941334,127.80196390463018,126.08457837178884,126.67870330810547,11473100.0
2022-03-22,126.80870466230225,126.9850738237492,126.24242806065058,126.70658874511719,8892100.0
2022-03-23,126.10313257767379,126.33521284853893,124.39502518371964,124.4321517944336,10013400.0
2022-03-24,124.89629883313897,125.9174575805664,124.62709198066486,125.9174575805664,7189200.0
2022-03-25,126.34449121014742,126.71581393661405,125.53684232424874,126.50230407714844,7040100.0
2022-03-28,126.71584481235057,127.45850461129525,126.26096232129579,127.4213638305664,8467000.0
2022-03-29,128.47967343415502,128.99025302659695,127.4121095122802,128.17333984375,12327700.0
2022-03-30,128.19183943507616,128.93449904459322,127.77409783130216,128.42391967773438,10752900.0
2022-03-31,128.1547257644227,128.8602446738972,126.94790554777647,127.17070770263672,15843000.0
2022-04-01,127.52350354515474,128.21974458074098,126.66944957464285,128.17333984375,20785700.0
2022-04-04,127.88549147487544,128.10829360665423,126.80864991724593,127.10570526123047,16769500.0
2022-04-05,126.78079886501163,128.8880772214146,126.71580959932474,127.37492370605469,15025100.0
2022-04-06,127.05003388509306,129.62148745157359,126.96648838072694,129.3151397705078,23197800.0
2022-04-07,128.85095511022772,132.13720515326204,128.85095511022772,131.80300903320312,18160200.0
2022-04-08,131.81234607838738,133.1398387340498,131.61739237336496,132.59213256835938,19102700.0
2022-04-11,132.21150216884482,132.74993015880628,129.76073479405377,129.9556884765625,16570700.0
2022-04-12,129.6308063495703,130.3920367356749,128.1362082526396,128.69320678710938,14085400.0
2022-04-13,128.6838580712644,129.4543662345062,128.01546578905598,129.32440185546875,15496400.0
2022-04-14,129.44506738315897,130.10416728372496,128.6095700817387,128.70240783691406,10993400.0
2022-04-18,128.57250106030276,128.86957067786537,126.74370695172767,127.28213500976562,10125000.0
2022-04-19,127.61629728864432,128.95308188184325,127.56987840261974,128.49819946289062,11733100.0
2022-04-20,128.8509878559465,130.7262006820065,128.70245306149354,130.2248992919922,13674800.0
2022-04-21,130.58694086904822,130.73547565993957,128.4982181792073,128.78599548339844,11409700.0
2022-04-22,127.62557748360803,127.6627182590562,123.95871206867903,124.08867645263672,17525300.0
2022-04-25,123.72663690797395,125.19338596751254,122.33415523734244,124.92417907714844,16501900.0
2022-04-26,124.17223886715358,124.84063126572849,122.54767676382295,122.72406005859375,20087700.0
2022-04-27,122.70547047083498,123.69878080069368,121.85141679850923,122.454833984375,16726700.0
2022-04-28,123.31815827965937,124.55282690985908,122.17632741551094,124.14436340332031,15510700.0
2022-04-29,122.93754946734157,123.57809325624476,120.76528161675641,120.95094299316406,17430200.0
2022-05-02,120.84882702645075,121.52651158919224,118.24953234593272,120.19900512695312,23615100.0
2022-05-03,120.57035750788266,121.74003707699146,120.15260165136245,120.57963562011719,13585300.0
2022-05-04,120.38463648564986,123.6987485943055,119.37277019694858,123.25315856933594,19053500.0
2022-05-05,122.6497998935545,122.77976430288082,119.614199583206,120.85814666748047,16119800.0
2022-05-06,119.68843754087672,120.81171235064826,119.07575635514868,120.4775161743164,21742300.0
2022-05-09,119.13146486465267,119.15931336828234,116.90349250140311,117.35836791992188,17289800.0
2022-05-10,118.58375034391133,119.02934764463743,116.68997421025087,117.77611541748047,21850200.0
2022-05-11,117.19123867038462,119.83695205000132,116.85704255058809,116.99629211425781,19987300.0
2022-05-12,116.56926567841153,118.20311259337078,116.30005174314637,118.12884521484375,17497100.0
2022-05-13,118.9086425253054,119.75341809910618,118.38878499221427,119.38209533691406,9841500.0
2022-05-16,119.2428562040488,121.08092822766051,119.21500770104389,120.2640151977539,8839800.0
2022-05-17,121.51721170392456,121.97209408761657,120.61673921205829,121.91639709472656,9058700.0
2022-05-18,121.09020425632478,121.38725963686795,118.38878650689041,118.76940155029297,10005000.0
2022-05-19,117.82252228619535,119.7534320374589,117.39549539394969,119.02934265136719,9672800.0
2022-05-20,119.82769421063125,120.73744495979047,118.20313221889013,120.4775161743164,12833700.0
2022-05-23,121.28513884142575,122.00922812319118,121.03450235816041,121.5357894897461,9196500.0
2022-05-24,121.1830160186443,122.10205889980699,120.4032297852631,121.8978271484375,9031300.0
2022-05-25,121.81429125779133,122.65906682638321,120.7188650354848,121.86071014404297,8532400.0
2022-05-26,122.16706719228803,122.84473765551125,121.81430062770721,122.38057708740234,9090100.0
2022-05-27,122.59405897482256,124.44142271326979,122.08347963353783,124.41357421875,13696000.0
2022-05-31,123.31817617821086,123.54097835003915,121.75860347058196,122.75189971923828,11740800.0
2022-06-01,123.19750703197569,123.21606325628296,120.02263620839723,120.98809814453125,9259900.0
2022-06-02,121.14589535555963,121.97210051207198,118.98290563905991,121.94425201416016,9575400.0
2022-06-03,121.099481080968,121.63790900285291,120.35682138991795,120.5146484375,5852600.0
2022-06-06,121.37797868987357,121.62862934248496,120.2082992527792,120.533203125,7729000.0
2022-06-07,120.53321626871391,122.22276758270054,120.09690418939019,122.10208129882812,7219100.0
2022-06-08,121.75862364919217,122.20421390163841,120.79316157632347,121.13665008544922,5372000.0
2022-06-09,120.72816696046465,121.13663052803538,118.37023041749143,118.39807891845703,7772900.0
2022-06-10,116.99631993365824,117.58116682363065,116.04015022897607,116.49502563476562,11289000.0
2022-06-13,114.19278319484805,114.88902403631464,112.49395384186283,112.96739959716797,14886200.0
2022-06-14,112.83744025906263,113.12521755334525,111.09219193882383,111.89054870605469,9299500.0
2022-06-15,112.50323662649481,114.21134405469357,111.29641636079025,113.0230941772461,10301600.0
2022-06-16,110.9529332447044,111.4356641763461,110.23812912375105,111.36139678955078,9383300.0
2022-06-17,111.39854076135617,113.06023651094982,111.25929116889878,111.29642486572266,13724900.0
2022-06-21,112.8569749379589,114.80536028500114,112.48408461860278,114.2926254272461,7987200.0
2022-06-22,113.56548294587319,117.15460572661321,113.50955081868273,115.87744140625,10188900.0
2022-06-23,116.41815873437969,118.57163852751846,116.41815873437969,118.47840881347656,11943300.0
2022-06-24,119.34536769073141,120.4640528355227,118.54364072907453,120.44540405273438,10448100.0
2022-06-27,120.4454120580944,121.40561817513823,120.06319022222335,120.89288330078125,8963600.0
2022-06-28,121.13528270083748,121.7412330850539,118.56229799446922,118.7860336303711,7518700.0
2022-06-29,118.94451566468538,120.41745678811345,118.75807048225836,119.8208236694336,9157700.0
2022-06-30,119.19621267590992,120.23099969444793,118.29193869462651,119.55046844482422,10697600.0
2022-07-01,119.59707019550869,121.05137662773605,118.26397374703488,120.89288330078125,9366600.0
2022-07-05,119.72761307245115,120.22171351077414,117.62075514757841,120.19373321533203,9987000.0
2022-07-06,120.36152801253702,121.62937520319664,120.14711675800918,121.00477600097656,9033300.0
2022-07-07,120.82764662726349,121.67598857925084,120.76238298871561,121.51750946044922,6805500.0
2022-07-08,121.17256143439842,123.0929737203524,121.0513798970807,121.88107299804688,6505800.0
2022-07-11,121.20052074738543,122.25395652948417,121.07000771264474,121.57342529296875,7027300.0
2022-07-12,121.19122492225424,122.0116008429128,119.48522366444281,120.02592468261719,9280400.0
2022-07-13,119.00977278963535,119.82081711248074,118.55297002655946,118.86061096191406,9296500.0
2022-07-14,117.49954769997319,118.69281393713149,116.74443546511503,118.51568603515625,7784800.0
2022-07-15,120.27760344723701,121.43357189205001,119.74621984288042,121.37763977050781,9684800.0
2022-07-18,121.49885134391437,121.61071560157055,118.41313184239628,118.81399536132812,7047700.0
2022-07-19,120.08184003569814,121.0420461609737,119.55978787727894,120.83695220947266,6585700.0
2022-07-20,120.66915413029886,120.82763323153047,119.15892269154944,119.64368438720703,7599500.0
2022-07-21,119.99794992688273,121.53614044189455,119.69030897890929,121.53614044189453,9507700.0
2022-07-22,121.81583138433868,122.04889144611896,120.29627522957686,121.03275299072266,8657100.0
2022-07-25,121.12594031078689,121.8903839635744,121.01407605910246,121.66664123535156,5489000.0
2022-07-26,122.01159148006315,123.04637858244827,121.68530174806082,122.29125213623047,7482400.0
2022-07-27,122.2166765932343,123.605705167786,121.64800959211954,123.0556869506836,7680700.0
2022-07-28,123.2141764537428,124.74304970016502,121.11663615820196,123.83877563476562,11052600.0
2022-07-29,123.21418523405167,123.6523392649984,122.56161994057459,123.42859649658203,8309500.0
2022-08-01,122.73875743431778,123.40997156710095,122.23533972230156,122.5150146484375,7665400.0
2022-08-02,122.81332861229454,123.8015009446432,122.01160147428132,122.07685089111328,7935100.0
2022-08-03,122.73872996721519,123.6802873088134,122.40312297592746,123.19551849365234,6825700.0
2022-08-04,123.48454118729127,123.51250725485804,122.39380765276229,122.58958435058594,5493000.0
2022-08-05,121.82514741353029,122.59890851766967,121.53615521587066,122.54297637939453,8883400.0
2022-08-08,122.77603807582284,123.64302890521896,122.20737095434802,122.83197021484375,7075100.0
2022-08-09,122.99041480646837,123.57773055094528,122.17005328981152,122.45904541015625,5802500.0
2022-08-10,123.76420922373873,123.88540500697361,123.07436054958866,123.79217529296875,6736300.0
2022-08-11,123.41927711125794,124.63119219268458,122.72941425571199,122.99044036865234,8471400.0
2022-08-12,123.2887460288549,124.621842466114,123.08365208083747,124.56591033935547,7515500.0
2022-08-15,124.5006802328628,125.35833950077229,124.05320892457448,125.1905288696289,7486100.0
2022-08-16,124.9201907069606,125.27444654599428,124.37017238572399,124.85492706298828,7138400.0
2022-08-17,124.12776184082031,124.8455906904615,123.94131666847132,124.12776184082031,7251800.0
2022-08-18,124.09049374466879,124.34220258194034,122.9158762121625,123.5777587890625,7053600.0
2022-08-19,123.5777535684711,124.50999373024274,123.40062566175753,123.91336059570312,5946500.0
2022-08-22,123.1489255646614,123.54046470815099,121.88107843223328,122.29125213623047,6420400.0
2022-08-23,121.75055086574606,121.88106389801234,120.24964388225693,120.58525085449219,7501900.0
2022-08-24,120.7064394536581,121.20052554938465,120.29625154969165,120.73440551757812,6719500.0
2022-08-25,121.24714430721518,122.10480348641232,120.398802408007,122.06752014160156,5636600.0
2022-08-26,122.10480960933802,122.11414111464985,118.57162573608022,118.66484832763672,9044500.0
2022-08-29,117.94701593393796,118.57162221491633,117.21986978399201,117.83515167236328,6727700.0
2022-08-30,118.25464584561284,118.25464584561284,116.76306322687665,117.05205535888672,7910500.0
2022-08-31,117.43428405777645,118.17075457473231,116.28762562949647,116.3062744140625,8954500.0
2022-09-01,116.11982877874587,118.27330832406324,115.9613496629981,118.21736907958984,11212400.0
2022-09-02,118.89790607527758,119.00977745044979,116.01728039833532,116.52069091796875,9730300.0
2022-09-06,116.97749978310895,118.09618514330484,116.3062857220202,116.632568359375,9663400.0
2022-09-07,116.60458801289454,118.73009420443513,116.23169056768472,118.5343246459961,9038300.0
2022-09-08,118.09617781630779,120.63186494959297,117.85379339541322,120.5945816040039,9394800.0
2022-09-09,120.89288966205699,121.98362309983449,120.66916114136833,121.65733337402344,8880400.0
2022-09-12,122.12347470179327,123.10232982490894,121.79718491913555,122.46839904785156,7982400.0
2022-09-13,120.52000275388569,120.79036035724785,118.10550423344542,118.4224624633789,11928500.0
2022-09-14,118.8139992911394,119.51317937432562,117.70463839560138,118.48771667480469,8080100.0
2022-09-15,119.00044246011652,120.28693115410366,118.87924670303282,119.14959716796875,8624200.0
2022-09-16,118.77671201706097,119.07502855818974,117.90040406580826,118.81399536132812,10810100.0
2022-09-19,118.06149556953676,118.20189040518498,116.48908911998824,118.17381286621094,9430100.0
2022-09-20,117.37824633238303,117.55607311808564,116.06790649368023,116.78858947753906,9010600.0
2022-09-21,117.2565881071231,118.03343344381238,114.82310348763292,114.85118103027344,11642400.0
2022-09-22,114.67333450910708,116.24574099171636,114.18664049484192,115.45954132080078,9505600.0
2022-09-23,114.84181125364827,115.07580027995218,113.4378770958248,114.8698959350586,16611100.0
2022-09-26,114.1866413792861,114.73885203707142,113.26940128200191,113.77481842041016,10450600.0
2022-09-27,114.57037235622708,115.30977127987218,112.9698813826282,113.42850494384766,13239900.0
2022-09-28,115.01964279272912,116.48909356154886,114.28023662818211,115.90879821777344,16360000.0
2022-09-29,115.56249073504893,115.84327325610393,114.1585567074407,114.9354019165039,10791700.0
2022-09-30,114.94476785920448,115.74033626723164,113.22261204025564,113.35364532470703,12389800.0
2022-10-03,114.17729120803187,116.12408175591584,113.83099199514196,115.6841812133789,9326800.0
2022-10-04,116.64821354092125,118.41717011040296,116.37678539788189,118.37037658691406,13717900.0
2022-10-05,117.61224390700423,119.38120031891978,117.17234340887465,118.76346588134766,9913400.0
2022-10-06,118.32355849420891,118.68858077123903,116.93834758157605,117.24720764160156,9399300.0
2022-10-07,116.35805200253701,116.56396346925222,114.11175612866393,114.76692962646484,10068700.0
2022-10-10,115.03836001589845,115.1974708285133,113.60634128003102,114.0462417602539,8377800.0
2022-10-11,113.81227057439521,115.87137846417193,113.52212644233273,114.65463256835938,10792900.0
2022-10-12,115.0196272369605,115.70287822901237,114.06495530066678,114.09303283691406,9292800.0
2022-10-13,112.45513937652879,117.30339280050846,112.26794385119844,116.75117492675781,14063600.0
2022-10-14,117.43441665732612,118.30485614299525,115.60929792116644,115.9649658203125,11442300.0
2022-10-17,116.70436261100937,118.06149603244813,116.56396777481068,117.82750701904297,8420400.0
2022-10-18,119.57774765700911,119.61518675612463,117.90238546067391,118.48267364501953,10016700.0
2022-10-19,118.11765133163168,118.12701289160324,115.80584587311644,116.82603454589844,7676200.0
2022-10-20,116.62013836064635,117.47186191027329,115.68418218256608,115.83393859863281,7196600.0
2022-10-21,115.74967860650563,118.754096556341,115.13195135010226,118.43587493896484,8433100.0
2022-10-24,119.42800283976248,121.08464207677139,119.42800283976248,120.71961975097656,7411300.0
2022-10-25,120.35459411190561,121.77725141395341,120.28908460987788,121.6368637084961,7174200.0
2022-10-26,122.01123113343367,124.12648666306546,121.97379917535382,122.984619140625,8277100.0
2022-10-27,123.26540875916268,123.28413187897259,122.15161877614551,122.33882141113281,6496800.0
2022-10-28,122.52602360900478,124.44473658197609,122.14227815809902,124.35113525390625,6267100.0
2022-10-31,123.70531270807352,124.73487010310542,123.42452302928697,124.2481689453125,7852800.0
2022-11-01,124.39792202102166,125.01565644153523,122.99398794615766,124.32304382324219,8033300.0
2022-11-02,124.03289023187212,125.44617861761685,122.1422551570427,122.20777893066406,10228700.0
2022-11-03,121.31864025536818,122.36692092967722,120.45756224967187,121.69303131103516,7916600.0
2022-11-04,122.61025277261803,122.87231934594332,120.71026297523103,122.43241882324219,8082200.0
2022-11-07,122.62896212286212,124.07032811428681,122.1703385302674,123.74275207519531,6054400.0
2022-11-08,123.77083104301475,125.31515278606194,122.91910762473883,124.3604736328125,8930700.0
2022-11-09,124.16391632013502,124.99691652133163,122.87229257476459,123.02204895019531,8963500.0
2022-11-10,125.85801112209866,126.40086734460965,124.16393295750807,126.14815521240234,12416800.0
2022-11-11,125.98904704311585,126.00777016333512,122.98462177717443,124.60383605957031,10487200.0
2022-11-14,124.97819200156722,126.20429196334523,124.66932483629007,124.71612548828125,10552600.0
2022-11-15,125.51169349427363,126.03582651987173,123.51810283189513,124.55701446533203,8184100.0
2022-11-16,124.86590731923003,125.70826210059197,124.28560482302646,124.50088500976562,6122200.0
2022-11-17,123.5181158157154,124.95012736887925,123.41516008332528,124.44471740722656,6498700.0
2022-11-18,125.50231477774803,126.16684970601764,125.09049192434743,125.95158386230469,6720700.0
2022-11-21,125.68951559456453,126.5506076181976,125.54912791764288,126.00775146484375,7995200.0
2022-11-22,126.30724549530751,127.19640074150911,126.28852237852487,127.10281372070312,5931100.0
2022-11-23,127.12154378031984,127.79541892420929,126.80330790384875,127.60823059082031,5340600.0
2022-11-25,127.75799781982323,128.4693192597311,127.73927470042798,128.36636352539062,3256000.0
2022-11-28,127.97326223296535,128.73138432184874,127.14963064928676,127.40232849121094,5026800.0
2022-11-29,127.13092999893864,127.33684150163948,126.40088531902039,127.0841293334961,5439600.0
2022-11-30,127.27130834149806,130.20085554746365,126.59741879711264,130.1166229248047,9377400.0
2022-12-01,130.8653730195747,131.18359462773248,129.78901506508103,130.49098205566406,15140200.0
2022-12-02,129.1806492410471,131.005760558206,129.1806492410471,130.8279266357422,7779800.0
2022-12-05,129.9855839433546,130.2850824602017,129.13386048964585,129.57376098632812,6921500.0
2022-12-06,129.33038708016542,129.7422099856479,127.95454496456458,128.5909881591797,8171500.0
2022-12-07,128.5909858248206,130.02299726826325,128.55355387116285,129.64862060546875,7427000.0
2022-12-08,129.87326345447622,130.96833037903713,129.62056558988604,130.81858825683594,6765000.0
2022-12-09,130.64073903468687,131.0338388374125,129.10577177956796,129.14320373535156,6203000.0
2022-12-12,129.22744868983384,130.51905822753906,129.22744868983384,130.51905822753906,5669700.0
2022-12-13,132.29738044940007,132.69048023819187,130.01364562556296,130.92152404785156,9886500.0
2022-12-14,130.86537486858728,132.23186263189208,130.02300589905272,131.12744140625,10882200.0
2022-12-15,129.95749944456946,130.28507548353085,128.26340704723586,128.72203063964844,8746700.0
2022-12-16,127.74865230722014,127.83288492803784,126.14816110390069,126.85012817382812,10843900.0
2022-12-19,126.8087701417599,127.04372303775253,125.8031792039125,126.37646484375,6801600.0
2022-12-20,126.42345324612624,126.83697262103375,125.66220818794929,126.3482666015625,4815500.0
2022-12-21,127.11891674094085,128.4064684339079,126.72419757461108,128.01174926757812,5937500.0
2022-12-22,127.29748377038624,127.87076944440382,126.17910562432014,127.83318328857422,5483300.0
2022-12-23,127.7110118335396,128.03054437108275,126.96856689743778,127.90837860107422,3766900.0
2022-12-27,128.1527152982177,128.25609515182515,127.07193765263837,127.57942962646484,7050500.0
2022-12-28,128.0023314653873,128.62261053600872,126.70540126545367,126.75238037109375,5054200.0
2022-12-29,127.54180919494915,128.79174571576442,127.25045562007244,128.13388061523438,6297300.0
2022-12-30,127.70158644622941,127.83315947770691,126.37644883895857,127.67339324951172,6369500.0
2023-01-03,127.77677524726509,128.1245009062594,126.33885048839755,127.30686950683594,7239200.0
2023-01-04,128.02109853856427,128.3500382351267,126.81814120201197,127.64517974853516,8469800.0
2023-01-05,126.79938769373261,127.10952726298422,125.84077578335379,126.33887481689453,6714200.0
2023-01-06,127.18471704157302,127.85197530725144,125.56823979627318,127.5042495727539,7175700.0
2023-01-09,127.63580655579636,127.67340704907393,125.20169804017986,125.37085723876953,7719500.0
2023-01-10,125.32387648711445,126.62080668043113,125.13590270396784,126.42345428466797,7675200.0
2023-01-11,126.50803093610192,127.15650318784853,125.92535237500134,127.13770294189453,7307200.0
2023-01-12,126.86514693688017,127.25986600679802,125.50240892503079,126.73357391357422,7580500.0
2023-01-13,126.03812607217343,127.68279626546608,125.98173967429373,127.29747009277344,6334100.0
2023-01-17,127.23168306581506,127.44783569144151,126.53621740635735,126.70539093017578,6664100.0
2023-01-18,126.70538142685189,127.03430681676335,124.79755106767539,124.91973114013672,10629100.0
2023-01-19,124.55321702676035,125.71858845003818,124.29946390629149,125.22048950195312,9902300.0
2023-01-20,125.50242630076038,125.9441388702389,124.54382885840727,125.85016632080078,5962200.0
2023-01-23,125.92534446535149,126.98732167867942,125.6433981552949,126.28246307373047,7211000.0
2023-01-24,125.65279697348204,126.38584880962003,124.63779881412502,125.44603729248047,5754800.0
2023-01-25,124.60961795304402,125.51184340859419,124.25249929263607,125.48365020751953,5999000.0
2023-01-26,125.77496854607024,125.8877413315701,124.74117021103906,125.71858215332031,6861100.0
2023-01-27,125.53063769465439,125.66221074021672,124.70359892804176,124.86336517333984,5854600.0
2023-01-30,124.6284138334402,125.4084591634085,123.54763625575126,123.735595703125,7055400.0
2023-01-31,124.01753679559681,125.35206745797173,123.89535670680092,125.33326721191406,6290600.0
2023-02-01,125.33326054845475,126.6959843372727,124.39344906094095,125.92534637451172,11843000.0
2023-02-02,125.00434332455514,125.23929623878544,124.17731881792817,125.07013702392578,11274600.0
2023-02-03,125.15470355534357,125.55882998259875,124.29007864215754,124.70359802246094,10046800.0
2023-02-06,124.52503216256768,124.78817825311427,123.8389737365274,124.00813293457031,7328300.0
2023-02-07,123.57583304030035,125.17350989989951,123.14351339245286,124.8069839477539,7551000.0
2023-02-08,124.35587297665388,125.13590395488751,124.25249313104432,124.4404525756836,5614100.0
2023-02-09,124.75059758604193,125.22989634195963,123.1529063855422,123.35027313232422,8085700.0
2023-02-10,123.51942794716867,124.64721330517115,123.35026874770021,124.51564025878906,6198600.0
2023-02-13,124.53443257693928,125.5588381412138,124.53443257693928,125.54943084716797,6300300.0
2023-02-14,125.71860235136504,125.94414795860109,124.17731189357487,124.8069839477539,6905900.0
2023-02-15,124.31829487073763,124.48746843964824,123.76380939006478,124.18672180175781,6491900.0
2023-02-16,123.04950959953564,124.04572180945432,122.68298369771884,122.9461441040039,8008000.0
2023-02-17,122.36346742595515,124.27128382631933,122.25069462290291,124.04573822021484,10798800.0
2023-02-21,123.14351840001818,123.65102471771083,122.26009316138754,122.43865966796875,9066200.0
2023-02-22,122.57021599542627,122.86155527044811,121.77138481236406,122.0251235961914,7318900.0
2023-02-23,121.9969395795035,122.9743516587213,121.46125443294433,122.35407257080078,9955500.0
2023-02-24,121.32026942123076,121.55522230848563,120.41805836478834,120.77517700195312,9008000.0
2023-02-27,121.43305876501552,121.77139150242549,120.13611421487958,120.40865325927734,6463900.0
2023-02-28,120.13611004745135,120.21129669097724,119.4124511513525,119.51583099365234,10282800.0
2023-03-01,118.94255536632818,119.58162754954346,118.80158936062843,119.3184814453125,11101000.0
2023-03-02,118.78276963724772,120.38985354066033,118.78276963724772,120.051513671875,10203100.0
2023-03-03,120.60602373782518,121.44245548397213,120.0045448904879,121.39546203613281,10048000.0
2023-03-06,121.48003918143277,121.89355856943746,121.0571268402049,121.33907318115234,8153400.0
2023-03-07,121.58339439796472,121.72437471007183,119.17747954466054,119.38423919677734,9604400.0
2023-03-08,119.13990497536876,119.50643807009885,118.26587996219726,118.74518585205078,10793200.0
2023-03-09,119.20568422771879,119.40305094753691,117.06291520870663,117.54222106933594,13270300.0
2023-03-10,117.34487001141665,118.32227487804927,116.22649197908058,116.67760467529297,20483200.0
2023-03-13,116.30168791605193,119.37486875700908,116.16071473908467,117.76779174804688,21294200.0
2023-03-14,118.56662757371552,119.1868994629001,117.63620898464909,118.82037353515625,14582900.0
2023-03-15,117.54223079651256,118.88616160582086,117.32607098416244,118.71699523925781,17244600.0
2023-03-16,117.82418497765354,119.88236754268189,117.49524517562378,119.82598114013672,16011400.0
2023-03-17,119.72260148575121,119.81658121354573,117.9087647755619,118.2846908569336,15071400.0
2023-03-20,118.48187845767063,119.96313749819043,118.48187845767063,119.78387451171875,10592100.0
2023-03-21,120.24616579754777,120.65186127991143,119.51969152353647,120.51034545898438,8816300.0
2023-03-22,120.57637681613663,121.01981220689005,118.67054903436565,118.68942260742188,10480000.0
2023-03-23,119.18002678803947,119.89707139834456,117.7836775151463,118.46298217773438,10092300.0
2023-03-24,118.34978420821383,120.21786506381562,117.90634876525141,120.10465240478516,8163700.0
2023-03-27,120.95377172817479,121.50099022072776,120.45372997393694,120.59525299072266,9455400.0
2023-03-28,120.4725992123323,120.90659063804438,119.57629160372349,119.8687744140625,8037400.0
2023-03-29,120.46316996356275,120.61412257349663,119.68008215493626,120.1989974975586,8183100.0
2023-03-30,120.85000610351562,120.8877532581431,120.08579178000463,120.85000610351562,6820400.0
2023-03-31,121.25569200772551,122.20859878316232,121.18964169445478,122.14256286621094,9202500.0
2023-04-03,122.23691996943123,123.65213595746197,121.89726755645098,123.5106201171875,8937300.0
2023-04-04,123.64268414047217,124.24650894430025,123.30303178854894,123.52945709228516,9052600.0
2023-04-05,124.21817880459349,125.87869305542338,124.07664862417587,125.66169738769531,12325800.0
2023-04-06,126.1523541130515,126.52973926852711,125.54852922649802,125.97309112548828,8276300.0
2023-04-10,125.63342460320705,125.95420338893115,124.97299345721059,125.88815307617188,8024300.0
2023-04-11,126.18067313876442,126.77505411352651,126.10519321891852,126.31275939941406,8887500.0
2023-04-12,126.80333654526876,127.27507516991086,126.1240317740785,126.35047149658203,8988600.0
2023-04-13,126.8882522525624,128.13363465518367,126.61463580598328,127.99211883544922,9373500.0
2023-04-14,127.69965624757607,127.9732583257684,126.49200647481939,126.9637451171875,6632100.0
2023-04-17,127.0015088496546,127.14302471835217,126.19954720350333,126.85999298095703,7187000.0
2023-04-18,127.11469126742837,127.11469126742837,125.82213198678129,125.99195098876953,7194200.0
2023-04-19,126.02969456966548,126.56746912370457,125.64286543656334,126.37877655029297,7048100.0
2023-04-20,125.77494615699523,126.04856261330478,125.26547479151387,125.85985565185547,6672000.0
2023-04-21,126.54857974726653,127.13353090415993,126.15232111875966,126.70896911621094,6535900.0
2023-04-24,126.84105861608072,127.45431294832458,126.52027986987062,127.41658020019531,6299800.0
2023-04-25,127.22791565504235,127.6147303946512,125.87873567246311,126.05799865722656,7752000.0
2023-04-26,124.94467882893387,125.02960271823406,123.5200334379765,124.26538848876953,10128800.0
2023-04-27,124.32200095938913,125.0956448164103,123.23699348675076,124.9163818359375,10008900.0
2023-04-28,124.76542657917007,126.34103173101397,124.56729003839774,125.98250579833984,7917300.0
2023-05-01,126.16176058942898,127.14297045169293,125.91646172294256,126.63349914550781,6793900.0
2023-05-02,126.42594080927987,127.22790216249324,125.18054403435825,126.08628845214844,14365800.0
2023-05-03,126.67125898152379,127.27508388656688,125.73722565440855,125.91648864746094,8961500.0
2023-05-04,125.38812045978366,125.4636003671575,124.38803688064104,124.9163818359375,9625300.0
2023-05-05,125.7372182984576,126.47312940854111,125.32208600121655,126.03912353515625,7650300.0
2023-05-08,125.85044295352212,125.8881757130844,125.18056770163653,125.76553344726562,5305700.0
2023-05-09,125.28433094315925,125.87872618545745,124.88807224706697,124.92581939697266,6452700.0
2023-05-10,125.28434719307876,125.58626684620624,124.53900644344262,125.27491760253906,6556600.0
2023-05-11,125.0107181556196,125.08619805263025,124.10497378781014,124.8880615234375,8764800.0
2023-05-12,125.0767800342416,125.34095250005674,124.1616059932678,124.71825408935547,6626800.0
2023-05-15,124.7371281523781,124.82203764608235,123.96346993066474,124.50125885009766,5725600.0
2023-05-16,124.23703777740461,124.28421450413421,123.43509100826446,123.46339416503906,7106000.0
2023-05-17,123.67100147402174,123.77478454889891,122.23691200198833,123.61439514160156,15512700.0
2023-05-18,123.35020136961161,123.5105907492263,122.35954753428035,123.31245422363281,12196900.0
2023-05-19,123.59552483216609,124.71826510924369,123.53891849824973,123.88800048828125,9277000.0
2023-05-22,124.06724169995724,124.87863260175645,123.71815977119749,124.01063537597656,12856100.0
2023-05-23,123.51059093375403,123.68985388662594,122.37842129010599,122.65202331542969,8723100.0
2023-05-24,122.41617227173953,122.44447543732217,121.52930135996269,121.81234741210938,7952900.0
2023-05-25,121.22738627227228,121.38777566297402,119.73669062206193,120.56694793701172,13737000.0
2023-05-26,120.45373387781461,121.58590365247443,120.09521512874298,120.32164764404297,8794900.0
2023-05-30,119.71783987504833,120.64245084145011,119.27440437065975,119.5763168334961,12114500.0
2023-05-31,119.24608864240373,120.81226432714561,118.9253098336215,120.60469818115234,15099100.0
2023-06-01,120.71790443417525,121.63307846664702,119.78386402496045,121.39720916748047,9751900.0
2023-06-02,121.78404724071133,123.1709599736405,121.50100118160567,122.95396423339844,10293000.0
2023-06-05,123.22755802789739,123.95403950498948,123.0765982203396,123.39737701416016,7880200.0
2023-06-06,123.89743086657974,123.93516361960596,121.83121352764931,122.36898803710938,9413500.0
2023-06-07,122.26522544974607,122.4350588576088,121.70857727237723,121.8878402709961,7519600.0
2023-06-08,121.90669944202523,122.84073268776099,121.50099674630883,122.67091369628906,6583100.0
2023-06-09,122.69921971974,123.47286358166717,122.02934453524955,123.04830169677734,10446100.0
2023-06-12,122.9822659822608,123.52004053167497,122.50108336843081,123.49173736572266,7321100.0
2023-06-13,123.21811007064561,124.30310293354998,123.09545344574916,124.11441040039062,8362700.0
2023-06-14,123.4823007428913,123.58608381091224,122.36899015900131,122.84072875976562,12401600.0
2023-06-15,122.85019014093119,124.91639341194347,122.83131656325865,124.74657440185547,10598600.0
2023-06-16,125.06732995003881,125.71833149345348,124.60503535556444,124.73712158203125,10535000.0
2023-06-20,123.54533740094266,125.14637962139172,123.52638613553935,124.59690856933594,8585100.0
2023-06-21,124.29376071364226,125.04218400120521,123.71586992353711,124.61585998535156,9444800.0
2023-06-22,124.80535598333263,125.64850678049717,124.64430633169256,125.468505859375,8036400.0
2023-06-23,125.29798258826486,125.56324255824967,124.71062329123907,125.05167388916016,8096500.0
2023-06-26,124.73903066279101,124.93798284844274,123.13798813761169,124.34114074707031,7092800.0
2023-06-27,124.34112646337849,124.47375642004953,123.1948133370509,124.05691528320312,8578200.0
2023-06-28,124.02850495439148,124.0569246289919,123.26114482901592,123.6590347290039,10897800.0
2023-06-29,123.37478278293545,124.54004687905311,123.16636226764176,124.4642562866211,7843300.0
2023-06-30,124.9663738254415,126.03688176156662,124.8905832223883,125.74320220947266,8260900.0
2023-07-03,125.38324214950063,125.38324214950063,124.18008955500567,124.71060943603516,5240300.0
2023-07-05,124.44534256666941,124.90955466451517,124.1611313732043,124.64429473876953,7942100.0
2023-07-06,123.81058573475426,124.11373367500383,123.33690533295663,123.6495361328125,8213100.0
2023-07-07,122.96744819368008,123.40322611426534,122.14323437765111,122.20955657958984,8749700.0
2023-07-10,122.21902143678928,123.32743192729399,122.20955303203583,123.17586517333984,7476500.0
2023-07-11,123.0053401408654,123.60218215477836,122.66428962656953,123.20429229736328,7278300.0
2023-07-12,123.51691646915909,123.6305951492579,122.67376586207317,122.8727035522461,11900400.0
2023-07-13,123.18534964517204,123.49798050976982,122.79692816592193,122.92008972167969,7526200.0
2023-07-14,123.8485070427498,125.16533833491229,123.7158770728767,124.76744842529297,13298600.0
2023-07-17,124.4358606119121,124.70112050877601,123.73480833844025,124.19902038574219,7905000.0
2023-07-18,124.24637334036753,125.59163850774434,124.0190159812682,125.11795806884766,8130300.0
2023-07-19,125.73378725001723,126.48219628297367,125.47799566293199,125.69588470458984,12484000.0
2023-07-20,126.53898896208722,128.30106617227793,126.44424709988017,127.780029296875,12650200.0
2023-07-21,127.9031866424402,129.46634076091541,127.68529768856055,129.06845092773438,11308900.0
2023-07-24,129.0684518786165,129.64634259535634,128.67056204250412,128.78424072265625,12034000.0
2023-07-25,127.92215436191657,129.24845397645285,127.75163632101118,128.7274169921875,7802900.0
2023-07-26,128.11164619858963,129.05900736287384,127.78007846444066,128.6421661376953,8205300.0
2023-07-27,128.83162316778999,129.29582079026946,127.66635876980574,127.69477844238281,8800800.0
2023-07-28,128.083214134256,128.29163472669063,127.34427365401777,128.07374572753906,6897600.0
2023-07-31,127.84635446382529,127.89372540138636,126.61478236514027,127.08846282958984,9735900.0
2023-08-01,126.79477074574235,127.2589827591157,126.11266978778035,126.42530059814453,10555300.0
2023-08-02,126.45373499696564,127.3158369269772,126.16952382211139,126.51057434082031,13873000.0
2023-08-03,126.09375029288087,126.25479992234946,125.6295382157671,125.87584686279297,11863400.0
2023-08-04,125.91374346036844,126.69057189856888,125.11796375618835,125.43058013916016,12631200.0
2023-08-07,125.80952743847917,127.0031969402662,125.74320523836776,126.88003540039062,8165600.0
2023-08-08,127.68529486076794,128.0168769421986,126.98424262416742,127.85582733154297,12601200.0
2023-08-09,127.74214914637462,128.509509215703,127.65689012880061,127.81793975830078,9833600.0
2023-08-10,128.1305481875223,129.34316885495792,127.60002845246653,127.73265838623047,9541700.0
2023-08-11,127.69479054423749,128.680054138888,127.39164252282524,128.52847290039062,7674400.0
2023-08-14,128.54738473763382,129.32421304937412,128.43370607142256,128.91685485839844,8723300.0
2023-08-15,128.59480329403917,128.97374195880747,128.30110920492274,128.44322204589844,9118500.0
2023-08-16,128.23479791531236,128.6516391084385,127.43901806784413,127.46743774414062,9462400.0
2023-08-17,127.01268929738954,127.4579356440267,126.39689600754842,126.4537353515625,11163800.0
2023-08-18,126.20742668114518,126.83268837632382,126.09374799314212,126.50110626220703,9463000.0
2023-08-21,126.45373476447551,126.78531687712598,126.05584490264344,126.63373565673828,6872400.0
2023-08-22,126.44429100299391,126.74743904727191,126.12219168857862,126.1884994506836,6939400.0
2023-08-23,126.94639779524215,127.23060903963194,126.19798882541389,126.56745910644531,7276800.0
2023-08-24,126.32112506348902,127.31585710534415,125.468505859375,125.468505859375,10241700.0
2023-08-25,125.87582247810577,126.83266611949249,125.44951301732296,126.38740539550781,8509100.0
2023-08-28,126.83269542626093,127.24005371796866,126.216902102327,126.68111419677734,6768400.0
2023-08-29,126.85162752571857,127.8179397583008,126.68110949057055,127.81793975830078,10737000.0
2023-08-30,128.13054851393755,128.5189699122281,127.60949718154517,127.72319030761719,7892700.0
2023-08-31,127.74214843561505,127.80847064152437,126.16952577195474,126.19795989990234,7540200.0
2023-09-01,127.1737391963899,127.1737391963899,126.20742697933807,126.53900909423828,10183900.0
2023-09-05,126.60530642135802,126.70004829083892,125.23163604736328,125.23163604736328,11042600.0
2023-09-06,125.08005744545066,125.20321898722693,123.94322726588368,124.5495376586914,12840000.0
2023-09-07,124.92850432612887,125.64850801770714,124.83377688895187,125.10850524902344,11055700.0
2023-09-08,124.84324529599459,125.48745836448128,124.81482561928316,125.10850524902344,8716900.0
2023-09-11,125.05165496523999,126.21690497530767,125.03270369722775,125.97059631347656,7179000.0
2023-09-12,125.59165081923254,126.14110746130456,124.90954976391,125.80953979492188,6941700.0
2023-09-13,125.50637749428942,126.33059136953615,125.46848941587385,125.8284912109375,6430300.0
2023-09-14,126.53901024570406,126.61478640152077,125.8474263375425,126.22637939453125,6433300.0
2023-09-15,125.92320543671875,126.52004741217304,125.1463770381783,125.23163604736328,9611900.0
2023-09-18,125.43138883210479,125.55505554627624,124.56575086264978,125.04137420654297,6559400.0
2023-09-19,124.83211342572957,125.41237455398007,124.30892478306531,125.14602661132812,6252400.0
2023-09-20,125.69773589756963,126.04969252492275,125.13650383912208,125.15553283691406,6350700.0
2023-09-21,124.9177458817912,125.12700683941586,124.00454250043899,124.06161499023438,7979500.0
2023-09-22,123.89989427880383,124.53722788570836,123.66208258153165,123.80476379394531,7790300.0
2023-09-25,123.681112122067,124.51819943000945,123.33866269590332,124.48015594482422,6826300.0
2023-09-26,123.90940892534611,124.30893085885126,123.32914776873447,123.42427825927734,8200700.0
2023-09-27,123.65257832038786,123.77623053583639,121.90227315495865,122.80596923828125,9888600.0
2023-09-28,123.01524377832101,123.74769336739348,123.01524377832101,123.39573669433594,9129000.0
2023-09-29,123.66208195820722,123.7762269275628,122.27325526659355,122.46351623535156,12692700.0
2023-10-02,122.07350702788251,122.33034773528942,120.86541949365336,122.29228973388672,16035100.0
2023-10-03,121.69300074343873,121.94983418052954,120.69418872238532,121.2078628540039,11971100.0
2023-10-04,121.31250593502345,121.8927670764958,120.74175929384465,121.72154235839844,10064300.0
2023-10-05,121.99740597035388,122.60620336107294,121.30299259105135,122.38742065429688,9609700.0
2023-10-06,122.0449838514943,124.0616226955169,121.97838959934671,123.6716079711914,10692400.0
2023-10-09,123.32913310528247,124.21380011454718,122.83449525492031,124.09965515136719,8047600.0
2023-10-10,124.06158869360416,125.25064702855461,123.63353059599646,124.68941497802734,8154900.0
2023-10-11,124.84162310131208,125.04137678153214,123.58597048043748,124.1376953125,9591800.0
2023-10-12,124.23283361869453,124.47064531052597,122.97718091868511,123.07231140136719,10927700.0
2023-10-13,123.52891364827842,124.55626196416702,123.1484207230788,123.84282684326172,11383800.0
2023-10-16,124.3374818805246,125.48848243819961,124.23284414665642,124.7750473022461,10545000.0
2023-10-17,124.17576334471991,125.28873498548009,124.08064736410095,124.60383605957031,9149900.0
2023-10-18,124.77504747294851,125.12700416240709,123.30061195365242,123.5194091796875,10085700.0
2023-10-19,123.35768895465574,123.49087745270133,121.54081118001452,122.30181884765625,15492500.0
2023-10-20,122.05447735480956,122.69181098348457,121.79763664881753,121.81666564941406,12296800.0
2023-10-23,121.73105605955672,122.14008522280923,120.94151946143323,121.05567169189453,12344200.0
2023-10-24,120.6656658491789,121.80716646505898,120.6656658491789,121.42666625976562,9375900.0
2023-10-25,120.874927623052,121.24591328536415,119.44805745802466,120.34223175048828,11427000.0
2023-10-26,119.35294395187825,120.24711831716291,119.05805974947056,119.15318298339844,14699100.0
2023-10-27,118.82025435955035,118.97245009044731,116.613354573322,117.13654327392578,13566100.0
2023-10-30,117.7453348396075,118.1543712785586,116.89872571717528,117.79290008544922,15224500.0
2023-10-31,118.21143627816636,118.62047269120238,117.52654468052575,118.46827697753906,13917400.0
2023-11-01,118.32558440321642,119.29586016674185,118.1163089539291,118.7155990600586,13802600.0
2023-11-02,119.17221257162392,120.70372068821698,118.85829934730504,120.59908294677734,11894000.0
2023-11-03,121.42664618147467,121.94982752698525,120.99858079976246,121.19834899902344,11635600.0
2023-11-06,121.71202042788842,122.19716556655757,121.21737530438027,122.00690460205078,8425100.0
2023-11-07,121.9593477079849,122.38740582672975,121.63592005104103,122.09252166748047,8241900.0
2023-11-08,122.60619399260004,122.60619399260004,121.17932385636145,121.92129516601562,10021100.0
2023-11-09,121.80715798300484,121.94983919979617,119.28635246309037,119.40049743652344,13905500.0
2023-11-10,119.85711153302617,120.28516974266891,118.52536439783827,120.11394500732422,10401300.0
2023-11-13,120.23760295247176,121.04616132120448,119.54318956065718,120.808349609375,11373800.0
2023-11-14,121.5027672150149,122.43499235098935,121.19836850361384,121.62642669677734,11216900.0
2023-11-15,121.71202785810489,122.2066802692472,121.41714366594059,121.72154235839844,9262700.0
2023-11-16,122.08301024554139,122.50156115792288,121.61690134784922,122.24472045898438,7665900.0
2023-11-17,122.50155800388723,122.70132621233469,121.62641271638283,121.99739837646484,6766100.0
2023-11-20,121.52178507611656,123.00572783959754,121.43617634319459,122.7393798828125,6910000.0
2023-11-21,123.15792569841877,123.72867959058416,123.0057227251914,123.4813461303711,8373000.0
2023-11-22,123.89038888629445,124.36601228794117,123.72867867151948,124.07111358642578,6737700.0
2023-11-24,124.31844859068512,124.76553575498245,124.30892683301421,124.73699951171875,3708800.0
2023-11-27,124.47065928459347,124.88919571671107,123.72868788396966,123.95697784423828,10530200.0
2023-11-28,123.73818439457554,124.01403957759817,123.23402475621151,123.31963348388672,6261300.0
2023-11-29,123.18647143189294,124.0235733342598,123.1293989412544,123.3576889038086,6979000.0
2023-11-30,123.4528194418825,124.98432750568715,123.02476124706608,124.9082260131836,7743100.0
2023-12-01,124.73701548413734,125.5360594275866,124.641884984494,125.40288543701172,9370900.0
2023-12-04,125.06996249658177,125.87852832365152,125.03191899978161,125.64071655273438,6943900.0
2023-12-05,125.38385052290796,125.67873473707319,124.69895159941909,125.4789810180664,6581000.0
2023-12-06,125.75482063035338,125.9926323238733,125.32676248499232,125.57408142089844,6210400.0
2023-12-07,125.59310770728503,125.89751363555372,124.85113640072205,125.42189025878906,6396700.0
2023-12-08,125.50749782919982,125.9260487192846,124.87967149407267,125.63116455078125,6007600.0
2023-12-11,126.30657537792277,126.69659013112005,125.68827063446548,126.45877838134766,9016800.0
2023-12-12,126.63950497968563,127.18170816725333,126.04021478537977,127.00096893310547,6779000.0
2023-12-13,126.45874225412645,129.37906215930695,126.28751029547233,129.3410186767578,9074300.0
2023-12-14,129.77858751917256,129.85468900118244,128.22806518220096,128.71319580078125,10098700.0
2023-12-15,128.11392351301797,128.36125699265446,127.14366214096506,127.6192855834961,8296600.0
2023-12-18,128.0951314547981,128.22890171100573,127.49315801193151,127.82759094238281,5944300.0
2023-12-19,127.99000010111689,128.75440766370116,127.78935204610373,128.68751525878906,6358200.0
2023-12-20,128.61108553184542,128.68751316498492,126.81472997597915,126.82427978515625,7299000.0
2023-12-21,127.58868590204068,128.46774947188334,127.29248144240317,128.37220764160156,5606800.0
2023-12-22,128.6875223221708,129.41371610742277,128.49642406600114,129.0124053955078,5355100.0
2023-12-26,128.90731132661446,129.6430404112572,128.74487706455577,129.299072265625,3688600.0
2023-12-27,129.15569323273556,129.9296504541172,129.12702923045168,129.84365844726562,5444100.0
2023-12-28,129.9487739713562,130.61762503906033,129.92965977517613,130.1781005859375,5800200.0
2023-12-29,130.1781346586728,130.54121700196808,129.77682391301153,130.31190490722656,5590000.0
2024-01-02,129.98699626740876,132.86307791603264,129.92011844620347,132.60508728027344,11785900.0
2024-01-03,133.04466219803098,133.32175252603395,132.2229264455145,132.38536071777344,9585000.0
2024-01-04,132.79620635084044,133.77082645451355,132.5668942651736,133.04464721679688,11649200.0
2024-01-05,132.73889438798577,133.48418791629354,132.36624762383187,132.92999267578125,9437700.0
2024-01-08,132.96820080514013,134.13391913675827,132.42355545911707,134.10525512695312,7999400.0
2024-01-09,133.9619306845371,135.26141935401336,133.646611972841,134.08615112304688,9201300.0
2024-01-10,134.16259660245888,134.86011187744614,133.6561796052931,134.6976776123047,9773300.0
2024-01-11,134.5256543445011,134.75498098384935,133.77081118225453,134.6020965576172,7182300.0
2024-01-12,134.2294565381388,134.87920809191894,133.81859602460744,134.26768493652344,8026400.0
2024-01-16,133.93326051370747,134.11480896783837,133.2548594881123,133.46505737304688,7426900.0
2024-01-17,133.24530323839844,133.85682646975246,132.82487828311807,133.19752502441406,8337200.0
2024-01-18,132.05091644300492,133.30262687694358,131.4011794097612,133.1784210205078,8929300.0
2024-01-19,133.25486755371094,133.5988502823944,132.51912388238662,133.25486755371094,8842000.0
2024-01-22,133.36951962329266,134.19125530729957,133.03508671543526,133.8377227783203,7831400.0
2024-01-23,133.66571476370012,133.82814901103544,132.7866511181936,133.74215698242188,6407400.0
2024-01-24,134.09566732863473,134.42053576962402,132.49997454862958,132.5190887451172,9104900.0
2024-01-25,132.05089521827495,132.34709967581276,131.1049538319265,132.3184356689453,10050200.0
2024-01-26,133.23572218943906,133.35037821222852,132.73885512425065,133.0732879638672,5759100.0
2024-01-29,133.19750356377034,134.01923914036735,133.11151154037174,134.0096893310547,6229600.0
2024-01-30,134.2294383515076,134.5543213743106,133.58925127399309,134.31544494628906,5940300.0
2024-01-31,135.33785860812227,135.44296484304687,134.10526238024607,134.13392639160156,10223100.0
2024-02-01,134.29634603227856,135.8729248046875,133.64659449259258,135.8729248046875,8503600.0
2024-02-02,135.8251568494793,136.30290979594932,134.98432157799883,135.6722869873047,10629200.0
2024-02-05,136.15958955430148,136.93354699372682,135.47162414595388,136.0926971435547,9631700.0
2024-02-06,137.1532751307242,137.6788061562838,136.46532447346164,137.57369995117188,10159000.0
2024-02-07,137.91770134931713,138.57700267298762,137.65972528516352,137.9463653564453,7884600.0
2024-02-08,137.81259523317436,137.81259523317436,137.0864160856143,137.70748901367188,6672400.0
2024-02-09,137.6501952092649,137.86995751198305,137.1533279954168,137.6024169921875,7447800.0
2024-02-12,137.42085325163947,137.82216394418086,136.77110171619503,137.783935546875,6645500.0
2024-02-13,137.08642972645,138.04193560614655,135.82515496691653,136.50357055664062,11170000.0
2024-02-14,136.9717860528708,137.73617916175075,136.70424554879006,137.68841552734375,9701100.0
2024-02-15,137.7839077073627,138.95917553947314,137.58325969156417,138.69163513183594,9294800.0
2024-02-16,138.8731913887515,140.07713787108477,138.37633893495192,139.14073181152344,8424100.0
2024-02-20,139.24585637852508,139.68539546238028,138.31901458462596,138.6725616455078,9120400.0
2024-02-21,138.2234892612847,139.0165609208818,137.82217852628312,138.97833251953125,7213500.0
2024-02-22,139.1598555843694,140.87020444621467,138.86365113733422,140.6122283935547,9130000.0
2024-02-23,141.08999915558232,141.67285831490042,140.78423028124908,141.28109741210938,9194600.0
2024-02-26,141.19511888010874,141.51998740524428,140.43071120107044,140.554931640625,7248300.0
2024-02-27,139.86697002278262,140.64092753383105,139.5420869088746,140.21095275878906,7374000.0
2024-02-28,139.61848816816436,139.7713725792757,138.85409527232758,139.5133819580078,8038800.0
2024-02-29,139.50386326979333,139.7331899376177,138.28081686778967,138.37637329101562,9435600.0
2024-03-01,138.69168095350918,139.92429177722852,138.08015773689186,139.8287353515625,8741400.0
2024-03-04,139.4274015160399,140.15358065929834,139.28408148114056,139.61849975585938,10657800.0
2024-03-05,139.66628718515884,139.89561383600497,138.1183723865683,138.57701110839844,9743400.0
2024-03-06,138.8350143015453,140.03894652248354,138.8350143015453,139.52297973632812,8085300.0
2024-03-07,139.8669599233949,140.50714713420723,139.67584707729665,140.17271423339844,6438300.0
2024-03-08,140.03893905754646,140.6982404457238,139.66629234855876,139.9147186279297,7802500.0
2024-03-11,139.59941089037662,140.08671362642977,138.82543890272197,139.83828735351562,7723800.0
2024-03-12,139.93382671632017,140.83200453461774,139.4656381879588,140.48802185058594,7143700.0
2024-03-13,141.02311693972246,141.12822317538854,139.39875977204372,139.9434051513672,7874200.0
2024-03-14,140.02939238458532,140.13449861664745,138.67257575787798,139.446533203125,9605700.0
2024-03-15,138.56746548741927,139.17898866163227,138.4050312389414,138.892333984375,10570500.0
2024-03-18,139.46098680586863,139.595254714978,138.78013612900946,138.87603759765625,6407000.0
2024-03-19,138.9910808376127,139.88290286742227,138.58832108552062,139.79660034179688,5240200.0
2024-03-20,139.46099561156527,139.52812957035886,138.703426638457,139.4801788330078,8268200.0
2024-03-21,139.76783926263295,140.17059903325216,139.37466378446626,139.662353515625,8865300.0
2024-03-22,139.863741275635,140.21855032039315,139.29794610351095,139.47056579589844,5537200.0
2024-03-25,139.72947326950595,139.8733108042235,139.05819242080779,139.2787628173828,5253000.0
2024-03-26,139.55689358583794,139.95006913673984,139.18290125589743,139.78704833984375,6942400.0
2024-03-27,140.9761493564755,141.64743041992188,140.6021570140606,141.64743041992188,8797400.0
2024-03-28,141.84878419993925,142.1460582489914,141.61862946881394,141.6665802001953,8090200.0
2024-04-01,141.58027458336724,141.66657711847105,139.95005217942506,140.4582977294922,7378300.0
2024-04-02,138.55958614785612,138.7130080186413,137.5526792146812,138.2718963623047,10776400.0
2024-04-03,138.51162951525853,139.13494516366103,137.79241239825117,138.1184539794922,8453400.0
2024-04-04,138.9815259348958,139.0678431203687,136.0471220741173,136.12384033203125,12685700.0
2024-04-05,135.9128402457778,137.79240058877386,135.7977701993218,137.34169006347656,9073100.0
2024-04-08,137.23621423358014,137.23621423358014,136.68960220837178,136.90057373046875,9128200.0
2024-04-09,137.19787537605544,137.46638195088468,136.44029175724296,137.38966369628906,10534400.0
2024-04-10,136.01831871753544,136.4019099060342,135.30870062570108,135.77857971191406,13052700.0
2024-04-11,136.19093652590948,136.21970403558535,134.82922074872414,135.22238159179688,8153900.0
2024-04-12,134.52235274497963,134.53193703772126,132.77706035298306,133.20858764648438,13799400.0
2024-04-15,134.3689138510984,134.85799078978349,132.72910723876342,132.94007873535156,10383600.0
2024-04-16,134.09086089024788,134.09086089024788,132.90174981315656,132.98805236816406,10170500.0
2024-04-17,133.7647802810283,133.88943461332136,132.54690204049706,132.75787353515625,8480100.0
2024-04-18,132.84419248232467,133.53464207153587,132.5373341274027,132.748291015625,8105800.0
2024-04-19,133.43872125647943,133.6209252372839,132.76745498444234,133.24693298339844,9668400.0
2024-04-22,133.65934690473736,134.8196759475009,133.22780482134075,133.75523376464844,8531300.0
2024-04-23,135.04022390358358,135.74984215197915,134.4264778665763,135.50051879882812,8615500.0
2024-04-24,135.20325176300867,135.35667364775585,134.46485132714815,135.07858276367188,7378600.0
2024-04-25,134.99224249016578,135.21279827677756,133.4866745212108,134.1771240234375,9693300.0
2024-04-26,133.6784873776257,134.5703242455302,133.58260053788462,134.21551513671875,6013800.0
2024-04-29,134.37855405751392,135.04982055627787,133.99496274928296,134.66622924804688,6388600.0
2024-04-30,135.11692519386304,135.40461498561757,134.47442628403402,134.57032775878906,9677700.0
2024-05-01,133.9757865821466,136.0183534819879,133.8223500675308,134.81007385253906,10710200.0
2024-05-02,135.53887533864386,135.63477681839984,133.98537086767462,134.71417236328125,8425500.0
2024-05-03,135.29908217329208,135.4333354117633,134.3497252128547,135.0497589111328,8539300.0
2024-05-06,135.1648624421965,135.63475620958525,134.8675883856378,135.5963897705078,5605100.0
2024-05-07,135.9032803855562,136.84305340975322,135.8840971635286,136.71839904785156,7720600.0
2024-05-08,136.99647399437993,137.01565721417737,136.07586966672457,136.2484893798828,5461100.0
2024-05-09,136.41150442925476,137.49512949833635,136.39232121026419,137.4184112548828,6821800.0
2024-05-10,137.600631103356,138.17599604676695,137.50472962986564,137.69651794433594,6324900.0
2024-05-13,137.97462991451638,138.09928427689266,137.31294776090039,137.56227111816406,5351500.0
2024-05-14,137.75402605911412,138.21433548291373,137.23619624797408,138.14720153808594,6198700.0
2024-05-15,138.76096746988082,140.35283836840082,138.7034324356591,140.19940185546875,8433700.0
2024-05-16,139.90212366636268,140.4295525188256,139.64320138742437,140.036376953125,6740800.0
2024-05-17,140.00759654305145,140.33363811908916,139.47058344545772,140.30487060546875,7071600.0
2024-05-20,140.16103537382608,140.35282367866245,139.71032480958033,140.00759887695312,3890000.0
2024-05-21,140.25692926504863,140.85149206221104,139.89253585728315,140.24734497070312,4048900.0
2024-05-22,139.873342689322,140.91860136655978,139.78704014881816,140.4966583251953,6831200.0
2024-05-23,140.26652227760565,140.27610657154705,138.86643983914044,138.96234130859375,5155900.0
2024-05-24,139.14454469725152,139.36510051699355,138.40614435679888,138.49244689941406,3949500.0
2024-05-28,138.18558490143585,138.18558490143585,136.23890511805797,136.81427001953125,8375100.0
2024-05-29,135.64433114311103,135.91283766808826,135.1648531152934,135.74981689453125,6838200.0
2024-05-30,135.20322425475143,136.3060179040893,134.90593557585646,135.81695556640625,7395500.0
2024-05-31,136.24848251671256,137.87870493715184,136.0854617379195,137.80198669433594,7945900.0
2024-06-03,137.7060965147324,139.18288241360887,137.4663574989564,138.77053833007812,10303300.0
2024-06-04,138.6458805224973,139.55688592929368,138.12803601252241,139.17330932617188,6964200.0
2024-06-05,139.33633422110861,139.95964987768136,138.55958206576076,139.80621337890625,5373400.0
2024-06-06,139.70069960425235,140.56376876242945,139.22122161610073,140.26649475097656,5425800.0
2024-06-07,140.13224677728013,141.11997029947173,139.9692260110697,140.419921875,5222300.0
2024-06-10,140.19938956667636,140.97614172560796,139.69114396558504,140.9377899169922,5396700.0
2024-06-11,140.83232238686344,140.83232238686344,139.74869708866387,140.35284423828125,5194000.0
2024-06-12,140.95696307164118,141.00489917086026,139.69113399006565,140.0555419921875,6522700.0
2024-06-13,139.5377156036187,140.17063022651382,138.6458933343208,139.9404754638672,4720600.0
2024-06-14,139.65277807077425,139.93086889459113,139.077398572004,139.89251708984375,4109600.0
2024-06-17,139.2979771440099,139.96925821314818,139.01030198010594,139.74868774414062,4542800.0
2024-06-18,139.90212542770402,140.39118784295732,139.624034556092,139.93089294433594,4872600.0
2024-06-20,139.49935212172159,140.57337832586043,139.30756381848386,140.39117431640625,6653600.0
2024-06-21,140.57339125025754,141.0816368851952,140.23776534686132,140.78436279296875,8535400.0
2024-06-24,141.35526001901172,142.10617556002552,140.98942409754753,141.60556030273438,6446100.0
2024-06-25,141.7691887420914,141.9713650463555,140.82573359849175,141.16268920898438,5171600.0
2024-06-26,140.91240966659322,141.16272464803276,140.33479021910588,140.662109375,4572700.0
2024-06-27,140.76798591451504,140.82574638102113,139.62235436266414,140.4310302734375,4637900.0
2024-06-28,140.9509004774898,141.53815635598357,139.68974802281713,140.3155059814453,7656800.0
2024-07-01,140.59470534716925,141.99065199445462,139.25653386261246,139.52609252929688,6562000.0
2024-07-02,139.02549042043935,139.22765207327504,138.23605812692176,139.01585388183594,7536100.0
2024-07-03,139.26615450195996,139.27577634972678,137.40810959388924,137.9568634033203,7654000.0
2024-07-05,138.25530831724114,139.10250103276817,137.5525314635942,139.02548217773438,4846900.0
2024-07-08,139.17952012280375,139.56459970877827,138.51524535062975,138.87144470214844,4001500.0
2024-07-09,139.1698761446062,139.622352713351,138.34194185816295,139.5453338623047,8336700.0
2024-07-10,139.69936791935393,140.88350150737662,139.39129252320694,140.8642578125,5342300.0
2024-07-11,140.87387826652522,142.23130792391484,140.7005821854458,141.85585021972656,7690700.0
2024-07-12,142.33720869000913,143.3384243497559,142.23130960860715,142.74154663085938,6614600.0
2024-07-15,143.2902905915985,143.42506990978546,142.02913810931108,142.24093627929688,5804100.0
2024-07-16,143.09775079067117,144.30114280643295,142.7800535357288,144.2722625732422,7602500.0
2024-07-17,143.28066315438403,145.6874470922931,143.09774522472802,144.92689514160156,10395500.0
2024-07-18,144.00272752897774,144.9461829107457,141.38414489848816,141.6344451904297,11033400.0
2024-07-19,142.3468234655209,143.03997838392561,141.78844785403697,142.3564453125,5985700.0
2024-07-22,143.0784969296789,143.43471096670243,142.36609823532064,143.17477416992188,5190200.0
2024-07-23,143.76203138390593,143.84867208700393,142.93409705577665,143.088134765625,3553300.0
2024-07-24,143.1651693335735,144.4648240922201,142.68381245484966,144.2819061279297,6870400.0
2024-07-25,143.84866198392288,145.87998823411561,143.40582196151695,143.55984497070312,11472800.0
2024-07-26,143.54059603369308,145.30234890132405,143.4539406500013,144.3685302734375,6028800.0
2024-07-29,144.38778793045046,144.94616360565539,143.69463293294393,144.45518493652344,8227200.0
2024-07-30,144.45519473154846,145.47566891100456,143.55024149622844,144.58033752441406,7269400.0
2024-07-31,144.52257786170617,145.04245149292055,143.49248182775176,144.0508575439453,8417800.0
2024-08-01,144.7921470931152,145.6874785500616,143.91608871483314,145.52381896972656,10357700.0
2024-08-02,145.74520711086282,146.11104296905646,143.078486402656,145.23497009277344,15742100.0
2024-08-05,142.96296981985526,143.24215030075334,140.7391037508103,141.35523986816406,17575600.0
2024-08-06,141.92326224034653,143.81018769347418,141.47078559316407,142.00990295410156,13335600.0
2024-08-07,141.91361904670183,142.59713749442756,140.11333457809806,140.56581115722656,11485000.0
2024-08-08,142.76079483962076,143.80052730175737,142.1157784833575,143.67538452148438,11479100.0
2024-08-09,143.92568843358728,144.75362274728732,143.6176130192597,144.38778686523438,8550400.0
2024-08-12,144.73438229210723,144.73438229210723,143.4250909986997,143.8390655517578,5044300.0
2024-08-13,144.40703127254588,145.7259441240854,144.2433717332181,145.58154296875,4815700.0
2024-08-14,145.39866347158625,146.31323864004898,145.05208591734444,146.1014404296875,4837300.0
2024-08-15,146.7753432934672,147.24706362466074,146.09181007439744,147.01602172851562,5886800.0
2024-08-16,146.96788228730827,147.41072237902426,146.55390774260425,147.1700439453125,4562500.0
2024-08-19,147.17968898668872,148.20016325420372,147.09303358126363,148.0653839111328,4729600.0
2024-08-20,148.4600698168542,149.42278341100064,148.3060321162283,148.6622314453125,4878300.0
2024-08-21,148.97031177812383,149.29763088540682,148.39267772657632,148.91253662109375,5530100.0
2024-08-22,149.41312695535814,149.5575427891343,148.2482518880424,149.0087890625,4951800.0
2024-08-23,149.40350837551065,149.7597076648978,148.8740130197716,149.65380859375,4069400.0
2024-08-26,149.7982474568414,150.2603458884076,149.43241157485252,149.57681274414062,4433600.0
2024-08-27,149.72120538120123,150.2218058169853,149.27835071433162,149.80784606933594,3785400.0
2024-08-28,149.71158151315103,150.60691276916353,149.27836334597743,149.98114013671875,5150100.0
2024-08-29,150.57805384281903,150.9823918353809,149.66347876274966,150.29885864257812,4339200.0
2024-08-30,150.40477421846896,151.41562665556276,149.75013587968635,151.33860778808594,7020600.0
2024-09-03,151.03051521569967,151.9547120511818,150.63579911166232,151.0497589111328,7674900.0
2024-09-04,150.84761643035114,153.6876189907286,150.0485622731196,150.78985595703125,8235500.0
2024-09-05,150.62620028749575,150.7128409997197,147.99798116460036,148.7200164794922,7245600.0
2024-09-06,149.23985785872543,149.85599393993036,147.90168661877212,148.20974731445312,7651800.0
2024-09-09,148.5852216889688,149.72123143830837,148.0172241592213,149.24949645996094,6169200.0
2024-09-10,149.4516875594919,150.03894353349,148.8933118227522,149.93304443359375,7337200.0
2024-09-11,149.3939113485485,149.66348471081537,147.15080125801242,149.4901885986328,6636500.0
2024-09-12,149.45167747894592,150.1640762030638,148.05573088633056,150.029296875,4838100.0
2024-09-13,150.09667817176003,150.7994549738224,149.89450185590576,150.3373565673828,4358500.0
2024-09-16,151.12677551874833,151.71403139730563,150.8283366556828,151.37709045410156,4711900.0
2024-09-17,151.19417774651328,151.23267982798245,149.2880088821407,149.81748962402344,6280000.0
2024-09-18,149.6923571876834,151.1267911865942,148.9895656161623,149.56719970703125,7148900.0
2024-09-19,150.9149992510279,150.9149992510279,149.71160708673716,150.1063232421875,6717400.0
2024-09-20,149.6153460857732,150.16408527968522,149.12435267612753,149.4901885986328,8541600.0
2024-09-23,149.9607610619386,149.98009127571228,148.92680842222344,149.19737243652344,6416400.0
2024-09-24,149.12973020766347,149.1877061010092,148.19241394622185,148.89781188964844,5341600.0
2024-09-25,149.35201575100834,149.56460391287885,147.3904188666325,147.44839477539062,5940100.0
2024-09-26,147.3517768165324,148.12480861192284,147.10052821285777,147.94122314453125,6172900.0
2024-09-27,148.1344709190824,149.00413900148357,147.85423437955987,147.86390686035156,7312500.0
2024-09-30,147.6609654435464,148.86884588169414,147.4387195714248,148.8302001953125,7233800.0
2024-10-01,148.9461566067088,149.14908701423428,147.48704230035725,148.04750061035156,10560200.0
2024-10-02,147.86390662034108,148.21177680166397,146.75264768948185,147.74794006347656,7158400.0
2024-10-03,147.38071763195077,147.51599962733783,146.14384946137432,146.41441345214844,5551000.0
2024-10-04,146.6366743094779,146.897580593254,145.79599430519548,146.53038024902344,6590100.0
2024-10-07,146.54002962378297,146.98453605431573,145.6123858260407,145.88294982910156,5922800.0
2024-10-08,146.2694774489178,146.9072418268341,146.14386791603138,146.67532348632812,4726600.0
2024-10-09,146.81061823938873,148.28907751454767,146.46276281539224,148.17311096191406,7840000.0
2024-10-10,148.17311556164125,148.2890821178748,147.26478705176052,147.62232971191406,4385500.0
2024-10-11,148.08614039593132,148.8785170337124,147.87355226114295,148.70457458496094,9354000.0
2024-10-14,148.8688453183307,149.7868314989222,148.35670519406486,149.52593994140625,4819800.0
2024-10-15,147.5256730404557,149.38097549350647,147.37106081654318,147.69961547851562,9088600.0
2024-10-16,147.50635111301648,148.43400976397308,147.11017754085478,148.11512756347656,4510200.0
2024-10-17,147.6223120466364,147.8638881216481,147.1584753664779,147.25511169433594,5430000.0
2024-10-18,147.36140789004824,148.32771220408134,146.93623163273227,147.97018432617188,9823900.0
2024-10-21,147.5836859151142,147.97987430891695,146.08591095304206,146.23086547851562,4825900.0
2024-10-22,145.45779122476145,146.28881354754174,145.3321669421886,146.01824951171875,5166900.0
2024-10-23,145.62204754427526,145.8442933933059,144.55912171592206,145.3321533203125,4910200.0
2024-10-24,145.33216591155215,145.9216121449794,144.33687362726857,144.3755340576172,5066300.0
2024-10-25,144.8683315650043,144.94563767445328,143.4188751882598,143.58314514160156,5314500.0
2024-10-28,143.98898848854384,144.45282513663932,143.61213042736156,143.7957305908203,4923500.0
2024-10-29,143.69913339902385,144.28857967111674,143.33193300979502,143.39956665039062,7342600.0
2024-10-30,141.21571928883657,143.1773159699036,140.7132368906189,143.12899780273438,9211800.0
2024-10-31,142.27863939134343,142.94537692107545,141.89210885457956,141.9210968017578,6701100.0
2024-11-01,142.47191604814623,143.46720835134593,142.46224356805826,142.76181030273438,6896900.0
2024-11-04,142.4139396507828,143.10000748146624,141.54425689004344,141.82449340820312,5985900.0
2024-11-05,141.54424093352776,142.90673345051277,141.02244313161466,142.8680877685547,5035300.0
2024-11-06,145.59305100591646,145.82496932032936,142.38492875201328,143.05166625976562,10685600.0
2024-11-07,143.91168988595322,144.25956001785104,143.21596436679076,144.08563232421875,9381600.0
2024-11-08,144.27888787633057,145.86362628584988,144.11461792014885,145.11956787109375,8701100.0
2024-11-11,144.80069635548895,145.5254245359576,144.0566379617107,144.26922607421875,6071900.0
2024-11-12,144.037319529582,144.27889560949734,142.23033517009804,142.2593231201172,7022300.0
2024-11-13,142.20132844179707,142.6265046454432,141.7374918134749,141.8824462890625,5981200.0
2024-11-14,141.64088353559984,141.65054127035944,139.49568684831283,139.65029907226562,7936700.0
2024-11-15,138.8772648388445,139.00288912486832,136.79971634713917,137.06060791015625,14246100.0
2024-11-18,136.70306238887855,137.30216630104619,136.5484501713409,137.1572265625,7933100.0
2024-11-19,135.91070044216693,136.8383591024787,135.53384233680399,136.45184326171875,6205800.0
2024-11-20,136.7417200617182,138.25882493315396,136.51947419491466,138.06556701660156,9328800.0
2024-11-21,138.06555957014956,139.37006149499638,137.35048909837516,139.1768035888672,7969600.0
2024-11-22,139.46668388145326,140.1334361238989,139.08982584154467,139.3024139404297,6330300.0
2024-11-25,139.93052379043928,140.93548852278494,139.91119357587743,140.49098205566406,6834300.0
2024-11-26,140.9161500363084,141.39930215955792,139.81456378508483,141.24468994140625,6018400.0
2024-11-27,141.37997892742536,142.78111720511015,141.37997892742536,141.9984130859375,5952800.0
2024-11-29,141.98876789094467,142.81011776678554,141.76652201214475,142.44293212890625,3521200.0
2024-12-02,142.35595034853083,142.41392624486247,141.45727972149191,142.19166564941406,6220800.0
2024-12-03,142.1820277315733,142.4622495177765,141.79551187240304,141.87281799316406,4236200.0
2024-12-04,142.12404164019395,142.60719380184352,141.42830134784788,141.79550170898438,5597400.0
2024-12-05,141.16738617789528,141.3219983986159,139.94984811514428,140.21075439453125,8948700.0
2024-12-06,140.39432738922193,140.55861207458838,139.24443780407813,139.41836547851562,6545200.0
2024-12-09,139.55366997517277,140.2010921087999,139.0705178087674,139.82423400878906,6258600.0
2024-12-10,140.1044713309503,140.21076539795837,138.78062436100754,139.2444610595703,7200500.0
2024-12-11,138.6840144611908,138.799966273286,137.3118639544014,137.3505096435547,6895000.0
2024-12-12,137.3794612913555,137.7369891139222,136.16192335220825,136.258544921875,5994200.0
2024-12-13,136.08464557529345,136.68374956367575,135.40823546830785,136.2392578125,7599400.0
2024-12-16,136.1329340684773,136.87697765165888,134.50953542094305,134.61582946777344,9476600.0
2024-12-17,134.02640145204066,135.5145183087288,133.9297798702691,134.51922607421875,10280100.0
2024-12-18,134.43223739908458,135.32123550572052,132.60592302623456,132.69290161132812,14448100.0
2024-12-19,132.4416586431422,133.15672909889489,131.36906033182956,131.6879425048828,11929300.0
2024-12-20,132.8571809692379,134.5965168802017,132.43200472624383,133.34999084472656,12098400.0
2024-12-23,133.56548734347564,134.87589560718956,132.97337233484598,134.6817626953125,8050500.0
2024-12-24,134.5653056702876,135.23507690429688,133.99259350077327,135.23507690429688,3139300.0
2024-12-26,134.75942390540843,135.62332798553038,134.61381310746444,135.50685119628906,4720300.0
2024-12-27,134.75940823406953,135.7106697954991,134.30318778073897,134.87588500976562,5948000.0
2024-12-30,134.0993562116111,134.0993562116111,132.7209932098732,133.21604919433594,6890300.0
2024-12-31,133.54606315547386,134.0702234733519,132.77921819523715,133.53636169433594,6626900.0
2025-01-02,134.2061310096858,134.7011869921906,133.09955706554643,133.5751953125,8973000.0
2025-01-03,133.84698601756224,135.2641845024525,133.70139002761135,134.8856201171875,8288700.0
2025-01-06,134.8273865535025,135.9339606725297,134.4973590539353,134.94387817382812,8653300.0
2025-01-07,135.27387325021635,136.7978321102381,135.27387325021635,135.61361694335938,12639700.0
2025-01-08,135.8659957737618,136.51634918946846,134.62352733608455,136.3125,7827400.0
2025-01-10,135.84657779702664,136.817257187947,135.26417904930966,135.54566955566406,10343700.0
2025-01-13,135.69126923354096,137.6617620772309,135.57479244310525,137.31231689453125,9422200.0
2025-01-14,137.12787802457876,137.12787802457876,134.80795493495785,135.89511108398438,10277800.0
2025-01-15,136.27368004068254,137.09876345322408,135.67186355379803,136.4484100341797,11388400.0
2025-01-16,136.02129458029538,137.1958082348725,135.48741800485547,136.99197387695312,8512100.0
2025-01-17,136.80756534580289,137.25406960264277,136.06983947753906,136.06983947753906,7668100.0
2025-01-21,136.78813270556887,138.33150932276132,136.768714971311,138.32180786132812,7257800.0
2025-01-22,137.64235182427643,138.44801756183728,136.99199835666803,138.01119995117188,8189900.0
2025-01-23,138.3897786057165,139.87491700409223,137.71029113026134,139.85549926757812,8032900.0
2025-01-24,139.23424905234975,140.36994212034358,139.06923533936515,140.0787353515625,8127900.0
2025-01-27,140.84557820255873,143.25285881932123,140.7193851486741,143.22373962402344,12311300.0
2025-01-28,143.2140355946195,143.40818332839078,142.18511777575904,142.2239532470703,9686400.0
2025-01-29,141.80652987077121,142.28216804138555,141.03969977058696,141.38914489746094,8159100.0
2025-01-30,141.9618756287493,143.41789486596727,141.95217416593624,143.01991271972656,7705200.0
2025-01-31,143.25286379934417,144.2332446350314,142.51515280716887,142.5636749267578,9211800.0
2025-02-03,141.69976032061376,143.81584890032713,141.66093966555613,143.11695861816406,13001500.0
2025-02-04,141.54446830472793,142.88399572063415,141.32120139258416,142.7286834716797,11762000.0
2025-02-05,143.0781196115444,144.3594233676037,142.78692767734032,144.0973358154297,10042300.0
2025-02-06,143.8061493199363,144.10707237997232,142.59280005192673,142.8063507080078,12422100.0
2025-02-07,143.01020179224764,143.58289909958344,142.02982090283925,142.13658142089844,11199700.0
2025-02-10,142.3016132914128,142.35013541479734,141.19503931089295,142.01040649414062,7374300.0
2025-02-11,141.6027255375542,142.02982687331541,141.17562420179297,141.74832153320312,6634900.0
2025-02-12,141.40858527725146,142.31132493222174,141.10767699605938,141.54449462890625,7572200.0
2025-02-13,141.82597400240786,142.40838759273717,140.90383149388052,142.09776306152344,6293100.0
2025-02-14,142.2045343682614,142.3986672890795,140.55438232421875,140.55438232421875,5299200.0
2025-02-18,139.7001792016639,140.6417394162422,139.6225230713346,140.2825927734375,11366800.0
2025-02-19,140.29230179274128,142.14630312432004,140.26318259372326,142.1074676513672,6295900.0
2025-02-20,141.90364364628783,142.98109852300982,141.81628604283873,142.9034423828125,6264800.0
2025-02-21,141.21443892730147,142.82577033124971,141.07854439994395,142.13658142089844,8647000.0
2025-02-24,142.29188842353767,143.8741005710867,141.98127872022897,143.29168701171875,7559400.0
2025-02-25,143.56346671308037,144.71857748343567,143.0878433215631,144.52444458007812,11981300.0
2025-02-26,143.96144797377372,144.58268214782,143.02960411839982,143.48582458496094,6566800.0
2025-02-27,143.22376840685354,144.54389316741927,142.84520398051308,142.9034423828125,7377000.0
2025-02-28,143.13637797617974,144.78652984558872,142.19481785789404,144.56326293945312,8453700.0
2025-03-03,144.65065102170377,145.91253722741848,144.59241262644488,145.19422912597656,9459300.0
2025-03-04,145.39804872723775,145.66985256313322,143.63142006795846,143.844970703125,10804700.0
2025-03-05,143.19463396658412,145.51455721678263,142.92284491051512,145.29129028320312,7597700.0
2025-03-06,144.6312229755016,145.09714491574988,143.59258896278683,144.893310546875,7122200.0
2025-03-07,144.30118347168118,145.87367914549964,144.09733430847982,144.9029998779297,8532400.0
2025-03-10,143.77702798744536,145.51455240781402,143.01989924036153,143.34022521972656,13577800.0
2025-03-11,143.34993124109462,143.55378043858965,141.0300079937762,141.77743530273438,9411600.0
2025-03-12,141.45710238236873,141.7094885013198,139.89430798278624,140.36024475097656,7141100.0
2025-03-13,140.41850453335311,140.8164866958662,139.28281125925503,139.6128387451172,8041600.0
2025-03-14,139.70987785843917,140.89410790224616,139.20513523852202,140.68055725097656,6761200.0
2025-03-17,140.47671811987948,142.79664119709335,140.47671811987948,142.46661376953125,6017300.0
2025-03-18,142.51515823320898,142.74811181255905,141.75801466614416,142.53456115722656,5528000.0
2025-03-19,142.6413170694318,142.99076220228494,141.62210086432762,142.61219787597656,6156200.0
2025-03-20,142.6316145962429,143.31108712435886,142.21421480736365,142.69955444335938,8033800.0
2025-03-21,142.28220274622745,142.55399182104634,141.4571192474884,142.30162048339844,7635300.0
2025-03-24,142.67675871507916,143.62196177374813,142.37468626990187,143.38809204101562,6500600.0
2025-03-25,143.729137857961,143.81683342443827,140.65967408169297,141.55615234375,6502000.0
2025-03-26,141.66335639504533,142.23826944140094,140.6986604513067,141.0397186279297,8758600.0
2025-03-27,140.82533174460374,141.70231718117753,140.76686803132498,141.26382446289062,6264300.0
2025-03-28,141.14689793537917,141.52692694280793,140.75711506321105,140.82533264160156,6210500.0
2025-03-31,140.11397520554036,142.87162751030803,139.81190279253073,142.2772216796875,8085600.0
2025-04-01,141.76076588295493,141.76076588295493,139.24672239731504,139.67547607421875,9906100.0
2025-04-02,139.12007767612448,140.7083964848335,138.55490363834386,140.6109619140625,6392700.0
2025-04-03,140.08475484346192,141.47820447196034,139.39291439600808,139.4708709716797,10990600.0
2025-04-04,137.53175333358948,138.08718841260182,131.77283899766203,131.82156372070312,21341100.0
2025-04-07,128.34283715934387,133.85812782020625,126.34524248592251,131.0322723388672,29940300.0
2025-04-08,135.86545510578293,135.87520897104565,127.92381637651732,129.58035278320312,20860400.0
2025-04-09,126.8032221193099,135.68032492078711,126.36471450612743,135.21258544921875,39444700.0
2025-04-10,134.17967254311577,134.21865826261845,127.97252746055825,131.44151306152344,21957400.0
2025-04-11,131.69488129333217,134.238157179967,130.23322882673048,133.37091064453125,10755600.0
2025-04-14,134.67664904235042,135.48541689469775,133.45860546283262,134.99819946289062,7437200.0
2025-04-15,135.44645981471803,135.48543067099894,133.78016948628127,134.16995239257812,6239000.0
2025-04-16,134.5889582007417,135.07617570348833,132.172363550354,132.8057403564453,8150700.0
2025-04-17,131.88002517420935,133.07859089188915,131.64617029754803,132.0261993408203,9662800.0
2025-04-21,131.73386195348118,131.89951410908265,128.1966583623344,129.18084716796875,6456000.0
2025-04-22,130.2234819341304,131.82155460597457,129.73626447480356,131.607177734375,8012500.0
2025-04-23,133.0493454960237,134.4038095221427,131.6754034757863,132.2600555419922,9503200.0
2025-04-24,132.47443572794276,134.02378381473784,131.66565289094137,133.87762451171875,5433000.0
2025-04-25,134.07249011218587,134.66689597726742,132.40621481198264,134.52073669433594,6438400.0
2025-04-28,134.7058892340118,135.48542527818202,133.88735259771795,135.0566864013672,5803300.0
2025-04-29,134.88126949595008,136.39164647983444,134.20890707373283,135.7192840576172,7811900.0
2025-04-30,135.9823822226986,137.1906718845817,134.72535297733876,136.8788604736328,6827800.0
2025-05-01,135.26129608433118,135.55362950644573,132.98112215548957,133.1467742919922,10363200.0
2025-05-02,135.24181207457582,135.456188940242,134.03352232485358,134.98846435546875,9777000.0
2025-05-05,134.71563265376454,135.13463254782863,134.06276301755238,134.6084442138672,5479700.0
2025-05-06,133.62426423304566,133.6827279487709,130.5450463428112,130.89584350585938,11625900.0
2025-05-07,131.30509974520214,132.27953462271753,130.96404159059324,131.89950561523438,6417500.0
2025-05-08,130.9737949385009,131.87027323803395,130.27220063996265,130.710693359375,10558100.0
2025-05-09,130.8763586641263,131.32460529331505,129.22956118303603,129.28802490234375,7555200.0
2025-05-12,129.48290042169648,132.64981350799292,129.24903071797823,132.48416137695312,15211100.0
2025-05-13,130.51582102630402,130.51582102630402,128.45976266430338,128.4987335205078,17817000.0
2025-05-14,128.89825042374463,129.16135201618732,125.39027875349849,125.47798919677734,19579500.0
2025-05-15,125.18564801778822,127.20272045213281,124.09427829504878,127.1247787475586,18792700.0
2025-05-16,127.35863182262955,129.73625523377956,126.97860282617168,129.68753051757812,12901800.0
2025-05-19,129.61933624228237,131.00303203398408,129.25878521389265,130.934814453125,11645200.0
2025-05-20,130.96402950502218,131.63639188745253,130.7594065260968,131.25636291503906,11644500.0
2025-05-21,130.14553309630085,130.71070716697517,128.15769228625476,128.21615600585938,16635900.0
2025-05-22,127.2904275795436,127.88483342516146,126.65703601395651,127.21247100830078,12722600.0
2025-05-23,126.60830592388993,127.26119032174705,126.23803081207404,127.00782775878906,9127100.0
2025-05-27,128.06997807645553,129.0054421687462,127.80689134596213,128.7813262939453,12304000.0
2025-05-28,128.73259687291696,129.19058247124428,127.7776548219926,128.1186981201172,11087500.0
2025-05-29,128.3136032255359,129.36599488820866,127.93357414196232,128.97622680664062,10670300.0
2025-05-30,128.69363375334646,129.93115546101953,127.53405375889724,129.24905395507812,11651300.0
2025-06-02,128.9177349925234,129.38545956223652,127.75815512976521,129.32699584960938,11845000.0
2025-06-03,128.9859434915175,130.10655255239647,128.36230574767143,129.6290740966797,14304300.0
2025-06-04,130.018836056952,130.8958363509833,129.88241577148438,129.88241577148438,9986100.0
2025-06-05,130.20397238329477,130.48656679995233,129.1808277448101,129.70701599121094,13705000.0
2025-06-06,130.3891297969995,131.3927965407021,130.3696369360325,130.94456481933594,9153500.0
2025-06-09,130.91532733069016,131.3635590327749,129.979863337568,130.72042846679688,9976600.0
2025-06-10,130.8373921728496,132.610856148712,130.81789930953076,132.21133422851562,11488000.0
2025-06-11,132.24057016086732,133.07858479077865,131.8800191280482,132.279541015625,13644000.0
2025-06-12,132.28927932557534,133.34167082293456,132.02619260275821,133.31243896484375,9809500.0
2025-06-13,132.5816084706764,133.819144941563,132.21131845528598,132.6498260498047,13722800.0
2025-06-16,132.93242587649542,133.33194780989223,131.62668649625573,132.24058532714844,14171000.0
2025-06-17,131.64614905335674,131.94822146609624,129.88240955387005,130.0578155517578,13506000.0
2025-06-18,130.06756457374755,130.69120230677666,129.10288355143325,129.83370971679688,12185300.0
2025-06-20,130.2819525539119,130.37940199841987,129.02493798446594,129.2100830078125,13744900.0
2025-06-23,129.29818825860963,129.9639749886329,128.24077282128619,129.39610290527344,14181600.0
2025-06-24,129.7387791618638,131.2759525220877,129.2394503003511,130.9822235107422,11272900.0
2025-06-25,130.72767336251997,131.4815594398947,129.99335826452298,131.09971618652344,11996400.0
2025-06-26,131.37385306608755,132.33336883854787,130.9528529342417,131.41302490234375,13177700.0
2025-06-27,131.51091694719707,132.30397468876293,130.90387310699953,131.12905883789062,13818500.0
2025-06-30,131.0996980631521,132.12774204616568,131.0017983607603,131.97108459472656,12407700.0
2025-07-01,131.7654926528353,134.87898125333876,131.64800702705864,133.8509521484375,21204300.0
2025-07-02,133.18516109347732,133.4397182543029,132.41168918271833,132.5291748046875,13720400.0
2025-07-03,132.71520182853772,133.057873201096,132.3431441112167,132.66624450683594,7282700.0
2025-07-07,132.61728017991473,132.61728017991473,130.85492126948313,131.55007934570312,14052300.0
2025-07-08,131.45218070636062,133.37119729565322,131.20740902066748,132.1473388671875,19485900.0
2025-07-09,132.42147743452793,133.07746373700607,131.60883367303717,132.65646362304688,13963900.0
2025-07-10,132.6760433746187,134.75171749460785,132.17671449813227,133.4691162109375,17668300.0
2025-07-11,133.03830413964477,133.03830413964477,131.54030270000004,132.36273193359375,14246600.0
2025-07-14,131.83401223636375,132.48021301475714,131.5892405723975,132.20606994628906,11095400.0
2025-07-15,132.40189219659888,132.63687838632356,129.69961824331443,129.826904296875,17095600.0
2025-07-16,130.35559603299953,131.60882575030212,130.21852449953445,131.4423828125,14142100.0
2025-07-17,130.50245333715554,130.88429653404023,129.5135811964226,129.9443817138672,15740900.0
2025-07-18,130.28706625348502,130.45350918939306,128.90655050664725,129.08277893066406,13245500.0
2025-07-21,129.15133854161814,129.55276770012253,128.28973740915572,128.34848022460938,9468700.0
2025-07-22,128.56385340615208,131.01156979859172,128.56385340615208,130.7374267578125,16681900.0
2025-07-23,132.43126361388016,133.46910808049236,131.98089209146744,133.42015075683594,16624000.0
2025-07-24,133.28307912784578,134.06633654712928,132.70540661255936,132.92080688476562,11054800.0
2025-07-25,133.40056192437842,133.8411479483033,132.90123308922054,133.62574768066406,9539900.0
2025-07-28,133.29287734506465,133.5376490468838,132.10817573480102,132.4606475830078,9780300.0
2025-07-29,131.09969185627583,132.27460774676635,130.15977707149474,131.6186065673828,14967600.0
2025-07-30,132.05922397281694,132.36273847118105,130.8451510396824,131.38365173339844,11634600.0
2025-07-31,130.23810084122007,130.99198675001787,127.26166927668078,127.70225524902344,26441600.0
2025-08-01,127.96663446753195,128.6519922004749,127.14420518800043,128.3876495361328,20736200.0
2025-08-04,128.64220157925402,130.28707501237443,128.61283017327665,130.2283172607422,11331000.0
2025-08-05,129.68003132418676,130.16957467757342,129.2786021888871,129.72898864746094,14319200.0
2025-08-06,129.18070326931596,129.2884034053045,127.62395898158137,127.78060150146484,14342800.0
2025-08-07,127.05608904745726,127.51626100541367,125.28393698789074,126.31197357177734,24421900.0
2025-08-08,126.52736128023564,127.71206267850674,126.52736128023564,127.43791961669922,13747100.0
2025-08-11,127.56520080566406,128.57367386093952,127.41834377511196,127.56520080566406,14474000.0
2025-08-12,127.61415098290242,128.48553750796302,127.40855115164273,128.44638061523438,17219500.0
2025-08-13,129.0632129936774,130.58078539199704,128.89675511159356,130.50245666503906,15069900.0
2025-08-14,130.27727551973067,131.2955340665189,129.64087513274623,131.15846252441406,15464000.0
2025-08-15,132.6466603797464,133.74324762988726,132.35293138525017,133.3614044189453,13929600.0
2025-08-18,133.67471061538006,134.32091144542756,132.97956740036855,133.048095703125,12572000.0
2025-08-19,133.0285005496708,134.3502735248497,132.9403863352394,133.89988708496094,13578200.0
2025-08-20,134.14464710418304,135.3195629532957,134.14464710418304,134.62440490722656,14607000.0
2025-08-21,134.34048436487032,135.5643426641143,134.0761267891242,134.1740264892578,13218900.0
2025-08-22,134.91815345967478,136.11264045728385,134.91815345967478,135.28041076660156,11898600.0
2025-08-25,135.25103890351994,135.36852452922332,133.2537085681736,133.3516082763672,10681000.0
2025-08-26,133.73343621863975,134.30130824411495,133.48866456660784,134.18382263183594,11397500.0
2025-08-27,134.12510044464995,134.83004410604644,133.87052832600892,134.1055145263672,8321700.0
2025-08-28,133.9684258437367,133.9880117595145,132.92079597493168,133.5767822265625,9165700.0
2025-08-29,133.68449112223485,134.5950495196718,133.51804817639743,134.55587768554688,9655700.0
2025-09-02,134.02718019577233,134.8594098817344,133.60618007818334,134.68316650390625,13325300.0
2025-09-03,134.2425978282023,134.8789983011664,133.39079705430393,134.04678344726562,12586000.0
2025-09-04,133.93906322501465,134.5950495196718,133.23411960754004,134.55587768554688,11778600.0
2025-09-05,134.4090080723,135.4860093147367,134.18382233603631,135.0160369873047,14664000.0
2025-09-08,134.58525885098555,134.98667302741305,133.51804303747932,134.96710205078125,15753300.0
2025-09-09,135.17270512599546,136.06367759345247,134.8398192391469,135.69161987304688,12249600.0
2025-09-10,135.61329242120837,135.61329242120837,133.9488480316322,134.45797729492188,13588300.0
2025-09-11,135.15313061476127,137.07214724971578,135.00627357572222,136.79800415039062,16470800.0
2025-09-12,136.31822136700433,136.8860933804008,135.2118636823321,135.22164916992188,11345400.0
2025-09-15,135.36851701412698,135.6426600853341,133.80198731289727,134.0663299560547,11233800.0
2025-09-16,133.80198731289727,134.51671639571035,133.68448675403928,134.0663299560547,12443800.0
2025-09-17,134.26214492711597,135.3978739840314,133.97820145813063,134.33067321777344,12501500.0
2025-09-18,134.33068941055262,135.05521893151044,134.02717493032128,134.5950469970703,11472900.0
2025-09-19,134.9377223670497,135.0160361481256,134.3110926010351,134.41879272460938,11280900.0
2025-09-22,133.95162870692673,135.00403473746087,133.65655640587954,134.3843994140625,9732700.0
2025-09-23,134.0204689945793,135.09256551069365,133.91227631893474,134.68930053710938,9903000.0
2025-09-24,134.57127113032385,134.80731695088997,133.92211510776744,134.14833068847656,7471600.0
2025-09-25,133.89258906433554,133.94175526416018,131.53202616085002,131.9254608154297,14099700.0
2025-09-26,132.92871096461832,133.39098739259742,132.4270985676199,133.27296447753906,10071000.0
2025-09-29,133.44998125606944,133.73522327385467,132.52544353000278,133.66636657714844,7735700.0
2025-09-30,133.52868671922303,137.20722267997493,133.44016953231736,136.8826446533203,19313500.0
2025-10-01,137.50228987363866,141.36769030504271,137.30558001848323,141.11196899414062,23657900.0
2025-10-02,139.81366306469118,141.21033761592028,139.81366306469118,140.83657836914062,15176200.0
2025-10-03,141.21033344604788,143.73808588736023,141.2004881979493,142.43978881835938,15829200.0
2025-10-06,142.5184760309827,142.67584993742673,141.60376833978015,141.7512969970703,12879900.0
2025-10-07,141.75127388569425,142.2824069813455,140.9250835235693,141.85946655273438,12478700.0
2025-10-08,142.22341989842417,142.58733392809893,141.65295073882473,142.1348876953125,8925800.0
2025-10-09,142.40044401227607,142.86272045293597,141.59392905725295,141.8201446533203,7657000.0
2025-10-10,142.23323324633319,142.36110140719472,139.60711838063904,139.77432250976562,13350100.0
2025-10-13,139.40054278693108,140.5906620120327,139.302195376723,139.61692810058594,8257500.0
2025-10-14,139.27270610570412,140.51199167831263,138.73174275766084,140.0005340576172,10044700.0
2025-10-15,139.6858008467619,140.89558068812687,139.03664483120036,140.2169189453125,7260600.0
2025-10-16,140.50216862444387,141.27917783100966,139.62679698302145,139.9808807373047,11194100.0
2025-10-17,139.25304179960537,141.06279659292113,139.06616217273023,140.91526794433594,8160300.0
2025-10-20,141.35785710408646,142.60698792055805,141.20048322005863,142.41026306152344,8435900.0
2025-10-21,142.66600299739446,143.23647208548,141.96766574928972,142.74468994140625,9031800.0
2025-10-22,143.80694148761293,144.3183841128065,143.14794020607496,143.56105041503906,12705300.0
2025-10-23,143.12829730223544,144.10201646408095,142.9807536357727,143.63973999023438,7924900.0
2025-10-24,143.8856193944973,144.34789583075886,143.48236942482288,143.62989807128906,7007400.0
2025-10-27,143.68891287390298,144.0429966416629,142.8332166884835,143.9643096923828,6466700.0
2025-10-28,144.00364601184972,144.13149915941392,142.8036964214815,143.05941772460938,8652700.0
2025-10-29,142.83319619383238,143.05941176055313,141.21032124579403,141.6135711669922,12425600.0
2025-10-30,141.59392121246196,143.05942239344455,141.40704159684674,141.92832946777344,10756100.0
2025-10-31,140.66938563155904,142.11522650987433,140.35463781761203,141.87916564941406,10581100.0
2025-11-03,141.70212245338686,142.18405937753872,140.48249726214368,142.07586669921875,12279300.0
2025-11-04,141.40703718288592,143.098768902596,141.13164039204935,142.71517944335938,14182200.0
2025-11-05,142.25290594915847,143.85610551256985,142.00701488031626,143.26597595214844,13154600.0
2025-11-06,142.7545273642282,143.7085859723756,142.5578174983011,143.5413818359375,14395800.0
2025-11-07,143.44301060094926,143.74791312563536,142.34142341292218,143.7380828857422,14522900.0
2025-11-10,143.39384342168626,145.00688839404842,143.32500171969588,144.85935974121094,12305900.0
2025-11-11,145.17409587329982,148.34117410227125,145.17409587329982,148.20346069335938,12659500.0
2025-11-12,148.50836428335055,150.6426968010252,148.24279774653428,150.30828857421875,17847500.0
2025-11-13,149.54109206321982,151.9803420474417,149.36405771378352,150.22959899902344,21807600.0
2025-11-14,149.7181689701344,150.40666102462828,148.7050988739503,149.33457946777344,15468900.0
2025-11-17,148.85261182197016,150.80007986665748,148.65590197115316,149.20669555664062,17516500.0
2025-11-18,149.255886593765,150.61321016732614,148.6657419944774,150.0820770263672,24494200.0
2025-11-19,149.97388362557766,150.41648456890488,149.0788514985828,149.82635498046875,17352600.0
2025-11-20,149.98372593949526,150.81974659208987,148.63623263919538,148.93130493164062,25278500.0
2025-11-21,149.29521962300336,153.15080491521374,149.21654768544832,152.06887817382812,25526100.0
2025-11-24,152.5901832491268,153.59342315799643,151.9410271311522,152.7082061767578,17928400.0
2025-11-25,153.20981431936374,156.27853011489978,153.20981431936374,156.16050720214844,17298600.0
2025-11-26,155.81625366210938,156.33754153731476,155.56053234853695,155.81625366210938,12398900.0
2025-11-28,155.5998622680785,155.6490434824691,154.5769620455524,155.05889892578125,8559700.0
2025-12-01,154.45892359898912,155.26545348982614,152.62949348913864,152.73768615722656,17321200.0
2025-12-02,152.69835439654483,152.91473973868074,151.60659744595003,151.82298278808594,16150300.0
2025-12-03,152.12789346912038,153.2196504782449,152.11806322867807,152.53115844726562,12724800.0
2025-12-04,152.45247120014992,152.48197692941957,150.84925653916233,151.37054443359375,13674600.0
2025-12-05,151.91150226116906,152.0885516383126,150.44600106770366,150.74105834960938,8868700.0
2025-12-08,150.82958821485485,150.89842991023727,148.71491600982634,148.94113159179688,10996000.0
2025-12-09,149.50176474257307,150.1705812231081,147.38710762605876,147.49530029296875,11543300.0
2025-12-10,147.90839764406752,149.6788012987579,147.40677026830565,149.63946533203125,15534800.0
2025-12-11,150.24928666899746,151.76398419229645,149.75750448756293,151.05581665039062,14703000.0
2025-12-12,151.22302103228887,152.0197057662032,150.88861275030035,151.52792358398438,13175500.0
2025-12-15,151.93117869817914,153.74093340917082,151.9016729698043,153.53439331054688,14681800.0
2025-12-16,153.47535799704212,153.554044937505,150.5738464794696,151.53775024414062,12491300.0
2025-12-17,151.69513034825732,152.23609375965322,151.1443366959275,151.26235961914062,9093300.0
2025-12-18,151.22299721830228,152.62948683411926,151.15414051979437,151.38037109375,8876400.0
2025-12-19,151.39022329325755,153.20982334807113,151.39022329325755,152.39346313476562,8571500.0
2025-12-22,152.26207036421954,153.46712984567415,151.91636596761492,153.3979949951172,7063700.0
2025-12-23,152.7954680496964,153.75358937742897,152.74607740016077,153.091796875,7465800.0
2025-12-24,153.2695871863954,154.0301609981148,153.24982791193364,153.89187622070312,3085700.0
2025-12-26,153.78320241174,154.20792878888886,153.4473701500072,154.1387939453125,4439100.0
2025-12-29,154.15857401005795,154.57342834319667,153.77333598081088,153.90174865722656,6357300.0
2025-12-30,153.75358648656166,154.06965950820862,153.29921362005123,153.77333068847656,4355000.0
2025-12-31,153.69433424432492,153.93138525878868,152.87449765151234,152.9041290283203,4199500.0
2026-01-02,152.9732466277319,153.66468553368387,151.69905235298944,153.60540771484375,10998000.0
2026-01-05,152.6966733944953,153.48687850221688,151.09651897849298,153.1411590576172,17756200.0
2026-01-06,153.2399563435743,156.39088993117366,153.2399563435743,156.15382385253906,17783800.0
2026-01-07,156.59831179173634,158.6232079104954,156.59831179173634,157.70460510253906,14505700.0
2026-01-08,157.20082516610037,158.5342972464698,155.67969274627887,156.18344116210938,17611000.0
2026-01-09,156.39088906391729,156.98353164935173,155.3339864250982,155.3833770751953,12352000.0
2026-01-12,155.40312400226466,155.57104014172504,154.09928328846524,155.4525146484375,12250100.0
2026-01-13,155.71920174766933,155.73896102112167,153.83260561048434,154.8203582763672,11756500.0
2026-01-14,154.6919449153527,156.05504841118938,154.56353224635086,155.9266357421875,13516800.0
2026-01-15,155.38336306709957,155.52164783175866,153.46712056260262,155.03765869140625,15303400.0
2026-01-16,154.7215824861455,155.04754268611396,153.80297970870635,153.83261108398438,11950300.0
2026-01-20,152.11391737119922,154.01040076615897,151.35334356420836,153.49676513671875,12775200.0
2026-01-21,153.29921081953407,156.56866973399673,153.24982017182938,156.3217315673828,16393900.0
2026-01-22,155.7192182243535,157.2798694102104,155.57106133755838,156.35137939453125,10881400.0
2026-01-23,155.867372875986,156.4402712278327,154.74133544564168,155.55128479003906,10191300.0
2026-01-26,155.442641208227,156.39089045402523,154.97839622262615,156.16371154785156,6810400.0
2026-01-27,153.8918620257202,155.16605628063115,153.23994167580813,153.546142578125,12697500.0
2026-01-28,152.41024813791785,153.2498289091268,151.59041156938883,152.4201202392578,11426600.0
2026-01-29,152.36086843456457,152.77572279930646,151.62005383925876,151.93614196777344,12167300.0
2026-01-30,152.23244694599336,153.03252425115582,151.41261036596342,152.84486389160156,11863900.0
2026-02-02,152.68681229739263,154.0992914065098,152.5090089761854,153.78321838378906,11005300.0
2026-02-03,152.88437216699782,155.19571002597792,151.9657693276254,152.21270751953125,21141900.0
2026-02-04,152.9139895999027,154.8598635804276,152.34109123829492,154.11904907226562,22951600.0
2026-02-05,153.5560509944721,155.04755223903229,152.78558997404267,152.94363403320312,21421600.0
2026-02-06,154.12892785290194,155.86738228675333,154.00053024815458,155.7784881591797,13616200.0
2026-02-09,155.6401931385275,156.2130764153521,154.11904560901422,154.40550231933594,11823000.0
2026-02-10,154.74134045337755,155.23521679972032,153.33873343839326,153.42762756347656,11103400.0
2026-02-11,153.27944693149925,154.46476215308905,152.48925687965155,154.3363494873047,11738400.0
2026-02-12,154.29685119622482,155.4920234865306,153.5757808954252,154.08941650390625,19409100.0
2026-02-13,154.6030583083668,156.85513328023455,154.6030583083668,155.7389678955078,16647900.0
2026-02-17,156.09456263061537,156.96378985555046,155.2055912028667,155.44264221191406,14881100.0
2026-02-18,155.27472291629812,155.86738057075183,154.56353975971777,155.7389678955078,11886300.0
2026-02-19,155.27472162442973,155.7883572492222,154.27709682204002,155.333984375,11226900.0
2026-02-20,155.0771717939906,155.3241099656371,153.96100643513734,154.89938354492188,13368500.0
2026-02-23,155.20557734956682,156.73658188604546,155.20557734956682,156.59829711914062,17053500.0
2026-02-24,156.07480822105842,156.55881249946842,155.38338430326633,155.9365234375,12887100.0
2026-02-25,155.9365219109996,157.27986625466437,155.68958372335467,155.8970184326172,11011500.0
2026-02-26,156.1340679160712,156.2328341374803,154.1783068261142,155.4920196533203,15344400.0
2026-02-27,154.82036024703154,158.27749462162646,154.79072887243066,158.23797607421875,14250100.0
2026-03-02,157.24036036404627,157.88239361330923,156.05506009591664,156.58843994140625,18641400.0
2026-03-03,154.7413362544674,155.46239148042721,153.10166321184357,154.8203582763672,21432600.0
2026-03-04,154.8203707157529,155.65007940450096,153.76346804382243,155.12657165527344,12745700.0
2026-03-05,153.23006855579177,153.79307971103557,150.8495811275622,152.02500915527344,20476400.0
2026-03-06,150.90885600885161,151.1162907070915,149.10126676271275,150.829833984375,18174000.0
2026-03-09,149.92110503967788,152.6571842650825,149.27907180727757,152.3707275390625,18675700.0
2026-03-10,152.51890057863218,152.6472981828837,151.13603773232603,151.27432250976562,17247500.0
2026-03-11,150.96812491155464,151.2842130223425,150.07915347580746,150.97801208496094,12503800.0
2026-03-12,150.08902412199566,150.62241903580056,148.19254069138935,148.32095336914062,15670500.0
2026-03-13,149.19016576650344,150.43474385281792,147.83694934888018,147.95547485351562,15129300.0
2026-03-16,148.90372742998068,149.87172090723456,148.53826373459023,149.16053771972656,10896600.0
2026-03-17,149.36796307142427,149.99025208948487,147.7085307138993,147.80731201171875,11938600.0
2026-03-18,146.8985875267472,147.22454773697632,145.2095237231801,145.3379364013672,15565400.0
2026-03-19,145.33793032781605,146.27629236973524,144.50822168476603,144.81442260742188,16913000.0
2026-03-20,144.68601950411605,145.21941443271973,142.88831732527453,143.55010986328125,16582200.0
2026-03-23,145.36016285454426,145.56845031795035,143.416217154151,143.58482360839844,21815400.0
2026-03-24,142.7715252138956,144.11047925719643,142.2061994878348,143.60464477539062,24230900.0
2026-03-25,144.49728529070586,145.48909861261737,144.1600723933848,145.04278564453125,17743300.0
2026-03-26,144.55677242491717,145.70727935730562,144.43775968496948,144.54685974121094,13321000.0
2026-03-27,144.5270254133483,144.6063722879921,141.89872640144847,142.087158203125,12932200.0
2026-03-30,143.11865952133945,143.4459597202396,142.25577167555915,142.64259338378906,14799700.0
2026-03-31,143.62447734817016,145.54859751527675,143.41620503623275,145.4097442626953,17866000.0
2026-04-01,146.0147495326094,147.54213529603894,145.74695571458722,146.52056884765625,16899200.0
2026-04-02,145.727121273971,147.1454221661769,145.0725359960536,145.6081085205078,11087900.0
2026-04-06,145.08245849609375,145.9354185993147,144.56671130641178,145.08245849609375,7272600.0
2026-04-07,145.70729956912905,145.70729956912905,143.69391972509695,145.37008666992188,10263400.0
2026-04-08,146.98673531450464,148.47445533820178,146.29246899688675,148.4447021484375,8130700.0
2026-04-09,147.61156104909267,148.99018079806106,147.0859012613912,148.1074676513672,6406400.0
2026-04-10,148.55378378527354,148.61329015741683,145.90564428781613,146.10400390625,6217800.0
2026-04-13,145.67753316033307,146.837952832092,145.04277329371618,146.75860595703125,6182800.0
2026-04-14,146.173446036524,148.37527272864207,146.03459278269088,147.611572265625,7722300.0
2026-04-15,147.6413298330548,147.9884705448703,145.68745640295404,146.5602569580078,6669200.0
2026-04-16,145.98499777592394,146.9867237314136,145.09235675172664,145.4097442626953,9072300.0
2026-04-17,146.16351678100864,147.899190003793,146.15360409650003,147.58181762695312,8338100.0
2026-04-20,147.2346860275236,147.52232036861258,145.94532566985973,146.21311950683594,6325700.0
2026-04-21,147.07599563869908,147.34378948182288,144.6857369567655,144.72540283203125,8735300.0
2026-04-22,145.3105660673448,146.3718135986262,144.81465940051135,145.181640625,8316900.0
2026-04-23,145.00310463668742,145.5684454944347,143.9716254408024,145.04278564453125,7612000.0
2026-04-24,144.05096859553817,144.3385877925479,142.5037271409375,142.9996337890625,7969700.0
2026-04-27,142.50372271496474,144.02121093425635,142.24585671414187,142.28553771972656,6571900.0
2026-04-28,143.38644912120438,143.67406830541262,142.10700155102103,142.66241455078125,8612400.0
2026-04-29,141.09535498889784,142.07725560672915,140.80773579002783,141.6706085205078,11885500.0
2026-04-30,142.50372886771527,145.09236220765004,142.48390349793635,144.79483032226562,12587800.0
2026-05-01,145.0923573622276,145.40974487453175,143.96169083391578,143.97161865234375,8865800.0
2026-05-04,143.37652905214046,144.0212167811745,143.13850354444665,143.54513549804688,10885900.0
2026-05-05,144.0906331295883,144.46752702149954,143.23767309738426,144.1104736328125,7174900.0
2026-05-06,144.16997463183034,144.9535004404631,143.71373387790743,144.2096405029297,10613500.0
2026-05-07,143.99144291324524,144.6460433019323,143.08890434154938,143.53521728515625,7608000.0
2026-05-08,143.4062778811935,143.8823591498487,142.0078175305242,142.31529235839844,10165400.0
2026-05-11,142.57315157053847,143.83275860798406,141.50199146789208,141.86895751953125,9255700.0
2026-05-12,142.63266774205752,145.43950118709512,142.01774834109256,144.65597534179688,11897200.0
2026-05-13,144.1303066000614,145.77670506871348,143.9418596639589,145.50892639160156,15841800.0
2026-05-14,145.64778081268292,146.19326598932975,144.745227129272,145.42958068847656,7763800.0
2026-05-15,145.55850787679907,145.95524225917836,143.7038219325172,143.912109375,9039900.0
2026-05-18,143.3170099789464,144.5964423710673,142.9401161133264,144.5270233154297,7949200.0
2026-05-19,144.42785780403696,146.85781266271215,143.66417240707085,146.11395263671875,12388200.0
2026-05-20,146.3321232721762,146.80820453840713,145.0923566840384,145.9254913330078,10527900.0
2026-05-21,145.69736716872322,147.08591486382514,144.6460474960947,146.9371337890625,7157000.0
2026-05-22,147.8694491230908,149.08939044330842,147.78018955347605,148.66290283203125,6915200.0
2026-05-26,148.7223876364622,149.0695283130982,147.22475513932986,147.29417419433594,6590400.0
2026-05-27,147.47271191237806,148.9703444447579,147.06606485506092,147.57188415527344,10062500.0
2026-05-28,147.92894280018226,150.11094409586786,147.88927692838317,149.64479064941406,10397400.0
2026-05-29,149.61504511265852,149.80347693067642,147.87937180570827,148.246337890625,13195800.0
2026-06-01,147.30412540696935,147.6611788242082,146.05443087969786,146.6296844482422,12582900.0
2026-06-02,145.54860250227475,146.0643496583354,144.12038892171907,145.2014617919922,12024300.0
2026-06-03,144.96343638492496,146.83796292723562,144.87417681954588,146.34205627441406,9836000.0
2026-06-04,149.1488814385871,151.2911865577191,149.05960674431014,150.8349609375,14051800.0
2026-06-05,152.12432066996553,153.43350628641312,151.66807991743633,151.75733947753906,20723000.0
2026-06-08,151.98548043987174,153.20540660071592,151.16227355826896,151.40029907226562,10639500.0
2026-06-09,152.22349274866656,153.71121261756952,151.92594574811216,153.30458068847656,13125500.0
2026-06-10,153.69138992073536,153.85999635941104,151.56891014289238,151.59866333007812,11712200.0
2026-06-11,152.20367438705324,153.88975395599059,151.6085803585484,152.82850646972656,10548800.0
2026-06-12,153.7013035331487,153.88975047570906,152.11439624893754,152.55079650878906,9111000.0
2026-06-15,152.45163035913873,152.6202368055754,150.52751011858962,151.63833618164062,9525300.0
2026-06-16,152.34254297534778,152.4615557394791,150.47792895664318,151.6879425048828,8630000.0
2026-06-17,150.80522254283636,151.32096972111825,148.74224896357944,149.4761962890625,10991400.0
2026-06-18,150.0315962307246,150.0315962307246,147.57188844702966,148.17689514160156,10879300.0
2026-06-22,148.76067194788075,150.04574705469338,148.4916970834357,149.48788452148438,11706100.0
2026-06-23,150.91243593734023,151.84883933251362,150.42429863511137,151.59979248046875,9479900.0
2026-06-24,152.5461878884635,154.08030986118314,151.87874412626238,152.76535034179688,10070100.0
2026-06-25,153.36304885681835,156.6106295445097,153.0044207808958,155.03665161132812,9419200.0
2026-06-26,155.72403595929435,160.02755801802581,155.58455511790157,159.72869873046875,16563800.0
2026-06-29,160.087325995043,160.47583850664324,159.27046016066421,160.12718200683594,12935000.0
2026-06-30,160.39613080070694,160.63522125339804,157.3577713343894,158.0550994873047,11559400.0
2026-07-01,159.00147259249835,159.35014426509113,157.89570396302923,158.93173217773438,10123700.0
2026-07-02,160.05743515887224,163.225319142147,159.76854748774085,163.11573791503906,14719400.0
2026-07-06,162.5777920310322,162.82683889848187,159.6390420352488,161.342529296875,16123400.0
2026-07-07,164.12188024857238,164.97860205243168,163.25520204256395,163.8130645751953,12143500.0
2026-07-08,162.79695373449243,163.36478788593593,161.64137262674433,161.6812286376953,9287900.0
2026-07-09,161.1831275550232,162.7969463108153,160.74480265823675,161.5517120361328,9576400.0
2026-07-10,161.8605382486259,162.03985990018128,159.62908801141893,160.22679138183594,9497100.0
2026-07-13,160.35629179798931,161.62145409006268,159.70877604883646,160.79461669921875,6873000.0
2026-07-14,159.17083298349772,159.46969226507676,157.1784580404567,157.68650817871094,11523000.0
2026-07-15,156.7799891320943,158.74247966703885,156.6504798966,157.68650817871094,10885300.0
2026-07-16,159.7386671922607,162.01992981453918,159.3302266806525,161.18313598632812,11819000.0
2026-07-17,161.1930862465791,163.37473915890908,160.2666392293507,160.475830078125,9166500.0
2026-07-20,160.3861808357658,160.8743181627045,158.57311236480575,158.64285278320312,6635300.0
2026-07-21,156.92940701906934,159.75857571515948,156.63054774540032,159.6390380859375,6594900.0
2026-07-22,160.35629600805757,160.35629600805757,158.3439930907695,158.82215881347656,5599500.0
2026-07-23,159.29037144056392,160.9938587139537,158.71259608063153,160.8245086669922,6448200.0
2026-07-24,161.85057049077938,162.6275954582367,160.96396429967479,161.9501953125,7647900.0
2026-07-27,162.3885108177975,163.94257600894042,161.73103865299902,162.7770233154297,8056000.0
2026-07-28,165.3571672826257,167.8874768242391,165.11807681230513,166.622314453125,12774800.0
2026-07-29,166.51272016612836,167.51887918263856,165.1379918712564,165.606201171875,11656900.0
2026-07-30,162.6276010603141,163.32492923453873,161.24290111413447,162.89657592773438,12475200.0
2026-07-31,161.69117688218472,162.60766747982964,160.11719894255094,161.93026733398438,9604900.0
2026-08-03,163.0061599306947,164.1019570229591,160.73485372419532,161.6214599609375,10986300.0
2026-08-04,161.3823698018692,161.87050713336765,160.3562979259682,161.48199462890625,15129600.0
2026-08-05,163.01611218580425,164.7195993976472,161.9999967401328,163.5341339111328,15216000.0
2026-08-06,165.50658784308072,166.3832376924524,162.40844416244906,163.82302856445312,9435100.0
2026-08-07,163.2950401965408,165.13799300530104,162.29885277572205,165.04832458496094,7971800.0
2026-08-10,165.0483338802225,167.8575898614389,164.91883984464047,167.79782104492188,6995900.0
2026-08-11,167.63842066491523,169.01316419202905,167.00086131332597,167.36944580078125,6680900.0
2026-08-12,165.78551808536636,168.2361459668661,165.12803070245002,167.79782104492188,7138300.0
2026-08-13,168.84382107649392,169.06298353764865,167.20010261783355,167.73805236816406,6730100.0
2026-08-14,167.02079068879738,167.13037191577976,165.8153971919909,166.7318878173828,5023800.0
2026-08-17,165.81539790521873,167.22998225923087,165.22765095824596,166.41311645507812,7225500.0
2026-08-18,168.02692951407084,169.65071986520132,167.80776706665642,169.0828857421875,7529600.0
2026-08-19,171.81245485079918,175.92671398247143,171.63313320116592,175.0102081298828,16538900.0
2026-08-20,173.5258980568116,174.52208552810566,171.68294515467176,171.73275756835938,9673400.0
2026-08-21,171.25459457242718,174.93052883228768,171.13504173754535,173.95425415039062,10166900.0
2026-08-24,173.7450631229255,174.2531132686856,172.66917881371464,174.03395080566406,5930800.0
2026-08-25,173.7848950452817,175.14968216803913,173.37645454866765,174.62168884277344,5434000.0
2026-08-26,173.66535350207008,174.17340361039055,172.78870371458666,172.87835693359375,5617400.0
2026-08-27,171.29442677269427,172.45000784790102,170.77640504921985,170.92584228515625,7110400.0
2026-08-28,170.77640595406797,171.05535242250446,169.93961215060065,170.5074462890625,4911700.0
2026-08-31,169.60091335317674,170.32812593546478,168.5549134906114,169.88980102539062,7312600.0
2026-09-01,171.96187799590857,172.8684122511856,170.37794355028035,171.0155029296875,7821200.0
2026-09-02,171.4338970692318,173.81478450068968,171.4338970692318,172.29061889648438,7805000.0
2026-09-03,173.40635084521986,173.49600406453627,170.72660426337382,172.59942626953125,5933900.0
2026-09-04,170.7365721254934,171.87222524823613,170.58715008326988,170.7963409423828,6083000.0
2026-09-08,167.64837899799454,168.10663191251518,166.30353506306292,166.49281311035156,11066600.0
2026-09-09,166.67211306552036,166.77173788672425,165.75562247277605,165.9449005126953,8018100.0
2026-09-10,165.86520565100204,166.44299617944554,164.94871504745453,165.02841186523438,7932400.0
2026-09-11,166.1939499536032,166.49280922125615,164.48050636638112,164.72955322265625,6501800.0
2026-09-14,167.36944637749892,168.12655856054215,166.39318694214816,167.11044311523438,9414400.0
2026-09-15,167.15029176639266,167.5587322842369,165.54642930419314,167.0207977294922,7428600.0
2026-09-16,167.11044308877464,168.15644294107756,166.7717430072637,167.13037109375,7160500.0
2026-09-17,167.79781261098788,168.45529996085727,167.1203972564096,168.16639709472656,5832200.0
2026-09-18,167.62846347096632,168.41544485412717,167.1403261569717,167.7480010986328,11436300.0
2026-09-21,167.32000732421875,169.52999877929688,166.85000610351562,169.00999450683594,7617100.0
2026-09-22,168.7899932861328,170.72000122070312,167.86000061035156,169.88999938964844,7124900.0
2026-09-23,169.92999267578125,171.02000427246094,168.19000244140625,168.8000030517578,7429100.0
2026-09-24,168.85000610351562,171.5399932861328,168.72000122070312,169.8699951171875,8870900.0
2026-09-25,169.94000244140625,170.97000122070312,168.6699981689453,170.6999969482422,6003700.0
2026-09-28,169.97000122070312,171.8699951171875,169.5800018310547,171.25999450683594,6068500.0
2026-09-29,170.5500030517578,171.5399932861328,168.82000732421875,170.72999572753906,8979600.0
2026-09-30,170.16000366210938,170.5399932861328,168.38999938964844,168.4199981689453,12134500.0
2026-10-01,168.14999389648438,168.60000610351562,165.8300018310547,166.1999969482422,10029700.0
2026-10-02,166.5500030517578,166.85000610351562,165.27000427246094,166.17999267578125,7148000.0
2026-10-05,166.0,167.77999877929688,165.49000549316406,167.3699951171875,7301100.0
2026-10-06,168.0,169.02999877929688,165.82000732421875,167.08999633789062,7339400.0
2026-10-07,167.8699951171875,170.3800048828125,167.42999267578125,168.80999755859375,8880900.0
2026-10-08,168.22999572753906,168.50999450683594,165.19000244140625,168.16000366210938,11123100.0
2026-10-09,167.72999572753906,171.0399932861328,167.52000427246094,170.80999755859375,7042600.0
