date,open,high,low,close,volume
2014-01-02,28.933707257152236,28.99010191072645,28.75151678301723,28.85562515258789,8663800.0
2014-01-03,28.872978075918795,28.946724678507298,28.764530888663035,28.777544021606445,7545600.0
2014-01-06,28.81224502264743,28.87731399037611,28.5346205159139,28.599689483642578,8157600.0
2014-01-07,28.85563196871335,28.85563196871335,28.630063229770027,28.77321434020996,6171400.0
2014-01-08,28.7558576495624,28.790561545078173,28.617045377044946,28.695127487182617,11579000.0
2014-01-09,28.768874203160642,28.786226152981403,28.52161470992036,28.690792083740234,10163800.0
2014-01-10,28.72983030399578,28.803573597038774,28.604031169633636,28.777544021606445,9261000.0
2014-01-13,28.760187398418783,28.760187398418783,28.157221469461458,28.200599670410156,13961400.0
2014-01-14,28.33942075231939,28.460881076737415,28.191930851564916,28.44352912902832,12181200.0
2014-01-15,28.482564842735748,28.59534751082419,28.465212899288723,28.512929916381836,11710000.0
2014-01-16,28.499926804901413,28.499926804901413,28.300384326259895,28.361114501953125,12664000.0
2014-01-17,28.343747220534404,28.404480672926,28.183247547100642,28.235300064086914,11174000.0
2014-01-21,28.330742242024836,28.404488844879854,28.0314302546082,28.20928192138672,20878800.0
2014-01-22,28.25698804155058,28.30470505046049,28.152879708267253,28.28301429748535,9272000.0
2014-01-23,28.204933484766933,28.230963051413042,27.94899979781502,28.083473205566406,15946200.0
2014-01-24,27.914301542253103,27.95767974934823,27.536905845253422,27.545581817626953,17244600.0
2014-01-27,27.597637054539977,27.662706022448408,27.20722821140717,27.437135696411133,14436000.0
2014-01-28,27.54558480975417,27.714762152483516,27.528232863122263,27.62800407409668,9463600.0
2014-01-29,27.38942048071357,27.489191691254877,27.14216103398671,27.18553924560547,34830200.0
2014-01-30,27.376406528458098,27.72343717533522,27.376406528458098,27.64101791381836,25474200.0
2014-01-31,27.2028876101556,27.463161809914013,27.0814273097985,27.2506046295166,13651400.0
2014-02-03,27.2245809685367,27.311339048683845,26.47412663659347,26.53485679626465,64955400.0
2014-02-04,26.73440908667186,26.912262460941218,26.64331216441819,26.860206604003906,18990400.0
2014-02-05,26.79078935230897,26.959968335118432,26.50882769050499,26.894899368286133,15495600.0
2014-02-06,26.981659524787492,27.484854388899578,26.981659524787492,27.463165283203125,16587600.0
2014-02-07,27.654034704759436,27.836225197935107,27.52389840180926,27.80152130126953,12541000.0
2014-02-10,27.84056340680107,27.84056340680107,27.658371262815674,27.78417205810547,9341200.0
2014-02-11,27.86659013267436,28.07914901646696,27.805859968603826,27.98805046081543,11294800.0
2014-02-12,28.044439401405008,28.122521497794686,27.935992229171845,28.014074325561523,8446600.0
2014-02-13,27.853574444766615,28.161564051323975,27.8492356307178,28.100833892822266,13169000.0
2014-02-14,28.087827107226655,28.374129327326493,28.0574620211142,28.270017623901367,9657000.0
2014-02-18,28.41317095701722,28.41317095701722,28.183263385671072,28.304723739624023,7156400.0
2014-02-19,28.270015573483036,28.35677532004464,28.027094902202403,28.074811935424805,12608800.0
2014-02-20,28.16156029333468,28.270007463265465,28.04443880600923,28.22662925720215,9397400.0
2014-02-21,28.33073130639526,28.37411281234554,28.23096178561581,28.28301429748535,8750400.0
2014-02-24,28.30904555157939,28.5866699965912,28.30470673881671,28.4001407623291,6431000.0
2014-02-25,28.447864098639112,28.634393374370564,28.400147076274425,28.599689483642578,9076600.0
2014-02-26,28.669094329358693,28.929370203667048,28.617041802133198,28.76019287109375,10977000.0
2014-02-27,28.747179477636926,28.894669376018832,28.656084235788796,28.877317428588867,8773600.0
2014-02-28,28.877314766614315,29.0942091251767,28.768867587333123,28.994436264038086,13988200.0
2014-03-03,28.699469618929587,28.812252328074145,28.504262666248284,28.72115707397461,17337600.0
2014-03-04,29.0161306683452,29.12457786124813,28.9857655867142,29.081199645996094,8782200.0
2014-03-05,29.141931347813973,29.202661514282227,29.085539995963696,29.202661514282227,15136200.0
2014-03-06,29.250373348435666,29.337129768102812,29.163616928768516,29.276399612426758,10510600.0
2014-03-07,29.432557430004294,29.432557430004294,29.167946105018665,29.233015060424805,8679800.0
2014-03-10,29.220018179821906,29.224356995140244,29.00312374755455,29.154949188232422,6549200.0
2014-03-11,29.267723041641805,29.267723041641805,28.903338826085598,28.985759735107422,8780400.0
2014-03-12,28.82960252272162,28.96841480283388,28.695129057172625,28.9423885345459,9573000.0
2014-03-13,29.098548788979134,29.098548788979134,28.460878826652355,28.59101676940918,22536600.0
2014-03-14,28.56064836864843,28.729829017976332,28.49124389287513,28.564987182617188,9572200.0
2014-03-17,28.69079420045534,28.838284130040122,28.68211987967801,28.755863189697266,6463000.0
2014-03-18,28.820920774633134,28.933703447842195,28.76452612848364,28.881650924682617,6445800.0
2014-03-19,28.894673357201633,28.912025307022393,28.525953524762055,28.690792083740234,12116200.0
2014-03-20,28.669099931958325,28.82092865815742,28.530287649654536,28.76453399658203,7523600.0
2014-03-21,28.946421975955843,28.95512690892635,28.55478631122168,28.580894470214844,12462200.0
2014-03-24,28.611359149072534,28.689686957107924,28.158798849308017,28.2936954498291,24711000.0
2014-03-25,28.363321177804732,28.467757146816865,27.980387078120508,28.123985290527344,11722400.0
2014-03-26,28.250172732364764,28.276284207616126,27.88899442434241,27.8976993560791,13913400.0
2014-03-27,27.849837011377186,27.923812344148427,27.6453142396314,27.762805938720703,12697600.0
2014-03-28,27.854189647674637,28.1370402205363,27.82807982772475,27.9716796875,11367400.0
2014-03-31,28.137042625152052,28.25018020799811,28.123985224091737,28.163150787353516,11358000.0
2014-04-01,28.245829843557715,28.576544283721233,28.18490526778081,28.55478858947754,10149600.0
2014-04-02,28.57654428039066,28.794121142558932,28.567842666686087,28.746253967285156,10086800.0
2014-04-03,28.820228032278834,28.828929644597167,28.467751314146412,28.60700035095215,10739400.0
2014-04-04,28.785417147495995,28.785417147495995,28.08046697720447,28.132686614990234,14800200.0
2014-04-07,28.02389871053464,28.05871180303485,27.414682871617952,27.584392547607422,15177400.0
2014-04-08,27.562638568568975,27.889002220818828,27.506068116321483,27.86289405822754,9501000.0
2014-04-09,27.923814900641496,28.171852401434137,27.819378931876063,28.163150787353516,7682800.0
2014-04-10,28.123989160357944,28.163154729101382,27.440799480782925,27.462556838989258,20151000.0
2014-04-11,27.21451107124233,27.453845259074793,27.03174566563859,27.083965301513672,16892400.0
2014-04-14,27.292840813229326,27.419034125652935,27.075263961491157,27.297191619873047,9402200.0
2014-04-15,27.388577155635026,27.479960707149463,26.909908681899765,27.332008361816406,19377800.0
2014-04-16,27.680125778962214,27.719289676460328,27.449494860350864,27.714937210083008,9508600.0
2014-04-17,27.63225844552852,27.841132010958592,27.63225844552852,27.7497501373291,9907000.0
2014-04-21,27.741048049615166,27.84983647333915,27.662720251735532,27.823726654052734,21173200.0
2014-04-22,27.89770734439509,28.176205480458446,27.89770734439509,28.063064575195312,9351600.0
2014-04-23,28.032605328927414,28.14139377244541,27.90206118868171,27.93252182006836,5654000.0
2014-04-24,28.04565613957268,28.18490519823463,27.84983829206537,28.084821701049805,7367400.0
2014-04-25,27.89769965584042,27.89769965584042,27.566981965425498,27.60614585876465,9471000.0
2014-04-28,27.723640030632975,27.784561279085285,27.192753679848902,27.536523818969727,18693400.0
2014-04-29,27.62356154231103,27.697538547530467,27.423391203448904,27.6627254486084,8820400.0
2014-04-30,27.571342610594677,27.819380121998446,27.536529512863687,27.780216217041016,15589200.0
2014-05-01,27.815028408947843,28.015198746388702,27.79762351959031,27.88900375366211,8350600.0
2014-05-02,27.923812699958987,28.123983007633754,27.888999606460942,27.95862579345703,8223000.0
2014-05-05,27.82373476170409,28.006500230006417,27.714946306279877,27.9847412109375,6695800.0
2014-05-06,27.893351273638483,27.94992337894113,27.584392547607422,27.584392547607422,8395400.0
2014-05-07,27.70623930275693,27.719295044437644,27.34071173529442,27.549585342407227,8789800.0
2014-05-08,27.497359372408926,27.893349139412205,27.475602021250843,27.627906799316406,11520800.0
2014-05-09,27.614857322778548,27.79762276590651,27.466904977381574,27.780216217041016,10121600.0
2014-05-12,27.89335065617434,28.141388124818953,27.862890030900765,28.128334045410156,11423200.0
2014-05-13,28.171851285865174,28.254531556175216,27.993439984620732,28.05000877380371,9919800.0
2014-05-14,27.99778612684123,28.03695168434893,27.68447660659556,27.736696243286133,8571000.0
2014-05-15,27.63225815795451,27.684476133773703,27.253674928301212,27.536523818969727,11412400.0
2014-05-16,27.536522252871382,27.75845154244521,27.44078957931077,27.741044998168945,6022800.0
2014-05-19,27.66271815348049,27.884647450632354,27.584390361542127,27.86724090576172,5477200.0
2014-05-20,27.719294350904025,27.83243359610028,27.532178104634202,27.614856719970703,9698000.0
2014-05-21,27.693182051741147,27.971680162685825,27.693182051741147,27.94992446899414,7778000.0
2014-05-22,27.945572456935643,28.145742769936362,27.897705282092055,28.097875595092773,10515000.0
2014-05-23,28.12833454992737,28.332857317557977,28.080467377930454,28.31980323791504,3970200.0
2014-05-27,28.428590219722437,28.502565547253383,28.393777129134094,28.46775245666504,6805200.0
2014-05-28,28.480810623197403,28.511271251844136,28.29804685131701,28.43729591369629,20212400.0
2014-05-29,28.524327961568808,28.55913773635061,28.415539530471992,28.55478858947754,5896000.0
2014-05-30,28.511268286287503,28.589596083226173,28.45905196830118,28.580894470214844,6104000.0
2014-06-02,28.633115313335058,28.698385713565212,28.50692033962456,28.6766300201416,6097400.0
2014-06-03,28.572196212502885,28.676632180698874,28.55478966447696,28.624412536621094,4486600.0
2014-06-04,28.53737817100643,28.79411723998768,28.49821261474548,28.763656616210938,4322200.0
2014-06-05,28.807183118050474,28.989950255530534,28.672286488923127,28.95078468322754,5406800.0
2014-06-06,29.00299906486306,29.12484158771667,28.98124004865645,29.1204891204834,6407800.0
2014-06-09,29.142244525068552,29.268439499515992,29.090024884620163,29.12919044494629,5137400.0
2014-06-10,29.063911150691514,29.124832392885224,29.029098063735475,29.072612762451172,10923200.0
2014-06-11,28.989940540296708,29.05086179238708,28.88115211585543,28.98558807373047,6055800.0
2014-06-12,28.985585435555514,28.985585435555514,28.550431777396696,28.615705490112305,9099200.0
2014-06-13,28.62440882507189,28.698384154620477,28.45905162020578,28.628761291503906,9925600.0
2014-06-16,28.528681639505972,28.724502838557186,28.528681639505972,28.694042205810547,7106000.0
2014-06-17,28.707093087796846,28.837637219316324,28.628765280901316,28.80717658996582,8035400.0
2014-06-18,28.781060969505106,29.04650495075666,28.73754627027475,29.02474594116211,11680600.0
2014-06-19,29.037802243408144,29.116130027051277,28.87679421037542,28.955121994018555,5960400.0
2014-06-20,29.034577070520587,29.069498101022724,28.811938431896227,28.84686279296875,10022200.0
2014-06-23,28.81193762624364,28.903611573567797,28.75955108609971,28.881786346435547,8578400.0
2014-06-24,28.81195068359375,29.06078103354737,28.77266325860877,28.81195068359375,7817400.0
2014-06-25,28.737722798850317,29.091322748100687,28.737722798850317,29.056398391723633,7891400.0
2014-06-26,29.05640706432728,29.078235626220703,28.84250114616969,29.078235626220703,6159000.0
2014-06-27,29.025854571476504,29.178644541945328,29.008392384769845,29.148086547851562,10409800.0
2014-06-30,29.1262574505313,29.20046923626615,29.07823727609789,29.134986877441406,5026600.0
2014-07-01,29.20919799236246,29.510411472779083,29.174273628364087,29.444929122924805,7661200.0
2014-07-02,29.46674261801052,29.545320731547974,29.444914069028854,29.488571166992188,3497800.0
2014-07-03,29.575895390487254,29.741781132417323,29.549703781385357,29.71558952331543,3494800.0
2014-07-07,29.619555144963623,29.671941704283725,29.501689549707777,29.53224754333496,6180800.0
2014-07-08,29.48422048851751,29.49294991441636,29.17863729292612,29.24411964416504,10200600.0
2014-07-09,29.327062286453916,29.623912706431682,29.29213792396935,29.597721099853516,37130200.0
2014-07-10,29.169914348724543,29.449302667559373,29.16554796951952,29.322704315185547,9684600.0
2014-07-11,29.37071533957795,29.436197684955864,29.30959937204401,29.41873550415039,14082200.0
2014-07-14,29.571529591339523,29.593358153065893,29.466759822308944,29.501684188842773,6845600.0
2014-07-15,29.423106103895876,29.523509494721115,29.26158340619629,29.401277542114258,8314000.0
2014-07-16,29.628285765096816,29.698131175244466,29.436205058691055,29.475492477416992,46941200.0
2014-07-17,29.405648861401623,29.53661359295454,29.148085777499944,29.19610595703125,11274800.0
2014-07-18,29.292140232413768,29.47548815405117,29.252852819450375,29.466758728027344,6909800.0
2014-07-21,29.370719757323133,29.427472686119923,29.24412142536921,29.331432342529297,7413800.0
2014-07-22,29.396904235240516,29.51477311216788,29.361983207419566,29.453657150268555,8820200.0
2014-07-23,29.45802629640366,29.46238934368502,29.340157408398063,29.43183135986328,10778600.0
2014-07-24,29.484224369313555,29.58899414674348,29.462395805837197,29.4973201751709,7953600.0
2014-07-25,29.279042753405765,29.335792345741663,29.121886449399565,29.169906616210938,7705400.0
2014-07-28,29.174272746239993,29.257213945014954,29.038941672480888,29.226655960083008,5607600.0
2014-07-29,29.274678186527563,29.42747145250983,29.13935043381609,29.14371681213379,7169400.0
2014-07-30,29.252853597728063,29.33143175631622,29.126255268304316,29.30523681640625,47735000.0
2014-07-31,29.09569075869266,29.14371091876443,28.74208745902142,28.763916015625,12899200.0
2014-08-01,28.68097630696401,28.85996117553244,28.528186376826742,28.659151077270508,12177600.0
2014-08-04,28.733366814983707,29.030217290424428,28.71153825170982,28.93854331970215,33885200.0
2014-08-05,28.811937979734527,28.951632091261942,28.637319507682676,28.73772621154785,19794200.0
2014-08-06,28.53692252588605,28.85996460666394,28.519460341712776,28.676616668701172,21923400.0
2014-08-07,28.85996160170064,28.912348148765865,28.44524559512252,28.528186798095703,12729000.0
2014-08-08,28.528184322960332,28.990923788795197,28.528184322960332,28.96909523010254,11141800.0
2014-08-11,29.08696609537504,29.18300644223555,29.038945921944787,29.100065231323242,10065000.0
2014-08-12,29.06077084500236,29.18300278730864,28.95163470643309,29.025846481323242,6254200.0
2014-08-13,29.11315305513582,29.204826998213907,29.043304338179105,29.130615234375,6769200.0
2014-08-14,29.183003653597982,29.357622146606445,29.130620437094958,29.357622146606445,11199200.0
2014-08-15,29.45365890187181,29.484216884638748,29.095692533500372,29.30086898803711,12865200.0
2014-08-18,29.501680180722968,29.619545738547703,29.466755818933986,29.57152557373047,9493800.0
2014-08-19,29.733052495715633,29.837822265475914,29.685032324039895,29.79416847229004,7493800.0
2014-08-20,29.71122211742954,29.9818809475486,29.70685906977734,29.933860778808594,10008000.0
2014-08-21,29.973145683643555,29.981875107818404,29.885834789044676,29.907663345336914,3998600.0
2014-08-22,29.933850898179333,30.00806265061947,29.84217696918217,29.96440887451172,6581400.0
2014-08-25,30.10849168760334,30.117221117078312,30.003721881043173,30.051738739013672,7935200.0
2014-08-26,30.07356112391922,30.1346771093918,30.01244513844664,30.05609893798828,4041600.0
2014-08-27,30.06482752428078,30.134672927740993,30.0299031572652,30.086652755737305,3597000.0
2014-08-28,29.9600694859523,30.082304831961856,29.89022404737661,30.047380447387695,4626200.0
2014-08-29,30.08227855445413,30.121565954852212,29.93821809185506,30.042987823486328,4618400.0
2014-09-02,30.056104340804612,30.19579852279181,29.96006396620616,30.09975814819336,19040400.0
2014-09-03,30.22634615043637,30.230712528848755,29.99497805314302,30.021169662475586,5213200.0
2014-09-04,30.064819151513525,30.265629210072998,30.064819151513525,30.13466453552246,7466800.0
2014-09-05,30.06482669038047,30.24817461627038,29.968786349036943,30.235078811645508,5337200.0
2014-09-08,30.160863671939953,30.195788037953022,29.981882124621983,30.10848045349121,5001600.0
2014-09-09,30.069190418135616,30.099748406474916,29.78543909665825,29.80726432800293,5116800.0
2014-09-10,29.87711395109807,29.9251341242852,29.71559124759854,29.91203498840332,5738200.0
2014-09-11,29.781066544012457,29.951318633830944,29.781066544012457,29.925127029418945,4877200.0
2014-09-12,29.894571066571515,29.942587901046615,29.728682012570292,29.837818145751953,5826800.0
2014-09-15,29.82909204704171,29.868379460694552,29.650107169989848,29.71558952331543,5822200.0
2014-09-16,29.63701528176344,29.946961575852857,29.588995105017208,29.868383407592773,5693600.0
2014-09-17,29.88147725537753,29.99934616532791,29.73742006515193,29.85528564453125,12802800.0
2014-09-18,29.946949653189876,30.0211614129534,29.885833694494035,29.98624038696289,5625200.0
2014-09-19,30.108440683855875,30.174142054015405,29.928860503244355,29.998939514160156,11847200.0
2014-09-22,29.902583277726833,29.950764068313887,29.504000686710693,29.578460693359375,10849000.0
2014-09-23,29.47771953509876,29.582839734154028,29.32441520690918,29.32441520690918,10973400.0
2014-09-24,29.376978179008287,29.670440556802227,29.276235617080733,29.65730094909668,12686200.0
2014-09-25,29.582844294928424,29.613504496951034,29.206159903386986,29.22368049621582,9279200.0
2014-09-26,29.359461643971464,29.59160365673433,29.320042815409384,29.52590560913086,5186800.0
2014-09-29,29.276240866700938,29.499624262883906,29.245580662653204,29.372602462768555,13681200.0
2014-09-30,29.44706376117101,29.44706376117101,29.16673761872985,29.210540771484375,8856600.0
2014-10-01,29.144839470645966,29.197401249080713,28.776913705025503,28.820716857910156,13114000.0
2014-10-02,28.833861888046567,29.000302538481456,28.487837633813594,28.95212173461914,14969200.0
2014-10-03,29.136073040175095,29.416399140507277,29.079133628543257,29.32441520690918,9919600.0
2014-10-06,29.407640567696312,29.468960969363053,29.105416201116462,29.166736602783203,7781400.0
2014-10-07,29.03533091458332,29.092270320509524,28.73310661315918,28.73310661315918,12900200.0
2014-10-08,28.75502408753885,29.236828838253736,28.58858007680492,29.184267044067383,14306200.0
2014-10-09,29.166741055293212,29.166741055293212,28.51849575536804,28.522876739501953,45401600.0
2014-10-10,28.47469424880778,28.719975878357968,28.273212432861328,28.273212432861328,22018200.0
2014-10-13,28.260064799454213,28.325766179830996,27.67751935492581,27.699420928955078,42621400.0
2014-10-14,27.86586442372929,28.11552869257628,27.760744209235938,27.90090560913086,22490000.0
2014-10-15,27.506700900083043,27.808925279170108,27.01613599559199,27.66876220703125,30186400.0
2014-10-16,27.051172433194377,27.883382120641254,27.051172433194377,27.699420928955078,25364400.0
2014-10-17,27.922803105118298,28.24254804632194,27.892142905965436,28.006023406982422,17024200.0
2014-10-20,27.93593914297821,28.42212462577749,27.93593914297821,28.395845413208008,12384400.0
2014-10-21,28.52287487482727,28.978400285333326,28.49659231345376,28.947736740112305,11069000.0
2014-10-22,29.030957010281913,29.101039380857273,28.6761741989504,28.69807243347168,15529200.0
2014-10-23,29.017823498487907,29.28500674445246,28.95212209769609,29.087905883789062,10367600.0
2014-10-24,29.00029459152453,29.08351656479265,28.851374578003792,29.061614990234375,9014200.0
2014-10-27,29.02219539755145,29.184255014831237,28.934592443349253,29.11855697631836,7441600.0
2014-10-28,29.24119628588075,29.442678057749816,29.140453729090797,29.433916091918945,15389000.0
2014-10-29,29.473339065615306,29.53465946127509,29.193016302110294,29.346317291259766,9770600.0
2014-10-30,29.28500363404472,29.626646871821222,28.470314370864582,29.539047241210938,10203800.0
2014-10-31,29.93324521205068,29.963908754848052,29.74490636374422,29.828125,9478800.0
2014-11-03,29.898207369174646,29.898207369174646,29.771185581329068,29.828125,31852200.0
2014-11-04,29.670435836393125,29.71861661812217,29.315653117943338,29.46895408630371,9889200.0
2014-11-05,29.718609066008327,29.727371028665456,29.42076582814896,29.587209701538086,21506800.0
2014-11-06,29.626645484948565,29.854409860612005,29.58284567169376,29.836889266967773,22500000.0
2014-11-07,29.740528841515786,29.819369845157322,29.661687837874254,29.78870964050293,7542000.0
2014-11-10,29.841263947174266,29.850025913982478,29.59160136051968,29.77118492126465,5300800.0
2014-11-11,29.806231814024848,29.90259007539269,29.723009821962954,29.898212432861328,6460800.0
2014-11-12,29.801852815278224,30.086556659242,29.801852815278224,30.038375854492188,10533200.0
2014-11-13,29.9376302880936,30.305556093134204,29.9376302880936,30.226715087890625,21600200.0
2014-11-14,30.257382494635387,30.358121760932754,30.191681084343056,30.344982147216797,19116000.0
2014-11-17,30.244240367665764,30.40192240257918,30.22671977026291,30.309938430786133,8062200.0
2014-11-18,30.24423388101995,30.441334711532306,30.231090929502454,30.36687469482422,8964200.0
2014-11-19,30.419438834048307,30.51580044629693,30.331839191119833,30.4939022064209,10035200.0
2014-11-20,30.353742356160627,30.704144287865983,30.344980386383394,30.625303268432617,10706200.0
2014-11-21,30.918762877024797,30.949426426670186,30.620922766650565,30.69976043701172,15564400.0
2014-11-24,30.861821912396607,30.99760234911118,30.80050149957636,30.98446273803711,6685200.0
2014-11-25,31.08959159037344,31.17719124021994,30.966947402190932,31.080829620361328,8501800.0
2014-11-26,31.07204600524622,31.102706192208124,31.01948425257878,31.07642364501953,4674800.0
2014-11-28,31.207847155524483,31.51444922949046,31.207847155524483,31.453128814697266,6714400.0
2014-12-01,31.36113927411828,31.365520257275364,31.06329591194602,31.10709571838379,23771000.0
2014-12-02,31.150898957679523,31.2866793605472,31.133378366710943,31.225358963012695,10333800.0
2014-12-03,31.273548321659987,31.30858951319838,31.13776453987669,31.277929306030273,11326400.0
2014-12-04,31.251634991951093,31.32171734867926,31.107092637482268,31.26039695739746,12190200.0
2014-12-05,31.26916398250148,31.383046171927163,31.260405356412548,31.33048439025879,8961000.0
2014-12-08,31.264765748274,31.330467103680864,30.9713034813944,31.07642364501953,8405800.0
2014-12-09,30.901246603459963,31.0457856787557,30.647202962969537,31.019506454467773,8876000.0
2014-12-10,30.966932753663716,31.015113540801693,30.57710881533708,30.607769012451172,10930400.0
2014-12-11,30.74356209129468,31.133386148071317,30.721660511682202,30.857440948486328,35139600.0
2014-12-12,30.721667411495996,30.988850702558242,30.599026558230563,30.66034698486328,24352200.0
2014-12-15,30.83116226683249,30.901244649451563,30.31869737535027,30.47637939453125,17765000.0
2014-12-16,30.375629996978585,30.599013364370965,29.98142503737768,30.007707595825195,18229600.0
2014-12-17,30.14348860095461,30.63405515390931,30.06464760747459,30.581493377685547,19427800.0
2014-12-18,31.01511127904836,31.085193634033207,30.690988741519973,31.085193634033203,37697000.0
2014-12-19,31.17448360442085,31.258050594036295,30.989759753700877,31.170087814331055,19660200.0
2014-12-22,31.227267554004943,31.47356605529785,31.227267554004943,31.47356605529785,9902400.0
2014-12-23,31.579122707595065,31.75065248556342,31.539537105836533,31.649492263793945,14674600.0
2014-12-24,31.733047294585138,31.733047294585138,31.58790573546262,31.59670066833496,3375600.0
2014-12-26,31.684669191579793,31.834206550762296,31.64068781273577,31.76823616027832,28204600.0
2014-12-29,31.750654516023726,32.067325928082695,31.68028159975936,32.01014709472656,46027200.0
2014-12-30,31.922185588338213,32.001353444535766,31.794637189155193,31.860610961914062,12102400.0
2014-12-31,31.961756494800085,32.09370399348707,31.719857221292987,31.733051300048828,13328000.0
2015-01-02,31.900187970831727,31.952967651479888,31.288837597808097,31.504348754882812,12371000.0
2015-01-05,31.385592518909057,31.46036120183847,30.835816869902892,30.901790618896484,17165800.0
2015-01-06,31.02934843148477,31.038143368101746,30.387207324791177,30.593923568725586,14346000.0
2015-01-07,31.108504126869008,31.108504126869008,30.791832843360602,31.077716827392578,14822000.0
2015-01-08,31.33721765017631,31.587915257155128,31.192076047303082,31.543933868408203,12798200.0
2015-01-09,31.53953922164609,31.565927387545262,31.14369995533176,31.17888641357422,11258400.0
2015-01-12,31.24046217272716,31.28004777857947,30.884208497883723,31.011756896972656,12056600.0
2015-01-13,31.354816488387147,31.530745430425863,30.769854182223735,31.011756896972656,15103200.0
2015-01-14,30.593912757218003,30.75664754942852,30.286039750943086,30.637897491455078,20350000.0
2015-01-15,30.7082703189286,30.831419534643302,30.233263324973777,30.242061614990234,16102400.0
2015-01-16,30.25965788695879,30.6774861045802,30.127710367938977,30.64229965209961,19104200.0
2015-01-20,30.677484980489258,30.74345873758174,30.193683021085516,30.46636962890625,27874600.0
2015-01-21,30.448774555311545,30.76104670624768,30.36080844236637,30.66428565979004,18744000.0
2015-01-22,30.765444833431427,31.29323148452256,30.65548970056632,31.24045181274414,30350200.0
2015-01-23,31.27565147539654,31.350420192001152,31.117315748724554,31.196483612060547,9963400.0
2015-01-26,31.183285845455966,31.37680465643189,31.086524762185316,31.359214782714844,6906800.0
2015-01-27,31.002957318929205,31.31083379362379,30.901800446457592,31.108516693115234,11772400.0
2015-01-28,31.271245499435715,31.288838726953333,30.668693395891125,30.703876495361328,10395000.0
2015-01-29,30.805034645990037,31.183280623305258,30.62910573819334,31.121706008911133,17070000.0
2015-01-30,31.02053682447069,31.192066537181553,30.743451139837102,30.78303337097168,16055400.0
2015-02-02,30.86221737621726,31.082127723812764,30.374016136109994,31.060138702392578,41698800.0
2015-02-03,31.24045579889734,31.72425777412208,31.165687104344336,31.71986198425293,11228800.0
2015-02-04,31.715461910927747,32.09370787362524,31.68467460492049,31.930973052978516,18332000.0
2015-02-05,31.952965902276805,32.14648467626308,31.91338030506649,32.1288948059082,10155000.0
2015-02-06,32.17288256758762,32.23885633896688,31.979360399692556,32.08052062988281,9296600.0
2015-02-09,31.900195732581448,32.07612468864963,31.869408416936945,31.957374572753906,8735000.0
2015-02-10,32.21686455807706,32.410386729544754,32.0453347626636,32.348812103271484,11124000.0
2015-02-11,32.39278761884389,32.44116815292724,32.21245956352144,32.357601165771484,10627400.0
2015-02-12,32.49833179263926,32.75342845120811,32.405969903618875,32.740234375,8261600.0
2015-02-13,32.77983566900312,32.93817138671875,32.740253417357,32.93817138671875,10664800.0
2015-02-17,32.88978003531427,33.01732839687394,32.72704858015133,32.8633918762207,8244000.0
2015-02-18,32.79302262750332,32.88538455017446,32.73584715791591,32.845802307128906,8287800.0
2015-02-19,32.88098669272627,33.02172914064673,32.88098669272627,32.94696044921875,6545000.0
2015-02-20,32.83700941967586,33.188863905763604,32.74904328148012,33.18006896972656,7861600.0
2015-02-23,33.158079299547026,33.254840381668394,33.0481241345119,33.14928436279297,6242400.0
2015-02-24,33.263640060158174,33.33841213327049,33.20206542740626,33.30762481689453,7037200.0
2015-02-25,33.33399698928588,33.655064083757885,33.29441139833371,33.56270217895508,13684200.0
2015-02-26,33.53193731078763,33.58471701551298,33.38239984741549,33.45716857910156,7009400.0
2015-02-27,33.439561839459564,33.52312883263414,33.38238636577254,33.41317367553711,7738200.0
2015-03-02,33.435169442139916,33.82661296753383,33.426374504245636,33.81341552734375,48008800.0
2015-03-03,33.747430331621146,33.756225265665535,33.487934477193605,33.721038818359375,12051000.0
2015-03-04,33.699048657997665,33.699048657997665,33.40436636629803,33.545108795166016,9332600.0
2015-03-05,33.65067514231792,33.65507093232385,33.50553353856501,33.567108154296875,15569400.0
2015-03-06,33.452762340132566,33.50114288698343,33.10090778324941,33.1668815612793,15705000.0
2015-03-09,33.19326369166131,33.39558078006537,33.16687552747625,33.355995178222656,8450000.0
2015-03-10,33.09211053052955,33.122897847169575,32.82821876567711,32.83701705932617,14292600.0
2015-03-11,32.89419996820865,32.924987291795695,32.64790137951233,32.65669631958008,9184800.0
2015-03-12,32.78422676083541,33.34279742652365,32.78422676083541,33.32080841064453,13843000.0
2015-03-13,33.27241490184116,33.31199712832557,32.88537079098854,33.05690383911133,11165600.0
2015-03-16,33.180059028683395,33.461543875444235,33.180059028683395,33.44395065307617,10901400.0
2015-03-17,33.2240451176576,33.35598927078032,33.14487728355816,33.25923156738281,9854600.0
2015-03-18,33.19765951336902,33.6594691181908,32.951357701899276,33.55391311645508,15437000.0
2015-03-19,33.56710592267339,33.826601805061365,33.38238208775869,33.505531311035156,9111000.0
2015-03-20,33.72838978228917,33.94903867439708,33.65778052073388,33.8784294128418,12486600.0
2015-03-23,33.85637244699202,34.037302819313716,33.81665388873304,33.821067810058594,7461400.0
2015-03-24,33.80782025585923,33.8696016703411,33.63571440596908,33.64453887939453,10551200.0
2015-03-25,33.59159057566741,33.675434870285294,33.09733581542969,33.09733581542969,11851600.0
2015-03-26,32.9075715942275,33.088505279623455,32.75753198209528,32.88991928100586,10108200.0
2015-03-27,32.84138643804863,33.12381680344375,32.84138643804863,33.05762481689453,6723800.0
2015-03-30,33.16793801507687,33.49449738283766,33.16793801507687,33.39741134643555,9186000.0
2015-03-31,33.348875149277276,33.60482868544647,33.15470303675788,33.25178909301758,16259600.0
2015-04-01,33.176768473722,33.26502668628316,32.88992423264575,33.10615921020508,14701400.0
2015-04-02,33.07525466485429,33.45477088043134,33.03995341469616,33.401817321777344,8929600.0
2015-04-06,33.207644773398464,33.697485384253085,33.16792960503197,33.56068420410156,9978600.0
2015-04-07,33.56070242032708,33.6224838492091,33.3753547668457,33.3753547668457,6297600.0
2015-04-08,33.45920532391177,33.69309266299504,33.4327285283433,33.68867874145508,8497000.0
2015-04-09,33.684254091944744,33.82105530091977,33.47684363521857,33.71955871582031,10503200.0
2015-04-10,33.76369509871884,33.86960562636764,33.71515207212253,33.83430099487305,7944200.0
2015-04-13,33.80340218668055,33.90490213620522,33.64012419709127,33.648948669433594,6293600.0
2015-04-14,33.53862975431868,33.73721239955115,33.42389139402439,33.63130187988281,5840600.0
2015-04-15,33.71514953165572,33.821060051324054,33.613649565465636,33.63130187988281,11518600.0
2015-04-16,33.70631134852492,33.77250666556916,33.618053170355054,33.697486877441406,13719800.0
2015-04-17,33.51656118777874,33.52980294779641,33.09291577174448,33.198829650878906,17183000.0
2015-04-20,33.340049801315125,33.62248012112692,33.340049801315125,33.56510925292969,8199800.0
2015-04-21,33.697496505251586,33.72397329290057,33.49008602377549,33.60041046142578,7835000.0
2015-04-22,33.688669376612594,33.693083296925565,33.437129788128594,33.63130187988281,6926600.0
2015-04-23,33.582764788534575,33.97551959489199,33.565112470999544,33.79899978637695,8271600.0
2015-04-24,34.09026165934767,34.28443380638056,34.03289414628598,34.25795364379883,9655600.0
2015-04-27,34.34179313500068,34.37268384495433,33.92256159036749,33.957862854003906,13850600.0
2015-04-28,33.90490611917542,33.92696898604015,33.59599568155816,33.83871078491211,11132400.0
2015-04-29,33.67985120433735,33.81224190381918,33.472440679672324,33.60924530029297,14487000.0
2015-04-30,33.450361491447836,33.666596386081494,33.0840836527994,33.23412322998047,21405400.0
2015-05-01,33.40183371544809,33.70632692765506,33.35770123913136,33.69308853149414,12220400.0
2015-05-04,33.95787117407404,33.95787117407404,33.715159355495224,33.763702392578125,7841800.0
2015-05-05,33.86961382475328,33.86961382475328,33.40183912814413,33.41066360473633,15713600.0
2015-05-06,33.49891611262824,33.54304521728332,33.11057191125977,33.27385330200195,16596400.0
2015-05-07,33.273851329103266,33.507738600058794,33.19000367844575,33.44595718383789,11784800.0
2015-05-08,33.785753448333026,33.94462090197001,33.772515055002366,33.80340576171875,11347200.0
2015-05-11,33.776944230328645,33.94905015502749,33.64896742560765,33.65338134765625,13894400.0
2015-05-12,33.468020864372505,33.71514990209352,33.335633555041184,33.59158706665039,15020800.0
2015-05-13,33.60922977028113,33.723964732191426,33.35327633186502,33.37975311279297,15843200.0
2015-05-14,33.50774180788449,33.57393715069679,33.326808095319876,33.529808044433594,13660600.0
2015-05-15,33.56952639209213,33.79899978637695,33.53422175702206,33.79899978637695,14379800.0
2015-05-18,33.74162717969551,33.988752854164,33.73280270567941,33.926971435546875,7923000.0
2015-05-19,34.019648472055145,34.09025774171115,33.88284722064075,33.91815185546875,9290800.0
2015-05-20,33.9225618847313,34.02847241022933,33.75928049251088,33.8784294128418,14815600.0
2015-05-21,33.803396619707854,34.08582682382811,33.803396619707854,34.010807037353516,5860800.0
2015-05-22,34.00640282338123,34.08142599809985,33.89607838819836,33.95344924926758,5927600.0
2015-05-26,33.92697027883248,34.0284702441485,33.65777837824943,33.71073532104492,10672000.0
2015-05-27,33.776932200741626,34.00640556300159,33.70632294045558,33.962276458740234,7255400.0
2015-05-28,33.9049072265625,33.975513116404116,33.81664565571714,33.9049072265625,6508400.0
2015-05-29,33.80783322691004,33.931396103281145,33.62248891235338,33.6710319519043,12333000.0
2015-06-01,33.70190496542942,33.887249182614,33.6004050178279,33.768096923828125,11095000.0
2015-06-02,33.6931003978518,34.006421562404654,33.64897127282849,33.843143463134766,14261600.0
2015-06-03,33.93580426951752,34.15645318756791,33.847542682196185,34.10791015625,8796000.0
2015-06-04,34.02846614609832,34.099072027821215,33.80781729460855,33.86518478393555,11321000.0
2015-06-05,33.768096923828125,33.84753064074067,33.60923285683713,33.768096923828125,7026000.0
2015-06-08,33.7283907060355,33.741629101230956,33.52098020307996,33.529808044433594,7392800.0
2015-06-09,33.53863976643398,33.59600728028939,33.29151402448979,33.494510650634766,9372200.0
2015-06-10,33.63571422884997,33.91814451266117,33.59599568155816,33.83871078491211,9327400.0
2015-06-11,33.92696909537618,34.063773684450446,33.89607838819836,33.95344924926758,8786600.0
2015-06-12,33.75928459704961,33.88284745295954,33.73721835842199,33.79899978637695,8135400.0
2015-06-15,33.58716452971333,33.70190286183288,33.459187806740346,33.64012145996094,9342800.0
2015-06-16,33.60484214780518,33.85196794140486,33.578361979322054,33.843143463134766,8213600.0
2015-06-17,33.90489793896592,34.077003746425945,33.75485499304752,33.9975700378418,8577200.0
2015-06-18,34.00199633992556,34.50507555522819,34.00199633992556,34.407989501953125,11583400.0
2015-06-19,34.46864865272189,34.49963754133966,34.287139892578125,34.287139892578125,11966600.0
2015-06-22,34.46420519295549,34.601444532957025,34.45535267627831,34.47748565673828,7812000.0
2015-06-23,34.56161321102076,34.64129940225516,34.52619637546429,34.61473846435547,7023200.0
2015-06-24,34.508479420898155,34.66785176394105,34.37124343898575,34.37567138671875,11973400.0
2015-06-25,34.43764789874456,34.54389499775052,34.32697285216582,34.34910583496094,8859400.0
2015-06-26,34.49077133113,34.592590477232086,34.37124039566417,34.48634338378906,16617200.0
2015-06-29,34.18087665693211,34.33582102703835,33.68062672557938,33.70718765258789,17959600.0
2015-06-30,34.04807300752671,34.05249757757249,33.716047867236334,33.85771179199219,14474600.0
2015-07-01,34.14546430489515,34.251714781903296,34.07020608349851,34.24285888671875,12045200.0
2015-07-02,34.344677033717744,34.45092411963425,34.07462968313224,34.176448822021484,12517800.0
2015-07-06,33.941821971485766,34.340252808775396,33.86656375153504,34.110050201416016,8099400.0
2015-07-07,34.14546331280272,34.41108612007104,33.73375201457799,34.40665817260742,13923400.0
2015-07-08,34.13218731462087,34.21630143976564,33.70719549592345,33.75146484375,13650600.0
2015-07-09,34.08791278055166,34.24285716313823,33.86213475019167,33.893123626708984,11855200.0
2015-07-10,34.22958089747879,34.45535895553479,34.14546677481321,34.384525299072266,9316600.0
2015-07-13,34.62800923359646,34.902481188437996,34.62800923359646,34.880348205566406,12129400.0
2015-07-14,34.96004223032281,34.98660316675096,34.849367158492,34.924625396728516,7502000.0
2015-07-15,34.94233499950903,34.977751834305415,34.80952355779022,34.88920974731445,5428600.0
2015-07-16,35.132696344629686,35.14154886458131,34.92905461038961,35.101707458496094,6554800.0
2015-07-17,35.15482161618671,35.15924618599852,34.924615639672666,35.03971862792969,6489600.0
2015-07-20,35.221219516299364,35.221219516299364,35.00429740906031,35.05742263793945,5109400.0
2015-07-21,35.225646672073495,35.225646672073495,34.84935226418073,34.946746826171875,5353800.0
2015-07-22,34.942325987100936,35.17252859883249,34.898056643791136,35.1149787902832,6419400.0
2015-07-23,35.185813229035624,35.25221555671914,34.827223771872255,34.90690994262695,7522000.0
2015-07-24,35.59309660065542,35.59309660065542,34.84493218509935,34.90690994262695,10339200.0
2015-07-27,34.774097251700844,34.9290416247649,34.552747182313915,34.645713806152344,11104600.0
2015-07-28,34.543890179331726,34.98659030389583,34.543890179331726,34.9157600402832,10897000.0
2015-07-29,35.00872978967784,35.33189901807052,34.973312965939556,35.274349212646484,11624400.0
2015-07-30,35.12383715194378,35.44258188086306,35.06185938549114,35.402740478515625,6606400.0
2015-07-31,35.48243121777423,35.65065612296019,35.3894645561555,35.51342010498047,7330400.0
2015-08-03,35.44256858811261,35.637357711070855,35.203510131082126,35.39387130737305,11514200.0
2015-08-04,35.43814835649295,35.624081608874164,35.3850231225837,35.544395446777344,11407400.0
2015-08-05,35.59309216349623,35.68605878819808,35.09726678755228,35.159244537353516,11882600.0
2015-08-06,35.283213595548936,35.283213595548936,34.30484630911033,34.6811408996582,15489400.0
2015-08-07,34.720973417503195,34.751962293364066,34.4110846588945,34.65456771850586,12905800.0
2015-08-10,34.915767080527495,35.04415054784177,34.86264183895568,34.933475494384766,7674200.0
2015-08-11,34.70769412993488,34.791804865817966,34.455355167217064,34.6191520690918,11349400.0
2015-08-12,34.512897261449595,34.52175315432212,33.90197237705227,34.4686279296875,14273800.0
2015-08-13,34.446489030301244,34.880336555599655,34.43763651561621,34.66783905029297,8848600.0
2015-08-14,34.62800942617704,34.73868447375365,34.56160372212418,34.68998718261719,9479200.0
2015-08-17,34.56603769749142,35.0441547970065,34.535048813867384,35.02201843261719,8841000.0
2015-08-18,35.06185392155015,35.194665330414544,34.986595699376394,35.053001403808594,11699400.0
2015-08-19,34.95117543288579,35.25221166948243,34.82279536183105,34.99102020263672,11481800.0
2015-08-20,34.65457017108172,34.72982839242228,33.999375784358406,34.00822830200195,18824600.0
2015-08-21,33.66736172724718,33.773608861620026,32.88820819426347,32.91919708251953,37202600.0
2015-08-24,31.01558546990927,32.69784815253555,29.21822312799835,31.60437774658203,47634200.0
2015-08-25,32.396801830071745,32.65356876507309,31.458276159481276,31.475984573364258,24187600.0
2015-08-26,32.19759077328802,32.71112130863935,31.58223431645545,32.67127990722656,37790200.0
2015-08-27,33.18037830909886,33.525687298794686,32.764242421959636,33.4371452331543,32231200.0
2015-08-28,33.32647628667087,33.64522102627274,33.246790101770394,33.45043182373047,15289000.0
2015-08-31,33.29990400587814,33.490265195089485,33.096262353297114,33.19365692138672,20217800.0
2015-09-01,32.46763488157245,32.85278531697542,32.17102652314798,32.352535247802734,27879800.0
2015-09-02,32.675700853110555,33.043142831652105,32.503048044404906,33.0342903137207,15389200.0
2015-09-03,33.10067967265397,33.472549453223806,32.93688282359252,33.04755783081055,13201600.0
2015-09-04,32.56944205025484,32.88375867569167,32.418925656749856,32.693397521972656,14311200.0
2015-09-08,33.3087678703002,33.48142070799537,33.069709315598786,33.45043182373047,10510400.0
2015-09-09,33.7647455241827,33.80901824982438,33.01658442183195,33.09184265136719,15364200.0
2015-09-10,32.97673718783874,33.3928764596222,32.95460420420133,33.18480682373047,12412200.0
2015-09-11,33.09627421463176,33.437151947578236,33.025440547895535,33.43272399902344,9219200.0
2015-09-14,33.41057867471587,33.44599549500659,33.136103383763626,33.25563430786133,7184600.0
2015-09-15,33.26449234141595,33.6939120704463,33.10069205355388,33.60537338256836,11140800.0
2015-09-16,33.66291103584261,34.03035287516373,33.56994443388183,33.986080169677734,13231800.0
2015-09-17,33.99938394199885,34.588172766296175,33.94625869078776,34.074642181396484,21990400.0
2015-09-18,33.669815746064764,33.9897617604775,33.47873706469405,33.53206253051758,19723000.0
2015-09-21,33.69203972907692,33.9853247421952,33.54539722251777,33.82535171508789,14036200.0
2015-09-22,33.403194545560105,33.46985052897257,33.13657400217441,33.37653350830078,15290400.0
2015-09-23,33.37207878456752,33.46539577703222,33.176558919992345,33.28765106201172,10771200.0
2015-09-24,33.09214394483375,33.24767234145297,32.74109219802764,33.19879150390625,13957400.0
2015-09-25,33.56317429234089,33.63871617326111,33.034374345369656,33.1943473815918,11708000.0
2015-09-28,32.9677131799403,33.08769123082647,32.158962324676054,32.238948822021484,24030800.0
2015-09-29,32.252271297707146,32.48334146005177,31.932325388104516,32.13228988647461,12354200.0
2015-09-30,32.60777839459739,33.03437199744796,32.45669464349523,32.99882507324219,21597200.0
2015-10-01,33.01658811010534,33.24765828880777,32.73663372425309,33.24321365356445,16725400.0
2015-10-02,32.72774886137092,33.71868896484375,32.68331267834646,33.71868896484375,16403600.0
2015-10-05,33.96309490140993,34.27859622536094,33.847558107060784,34.21638488769531,14036000.0
2015-10-06,34.10529828407002,34.331927274058984,33.803127427506126,33.96310043334961,18172000.0
2015-10-07,34.03864503432501,34.1630677399175,33.74980467333419,34.07863998413086,15588600.0
2015-10-08,33.931987431272965,34.54521489439352,33.91865691537565,34.496334075927734,12683200.0
2015-10-09,34.50523694141274,34.56744830028648,34.34081926995228,34.53634262084961,16705400.0
2015-10-12,34.558543004099306,34.794061199519504,34.55410175928506,34.700740814208984,10978000.0
2015-10-13,34.58521499563448,34.882941196000694,34.469678190169994,34.51411437988281,15163000.0
2015-10-14,34.514110861007744,34.634092290290035,34.087517380782806,34.16305923461914,14031800.0
2015-10-15,34.3541432943587,34.61187795538933,34.09196738729468,34.6074333190918,11406400.0
2015-10-16,34.594107549131714,34.80296141035089,34.571891145122734,34.78963088989258,10638400.0
2015-10-19,34.69185368205452,34.97624929200813,34.66074801816156,34.95403289794922,9857400.0
2015-10-20,34.90516950142102,35.06514253562519,34.798518551775054,34.909610748291016,10027600.0
2015-10-21,34.998485910118966,35.07847242578227,34.709645526320095,34.75408172607422,10024800.0
2015-10-22,34.971813426953965,35.27842889811939,34.9051608377997,35.21177291870117,16455000.0
2015-10-23,35.70058749838523,35.731696568807486,35.198451978625975,35.38508605957031,15790200.0
2015-10-26,35.398407738491386,35.696133915720395,35.37174331452471,35.6339225769043,12050000.0
2015-10-27,35.54949614066,35.593932332783,35.31398127117039,35.465065002441406,8942400.0
2015-10-28,35.602815625269066,35.80278015136719,35.33619173678681,35.80278015136719,22715800.0
2015-10-29,35.753900235227206,35.967198673353714,35.41173787540972,35.90498733520508,9449600.0
2015-10-30,35.97609277787745,36.22049694094456,35.88277574932394,35.98053741455078,15542200.0
2015-11-02,36.10940013395855,36.198272514463056,35.88277115632887,36.14494705200195,15470000.0
2015-11-03,36.10495904561649,36.37602424013396,36.07829800689816,36.28270721435547,14567000.0
2015-11-04,36.344914001025955,36.38046430836255,35.86499502277368,36.04718780517578,12531800.0
2015-11-05,36.100518269376956,36.28271109413935,35.90943956084638,36.176063537597656,13929400.0
2015-11-06,36.082730761809685,36.264923524214325,35.94942220932526,36.18049240112305,13186400.0
2015-11-09,36.01164366053751,36.12718048402138,35.43396293338263,35.68281173706055,14019200.0
2015-11-10,35.63391695315941,36.02051544189453,35.585036138909174,36.02051544189453,14662800.0
2015-11-11,36.096060709753054,36.104946589505445,35.73167861516796,35.807220458984375,14173400.0
2015-11-12,35.585037766003516,35.81166330760251,35.44728119669807,35.47394561767578,12151400.0
2015-11-13,35.24733536839809,35.29621621079229,34.50079560032739,34.54079055786133,22754400.0
2015-11-16,34.403027531375635,34.95848846435547,34.33193029489175,34.95848846435547,14766400.0
2015-11-17,35.131786387789056,35.33175432585209,34.9096020501172,35.02513885498047,14904600.0
2015-11-18,35.12290649342713,35.66947815872658,35.042919982619345,35.62504196166992,14275200.0
2015-11-19,35.651684726122674,35.8027683823527,35.5716982639237,35.669456481933594,11370400.0
2015-11-20,35.940545182385755,36.10051821207672,35.851672783786185,36.09607696533203,11129800.0
2015-11-23,36.15383588504442,36.37157558782034,36.087179905343724,36.22937774658203,8344000.0
2015-11-24,35.944989064411985,36.2604904801578,35.780571401165034,36.15384292602539,9090800.0
2015-11-25,36.220495625538824,36.39379915659646,36.20716510626737,36.336029052734375,7406400.0
2015-11-27,36.34491849876952,36.34491849876952,36.051633512344,36.202720642089844,4565200.0
2015-11-30,36.32713722455127,36.32713722455127,35.85610753930694,35.89609909057617,17294000.0
2015-12-01,36.09161580986916,36.2782497956682,35.98940954701932,36.26491928100586,16374800.0
2015-12-02,36.31825539352902,36.32714127582524,35.87832793892335,35.94942855834961,12527000.0
2015-12-03,36.100513146290886,36.100513146290886,35.2517706708909,35.40729904174805,19657800.0
2015-12-04,35.53616811219931,36.13606522355712,35.45173696806432,36.09162902832031,14064400.0
2015-12-07,36.03829432294861,36.104950293851495,35.69168734256979,35.94053268432617,13070800.0
2015-12-08,35.63836191547436,36.01163331866235,35.54504491224324,35.833885192871094,12167000.0
2015-12-09,35.76279214998691,36.02496803866892,35.20733131098544,35.376190185546875,19471600.0
2015-12-10,35.47394983110173,35.71835055229351,35.345082516903716,35.49616622924805,9460200.0
2015-12-11,35.029570282107485,35.162878800284446,34.616307434259845,34.68740463256836,20208400.0
2015-12-14,34.7096449481626,34.940715217193926,34.33193217114704,34.86517333984375,29916000.0
2015-12-15,35.22066535648966,35.38952424796453,35.029586673123575,35.05624771118164,15957600.0
2015-12-16,35.30065599150997,35.709474444136674,35.01626025139881,35.642818450927734,24149400.0
2015-12-17,35.64725891674005,35.77168161469672,35.05624771118164,35.05624771118164,18449200.0
2015-12-18,34.99600726752913,35.00492990763311,34.48286865219405,34.50518035888672,30106000.0
2015-12-21,34.737204887540074,34.85321962940854,34.442710117305744,34.67919921875,14178000.0
2015-12-22,34.857685984500755,35.000472063419664,34.66135384937901,34.93354034423828,13465800.0
2015-12-23,35.02724580417248,35.15218320630369,34.964777103106876,35.11202621459961,12049600.0
2015-12-24,35.05400832157502,35.13432568908527,34.99153963621016,35.018314361572266,3823600.0
2015-12-28,34.929068171742024,35.12986327668556,34.83090212989689,35.10755157470703,8111800.0
2015-12-29,35.32174890639924,35.56716072183204,35.25035415001121,35.513614654541016,11480400.0
2015-12-30,35.48682811833666,35.50021377835185,35.21910470516917,35.22802734375,6437800.0
2015-12-31,35.06293630940817,35.2548053977523,34.871067221064045,34.87553024291992,13160400.0
2016-01-04,34.25976590864149,34.32669762581073,33.90280242421981,34.27761459350586,26800800.0
2016-01-05,34.3088522590804,34.42486701977472,33.987582709027755,34.23299789428711,14849800.0
2016-01-06,33.73324433749014,34.07682559130098,33.6261556239661,33.89834213256836,20230800.0
2016-01-07,33.22456736749184,33.7823260261006,33.12640129889051,33.2022590637207,25290400.0
2016-01-08,33.46996594774339,33.617211573366205,32.76942155596616,32.84527587890625,21595400.0
2016-01-11,33.04161152691874,33.23794018395052,32.622176088386865,33.10408020019531,26465400.0
2016-01-12,33.33611111012143,33.67076622508565,33.08177335892013,33.469974517822266,17474200.0
2016-01-13,33.60830575621968,33.60830575621968,32.2741479917061,32.34107971191406,29861000.0
2016-01-14,32.408003278620846,32.86313618590683,31.792239032379566,32.57310104370117,31838800.0
2016-01-15,31.725311790865486,32.11797606490021,31.533442676313616,31.90379524230957,29103000.0
2016-01-19,32.25629860846856,32.399084686489644,31.698539959278598,32.024269104003906,23245200.0
2016-01-20,31.564690074013,32.01982323356443,30.761519316912395,31.743173599243164,42886400.0
2016-01-21,31.841316666338695,32.532938549504046,31.680681950304002,32.149200439453125,31888400.0
2016-01-22,32.671272605511554,32.836366994132284,32.51063783519116,32.711429595947266,14370200.0
2016-01-25,32.706969082228866,32.796209105835395,32.300919144955195,32.33661651611328,14296800.0
2016-01-26,32.45708933699636,32.87652491733357,32.296454578751835,32.809593200683594,15900200.0
2016-01-27,32.75157673906181,32.96575407663823,32.14473527544964,32.296443939208984,21285400.0
2016-01-28,32.702506955057814,32.80067302628569,32.131362618046985,32.711429595947266,20804400.0
2016-01-29,32.54633620457928,33.09963187247597,32.42585842100304,33.068397521972656,23052600.0
2016-02-01,32.876523280988415,33.40304753918606,32.720351552770545,33.26918411254883,16598800.0
2016-02-02,33.04161257587087,33.14423822624579,32.506162410989305,32.62217712402344,18097800.0
2016-02-03,32.93006731852317,32.94791259698094,31.9127128277352,32.53740310668945,26703600.0
2016-02-04,32.43479034392291,32.51510774609834,32.06890071274368,32.35000991821289,19875600.0
2016-02-05,32.20722197320267,32.23399330430975,31.216641870768957,31.305885314941406,25646800.0
2016-02-08,30.96229800142885,30.96229800142885,30.1680502260788,30.699037551879883,26352000.0
2016-02-09,30.306366955983034,31.006911540124076,30.252824315340362,30.649948120117188,28947400.0
2016-02-10,30.676720489947993,31.1273903550737,30.583017461329625,30.596403121948242,26574400.0
2016-02-11,30.159120516302067,30.770425149835084,30.159120516302067,30.578556060791016,27130600.0
2016-02-12,30.913216813251978,31.154168973690524,30.623181616189534,31.140783309936523,21854400.0
2016-02-16,31.600366900341456,31.903787674536535,31.41296085270893,31.894865036010742,20940800.0
2016-02-17,32.22953074165447,32.66681166314814,32.18937034437257,32.58203125,19549400.0
2016-02-18,32.599873522045556,32.608799566035685,32.256295722768556,32.36784744262695,13948400.0
2016-02-19,32.162593691065446,32.46601451472789,31.97072459074524,32.457088470458984,15183200.0
2016-02-22,32.74711314809611,33.1353142465893,32.72034183243704,33.08623123168945,11290000.0
2016-02-23,32.992540851151915,33.22456695234694,32.814057401769546,32.903297424316406,12913400.0
2016-02-24,32.63110966401044,33.14871130670947,32.2652201389016,33.09516525268555,21643200.0
2016-02-25,33.13086343537228,33.43428427371289,32.943457348120646,33.42536163330078,11096400.0
2016-02-26,33.63954231829456,33.63954231829456,33.322735786374786,33.38966751098633,13932600.0
2016-02-29,33.39858407111528,33.657384876870516,33.215641021728516,33.215641021728516,17485600.0
2016-03-01,33.50568048979443,34.12144830085956,33.3941287448089,34.09467697143555,18691600.0
2016-03-02,34.03666327503224,34.099131971419624,33.82248586007224,34.06343460083008,15275600.0
2016-03-03,34.00542042576308,34.26868421268638,33.91618042588711,34.26422119140625,19038800.0
2016-03-04,34.28208093133898,34.38024700544272,34.08128576041163,34.23299789428711,15493400.0
2016-03-07,34.05450860532292,34.25976335955843,33.88495121816011,34.08574295043945,14871000.0
2016-03-08,33.884951579847,34.13482634344637,33.78678552149344,33.81801986694336,12680000.0
2016-03-09,33.947421237845475,33.97419256205426,33.66184909865697,33.884952545166016,13489400.0
2016-03-10,34.04558049170754,34.18836653275225,33.52797896524062,33.969722747802734,16120800.0
2016-03-11,34.25529449349347,34.49178695678711,34.17051751651955,34.49178695678711,11387200.0
2016-03-14,34.393618487490265,34.71934752166319,34.393618487490265,34.62118148803711,11000600.0
2016-03-15,34.40255255991376,34.62565601802512,34.40255255991376,34.61227035522461,8999200.0
2016-03-16,34.572105534734085,34.96922932786337,34.4739394907178,34.89337158203125,14508600.0
2016-03-17,34.81751412467896,35.071851850375175,34.710425451829906,34.94245147705078,12321600.0
2016-03-18,35.00562737576427,35.15796389955117,34.92497943218289,34.98770523071289,19413000.0
2016-03-21,34.97876041764656,35.04596763497088,34.78610155107741,35.00564193725586,8098800.0
2016-03-22,34.75472508915677,35.04595397182185,34.74128433459219,34.947383880615234,8984600.0
2016-03-23,34.78161766739807,34.871228423513145,34.66512881189971,34.70096969604492,17044000.0
2016-03-24,34.41869629149158,34.750247473874,34.32012618957516,34.74576950073242,13916200.0
2016-03-28,34.79505841219495,35.05492103354254,34.76817347886207,34.902587890625,10265200.0
2016-03-29,34.85329862284872,35.28790129429496,34.85329862284872,35.25653839111328,10979200.0
2016-03-30,35.3999161546579,35.56121208020537,35.33270894929638,35.48056411743164,10548400.0
2016-03-31,35.42679056852405,35.5701643160172,35.38198691336365,35.44023132324219,10140800.0
2016-04-01,35.21621590508136,35.66425937313151,35.18933439085448,35.58809280395508,16283600.0
2016-04-04,35.62842471666995,35.66426902420585,35.26551050319758,35.3103141784668,18943600.0
2016-04-05,35.13107874502322,35.193804537043185,34.92945719784535,35.01010513305664,17096000.0
2016-04-06,35.05492341582282,35.373033899092896,34.96531608075828,35.341670989990234,13554200.0
2016-04-07,35.198297724267455,35.310308603907615,34.79057989989367,34.94291305541992,10346800.0
2016-04-08,35.086281692233705,35.12212598884704,34.75921188596282,34.88914489746094,10318600.0
2016-04-11,34.996667299571676,35.15348179270267,34.741282719815615,34.75920486450195,11742000.0
2016-04-12,34.76816355143203,35.077314559233926,34.611349061351184,35.0235481262207,11502600.0
2016-04-13,35.229659444207535,35.52985118941494,35.17141501934971,35.51640701293945,10081000.0
2016-04-14,35.538810555431276,35.62393991493941,35.39543677106531,35.51640701293945,6924600.0
2016-04-15,35.52087864651573,35.637370882528344,35.417830583285124,35.614967346191406,8599400.0
2016-04-18,35.614960117179486,35.950992584228516,35.51639004658393,35.950992584228516,8926000.0
2016-04-19,35.9958047135263,36.04957115151425,35.619449902510105,35.75386428833008,8545600.0
2016-04-20,35.84347920245233,35.91964577536541,35.628416823185376,35.798675537109375,9571000.0
2016-04-21,35.89275425050852,35.959961438931344,35.659769786415985,35.673213958740234,8285400.0
2016-04-22,35.69113125014149,35.8031420761814,35.381980276415604,35.60152053833008,9460000.0
2016-04-25,35.53432806324298,35.64633893563328,35.390954283315416,35.64186096191406,7794400.0
2016-04-26,35.70457818389531,35.8434705383756,35.5343195111262,35.72697830200195,7797000.0
2016-04-27,35.70906939909372,35.78075800753976,35.51641053677124,35.6911506652832,11423200.0
2016-04-28,35.516405661711076,35.830038153161105,35.229658103888525,35.30582809448242,14600800.0
2016-04-29,35.59704196282631,35.65528978468417,35.21620580783768,35.48503112792969,16799000.0
2016-05-02,35.58361761601029,36.00926103584736,35.53881394505401,35.98237609863281,13296000.0
2016-05-03,35.713539860437045,35.8613950063755,35.579128888192955,35.650814056396484,11558600.0
2016-05-04,35.35959561824759,35.6418652382504,35.32823270694738,35.48952865600586,12876400.0
2016-05-05,35.47608303577797,35.51640530836724,35.234139145340876,35.26102066040039,12589600.0
2016-05-06,35.189334259533595,35.5208854675293,35.07284200115118,35.5208854675293,10783400.0
2016-05-09,35.507442570332465,35.72250492528371,35.49400181407929,35.61945343017578,10433000.0
2016-05-10,35.72251042846397,36.0854245764085,35.71802903625582,36.07646179199219,9664600.0
2016-05-11,35.72697503523169,35.72697503523169,35.32821673541753,35.35062026977539,12233600.0
2016-05-12,35.48503519489917,35.55224238719969,35.166924797529795,35.41783142089844,11206600.0
2016-05-13,35.243106527914144,35.399921083390694,34.97875906156717,34.996681213378906,15204000.0
2016-05-16,34.96978760061106,35.32822025798013,34.920502554749106,35.216209411621094,9211400.0
2016-05-17,35.162446802097534,35.23861335811572,34.71888138418028,34.81745147705078,13086400.0
2016-05-18,34.57999661235869,34.8398626563303,34.37837840966036,34.615840911865234,22648200.0
2016-05-19,34.46350282005162,34.63823949952276,34.342532587456375,34.584476470947266,15667200.0
2016-05-20,34.624788014753456,34.92497622562878,34.597906508794274,34.812965393066406,7816200.0
2016-05-23,34.76369033337464,34.920508278621355,34.65616086036858,34.6920051574707,8505000.0
2016-05-24,34.82641461667935,35.20725081898019,34.812970443450055,35.108680725097656,7983000.0
2016-05-25,35.13557610233083,35.37752004145162,35.13557610233083,35.301353454589844,8707800.0
2016-05-26,35.39990509684603,35.52535668457351,35.31925715926416,35.37302017211914,7008000.0
2016-05-27,35.426799853572525,35.59257718124452,35.426799853572525,35.53881072998047,6424200.0
2016-05-31,35.59256711714944,35.61496723511681,35.3640640367642,35.50295639038086,8326000.0
2016-06-01,35.3371903412006,35.502964240351844,35.25654237842687,35.48056411743164,7535600.0
2016-06-02,35.381993132053104,35.68666282631184,35.373030348465875,35.67770004272461,8115800.0
2016-06-03,35.547773137484754,35.583617441394274,35.20278111268329,35.444725036621094,11311000.0
2016-06-06,35.48504340282633,35.60153566853936,35.355113797504806,35.53432846069336,8200000.0
2016-06-07,35.534325000343735,35.73146521261424,35.5298470270105,35.579132080078125,8651400.0
2016-06-08,35.59257191766944,35.67769784670625,35.480561057826115,35.61945343017578,7903200.0
2016-06-09,35.435759219632864,35.57913642300368,35.39991833709083,35.53881072998047,13162200.0
2016-06-10,35.25654189770409,35.310304926619885,35.068361041597576,35.16693115234375,9627000.0
2016-06-13,35.10419904599792,35.35958364246191,34.947384542607715,34.974266052246094,12032600.0
2016-06-14,34.88915165008744,35.01908468673347,34.66064848782713,34.88467025756836,16195400.0
2016-06-15,34.911557231305785,35.269993486220805,34.911557231305785,34.983245849609375,11271800.0
2016-06-16,34.817464752019816,35.14005666320993,34.60688373119842,35.095252990722656,12764600.0
2016-06-17,35.13885597684565,35.16583288700847,34.97698765500651,35.03993606567383,17119400.0
2016-06-20,35.30972406568538,35.678423459652805,35.30972406568538,35.35468673706055,7944400.0
2016-06-21,35.458086367073655,35.458086367073655,35.20629278801856,35.27373504638672,5798600.0
2016-06-22,35.30072924732532,35.4985656669716,35.1973120264851,35.22428894042969,8207200.0
2016-06-23,35.54801256515667,35.57499289961723,35.40862732042666,35.57049560546875,8882400.0
2016-06-24,34.32052393515099,34.855585437163654,34.163152905147264,34.24858093261719,30696400.0
2016-06-27,33.9293507571394,33.98330802363823,33.35382030288036,33.619102478027344,21702000.0
2016-06-28,34.010284623316444,34.289058685302734,33.9113646842106,34.289058685302734,15721200.0
2016-06-29,34.69822705310062,34.90056424864635,34.50488445136532,34.84210968017578,14107600.0
2016-06-30,34.95000843067565,35.111873311366026,34.72519171305513,35.098384857177734,13423600.0
2016-07-01,35.13435913552419,35.54352724057832,35.06691342881481,35.46259307861328,14260200.0
2016-07-05,35.242285139324615,35.314228171743494,34.95451987051427,35.174842834472656,14635200.0
2016-07-06,35.030945668609014,35.47608184814453,34.95450537076459,35.47608184814453,15561200.0
2016-07-07,35.42211726770311,35.62894821166992,35.39064306819578,35.62894821166992,18485600.0
2016-07-08,35.8582683394806,36.27642759338395,35.8582683394806,36.24945068359375,14822800.0
2016-07-11,36.44729645374255,36.55071368527473,36.343882652642314,36.460784912109375,8862000.0
2016-07-12,36.57770256637259,36.69910559224809,36.54622834307765,36.60468292236328,9772000.0
2016-07-13,36.65412678027418,36.68560099266776,36.343881952518046,36.4248161315918,7310800.0
2016-07-14,36.694595580246286,36.78452092123568,36.52822992594085,36.57319259643555,6812000.0
2016-07-15,36.74853328344195,36.757524440582536,36.384327956292374,36.41130828857422,6967400.0
2016-07-18,36.49675151410771,36.65412255794742,36.397831592142325,36.55070877075195,5550000.0
2016-07-19,36.352859382505095,36.49674193201575,36.27642252848425,36.483253479003906,5273600.0
2016-07-20,36.58217404315762,36.65411360401161,36.41131458450259,36.636131286621094,4902000.0
2016-07-21,36.6316426267157,36.699088339335404,36.424811623665015,36.5372200012207,4869400.0
2016-07-22,36.57318832017791,36.73505665937814,36.49225758100927,36.690093994140625,5059200.0
2016-07-25,36.793513082562974,36.793513082562974,36.63614203101346,36.74855041503906,6260400.0
2016-07-26,36.717082282945526,36.88344452336709,36.57319623435921,36.703590393066406,9975400.0
2016-07-27,36.81149413913995,36.82498259463306,36.451785983978006,36.59117126464844,8590200.0
2016-07-28,36.4922643212469,36.70358922993874,36.35737287018801,36.658626556396484,6317800.0
2016-07-29,36.60915648289781,36.753039056783294,36.546208071224854,36.6990852355957,7992600.0
2016-08-01,36.69908291436639,36.85195663863678,36.55969421410882,36.75753402709961,5500400.0
2016-08-02,36.784503066928416,36.784503066928416,36.13703337912078,36.2089729309082,8493400.0
2016-08-03,36.087587868873165,36.31240463256836,36.0111475620888,36.31240463256836,7744000.0
2016-08-04,36.2449659922536,36.370862855628445,36.150543344722465,36.29442596435547,4480600.0
2016-08-05,36.51023959117575,36.7305624806928,36.366357005384735,36.676605224609375,7037200.0
2016-08-08,36.703578922107084,36.766527333474244,36.52372827844728,36.55520248413086,6296800.0
2016-08-09,36.48326001461284,36.62714258989861,36.375348940756304,36.447288513183594,14728200.0
2016-08-10,36.460779384800986,36.63164231269705,36.447290928478964,36.52373123168945,6778800.0
2016-08-11,36.721581387931614,36.93290976390114,36.70359562929243,36.88794708251953,7389600.0
2016-08-12,36.811498217064624,36.959874674356996,36.60916107095971,36.86994934082031,4913200.0
2016-08-15,36.96885999436722,37.040799557068176,36.91940004419687,36.9418830871582,6141000.0
2016-08-16,36.851956006378956,36.89691866389701,36.70357614918157,36.73055648803711,4615800.0
2016-08-17,36.600167493670504,36.67210706966455,36.42481070354779,36.6451301574707,6848600.0
2016-08-18,36.667608605681686,36.70807396889723,36.555200245063936,36.622642517089844,9466000.0
2016-08-19,36.57768444655473,36.72156702897417,36.50574487056069,36.6451301574707,7447800.0
2016-08-22,36.6091423034668,36.663099534186856,36.50123127245651,36.6091423034668,5777200.0
2016-08-23,36.78002579406637,36.83847692066162,36.73056582908894,36.793514251708984,10701600.0
2016-08-24,36.757541732149804,36.84746706757873,36.546213420417,36.61815643310547,6466200.0
2016-08-25,36.48326142198119,36.61815284232878,36.429304167755895,36.49674987792969,6061400.0
2016-08-26,36.55071595391761,36.6945985694808,36.23147650783778,36.39334487915039,12578400.0
2016-08-29,36.393340673047106,36.56869748329715,36.393340673047106,36.51923751831055,7992600.0
2016-08-30,36.48326398534084,36.528226651805404,36.2584472225865,36.316898345947266,4905800.0
2016-08-31,36.28991503285334,36.34836614590694,36.087581354226224,36.222469329833984,7001800.0
2016-09-01,36.26295174851175,36.37536015230105,36.096586075948,36.29442596435547,10833600.0
2016-09-02,36.469776934938636,36.505748441670185,36.28093167024555,36.36635971069336,6704800.0
2016-09-06,36.36634642139067,36.43379211425781,36.186495814318874,36.43379211425781,12356000.0
2016-09-07,36.361868328116635,36.45629096691076,36.29442260599743,36.4517936706543,10728600.0
2016-09-08,36.26293982123358,36.33487939217225,36.09207690819591,36.13704299926758,8918200.0
2016-09-09,35.88075825518906,35.95269783854856,35.2647590637207,35.2647590637207,19125000.0
2016-09-12,35.12537964640687,35.84929004939287,35.07591967374828,35.759361267089844,21753200.0
2016-09-13,35.49855900051965,35.60197620193863,35.138854303893424,35.25126266479492,18474400.0
2016-09-14,35.260265502977106,35.4626026778753,35.15235440129065,35.25577163696289,14711400.0
2016-09-15,35.14785653600436,35.5345416937574,35.09390270125037,35.512062072753906,11544200.0
2016-09-16,35.39018771011124,35.466916020637484,35.281861743297924,35.43532180786133,10703000.0
2016-09-19,35.493990826767835,35.65196186855643,35.32699090058536,35.408233642578125,6254800.0
2016-09-20,35.55266977330937,35.602318313887736,35.34505016885023,35.43532180786133,6684400.0
2016-09-21,35.489488414743576,35.79640516147549,35.38568031359827,35.778350830078125,12031800.0
2016-09-22,35.98596725987933,36.10782966987031,35.927289832818765,36.04012680053711,9642800.0
2016-09-23,35.94083467702101,36.076240434370405,35.94083467702101,35.95888900756836,7782400.0
2016-09-26,35.85958286901465,35.85958286901465,35.51656100564525,35.56169509887695,11856600.0
2016-09-27,35.60683313741519,35.92277526855469,35.54815915406384,35.92277526855469,10275000.0
2016-09-28,35.9453549478392,36.04013761594494,35.80994916853841,36.0220832824707,8260600.0
2016-09-29,35.981452051891345,36.18907165485704,35.73320935078514,35.83702087402344,12722200.0
2016-09-30,35.9950051129525,36.234219016032746,35.92730222027586,36.12589645385742,9578800.0
2016-10-03,35.98596548473438,36.18455619653496,35.94985683040307,36.10331344604492,15452200.0
2016-10-04,36.13491506039989,36.252266489262155,35.90473008978083,35.97694396972656,17878200.0
2016-10-05,36.11235656402453,36.27032768459524,36.06722245007749,36.12589645385742,14270600.0
2016-10-06,36.07623723027624,36.22518286142975,35.93180604223649,36.1529655456543,14525000.0
2016-10-07,36.256779394885456,36.292888055082386,35.9002141233413,35.990482330322266,17384200.0
2016-10-10,36.16198550498132,36.207119594443654,36.026579793084,36.04914855957031,5941000.0
2016-10-11,36.07623108347299,36.07623108347299,35.53912608031826,35.61134338378906,16851800.0
2016-10-12,35.64746295359259,35.909242150075286,35.60232540334337,35.778350830078125,7596400.0
2016-10-13,35.52559126668183,35.74223976450175,35.290891883928715,35.647457122802734,8056000.0
2016-10-14,35.76029065217886,35.87763861050896,35.58877627021673,35.60683059692383,6949200.0
2016-10-17,35.593290571902926,35.597805014439516,35.304428232753935,35.313453674316406,7257200.0
2016-10-18,35.679063339691695,35.74676278974395,35.49852343802385,35.54817199707031,7900400.0
2016-10-19,35.606833897108345,35.74675063766805,35.51656569871712,35.70613098144531,6512200.0
2016-10-20,35.62489928885439,35.72419640402822,35.494007950080885,35.6384391784668,9819000.0
2016-10-21,35.46691639984069,35.97693825254044,35.46691639984069,35.92277526855469,9595400.0
2016-10-24,36.10331432833607,36.20261140841838,36.02658601864006,36.18004608154297,7136600.0
2016-10-25,36.01755801809772,36.01755801809772,35.737721125335774,35.755775451660156,9267600.0
2016-10-26,35.59781443923292,35.75127109099871,35.53011155730205,35.602325439453125,8653000.0
2016-10-27,35.69259522629948,35.746754774197015,35.24124729509239,35.30443572998047,10670400.0
2016-10-28,35.11486777648183,35.4624041421504,35.092299004219335,35.22319030761719,10012200.0
2016-10-31,35.272835799117885,35.34053866653487,35.178053162138454,35.250267028808594,11798000.0
2016-11-01,35.340544180027855,35.40373261453886,34.72219627829997,35.00203323364258,23891800.0
2016-11-02,34.91176416797928,35.06522426566768,34.699630074901826,34.78990173339844,19390400.0
2016-11-03,34.85309083792259,35.0200873831838,34.61838796486268,34.69963073730469,17801600.0
2016-11-04,34.66803270684236,34.92981532744059,34.57776450005535,34.631927490234375,17824400.0
2016-11-07,35.12840676407484,35.43532346403538,35.02008079219859,35.430809020996094,14287400.0
2016-11-08,35.43082129725842,35.724198213263016,35.34055306626268,35.575252532958984,10650400.0
2016-11-09,34.830515117378035,35.710645550602074,34.74476136165668,35.647457122802734,22851200.0
2016-11-10,35.787379717532616,36.17553923379684,35.50754274614094,35.778350830078125,33370400.0
2016-11-11,35.64293825875551,36.0310976633829,35.62036949012181,35.981449127197266,12078600.0
2016-11-14,36.14845545117325,36.25678143786796,35.94083580860905,35.9859733581543,12659400.0
2016-11-15,36.11235656402453,36.17554501225281,35.93633110917257,36.12589645385742,12020400.0
2016-11-16,36.04915945858731,36.32448196411133,35.99951091211502,36.32448196411133,7986400.0
2016-11-17,36.35607676191388,36.76228713989258,36.283859440977245,36.76228713989258,11402200.0
2016-11-18,36.73972386569507,36.820966634539445,36.604318103117244,36.649452209472656,8587200.0
2016-11-21,36.71715743896421,36.888671875,36.66750888574456,36.888671875,9526800.0
2016-11-22,37.00150561204705,37.358067454122775,36.965396950428,37.326473236083984,11500200.0
2016-11-23,37.26328225478884,37.38514811855138,37.23620248217995,37.362579345703125,8874400.0
2016-11-25,37.42125612646591,37.49347000000331,37.36257869548612,37.452850341796875,8542600.0
2016-11-28,37.36257642626507,37.367090869184224,37.078228505556325,37.15495681762695,10293600.0
2016-11-29,37.1955832130439,37.31293119125297,37.154960110193606,37.25425720214844,8735200.0
2016-11-30,37.23620598918201,37.25426032045876,36.9338036881975,36.94282913208008,10133200.0
2016-12-01,36.91123173368458,37.150445576350336,36.84352885810659,36.960880279541016,18732200.0
2016-12-02,36.965397811603765,37.06469491161371,36.712640617893484,36.75777816772461,15315000.0
2016-12-05,36.91123069688019,37.22266184968432,36.75325962064302,37.15947341918945,16210400.0
2016-12-06,37.18655001671885,37.24973844181945,37.0782274941908,37.24522399902344,14066600.0
2016-12-07,37.26328305845799,37.98544248304191,37.218148955299334,37.96738815307617,15944200.0
2016-12-08,37.980928039672634,38.066681802620685,37.88163094661678,37.96738815307617,11211800.0
2016-12-09,38.057656991051616,38.057656991051616,37.85906280164376,38.05314254760742,9603200.0
2016-12-12,37.97640787111739,38.03959629471572,37.65595131043704,37.7371940612793,11884400.0
2016-12-13,37.877100933364815,38.22012617468598,37.75523856057844,38.0756950378418,9648400.0
2016-12-14,38.066678752883014,38.143410509967794,37.75073661257298,37.81843948364258,16914600.0
2016-12-15,37.88164005147785,37.98996261379625,37.70561459639338,37.728179931640625,12218800.0
2016-12-16,37.83804095527816,37.85620217853807,37.48844693324762,37.542930603027344,19737400.0
2016-12-19,37.629198747842956,37.842588829064724,37.54293725195526,37.642822265625,7572200.0
2016-12-20,37.69729542018184,37.992409233320124,37.69275424843841,37.942466735839844,8068400.0
2016-12-21,37.937921197224334,37.96516476064986,37.8380362137611,37.92430114746094,5405600.0
2016-12-22,37.856208867063984,37.869832384840315,37.45667227645241,37.51569366455078,8922000.0
2016-12-23,37.50660866966831,37.57925009980266,37.388562448813396,37.433963775634766,5674000.0
2016-12-27,37.461207577996674,37.72907783265364,37.461207577996674,37.57925033569336,12202200.0
2016-12-28,37.66098029294036,37.697302746148274,37.31138620653854,37.320465087890625,7715400.0
2016-12-29,37.34770532874944,37.447590334212705,37.18425776779128,37.2705192565918,5132600.0
2016-12-30,37.38855881710568,37.38855881710568,36.843736020371814,36.95724105834961,9618200.0
2017-01-03,37.25236078381781,37.38402360061368,36.948164601018625,37.175174713134766,28101000.0
2017-01-04,37.33862669175245,37.71092318114573,37.302307702077364,37.67006301879883,10987600.0
2017-01-05,37.4385110656915,37.656442319507285,37.42943218440323,37.642822265625,8793400.0
2017-01-06,37.63372781207181,37.94246163503655,37.4929826820389,37.828956604003906,13076200.0
2017-01-09,37.8153490318012,37.89707281966568,37.729084071305415,37.79718780517578,7711200.0
2017-01-10,37.78810143603286,38.07413290493099,37.72907659522118,37.933387756347656,10349600.0
2017-01-11,37.90615028956864,38.01511764526367,37.78356634428631,38.01511764526367,10777400.0
2017-01-12,37.92885921331743,38.02420306802893,37.674608934086756,37.97880172729492,8564600.0
2017-01-13,38.001494929004515,38.155863620876964,38.001494929004515,38.11954116821289,5616800.0
2017-01-17,38.01057141165988,38.31022294017319,38.006030239802335,38.18309783935547,8651800.0
2017-01-18,38.19672929149578,38.19672929149578,37.98334264509097,38.11500549316406,5820200.0
2017-01-19,38.16948231976267,38.30114860807143,37.910690915541906,37.99695587158203,8326000.0
2017-01-20,38.133155172807086,38.20580006661135,37.98333114115937,38.10591506958008,10983800.0
2017-01-23,37.933385494472326,38.14677205853979,37.89706305058467,38.13315200805664,17105800.0
2017-01-24,38.19218000584321,38.487290361129546,38.12407628389283,38.44643020629883,9594400.0
2017-01-25,38.59626033269052,38.723385441583694,38.56901676371382,38.68252182006836,7338200.0
2017-01-26,38.7143068739223,38.88229562071833,38.62350420554051,38.74155044555664,7809800.0
2017-01-27,38.76878884797782,38.81873135256092,38.47821616525775,38.618961334228516,9021600.0
2017-01-30,38.559938754526684,38.605340085314396,38.22396475001824,38.57355880737305,7579200.0
2017-01-31,38.40103275121816,38.5145378112793,38.23758518761817,38.5145378112793,9490000.0
2017-02-01,38.57809433819997,38.646198056372214,38.30114175782542,38.44188690185547,10413600.0
2017-02-02,38.38287036848743,38.578099204461346,38.337469038611985,38.41011047363281,8162000.0
2017-02-03,38.29205711355706,38.42372337040473,38.21941569206452,38.36016082763672,7304200.0
2017-02-06,38.251207127108124,38.3420097940755,38.18310339493274,38.246665954589844,7878400.0
2017-02-07,38.264814975074515,38.32383980728534,38.16947116600157,38.21033477783203,11451200.0
2017-02-08,38.21034122928993,38.49183153296602,38.21034122928993,38.44643020629883,8259800.0
2017-02-09,38.44643873697147,38.78241278553517,38.44643873697147,38.687068939208984,7058400.0
2017-02-10,38.74155554311662,38.93678442333518,38.723394314270685,38.92316436767578,7652000.0
2017-02-13,39.01395295951186,39.06843662637485,38.9140679688792,38.96855163574219,8817600.0
2017-02-14,38.95038703824217,39.191017150878906,38.9367669886814,39.191017150878906,6336200.0
2017-02-15,39.12745828481437,39.40895203646735,39.05935456671618,39.395328521728516,9509800.0
2017-02-16,39.35448213599561,39.39534230280863,39.12293079902125,39.19557571411133,6165000.0
2017-02-17,39.10021633937466,39.32268524169922,39.09567516800919,39.32268524169922,7757200.0
2017-02-21,39.495210398317774,39.63595899499369,39.39986658605914,39.5496940612793,7182800.0
2017-02-22,39.50883044808347,39.59509538179787,39.46797029878637,39.5496940612793,4491200.0
2017-02-23,39.599646081888025,39.64504741333153,39.250048555583966,39.281829833984375,6937400.0
2017-02-24,39.21372708761963,39.463436126708984,39.12746213860548,39.463436126708984,9692600.0
2017-02-27,39.477057376211015,39.536082222652716,39.34539455853207,39.50883865356445,6904800.0
2017-02-28,39.404413696962,39.41349257687475,39.1819447681577,39.21372604370117,8179000.0
2017-03-01,39.63596363970952,39.7630887376181,39.508835077901814,39.65412139892578,17269600.0
2017-03-02,39.635966740419434,39.69498812223732,39.52699939320263,39.558780670166016,7870800.0
2017-03-03,39.51793234813931,39.59965615107774,39.354484742262464,39.49977111816406,6563000.0
2017-03-06,39.37263107299805,39.413491227054905,39.22280358032467,39.37263107299805,5205400.0
2017-03-07,39.372635212504015,39.377176384731925,39.2001053068382,39.24551010131836,6147800.0
2017-03-08,39.30453605975551,39.48160369436053,39.29091600538588,39.40896224975586,5219000.0
2017-03-09,39.37263107299805,39.48613611946592,39.25912602653018,39.37263107299805,5493800.0
2017-03-10,39.54516859149667,39.58149104789288,39.34993971824217,39.431663513183594,7013200.0
2017-03-13,39.45436324671711,39.54970709038545,39.40896191124168,39.53608703613281,4982200.0
2017-03-14,39.495222961081396,39.59056680366729,39.39533794582956,39.52700424194336,7785600.0
2017-03-15,39.60419226386829,39.81304118604606,39.47706367028618,39.73585510253906,7473800.0
2017-03-16,39.76308162279442,39.84026420930015,39.68589903628868,39.731300354003906,12529400.0
2017-03-17,39.77730178015962,39.859270029553684,39.66345718234905,39.781856536865234,9428600.0
2017-03-20,39.813742760496936,39.82284880190539,39.60882382331535,39.68623733520508,5278000.0
2017-03-21,39.78185104752111,39.84104897948,39.157981486870455,39.185306549072266,9291400.0
2017-03-22,39.153429110489725,39.28548576468621,39.003153432494074,39.23084259033203,12202200.0
2017-03-23,39.2991592803586,39.526848491776065,39.20808151123463,39.32192611694336,7274000.0
2017-03-24,39.36290595445489,39.54505451628936,39.249061366177784,39.41754913330078,6622200.0
2017-03-27,39.180765659389195,39.47220761477209,39.030489924008656,39.403900146484375,9808200.0
2017-03-28,39.399334923151805,39.790960598094216,39.33103094726983,39.70444107055664,8310000.0
2017-03-29,39.70443558364902,39.9685523605029,39.6634497295226,39.94123077392578,9123400.0
2017-03-30,39.868373648362514,40.050522198519346,39.83194254862679,40.04597091674805,9365200.0
2017-03-31,39.9822369229585,40.150724758055816,39.96857264847323,40.050540924072266,4758600.0
2017-04-03,40.055076456642894,40.077846762259895,39.66345082500425,39.89113998413086,12312000.0
2017-04-04,39.7772968686353,39.88658669624562,39.74086576801153,39.827388763427734,8648800.0
2017-04-05,39.977670502129754,40.1916989078812,39.67711908785883,39.73176574707031,8701800.0
2017-04-06,39.75453311685496,39.98222230200473,39.74086884736652,39.854713439941406,5827800.0
2017-04-07,39.754539865118126,39.872935760025406,39.68167764585657,39.736324310302734,7816600.0
2017-04-10,39.74996276517919,40.01863423060213,39.73630197531157,39.882022857666016,4796200.0
2017-04-11,39.86837042510416,39.932123107356986,39.563264332310666,39.850154876708984,10938200.0
2017-04-12,39.81829368205036,39.868385590626396,39.658908441529185,39.69078826904297,4923200.0
2017-04-13,39.63157786529992,39.76819276214392,39.41299819946289,39.41299819946289,9377600.0
2017-04-17,39.51317316796439,39.81827926635742,39.51317316796439,39.81827926635742,6955200.0
2017-04-18,39.72265369954955,39.886586703865866,39.62246990994553,39.82283401489258,5108400.0
2017-04-19,39.954908700857104,40.11429048133834,39.82740327647211,39.85927963256836,7473000.0
2017-04-20,40.02777265797813,40.35564574871166,40.01411185824131,40.278228759765625,8772400.0
2017-04-21,40.22358015843168,40.264562552137875,40.08696523088719,40.18714904785156,7704800.0
2017-04-24,40.610652838742816,40.62431363721156,40.401179155610585,40.44671630859375,8486000.0
2017-04-25,40.58332003577504,40.824670006779165,40.58332003577504,40.76546859741211,10809200.0
2017-04-26,40.870210697337164,41.12977624190411,40.815564039542544,40.95673370361328,8164400.0
2017-04-27,41.16620600336517,41.23451345481341,41.061467447909685,41.17531204223633,7328000.0
2017-04-28,41.26183876172283,41.33925225901408,40.961287337987464,41.01137924194336,10119600.0
2017-05-01,41.10245206848434,41.220847941544086,41.015929067642745,41.06602096557617,11827800.0
2017-05-02,41.08880161157779,41.111568450927734,40.87021841339352,41.111568450927734,7921200.0
2017-05-03,41.07969771068631,41.18898758758378,40.75182460573136,40.87022399902344,5633400.0
2017-05-04,40.90208656384892,40.90208656384892,40.651627061401655,40.80645751953125,10679200.0
2017-05-05,40.97039193401429,41.061466217041016,40.77002434224205,41.061466217041016,6438600.0
2017-05-08,41.20718913603506,41.216298649332515,40.99316073894262,41.13888168334961,5012400.0
2017-05-09,41.22995427528066,41.40755154543747,41.152540793265835,41.375675201416016,20515600.0
2017-05-10,41.207191076880825,41.24817694012707,41.08424043566517,41.23451614379883,7037000.0
2017-05-11,41.15709709250661,41.15709709250661,40.73814981307661,40.988609313964844,8703200.0
2017-05-12,41.02958900617787,41.02958900617787,40.87931331551458,40.929405212402344,6461600.0
2017-05-15,40.93852233886719,41.1115648948596,40.89298518984411,40.93852233886719,7904400.0
2017-05-16,40.961280689691016,40.99315703482905,40.7700226188628,40.79734420776367,8396600.0
2017-05-17,40.546888016903225,40.65162309005017,40.13249205774857,40.137046813964844,16578800.0
2017-05-18,40.13704547854521,40.555992705716086,40.13704547854521,40.36928939819336,13043600.0
2017-05-19,40.43760581624092,40.774584880335446,40.392065194008886,40.64252471923828,7390000.0
2017-05-22,40.719922014879565,40.8929679722745,40.697155187084654,40.84742736816406,5893400.0
2017-05-23,40.87932268507279,40.96584570393934,40.628866617490466,40.69261932373047,4178000.0
2017-05-24,40.678962791661014,40.8520053732783,40.53324180865111,40.83834457397461,7648000.0
2017-05-25,40.97040037089418,41.32559501180798,40.97040037089418,41.198089599609375,6603800.0
2017-05-26,41.252741259083585,41.343819053822706,41.20720409884534,41.321048736572266,4648000.0
2017-05-30,41.32103274088131,41.45309288643456,41.316481458603164,41.352909088134766,5277800.0
2017-05-31,41.42577287431104,41.48041605782135,41.13433098138469,41.46220397949219,10207200.0
2017-06-01,41.56694161677969,41.85383224487305,41.443990972069415,41.85383224487305,10295000.0
2017-06-02,41.87659921215643,42.054196518549304,41.81740126811268,42.00410461425781,6268800.0
2017-06-05,42.04964053704799,42.0860716435194,41.8128452935069,41.8902587890625,10998600.0
2017-06-06,41.74453452474128,41.83105752717935,41.4986297869657,41.5305061340332,7127400.0
2017-06-07,41.594264966831034,41.67623322485346,41.507745425885304,41.60337448120117,9343000.0
2017-06-08,41.60792371533875,41.65346085835954,41.28005072677099,41.334693908691406,10397600.0
2017-06-09,41.37568420033268,41.434882145173106,40.783690854881705,41.152549743652344,21978000.0
2017-06-12,41.02048996484981,41.23906966649785,40.961288545196275,41.12977981567383,12873200.0
2017-06-13,41.22540676506306,41.443989929815174,41.211745968690096,41.384788513183594,8329600.0
2017-06-14,41.53506494741886,41.59881764778082,41.14799398828937,41.362022399902344,9618800.0
2017-06-15,41.056927209644996,41.22086027325186,40.85655955796893,41.18898391723633,7170200.0
2017-06-16,41.337426703015815,41.337426703015815,40.944606678762156,41.17755889892578,15423200.0
2017-06-19,41.35112487222733,41.5566721574791,41.24607039108532,41.49272155761719,6839600.0
2017-06-20,41.41963333306229,41.42876714008606,40.96286631504655,40.97200012207031,6705000.0
2017-06-21,41.07707200882021,41.09991176141386,40.88979579515186,41.03596115112305,6252400.0
2017-06-22,41.03137699812854,41.09532409396604,40.930887708996664,40.94002151489258,7317800.0
2017-06-23,40.94003806086849,40.94003806086849,40.75733399026716,40.889793395996094,7845200.0
2017-06-26,41.09077446643361,41.15929023935757,40.908066900255385,41.03596115112305,9417400.0
2017-06-27,40.94917553166138,41.10447468931267,40.71165466308594,40.71165466308594,8029800.0
2017-06-28,40.83041860743337,41.16842535038694,40.803013691340595,41.12274932861328,10061600.0
2017-06-29,41.04507725899957,41.086184610620506,40.40560284989526,40.725341796875,9803400.0
2017-06-30,40.92631906362102,41.11816035113351,40.85323816188761,40.94002151489258,9313600.0
2017-07-03,41.05423257795602,41.25521125081278,40.88066230539783,40.89893341064453,5614600.0
2017-07-05,40.89436735024418,40.90350464587409,40.60660526533196,40.79844665527344,7970200.0
2017-07-06,40.54722259688084,40.67055169175062,40.35538121025803,40.382789611816406,7244800.0
2017-07-07,40.469566066305845,40.77559919982058,40.469566066305845,40.74362564086914,5159400.0
2017-07-10,40.775592888593536,40.894353296970024,40.65683596507307,40.830406188964844,5400200.0
2017-07-11,40.78474167343505,40.81214658891487,40.52438452180577,40.748199462890625,6424600.0
2017-07-12,40.976581515437964,41.11817821991839,40.94917660098546,41.058799743652344,6067800.0
2017-07-13,41.177553894175496,41.22322990624161,41.031388564650115,41.06336212158203,6623400.0
2017-07-14,41.191258837191405,41.246072145895184,41.01311993997482,41.19582748413086,8280000.0
2017-07-17,41.195832533051956,41.364834157102315,41.195832533051956,41.296321868896484,6354400.0
2017-07-18,41.2597742621645,41.48815781926512,41.22780070356467,41.48358917236328,6980000.0
2017-07-19,41.561245036176025,41.73025014855967,41.52927147273664,41.684574127197266,5311600.0
2017-07-20,41.725672546623905,41.75764610320176,41.45618163901863,41.5977783203125,9199000.0
2017-07-21,41.40135682753694,41.62517166137695,41.40135682753694,41.62517166137695,6633800.0
2017-07-24,41.6388918033171,41.6388918033171,41.437913157914466,41.48358917236328,4081800.0
2017-07-25,41.6388852168541,41.88553635283361,41.57036946359047,41.77591323852539,10096800.0
2017-07-26,41.8444353342965,41.8535691431833,41.71197245387054,41.75764846801758,5728800.0
2017-07-27,41.935795925876576,42.27380616627061,41.711980971453556,42.063690185546875,13275200.0
2017-07-28,41.65260165970556,41.79419837511176,41.58408588343067,41.743953704833984,7833400.0
2017-07-31,41.89467629244484,41.95405475710216,41.59320835297802,41.73023986816406,6261200.0
2017-08-01,41.85357795406674,41.88555151918629,41.67087385901631,41.8033332824707,8750800.0
2017-08-02,41.78505302694519,41.80332064304115,41.44247772501902,41.68912887573242,5776000.0
2017-08-03,41.64802031479321,41.79418563335167,41.56123345897984,41.57493591308594,7191400.0
2017-08-04,41.666300424383266,41.666300424383266,41.41051193281292,41.57951354980469,4898800.0
2017-08-07,41.65260928360725,41.734827533214535,41.59779595558312,41.675445556640625,6939400.0
2017-08-08,41.675444391917075,41.917530485423455,41.57495503577683,41.69828414916992,6050200.0
2017-08-09,41.2049648712672,41.483593116207665,41.12731529083641,41.4561882019043,9796200.0
2017-08-10,41.282602110731695,41.351117860864974,40.82583508965093,40.8349723815918,9809800.0
2017-08-11,40.73449932814496,41.1318880495495,40.73449932814496,41.045101165771484,9839200.0
2017-08-14,41.27346668618497,41.47444528273824,41.26432939460218,41.3374137878418,7508200.0
2017-08-15,41.31915178904952,41.35569399371685,40.95374019694564,40.95830535888672,6191400.0
2017-08-16,41.10904422297878,41.24607576433145,40.994852433470506,41.16842269897461,4905400.0
2017-08-17,41.063376739658274,41.10905276798452,40.51068878173828,40.51068878173828,9791400.0
2017-08-18,40.42389179694416,40.53351493453193,40.26402399528352,40.30970001220703,13575600.0
2017-08-21,40.296002729119685,40.43759944521883,40.145268717548696,40.382789611816406,21101400.0
2017-08-22,40.50154855824315,40.86239508020117,40.47871228815912,40.81671905517578,8771200.0
2017-08-23,40.54265075752558,40.61573168497972,40.40105057988768,40.469566345214844,9681600.0
2017-08-24,40.67055169175062,40.76647238506202,40.31883899808498,40.382789611816406,5531800.0
2017-08-25,40.50153220800412,40.656834812224446,40.41018019483164,40.48326110839844,6489200.0
2017-08-28,40.61574576071168,40.64315416725511,40.451309260882255,40.50612258911133,4368400.0
2017-08-29,40.24575143101226,40.51524236048076,40.18180431266867,40.469566345214844,5511200.0
2017-08-30,40.492399525631704,40.81213506547455,40.45128867916276,40.76189041137695,4512800.0
2017-08-31,40.87608230461774,40.99027406705035,40.81670384270095,40.9537353515625,7988200.0
2017-09-01,41.0587958786462,41.21409851059058,41.03595612884785,41.141014099121094,4863800.0
2017-09-05,41.026813418780286,41.20038363107819,40.73448280603867,40.97200012207031,9911000.0
2017-09-06,41.035942245050485,41.278031662494,40.949158891862794,41.227787017822266,6009400.0
2017-09-07,41.31458600486958,41.36939931566849,40.775600645678765,40.871524810791016,10708000.0
2017-09-08,40.78930902444973,40.82584774897574,40.661411291609554,40.72992706298828,5180000.0
2017-09-11,40.876091011979966,40.98571763636411,40.84411745108211,40.94460678100586,6703200.0
2017-09-12,41.04508587179892,41.18668253690135,40.9902725732806,41.12730407714844,5440200.0
2017-09-13,41.10446296191305,41.42420196533203,41.10446296191305,41.42420196533203,6583200.0
2017-09-14,41.323722753212,41.42877724145127,41.18669122045327,41.20039367675781,7033800.0
2017-09-15,41.121544684293056,41.24072526139846,41.061956144332996,41.08487319946289,7822200.0
2017-09-18,41.21323123630068,41.24531791733456,40.851108123383504,40.94278335571289,13139200.0
2017-09-19,40.94735751865686,41.01611567361721,40.75483748251592,40.90610122680664,12801000.0
2017-09-20,40.96571581687566,41.075726827076906,40.823614619129295,41.04364013671875,7419800.0
2017-09-21,41.02987601042862,41.07571362518117,40.90611060369232,40.97486877441406,8415200.0
2017-09-22,40.8694557458012,41.06655720286774,40.86028612159203,41.04364013671875,6232600.0
2017-09-25,41.02987450331691,41.12154972945459,40.82359999872857,40.9565315246582,14335200.0
2017-09-26,41.07572022405028,41.1582293427344,40.87403049011433,40.961124420166016,6145800.0
2017-09-27,41.06655317245241,41.263658107361344,40.8877839869753,41.185733795166016,10458200.0
2017-09-28,41.12612974524907,41.17196735297395,41.06195639499716,41.13529586791992,7199600.0
2017-09-29,41.13987808129539,41.33698292953886,41.12154233992565,41.29114532470703,6944000.0
2017-10-02,41.341585344064804,41.46076246794092,41.281993284940185,41.36908721923828,5859400.0
2017-10-03,41.43784012353283,41.55243591840035,41.40575344085737,41.54326629638672,9831200.0
2017-10-04,41.575343579991774,41.786202872402164,41.52950597184464,41.758697509765625,9863400.0
2017-10-05,41.8228782048583,42.006232166829776,41.76787446429702,41.99248123168945,14441000.0
2017-10-06,41.923727103486186,42.10249627192939,41.923727103486186,42.04290771484375,6266400.0
2017-10-09,42.11623650408781,42.12082131414028,41.86870921903527,41.90996551513672,8540200.0
2017-10-10,41.937486831630764,42.065833595143864,41.767887250068604,41.86872863769531,5513400.0
2017-10-11,41.89163589477539,41.93747351044331,41.78620972845777,41.89163589477539,7685600.0
2017-10-12,41.7357878106183,41.74495393498921,41.520347167449444,41.612022399902344,9168000.0
2017-10-13,41.68995146356184,41.85038838447588,41.63952903079223,41.813716888427734,5460200.0
2017-10-16,41.83206063182516,41.8870643892239,41.74038187418221,41.86872863769531,8655600.0
2017-10-17,41.859549214089256,41.96039406687022,41.78620972845777,41.89163589477539,5546400.0
2017-10-18,41.92831350485944,41.946649253239556,41.767880078016425,41.77704620361328,9051200.0
2017-10-19,41.60286183978179,41.78163101500491,41.502016972284345,41.77704620361328,9002000.0
2017-10-20,41.94204962981236,41.98330242620919,41.82745386579648,41.87787628173828,9602800.0
2017-10-23,41.92372926047395,41.960400757730156,41.561606093738455,41.593692779541016,5821200.0
2017-10-24,41.63952706028871,41.763292479297654,41.63952706028871,41.69453430175781,7404000.0
2017-10-25,41.61202005707645,41.676193415617604,41.30948900926612,41.534095764160156,9367200.0
2017-10-26,41.53409984173706,41.832049605463816,41.49742834834599,41.680782318115234,7133000.0
2017-10-27,41.99248349572647,42.37752368915877,41.795378587987706,42.35460662841797,11891200.0
2017-10-30,41.99248345102161,42.258346535072,41.99248345102161,42.162086486816406,8670800.0
2017-10-31,42.20792042472476,42.25375803934646,42.129996130149294,42.166664123535156,6375200.0
2017-11-01,42.30418534252893,42.44169820225014,42.162087671661155,42.180419921875,8834400.0
2017-11-02,42.0658296249874,42.11625206263542,41.71287605863799,41.86414337158203,9183600.0
2017-11-03,41.84121708187398,42.052072929905044,41.740372220383854,42.03373718261719,7388000.0
2017-11-06,41.95122237318233,42.35918657487675,41.95122237318233,42.340850830078125,7695800.0
2017-11-07,42.29043101050987,42.42336254559681,42.02915275111441,42.088741302490234,4865600.0
2017-11-08,42.024571531749,42.15750307819625,41.983315225589244,42.13458251953125,5451600.0
2017-11-09,41.89622607172455,42.258349227099245,41.795381206026995,42.19875717163086,6882600.0
2017-11-10,42.18499874788266,42.395854567288275,42.148327258285406,42.340850830078125,5021200.0
2017-11-13,42.20791533676283,42.57003839383794,42.12540624151552,42.48294448852539,11429400.0
2017-11-14,42.3500159754575,42.52878511163179,42.230835385612764,42.51961898803711,8378200.0
2017-11-15,42.31334882154881,42.47836704064373,42.09332686087958,42.33626937866211,6730600.0
2017-11-16,42.40501754219941,42.725884282922046,42.37293086812715,42.689212799072266,8186600.0
2017-11-17,42.785488005885576,42.95050624458949,42.75340132042573,42.877166748046875,9372800.0
2017-11-20,42.94591627155544,43.05134243230173,42.86340716883909,42.95966720581055,4895200.0
2017-11-21,43.06968044188481,43.2530344016947,43.01009189125061,43.22553253173828,10030000.0
2017-11-22,43.24386792457848,43.35388240677527,43.21636605262236,43.266788482666016,6394600.0
2017-11-24,43.36762297028657,43.39512483566492,43.308034429571705,43.37678909301758,3472400.0
2017-11-27,43.49139124654663,43.58765128668789,43.33095784631119,43.40888214111328,7848200.0
2017-11-28,43.47763699938132,43.89018249511719,43.42263326474025,43.89018249511719,11609400.0
2017-11-29,43.926861524094555,44.19730592500289,43.85810334680367,44.078128814697266,12693400.0
2017-11-30,44.15146328689552,44.486084513173374,44.04603362740953,44.302730560302734,14963400.0
2017-12-01,44.256887630237564,44.42648713109232,43.66098822928395,44.28438949584961,23560200.0
2017-12-04,44.73362509127326,45.091167007089936,44.71529283658356,44.79780197143555,13545800.0
2017-12-05,44.78403827570512,44.88946795290267,44.527344796874715,44.54109573364258,14968400.0
2017-12-06,44.4814994573739,44.56859337137405,44.22480602308176,44.2523078918457,11436000.0
2017-12-07,44.366912841796875,44.44942196232267,44.156056977605736,44.366912841796875,7902800.0
2017-12-08,44.490668683686316,44.66485652383321,44.38065770377344,44.577762603759766,11586800.0
2017-12-11,44.6144455511469,44.68778505752384,44.52276679669211,44.674034118652344,6692800.0
2017-12-12,44.79779341787798,44.83446141744319,44.67861280202842,44.69236373901367,5518000.0
2017-12-13,44.78403053199422,44.8344529562153,44.66485343582236,44.729026794433594,6905800.0
2017-12-14,44.77946000770704,44.99948200533262,44.74278850904058,44.86655044555664,8494600.0
2017-12-15,45.07443234719951,45.180220824258,44.95484613597862,45.06063461303711,13464200.0
2017-12-18,45.34578780632255,45.53896657208363,45.29059688103708,45.46537399291992,12016600.0
2017-12-19,45.51599073091386,45.57118519283428,45.327415793591655,45.40560531616211,11969400.0
2017-12-20,45.561968471944944,45.594164352898204,45.29980101015757,45.318199157714844,4929000.0
2017-12-21,45.377999387927645,45.71375597061445,45.34120308845592,45.61256790161133,4719800.0
2017-12-22,45.552783920571564,45.552783920571564,45.43779809792546,45.52518844604492,6443800.0
2017-12-26,45.47000185890438,45.67697497185954,45.47000185890438,45.626380920410156,2996000.0
2017-12-27,45.70914755061191,45.713747964512244,45.4929772245232,45.53437042236328,3733800.0
2017-12-28,45.695369459478506,45.695369459478506,45.56198547173682,45.658573150634766,8391600.0
2017-12-29,45.67235791010386,45.73214925857282,45.359596416020324,45.39179229736328,5261200.0
2018-01-02,45.58497508560221,46.08171463012695,45.58497508560221,46.08171463012695,9791200.0
2018-01-03,46.12770553146591,46.33008166931646,46.118504702060925,46.29328536987305,10638000.0
2018-01-04,46.4726676469037,46.50486353490325,46.205899712571096,46.445072174072266,6914800.0
2018-01-05,46.65205078378733,46.83602881240559,46.546262276877904,46.81303024291992,8588800.0
2018-01-08,46.83601776932913,46.94640315683762,46.77622290640055,46.86821365356445,5340000.0
2018-01-09,47.00620251969661,47.070594299138456,46.803829859631726,46.960208892822266,6321800.0
2018-01-10,46.79002816425265,46.99240080719771,46.679639258186064,46.928009033203125,5677800.0
2018-01-11,47.04299520717145,47.69611378219248,46.99700158383406,47.6915168762207,7245400.0
2018-01-12,47.78350719488833,48.326240406974144,47.723715831614605,48.30784225463867,8075600.0
2018-01-16,48.55160595039216,48.76317941385743,47.83869605353732,47.9628791809082,18503200.0
2018-01-17,48.18824779099585,48.28943585701901,47.889287516585114,48.192848205566406,13312200.0
2018-01-18,48.17445379669617,48.257243719953195,48.02727210080463,48.151458740234375,6584600.0
2018-01-19,48.38143241323766,48.57460773934177,48.23425071109806,48.57000732421875,7520800.0
2018-01-22,48.56542095531041,49.108154296875,48.52402773449706,49.108154296875,15504600.0
2018-01-23,49.370297381956384,49.58187432471898,49.273709738914945,49.52207946777344,8309800.0
2018-01-24,49.742862481569986,50.023428140805144,49.28751965309345,49.73366165161133,12927600.0
2018-01-25,49.94523486609107,49.98203116755986,49.43010068188182,49.64627456665039,10141600.0
2018-01-26,49.75665485734518,50.13380813598633,49.63247173898875,50.13380813598633,7832600.0
2018-01-29,50.083228520188904,50.29020161338872,49.88545274951591,49.9958381652832,12710400.0
2018-01-30,49.623284195021476,49.9406462066895,49.4623047358743,49.74747085571289,10568200.0
2018-01-31,49.9774299003988,50.152207053490905,49.4806904011836,49.58647537231445,18902200.0
2018-02-01,49.278319071943024,49.66007280812012,48.99315299628872,49.034549713134766,18706800.0
2018-02-02,49.246120495187675,49.669267416009255,48.4596180089579,48.56540298461914,21381400.0
2018-02-05,48.160657078238636,48.859772780306336,46.500261672188486,46.928009033203125,46093000.0
2018-02-06,45.99432724182366,48.225051411234375,45.87474100845009,48.12846374511719,44665000.0
2018-02-07,48.16525545907274,48.841372566549595,47.96747973041684,47.98127746582031,26274000.0
2018-02-08,48.04566672967496,48.16985336000182,46.0311167568721,46.06791305541992,31484000.0
2018-02-09,46.51866084643781,46.762430211792,44.66048966250611,46.37607955932617,42795200.0
2018-02-12,46.817620175340465,47.268362559982506,46.33927881167772,47.006195068359375,25119000.0
2018-02-13,46.81761416445696,47.36034722767313,46.73942467029485,47.249961853027344,10301600.0
2018-02-14,47.02460615847162,48.096274984207106,46.987813358132925,48.00428771972656,13462600.0
2018-02-15,48.29405294147566,48.432037353515625,47.77431820642529,48.432037353515625,11181600.0
2018-02-16,48.28025011123697,48.58381087299117,48.09167166860607,48.19746017456055,9497200.0
2018-02-20,48.068668230964605,48.570004670234155,47.86169167080113,48.050270080566406,11751400.0
2018-02-21,48.266443530815984,48.75858264504042,47.98127746582031,47.98127746582031,9906200.0
2018-02-22,48.21584587562411,48.409021174948705,47.89848394881365,48.04106521606445,8887600.0
2018-02-23,48.31703780465608,48.712589263916016,48.091663094994885,48.712589263916016,5986000.0
2018-02-26,48.896565893248415,49.12194061279297,48.776983174526414,49.12194061279297,7796800.0
2018-02-27,49.16793243895285,49.16793243895285,48.07326529571456,48.08246612548828,12569200.0
2018-02-28,48.340047413878544,48.54242361928865,47.857108981544556,47.86630630493164,12098800.0
2018-03-01,47.916882186437505,48.14685378389419,46.87740958338864,47.35115051269531,19060600.0
2018-03-02,46.8268235757472,47.47994569135406,46.58765461740558,47.39715576171875,14530800.0
2018-03-05,47.22237030423557,48.06406725236732,47.10738449741173,47.9628791809082,9988000.0
2018-03-06,48.18365908975746,48.317043062309466,47.866297103027215,48.294044494628906,15151800.0
2018-03-07,47.81569759827353,48.08246551289829,47.57652866352992,47.96747970581055,10527400.0
2018-03-08,48.15145858152364,48.202052618296634,47.972080999906076,48.1192626953125,8073000.0
2018-03-09,48.44582191844149,48.87816617435464,48.31243795883274,48.8643684387207,7249400.0
2018-03-12,49.025352478027344,49.22772864391774,48.910366658151204,49.025352478027344,8513200.0
2018-03-13,49.29672287846858,49.397910965602804,48.60220751512001,48.680397033691406,11325800.0
2018-03-14,48.93336705084179,48.99775883164696,48.49642232265113,48.62060546875,10245400.0
2018-03-15,48.71718902635835,48.822977519656455,48.48721739744719,48.57000732421875,7679600.0
2018-03-16,48.58385703968533,48.837572095851485,48.51466170441992,48.5192756652832,6693600.0
2018-03-19,48.33936323385518,48.35781555534072,47.564383328564944,47.91497039794922,11454800.0
2018-03-20,48.002604053231266,48.27015737727003,47.97954129597118,48.20096206665039,7413400.0
2018-03-21,48.26094599732402,48.528495874118455,48.01645536459053,48.1640739440918,10539400.0
2018-03-22,47.79040779086694,47.91034609492063,47.11691403942958,47.13998031616211,13813600.0
2018-03-23,47.27376557178407,47.398314338288635,46.198941637992164,46.2127799987793,17889200.0
2018-03-26,46.96008721737544,47.62435322854891,46.503400155381655,47.578224182128906,14560600.0
2018-03-27,47.77196386156541,47.87344986593678,46.346556398586664,46.646400451660156,12512600.0
2018-03-28,46.3788502687573,46.68791874374134,45.75148539807355,46.07900619506836,25948800.0
2018-03-29,46.129741283761426,46.95546407507115,45.79760658341115,46.724815368652344,15285000.0
2018-04-02,46.44342535058128,46.50800670916844,44.96727498370316,45.4055061340332,23776600.0
2018-04-03,45.67305591960379,46.231225343454014,45.327082874450525,45.98212432861328,14615800.0
2018-04-04,45.28556637875149,46.9185596499245,45.239437341142754,46.82630157470703,14885600.0
2018-04-05,47.22302177402007,47.60589598722425,46.960082365231514,47.453670501708984,8463000.0
2018-04-06,46.996987439489004,47.416769848509524,46.143587779150614,46.44343185424805,17529800.0
2018-04-09,46.77094522289187,47.04311253131775,46.28658152318513,46.33271408081055,8520200.0
2018-04-10,46.92778322899265,47.02004129567766,46.47571025562899,46.89549255371094,12824400.0
2018-04-11,46.70175181208861,47.176887611895765,46.591041411992805,46.75249481201172,9580200.0
2018-04-12,47.03849326189131,47.22762335301015,46.78939226039705,46.95545959472656,6114800.0
2018-04-13,47.20457207111057,47.287605758459854,46.52185025074746,46.69253158569336,8868400.0
2018-04-16,46.98315802918742,47.223034742735855,46.7709615637692,47.043128967285156,8481000.0
2018-04-17,47.49979591531636,48.0118363332296,47.49979591531636,47.91957473754883,8151000.0
2018-04-18,48.085655134799104,48.37627484075643,48.04414004504575,48.145626068115234,6596600.0
2018-04-19,48.1548272298933,48.265537601891936,47.76272520952455,47.99337387084961,16129000.0
2018-04-20,48.034899006720174,48.099480363871265,47.31066219916578,47.50440979003906,12510200.0
2018-04-23,47.587443381746105,47.91496412655046,47.3198900343555,47.605892181396484,14082000.0
2018-04-24,47.87343624891317,47.97030826568985,46.60486859394058,46.85396957397461,13404000.0
2018-04-25,46.766333953007056,47.163050039346615,46.3696178666675,47.047725677490234,18794600.0
2018-04-26,47.329114851703615,47.90112267025167,47.23224281529451,47.80886459350586,12969400.0
2018-04-27,48.44085666991936,48.551567096387735,47.91036378398437,48.02568817138672,8851200.0
2018-04-30,48.24709463734188,48.4961956621811,47.831929782029796,47.83654022216797,10006200.0
2018-05-01,47.679706050240135,47.92419314248702,47.306056231479445,47.901126861572266,11210800.0
2018-05-02,47.767359847282265,48.01184697102132,47.52286920412242,47.573612213134766,9553400.0
2018-05-03,47.37063615349586,47.48596051572022,46.75710970180136,47.36140823364258,14015400.0
2018-05-04,47.14459637269564,48.09948192081864,47.08462897323424,47.98415756225586,7979200.0
2018-05-07,48.23327020851263,48.28401322004737,47.9703307484785,48.145626068115234,6900000.0
2018-05-08,48.02105428875941,48.131764669299216,47.68430918812014,47.94263458251953,12194800.0
2018-05-09,48.016445834102655,48.14099810598008,47.71660533241097,48.108707427978516,8049600.0
2018-05-10,48.099480723736306,48.330129435121556,48.03489936610203,48.284000396728516,5861600.0
2018-05-11,48.28861456591149,48.445454001012344,48.22403320799701,48.3854866027832,8848200.0
2018-05-14,48.45929625610795,48.634588011890344,48.40855325743566,48.477745056152344,6649800.0
2018-05-15,48.21941285418459,48.283994203535265,47.97031185550929,48.19635009765625,9116000.0
2018-05-16,48.256327632191116,48.699172772011636,48.256327632191116,48.597686767578125,6478400.0
2018-05-17,48.49159048295114,48.78220661708286,48.316295194924095,48.43623352050781,12729000.0
2018-05-18,48.36242078560674,48.514649781896004,48.27016270753935,48.37626266479492,8217800.0
2018-05-21,48.60691296613454,48.76836636773309,48.48236068531552,48.64381408691406,17494600.0
2018-05-22,48.81910403399902,48.929814423081375,48.39471127633349,48.427001953125,5990200.0
2018-05-23,48.251705343201415,48.78219803517472,48.19173795066936,48.777584075927734,9254400.0
2018-05-24,48.72685072441235,48.966727380846145,48.48697758739897,48.88369369506836,10967000.0
2018-05-25,48.860620794654814,49.14662645568277,48.80987779803018,48.95749282836914,7681800.0
2018-05-29,48.717614247946265,48.929810610243706,48.3900935461772,48.5792236328125,11808200.0
2018-05-30,48.805265022490005,49.082042751203716,48.694551115468705,49.022071838378906,9843200.0
2018-05-31,49.040530944690694,49.054369305129,48.62075209390762,48.78681945800781,12867000.0
2018-06-01,48.999018097753016,49.19737615172789,48.94827509421848,49.14663314819336,10437400.0
2018-06-04,49.29423809883153,49.714016882749036,49.27117182216169,49.6955680847168,9414800.0
2018-06-05,49.723251396317394,50.03231983593683,49.62637935641071,49.98619079589844,9162000.0
2018-06-06,50.129199919603856,50.48901141682714,49.898551162981676,50.452110290527344,10920800.0
2018-06-07,50.57664609431369,50.77961807428014,50.43364502811177,50.59971237182617,10699800.0
2018-06-08,50.41981219780884,50.87188172349564,50.373679637725516,50.705814361572266,7687000.0
2018-06-11,50.710436329422805,51.01950482203456,50.710436329422805,50.90879440307617,6369200.0
2018-06-12,51.00104172787956,51.24552879784643,50.96875104919375,51.15327072143555,6976400.0
2018-06-13,51.1947921468719,51.49924663137868,51.13943518631602,51.231693267822266,10105000.0
2018-06-14,51.39776056237842,51.7760243271282,51.37469780174234,51.76679992675781,8383200.0
2018-06-15,51.53276576850715,51.89814840004379,51.5003902709616,51.851898193359375,18213400.0
2018-06-18,51.50964111783221,51.87039766091457,51.41251462766885,51.76401901245117,8047400.0
2018-06-19,51.30614008450151,51.70389823528189,51.21826221694207,51.69927215576172,12339200.0
2018-06-20,51.96753147239453,52.07853268698158,51.7594037539607,51.94440460205078,7886000.0
2018-06-21,52.01841411135583,52.087791202187304,51.48652778653513,51.574405670166016,13700800.0
2018-06-22,51.80102522559383,51.87502838396093,51.44951728067973,51.48651885986328,11135800.0
2018-06-25,51.27375830410397,51.27375830410397,50.07585791898662,50.36724090576172,24133600.0
2018-06-26,50.556870995414066,50.889878127832276,50.413494296770224,50.72800064086914,9260000.0
2018-06-27,50.93150673672467,51.11650756605016,50.0619873127705,50.07123947143555,13700800.0
2018-06-28,50.12210738665868,50.5799903614931,49.8584773673705,50.46436309814453,11947800.0
2018-06-29,50.82975468394205,51.03788238339696,50.542997749687466,50.552249908447266,11481400.0
2018-07-02,50.18687158247768,50.63550604694997,50.05274349824726,50.62162780761719,13797400.0
2018-07-03,50.857499414899785,50.857499414899785,50.28398912792088,50.36724090576172,5818600.0
2018-07-05,50.65862852582584,50.704878736819246,50.209994068993495,50.61700439453125,7576600.0
2018-07-06,50.63550171370819,51.088758690504655,50.515248350436515,51.0147590637207,10370000.0
2018-07-09,51.33389541686944,51.63452710434121,51.22289419625369,51.62527847290039,7461400.0
2018-07-10,51.727022560021844,51.78715100893415,51.49576798091875,51.73627471923828,6359200.0
2018-07-11,51.41251477738458,51.72701758721161,51.3708871222422,51.61601638793945,8864400.0
2018-07-12,51.81027586220565,51.999906316365426,51.583647356094524,51.95827865600586,5828400.0
2018-07-13,51.99065387284268,52.15715391607591,51.90740208689371,52.07390213012695,11044000.0
2018-07-16,52.20341491699219,52.2866667145258,52.00453581892108,52.20341491699219,6192600.0
2018-07-17,51.662261702020054,52.369903543122426,51.55588659198334,52.254276275634766,8143800.0
2018-07-18,52.221920013427734,52.40692088660613,52.0554164046348,52.221920013427734,12812200.0
2018-07-19,52.10628394708335,52.40228952882467,52.06465628754776,52.10165786743164,7219400.0
2018-07-20,52.10628395074014,52.18490966150025,51.85190249985168,51.87040328979492,6661000.0
2018-07-23,51.861157289993365,51.91665966641505,51.5327761689953,51.81490707397461,6738400.0
2018-07-24,52.12939326473543,52.21264503274625,51.54200833891634,51.66225814819336,9651200.0
2018-07-25,51.518900290189386,52.060035215549654,51.36627140498565,52.041534423828125,12540000.0
2018-07-26,51.98603375390072,52.16641205602731,51.657652651858335,51.768653869628906,11604000.0
2018-07-27,52.45316466006006,52.527164289527946,51.40326690820755,51.634521484375,13097600.0
2018-07-30,51.63914789201226,51.72239968110807,51.07951223757118,51.2228889465332,13132400.0
2018-07-31,51.370886126155405,51.676143829065495,51.09800744809739,51.46338653564453,12309400.0
2018-08-01,51.514261429191016,51.56051516135172,50.98700134627101,51.209007263183594,10437200.0
2018-08-02,50.96851305416801,51.5975258561823,50.88988733608252,51.56052780151367,8723000.0
2018-08-03,51.66227156016617,51.80565179870218,51.56514506038265,51.73627471923828,6571800.0
2018-08-06,51.76865021697983,52.1386589549951,51.6206474275067,52.08315658569336,7250600.0
2018-08-07,51.768648430298825,52.40228722546525,51.768648430298825,52.32365798950195,6441000.0
2018-08-08,52.3005323162288,52.46240980305223,52.19877974489276,52.37915802001953,5458000.0
2018-08-09,52.360660064873706,52.75841821325601,52.26353356752427,52.57341384887695,11075000.0
2018-08-10,52.28203216800178,52.37915866128494,51.99990131808491,52.134029388427734,9892400.0
2018-08-13,52.2820361622036,52.328286372729266,51.85652857950371,51.87040328979492,11969400.0
2018-08-14,52.175655533379434,52.44853776391409,51.99990332854787,52.374534606933594,8380600.0
2018-08-15,52.101657377660956,52.101657377660956,51.43101698106307,51.73627471923828,12503600.0
2018-08-16,52.083150586518734,52.24502806750531,51.93514781409323,51.99065017700195,7680200.0
2018-08-17,51.93515080781517,52.12940379619648,51.68539545332578,52.036903381347656,6022400.0
2018-08-20,52.21265314859804,52.43465907402312,52.069276453662454,52.40690612792969,13138600.0
2018-08-21,52.5595396333486,52.99892191529926,52.53641276433444,52.82316970825195,8342600.0
2018-08-22,52.82779345211961,53.13767372268579,52.818541293457095,52.87866973876953,5514800.0
2018-08-23,52.92028971401932,53.11454268671318,52.7306628202937,52.827789306640625,7989000.0
2018-08-24,52.92955613140348,53.20243487675036,52.84630433086853,53.1376838684082,10518600.0
2018-08-27,53.40128993398328,53.56316738194097,53.35041366053033,53.479915618896484,6032000.0
2018-08-28,53.61868684025278,53.65568841978074,53.396680891749874,53.58631134033203,7619400.0
2018-08-29,53.72968589049036,54.224570528624014,53.62331076445432,54.18757247924805,16623600.0
2018-08-30,54.09969913440074,54.18757700742464,53.69268879927103,53.87769317626953,8843600.0
2018-08-31,53.84069462350547,54.19682513476974,53.84069462350547,54.09044647216797,8208600.0
2018-09-04,54.03493306527187,54.31706386757885,53.8175532475602,54.19218444824219,8907000.0
2018-09-05,54.150582440918264,54.159831073067004,53.57244589332219,53.60944747924805,14229800.0
2018-09-06,53.75281261138684,53.91931618344811,53.22555247608104,53.461429595947266,11185000.0
2018-09-07,53.2116845025418,53.7898209985335,53.09605720334346,53.45681381225586,8921600.0
2018-09-10,53.82218516818671,53.85918321435424,53.512301389799795,53.65568161010742,8109800.0
2018-09-11,53.5400696538805,54.1228287452298,53.447565690333896,54.08583068847656,9776000.0
2018-09-12,54.09506853414638,54.219947977867456,53.734311969911616,54.18757247924805,9145600.0
2018-09-13,54.39107246065432,54.455823455940184,54.164443977153795,54.28007125854492,9428800.0
2018-09-14,54.28007758635798,54.38183017043053,53.854569988113695,54.07657241821289,6206400.0
2018-09-17,53.99794068458007,54.00718931452603,53.35967935837068,53.40592956542969,10358400.0
2018-09-18,53.447565690333896,54.145955618282805,53.442943138655615,54.08583068847656,7336400.0
2018-09-19,54.155186512106084,54.23843828769672,53.88230784852048,54.10893630981445,6347400.0
2018-09-20,54.35869713942515,54.56220228450666,54.252322016252265,54.47895050048828,9669600.0
2018-09-21,54.739197183048965,54.77630935258377,54.21963742719549,54.23819351196289,16075000.0
2018-09-24,54.05727295644404,54.05727295644404,53.68616190037595,53.88563537597656,9682800.0
2018-09-25,54.01552114821308,54.15005009236654,53.894908381177075,54.112937927246094,8213600.0
2018-09-26,54.09902818502429,54.63714048643388,54.0387200247274,54.23819351196289,13460200.0
2018-09-27,54.24746292428326,54.562909226433014,54.159322423338146,54.42374038696289,10619200.0
2018-09-28,54.32168923361936,54.61394311838236,54.31704932804238,54.377357482910156,7007800.0
2018-10-01,54.69744897595804,54.799502133976105,54.21036148071289,54.21036148071289,15697800.0
2018-10-02,54.21963889218459,54.22891870442467,53.4634969983415,53.477413177490234,18354000.0
2018-10-03,53.74183663351851,53.788225081775735,53.273305165933486,53.29650115966797,18323200.0
2018-10-04,53.19444008676841,53.25474824984667,52.28521312650028,52.461490631103516,25919800.0
2018-10-05,52.489327440271936,52.69343730724726,51.64968136250164,52.06718444824219,14858600.0
2018-10-08,51.872339626906935,52.405815479926574,51.617197924398624,52.20170211791992,14513000.0
2018-10-09,52.136762644233315,52.72126689429673,52.006873597377236,52.048622131347656,11788200.0
2018-10-10,52.0254411977196,52.0254411977196,50.220903241840745,50.29512405395508,27433200.0
2018-10-11,49.97503251249452,50.67086975776383,48.97302518048532,49.40908432006836,57205800.0
2018-10-12,50.54097064355798,50.6662233135013,49.70132827516713,50.32294464111328,30356400.0
2018-10-15,50.31367472847288,50.62912110924622,49.97039598855267,50.20698165893555,15614600.0
2018-10-16,50.522433219305405,51.32032375674512,50.258011623455474,51.21363067626953,14863200.0
2018-10-17,51.213612456594284,51.213612456594284,50.281189729972276,50.79146957397461,20077400.0
2018-10-18,50.6847965169529,50.73582487539516,49.664232887319706,49.817317962646484,24972600.0
2018-10-19,49.905443404530374,50.0956370600284,49.163217786957134,49.33021545410156,17171800.0
2018-10-22,49.56216204955604,49.78483150833659,49.26063543093938,49.52968978881836,13837600.0
2018-10-23,48.768905645985654,49.724524415774745,48.47201540853977,49.53896713256836,21024000.0
2018-10-24,49.52505322177061,49.808027295285754,47.98493371734591,48.05915451049805,23591000.0
2018-10-25,48.53697146186123,49.78020095383034,48.43027838762865,49.511146545410156,20865600.0
2018-10-26,48.26326242788717,48.708597754076315,47.46072873621022,47.971012115478516,36563600.0
2018-10-29,48.4766606958901,48.954468364226514,46.84840057531695,47.54887771606445,28612600.0
2018-10-30,47.41434530302079,48.31429586039745,47.26590017863802,48.263267517089844,28886600.0
2018-10-31,48.93127586092586,49.39516735034255,48.76427464159895,48.884883880615234,18208600.0
2018-11-01,49.07971768422432,49.9379161738944,48.84777195516695,49.88224792480469,13811600.0
2018-11-02,50.33223433638754,50.698709094049136,49.55753627942262,50.08637237548828,15825200.0
2018-11-05,50.123464939847594,50.24871405498305,49.5946290506795,50.15593719482422,9395600.0
2018-11-06,50.08636216873889,50.49458538485326,50.03533382432322,50.37861251831055,9558800.0
2018-11-07,50.88889989473947,51.76565461139016,50.67551021367643,51.742462158203125,12817600.0
2018-11-08,51.529068515787685,52.02543227773943,51.38062337779869,51.75637435913086,8754000.0
2018-11-09,51.5383380444973,51.612562373384854,50.79147254631753,51.03733444213867,10515800.0
2018-11-12,50.926005131039176,51.08373007160279,49.91008167678354,50.01213836669922,12046800.0
2018-11-13,50.09100169538339,50.48066882519732,49.7755553592055,49.98894500732422,15826000.0
2018-11-14,50.46675569519396,50.782202050421134,49.474028188287235,49.61319351196289,16583000.0
2018-11-15,49.2003248252759,49.65957989753413,48.332850100543084,49.53896713256836,21697000.0
2018-11-16,49.06580516674154,49.48330824814529,48.81066695086976,49.34414291381836,11461800.0
2018-11-19,49.22816352076502,49.37196874231156,47.998850431151055,48.13801574707031,13359400.0
2018-11-20,46.64891991818769,48.15193066256476,46.532947063546835,47.04786682128906,23986000.0
2018-11-21,47.507131922412306,47.938547635285325,47.41899140169473,47.53960418701172,17474600.0
2018-11-23,47.2890975794796,47.61846009844037,47.2890975794796,47.32620620727539,5456000.0
2018-11-26,47.92462780575901,48.4673835287394,47.845767103340116,48.388519287109375,11708000.0
2018-11-27,48.21688699055155,48.58336172570356,48.073078208902324,48.53233337402344,12052400.0
2018-11-28,48.80603410873523,49.975042905866175,48.555532223635744,49.965763092041016,12683000.0
2018-11-29,49.90544008115095,50.04460538437229,49.441548658658476,49.73379898071289,9949800.0
2018-11-30,49.71524741571277,50.14666661939341,49.58071846626278,50.095638275146484,11343000.0
2018-12-03,51.12548410286756,51.30640151291414,50.703344659162674,51.03270721435547,11989000.0
2018-12-04,50.8796109151221,51.051252014057546,49.0657937702343,49.19568634033203,19417400.0
2018-12-06,48.3050174521245,49.432273864746094,48.022043372550414,49.432273864746094,22323800.0
2018-12-07,49.20961449738385,49.71525456775813,47.831856082934294,47.95246887207031,18691400.0
2018-12-10,47.90144887679262,48.230811496818205,47.015414198483064,47.989585876464844,19796400.0
2018-12-11,48.70396635213006,48.833855402544245,47.660210503744544,48.00812911987305,15930000.0
2018-12-12,48.523039698475316,49.09362767733186,48.4256229292482,48.513763427734375,14373400.0
2018-12-13,48.708607820958065,48.838496875540145,48.01741047238268,48.27254867553711,12216600.0
2018-12-14,47.771542813465786,48.29573887494436,47.316927637732825,47.47001266479492,12277200.0
2018-12-17,47.1313755949516,47.34012889304782,45.92061849931182,46.26390075683594,23857400.0
2018-12-18,46.54223181609841,47.09890016180167,46.29636990442595,46.625732421875,17377800.0
2018-12-19,46.64428980657524,47.47001607606263,45.44744893679164,45.70258712768555,28061600.0
2018-12-20,45.42889658697238,45.642286260958784,44.0836104743341,44.677391052246094,35375200.0
2018-12-21,44.86647597418807,45.537099156625494,43.56249079543952,43.664947509765625,26736200.0
2018-12-24,43.26442767700001,43.846564745977176,42.71954823317722,42.835975646972656,16878000.0
2018-12-26,43.203879758957264,45.388059007419876,43.12005188547667,45.374088287353516,23489800.0
2018-12-27,44.76401828047035,45.61626434326172,43.80465386871423,45.61626434326172,21520000.0
2018-12-28,45.825839326802125,46.32880670093929,45.220415240924055,45.62092590332031,16656400.0
2018-12-31,46.0028018966156,46.2962012707407,45.66283581791189,46.10991668701172,12430600.0
2019-01-02,45.32286525833615,46.71999427807904,45.07603970000816,46.459197998046875,13681600.0
2019-01-03,46.10526043634353,46.21702976981081,45.374096347304636,45.45326614379883,12692000.0
2019-01-04,46.067993404217155,47.302124571575796,45.97485290418653,46.95750045776367,14538200.0
2019-01-07,47.18103142101641,48.326676440236234,47.15774807632908,48.019309997558594,12526200.0
2019-01-08,48.517628587462724,48.811024370366525,47.86097631461966,48.550228118896484,18782000.0
2019-01-09,48.666656163324674,49.011280293445886,48.363944194276016,48.797054290771484,10325200.0
2019-01-10,48.19163139928261,48.71788197284593,47.996030665203214,48.65734100341797,9520000.0
2019-01-11,48.499005063916535,48.86225804037784,48.410519089056486,48.70391845703125,6065200.0
2019-01-14,48.317363509518465,48.76444422983914,48.079850655476264,48.40584945678711,5896200.0
2019-01-15,48.41516455092567,48.936760527751304,48.340652870283094,48.8436164855957,7533600.0
2019-01-16,48.862255432797845,49.12770979012895,48.7039158579012,48.73185729980469,8987800.0
2019-01-17,48.485017387560546,49.20686854954947,48.40584762357202,49.062496185302734,8792000.0
2019-01-18,49.551503989234746,49.95201454434235,49.383848242767264,49.7424430847168,11596200.0
2019-01-22,49.518902857332186,49.635330257888455,48.59213819068503,48.99730682373047,18487400.0
2019-01-23,49.211539262735975,49.388511208743395,48.536261672258654,49.09511184692383,12208600.0
2019-01-24,49.127696877511895,49.35123901323243,48.99264068867183,49.300010681152344,7930400.0
2019-01-25,49.80298606510052,50.02652468473945,49.72381273227453,49.84489822387695,8785600.0
2019-01-28,49.355904704105576,49.560814510900094,49.07182156539724,49.55615997314453,11802000.0
2019-01-29,49.42110587715489,49.509588288364064,48.93210935765631,49.23482131958008,5764600.0
2019-01-30,49.626008807271084,50.34786003531315,49.58875474339092,50.2034912109375,11800400.0
2019-01-31,50.27800370912956,50.83219922293354,50.04980701942049,50.65988540649414,11198000.0
2019-02-01,50.22679253158628,50.41307712998114,49.81231116552639,49.91942596435547,11272800.0
2019-02-04,49.849562235073165,50.26870163802746,49.77970507573366,50.24541473388672,7209600.0
2019-02-05,50.39908808521349,50.79959858258497,50.39908808521349,50.71577072143555,8324600.0
2019-02-06,50.7297486918348,50.86014681602425,50.30595123513669,50.50620651245117,5831800.0
2019-02-07,50.147610827928986,50.26869632110473,49.677243128082054,50.09172439575195,9042400.0
2019-02-08,49.77970635153214,49.89613376905431,49.53288079487839,49.891475677490234,6646600.0
2019-02-11,50.05913500677239,50.18022052447893,49.90545350504518,49.97996520996094,6115800.0
2019-02-12,50.301305499139545,50.804269272869384,50.212819519491994,50.74838638305664,7753400.0
2019-02-13,50.95794229766547,51.20476781096463,50.836860362929926,51.09299850463867,6961200.0
2019-02-14,50.68783131191086,51.18148590550069,50.44100579165708,50.906715393066406,8334600.0
2019-02-15,51.22339717469227,51.36311147392195,51.083686428544816,51.25599670410156,7221000.0
2019-02-19,51.097665109455484,51.61925766127432,51.097665109455484,51.465576171875,9838800.0
2019-02-20,51.49817796217303,51.6891170859469,51.04643899798298,51.56803512573242,13203400.0
2019-02-21,51.44694735886964,51.61925766127432,51.26997541186016,51.465576171875,5986800.0
2019-02-22,51.5913024862173,51.768274386122066,51.5121327168293,51.74498748779297,14216600.0
2019-02-25,52.0523656089443,52.117568228269015,51.544743799904786,51.57268524169922,7982800.0
2019-02-26,51.36778438824699,51.71706668403357,51.330526757289775,51.64255142211914,14350400.0
2019-02-27,51.586656831993466,51.75431259175083,51.26066149528897,51.60528564453125,6204400.0
2019-02-28,51.418999308184034,51.47022409601253,51.09300045210773,51.32585525512695,8106800.0
2019-03-01,51.74499927786697,51.9499126599906,51.4003751331812,51.74034118652344,9712000.0
2019-03-04,51.96388668696235,52.05236910962296,51.20012309983306,51.57734680175781,11317600.0
2019-03-05,51.75896149140759,51.92661722139138,51.62856337988288,51.707733154296875,10298600.0
2019-03-06,51.75897198227309,51.97785609373254,51.44228926734761,51.465576171875,7539200.0
2019-03-07,51.353805980148934,51.4190086056198,50.67852835052438,50.84152603149414,14152600.0
2019-03-08,50.51552460147224,50.51552460147224,50.13830093467222,50.48758316040039,11613600.0
2019-03-11,50.659895758519134,51.22806210674168,50.64126694592858,51.18149185180664,9124400.0
2019-03-12,51.26065619452815,51.40037049757262,51.05108829304378,51.32585525512695,17268000.0
2019-03-13,51.474881091732094,51.8101925694387,51.41434012334483,51.50748062133789,9703800.0
2019-03-14,51.43762960672046,51.465574601917425,51.23737431437515,51.35380172729492,9803400.0
2019-03-15,51.60848065839047,51.72530535849352,51.32342810492247,51.68324661254883,10856000.0
2019-03-18,51.7066110519745,52.225312986320866,51.7066110519745,52.18325424194336,10971000.0
2019-03-19,52.36549897398606,52.88420089339397,52.23465588894742,52.444942474365234,14033400.0
2019-03-20,52.416908044124945,52.776730133828266,52.01970475819329,52.51971435546875,19898800.0
2019-03-21,52.44962081400209,53.28141217893799,52.44962081400209,53.239356994628906,11463000.0
2019-03-22,52.907568781675835,53.10383341488614,52.169235848886444,52.18325424194336,17517800.0
2019-03-25,52.07110290320883,52.72999232537103,52.01969975248331,52.49167251586914,14923200.0
2019-03-26,52.79541640054262,53.071120962484635,52.435594352508694,52.715972900390625,10881400.0
2019-03-27,52.75803308693779,53.00102688436219,52.295408292014486,52.608497619628906,8855400.0
2019-03-28,52.8000968433697,53.145900564428246,52.65056135176859,52.92626953125,13856600.0
2019-03-29,53.192620925132395,53.30009764789959,53.06177783730794,53.20196533203125,9199800.0
2019-04-01,53.63186617704602,53.80476796645306,53.46364193774933,53.786075592041016,9955400.0
2019-04-02,53.7767448425293,53.823474007822036,53.59916902312738,53.7767448425293,7263600.0
2019-04-03,54.089836631284896,54.35619680729288,53.92628276271981,54.15525817871094,8422600.0
2019-04-04,54.19731729527415,54.60386497631223,54.19731729527415,54.594520568847656,6147800.0
2019-04-05,54.73003737053763,54.96368677323172,54.5898463028384,54.916954040527344,5893400.0
2019-04-08,54.80947908318064,55.13191641018549,54.744057533528505,55.113224029541016,6462800.0
2019-04-09,54.926300690330045,54.926300690330045,54.524423442158295,54.617881774902344,8912800.0
2019-04-10,54.748723113413426,54.87956619262695,54.49170737552506,54.87956619262695,6813600.0
2019-04-11,54.9403168480714,54.97302761972142,54.80012578945317,54.94966125488281,4330800.0
2019-04-12,55.14126270219717,55.388930515087445,55.04313037436558,55.29079818725586,9077600.0
2019-04-15,55.31415831290373,55.43098300883477,55.06648696275622,55.4029426574707,4865400.0
2019-04-16,55.571165548567144,55.725374989092174,55.52911037308203,55.64593505859375,6029000.0
2019-04-17,55.80482112130422,55.9637045651646,55.716036774788904,55.75341796875,5562200.0
2019-04-18,55.87024303110971,55.88426142458727,55.56650166521078,55.73472595214844,6142600.0
2019-04-22,55.53846297397492,55.7113648175184,55.34687231537371,55.524444580078125,5529600.0
2019-04-23,55.69734952964843,56.30016545727637,55.655290780405586,56.188011169433594,8199400.0
2019-04-24,56.20203326470932,56.49643383317228,56.20203326470932,56.239418029785156,4362800.0
2019-04-25,56.19267126148838,56.220708043912914,55.71135414876685,55.945003509521484,5640200.0
2019-04-26,56.15996731541017,56.38894271850586,55.8048192456651,56.38894271850586,8473800.0
2019-04-29,56.412311363986575,56.41698535021614,56.09922202553682,56.19268035888672,7400000.0
2019-04-30,56.13659543786217,56.155287814982316,55.67864467664105,56.108558654785156,8679600.0
2019-05-01,56.20202952265123,56.20670350927636,55.42631530761719,55.42631530761719,9123000.0
2019-05-02,55.45434632236773,55.692669702531674,55.07116145877415,55.46836471557617,20816600.0
2019-05-03,55.9917383969579,56.23006176756745,55.823510554787234,56.122581481933594,7005800.0
2019-05-06,55.15059979593331,55.874914322466495,55.11788902432769,55.781455993652344,7628000.0
2019-05-07,55.440329619258954,55.557154319833124,54.53376880193722,54.935646057128906,13157000.0
2019-05-08,54.84686134642867,55.281449372299676,54.67863349349751,54.95433807373047,14305400.0
2019-05-09,54.52909525842201,54.91695053256163,54.103851661383,54.73003387451172,12766000.0
2019-05-10,54.59452173143314,55.047802155067586,53.790767194498706,54.809478759765625,13641600.0
2019-05-13,53.701980345200866,53.823479038483406,53.00570609120279,53.17860794067383,15284200.0
2019-05-14,53.426269019350194,53.97768170838693,53.169253270779684,53.71599197387695,9191800.0
2019-05-15,53.3842085881193,54.18796301436965,53.28140229194217,54.08048629760742,8313600.0
2019-05-16,54.30478961359471,54.90293146853826,54.21133128571228,54.58049774169922,7231800.0
2019-05-17,54.11786383326999,54.85152268392134,54.11786383326999,54.16459655761719,7349000.0
2019-05-20,53.968338082035714,53.968338082035714,53.6085195702711,53.78141784667969,7076800.0
2019-05-21,53.9403011564244,54.29544924617069,53.753380921547034,54.15525817871094,7320600.0
2019-05-22,53.72534335674393,54.14591298783071,53.54309711080747,53.59917068481445,7890800.0
2019-05-23,53.17392363454661,53.20663440348129,52.678588114905374,52.93560028076172,9913000.0
2019-05-24,53.22534547013145,53.31412983686878,52.78608336287637,53.005714416503906,5265000.0
2019-05-28,53.155241073428996,53.454312034691505,52.622520700854714,52.65523147583008,8236000.0
2019-05-29,52.365495669141175,52.412228395311345,51.84679378246912,52.187923431396484,9537400.0
2019-05-30,52.360832508809274,52.7066326261356,52.351484536196516,52.52906036376953,7795200.0
2019-05-31,51.87951758209267,52.09447819388839,51.69260089129049,51.84213638305664,8504400.0
2019-06-03,51.71595470605822,51.898200943558464,51.13650522183198,51.40753936767578,16131200.0
2019-06-04,51.87017091694196,52.81878698580063,51.42156446116084,52.80009460449219,11479000.0
2019-06-05,53.10383801973157,53.16925956980796,52.53840687109577,53.06178283691406,10517200.0
2019-06-06,53.061778860468294,53.46365610379644,52.842147859439336,53.33280944824219,7319600.0
2019-06-07,53.56646457047067,54.26741282817736,53.48235063693758,54.103858947753906,8089800.0
2019-06-10,54.449662873214535,55.04780842279174,54.41228167309701,54.56181716918945,7459800.0
2019-06-11,54.996399730746376,55.24406753700316,54.543119301088296,54.7720947265625,10059000.0
2019-06-12,54.75340172766668,54.968358756429055,54.6365770229997,54.75807571411133,5585800.0
2019-06-13,54.959014597542144,55.32818109378581,54.926303822695594,55.248741149902344,7692400.0
2019-06-14,55.2393809286493,55.48237825809237,55.127230234786644,55.37022399902344,5094400.0
2019-06-17,55.473044224792794,55.58052452543662,55.32818272694026,55.39360427856445,5364800.0
2019-06-18,55.78613048454693,56.178663337659934,55.6365950084103,55.814170837402344,8797600.0
2019-06-19,55.870248007378066,56.024457479780224,55.491737088942955,55.9169807434082,6130600.0
2019-06-20,56.37493563173071,56.44503117557079,55.86558157256052,56.304840087890625,8377200.0
2019-06-21,56.241061876428795,56.39111292087361,56.039430450065524,56.04411697387695,10442400.0
2019-06-24,56.06755992025329,56.137897124918425,55.725254098882345,55.74401092529297,5780400.0
2019-06-25,55.8565554284468,55.93626926262652,55.12505346200622,55.20945739746094,6394200.0
2019-06-26,55.41109288923034,55.60803422724629,55.326688947580735,55.38764953613281,4876200.0
2019-06-27,55.57989326437684,55.795591402232276,55.48611270965669,55.73463439941406,3909000.0
2019-06-28,55.81904593313504,56.011297169748794,55.80028910413625,55.89406967163086,13327400.0
2019-07-01,56.602115520937595,56.86001740569097,56.147272330099135,56.386417388916016,8289400.0
2019-07-02,56.31609553718286,56.53648383013869,56.09570724422703,56.50835037231445,18017000.0
2019-07-03,56.67715262437441,57.00069808959961,56.569301750966424,57.00069808959961,3619200.0
2019-07-05,56.728729229909476,57.11792178257835,56.57398808261389,57.066341400146484,6755000.0
2019-07-08,56.888155086810926,57.18356706790933,56.83188460481641,57.13667678833008,10149200.0
2019-07-09,56.916294418492505,57.272667019606224,56.85533740649254,57.1976432800293,3866600.0
2019-07-10,57.446161124320994,57.488361304199486,57.099165172546265,57.40395736694336,4770000.0
2019-07-11,57.59620650384175,57.70405378236383,57.39457509454092,57.52117919921875,3952400.0
2019-07-12,57.68062041377408,58.19642070106488,57.68062041377408,58.18235397338867,4975200.0
2019-07-15,58.3089582331735,58.39805227865886,58.07450323136943,58.36991882324219,3993200.0
2019-07-16,58.2855261737243,58.42619705556548,58.11202815087005,58.29490280151367,4103400.0
2019-07-17,58.224548036786196,58.308951971471636,57.736881256103516,57.736881256103516,4599200.0
2019-07-18,57.619653848828875,57.77439499221966,57.277351585872445,57.66185760498047,4634400.0
2019-07-19,57.840032331156785,57.91974615125948,57.24920488731059,57.28203201293945,4128200.0
2019-07-22,57.38051985763837,57.474300429694445,57.09448446211798,57.31487274169922,4034000.0
2019-07-23,57.64779269418806,57.70405960083008,57.22577300687719,57.70405960083008,4858200.0
2019-07-24,57.46022822853604,57.99947541024382,57.45084802572419,57.99478530883789,4233400.0
2019-07-25,57.807214622868095,57.976022481020436,57.577449762743605,57.67123031616211,4799000.0
2019-07-26,57.75563457083793,57.98071290880953,57.563383361996536,57.93382263183594,4280400.0
2019-07-29,57.78844246153822,57.88691308974643,57.446140312647465,57.65245819091797,4410800.0
2019-07-30,57.258596489195554,57.43209446528711,57.16950245045946,57.26328659057617,4329000.0
2019-07-31,57.24452936176973,57.2726628148582,56.086321176306065,56.6068115234375,8603400.0
2019-08-01,56.71465453604158,57.27265849688734,55.636163844804685,55.83779525756836,13263600.0
2019-08-02,55.64554774720097,55.72526158703365,55.162571029098004,55.37826919555664,11100400.0
2019-08-05,54.44044661940656,54.445136720790636,53.49793658115932,53.891822814941406,13781600.0
2019-08-06,54.26226444286862,54.78275481631554,53.95747223483674,54.71241760253906,8895600.0
2019-08-07,54.14034886736629,55.00314513876825,53.8543134774857,54.93280792236328,11689800.0
2019-08-08,55.289184832438536,56.00192652299105,55.23760444155977,55.992549896240234,9338400.0
2019-08-09,55.82373019419082,55.95033430481251,55.15318883201179,55.46735763549805,7952800.0
2019-08-12,55.087541213146764,55.12036476577998,54.43106658298349,54.660831451416016,6402600.0
2019-08-13,54.58111434184072,56.03473435006655,54.39823976279772,55.561134338378906,9262600.0
2019-08-14,54.60925247296756,54.698346508471616,53.79335015979569,53.82148361206055,12812400.0
2019-08-15,54.14972451901005,54.229438354735116,53.28223821876963,53.732391357421875,10104000.0
2019-08-16,54.121591706581796,54.4498308552962,53.96216402270577,54.34197998046875,7960600.0
2019-08-19,55.08754139242047,55.22821222809251,54.85777294574128,55.026580810546875,6224400.0
2019-08-20,55.01720987580601,55.387649196468686,54.9187392074019,55.040653228759766,6534200.0
2019-08-21,55.959713153628094,56.10038757324219,55.828418936654465,56.10038757324219,9338000.0
2019-08-22,56.241052404232974,56.391103423405994,55.72993877244149,56.114444732666016,5904200.0
2019-08-23,55.68305518091175,55.96440042843131,54.39355285040643,54.62331771850586,15269800.0
2019-08-26,55.03596302419007,55.167257239948704,54.6420767994151,55.162567138671875,6904800.0
2019-08-27,55.378261232004576,55.457975060374174,54.810880654052276,54.890594482421875,6696200.0
2019-08-28,54.81557867530366,55.617414330787874,54.674904246973384,55.57521057128906,7782400.0
2019-08-29,56.21291003824415,56.522392248229835,56.03941568794746,56.409854888916016,5874600.0
2019-08-30,56.53178778677236,56.64901528538628,55.95034039534718,56.07225799560547,6814800.0
2019-09-03,55.80496581961272,56.18947177810667,55.603334428115986,55.84247589111328,8645000.0
2019-09-04,56.12851920290688,56.44737810984189,55.88468760466198,56.39579772949219,8345000.0
2019-09-05,56.92568030395957,57.53057469264267,56.92568030395957,57.47430419921875,7343200.0
2019-09-06,57.544637757659466,57.76033593580101,57.422720151753545,57.61497497558594,6986800.0
2019-09-09,57.811906686220084,57.98540465118239,57.61965189443761,57.835350036621094,6518600.0
2019-09-10,57.57745736607158,57.652481103213795,57.02883354337795,57.6055908203125,7301200.0
2019-09-11,57.59152615419771,57.830671256301564,57.33831432447,57.713443756103516,6817800.0
2019-09-12,57.99009323120117,58.327708970938744,57.84942239130988,57.99009323120117,6686400.0
2019-09-13,58.13545576787428,58.215169598844966,57.825973491166074,57.87286376953125,4029400.0
2019-09-16,57.493055041321675,57.53994532554052,57.07103532835333,57.13199234008789,6802600.0
2019-09-17,57.03351821591456,57.49774166081513,56.88346716900203,57.47898483276367,4488400.0
2019-09-18,57.38519289582654,57.52586729835009,56.892839641991436,57.45083999633789,5939200.0
2019-09-19,57.57275956753299,57.64309677123107,57.27265750408672,57.296104431152344,4519200.0
2019-09-20,57.40619689533202,57.552043636438626,56.6346337871492,56.639339447021484,7540600.0
2019-09-23,56.48879727064088,57.00160657595164,56.413524650676635,56.83694076538086,4475000.0
2019-09-24,57.12862080907211,57.29328300178863,56.09830030564124,56.23003005981445,10708800.0
2019-09-25,56.45587077509866,56.82753902175884,56.013631972096086,56.742855072021484,6508800.0
2019-09-26,56.738130208106156,56.87456561369359,56.2394380003059,56.498191833496094,6040800.0
2019-09-27,56.681677590354695,56.714610027463735,55.99950055114387,56.30059814453125,7114000.0
2019-09-30,56.41821665657781,56.86045533408559,56.39469553738337,56.785179138183594,4988400.0
2019-10-01,56.9169059880899,57.12861398352169,56.291186141159606,56.31000518798828,7271600.0
2019-10-02,55.985382933095195,55.985382933095195,55.02092742161054,55.29850387573242,11009000.0
2019-10-03,55.227952754253714,55.57139419830172,54.5551868482699,55.566688537597656,14463200.0
2019-10-04,55.698402900813825,56.12652817216015,55.63253802666308,56.088890075683594,6374000.0
2019-10-07,55.93364313383782,56.20180832586717,55.69370472327464,55.84425354003906,5521200.0
2019-10-08,55.4208265003836,55.863061543152426,55.246753007244735,55.256160736083984,5886200.0
2019-10-09,55.646649090207696,55.92422555341522,55.481986911711516,55.726627349853516,6094600.0
2019-10-10,55.778388067620504,56.29119732482743,55.74075355585228,56.098304748535156,6548600.0
2019-10-11,56.676975396220406,57.22741913128314,56.66756407683301,56.733428955078125,10630800.0
2019-10-14,56.67227156982188,56.818114720744425,56.554655199241296,56.705204010009766,3151000.0
2019-10-15,56.88868456101803,57.335628917345176,56.85104646144731,57.203895568847656,5111000.0
2019-10-16,57.218009314628326,57.49558220720065,57.19448460638441,57.439125061035156,6145600.0
2019-10-17,57.74493059469322,57.82491245225139,57.48147108094869,57.58967971801758,4612000.0
2019-10-18,57.44383605267388,57.664955408972226,57.24153574684421,57.476768493652344,4069600.0
2019-10-21,57.7684629331518,57.93783081131733,57.519116776232316,57.679073333740234,4506200.0
2019-10-22,57.61791037916044,57.6320237698666,57.28858237542677,57.31210708618164,5203600.0
2019-10-23,57.246239659370495,57.246239659370495,56.625225370328046,57.04864501953125,3773800.0
2019-10-24,57.15214961274421,57.203897514705794,56.860459715199056,57.020416259765625,4405200.0
2019-10-25,56.32412211119878,57.133323228794,56.19239236449563,56.95454406738281,5472600.0
2019-10-28,57.10040266999908,57.27917827923232,57.015718731021835,57.13333511352539,3823400.0
2019-10-29,57.142738259701616,57.17567070058545,56.78988914050337,56.80870819091797,4341400.0
2019-10-30,56.7757709020583,57.16625808874278,56.54053817601221,57.16155242919922,5615400.0
2019-10-31,57.1568486496912,57.23212484739791,56.59229152435747,56.855751037597656,6074000.0
2019-11-01,57.14742516543289,57.25092811406292,57.02039751416307,57.23210906982422,6429600.0
2019-11-04,57.40149416799818,57.47676677825951,57.16155576839212,57.260353088378906,9531800.0
2019-11-05,57.31210311382442,57.47206323926336,57.114508478899836,57.345035552978516,4309000.0
2019-11-06,57.41089843907593,57.420309758145756,57.14273327545053,57.406192779541016,7188600.0
2019-11-07,57.53321334838516,57.59907821626468,56.996883087442754,57.062747955322266,7665400.0
2019-11-08,57.16155320430807,57.18037225337093,56.86045559803553,57.08627700805664,4146000.0
2019-11-11,56.832234239334184,56.98748512751783,56.761663695959655,56.968666076660156,3725400.0
2019-11-12,57.011004725687684,57.222712747458374,56.81341009345282,56.931026458740234,4389000.0
2019-11-13,56.785183112056835,56.88868609398202,56.6064075183286,56.75225067138672,4692600.0
2019-11-14,56.79459833329085,57.08628465944396,56.714620056079006,56.99689865112305,3960200.0
2019-11-15,57.26975923242976,57.321507128289056,56.9733637098885,57.10039138793945,4240000.0
2019-11-18,57.11450764907077,57.3026945512314,56.949845455692696,57.29798889160156,4687400.0
2019-11-19,57.095685848914094,57.12861828600295,56.526423099597395,56.66756057739258,6033800.0
2019-11-20,56.82281949299643,56.91220908183874,56.267670088953075,56.53583526611328,8562600.0
2019-11-21,56.58287431745514,56.68637728384896,56.19239074792342,56.215911865234375,4877400.0
2019-11-22,56.437033828054744,56.62051506275374,56.32412312732454,56.6016960144043,4476000.0
2019-11-25,56.86045301001711,57.10979911735939,56.81810925421132,57.10039138793945,7334000.0
2019-11-26,57.08158018424002,57.52852097512023,57.034534351942135,57.490882873535156,7252200.0
2019-11-27,57.66966369173123,58.00839943683925,57.59909314660589,57.9848747253418,8426000.0
2019-11-29,58.022513388733536,58.050740171309656,57.54734220895557,57.60850143432617,3510200.0
2019-12-02,57.65084647866762,57.707303634441494,57.015718731021835,57.13333511352539,7083400.0
2019-12-03,56.62521774583368,56.65344452219095,56.24414190754542,56.55935287475586,8946200.0
2019-12-04,56.78048109172751,57.0768730580207,56.75225072158042,56.87457275390625,5658200.0
2019-12-05,57.0862765854467,57.0862765854467,56.69579298572457,56.818111419677734,4704600.0
2019-12-06,57.2368177084014,57.41559325392895,57.23211204975529,57.274452209472656,5031000.0
2019-12-09,57.23212484578828,57.5520415072995,57.161554307781884,57.345035552978516,3577600.0
2019-12-10,57.3638550763563,57.47206371410904,57.16626043979915,57.246238708496094,4360000.0
2019-12-11,57.2038991089199,57.42501847087346,57.09569405266621,57.392086029052734,4099400.0
2019-12-12,57.495582379145006,58.03661836607444,57.425011843568726,57.895477294921875,9226200.0
2019-12-13,57.89078535527233,58.04603625346822,57.650846928071886,57.94723892211914,7124800.0
2019-12-16,58.24832833005495,58.33771791739668,58.10719084355222,58.2012825012207,7293600.0
2019-12-17,58.300073309331296,58.53530601660526,58.276552192223654,58.46003341674805,6819000.0
2019-12-18,58.619993908795166,58.67174539505311,58.40828589364289,58.5164909362793,5278200.0
2019-12-19,58.47415264855303,58.747023477708325,58.39417438153509,58.699974060058594,6493000.0
2019-12-20,58.92182928554931,58.92182928554931,58.71886201644207,58.78966522216797,6673600.0
2019-12-23,58.917106746125235,58.92654549277631,58.65277862548828,58.65277862548828,6328400.0
2019-12-24,58.73301670609486,58.85574201167544,58.65277476064615,58.78493881225586,3296200.0
2019-12-26,58.95960224448977,59.502418518066406,58.89823777442538,59.502418518066406,5035800.0
2019-12-27,59.69593055517838,59.81865586014241,59.42216010610488,59.497684478759766,5917400.0
2019-12-30,59.54960291482385,59.61568493622432,58.98790213171983,59.1153450012207,6677400.0
2019-12-31,59.01622360282075,59.22863319280228,58.93126048706817,59.20030975341797,3567400.0
2020-01-02,59.57321172381178,59.90362548828125,59.34192460952363,59.90362548828125,12591000.0
2020-01-03,59.14367640390364,59.568488426910314,59.105914214818426,59.39384460449219,11192800.0
2020-01-06,58.95958071968561,59.573199987901994,58.884056353702064,59.55904006958008,12823200.0
2020-01-07,59.52128506586156,59.60152701349763,59.21447359414673,59.46464538574219,18301600.0
2020-01-08,59.41271774668899,59.96969735694263,59.35607447064283,59.644004821777344,9451800.0
2020-01-09,59.960269927978516,60.17739713837489,59.80922475547665,59.960269927978516,7643000.0
2020-01-10,60.03578803652827,60.03578803652827,59.57321021844028,59.63457107543945,7407000.0
2020-01-13,59.7572822424742,59.91776970915274,59.58735603126149,59.8233642578125,6449200.0
2020-01-14,59.7289759880933,59.99802528348649,59.63457051528833,59.80449676513672,8681200.0
2020-01-15,59.63928291548475,59.87529116097634,59.521278792738954,59.667606353759766,6523800.0
2020-01-16,60.012181436973826,60.21042751561897,59.96025933049053,60.20098876953125,8699000.0
2020-01-17,60.361472821357644,60.49835804779445,60.290673222511316,60.413394927978516,13473200.0
2020-01-21,60.106576160876386,60.31898573521541,59.908330105786554,60.22930145263672,8003800.0
2020-01-22,60.45116055586002,60.6682841266806,60.14906666304795,60.20098876953125,7930200.0
2020-01-23,59.89417654875697,60.36619307359622,59.58736508737139,60.290672302246094,7991800.0
2020-01-24,60.408681886418485,60.44172290209176,59.19087827811661,59.45048522949219,11381800.0
2020-01-27,58.166595328891866,58.86517773761668,58.0533087751526,58.563087463378906,15754200.0
2020-01-28,58.846297393703395,59.3560760884128,58.619731485743785,59.13422775268555,11815400.0
2020-01-29,59.32775434686168,59.55904142083367,59.058705089041176,59.1011848449707,5860000.0
2020-01-30,58.6386164142401,59.06342841975437,58.52061227910826,59.00206756591797,10461000.0
2020-01-31,60.21043038996321,60.29067594094113,59.03038900664659,59.153114318847656,16844000.0
2020-02-03,59.483527368029755,60.30955637665518,59.47880979513067,59.573211669921875,16019000.0
2020-02-04,60.44644939202707,60.86182633742584,60.309564135129854,60.65885543823242,16697200.0
2020-02-05,61.06006960713306,61.135593994112796,60.54084844964985,60.965667724609375,13354000.0
2020-02-06,61.10254014348094,61.116700063600334,60.82876968383789,60.82876968383789,11039800.0
2020-02-07,60.5549955192421,60.85236822835686,60.31899086302436,60.56443786621094,7267600.0
2020-02-10,60.51724335012041,61.253587995119176,60.51724335012041,61.248863220214844,5867200.0
2020-02-11,61.499033089294315,61.99465190694289,61.34799153864388,61.730323791503906,11015800.0
2020-02-12,62.03713850814508,62.39587573499656,62.027703361839755,62.362831115722656,7810600.0
2020-02-13,62.117387002263705,62.48555937147139,61.94273596386398,62.254268646240234,7106800.0
2020-02-14,62.37228001500794,62.44780440779293,61.989947679837364,62.159873962402344,4959600.0
2020-02-18,62.070165157744455,62.358095489537966,61.81055466147168,62.15512466430664,6740200.0
2020-02-19,62.37697357889502,62.65074399556071,62.34393617126971,62.43362045288086,4636200.0
2020-02-20,62.381716672456115,62.62716012300717,61.68785168216361,62.45724105834961,10832800.0
2020-02-21,62.18346631330849,62.24954834585053,61.34327738424487,61.503761291503906,12322600.0
2020-02-24,59.41743803329692,59.964978923157474,59.09646665677182,59.38911819458008,17507200.0
2020-02-25,59.90833183886954,60.03577830739983,57.6662535191406,57.803138732910156,29219600.0
2020-02-26,58.14772532229274,58.6858239509407,57.19897096074995,57.34529495239258,24720800.0
2020-02-27,56.16996229935209,57.3405647788582,54.99935981984599,55.02768325805664,35433800.0
2020-02-28,53.243473457142095,54.75392512351741,53.116026959578676,54.673683166503906,41232200.0
2020-03-02,54.83888078620858,56.55702067316389,54.06949513612046,56.55229949951172,19022400.0
2020-03-03,56.717514124465886,57.463297585834844,54.65952154237783,55.1834602355957,29548600.0
2020-03-04,56.04724454488423,57.1376052321033,55.43834275882696,57.09040069580078,14684400.0
2020-03-05,55.72626953425616,56.0897242735161,54.53678948122428,54.961605072021484,14599600.0
2020-03-06,53.28594906643323,54.40934718061118,52.94609656770362,54.11669921875,16655000.0
2020-03-09,50.07150728514462,52.252221040561096,48.853703945688764,50.7087287902832,16829800.0
2020-03-10,52.49295857464973,53.512516021728516,50.68041680366573,53.512516021728516,21939200.0
2020-03-11,52.0492487073142,52.308859177090376,50.09982220193856,50.58599853515625,15254600.0
2020-03-12,46.76267823482992,48.4619370499079,44.959575205290434,45.47407150268555,19961600.0
2020-03-13,47.956882537199505,48.32033731084261,45.29943055863778,48.287296295166016,16073800.0
2020-03-16,42.97710766455996,45.242784909392505,41.83954606777911,42.16995620727539,16817800.0
2020-03-17,43.1139960906567,44.71413573622495,40.711433237451956,43.793701171875,27134000.0
2020-03-18,40.980485724079365,42.0661254679081,38.58264025935237,41.277854919433594,27657600.0
2020-03-19,41.10321034571202,43.92586786853078,39.739082528602395,42.717506408691406,14884200.0
2020-03-20,43.217827124458886,44.5913967897497,41.376965760337036,41.4477653503418,25783200.0
2020-03-23,41.19828664970869,42.360336797709316,40.15481319512338,41.51607131958008,15308400.0
2020-03-24,43.79748579115985,45.48602036795182,43.612506438722086,45.41012954711914,20747400.0
2020-03-25,46.21645456235995,47.938186899394374,45.07337346677011,46.206966400146484,19997800.0
2020-03-26,46.70973900717456,48.426727445103666,46.48681421428512,48.11842727661133,12991000.0
2020-03-27,46.65281703074266,47.734235953280354,45.955585457350274,46.50578308105469,10262200.0
2020-03-30,46.78562751327014,47.66309446426275,45.97456323195217,47.47811508178711,13320600.0
2020-03-31,47.06546544663813,47.75795294172769,46.39669112038991,46.52001190185547,10304400.0
2020-04-01,44.75085083722958,45.50974107796262,44.0488787215543,44.44255065917969,13516400.0
2020-04-02,44.181681785525825,45.28681756408779,43.626743664825646,44.608558654785156,11997600.0
2020-04-03,44.33820041285951,44.56112156493341,43.27101013315853,43.830692291259766,10359400.0
2020-04-06,45.43385371107352,47.729497133937386,45.43385371107352,47.47811508178711,10607800.0
2020-04-07,49.67416043810906,50.04411922033378,48.08048905416082,48.18483352661133,14018200.0
2020-04-08,48.77297660862373,49.90182566339917,48.42198691723345,49.70261764526367,8331000.0
2020-04-09,50.41882093884194,51.433837335251454,50.1105207544355,50.599056243896484,10645800.0
2020-04-13,50.39985183764339,50.77455472013661,49.636217444749214,50.58483123779297,6823400.0
2020-04-14,51.64252294325516,52.66228328426443,51.40062908134672,52.562679290771484,11489200.0
2020-04-15,51.258340058959774,51.7658482330614,50.78877730054355,51.410118103027344,7617600.0
2020-04-16,51.62355064788138,52.648055078259546,51.13027475770714,52.02671432495117,9218400.0
2020-04-17,53.29310660155617,53.69152253371128,52.63382051000903,53.56346130371094,8767000.0
2020-04-20,52.98006390225579,53.68678358353853,52.538958468563074,52.62907791137695,6826200.0
2020-04-21,51.751608327309334,52.093109756697814,50.86465342701833,51.2630729675293,8655800.0
2020-04-22,52.21643581270259,52.7334321255978,51.92236790174139,52.36821746826172,6771200.0
2020-04-23,52.62907598391391,53.13183997557115,52.16425740033317,52.35397720336914,8259200.0
2020-04-24,52.894690736221825,53.47808967029597,52.41089941080004,53.240936279296875,5829000.0
2020-04-27,53.78640178649921,54.587977965977636,53.734227739360605,54.23699188232422,8239400.0
2020-04-28,55.25199638579922,55.44646390466315,54.175321575785425,54.45042037963867,9458800.0
2020-04-29,55.50810862162116,56.06779063304087,55.199808564549905,55.6504020690918,9997600.0
2020-04-30,55.24725039390725,55.63618177403487,54.73499824876165,55.30416488647461,10106400.0
2020-05-01,53.60616102074497,54.042526092685094,52.8235575777673,53.236202239990234,12553200.0
2020-05-04,52.534220874331034,53.54923711158651,52.23066481937652,53.52552032470703,9213600.0
2020-05-05,54.236986308787124,54.39825251573641,53.606157344518266,53.719993591308594,9093600.0
2020-05-06,54.0709691359185,54.29863796660178,53.6346077973383,53.71049499511719,7810000.0
2020-05-07,54.379272602742134,54.825118511571105,54.3555558164681,54.55476379394531,10667200.0
2020-05-08,55.252003534023046,55.669395874882866,54.948447441765396,55.61722183227539,7872400.0
2020-05-11,55.13342229740169,55.94923058539056,55.05753508990264,55.493896484375,8086600.0
2020-05-12,55.731048348386786,55.85910959067305,54.25120984696668,54.27967071533203,11944800.0
2020-05-13,54.199033531217445,54.50733365838465,52.81405861812539,53.34528350830078,13362200.0
2020-05-14,52.690742847486526,54.16583734579886,52.2022074023319,54.14212417602539,11436400.0
2020-05-15,53.70100738948399,54.78242613153438,53.52076852002686,54.77294158935547,12556600.0
2020-05-18,56.27176555601391,57.106546642473404,56.21484743011639,56.84567642211914,10233600.0
2020-05-19,56.72234728925068,57.585589121131285,56.504166600052606,56.64171600341797,10513600.0
2020-05-20,57.57609764959218,57.59032627348912,57.02590368642766,57.38163375854492,7708200.0
2020-05-21,57.52392054133237,57.89862329817419,56.88835125008618,57.5855827331543,9117200.0
2020-05-22,57.56187602168259,57.656735938306966,57.059111949960474,57.50021743774414,7642000.0
2020-05-26,59.02274493602332,59.16977889996337,58.325513295047934,58.410888671875,9128400.0
2020-05-27,59.108110827594395,59.421151413276384,57.912855743821595,59.41166687011719,11531200.0
2020-05-28,59.58716686993869,59.800607118654014,58.53420872723762,58.69072723388672,7293200.0
2020-05-29,58.67174662070085,59.117596147181466,58.22115663191511,58.90415954589844,13016000.0
2020-06-01,58.975309043254526,59.677284738372144,58.92787908436085,59.46384811401367,6662600.0
2020-06-02,59.729461746277764,59.97135925292969,59.42116157014086,59.97135925292969,8453400.0
2020-06-03,60.26542107093988,61.2946659622311,60.26542107093988,61.10494613647461,11061600.0
2020-06-04,60.96266022905184,61.332619001423744,60.47412474150053,60.79664993286133,9971400.0
2020-06-05,62.24328512157313,62.603762954973305,61.93498856786328,62.25277328491211,11689200.0
2020-06-08,62.61323864047597,63.225098471037995,62.61323864047597,63.20138168334961,7005000.0
2020-06-09,62.64643717103288,63.05908173260479,62.24802123314644,62.708099365234375,8689600.0
2020-06-10,62.95473812878699,62.96422629103195,62.05355812389192,62.11996078491211,7783800.0
2020-06-11,60.127868905220645,61.024312048553156,58.723921270735325,58.866214752197266,13735200.0
2020-06-12,60.44566270210086,60.65435524359514,58.24487933210999,59.449615478515625,11989400.0
2020-06-15,58.145260767152145,60.20375387382232,57.82747612394632,60.01403045654297,9993000.0
2020-06-16,61.84011819309926,61.91600177493948,60.0424915050079,61.275691986083984,10166800.0
2020-06-17,61.53182986805743,61.74052605442747,60.9626630562701,61.114444732666016,6349800.0
2020-06-18,60.87727757078167,61.21877902835617,60.616407396614065,60.89150619506836,5533600.0
2020-06-19,61.65513893011425,61.77371562125332,60.222730474697194,60.41719436645508,13384000.0
2020-06-22,60.31546577865119,61.090385313840336,60.04448133518362,61.038089752197266,5675800.0
2020-06-23,61.69416053751633,61.903342785827135,61.332843107086845,61.518253326416016,7347200.0
2020-06-24,61.152183045510064,61.37086827129339,59.41693035986889,60.163326263427734,11962600.0
2020-06-25,59.91136180853333,60.310709395783036,59.3170973722885,60.2441520690918,9769200.0
2020-06-26,60.225128216570425,60.35348772405026,58.732336415291876,58.83217239379883,11496400.0
2020-06-29,59.093651873552204,59.99693083673911,58.44233680207454,59.94939041137695,7822600.0
2020-06-30,59.901852328112355,60.99054153174963,59.716442122979224,60.714805603027344,6729800.0
2020-07-01,60.80037598713444,61.580050551096996,60.75283556291269,61.32808303833008,11172600.0
2020-07-02,62.25039517641374,62.587933345242384,61.41366612966173,61.570552825927734,7328600.0
2020-07-06,62.48806828369077,63.05856044626819,62.331181669496736,63.03003692626953,7115800.0
2020-07-07,62.73531040447493,62.934982382025126,61.936615240069685,62.04120635986328,6893200.0
2020-07-08,62.150554813972754,62.716295763873205,61.86055345537694,62.70203399658203,5479800.0
2020-07-09,62.92071955771373,62.963504854853866,61.622840844161736,62.63071823120117,6224800.0
2020-07-10,62.66874345065988,63.42464594686957,62.25513053894621,63.37710189819336,12912400.0
2020-07-13,63.94761249919748,64.89368420646875,62.39777327545072,62.573673248291016,13282600.0
2020-07-14,62.2646392547626,63.234475437547324,61.532501546851705,63.196441650390625,11473800.0
2020-07-15,64.08547730878419,64.2899007898144,63.19170128852978,64.09973907470703,7505800.0
2020-07-16,63.5815404822912,64.10924756950261,63.362847987162155,63.9285888671875,6049400.0
2020-07-17,64.17579783255022,64.17579783255022,63.40087480440987,63.62907028198242,6189200.0
2020-07-20,63.676625102429455,64.8128584334409,63.519738418121854,64.6464614868164,5471600.0
2020-07-21,65.15038752905001,65.24071687300463,64.50858636877875,64.74629211425781,5315800.0
2020-07-22,64.63694003439291,65.34054690676844,64.5751342282766,65.3025131225586,5321000.0
2020-07-23,65.3738598283061,65.3738598283061,63.881067390228885,64.32320404052734,6867600.0
2020-07-24,63.961859621115124,64.71776941461779,63.64333478859678,64.43727111816406,6287200.0
2020-07-27,64.713012510045,64.98400055314058,64.37071564203163,64.83662414550781,4899400.0
2020-07-28,64.70826958886958,64.96974740525525,64.09974335484746,64.19482421875,5119600.0
2020-07-29,64.61794246837364,64.98401142399882,64.51811009678823,64.84613800048828,4495000.0
2020-07-30,64.38024792535627,65.10762720514136,64.00467589531425,64.79385375976562,7940800.0
2020-07-31,65.59252792809593,65.70662930429349,64.41350939087094,65.13137817382812,7671000.0
2020-08-03,65.34057107881604,65.35958435085342,64.91269628881959,64.99352264404297,5588800.0
2020-08-04,64.86516028788915,65.53549238927205,64.8556500246496,65.51647186279297,5340200.0
2020-08-05,65.77317862376634,66.3484224300336,65.66858752186262,66.31514739990234,6536800.0
2020-08-06,66.07744565775855,66.78105263232612,65.98235755632203,66.638427734375,4312200.0
2020-08-07,66.64317789169503,66.93793794262804,66.25334424965311,66.73826599121094,5953000.0
2020-08-10,66.97599739505351,67.61304728237143,66.8714062488722,67.53697967529297,4560400.0
2020-08-11,67.92203588395952,68.30236651912334,67.24695245229042,67.40383911132812,7093600.0
2020-08-12,68.06943512923807,68.44026288228605,67.80796453061797,68.29763793945312,7630800.0
2020-08-13,68.23580646080828,68.67794289200785,68.12646385588496,68.26908874511719,4742800.0
2020-08-14,68.26912490972633,68.41650138012906,67.96961320909688,68.26436614990234,3374000.0
2020-08-17,68.82533498206178,69.22943046381565,68.52582337178166,69.14385986328125,3218000.0
2020-08-18,69.41008575327056,69.72385911480814,68.8918889088614,69.57172393798828,5175400.0
2020-08-19,69.84271369623157,69.86172696669318,69.14385812594095,69.24369049072266,5310400.0
2020-08-20,68.8253330072656,69.33877835835438,68.64942579865074,69.13909912109375,3326600.0
2020-08-21,69.06779895144062,69.5337003036685,69.05353718330548,69.49566650390625,3647600.0
2020-08-24,69.97106849525566,70.5796019535437,69.96631699126603,70.55107116699219,5284400.0
2020-08-25,70.7174697711694,70.78877860371054,70.2087759183602,70.78402709960938,5197800.0
2020-08-26,70.78878315184973,71.59698866166791,70.72222581913348,71.4828872680664,5583800.0
2020-08-27,71.74909733457027,71.79664138269013,70.83155669032362,71.09778594970703,6170800.0
2020-08-28,71.46387307365299,71.69206860370484,71.18813348332966,71.56370544433594,4275600.0
2020-08-31,71.55417939781586,71.76812036764068,71.25942660092443,71.35450744628906,7025000.0
2020-09-01,71.42107174495548,72.14369929793072,71.32123938653511,72.10091400146484,9904400.0
2020-09-02,72.60008980503036,73.27992473475294,72.186476887407,73.0992660522461,8154200.0
2020-09-03,72.89009457559166,72.94238287649402,70.099424141042,70.77926635742188,15142000.0
2020-09-04,71.00746703469792,71.41156974042927,68.27860221701404,69.96156311035156,13339800.0
2020-09-08,68.81105936805332,70.013849817108,68.48302429027414,69.04400634765625,15212600.0
2020-09-09,69.6905864534914,70.86961247413423,69.28649093586446,70.3466567993164,7425800.0
2020-09-10,70.69846070096318,71.44485312465645,69.11058047806087,69.33878326416016,12553800.0
2020-09-11,69.80942099689432,70.12794582261976,68.78728920171868,69.443359375,7596400.0
2020-09-14,70.21352673335788,70.72221327441427,69.90450490082846,70.18024444580078,5556600.0
2020-09-15,70.62238614179428,70.99795806879895,70.38943187428225,70.75550079345703,5412000.0
2020-09-16,71.05027690864911,71.32601656435637,70.32764909556136,70.36093139648438,5215800.0
2020-09-17,69.33401363259766,69.82368691289501,68.79204479546253,69.3720474243164,8849200.0
2020-09-18,69.59072900301693,69.61925252878319,67.83645962636298,68.40695190429688,10847200.0
2020-09-21,67.31403974873238,67.4950834531832,66.23732259044795,67.41885375976562,8435800.0
2020-09-22,67.83337305404349,68.90532897578417,67.6094527910399,68.84339141845703,7638000.0
2020-09-23,69.55800218409058,69.6866388811697,67.57607380179724,67.71424102783203,7930600.0
2020-09-24,67.40455001965685,68.63372635358208,66.89001058199078,67.6856460571289,8997000.0
2020-09-25,67.66658960065988,68.80048254607271,67.19492659999739,68.56703186035156,5028000.0
2020-09-28,69.46748242168593,70.16306566309127,69.18639360118303,70.0010757446289,5324800.0
2020-09-29,69.9677477003038,70.01539308904269,69.41033154645413,69.45796966552734,6055400.0
2020-09-30,69.66757621821725,70.85387624247498,69.58182326858251,70.02489471435547,8948800.0
2020-10-01,70.7157160357659,71.00157376890354,70.2678829160243,70.93963623046875,7758800.0
2020-10-02,69.61517833140472,70.87770821156427,69.58659401111645,70.63949584960938,8181600.0
2020-10-05,71.01586431025459,71.65427166076103,70.95392677323126,71.57328033447266,4640800.0
2020-10-06,71.6399921947203,71.96396482693993,70.13449540746001,70.24883270263672,7954400.0
2020-10-07,71.10163338718176,72.02589130970372,71.10163338718176,71.85438537597656,5005800.0
2020-10-08,72.32128817363017,72.37369519392382,71.79721797069361,72.3260498046875,5065800.0
2020-10-09,72.70240883065117,73.25029430293775,72.61188697861029,73.07878112792969,7362600.0
2020-10-12,73.58856441346515,74.38895444235396,73.48375039496815,74.05068969726562,6394400.0
2020-10-13,73.89823225365015,74.36989530295932,73.65048938505367,74.03639221191406,6826200.0
2020-10-14,74.19361388810567,74.2698435821461,72.88821490856631,73.2169418334961,7610800.0
2020-10-15,72.27361818704215,73.62666245274067,72.0592285477748,73.4885025024414,4758000.0
2020-10-16,73.81723608399908,74.16978567074231,72.59759014893051,72.8215103149414,4211000.0
2020-10-19,73.29796338783552,73.58858282644654,71.74958268221381,71.92585754394531,5154000.0
2020-10-20,72.3450979434148,73.39799252257436,72.14976205997571,72.50231170654297,8514200.0
2020-10-21,72.42133794839161,72.92635438975367,71.89250608055298,72.10690307617188,5539800.0
2020-10-22,72.09734898774934,72.33556133201482,71.32077441915146,72.25457000732422,4135600.0
2020-10-23,72.549972173226,72.89776026190526,71.99255599723344,72.88823699951172,3915000.0
2020-10-26,72.14499476604568,72.44038304771519,70.47274654856936,71.48753356933594,6300000.0
2020-10-27,71.67809040432597,71.89248005266123,71.25407273729364,71.45417022705078,6241000.0
2020-10-28,70.17258762575645,70.52514450456437,69.11969315836127,69.1959228515625,9172600.0
2020-10-29,69.39601923219308,70.43462152418182,68.90053350398684,69.63423156738281,6067800.0
2020-10-30,69.09588239022884,69.343625301039,67.5284481278235,68.11444854736328,9983200.0
2020-11-02,69.00534416159871,69.24832538427583,67.84763575824257,68.60038757324219,7981800.0
2020-11-03,69.32934319717766,70.50611310715479,68.97678620640608,70.11067962646484,5675400.0
2020-11-04,70.93962249082651,72.45465655156045,70.79670092160298,71.60185241699219,8541200.0
2020-11-05,72.85963548215707,73.44087427431909,72.5404317634558,72.997802734375,6480000.0
2020-11-06,72.78340201716657,72.90726981964136,72.15928683563794,72.77863311767578,4847000.0
2020-11-09,75.29418632922302,75.29418632922302,72.44993642733034,72.54045104980469,9782200.0
2020-11-10,72.46897034315043,72.64048354708443,71.51612082566488,72.28316497802734,17765200.0
2020-11-11,72.74528827064118,73.25982781662779,72.46896107355595,72.91680145263672,7406800.0
2020-11-12,72.91680426318707,72.92633479301638,71.53040659442368,71.94013214111328,5929800.0
2020-11-13,72.35461657388343,73.23124354332876,72.2498025587287,73.10736846923828,4463000.0
2020-11-16,73.84582862160413,74.08880260192521,73.2884125940459,74.06498718261719,7864600.0
2020-11-17,73.80294869243417,74.08879913774092,73.19312568551669,73.75054168701172,5839600.0
2020-11-18,73.71243097985092,74.303200231456,73.22647574497681,73.24553680419922,5415000.0
2020-11-19,73.23123272323323,73.6790657667594,73.07401172373095,73.60760498046875,4214400.0
2020-11-20,73.67908150374602,73.73148851477364,73.19789514406656,73.22171783447266,4132800.0
2020-11-23,73.62667605076994,74.22220697520231,73.43134743250123,74.0268783569336,4611200.0
2020-11-24,74.72721589187658,75.375153764163,74.51281896461978,75.12741088867188,5465600.0
2020-11-25,75.0702583903636,75.34181674311672,74.860630317549,75.21794891357422,4624400.0
2020-11-27,75.5609646821981,75.6514792738964,75.15123912580039,75.37992095947266,2216600.0
2020-11-30,75.26557275541342,75.30368760411994,73.94588155856226,74.92254638671875,6576000.0
2020-12-01,75.50856443208083,75.82776815569585,75.03213966196914,75.47997283935547,8737400.0
2020-12-02,75.18459852382733,75.18459852382733,74.68911991730661,75.0083236694336,4308800.0
2020-12-03,75.02737463389484,75.63243615867053,75.02737463389484,75.21794891357422,6011400.0
2020-12-04,75.37040479889714,75.47998047159648,75.14172292162633,75.28941345214844,4178200.0
2020-12-07,75.12264340483587,75.15599662336263,74.73674055996358,75.11788177490234,8430600.0
2020-12-08,74.75580370398133,75.00830822111706,74.37942410847879,74.96066284179688,4956800.0
2020-12-09,75.45136826221034,75.48948310594757,74.56998703589979,74.88919067382812,12060800.0
2020-12-10,74.59856672790247,75.14169049558652,74.28888636785412,74.8224868774414,5806000.0
2020-12-11,74.54616312945689,74.81295976158668,73.95539396569593,74.46517181396484,4134200.0
2020-12-14,75.14171470129031,75.5704940829738,74.55094537416494,74.57476806640625,6815000.0
2020-12-15,75.23222148638364,75.5943016189955,74.88919514194565,75.58000946044922,4651800.0
2020-12-16,75.71817433270157,76.2660671013172,75.689590013753,76.07549285888672,4443000.0
2020-12-17,76.46615853233175,76.60908738539028,76.24699998835352,76.59479522705078,3977400.0
2020-12-18,76.72343810594104,76.7663218581429,75.88493316777888,76.22319793701172,9892800.0
2020-12-21,75.12824576451408,75.80125151904723,74.5888928961727,75.36212921142578,7904400.0
2020-12-22,75.23800495413305,75.27141270140467,74.3788497531528,75.03753662109375,7453200.0
2020-12-23,75.05185726644592,75.43847529640009,74.7320620159513,75.19982147216797,4346000.0
2020-12-24,75.27145688653106,75.47192533724741,75.03758066893236,75.35737609863281,2097600.0
2020-12-28,76.0924095503912,76.52199094562866,75.70102093674548,76.21650695800781,5824800.0
2020-12-29,76.48379568588187,76.6222117273604,75.88238326593292,76.24036407470703,4862400.0
2020-12-30,76.51243577423156,76.8131347120286,76.431294328595,76.6985855102539,4881400.0
2020-12-31,76.70814649854385,76.83701437203361,76.33583968126554,76.7415542602539,5859200.0
2021-01-04,77.2188539055262,77.27135805390269,75.14733983892465,76.0924072265625,18120400.0
2021-01-05,75.65328824480414,76.87519507891322,75.6294213975628,76.66040802001953,6262400.0
2021-01-06,76.74630380545288,78.2832352206949,76.44082716110812,77.44317626953125,8832000.0
2021-01-07,78.14481652501267,79.24739613681093,78.1161792285718,78.93714904785156,6725600.0
2021-01-08,79.87266363688745,80.6459070137271,79.37148912746883,80.56475830078125,9283800.0
2021-01-11,79.62448334797612,79.94904912613401,78.84646937512947,79.0612564086914,7421000.0
2021-01-12,79.4765119800791,80.56955082194571,79.38105188532607,80.26884460449219,11395200.0
2021-01-13,80.35477351239365,80.57433102858234,79.86314704593809,80.26408386230469,5654400.0
2021-01-14,80.35478478443719,80.74617346013486,79.65791207268633,79.75337219238281,6029800.0
2021-01-15,79.62449027004324,79.87268508086815,78.82260938305943,79.13763427734375,7271400.0
2021-01-19,79.81065425720844,79.93952214165441,79.2760644761404,79.58631896972656,6348600.0
2021-01-20,80.3356661145962,81.3189189127935,80.08746404569627,81.08981323242188,6868600.0
2021-01-21,81.51940020919291,81.99670803408765,81.376213688236,81.4668960571289,6688000.0
2021-01-22,81.03732147753827,81.33802773615511,80.71752611061308,81.1900634765625,4456400.0
2021-01-25,81.40007115352938,82.07785465656148,79.87268760988776,81.49076080322266,11760600.0
2021-01-26,81.77238426056724,81.84874798129009,81.13278620714236,81.43826293945312,7458000.0
2021-01-27,80.5170480359724,80.56477444258503,78.53144598579621,78.9276123046875,11241400.0
2021-01-28,78.5553178065959,79.95860388976118,78.092328662609,79.17581939697266,7843200.0
2021-01-29,78.71760365334694,78.89420521356891,76.88951385540922,77.3286361694336,10833000.0
2021-02-01,78.22595361661175,79.42399324441652,77.74864594739498,79.33808135986328,6502600.0
2021-02-02,79.95383801213048,81.55759273322411,79.94429709867126,81.02301025390625,5401200.0
2021-02-03,81.28551888188436,81.36666033299456,80.51227530205148,80.5695571899414,4062800.0
2021-02-04,80.94187012565756,81.42872619628906,80.69366799196345,81.42872619628906,5142400.0
2021-02-05,81.71509958866517,82.48356549145642,81.55281667332778,82.20672607421875,4464200.0
2021-02-08,82.7413070511877,82.79381119861462,82.168531885389,82.67448425292969,4720400.0
2021-02-09,82.41196074969093,82.61242913773637,82.11602498179083,82.21626281738281,3615400.0
2021-02-10,82.48355919011884,82.48355919011884,80.78434459901058,81.40484619140625,4883200.0
2021-02-11,81.61962610584277,81.90123593334248,80.78910799020439,81.18050384521484,3911600.0
2021-02-12,80.82730753779687,81.33325268076722,80.59820181483929,81.29507446289062,3994400.0
2021-02-16,81.45256425785361,81.55757254503231,80.71751353074086,80.94184875488281,4516200.0
2021-02-17,80.45022099854188,81.49074837538178,80.04450650646358,81.40960693359375,6441200.0
2021-02-18,80.55523475615803,81.6960000404285,80.49795287095786,81.43347930908203,5160000.0
2021-02-19,81.80101921080923,81.80101921080923,80.85117399585991,80.96095275878906,5022800.0
2021-02-22,80.18768531861637,80.46929508458012,79.18056588430115,79.25215911865234,5694000.0
2021-02-23,77.84890329523869,79.13285512974744,75.92057574921795,78.73191833496094,10768600.0
2021-02-24,78.63169192228514,79.6626712656277,77.79162550820104,79.55766296386719,7973600.0
2021-02-25,78.99442188461073,79.43354408092938,76.21648766140312,76.59833526611328,14641800.0
2021-02-26,77.58161712548547,77.93482756730175,75.89672094570811,76.91815948486328,12255200.0
2021-03-01,77.87273645120338,78.86076673524511,77.72477225209833,78.72234344482422,8697600.0
2021-03-02,78.83215867603144,79.00398977683938,77.77730522435014,77.81549072265625,6622400.0
2021-03-03,77.66277458267781,77.97302181628253,75.98741912841797,75.98741912841797,11125600.0
2021-03-04,76.01603799897721,76.51244219210085,72.95172278111524,74.37887573242188,18469600.0
2021-03-05,74.94209227290487,75.0709674133977,71.42910670404295,74.85140991210938,20626800.0
2021-03-08,75.15209418520527,76.47423852316824,74.81320980453258,74.94207763671875,12536200.0
2021-03-09,76.43131842033954,78.27849771258637,76.03992243586903,77.77255249023438,18614400.0
2021-03-10,78.79397323038481,79.22832508037557,77.61502237077507,78.168701171875,14245800.0
2021-03-11,79.23309938603288,79.67222171347271,78.76533975423774,79.36674499511719,8458400.0
2021-03-12,78.52668905770706,79.6054021704087,78.30712424342173,79.60063171386719,8343400.0
2021-03-15,79.71038346138974,80.6936361280067,79.43354412988268,80.66976928710938,8857000.0
2021-03-16,80.6697841477526,80.82252613112318,79.46697380283305,79.8344955444336,6873600.0
2021-03-17,79.23787322122325,81.23779426956166,79.15196130449395,80.95618438720703,8711400.0
2021-03-18,80.19725619235571,80.55045929256381,78.84169654578622,78.97534942626953,10151400.0
2021-03-19,78.8846638854394,79.61494425289793,78.05891612936367,79.44788360595703,12121000.0
2021-03-22,80.0091476549496,80.65453984709437,79.67450282353425,79.97090148925781,7224200.0
2021-03-23,79.97565953104834,80.31986764151435,79.0147494779106,79.22032165527344,7990200.0
2021-03-24,79.58843019863288,80.01390867122839,78.04905700683594,78.04905700683594,9352000.0
2021-03-25,77.2984909366584,78.99562665672775,77.13595025111131,78.7326889038086,11319800.0
2021-03-26,79.04341859703028,79.44499222486667,78.00601641109938,79.38762664794922,8542600.0
2021-03-29,79.18208316015713,79.58365689631769,78.37415035866397,78.95260620117188,9358200.0
2021-03-30,78.60840114035139,79.84659781747104,78.29288307511327,79.72708129882812,7321800.0
2021-03-31,80.06649963579386,80.78359870742909,79.85137137324509,80.34856414794922,7937800.0
2021-04-01,81.07522788089807,81.12781544351303,80.72146363667898,80.99395751953125,8140000.0
2021-04-05,82.28473044050905,83.14047279923281,82.13175308985866,82.83451080322266,8628400.0
2021-04-06,82.75802753173379,83.51815092288719,82.70066193080453,83.19306945800781,6301400.0
2021-04-07,83.1452525172749,83.4416511552737,82.80104435295583,82.94446563720703,5049400.0
2021-04-08,83.40817854226032,83.52769504647118,82.80103265835069,83.33647155761719,6424800.0
2021-04-09,83.26001210534281,84.14921553941181,83.16917835913883,84.13008880615234,6093800.0
2021-04-12,84.12527027756774,84.75153553820972,84.05356329913846,84.6702651977539,6285600.0
2021-04-13,84.8136948978217,85.73158078668877,84.6989564261976,85.56425476074219,5351200.0
2021-04-14,85.75548661703091,86.12837753607728,84.54598014722768,84.72286224365234,6676400.0
2021-04-15,85.31566043482212,85.38258938214352,84.85193583741382,85.33000183105469,5031200.0
2021-04-16,85.53559235196163,86.10449222211393,85.30612264873317,85.98975372314453,5276000.0
2021-04-19,85.516447613983,85.59771795785743,84.75631713711857,85.02404022216797,7030800.0
2021-04-20,84.72285733021447,84.91886614146878,83.32690548184522,83.95317077636719,8462000.0
2021-04-21,83.63764796164877,85.16267971840877,83.47032923303112,85.07184600830078,5540000.0
2021-04-22,85.17705496341067,85.30134955075164,83.81934869044424,84.13008880615234,5960000.0
2021-04-23,84.40255869184085,85.3586907477219,84.1300575544546,85.00970458984375,3823800.0
2021-04-26,85.29652795186989,85.6550774228957,84.82802535224764,85.38258361816406,4460600.0
2021-04-27,85.42562495045557,85.62641181916673,85.0909801692703,85.2822036743164,4438600.0
2021-04-28,85.17702280812975,85.64074743600678,84.98579931599245,85.18180084228516,4761400.0
2021-04-29,85.7220159064586,85.77460345985028,84.45035855695656,85.20570373535156,6444600.0
2021-04-30,85.10532693524792,85.80808466741648,85.03839797478946,85.53558349609375,5651000.0
2021-05-03,85.99929541191199,86.0423196026647,85.0144805851267,85.12921905517578,7371400.0
2021-05-04,84.49340282382497,84.62726074457865,83.18827715441215,84.24002838134766,9207200.0
2021-05-05,84.8328317044535,84.8328317044535,83.83367526238878,83.97709655761719,6325000.0
2021-05-06,84.15876007080078,84.28306193580785,83.3556124571107,84.15876007080078,7850600.0
2021-05-07,84.48860691590812,85.14356233335208,84.04878704639819,84.9140853881836,6750200.0
2021-05-10,84.94279347837272,84.94279347837272,83.39386375811631,83.40342712402344,6976000.0
2021-05-11,82.00267748022281,82.77714222726213,81.18040320533993,82.46162414550781,14220800.0
2021-05-12,81.5198289172896,81.90706126977348,79.49282613901836,79.66970825195312,14124000.0
2021-05-13,80.22425469163336,81.00828264374236,79.36851975705123,80.23381805419922,14082400.0
2021-05-14,80.99394174215266,81.80187445825891,80.76447210212814,81.62499237060547,8211800.0
2021-05-17,81.38117963314608,81.6680221739245,80.75013625602588,81.47679138183594,10445000.0
2021-05-18,81.6584617702328,82.02657467547478,80.83140953676238,80.84097290039062,7756800.0
2021-05-19,79.52150263780993,80.20514086219721,79.11515088423808,80.162109375,14120400.0
2021-05-20,80.55891174345088,81.161279667098,80.45373662328105,80.98439025878906,9068000.0
2021-05-21,81.52460989408262,81.52460989408262,80.54457294883797,80.57804107666016,7770600.0
2021-05-24,81.01307623582275,81.7588581084474,80.73579705079659,81.37640380859375,6726800.0
2021-05-25,81.74452007983265,82.00745058302978,81.12303272879267,81.63455963134766,7133800.0
2021-05-26,82.02180034005256,82.7627969237046,81.94052268761064,82.41381072998047,7473600.0
2021-05-27,82.71976284260153,82.93011305851822,82.46638843562238,82.74366760253906,7783600.0
2021-05-28,83.08786805524102,83.08786805524102,82.43291270797585,82.62892150878906,6451200.0
2021-06-01,83.12133092354804,83.17870380245728,82.32296159968014,82.47116088867188,9361200.0
2021-06-02,82.54765386635397,82.55721722870102,81.78275265687694,82.08871459960938,7063200.0
2021-06-03,81.5628552731261,81.7827688824901,80.9748360295124,81.11347198486328,8702800.0
2021-06-04,81.56284686784382,81.83534071569687,81.33337721259248,81.76363372802734,6433200.0
2021-06-07,81.70148280890787,81.8114432496129,81.14214642095902,81.76363372802734,6389800.0
2021-06-08,82.30862426316419,82.68630049700405,81.86402637426103,82.4233627319336,6124800.0
2021-06-09,82.65284640357505,82.70543396551493,81.93574726514574,81.9692153930664,7131600.0
2021-06-10,82.11740466621167,82.5046369864262,81.86880828612368,82.35643768310547,5225000.0
2021-06-11,82.4950769683972,82.8153803486581,82.36121905708545,82.80582427978516,5468400.0
2021-06-14,82.81060011151065,82.98748221217285,82.34687546869081,82.82971954345703,5770000.0
2021-06-15,82.83929879769582,82.83929879769582,82.10308016383671,82.3899154663086,5659600.0
2021-06-16,82.46162211930931,82.62416283844794,81.71583289470755,82.42815399169922,9414200.0
2021-06-17,82.22734986399603,83.03528255016184,82.0361263868467,82.73888397216797,9267000.0
2021-06-18,82.13175181998203,82.62415928571768,81.93096494708382,82.3038558959961,13991200.0
2021-06-21,82.56958074864717,83.14889469545112,82.34455580237544,82.938232421875,9607400.0
2021-06-22,83.00046516258125,84.0537690932312,82.94301447898216,83.7186279296875,6740400.0
2021-06-23,83.88141496942514,84.53254954444041,83.83832695403801,84.36498260498047,5317800.0
2021-06-24,85.00654851817319,85.19327057657013,84.48468524028567,84.65225219726562,7959000.0
2021-06-25,85.53319532628146,85.58107577340186,85.00654693560962,85.1884765625,9949200.0
2021-06-28,85.19804879284132,85.28423213117024,84.75757646785485,85.20762634277344,5584200.0
2021-06-29,85.2602924845094,85.5954336790946,85.16932402336553,85.41828918457031,4629200.0
2021-06-30,85.32254683059827,85.8731354866283,85.32254683059827,85.4853286743164,5798600.0
2021-07-01,85.69598161567401,85.98803480013092,85.62416094737985,85.96887969970703,6210600.0
2021-07-02,86.17955350899501,86.73971973013973,86.0981625851225,86.72535705566406,5803400.0
2021-07-06,86.85461493188897,87.07963987107436,86.0406985141374,86.82588958740234,7792000.0
2021-07-07,87.06049078438816,87.27593818844906,86.16518339357499,86.77801513671875,6694200.0
2021-07-08,85.4278738574128,86.84983709259389,85.04964458225622,86.56257629394531,11283400.0
2021-07-09,86.93601684032157,87.42915479780314,86.83547081636941,87.3717041015625,5632800.0
2021-07-12,87.47223111874123,87.99409435453298,87.40520288024992,87.97016143798828,10814600.0
2021-07-13,87.79779144892426,87.94141815294319,86.84502624759992,86.91683959960938,12392400.0
2021-07-14,87.39563000339592,87.49617601927419,86.71098490973557,86.75886535644531,7484000.0
2021-07-15,86.60564334033079,86.9982425005794,85.68639585735865,86.2896499633789,6667600.0
2021-07-16,86.54818493895438,86.6487236282289,85.15973263623182,85.22676086425781,8424200.0
2021-07-19,83.85267679670332,84.26920882611103,83.19675719995257,84.25006103515625,16088400.0
2021-07-20,84.49903706758403,86.0311162354106,84.08249767883278,85.80609130859375,9838000.0
2021-07-21,86.1220865566363,86.6439497788404,86.09814633518485,86.5960693359375,8185400.0
2021-07-22,86.52425550610553,87.07005894678991,86.0885683168625,86.96951293945312,8061600.0
2021-07-23,87.26635724903507,87.88876646657121,87.06048011534038,87.74513244628906,7008600.0
2021-07-26,87.79300930231504,88.40584099632225,87.56798436562941,88.39627075195312,6895000.0
2021-07-27,88.33881028152004,88.33881028152004,86.56255836534504,87.5009536743164,7359800.0
2021-07-28,87.40042754208507,87.71162854730429,86.80195845087047,87.21849060058594,5973800.0
2021-07-29,87.61107499021273,88.42499135528516,87.55361699942821,88.19996643066406,7307400.0
2021-07-30,86.3853988647461,87.18495981314976,86.2226170631971,86.3853988647461,9327000.0
2021-08-02,87.08920386444566,87.31902121490305,86.54340044178619,86.63436889648438,7303000.0
2021-08-03,86.98866395683274,87.29986490281493,86.22262074368189,87.27592468261719,8445800.0
2021-08-04,87.08920978109302,87.22326625853584,86.42850494384766,86.42850494384766,7913000.0
2021-08-05,86.69183128729554,87.31902564717112,86.62479574419558,87.25678253173828,5401200.0
2021-08-06,87.37648660659981,87.42915217841954,86.56735523297431,86.6631088256836,5822200.0
2021-08-09,86.68225252635537,86.7540658850591,86.33274867144732,86.54340362548828,5560600.0
2021-08-10,86.63916619834501,87.20890256805951,86.44765172885566,86.88333892822266,5201000.0
2021-08-11,87.07483422425115,87.26634866763789,86.75405575029852,87.13707733154297,5500600.0
2021-08-12,87.07964618985979,87.21848780012998,86.47638468974553,87.17539978027344,5229400.0
2021-08-13,87.23283794778492,87.280718388882,86.74927763703475,86.92642211914062,4936400.0
2021-08-16,86.41893033795448,86.59128971561428,85.60979901798297,86.52426147460938,6657600.0
2021-08-17,85.4326492395988,85.4326492395988,83.76172113456437,84.47030639648438,11065200.0
2021-08-18,84.44637088467015,85.64330886724896,84.34582487970047,84.77193450927734,9998200.0
2021-08-19,84.04418923279148,84.83895775985891,83.7234107489694,84.23091125488281,11334600.0
2021-08-20,84.36498679675931,85.13581521205835,84.28838100635599,85.04005432128906,6618400.0
2021-08-23,85.49487953355394,86.33273602146947,85.40869621020765,86.13643646240234,6890200.0
2021-08-24,86.50031884290075,86.9934567391754,86.34711457009735,86.74449157714844,5791600.0
2021-08-25,86.7444871360538,87.18975187045042,86.58170532155602,87.07963562011719,7266600.0
2021-08-26,86.78277664840444,86.82587196191623,86.09813172535442,86.27527618408203,7394200.0
2021-08-27,86.46680923175171,87.21369741969346,86.32317520202517,87.06048583984375,7964800.0
2021-08-30,87.30945352687867,88.01325371789572,87.25678795797499,87.71641540527344,7366600.0
2021-08-31,87.79778370727313,87.9701430424271,87.43390994109889,87.92704772949219,9555800.0
2021-09-01,88.22869520038775,88.39147701861928,87.86003624277988,87.92227935791016,8198400.0
2021-09-02,88.15688333683431,88.42978141255524,87.78343925077614,87.91749572753906,6715000.0
2021-09-03,87.68767821874162,87.8887702390861,87.30944901110904,87.86483001708984,6889600.0
2021-09-07,87.90311957510008,88.33401428353991,87.86481668682315,88.12335205078125,8750600.0
2021-09-08,88.09941362549267,88.43456207835483,87.50094468185182,88.2238998413086,7385600.0
2021-09-09,88.29093043177477,88.84151895243608,88.07548306740857,88.10899353027344,8714800.0
2021-09-10,88.57819383197244,88.6595847362858,87.52968231956206,87.56797790527344,9627200.0
2021-09-13,87.9605917749076,88.03240514204087,86.92165033237191,87.783447265625,11534600.0
2021-09-14,87.95101420357592,88.06592289649308,87.12752016816312,87.49139404296875,8461800.0
2021-09-15,87.29030706214668,88.19997711467906,86.6487426751236,88.05634307861328,10294600.0
2021-09-16,87.87439739205338,88.67874353057636,87.71161557664236,88.45850372314453,12171400.0
2021-09-17,88.35316289850779,88.86067069376124,87.94620840463868,88.14729309082031,14925000.0
2021-09-20,86.47628350882299,86.92220703291663,85.05219335694544,86.1358413696289,16192000.0
2021-09-21,86.65369911521118,86.96536564438465,85.9919985447983,86.26531219482422,12503600.0
2021-09-22,86.80232380535891,87.84281922041698,86.6057305839051,87.44004821777344,12367400.0
2021-09-23,87.81404341717308,88.70589759920718,87.81404341717308,88.32710266113281,8275000.0
2021-09-24,87.76130483466486,88.7346717301031,87.65581614798565,88.65795135498047,8033000.0
2021-09-27,88.30313424441466,89.37239797257274,88.26956633593481,89.13265228271484,9488000.0
2021-09-28,88.60519009349085,88.73945438254806,86.94615436786935,87.41605377197266,14941800.0
2021-09-29,87.71335807013438,88.37985813826275,87.29141061438406,87.50238800048828,12192200.0
2021-09-30,87.51678102489635,87.58390953487157,86.04473876953125,86.04473876953125,16489600.0
2021-10-01,86.48106973120326,87.09961042178492,85.58921542903232,86.69204711914062,15519600.0
2021-10-04,86.95577650305935,87.20990638366783,85.71388809963324,86.00637817382812,18494000.0
2021-10-05,86.3036558989702,87.14755809168288,86.1022703978612,86.35160064697266,10968600.0
2021-10-06,85.814589574816,86.7256204476403,85.46456284786257,86.62493133544922,10272600.0
2021-10-07,87.37291819600667,88.30313262624223,87.28181366489692,87.97228240966797,7537800.0
2021-10-08,88.0058430006095,88.08736297214978,87.48799875849164,87.56951141357422,7399600.0
2021-10-11,87.53597249723819,88.22644147068587,87.20992176892129,87.21471405029297,6637000.0
2021-10-12,87.74694118836777,88.26000058590517,87.50719544741594,87.9051742553711,10281800.0
2021-10-13,88.17369034658823,88.57646144471902,87.64145449675131,88.33671569824219,10832000.0
2021-10-14,88.84976020049739,89.40597199495336,88.75386338128801,89.26212310791016,7514600.0
2021-10-15,89.8183278318559,90.66702229733069,89.6840635157821,90.628662109375,8717400.0
2021-10-18,90.43687270200603,91.79862651385497,90.41769626536309,91.73629760742188,7867000.0
2021-10-19,91.9520626797804,91.9520626797804,91.38146677508503,91.47736358642578,5808800.0
2021-10-20,91.47736104166219,91.81780312637764,91.25199951722891,91.41023254394531,9606800.0
2021-10-21,91.25680445759133,92.80555959190967,91.25200486117922,92.75281524658203,7130200.0
2021-10-22,92.69528016027658,92.93022626171664,92.01439593966698,92.42196655273438,7376600.0
2021-10-25,93.22750958240147,95.11670687293163,92.85350687494666,94.71393585205078,11076800.0
2021-10-26,95.12630365144055,96.67026662750273,94.35432216340946,94.72832489013672,15031400.0
2021-10-27,95.16465444084271,95.83593944391009,94.91052459564878,94.93929290771484,9831000.0
2021-10-28,95.73527109490391,96.48327663652508,95.46675703549727,96.20037841796875,9001000.0
2021-10-29,95.10232211483515,96.50243611889454,94.8386003826672,96.44969177246094,8508400.0
2021-11-01,97.15935267469712,98.23820841298966,96.5791648139735,98.21902465820312,11234200.0
2021-11-02,97.37511057498531,98.15188427128605,97.06343678732128,97.55731964111328,13558800.0
2021-11-03,97.53333938001957,99.37458444810214,97.44223485090559,99.31224822998047,12816400.0
2021-11-04,99.79174598547142,101.03842652905212,99.66708085769655,100.65003967285156,11600000.0
2021-11-05,101.28778634856602,101.98783983619703,101.20147407464215,101.29737091064453,9631200.0
2021-11-08,100.21848928277089,101.08637481412343,99.82531016128857,99.8636703491211,11715400.0
2021-11-09,100.22328710573602,100.34795222664266,97.73472575212274,98.01762390136719,33102200.0
2021-11-10,97.37990751809102,99.02935911908871,96.41134014950603,97.6532211303711,22689600.0
2021-11-11,98.69371300680778,98.70330488315044,97.34634338075438,97.38949584960938,12413400.0
2021-11-12,97.41825573212692,97.84021045719446,96.79012324051058,97.71553802490234,10335000.0
2021-11-15,97.787496881956,97.97449827277029,97.07305191886574,97.6340560913086,10612000.0
2021-11-16,97.75869689333348,99.39855640072288,97.73951314248744,99.1731948852539,11301200.0
2021-11-17,99.59516700400214,100.4103009623757,99.40336604432343,99.80613708496094,16547400.0
2021-11-18,100.32398049399131,101.10555379326787,99.79654436005562,100.93772888183594,14804000.0
2021-11-19,100.93773788777366,101.64739046915817,100.73156008560636,101.37407684326172,14988800.0
2021-11-22,102.02618017066523,103.11941998446333,100.70278653197757,101.11994171142578,18430800.0
2021-11-23,101.21106321722706,101.76727509404871,99.01019906386728,100.38633728027344,22962800.0
2021-11-24,99.32663422756214,100.89936533360732,98.79919811118735,100.59249114990234,16341200.0
2021-11-26,98.92867103914625,99.2691058423966,97.68678272904721,97.84981536865234,15329200.0
2021-11-29,99.13485856426756,100.16096998782459,98.88552095844783,99.36981201171875,16767600.0
2021-11-30,99.14444522111393,99.7725778249932,97.5045854053231,98.02722930908203,26435400.0
2021-12-01,99.13487618946347,100.09385927231196,96.19079841777699,96.25792694091797,25941000.0
2021-12-02,96.77574785681192,98.08955689574105,96.17159134099029,97.62924194335938,33287800.0
2021-12-03,97.99366125664959,98.28135904137635,94.74750954178268,95.73046112060547,28543200.0
2021-12-06,96.11404711720951,97.69637015852881,94.77626936593667,96.82369232177734,23326000.0
2021-12-07,98.43478361553376,99.3985659859128,98.19503792203973,99.08209991455078,13875600.0
2021-12-08,99.15402698698766,99.49926139283959,98.55466271522506,99.3314437866211,11988000.0
2021-12-09,98.92867064469287,99.08210409043748,97.57650136449863,97.61006927490234,11757200.0
2021-12-10,98.07997718202508,98.32451518665552,96.90522459735354,98.29095458984375,14372800.0
2021-12-13,97.72036522620952,97.88339057369103,95.505109610268,95.75924682617188,14995600.0
2021-12-14,94.69955075912378,95.47632447978013,94.14813858002097,95.20301818847656,15371800.0
2021-12-15,94.86736841368797,96.45927592283837,93.59671192100413,96.41133117675781,19042200.0
2021-12-16,96.88125254583316,97.05386976692368,94.15773720378945,94.28240966796875,18368600.0
2021-12-17,93.49604336244673,94.76669281768052,92.85351923905654,93.63988494873047,23480400.0
2021-12-20,92.1425947847171,92.33467564036765,91.19177476522657,92.12818908691406,22326800.0
2021-12-21,93.11260592415529,94.53882852324018,92.39229177623017,94.51482391357422,13530600.0
2021-12-22,94.82216075558162,96.33961704129727,94.65408451794083,96.23877716064453,11491000.0
2021-12-23,96.35882410884895,97.83306322002943,96.21475981716715,97.5737533569336,10588600.0
2021-12-27,97.75622839848222,98.82228649607151,97.71300398483116,98.5245590209961,8428000.0
2021-12-28,98.74545435983424,99.09120568984312,98.39970302982536,98.5677719116211,8306200.0
2021-12-29,98.8078960479844,99.00958314229521,98.14040519035521,98.76467895507812,7584600.0
2021-12-30,98.42852949755265,99.27369547403669,98.32288283456532,98.40931701660156,7140200.0
2021-12-31,98.48615206417853,98.83190344637532,98.1067898315147,98.17401885986328,6885600.0
2022-01-03,100.02283364394646,101.00246512840593,99.45139049332981,100.99285888671875,14465400.0
2022-01-04,101.16092521133044,101.71316315177184,99.83074297374279,100.37818145751953,13169200.0
2022-01-05,100.24371492097112,100.5510486520634,97.62176830304782,97.66979217529297,17275600.0
2022-01-06,97.53533555808657,98.10197915634642,95.87861452509955,97.415283203125,17245000.0
2022-01-07,97.55935758034549,97.80906122874195,95.48004969816022,95.79218292236328,15005200.0
2022-01-10,94.53402385024779,95.2543379584248,92.47872818110916,95.20631408691406,21271400.0
2022-01-11,95.06707571711108,96.31562335353966,94.33715522224136,96.12353515625,16887400.0
2022-01-12,96.8006176027373,97.25201563850311,95.9314397084035,96.75740051269531,13156800.0
2022-01-13,97.0743435857424,97.54495415253437,94.58206253611263,94.81256103515625,16493800.0
2022-01-14,94.05861753459044,94.807743063648,93.01176450742393,94.37075805664062,20715200.0
2022-01-18,93.03577148098927,93.4823627043287,92.24342157720558,92.5843734741211,18186600.0
2022-01-19,92.98774693038747,93.2902811939308,90.84121034910568,90.91324615478516,17404400.0
2022-01-20,91.47028886604821,92.6131896378692,89.09805314340174,89.25652313232422,18093800.0
2022-01-21,88.95879375262443,89.33335650854761,86.60096377636414,86.6393814086914,37394400.0
2022-01-24,84.84338787016206,87.76786849870189,82.62002347243593,87.68142700195312,53233800.0
2022-01-25,86.18798744857692,87.52296909333263,84.98746385959413,86.19759368896484,35890200.0
2022-01-26,88.01757046624323,88.80511352440482,84.68011687608937,85.77980041503906,43384000.0
2022-01-27,86.57695801703822,86.72102231669017,83.51802618295568,83.70050811767578,33723000.0
2022-01-28,83.99342238529135,85.5252914428711,82.34630044142693,85.5252914428711,31685800.0
2022-01-31,85.95749067951567,88.88196444182024,85.62134553340273,88.81473541259766,22194800.0
2022-02-01,88.98759813602751,89.51583137965417,87.56618248894522,89.3525619506836,22366000.0
2022-02-02,89.93843893786052,90.05369186201814,87.97438373428395,88.8195571899414,19294200.0
2022-02-03,86.74983322427893,88.12323252874556,85.9190729369095,86.10155487060547,19166600.0
2022-02-04,88.00799691101992,89.607095421573,86.75944928297132,88.55062866210938,20021600.0
2022-02-07,88.85795718783015,89.84238806773372,88.04160255354977,88.36814880371094,18764600.0
2022-02-08,88.10882715904768,89.80396591836276,87.65262965052698,89.61188507080078,18318200.0
2022-02-09,90.73558220094695,91.32143836836826,90.42344896158667,90.79801177978516,16918800.0
2022-02-10,89.19411867511748,90.98529812887304,88.6610858160612,89.23253631591797,25946400.0
2022-02-11,89.32376311054465,89.65510882551699,86.27923675318996,86.66820526123047,25319200.0
2022-02-14,86.5577424570039,88.30090488565384,86.33684291377278,87.16280364990234,30854800.0
2022-02-15,88.5410296879101,89.19411489903831,88.35854773368715,89.11248016357422,20722400.0
2022-02-16,88.57463151801609,89.61668514441455,88.17605679553682,89.36698150634766,17397600.0
2022-02-17,88.7955382248287,89.21811759181747,86.85068833206584,86.97554016113281,18136400.0
2022-02-18,87.20605178621804,87.48456685976643,85.57814180608062,86.43771362304688,18990400.0
2022-02-22,85.22755736460807,86.06312431047974,82.90814521655211,83.91658782958984,27345600.0
2022-02-23,84.57448080678205,84.79538036430853,80.9633112398012,81.11217498779297,27134400.0
2022-02-24,77.77952620275573,83.0954410723503,77.54902771546817,82.96578979492188,41736000.0
2022-02-25,83.21550415123487,84.62252184924927,82.09662242240623,84.60811614990234,27338000.0
2022-02-28,83.7773370371549,85.57331554410743,83.62846596477029,85.20355224609375,32321800.0
2022-03-01,85.07870194161268,85.33801913139739,83.3307399483849,83.91179656982422,26997600.0
2022-03-02,84.21433058718456,86.04873424005719,84.00784403671102,85.6741714477539,20262800.0
2022-03-03,86.11115028471393,86.2600140214173,83.33073384707636,83.7341079711914,22404000.0
2022-03-04,83.25870275482113,83.46038981054258,81.54915857330387,82.4039306640625,21659200.0
2022-03-07,82.60564563333563,82.79292705746285,78.33177640793149,78.36539459228516,32146200.0
2022-03-08,78.27413035725516,81.02092864678262,77.65466346990091,78.52864074707031,50888400.0
2022-03-09,80.61755755019482,81.51554679604742,80.25259371151878,81.0545425415039,31938200.0
2022-03-10,81.035336047463,81.8949076472525,80.348640124338,81.63079833984375,25854800.0
2022-03-11,82.27908156820996,82.50958736920136,79.9980867870599,80.06051635742188,24156400.0
2022-03-14,79.96928090579134,80.61275982456276,78.23572445953276,78.72554016113281,30349200.0
2022-03-15,79.30176740837841,81.59236793368869,79.10487982711795,81.36186218261719,27120400.0
2022-03-16,82.30310834562802,84.13751220703125,81.51556503543678,84.13751220703125,33778800.0
2022-03-17,83.39798108273699,85.56372324044958,83.17228203669376,85.53971862792969,26085600.0
2022-03-18,85.29959474853327,87.44613126922398,84.89141384344634,87.34048461914062,30129200.0
2022-03-21,87.43140162898639,87.96044656535665,85.81061166551034,86.6089859008789,25648000.0
2022-03-22,87.1764914688304,89.04737588283525,87.11878015013453,88.7588119506836,16421600.0
2022-03-23,88.02775628712662,89.14355719781196,87.46985583178395,87.65742492675781,15758000.0
2022-03-24,88.05663593184997,88.44139522444944,87.07069253789918,88.34039306640625,15134000.0
2022-03-25,88.45579926251047,88.63856152853637,87.37847500075057,88.18647003173828,16407800.0
2022-03-28,89.11472282769434,90.56237891108628,88.99448600156136,90.538330078125,23065600.0
2022-03-29,91.73588435583329,92.43325642529683,90.92308230035952,92.11582946777344,19373400.0
2022-03-30,91.37996464801721,91.8609118303752,90.26416366238432,90.71625518798828,16296000.0
2022-03-31,90.69705023086391,90.69705023086391,88.89349770640035,88.97525787353516,16778000.0
2022-04-01,89.46099182988684,89.68223078524552,88.59529268470055,89.08585357666016,9978800.0
2022-04-04,89.1243430213613,91.11546455054155,88.52797306589447,91.08660888671875,15424200.0
2022-04-05,90.62488140950046,91.09140080137108,88.69147886323834,88.95118713378906,16219800.0
2022-04-06,87.74401076716823,87.74401076716823,85.87793323122047,86.68111419677734,27844800.0
2022-04-07,86.4935564334592,87.59492980616079,85.32485807427615,87.12359619140625,22538400.0
2022-04-08,86.58974097201914,87.3592595191393,86.03665456161404,86.3204116821289,18595000.0
2022-04-11,85.0218406199714,86.34925217496956,84.62746775438696,84.71884155273438,18593800.0
2022-04-12,85.90198210123894,86.79654421194223,84.56975626494663,84.90641784667969,23297400.0
2022-04-13,84.73326234926112,87.16686100614686,84.64669538790368,87.01776123046875,16820200.0
2022-04-14,86.85424745880141,87.33519462763735,85.73845384321116,85.80097198486328,17839400.0
2022-04-18,85.51721157617051,86.55605918155918,85.18055003886985,86.06068420410156,15385600.0
2022-04-19,86.10878911488923,88.68185973936562,86.03664996561965,88.55681610107422,17470000.0
2022-04-20,88.72994508440088,88.96560449842588,87.27748259173732,87.41695404052734,13876600.0
2022-04-21,89.80728402118741,90.36037779935738,86.29636739062455,86.57051086425781,23446600.0
2022-04-22,86.38292143159455,86.70515515460907,84.47356058105198,84.56013488769531,22307400.0
2022-04-25,83.81949116399204,85.24309833828714,83.31930922304532,85.17095184326172,25809600.0
2022-04-26,84.54089938375544,84.67075718435746,80.82798636194241,80.86165618896484,29196600.0
2022-04-27,81.37623454867216,82.59302992565374,80.36625020698918,80.8712387084961,25103000.0
2022-04-28,81.9774467964362,83.36257704742664,79.93342124570152,82.5305404663086,13985600.0
2022-04-29,80.73180813304934,81.45322902998282,78.18278616281647,78.3366928100586,18836600.0
2022-05-02,78.09622293197104,79.53906479519796,77.01889836550592,79.4813461303711,33548200.0
2022-05-03,79.44285528852008,79.79395202975634,78.60119768518193,79.28414916992188,24068800.0
2022-05-04,79.15911201277649,81.69370626390662,77.85574897784574,81.61194610595703,18696600.0
2022-05-05,80.52016076269828,80.57306523603702,76.12430466262356,77.03810119628906,22776800.0
2022-05-06,76.61010067306543,77.36519154026004,74.72478792889522,76.06182098388672,25545400.0
2022-05-09,74.40253408521298,75.44138185033637,72.41622704038616,72.82022094726562,22095400.0
2022-05-10,74.3544377432151,74.79209410421436,71.58417726061388,72.60379028320312,25447000.0
2022-05-11,72.44026778617587,73.17611644424119,69.80467908056497,70.00186920166016,25713600.0
2022-05-12,68.78025384056455,72.13727045401971,68.30892765713769,70.4828109741211,23601200.0
2022-05-13,72.07955465139379,73.59934956753771,71.52646830582074,73.25788116455078,12573400.0
2022-05-16,72.96449453172042,73.01739901116996,71.49760427304791,71.67555236816406,11730200.0
2022-05-17,73.10398736873012,73.51760232765275,71.63709668076767,73.48393249511719,11210000.0
2022-05-18,71.48317531358369,71.48317531358369,68.15502200651481,68.67925262451172,14761600.0
2022-05-19,68.25121532144404,69.86719812194704,67.83760045766435,68.72734832763672,15413800.0
2022-05-20,69.29006898831919,69.38625696386339,65.56753489151448,67.52980041503906,15624600.0
2022-05-23,67.79913088631639,68.21274579330822,66.28895689356436,68.03479766845703,13607000.0
2022-05-24,66.91899568217191,67.09694380462487,65.40882170977258,66.28414916992188,14872000.0
2022-05-25,65.8560949847553,68.73697128518025,65.82243249767674,68.155029296875,12955000.0
2022-05-26,69.11208855111326,71.99777080659749,69.06399825005688,71.49758911132812,16046000.0
2022-05-27,72.2959872356703,73.96968145094337,72.2959872356703,73.950439453125,15248800.0
2022-05-31,74.02740706528459,75.07106181901656,72.89718532066554,74.32559204101562,14145400.0
2022-06-01,74.72475890339868,75.23937589406545,73.07992047477063,73.5512466430664,12232800.0
2022-06-02,73.62338831243655,75.84536172794282,73.32038926898719,75.80207824707031,11625600.0
2022-06-03,74.25343141708908,74.78728305592257,73.3348205841886,73.58491516113281,10714200.0
2022-06-06,74.8930986061271,75.27304366528921,73.8686787212729,74.32077026367188,10234800.0
2022-06-07,72.80578216210964,74.35443257745162,72.38735314989525,74.13800048828125,9637200.0
2022-06-08,73.75805157777343,74.78247130509565,73.50795701728705,73.7003402709961,8810200.0
2022-06-09,73.74364297822679,74.53720300800273,72.3633267143274,72.36813354492188,7728400.0
2022-06-10,70.8723819214876,71.31965930903618,69.26601998409002,69.4824447631836,13439000.0
2022-06-13,67.06808076163455,67.7895015098888,65.77433171224455,66.27452087402344,20171800.0
2022-06-14,66.61120004406199,67.10176833748216,65.63487762689992,66.22163391113281,13355400.0
2022-06-15,66.68814177134459,68.8475900433323,66.57271179924514,68.0828857421875,18120800.0
2022-06-16,66.15908768017604,66.23604098417806,63.98520454348045,64.74991607666016,24019400.0
2022-06-17,64.75954504674955,66.02443867765905,64.52869241883401,65.45692443847656,22390000.0
2022-06-21,66.75076905372227,68.08125041640895,66.63025419767895,67.32923889160156,12856600.0
2022-06-22,66.37474884533987,68.56329491828245,66.37474884533987,67.19906616210938,12021800.0
2022-06-23,67.67632142903572,68.43797619249324,66.7507682287393,68.25479125976562,11777400.0
2022-06-24,68.74166239337829,70.88199960848921,68.41867617404453,70.85790252685547,13404600.0
2022-06-27,71.20499077452588,71.57135323738035,69.888963435414,70.11553192138672,14574200.0
2022-06-28,70.27942792833778,71.11339588243635,67.29066149205215,67.31476593017578,11367800.0
2022-06-29,67.28101286850021,67.72450649460583,66.53863750637963,67.26172637939453,11919200.0
2022-06-30,66.38442330314608,67.1075126220045,64.96234175820857,66.27354431152344,12569200.0
2022-07-01,66.37956250740422,67.5798927829335,66.12407167313494,67.49311828613281,11335400.0
2022-07-05,66.52418385892155,69.04535195573446,66.0565857462445,69.00196838378906,11515800.0
2022-07-06,68.88145952816403,69.48885165496822,67.99447209852055,68.77540588378906,15889800.0
2022-07-07,68.95379235559797,70.6843916691512,68.94415646100333,70.5494155883789,8559000.0
2022-07-08,69.9660976516287,71.0796536350878,69.64311875186316,70.55902862548828,6196600.0
2022-07-11,70.11072039900043,70.30354121698014,68.45725283003573,68.6259765625,7615200.0
2022-07-12,68.62597425787894,69.7009646255184,67.77272708790521,68.2114028930664,14874400.0
2022-07-13,66.86161855209056,69.3779685026269,66.5916665407234,68.77057647705078,14236200.0
2022-07-14,68.01376853879684,68.828450216189,67.18462566582383,68.71275329589844,10515200.0
2022-07-15,69.57563976073267,70.13964842206798,69.14660715395743,69.82148742675781,7519600.0
2022-07-18,70.77595983170285,71.61956372440643,69.75398897127667,70.02394104003906,8042600.0
2022-07-19,71.0507393758212,72.27999239833473,70.44816508592663,72.16912078857422,8840000.0
2022-07-20,72.30891241844039,73.49478181858571,72.12572748650793,73.35498046875,9340400.0
2022-07-21,73.62010891850554,75.08074824781255,73.2007196127567,75.03253936767578,10763200.0
2022-07-22,75.50977039501606,76.06896096271626,74.14072371324636,74.59867858886719,7794600.0
2022-07-25,74.66137539221572,74.69994103369383,73.50442821480438,73.95756530761719,9123400.0
2022-07-26,72.27034623525834,72.59815046067422,71.44602875908973,71.57617950439453,8196400.0
2022-07-27,72.66080201272459,74.67098857104479,72.31371870064783,74.28534698486328,10402600.0
2022-07-28,74.71919374602834,75.68813032012335,73.54779314252427,75.56279754638672,11074600.0
2022-07-29,77.28858771669353,78.80707194793568,76.76796266024516,78.49373626708984,13605400.0
2022-08-01,78.50818011482205,80.0170281203433,78.12253119277595,78.88418579101562,17921800.0
2022-08-02,78.39248557703928,79.72297403012483,78.08396790129974,78.34428405761719,13815400.0
2022-08-03,79.20235658847348,80.61961232438414,78.89865682916626,80.25324249267578,12027600.0
2022-08-04,80.45088134993347,80.9184794888362,79.98810115630336,80.58103942871094,9827600.0
2022-08-05,79.67959234523835,80.37858433655548,78.79743014547971,79.2071762084961,8788200.0
2022-08-08,80.03151735391592,81.26558845236224,79.26021923956499,79.56391906738281,7294000.0
2022-08-09,79.08185607728295,79.33734700325549,77.83332383818794,78.29609680175781,6639400.0
2022-08-10,80.58104514307621,80.8413539634492,79.60728316711092,80.50391387939453,7246800.0
2022-08-11,81.21255873670026,81.58856453131776,79.84351162011122,80.09417724609375,7822000.0
2022-08-12,80.6726520057426,81.9308274661213,79.97848521992768,81.90672302246094,5897800.0
2022-08-15,81.69942800307038,82.7310348621021,81.59819964457434,82.4707260131836,7714800.0
2022-08-16,82.60086407757318,84.24468070188425,82.35500912672377,83.38179779052734,7224600.0
2022-08-17,82.46591220403418,83.34325656279903,81.94528712443648,82.48519134521484,7495400.0
2022-08-18,82.38875362029665,82.64906239599458,81.93079877370091,82.4610595703125,5669000.0
2022-08-19,81.73799471461825,81.84404837629532,80.4894625724529,80.75941467285156,7149600.0
2022-08-22,79.53498315391718,79.53498315391718,78.34911379194509,78.51783752441406,8369400.0
2022-08-23,78.58048253924764,79.32285796807112,78.32499170294426,78.73956298828125,8787000.0
2022-08-24,78.58050573830306,79.86760354522475,78.38768490683768,79.0770263671875,6664000.0
2022-08-25,79.56872121480023,80.1182686215714,78.97097228273064,80.02185821533203,6090000.0
2022-08-26,80.16647294670919,80.43160706553195,76.95595584745631,76.97523498535156,7893800.0
2022-08-29,75.90507930226123,77.20663826157593,75.90507930226123,76.56549835205078,7051400.0
2022-08-30,77.21144703468183,77.38498869901582,74.95058745275684,75.71224212646484,7334400.0
2022-08-31,76.1027101474811,76.33410394041192,74.9457706053959,74.96504974365234,8862800.0
2022-09-01,74.47335558209825,75.7122443524167,73.7213367774467,75.64957427978516,11943800.0
2022-09-02,76.4064409771238,76.73906325354889,74.52641161773656,74.9554443359375,16482600.0
2022-09-06,75.28319912595697,75.461558711085,73.68276609343586,74.80113983154297,17922000.0
2022-09-07,74.71918503007106,77.20178726784624,74.71918503007106,77.09573364257812,12633200.0
2022-09-08,76.30516267094748,77.87185538178927,76.06413302312568,77.81401062011719,9391400.0
2022-09-09,78.18521080853121,79.41928162532083,78.18521080853121,79.28912353515625,8950800.0
2022-09-12,79.72780110119326,80.5955094621685,79.72780110119326,80.31109619140625,8791600.0
2022-09-13,77.75134285171596,78.1321738256688,75.9580889862065,76.1701889038086,13350800.0
2022-09-14,76.43533499175851,77.47176708402026,76.04968601221093,77.1487808227539,14924800.0
2022-09-15,77.04755843424434,78.30573382206694,76.37749613073072,76.75350189208984,11364000.0
2022-09-16,75.59656277623627,76.2666250846842,75.05183327061663,76.13646697998047,17364200.0
2022-09-19,75.48431250801346,77.22819081215596,75.43601006057577,77.21369934082031,10028600.0
2022-09-20,76.41663075107972,76.70646751780258,75.26692500793067,75.90457916259766,9142000.0
2022-09-21,76.11714995314638,76.82242623258342,74.09309061880663,74.10758209228516,10222400.0
2022-09-22,73.73078109864936,73.99646299783716,72.0255491065868,72.39750671386719,11338800.0
2022-09-23,71.43621014213397,71.55214192634278,69.8275902968383,70.73092651367188,11213000.0
2022-09-26,70.4410946778513,72.10768053344714,70.4314312381338,70.57151794433594,12839600.0
2022-09-27,71.61009596073,72.33469890164159,70.03045948565092,70.79370880126953,14563400.0
2022-09-28,71.0932174021371,73.08829342754153,70.73574392208789,72.7066650390625,13861400.0
2022-09-29,71.5569592367712,71.65357148952963,69.51840900808614,70.1947021484375,12313600.0
2022-09-30,69.37350237928129,70.788890256175,68.61025288189191,68.81314086914062,12232400.0
2022-10-03,68.75034457348998,69.51842207823282,67.72623386278909,68.88076782226562,17291600.0
2022-10-04,70.59081801371049,71.98205059181002,70.38793008296769,71.28643798828125,19663800.0
2022-10-05,70.15606125217886,71.33474999259519,69.40730333550033,70.86617279052734,12541200.0
2022-10-06,70.7164305256277,71.41205067064452,70.05945676322779,70.3637924194336,14429000.0
2022-10-07,69.32035213359431,69.47493764160946,67.54749105066097,67.943603515625,11195400.0
2022-10-10,68.04505336765709,68.23827788785502,66.85670119241517,67.5233383178711,9728400.0
2022-10-11,67.19002807550771,68.33973401487334,66.52822627228154,66.97264862060547,12003400.0
2022-10-12,66.97747603671712,67.66344011543828,66.43644142131951,67.14655303955078,19440000.0
2022-10-13,65.13698695918718,68.26244228835229,64.51383152950507,67.88082122802734,19564200.0
2022-10-14,68.55711551463975,68.91458904008275,65.2384355899588,65.34471130371094,13421400.0
2022-10-17,66.74077563771192,68.18031834892545,66.7117926940902,67.99674987792969,13131000.0
2022-10-18,70.11741571352061,70.32031104494388,68.26243375772188,68.93389892578125,10368000.0
2022-10-19,68.37353951649452,68.81796920026409,67.44122047775254,68.16099548339844,7144800.0
2022-10-20,67.23350097590706,68.48948259752775,66.62000900807082,66.84221649169922,10195200.0
2022-10-21,66.76492695520393,68.85177986515706,66.39779003296759,68.78897857666016,15575800.0
2022-10-24,68.4749820803409,69.36866204356315,67.25281896869619,69.07398986816406,9081200.0
2022-10-25,69.10780701963172,70.99660740505348,69.10780701963172,70.80338287353516,7455000.0
2022-10-26,69.94834391884102,71.64874767751965,69.75511203089864,70.23335266113281,6864600.0
2022-10-27,70.57632880526326,71.02557908678563,69.71646724556138,69.96282958984375,12722200.0
2022-10-28,68.08369672822374,70.12224702144181,67.59579267412849,70.025634765625,14082600.0
2022-10-31,69.65367062259,70.10292093414758,68.98703351920241,69.57637786865234,9367400.0
2022-11-01,70.75990204879918,70.96279002095972,68.73584298963854,68.87110900878906,12514600.0
2022-11-02,68.80345947863306,69.20440731467036,66.2480297417714,66.26734924316406,19853200.0
2022-11-03,65.79394595861443,66.62965262496327,65.43647988973578,65.8712387084961,11117400.0
2022-11-04,67.43156318456273,68.09337236612866,65.17080503498627,66.42195129394531,12628800.0
2022-11-07,66.8229033971297,66.88086929041249,65.31089579828523,65.95820617675781,7424600.0
2022-11-08,66.03547962522654,66.58134953072204,64.88578130895696,65.7939453125,9535600.0
2022-11-09,65.44615095874983,65.75048662427653,63.71676398165694,63.784393310546875,10155400.0
2022-11-10,66.98231663791057,68.52330717564824,66.27703299865699,68.44601440429688,15516000.0
2022-11-11,68.547456982142,70.47490406928348,68.33974094469626,70.08844757080078,11350400.0
2022-11-14,69.47977443859222,70.09327377296809,68.90492148609486,68.97737884521484,15841000.0
2022-11-15,70.61496994667104,70.99177026557368,69.14644453078547,69.91935729980469,8739400.0
2022-11-16,68.63439669835185,69.4218009797808,68.34938795550632,68.85177612304688,9573600.0
2022-11-17,67.85666157711134,68.30591193463451,67.37842090561334,68.01607513427734,7565000.0
2022-11-18,68.89525369702683,68.91940860555596,67.32045243290655,68.10785675048828,7414000.0
2022-11-21,67.72621119323348,67.91944304144299,66.76007406530992,67.12237548828125,6752800.0
2022-11-22,67.38808905064643,67.91463220679448,66.92433981822134,67.88082122802734,5520800.0
2022-11-23,68.12234051956113,69.00635700027027,67.982246488557,68.86143493652344,6177000.0
2022-11-25,68.89525004514331,69.09330996512325,68.53778395361569,68.90008544921875,2728400.0
2022-11-28,68.52812869860126,69.24306833806138,68.32524072136435,68.47499084472656,6041000.0
2022-11-29,68.53777956681148,68.78896994720118,67.99673768903155,68.25759887695312,10423000.0
2022-11-30,68.29141451280842,70.6343004762003,67.8518276315789,70.61014556884766,16408600.0
2022-12-01,70.87101141597749,71.16568361447513,70.06428020961451,70.6004867553711,9654000.0
2022-12-02,69.60536172903427,70.7212491587352,69.59087025885968,70.50870513916016,11972400.0
2022-12-05,69.57155889957139,69.78893834867924,68.29142237296969,68.47499084472656,11580000.0
2022-12-06,68.27693488619514,68.57160711650953,66.82290061227498,67.40740966796875,7899800.0
2022-12-07,66.9485024575899,67.7165800717584,66.74078641406608,67.00164031982422,10852600.0
2022-12-08,67.11272689125387,67.90496658750939,66.79390717054174,67.64893341064453,6407000.0
2022-12-09,67.23832392230689,68.02572814950076,67.13204823381291,67.35425567626953,7218400.0
2022-12-12,67.21417466292861,67.5233383178711,66.77458040277891,67.5233383178711,6545600.0
2022-12-13,69.7647766589648,70.19954288597461,66.79390727742448,67.5233383178711,10744000.0
2022-12-14,67.38324415134282,67.93877011340294,66.26734945253543,67.02094268798828,10903800.0
2022-12-15,65.9823495804847,66.3011766800182,65.43165157721917,65.9195556640625,11947800.0
2022-12-16,65.5427551405846,65.79878832303288,64.34958227913506,64.68772888183594,13371800.0
2022-12-19,64.67608702175686,64.8117163270019,63.39729114998721,63.649169921875,8675800.0
2022-12-20,63.256840573383826,63.78482683959918,62.82089010226483,62.908077239990234,7710200.0
2022-12-21,63.67342294685727,64.26438266937517,63.431226581603916,63.9107780456543,10670200.0
2022-12-22,63.18901596703928,63.23260952905525,61.33863630159472,62.268672943115234,12894200.0
2022-12-23,62.10397885482442,62.86931266292473,61.6825522643578,62.69493103027344,6550800.0
2022-12-27,62.404300396733944,62.52055728316881,61.63895919133812,61.677711486816406,8536000.0
2022-12-28,61.70676700890865,62.30741643526118,61.033461656129674,61.15940475463867,10073800.0
2022-12-29,62.036172931497596,62.87417018289675,61.79397290034072,62.73369216918945,7492200.0
2022-12-30,62.113662789695184,62.57868295102849,61.847249069514326,62.564151763916016,7531000.0
2023-01-03,62.93712341913849,63.11635369707214,61.43551087860978,62.191162109375,9567000.0
2023-01-04,62.772420310507385,63.557141161668106,61.98286189096903,63.09212112426758,8079600.0
2023-01-05,62.651346501712354,62.92260521577567,62.08460796170601,62.50602722167969,7776200.0
2023-01-06,62.331645192748425,64.22078103943338,61.890849785020166,63.9737434387207,9239400.0
2023-01-09,64.74877512143742,65.40754952774341,64.31282462235474,64.36125946044922,9387800.0
2023-01-10,64.395157500134,65.17987119657549,64.04639421477223,65.17018127441406,8830800.0
2023-01-11,65.72724368901198,66.93337672735943,65.66911893282533,66.92853546142578,12708000.0
2023-01-12,67.3451019512955,67.42260654046292,65.964580097823,67.03993225097656,9572200.0
2023-01-13,66.0033428707784,67.73262825879284,65.91131447168209,67.6696548461914,7969400.0
2023-01-17,67.86825441080215,68.26061127426152,67.52433237754111,67.71809387207031,7499800.0
2023-01-18,68.40592926137965,68.79828611746309,66.80743206997907,66.83649444580078,9596800.0
2023-01-19,66.34726353242584,66.55554882937274,65.38816813082445,65.72724151611328,12957200.0
2023-01-20,65.87255549157977,67.35963700139627,65.54801332097648,67.32088470458984,7502600.0
2023-01-23,67.50011608396505,68.62874440985962,67.10775184422312,68.37201690673828,9168000.0
2023-01-24,68.13465945549561,68.61905201686058,67.69386045075494,68.29450988769531,6373000.0
2023-01-25,67.25790939334595,68.73530077694711,66.74929573102307,68.64327239990234,7540400.0
2023-01-26,69.85912179436889,70.25147873251886,69.16643633033824,70.04803466796875,9641200.0
2023-01-27,70.10614308095978,72.18903286258185,70.09161189339864,71.63682556152344,10945200.0
2023-01-30,71.09915602704945,71.56901751165744,70.35803582787305,70.4161605834961,9578400.0
2023-01-31,70.49366615427762,72.02919006347656,70.49366615427762,72.02919006347656,6975600.0
2023-02-01,71.84026108336933,73.97159283232426,71.09914104041,73.3951644897461,13913800.0
2023-02-02,74.98882060508674,76.54856543872435,74.64490598267454,75.64275360107422,14039600.0
2023-02-03,73.3758017162438,75.05664492133208,72.98828609072349,73.31283569335938,13593800.0
2023-02-06,73.03672791554615,73.65190869051806,72.59592880154085,73.20626831054688,8770000.0
2023-02-07,72.88656714054376,73.55987266999826,71.52542489253646,73.37580108642578,9833200.0
2023-02-08,73.13359771433517,73.312828014723,72.24715830834677,72.75093078613281,11128000.0
2023-02-09,73.71970218576433,74.20409472800209,72.25683463865806,72.61528778076172,8316200.0
2023-02-10,71.98075422246797,72.32466888147835,71.1815018766247,71.76277160644531,6433000.0
2023-02-13,71.75790899251845,72.847792183408,71.2735164632342,72.81388854980469,6721400.0
2023-02-14,72.30043553784449,73.88440138140957,71.84995397560037,73.68579864501953,8722600.0
2023-02-15,73.47751588467598,74.56255059611904,73.19172601987586,74.54801940917969,6820200.0
2023-02-16,73.40486387403914,74.4463125764473,72.90594000222693,72.92047119140625,11257600.0
2023-02-17,72.50387346334921,72.96889356431193,71.70946997560586,72.93498992919922,7480200.0
2023-02-21,71.8451230363673,72.03887714429352,70.47913218437743,70.49850463867188,8837200.0
2023-02-22,70.65834611287627,71.32196900013432,70.34349387974805,70.85694885253906,9928400.0
2023-02-23,71.10399811619442,71.19603390782694,69.60238524566313,70.79883575439453,10568600.0
2023-02-24,69.48612775911158,69.8203598875023,69.11314332976659,69.68473052978516,11914600.0
2023-02-27,70.47426486057093,71.07490680780056,70.25628233069673,70.54692077636719,11244400.0
2023-02-28,70.50335329567956,71.01680833380497,70.22240466531473,70.49850463867188,11185000.0
2023-03-01,70.2466136406387,70.4791200082309,69.20516516453347,69.612060546875,12688800.0
2023-03-02,68.49797153245473,69.48612936019803,68.31389994649196,69.37956237792969,10982800.0
2023-03-03,69.98503593611092,70.99257336134765,69.8251855022218,70.87147521972656,10035200.0
2023-03-06,71.05070673283745,71.29775170214286,70.32896645152061,70.35318756103516,9854400.0
2023-03-07,70.24660909777273,70.59537232222849,69.36016985155132,69.39407348632812,11941800.0
2023-03-08,69.26814270019531,69.41346196033275,68.55608497764199,69.26814270019531,10816600.0
2023-03-09,69.1470381644635,69.86393708604238,67.55823115380545,67.6163558959961,13337400.0
2023-03-10,67.83917571220393,68.5415434066738,66.71538148805735,66.94304656982422,29058600.0
2023-03-13,65.95489108790967,67.94089609931096,65.73691591963004,67.08352661132812,23628200.0
2023-03-14,67.99419764368537,68.4156242983406,67.36933434306962,68.22186279296875,15038200.0
2023-03-15,67.20947953729511,68.15889237425812,66.84134378770486,68.1201400756836,18002800.0
2023-03-16,67.69386497181169,69.64596653318763,67.64058149085315,69.3504867553711,21495600.0
2023-03-17,69.33113266321268,69.3747262342924,67.90701687797119,68.46406555175781,16880000.0
2023-03-20,68.38146597191594,69.18314990741783,67.90045116233435,68.76044464111328,11729600.0
2023-03-21,69.64957450913047,70.76707129556793,69.62041603673538,70.6601791381836,12776800.0
2023-03-22,70.69419912767675,71.20922097291441,69.05681695672314,69.08596801757812,10983600.0
2023-03-23,69.92166783902172,70.43183365617611,68.32801222563661,69.0130844116211,12255600.0
2023-03-24,68.85275450479897,68.9110566285309,67.91502000324327,68.78958892822266,9434600.0
2023-03-27,69.45035084448473,69.70786169197758,68.64380379839885,68.93046569824219,8414400.0
2023-03-28,68.91105070298075,69.09568396398898,68.38145335448802,68.84788513183594,5719600.0
2023-03-29,69.59612831667896,70.17917172904096,69.35319294371152,70.15487670898438,7725400.0
2023-03-30,70.82539175434313,71.12177325212909,70.48528366191671,70.76708221435547,6478400.0
2023-03-31,71.21893878544293,72.70084612563328,71.11690266105622,72.65711212158203,10453800.0
2023-04-03,72.00117456722562,72.34128254776796,71.49100888951314,71.991455078125,11338400.0
2023-04-04,72.22955368684123,72.3947479767379,71.24809261156106,71.87486267089844,9383000.0
2023-04-05,71.57359888354692,71.59789389697968,70.25203022181418,70.40264892578125,8861600.0
2023-04-06,70.07713591663831,70.54357509684631,69.42607089355151,70.41724395751953,7636200.0
2023-04-10,69.69816690971398,70.75250568831635,69.28031771237752,70.72821807861328,7276800.0
2023-04-11,70.76706550719615,71.23836068607783,70.51927411560008,70.83995056152344,8808000.0
2023-04-12,71.42786218847864,71.45215721074527,69.66415626167992,69.74188995361328,9062600.0
2023-04-13,70.24718985286431,71.34525501524857,70.01883002049695,71.28209686279297,13140000.0
2023-04-14,71.1217650763191,71.81170067415832,70.7816496091903,71.3744125366211,10801600.0
2023-04-17,71.55417488066686,72.0351820939862,71.19462791974907,71.87970733642578,9102400.0
2023-04-18,72.23926565676244,72.40446736021211,71.68537325150155,71.99633026123047,9058800.0
2023-04-19,71.32583156081951,72.34129970564345,71.25780994857772,71.92830657958984,7600400.0
2023-04-20,70.74764084601077,71.42785693666329,70.42210833021282,70.82051849365234,8287000.0
2023-04-21,71.3987031250074,71.88943731287279,70.84967423507551,71.60276794433594,8870200.0
2023-04-24,71.70967524023794,72.13238791091304,70.93714238670854,71.59307098388672,7750000.0
2023-04-25,71.12175493681768,71.2480786489593,70.16458907146438,70.17430114746094,8494400.0
2023-04-26,70.5290041992248,70.75736405891296,69.67386688165222,69.81477355957031,7706000.0
2023-04-27,70.30549184183022,71.73880898593666,70.25690921801235,71.65621185302734,9630800.0
2023-04-28,71.32097313272786,71.93803113897816,70.65533249362493,71.84085845947266,8271000.0
2023-05-01,71.66593816542238,71.82142036955759,71.02944864656791,71.13147735595703,8547800.0
2023-05-02,71.02458374033745,71.35983574906747,70.3395116070624,71.20436096191406,9217200.0
2023-05-03,70.90797746188157,71.85542392853633,70.58730099199869,70.6407470703125,8512000.0
2023-05-04,70.65049597495482,70.9565896292797,69.98484773813547,70.09660339355469,10663000.0
2023-05-05,70.75736260920856,71.65136304671803,70.63103146417379,71.51531982421875,7371800.0
2023-05-08,71.73395235688004,71.78739843229867,71.28209614872146,71.75824737548828,6850000.0
2023-05-09,71.3647001574369,71.79226138818572,71.24808850516023,71.73881530761719,8465000.0
2023-05-10,72.39960720058983,72.76887376342657,71.27724680838917,72.10322570800781,9028000.0
2023-05-11,72.14695852768203,72.53079320168906,71.87486464919841,72.4384765625,8288600.0
2023-05-12,72.68627204765056,72.87576135632605,71.3987100253891,71.82627868652344,7557800.0
2023-05-15,71.90886724060137,72.0643494310964,71.29180934449738,71.91858673095703,6412000.0
2023-05-16,71.42785116400367,72.26841283913379,71.32582246555123,71.62705993652344,6948800.0
2023-05-17,72.07894244321729,73.19643944981544,72.0643669110478,73.11870574951172,9331800.0
2023-05-18,73.27903291674127,74.2847815530872,73.26931342550037,74.25563049316406,8606600.0
2023-05-19,74.0758492498959,74.11471238126309,73.26443866698595,73.63370513916016,7150200.0
2023-05-22,73.66771665983293,73.88636441625465,73.15269487958393,73.40534973144531,7120000.0
2023-05-23,72.84175545917758,73.77462658252684,72.58910054645779,72.73486328125,8583200.0
2023-05-24,72.5793841034452,72.85147057133662,71.90402397285749,72.4676284790039,6952400.0
2023-05-25,72.6911338736478,72.78345051590591,71.8991620624865,72.14209747314453,7997800.0
2023-05-26,72.31214237287806,74.37223695805119,72.19067468913951,73.83777618408203,10410200.0
2023-05-30,74.64433102910697,74.89697849922602,73.85235927759575,74.3333740234375,10981400.0
2023-05-31,73.84263449009647,73.99325323634974,72.64253314480196,73.6628646850586,12489800.0
2023-06-01,73.59970647130625,74.89698061347586,73.08954065018786,74.53257751464844,10168800.0
2023-06-02,75.42170691677254,76.5683620688461,75.37798033294989,76.28170013427734,10824600.0
2023-06-05,76.26713541560414,76.76758171596501,76.06307058171133,76.51007080078125,7854800.0
2023-06-06,76.36915802793378,77.41378454906659,76.3205754030572,77.30689239501953,9799200.0
2023-06-07,77.8510643834387,78.11343872731503,76.63638756793439,76.78215026855469,9206400.0
2023-06-08,76.90362970670166,78.05514113142073,76.85503966113376,77.91909790039062,6720000.0
2023-06-09,78.72078238782278,79.36699138644616,78.1377389602361,78.3223648071289,11579000.0
2023-06-12,78.80337125357649,79.77511266879776,78.570155389787,79.66822052001953,9410800.0
2023-06-13,80.30473520934642,80.54767063953291,79.65852607539419,80.49422454833984,10836400.0
2023-06-14,80.63510659831273,80.86345901218067,79.36212029192026,80.43589782714844,13420200.0
2023-06-15,79.71681210418605,81.2424458591552,79.5759054445157,80.96063995361328,10713600.0
2023-06-16,81.5339716257636,81.56312268536176,80.78573391214599,80.83917999267578,13295000.0
2023-06-20,80.6658565185943,81.53731128026284,80.41755925279193,81.44480895996094,10973400.0
2023-06-21,81.41558436042934,81.61519381204313,80.32991546180271,80.46623229980469,10916000.0
2023-06-22,79.96966288935961,81.51297041041212,79.87716799434388,81.49349975585938,10753000.0
2023-06-23,80.53441401076128,81.2841642653235,80.21796570860087,80.54901885986328,11690400.0
2023-06-26,80.05730078374512,81.21112837518106,79.48281617694293,79.51689910888672,8673400.0
2023-06-27,79.98427433414508,81.33284570604476,79.88204038906517,81.22573852539062,10957000.0
2023-06-28,81.0115297943729,82.1361552694027,80.94337135001169,81.54706573486328,8715400.0
2023-06-29,81.68825055589144,81.88299427964202,81.14784879414297,81.63469696044922,7752600.0
2023-06-30,82.32112260998379,82.934555815095,82.11178154575165,82.6716537475586,9479000.0
2023-07-03,83.49930845872869,84.13221242521846,83.49930845872869,83.66970825195312,9303200.0
2023-07-05,83.53825457489387,83.83523218061654,83.20720146882225,83.70378112792969,14528600.0
2023-07-06,82.64732900587126,82.80312396030577,81.97061045855999,82.355224609375,11474400.0
2023-07-07,82.39902385459527,83.27535173879106,82.24810216345534,82.45744323730469,10563600.0
2023-07-10,82.52075423002752,82.77391732599398,82.00469642461664,82.71062469482422,10638800.0
2023-07-11,82.93943522403704,83.54312948859014,82.86641098702779,83.40193939208984,9633200.0
2023-07-12,84.53630963784559,84.64828262855607,83.95695917015314,84.15170288085938,10131800.0
2023-07-13,84.93551047578049,85.14971736859394,84.34155528562941,84.94037628173828,7390000.0
2023-07-14,84.93551602702053,85.53433706226731,84.784586887928,85.15946197509766,7919800.0
2023-07-17,85.20815694297364,85.70960989403616,85.1205204216308,85.50513458251953,8363400.0
2023-07-18,85.19841162370989,86.05526154627489,84.9452485491315,85.85565948486328,9365200.0
2023-07-19,86.0747455645443,86.56159366453753,85.98710904361505,86.15750885009766,13090400.0
2023-07-20,85.16920164644684,85.2860404276256,83.10496317731635,83.22180938720703,19470600.0
2023-07-21,83.96668588912723,83.98615654298366,82.88101679036751,83.24127960205078,10484000.0
2023-07-24,83.12446149094653,83.91801897819987,82.77393020467356,83.78657531738281,9651200.0
2023-07-25,83.74761472558569,83.91800710841123,83.37760540423704,83.5918197631836,6483600.0
2023-07-26,83.06601576340172,83.93747797336708,82.98812571761289,83.57234191894531,8834600.0
2023-07-27,84.41458350115815,84.5752442498816,82.54508876299529,82.70574951171875,9464000.0
2023-07-28,83.6064342467078,84.33184069514853,83.34353950325044,84.1078872680664,7943000.0
2023-07-31,84.31720830420936,84.59470780784751,84.03970137186009,84.58497619628906,6943600.0
2023-08-01,84.16142104340501,84.27826725115331,83.56746582093011,83.62589263916016,6900200.0
2023-08-02,82.65706643293385,82.9540440588997,81.95600400909893,82.12640380859375,9707000.0
2023-08-03,81.65903038556392,82.52561941619254,81.46429411549262,82.3211441040039,8049600.0
2023-08-04,84.63853555809351,85.01340320390885,83.42141544612042,83.51878356933594,13507200.0
2023-08-07,83.81089530466193,84.3902457174709,83.10984029867132,84.37564086914062,7369000.0
2023-08-08,83.52364972778551,83.83036637448431,82.89074578114733,83.70378112792969,7255400.0
2023-08-09,83.82063778574528,83.82550359248427,82.56944201226774,82.71062469482422,9045000.0
2023-08-10,83.33380334859812,84.18092186903941,82.5110287232704,82.91024780273438,8723000.0
2023-08-11,82.35034643338473,82.87614322998687,82.01929331814182,82.62785339355469,6302200.0
2023-08-14,82.12152278991266,82.89074357489608,81.96086947599674,82.88101196289062,5639400.0
2023-08-15,82.57432341282394,82.93945956244222,81.62983671721709,81.75154876708984,6628600.0
2023-08-16,81.40099765949302,81.93653352009127,80.71454008237492,80.73888397216797,6715400.0
2023-08-17,80.96770308993197,81.04560056571306,79.32215420043924,79.37084197998047,8709200.0
2023-08-18,78.51398586403498,79.40004543811663,78.34845188382738,79.19070434570312,8249000.0
2023-08-21,79.65321303275178,80.22769018959094,79.20044046470503,80.10111236572266,6645200.0
2023-08-22,80.7194171251628,80.88007789092079,79.9161132963729,80.21796417236328,8006600.0
2023-08-23,79.84795080679717,81.09428812984753,79.77006075993515,80.860595703125,7728600.0
2023-08-24,81.00178184776287,81.10888901426517,79.25399168277276,79.27833557128906,7949000.0
2023-08-25,79.6337432038262,80.39809081874473,78.91807593918672,80.1644058227539,10093000.0
2023-08-28,80.68046165669702,80.76322493602524,80.00374314575512,80.48572540283203,5962800.0
2023-08-29,80.46625093124428,82.53048948692322,80.46625093124428,82.49640655517578,8913800.0
2023-08-30,82.34548029913684,83.16338890016418,82.14100500605797,82.85179901123047,7289000.0
2023-08-31,82.90535765878559,83.5626055492441,82.78851887201058,83.1098403930664,7872600.0
2023-09-01,83.58208534420669,83.79629971500252,82.1215409201039,82.60352325439453,10618400.0
2023-09-05,82.45745098213202,82.85666994470549,81.98034197820047,82.66192626953125,9426200.0
2023-09-06,82.22864705547248,82.35523232498798,81.33284826968627,81.92680358886719,11155000.0
2023-09-07,81.06021606445313,82.25299253281206,80.850874928087,82.15562438964844,10439400.0
2023-09-08,82.04365139644594,82.71549678437412,81.9268051674217,82.15562438964844,5709400.0
2023-09-11,83.37760469214817,84.49735683153378,83.33865595188028,84.36590576171875,10648600.0
2023-09-12,84.06404372860533,84.62878919458659,83.6015396118164,83.6015396118164,9908200.0
2023-09-13,83.86443007877622,84.50220717055096,83.58693059403782,84.2636489868164,7984800.0
2023-09-14,84.54117545481489,85.31039639759102,84.14682965506861,85.09131622314453,9777000.0
2023-09-15,84.70181076880519,84.81865696011842,83.44574206985318,83.63561248779297,11981600.0
2023-09-18,83.39909907292193,83.49664039047008,82.61387918748231,82.7260513305664,7442400.0
2023-09-19,82.29686972348206,82.47244707541995,81.55554229953029,82.3115005493164,8324000.0
2023-09-20,82.57972625830604,83.05280192417158,81.48724437523839,81.49211883544922,8857400.0
2023-09-21,80.46305580277264,80.50695571981771,79.25352713394444,79.26815795898438,12236000.0
2023-09-22,79.75100085985015,79.91682184521584,78.41953618990505,78.4878158569336,14209400.0
2023-09-25,78.16593215038615,79.13647833802867,77.97084206704477,78.97065734863281,9486800.0
2023-09-26,78.25371316573465,78.7365527255232,77.36119561444845,77.53189849853516,11667000.0
2023-09-27,77.73672741040878,77.9903407521199,76.4442883994351,77.23438262939453,12485000.0
2023-09-28,76.95151017622825,78.32198525163862,76.75642756351509,78.09764099121094,10291800.0
2023-09-29,79.23402149627395,79.53640180165792,78.07813422977115,78.51219940185547,13116600.0
2023-10-02,78.04400079567799,79.21451148537858,77.85379262255351,78.57560729980469,14663600.0
2023-10-03,77.97083490324373,78.05374539032401,76.39552076486821,76.66376495361328,14613800.0
2023-10-04,77.03930735787966,78.34637731667229,77.01979463023866,78.17567443847656,15340600.0
2023-10-05,78.06838221031751,78.27809565458902,77.1709828098786,77.78550720214844,13922000.0
2023-10-06,76.96614072315519,78.63412161420264,76.54183194897219,78.33174133300781,15265000.0
2023-10-09,77.3855882677241,78.57073729200111,76.89299975092429,78.41466522216797,10496000.0
2023-10-10,78.53658009612812,80.02410919495222,78.5024439879844,79.27302551269531,13458600.0
2023-10-11,79.59493385071688,79.98023212921196,78.85360638881929,79.55591583251953,7974400.0
2023-10-12,79.57053580395304,79.71197703086354,78.15129372551078,78.68777465820312,9181200.0
2023-10-13,78.8048323907728,78.92676089599891,77.31730313862914,77.53189849853516,11327000.0
2023-10-16,77.95131459557322,79.03891452370141,77.75622456775235,78.7853012084961,11071400.0
2023-10-17,78.06839082967834,79.36083007338982,77.92207512765374,78.97065734863281,13419800.0
2023-10-18,78.3707454576605,78.49267392904477,76.96612708589826,77.11731719970703,10414600.0
2023-10-19,76.4540581047198,76.80521284503658,74.79095871291355,75.14698791503906,21134800.0
2023-10-20,74.97138960282953,75.01040761217972,73.94231286223183,73.98133087158203,13357800.0
2023-10-23,73.68382394171033,75.00552456945331,72.89860419004624,74.0691146850586,15707200.0
2023-10-24,74.6348630975075,75.33717235668377,74.31297011339771,74.85921478271484,9960400.0
2023-10-25,74.27397433645767,74.40078476071828,73.26441005566132,73.34732055664062,11201000.0
2023-10-26,73.26927438792657,73.66920345234097,72.09876372872519,72.20117950439453,16921600.0
2023-10-27,73.45949058591276,74.07888953639292,72.71817056028372,72.95714569091797,15226600.0
2023-10-30,73.79599295533927,74.08862428772069,72.98151159191718,73.62529754638672,13858000.0
2023-10-31,73.65943978582081,74.41052346191941,73.36680842906884,74.1812973022461,10168600.0
2023-11-01,74.61536585076881,75.14697231267812,74.03010311047153,75.09819793701172,21669800.0
2023-11-02,76.40528000303975,77.10270747808957,76.16629745463526,77.0588150024414,20069600.0
2023-11-03,77.69285210958421,78.5609825506754,77.66846491792806,78.14154815673828,13727200.0
2023-11-06,78.43417240993271,78.69753470676038,77.70260137861378,78.23908233642578,11280600.0
2023-11-07,78.38052006584016,79.20963237588317,78.2195735531143,79.11209106445312,8773600.0
2023-11-08,79.13646726350697,79.27302658177267,78.43416538753684,78.9023666381836,8334600.0
2023-11-09,78.79507459913087,78.8926159131596,77.15635522090263,77.42947387695312,11497200.0
2023-11-10,77.52703255449546,78.74631774070659,77.13197790294507,78.71704864501953,10312200.0
2023-11-13,78.37075418122913,79.32179487550357,78.01959954920102,79.05355072021484,9880000.0
2023-11-14,81.02880552792911,81.97009743940242,80.91175148614104,81.71648406982422,15258400.0
2023-11-15,82.11640618628255,82.49682252198991,81.5555380467442,81.81402587890625,12388800.0
2023-11-16,81.10684356143354,81.67259361451148,80.61912953814401,80.97515869140625,12287400.0
2023-11-17,81.24827345085136,81.73598745071278,80.7410541654425,81.51651763916016,8921000.0
2023-11-20,81.49701161378955,82.11152856894338,81.24827271328624,81.93595123291016,9285000.0
2023-11-21,81.3263054040533,81.80914491882842,81.06294313176438,81.72623443603516,7603600.0
2023-11-22,82.077391365422,82.60412341426185,81.65308253799222,81.9749755859375,8963400.0
2023-11-24,81.92130893035834,82.19442753882656,81.7798677240219,82.05299377441406,3483000.0
2023-11-27,82.10177426514505,82.61387546158383,81.75061958426846,82.18468475341797,7299600.0
2023-11-28,82.0871437514057,82.70166816623156,81.63844775567941,82.65776824951172,11974000.0
2023-11-29,83.27230232172789,83.69173671623442,82.37490278427543,82.43343353271484,7659400.0
2023-11-30,82.43342214180522,82.4675582519123,81.6725894945616,82.31636810302734,13023000.0
2023-12-01,81.96520523237824,83.46736509115415,81.80425873587464,83.44297790527344,14955800.0
2023-12-04,82.8382422903364,83.48689548996647,82.6382777246534,83.12599182128906,18477600.0
2023-12-05,82.67726625104665,84.09650811009051,82.60898659955286,83.27227783203125,7822600.0
2023-12-06,83.89656326287863,84.30624123144096,83.33081324424018,83.39421844482422,12228000.0
2023-12-07,83.73073163424067,84.23308387493155,83.46249490159971,84.0818862915039,7380200.0
2023-12-08,83.65758653189856,84.62814012560278,83.59418132691486,84.46719360351562,8096400.0
2023-12-11,84.36965035482753,84.79883362864197,84.11116252155482,84.69153594970703,18892400.0
2023-12-12,84.59888111093169,85.013433582021,84.26235723080137,84.95491027832031,7411400.0
2023-12-13,84.92564549955273,86.15956138664792,84.26235412830616,86.06689453125,10898400.0
2023-12-14,86.81797476854572,87.56905856789518,86.48633278893482,87.2227783203125,15288800.0
2023-12-15,87.24228224757188,87.61781666743228,86.9545253332058,87.40322875976562,11258200.0
2023-12-18,87.6817232510075,88.22405448183417,87.50583183951676,87.945556640625,7719400.0
2023-12-19,88.24359743464431,88.86410430237365,88.22405725730272,88.63446807861328,7194000.0
2023-12-20,88.23871619072268,89.01556685994693,86.9977024280271,87.01725006103516,8621600.0
2023-12-21,87.9357809742564,88.37062258584209,87.44231137848655,88.34130859375,7855000.0
2023-12-22,87.98952819318457,88.36574183091187,87.32994098729813,87.69149017333984,8522800.0
2023-12-26,87.88693663650083,88.17520086463304,87.7159283898527,88.06282806396484,5480800.0
2023-12-27,88.1751819014748,88.59536647364861,88.13121091787477,88.36573028564453,7495800.0
2023-12-28,88.49277348847531,88.65889854379547,87.83806944915807,87.9064712524414,5608800.0
2023-12-29,87.94067158906529,88.0872415494912,87.06609773059304,87.3641357421875,8268600.0
2024-01-02,87.0905333961199,87.1296212061576,86.22085012468423,86.55308532714844,15369600.0
2024-01-03,85.9765595950163,86.02053058697125,84.76975044755714,84.803955078125,15522800.0
2024-01-04,84.46194535286239,85.25346054758457,84.17856428996659,84.2078857421875,11915000.0
2024-01-05,83.99290573879267,85.02870671751069,83.95870110579361,84.33979797363281,12084400.0
2024-01-08,84.4863620204991,85.87394565038957,84.46682184419569,85.77622985839844,8142600.0
2024-01-09,85.15084446707365,85.58080292146592,84.93098205934577,85.45865631103516,8330000.0
2024-01-10,85.5905722233361,86.35277336101198,85.57103204530027,86.1426773071289,7624400.0
2024-01-11,86.04494569093133,86.31855286456857,85.1312915671277,86.03028869628906,8592000.0
2024-01-12,85.67364174089153,86.06450495837798,84.83327240386724,84.9945068359375,7444400.0
2024-01-16,84.48147271294657,85.22900927755504,84.23228888791941,84.89676666259766,8976200.0
2024-01-17,84.00265335760426,84.18343538910524,83.52873142430863,84.15412139892578,7961800.0
2024-01-18,84.55475895911931,84.73553353667153,83.70462341691241,84.6329345703125,9926000.0
2024-01-19,84.76485744750403,85.61988364980003,84.25672341520692,85.4488754272461,9782800.0
2024-01-22,85.63455655131987,85.8788497973513,84.69158074491473,85.07267761230469,11184200.0
2024-01-23,85.15573402053052,85.4391150725662,84.43751875626597,84.86746978759766,7107200.0
2024-01-24,85.42935363744117,85.51729563009036,84.48149462206158,84.54500579833984,8622200.0
2024-01-25,83.74860402341523,83.817005827258,82.9228917415175,83.49942016601562,11092800.0
2024-01-26,83.85609269454915,84.30559132263907,83.56293784981173,83.8805160522461,6977800.0
2024-01-29,84.05153160138616,85.1215371859768,83.90495416626285,85.10688018798828,7381200.0
2024-01-30,85.24856233470574,85.46354156712283,84.8967794917028,85.05801391601562,6274400.0
2024-01-31,84.51568801520162,84.97007732258494,83.43591605921291,83.50920104980469,13663800.0
2024-02-01,83.900055390018,85.14106153887612,83.60690057426297,85.11663818359375,14682200.0
2024-02-02,85.69804652274348,86.98791424444721,85.28763576020965,86.63613891601562,20763800.0
2024-02-05,85.74690800491996,85.74690800491996,84.40817866614324,85.4146728515625,13346200.0
2024-02-06,85.04823129207568,85.9521115852354,85.04823129207568,85.93257141113281,9373600.0
2024-02-07,86.41139259638636,87.21755718916432,86.20618719922902,86.89509582519531,7796400.0
2024-02-08,86.95373049681105,87.32994414815519,86.78761289422599,87.27619934082031,8100000.0
2024-02-09,87.2028985753538,88.03838459957005,87.00258381735487,87.89669036865234,9584800.0
2024-02-12,87.92601646389812,88.37551508098841,87.65729243867099,87.82341003417969,6040200.0
2024-02-13,86.05472435082281,86.56285092258105,85.61499212108828,86.07426452636719,14801400.0
2024-02-14,86.40162082265216,87.02212766423033,85.92769139828955,86.98303985595703,11561000.0
2024-02-15,87.15893699222468,87.99442310658182,86.92930076305437,87.98953247070312,10567600.0
2024-02-16,87.60843025150076,87.97976070406217,86.92929542223476,87.46674346923828,8512200.0
2024-02-20,86.66547543265584,86.9732798569465,86.09383012441508,86.64104461669922,8756400.0
2024-02-21,86.92441613627709,87.69149297747177,86.70943690784419,87.28108215332031,8886200.0
2024-02-22,88.06282430218187,89.11816536664693,87.9064730598981,88.97647857666016,8800000.0
2024-02-23,88.62958862455193,89.02534995421448,88.43415700553008,88.57584381103516,7575800.0
2024-02-26,88.83477690432184,89.27938483270196,88.71263031246477,88.84943389892578,7051600.0
2024-02-27,89.25008299567784,89.55789483474457,88.81035818721453,89.14259338378906,5852400.0
2024-02-28,88.99600170716964,89.91942962121773,88.94714754474214,89.4943618774414,7408800.0
2024-02-29,89.81196314508196,90.31031594703083,89.35269069779628,90.10022735595703,8270400.0
2024-03-01,90.022055988588,90.5301826308241,89.56278351960735,90.39826965332031,11065800.0
2024-03-04,89.9536619740295,90.25658322226232,89.15238040189878,89.17681121826172,11336800.0
2024-03-05,88.60515129752457,88.76637825742364,87.76478204876184,88.06770324707031,12941800.0
2024-03-06,88.41461488801164,88.64913431674574,87.50584371452396,87.75502014160156,9299600.0
2024-03-07,87.99441882415488,88.7859264532715,87.97487119206664,88.42436981201172,6713400.0
2024-03-08,88.62956510895144,88.98623852912773,87.80386040071129,88.09700775146484,12463600.0
2024-03-11,87.85274486127743,88.20452776768467,87.63776559011312,87.85763549804688,8306400.0
2024-03-12,88.15076593589116,88.95693804715783,87.55958050953315,88.61492156982422,7906400.0
2024-03-13,88.39504799900195,88.9862408059548,88.29244903294581,88.42925262451172,5717000.0
2024-03-14,88.53186373813891,88.61981317634843,87.39345640872008,87.86738586425781,10810400.0
2024-03-15,87.27620178132348,87.86738722330091,86.75830132628946,86.9928207397461,9868800.0
2024-03-18,87.86781091048115,88.07346329453931,87.25574757525702,87.65726470947266,8512800.0
2024-03-19,87.63769409204687,88.46031128366987,87.515281397634,88.41624450683594,7624200.0
2024-03-20,88.58759481993779,89.74806447111798,88.51415021092993,89.7333755493164,8497400.0
2024-03-21,90.36013141670517,90.69309775770262,90.21324219278485,90.25730895996094,7146400.0
2024-03-22,89.31718835623417,89.70891042095039,89.13111869441165,89.46897888183594,5718600.0
2024-03-25,89.12130902994403,89.63544368893156,89.12130902994403,89.1751708984375,5664600.0
2024-03-26,89.74807667747206,90.12021600432804,89.22904811262241,89.28781127929688,5387800.0
2024-03-27,89.98311606075369,90.3307638923863,89.5424259242141,90.32097625732422,5812000.0
2024-03-28,90.20834956793674,90.47276513934037,90.01249226958198,90.0418701171875,5958200.0
2024-04-01,90.13980338349734,90.2377320376908,89.04299050216666,89.37105560302734,9941800.0
2024-04-02,87.93146611959702,88.09794555027517,87.65726294636802,88.05387878417969,12270400.0
2024-04-03,87.55934456452482,88.42602095181815,87.55934456452482,88.11754608154297,10165200.0
2024-04-04,88.78346187383409,89.1164207386369,87.07457836883978,87.0843734741211,9650600.0
2024-04-05,87.37328026354106,88.13713423144385,87.19211187849366,87.56913757324219,10081800.0
2024-04-08,88.08816648404263,88.69044228291352,88.01961567825376,88.40154266357422,8295800.0
2024-04-09,88.83731650378549,88.86670181970537,88.07836395073636,88.81773376464844,8559800.0
2024-04-10,87.37327931551661,87.80417435795668,87.04031292686456,87.44672393798828,10806000.0
2024-04-11,87.74541392736255,88.47009495378663,87.01093779381073,88.15182495117188,8433400.0
2024-04-12,87.46630175158163,87.5250574412292,86.43803235389136,86.72203063964844,10729000.0
2024-04-15,87.35367912289773,87.4173361027528,85.19921909977,85.2775650024414,11136800.0
2024-04-16,84.83688293472999,85.26777796873745,84.39130644799287,84.79281616210938,12870800.0
2024-04-17,85.20410977745082,85.29225078257763,84.03384498351886,84.38150024414062,12416800.0
2024-04-18,84.53818862299539,84.88584390027553,83.62743804091853,83.85757446289062,9411800.0
2024-04-19,83.85758402879334,84.04854752077989,82.79504280707565,83.12310791015625,13580800.0
2024-04-22,83.2993777054767,83.91144110261071,82.70200323215576,83.49034118652344,8950200.0
2024-04-23,83.9653006725654,84.7291545757572,83.54910205684004,84.48432922363281,7889400.0
2024-04-24,85.74762312468876,85.99734974867283,84.68018824809239,85.29225158691406,8948600.0
2024-04-25,83.99958513344933,85.54688325012312,83.6470360063217,85.36570739746094,10701200.0
2024-04-26,85.65949106301413,86.7171383238372,85.53707839314507,86.13445281982422,6665800.0
2024-04-29,87.9069866887436,88.27422470169323,87.2753405939199,88.13712310791016,10308400.0
2024-04-30,87.27535220133247,87.68665703738425,85.9239113521945,85.99246215820312,7218400.0
2024-05-01,86.03652769088858,87.12844665868766,85.01805333941891,85.45384216308594,14336800.0
2024-05-02,86.25686371510204,86.6975463289738,85.40486886061021,86.53106689453125,8238600.0
2024-05-03,87.61810154871019,88.13223630203622,86.96197137319704,87.11376190185547,9013000.0
2024-05-06,87.6572695094025,88.0440902709961,87.40264905599342,88.0440902709961,6229000.0
2024-05-07,87.98532781146643,88.02450076063015,87.28022966947184,87.41243743896484,6300600.0
2024-05-08,86.64858468255494,87.21657377377599,86.58492770544068,87.0843734741211,5763200.0
2024-05-09,87.12354928847213,87.892304507521,86.92769198846682,87.6768569946289,5046000.0
2024-05-10,87.75029965064881,87.81885044542767,87.02561128129955,87.206787109375,5654400.0
2024-05-13,87.58382800022298,87.78458660257058,86.79059616940644,87.09417724609375,8142800.0
2024-05-14,86.9521724030505,87.63278657876063,86.91299945038297,87.49078369140625,6044600.0
2024-05-15,87.88250009704095,87.94615707496806,87.05498926989368,87.62298583984375,7182800.0
2024-05-16,87.57402100707617,87.7062213020054,87.0256072030691,87.05498504638672,6589200.0
2024-05-17,87.13335699853559,87.5152840188247,86.87873649451682,87.50059509277344,5577400.0
2024-05-20,87.29493394528377,87.53975931701083,86.6436975599125,86.84934997558594,4002000.0
2024-05-21,86.77099946689694,87.4271295787167,86.44292693951068,87.40753936767578,4375400.0
2024-05-22,87.19700775176021,87.2851413017601,86.1442541407366,86.4968032836914,6332200.0
2024-05-23,86.73183652258753,86.73183652258753,84.96909089935443,85.09639739990234,7354600.0
2024-05-24,85.6790744009058,86.22258695777802,85.43915034803234,85.95327758789062,5150200.0
2024-05-28,85.63991449927428,85.9239128352053,85.28247153830837,85.74274444580078,5344200.0
2024-05-29,85.10129581602796,85.51260062373801,85.10129581602796,85.17964172363281,4344000.0
2024-05-30,85.42935477400383,85.92389927128467,85.26287533588668,85.68397521972656,4496600.0
2024-05-31,85.74274131263164,86.18342398969311,84.81240789595635,86.1638412475586,6840400.0
2024-06-03,86.22259295573654,86.50659126814863,85.32163742969085,86.12466430664062,7929000.0
2024-06-04,85.76232904947413,86.56535601034912,85.73295119882275,86.21281433105469,5779800.0
2024-06-05,86.41355929199898,86.71714782714844,85.63501641946574,86.71714782714844,4581800.0
2024-06-06,86.79058391833627,87.38306453465019,86.75141096695815,87.34878540039062,4455600.0
2024-06-07,86.85423904604562,87.52016426231947,86.82975501802187,86.99134063720703,4548600.0
2024-06-10,86.73672169657931,87.35858015606595,86.73672169657931,87.27043914794922,3731000.0
2024-06-11,87.23126192008215,87.23126192008215,86.27155081238271,87.04029846191406,5566000.0
2024-06-12,87.80417156942606,88.51416362618751,87.53975599397079,87.9461669921875,7957600.0
2024-06-13,88.54353310208721,88.71490635670027,87.70133333723157,88.01470947265625,5227000.0
2024-06-14,87.88249988218284,87.88249988218284,86.79547480049597,87.31940460205078,6105600.0
2024-06-17,87.20680108326897,89.0723692350573,87.04521544008166,88.8520278930664,7353200.0
2024-06-18,88.77856459909314,88.88628834762918,88.25464225073743,88.55332946777344,4483800.0
2024-06-20,88.46519599851031,88.88140210527699,88.2007878932368,88.66595458984375,4722800.0
2024-06-21,89.11642052423687,89.53262657571526,88.69532065586769,89.41510772705078,8623200.0
2024-06-24,89.62220683250162,90.01477165516299,88.99901045730985,89.03336334228516,5077800.0
2024-06-25,89.1265949183909,89.1265949183909,88.39053871190758,88.6751480102539,4712800.0
2024-06-26,88.45922403935654,90.14233539104711,88.34145236804517,89.96077728271484,5031800.0
2024-06-27,90.16687697999232,90.5201845255302,89.80375325609224,90.51036834716797,4228200.0
2024-06-28,90.05892307910712,90.63795781195206,89.04807382881295,89.50442504882812,7914600.0
2024-07-01,89.85283161768646,90.22576405297386,89.3425026279484,89.80867004394531,6393200.0
2024-07-02,90.30426802347773,91.56538105813509,90.22084923135814,91.5555648803711,5884600.0
2024-07-03,91.87453430837793,92.4830101393023,91.7420495812214,92.13951873779297,4379600.0
2024-07-05,92.59584863587357,92.94915613522745,92.13458565129768,92.89027404785156,3996400.0
2024-07-08,92.77251499234951,93.34173353949814,92.67928001630187,92.9344482421875,3676800.0
2024-07-09,92.83140938249836,93.83245006179469,92.76762293324165,93.24360656738281,3656000.0
2024-07-10,93.4496888020928,94.03362787160293,92.90500695858461,93.94529724121094,4557800.0
2024-07-11,94.3869448639758,95.02976609304501,92.47319421449731,92.75289916992188,8996000.0
2024-07-12,92.63021196681234,94.75986589283413,92.49771976771325,93.96492767333984,5453600.0
2024-07-15,94.48998439202165,95.14752611749931,93.56255390234028,93.85697937011719,5080200.0
2024-07-16,94.4016552434339,95.58424640996132,94.24953817352062,95.54008483886719,4123200.0
2024-07-17,94.83347045279854,95.07391815422926,93.77845964636525,93.94529724121094,5797200.0
2024-07-18,94.14158382932078,94.74514777099377,92.71363311269539,92.9884262084961,4375200.0
2024-07-19,92.64001415343776,93.01785836783357,91.78619389986618,92.15912628173828,3872200.0
2024-07-22,92.82650063806065,93.49876290930185,92.46828871479538,93.1749038696289,4808400.0
2024-07-23,93.53310293974151,93.68031565802727,92.71362804259564,92.7577896118164,4823600.0
2024-07-24,90.70174997758998,90.74100720666289,88.9204990696558,88.96466064453125,8200800.0
2024-07-25,88.94992409832102,90.17177237510657,88.34635273353229,88.61624145507812,10240800.0
2024-07-26,89.26888065590681,90.07854683799675,89.04316098396635,89.60746765136719,4529400.0
2024-07-29,90.21104091099471,91.43780117410402,90.1619749930006,91.1041259765625,7145600.0
2024-07-30,91.31022093316416,91.43289695965096,89.74977798272577,90.59870147705078,4281000.0
2024-07-31,91.68315879138179,92.77252257014518,91.48196829900861,92.00212097167969,4993600.0
2024-08-01,92.04137214112866,92.31616524064354,88.97447149913152,89.744873046875,7295800.0
2024-08-02,86.82027298494776,86.82027298494776,85.40705026578038,86.44243621826172,12738400.0
2024-08-05,81.97701246394836,84.86725884509359,81.69240323356208,83.99871063232422,16391800.0
2024-08-06,84.4452748938329,86.13820270414658,83.66996144275814,84.9261703491211,9523400.0
2024-08-07,85.62295640849142,85.77507347314044,83.3411779761063,83.44422912597656,8404400.0
2024-08-08,84.19500113429007,85.4953638615271,83.73373813291558,85.26473236083984,5935200.0
2024-08-09,85.25002474027768,85.94682369273715,85.03902556253075,85.54935455322266,6379600.0
2024-08-12,85.71620198567483,85.71620198567483,84.69063205345905,85.21077728271484,4929800.0
2024-08-13,85.60824007543884,87.42384373721683,85.44139499188495,87.34532928466797,5847000.0
2024-08-14,87.33551688544495,87.6005013023763,86.53076243087115,86.87916564941406,4779800.0
2024-08-15,88.53282950919598,89.78412641486274,88.53282950919598,89.6516342163086,6288000.0
2024-08-16,89.23453975876033,90.23557278537129,89.23453975876033,89.86264038085938,4767800.0
2024-08-19,90.09327551379195,91.01579412778763,90.00494488250227,90.96672821044922,4570000.0
2024-08-20,90.97652826160454,91.41816640101112,90.61831640009612,90.88330078125,4679000.0
2024-08-21,91.6291590288925,92.21800235198188,91.42306424018868,92.03153991699219,4532200.0
2024-08-22,92.19349054481067,92.28181369055002,90.2748356784895,90.4416732788086,5709800.0
2024-08-23,91.14828546135523,92.29162689889199,91.1335649375391,92.1885757446289,6304200.0
2024-08-26,92.1002456746473,92.29652430246644,91.18753582894387,91.4721450805664,3211000.0
2024-08-27,91.24643286642885,91.36420455494178,90.61342782360529,91.2317123413086,3328200.0
2024-08-28,91.17771785703111,91.40344501337584,89.62709127010521,90.34842681884766,5668600.0
2024-08-29,91.14337291377797,91.5310258186339,90.37296396149709,90.45638275146484,4616000.0
2024-08-30,90.79007489134503,91.90396780991998,90.42695116097566,91.82054901123047,4672200.0
2024-09-03,91.555561595537,91.98247171858225,90.1423315502155,90.55943298339844,9876400.0
2024-09-04,90.30427120099213,91.20716491075615,90.18649952632941,90.79497528076172,10007600.0
2024-09-05,91.22188331677108,92.45355532043612,91.13356017848668,91.82545471191406,7264200.0
2024-09-06,92.00211461405493,92.33578980879072,89.46517530978305,89.50442504882812,7714000.0
2024-09-09,90.4416643368511,91.16299990593942,90.20122413885484,90.8096923828125,4297400.0
2024-09-10,91.16300051993045,91.90887279461633,90.61831870873712,91.84998321533203,9424600.0
2024-09-11,91.71258282608262,92.8951813691023,89.8037443944766,92.7676010131836,7511200.0
2024-09-12,92.76269871324024,93.85697423481659,92.65475070101571,93.81280517578125,4748600.0
2024-09-13,93.89622362246465,94.68625744801933,93.77845195411903,94.45071411132812,3926200.0
2024-09-16,94.40166281199238,94.60284581451204,93.77846647112692,94.2887954711914,3077200.0
2024-09-17,94.84818316648524,95.70691525974803,94.47525078150042,94.7696762084961,4307800.0
2024-09-18,94.90706499309753,96.20252328848554,94.47033872083736,94.58319854736328,6634600.0
2024-09-19,96.40864823521922,96.95333015978464,96.09459786801807,96.73741912841797,5865400.0
2024-09-20,96.5656522189829,96.66379902462687,95.80015505528011,96.51658630371094,5552400.0
2024-09-23,96.92225439816902,97.72866928104736,96.72064880169955,97.6893310546875,7271200.0
2024-09-24,98.17121247123178,98.56950920466889,97.59099050664369,98.544921875,4059200.0
2024-09-25,98.20563834869102,98.40232198427952,97.89585449478936,98.19088745117188,3389800.0
2024-09-26,99.06122680454286,99.27757580005459,98.02370450704473,98.60884094238281,4266400.0
2024-09-27,98.98253291810047,99.15462919124496,98.4711435565893,98.75634002685547,3441800.0
2024-09-30,98.48590744096857,98.80060574225189,97.58115076265396,98.5252456665039,4572400.0
2024-10-01,98.46624639939675,98.55475178348445,96.84850213190754,98.12696075439453,8229000.0
2024-10-02,96.96651025700407,97.5664050983408,96.56822101872308,97.29595947265625,7482400.0
2024-10-03,96.45020405310727,96.82391345539035,95.78146920496864,96.16992950439453,7101400.0
2024-10-04,97.23202406215233,97.66965144996279,96.43543822477946,97.4434585571289,7828200.0
2024-10-07,96.72557155571712,96.72557155571712,95.5847854910055,95.92898559570312,5202000.0
2024-10-08,96.35678326081918,97.02059613473558,96.199430355506,96.86325073242188,4733200.0
2024-10-09,97.18287003970032,97.75326310531706,96.76490792198116,97.55657196044922,5537400.0
2024-10-10,97.37953836150518,97.59589483532191,96.78948002573154,97.07467651367188,3259000.0
2024-10-11,96.09615784132882,97.05008910985842,96.08140694567105,96.66163635253906,4991600.0
2024-10-14,96.85832551456949,97.24678579715156,96.46003630298479,97.08451843261719,3566600.0
2024-10-15,97.11402673492289,97.93027807680724,97.11402673492289,97.29595947265625,6855200.0
2024-10-16,97.38938045304167,97.83192985784116,97.2615368488103,97.80734252929688,4607000.0
2024-10-17,97.97944311071531,98.13679601788517,97.39430668255125,97.71883392333984,3488800.0
2024-10-18,97.92535294863059,98.36298040043303,97.54181462021945,98.10237121582031,3797000.0
2024-10-21,97.88602329488121,97.88602329488121,96.9714301549069,97.34021759033203,3304800.0
2024-10-22,96.5928018568957,97.29595293341714,96.33710714588825,96.94683837890625,3157600.0
2024-10-23,96.16992715242826,96.39119810715833,94.9160484049587,95.42251586914062,4339000.0
2024-10-24,97.50739408231874,98.56458167138985,97.21236114895048,98.43181610107422,6991400.0
2024-10-25,98.60883446616319,99.61194043829084,98.37773458847606,98.7416000366211,5440000.0
2024-10-28,99.5185230147913,99.85780867145631,98.92846459159122,98.97271728515625,4102400.0
2024-10-29,98.15154377052332,98.66292569644281,97.84175993383208,98.45640563964844,4247000.0
2024-10-30,98.69243497693319,99.1349768838499,98.24004913488585,98.3187255859375,4879800.0
2024-10-31,98.09744442600828,98.31871535644468,96.75506044522882,96.8140640258789,6197400.0
2024-11-01,98.59408566957072,99.40050053541687,98.29413826503652,98.38756561279297,7607600.0
2024-11-04,97.97452432598469,98.85961563228979,97.80734249673796,98.04827880859375,4769200.0
2024-11-05,98.26955437526516,99.81354402417979,98.18595596009865,99.7840347290039,4424200.0
2024-11-06,102.0557807597217,103.05887931187617,101.24444387643518,102.97528839111328,9398600.0
2024-11-07,103.1768758527458,104.71595092491995,103.14245209572026,104.29798889160156,8021000.0
2024-11-08,104.28324591543426,106.34353944245674,104.17015321075972,105.77806091308594,7785800.0
2024-11-11,107.44008860471081,108.36943277810522,106.95328641750396,107.91213989257812,9210000.0
2024-11-12,107.63676336942373,107.65151426754424,106.08785904276873,106.47139739990234,10535200.0
2024-11-13,107.18929620930992,107.95145087913285,106.82050878726682,107.38106536865234,5883400.0
2024-11-14,107.20404123869825,107.63674668817407,105.76822985448538,105.85673522949219,4620200.0
2024-11-15,105.2617720671194,105.76823954516993,104.47010807180745,104.95198822021484,7824800.0
2024-11-18,106.2156949997952,106.73199890577412,105.24209827906324,105.92066955566406,4752200.0
2024-11-19,104.94214875199422,106.32387110377333,104.45534664994065,105.99934387207031,3935800.0
2024-11-20,105.68464224491605,105.75348976984705,104.43077095280962,105.53221130371094,5979200.0
2024-11-21,105.85182838023609,105.98458645229694,104.90281149628572,105.71906280517578,5468400.0
2024-11-22,106.02392283741244,107.55316164737073,106.02392283741244,107.2433853149414,4550600.0
2024-11-25,108.52183750169026,109.29383606114328,108.28581566632197,108.33990478515625,7360400.0
2024-11-26,108.28582772968043,108.92013882758397,108.11372392248971,108.73329162597656,3979600.0
2024-11-27,108.93488626072926,109.0873247008503,107.93670221796587,108.19731140136719,3829000.0
2024-11-29,108.43826846760035,109.33319634103741,108.37434290435475,109.30860900878906,1771400.0
2024-12-02,110.08059484785807,110.52314429772586,109.8740747724531,110.26253509521484,8134800.0
2024-12-03,110.04617423932062,110.24777984175134,109.58395944467445,110.17893981933594,7051400.0
2024-12-04,110.41497145093935,111.30989182152173,110.29695675792831,111.20171356201172,5539400.0
2024-12-05,111.309881095174,112.61784901375282,111.26071393840769,112.11138153076172,7321000.0
2024-12-06,113.02597827345525,114.49621361240293,113.01614184058941,114.47162628173828,4889200.0
2024-12-09,115.13051364214992,115.83367221586053,113.69961666943043,114.10774230957031,6513800.0
2024-12-10,114.12741198807745,115.35670333864701,113.91596997422002,114.29459381103516,7630800.0
2024-12-11,115.24360902087456,116.34014236377178,115.1796909694182,116.3008041381836,5734800.0
2024-12-12,116.24180049973461,116.36965161684165,115.18952728254496,115.33704376220703,4871800.0
2024-12-13,115.3026330498771,115.84351683066335,115.01251454148245,115.79434967041016,5382400.0
2024-12-16,116.3942326688382,117.44650582926694,116.1680397451575,117.36290740966797,6013600.0
2024-12-17,117.8939568142793,117.97754772705593,116.75809278919827,117.731689453125,10221000.0
2024-12-18,116.79744682804606,118.14966751776015,111.96879357579073,112.42608642578125,14405000.0
2024-12-19,113.96024318775787,114.28477796348068,111.60492383716425,112.2736587524414,13205200.0
2024-12-20,111.14761381593358,114.32902072810344,110.88209016077089,112.55884552001953,10915800.0
2024-12-23,112.762297080242,113.01354506941793,111.42721654822483,112.90023803710938,5922400.0
2024-12-24,113.37811516175466,115.52606272678796,113.28451075252592,115.51128387451172,2552600.0
2024-12-26,115.26496490913738,115.50143407357157,114.57526004736299,115.08268737792969,4109600.0
2024-12-27,114.31908524586008,114.31908524586008,112.63422828798647,113.18106842041016,6097200.0
2024-12-30,111.46172552533805,112.08245994250659,110.6636373436614,111.36319732666016,5413000.0
2024-12-31,111.96913686320288,112.29921041599967,110.33847172924648,110.52568054199219,5250800.0
2025-01-02,110.5700203182828,110.90501765904003,108.37773619944846,109.0723648071289,9166400.0
2025-01-03,109.68325804111566,111.34841232048183,109.13149414522977,111.2794418334961,6501000.0
2025-01-06,112.4814944572644,112.5652437892746,111.11192489005586,111.71788787841797,6785400.0
2025-01-07,111.62428242980596,111.95435597660365,109.15611649599236,109.55516052246094,5554000.0
2025-01-08,109.51575571945328,110.29906497786436,108.9639843246947,109.86553192138672,5309200.0
2025-01-10,109.44679115932759,109.63399247521546,108.19545977574612,108.7866439819336,6869400.0
2025-01-13,107.95897909063628,109.4172217839856,107.54515620421151,109.4024429321289,5422000.0
2025-01-14,110.50104415982786,111.07744191985692,108.78169843592623,109.19059753417969,6762200.0
2025-01-15,111.70802841043135,112.06273587159056,110.93456678847583,111.96913146972656,6197400.0
2025-01-16,111.77702027143917,111.77702027143917,110.91980915678002,111.36319732666016,4851800.0
2025-01-17,112.83127657097624,113.63429596898047,112.64899904567476,112.92488098144531,3884600.0
2025-01-21,113.94465028420022,114.04810976045749,112.50611779317556,113.75251770019531,6036600.0
2025-01-22,113.51113001822598,113.99392338951174,113.13178861074925,113.32392120361328,4948800.0
2025-01-23,113.15642541245728,114.00870513916016,112.8559095526762,114.00870513916016,3888800.0
2025-01-24,114.03334172763289,114.15158006639882,113.09731264336449,113.31407165527344,3543400.0
2025-01-27,111.61443072465718,114.00870247294138,111.60950694639585,113.95944213867188,7069800.0
2025-01-28,113.6293671586096,114.4126839428565,113.08745834927038,114.0973892211914,5211000.0
2025-01-29,114.190978719772,114.54076242011502,113.3978144298515,113.77223205566406,6538000.0
2025-01-30,115.28466416963278,115.56055362349446,114.02348530656955,114.8856201171875,5386400.0
2025-01-31,115.02848864549759,116.19113928160434,114.15649878911286,114.37818908691406,5092600.0
2025-02-03,111.9001589874778,113.35347028627108,110.94935116919427,112.86575317382812,7460000.0
2025-02-04,112.9347288145591,114.30921462686749,112.9199499630346,114.19590759277344,3987000.0
2025-02-05,113.46185693784605,113.74267014682357,112.63421119664184,112.90023803710938,5902800.0
2025-02-06,113.22047062748169,113.64907237438103,112.65392039844839,113.34855651855469,6045800.0
2025-02-07,112.580025210137,113.43722869687322,111.0429569438309,111.13163757324219,5536400.0
2025-02-10,111.57501788496714,112.11201040390318,111.06266680898023,111.51097869873047,5963800.0
2025-02-11,110.8015528827551,111.1119162614632,109.97389966602492,110.24485778808594,5538200.0
2025-02-12,109.4221469460774,110.79663280666394,109.1314861662615,110.22516632080078,7903000.0
2025-02-13,110.9395098963004,111.99377731888615,110.742445998441,111.8804702758789,6484400.0
2025-02-14,112.6785555927089,112.77708378058318,111.44693445123318,111.8311996459961,3425600.0
2025-02-18,111.80163382581343,111.94942985550597,110.8064819109166,111.52082061767578,7567200.0
2025-02-19,111.00355144120202,111.51590251737447,110.78678492224566,111.456787109375,3996400.0
2025-02-20,111.15133997338489,111.15133997338489,109.64876822696294,110.4961166381836,4732400.0
2025-02-21,110.75722618445357,110.79170766639184,107.16089105941845,107.58949279785156,9043000.0
2025-02-24,108.07229285166258,108.22994397090143,106.73721970274697,107.18553161621094,5953400.0
2025-02-25,107.12639723009725,107.37272143964782,105.13610092450473,106.62389373779297,8006400.0
2025-02-26,107.34315917666977,107.94419082381516,105.9588183805657,106.18543243408203,6143600.0
2025-02-27,106.67809045349455,106.9736825259433,104.56955572053481,104.65330505371094,6799000.0
2025-02-28,104.69272881232108,106.46134261985748,104.27398210251845,106.39237213134766,7696400.0
2025-03-03,107.01308271990895,107.57962535539505,103.3182198348662,104.43160247802734,10983600.0
2025-03-04,102.65315814619801,104.37250399356621,101.2343356800938,102.58911895751953,13842600.0
2025-03-05,102.66301734367066,104.3380191834206,102.2097816401762,104.15081787109375,10128200.0
2025-03-06,102.60881199825732,103.35270840395353,101.06189626493965,101.51020812988281,9755400.0
2025-03-07,100.88454885703452,101.60874267896025,98.66270705665335,101.32300567626953,9798800.0
2025-03-10,99.97807211500094,100.11601307199258,96.84482784564223,97.70696258544922,14412600.0
2025-03-11,97.65277589377806,98.4902767513326,95.76593143722742,96.75122833251953,14379600.0
2025-03-12,98.42624149653258,98.52477721129843,96.12557388047897,97.31285858154297,8548200.0
2025-03-13,97.16505144433653,97.16505144433653,94.43578234577612,94.88409423828125,9992800.0
2025-03-14,96.33741839753795,97.00742067713735,95.49991742734365,96.90396118164062,6295600.0
2025-03-17,96.91379877749478,97.60843486094971,96.21916269403984,97.0566635131836,6053200.0
2025-03-18,96.15019852320967,96.15512230158458,94.93335623212353,95.32747650146484,8246200.0
2025-03-19,95.99254658449716,97.70696096235547,95.76100122827506,97.15519714355469,9831400.0
2025-03-20,96.44085937735566,98.16512897938081,96.3620413372066,96.92366027832031,8586400.0
2025-03-21,95.76594191737891,97.32763676525481,95.26836963700329,97.27344512939453,9794800.0
2025-03-24,98.67738912393156,101.0090907365511,98.67738912393156,100.920166015625,8567600.0
2025-03-25,101.16223801962137,101.784680958208,100.55461461257893,101.72540283203125,7421400.0
2025-03-26,101.50804025120215,101.73034076358708,99.81854580400224,100.39653015136719,6187000.0
2025-03-27,100.0803612222984,101.97733652974361,99.82842166265497,100.46074676513672,6736800.0
2025-03-28,99.88278152882513,100.04085906567829,97.0471926880064,97.33865356445312,9886600.0
2025-03-31,95.43672609248826,97.87710941428931,94.75499750227708,97.54612731933594,10221000.0
2025-04-01,97.4226249875866,99.35912160826408,96.89403658571824,98.56377410888672,11097400.0
2025-04-02,96.79030226420079,101.01898729942629,96.70632240010819,100.4360580444336,9356000.0
2025-04-03,94.98718027915733,96.29628912865837,93.92507366827233,94.36967468261719,13795600.0
2025-04-04,91.20310133536714,93.539747867232,89.75567188033146,90.299072265625,25286000.0
2025-04-07,86.87069193430833,93.47552950425812,85.51217959693189,89.2320327758789,41234000.0
2025-04-08,92.59620798213118,93.10009470068252,85.9370291957052,87.11275482177734,17407400.0
2025-04-09,86.96454593606879,96.89897639818953,86.8212879525715,96.5976333618164,29318600.0
2025-04-10,94.27087762554824,94.33015575215047,89.8100176888828,92.82344055175781,16600400.0
2025-04-11,92.62089871750487,93.91025065681563,90.96598076494202,93.72252655029297,8266800.0
2025-04-14,95.12056176103171,95.62444842868892,92.73451927754633,93.99423217773438,7720600.0
2025-04-15,93.84108725940926,94.62655251426622,92.78885538424382,93.31743621826172,6676400.0
2025-04-16,92.41835940872745,93.13960173130842,89.84953760958656,91.01538848876953,8579600.0
2025-04-17,91.54397371561161,92.18124374898854,90.79802962589352,91.58843231201172,7623600.0
2025-04-21,90.26943413483178,90.37811572059319,87.91797558580589,89.14310455322266,9802000.0
2025-04-22,90.16570631076544,92.84814721265826,90.15582410983704,91.96388244628906,8564800.0
2025-04-23,95.28357868667122,96.3061639565492,93.79662049976724,94.01892852783203,8957400.0
2025-04-24,94.00906403025597,95.98508216000214,93.77688129697792,95.89122009277344,5341200.0
2025-04-25,95.88627210930629,97.67950323706546,95.64914453278283,97.61528778076172,5968800.0
2025-04-28,97.99565816715332,98.75148435590513,96.2913443599269,97.64985656738281,5562000.0
2025-04-29,96.90392158007943,98.4748522240752,96.79029512124183,98.34147644042969,5136600.0
2025-04-30,95.93566655874817,97.71902299682199,94.66607899066287,97.44731903076172,5881800.0
2025-05-01,97.9363906029864,99.26526389340027,97.77336821597065,97.98579406738281,7359000.0
2025-05-02,99.02319432026813,100.07542625154785,98.37604967183394,99.50731658935547,7457000.0
2025-05-05,98.70703397643535,99.0231965422269,98.12411230803322,98.45014953613281,4677000.0
2025-05-06,97.24971951354034,98.30688876964729,97.16079478991492,97.59058380126953,4811200.0
2025-05-07,97.7980511054944,98.79099723010526,97.4423673365185,98.35133361816406,5359400.0
2025-05-08,99.29983459777262,100.53979062670967,98.6675094868677,99.51226043701172,6464400.0
2025-05-09,99.7691469428851,100.73739149125025,99.50731763663782,99.99144744873047,5159600.0
2025-05-12,105.31187483517498,105.32175703570951,103.9336056080667,104.96113586425781,9569400.0
2025-05-13,105.60332970181972,106.79387465596126,105.25752810646927,106.34927368164062,11431000.0
2025-05-14,106.62098721075515,107.28788873217985,106.31470684704499,106.75930786132812,7117000.0
2025-05-15,105.75154051215476,106.80870977644894,105.42055088389066,106.52218627929688,8393000.0
2025-05-16,106.88280834774295,107.6040581968115,106.59628484813545,107.52995300292969,5973200.0
2025-05-19,105.78117463611852,107.43608501063308,105.55886660466628,107.27800750732422,6935000.0
2025-05-20,107.4756215351878,107.78190192366115,106.210971177466,106.71979522705078,7046800.0
2025-05-21,105.87503640602974,106.2405948715352,104.13613864679068,104.55603790283203,10325600.0
2025-05-22,104.3732596236438,105.78117532172149,104.09661833762804,105.00558471679688,8992400.0
2025-05-23,103.25681247743559,104.53134486579681,103.08884523525361,104.0620346069336,7497000.0
2025-05-27,105.2377749508485,107.22367509332086,105.2377749508485,107.13475036621094,7886800.0
2025-05-28,107.22860608932265,107.2582451506381,105.9738380868733,106.15167999267578,7542400.0
2025-05-29,107.2187294620829,107.28295245687745,105.65273615861204,106.1961441040039,8031600.0
2025-05-30,105.78611614259772,106.52218551124544,104.91667099530554,105.61815643310547,10233200.0
2025-06-02,105.3168204146949,105.87998524239579,104.01758616936925,105.86516571044922,8783800.0
2025-06-03,105.95902670572767,107.31259419597059,105.93432497342833,106.42832946777344,7855400.0
2025-06-04,106.5172471468714,106.57653281224366,105.3711606344501,106.14674377441406,7581000.0
2025-06-05,105.87504525840932,106.4233830025149,102.6096752982432,103.46923828125,12096600.0
2025-06-06,104.96608270644735,105.30694704562576,104.45232130075556,104.81294250488281,9948800.0
2025-06-09,104.45230561359905,105.85033915848744,103.8595017613199,105.6527328491211,10596400.0
2025-06-10,105.80587125549862,106.93714568618167,105.68237014092945,106.9173812866211,8594800.0
2025-06-11,107.53984106624083,107.57936233088385,105.67744198620672,106.07264709472656,6888600.0
2025-06-12,105.48478284868919,106.14674708569802,105.29212139051765,105.5737075805664,5413800.0
2025-06-13,104.2250614204695,105.71695703693263,104.10156030243571,104.60050964355469,10292200.0
2025-06-16,105.42549413460922,105.90467906619149,105.11920624212877,105.72683715820312,4764600.0
2025-06-17,105.13898007793107,105.39586453206037,103.71130735491582,103.90396881103516,8473200.0
2025-06-18,104.11143892568492,105.06980877476747,103.8594993671991,103.95335388183594,7405800.0
2025-06-20,104.86233135963147,105.10438872659729,103.55321498636539,104.07685852050781,9704800.0
2025-06-23,104.28824747561258,106.33281869223855,103.81794691965955,106.1397476196289,12557200.0
2025-06-24,107.23382460745047,107.27342989942878,106.40212858378024,106.72886657714844,8652000.0
2025-06-25,107.06551274164389,107.09026699451917,105.03083703986978,105.471435546875,9302000.0
2025-06-26,105.56549271987508,106.66451502650207,105.33776417854658,106.44173431396484,7543000.0
2025-06-27,106.96153935947817,108.22393061593189,106.72886299811884,108.21402740478516,8902000.0
2025-06-30,108.17937980253049,108.41700399755977,107.29322745745989,107.59026336669922,7003400.0
2025-07-01,106.55559910521086,108.50610869448867,106.29816849112781,108.0506591796875,13085400.0
2025-07-02,108.73879502712258,109.1496914600254,108.05066908622207,108.9170150756836,12436200.0
2025-07-03,109.40712829129504,109.82297257683267,109.11999555491772,109.51109313964844,6904800.0
2025-07-07,108.01601494454475,108.56552610992634,107.43680169788912,108.1199722290039,10081600.0
2025-07-08,108.36751006645005,108.5704843799255,107.6694884275703,107.75364685058594,6855000.0
2025-07-09,108.23383644853439,108.70413701124886,107.82788787499041,108.39225006103516,4864800.0
2025-07-10,108.6249308387575,109.85762009561739,108.51107034196768,109.59028625488281,7566000.0
2025-07-11,109.29819726255548,109.85265621684613,108.84769558522598,109.61997985839844,6690400.0
2025-07-14,109.64473799047406,110.06058977485013,109.32790321195802,110.02593231201172,7292200.0
2025-07-15,110.09524593186734,110.35762439362561,108.40710710890382,108.45166778564453,10133200.0
2025-07-16,108.63977787988445,108.87740207650468,107.65957145913113,108.6496810913086,13982600.0
2025-07-17,108.72394490021549,109.19425305588538,108.54077702102043,109.02098083496094,7742400.0
2025-07-18,109.57047628983598,110.04077682402313,109.407107304583,109.98632049560547,11246400.0
2025-07-21,110.3576313193898,110.92199357212859,110.27347289750061,110.50614929199219,9807800.0
2025-07-22,110.85761777260669,111.8328763332251,110.54573838518664,111.62495422363281,10980000.0
2025-07-23,111.8823890541915,112.32298754078725,111.74872213800668,112.15467071533203,10083200.0
2025-07-24,110.65465785580055,111.29823064639699,110.06554139873005,110.2982177734375,15148400.0
2025-07-25,110.8526669924601,111.4912918978594,110.57543752038522,111.32296752929688,12268000.0
2025-07-28,111.75368641910666,112.54576965993226,111.40219414602183,111.97150421142578,11332600.0
2025-07-29,111.99130185325048,112.01110072229493,110.95168371089603,111.19921112060547,11012600.0
2025-07-30,111.36257698874452,111.56555127194856,109.87741257221374,110.49623107910156,13746000.0
2025-07-31,111.03088904865045,111.2190122884005,109.47146946273966,109.61997985839844,13728200.0
2025-08-01,107.19422762851961,107.57542198367796,106.31303058699135,106.97640228271484,22660400.0
2025-08-04,107.79818267184231,108.40215013199949,107.45659365130166,108.23383331298828,12640200.0
2025-08-05,108.39225828195895,109.05562997037168,108.05562460865251,108.3724594116211,11021600.0
2025-08-06,108.69424337515213,110.67446280644712,108.54572540701747,110.62496185302734,11728800.0
2025-08-07,110.90218848325726,111.40713898628248,109.65959598788528,110.59030151367188,12127600.0
2025-08-08,110.65959202051731,111.32791898090775,110.5902846549457,110.78335571289062,10108600.0
2025-08-11,111.06060002304727,111.63486544537865,110.88237998004571,111.07050323486328,9686400.0
2025-08-12,111.91208470560503,112.37743741719596,111.12000157335241,112.24872589111328,9791400.0
2025-08-13,112.66952424283915,113.95171440882339,112.55071592101021,113.7883529663086,12555400.0
2025-08-14,113.13983595952497,113.84282051800022,113.02102762598713,113.6596450805664,11244600.0
2025-08-15,114.25369791970849,114.37251379523495,112.9863587965077,113.3873519897461,9346800.0
2025-08-18,113.15962592087953,114.01606860092524,113.15962592087953,113.84280395507812,9293000.0
2025-08-19,113.86260816745168,114.88241988414762,113.53092234578416,113.7883529663086,11843000.0
2025-08-20,114.02598210768205,114.29826378024032,111.97149999104916,112.66458129882812,15303600.0
2025-08-21,112.10515899922568,112.29328224224746,111.36257679227042,111.99624633789062,10117000.0
2025-08-22,112.54576476738833,115.45174179562267,112.38239576479766,115.39728546142578,14933800.0
2025-08-25,114.9814440030551,115.59531477524065,114.67946022332629,115.16461944580078,9851400.0
2025-08-26,115.00124688785431,115.72897814522265,114.91708846710299,115.69432067871094,10809600.0
2025-08-27,115.68936835239357,116.10521261074287,115.57055246974915,115.71907043457031,8764400.0
2025-08-28,115.94679337491037,116.09530377860476,115.19430792913127,115.91708374023438,8211400.0
2025-08-29,115.91214290711197,116.09036295623854,114.42203051992703,114.72401428222656,11766000.0
2025-09-02,113.27349704149515,114.00122826259998,113.02596962081833,113.86756134033203,14705400.0
2025-09-03,114.09528079212478,114.96657452400508,113.82299914030693,114.32795715332031,13839000.0
2025-09-04,115.20915642006385,116.47154770109084,115.06063846571887,116.4170913696289,24662400.0
2025-09-05,117.03096669325603,117.75375011759631,115.97154958767354,116.39234924316406,30997000.0
2025-09-08,116.99631552883625,117.17948340908508,116.45670754641728,116.84284973144531,18769200.0
2025-09-09,116.75868446255252,116.80323758422573,115.907189552202,116.67947387695312,13340200.0
2025-09-10,116.86263514284268,116.86263514284268,114.98142538781404,115.28340911865234,16330400.0
2025-09-11,115.7487711690532,117.60522682285891,115.60025320596127,117.52601623535156,16448800.0
2025-09-12,117.34284274241065,118.30819812537558,117.29333423910495,118.13493347167969,9002800.0
2025-09-15,120.02109662741148,120.18446563109646,118.57058201805307,119.15969848632812,13760200.0
2025-09-16,119.5903883341353,120.03098679171761,119.23394828373875,119.89236450195312,8687400.0
2025-09-17,119.81316621823524,120.49633671358166,118.31809858957428,119.59039306640625,15324000.0
2025-09-18,120.06564514393138,120.12504930519701,119.05078125,119.05078125,10819800.0
2025-09-19,119.67455394546504,120.03594184606142,119.28345641060002,119.50128173828125,12576200.0
2025-09-22,119.41945711175951,120.02448984267993,119.06238836671596,119.11197662353516,12283600.0
2025-09-23,119.38474450907529,119.47401548344362,117.79281987757005,117.9911880493164,9696400.0
2025-09-24,118.52183207561464,119.0326372957158,118.14492196328023,118.82434844970703,9862000.0
2025-09-25,118.08541302670658,118.13004472929558,116.61746285883095,117.14810943603516,11590800.0
2025-09-26,117.67875381021146,118.94833586850125,117.2720967782073,118.87890625,9749400.0
2025-09-29,119.50376826356673,119.81124119560634,118.65077151604338,119.39962005615234,11244600.0
2025-09-30,119.2855604900428,119.39466525474263,117.91183781978452,118.84418487548828,12982000.0
2025-10-01,118.64085703407696,119.95507081556222,118.43256817562977,119.58808135986328,11258000.0
2025-10-02,120.17327509252323,120.36172258443409,118.6507725192389,118.72515869140625,13191400.0
2025-10-03,119.26572646142012,119.4640946328812,117.30680482375377,117.96143341064453,13934400.0
2025-10-06,118.74995556126431,119.14174291059875,117.63411758499322,118.9731216430664,10462800.0
2025-10-07,118.66068712161824,118.6656436770887,116.85054549654538,116.89022064208984,14624000.0
2025-10-08,117.40103813622879,117.59444976147091,116.21577047030691,117.23738098144531,7910200.0
2025-10-09,116.7860862101329,116.82576135778494,115.8339053682659,116.65218353271484,9757600.0
2025-10-10,116.7067342898325,117.24729398045119,113.40880863024482,113.44352722167969,17978200.0
2025-10-13,114.48498161494628,116.15625655032864,114.29652655377176,115.97772216796875,10860200.0
2025-10-14,114.45025947899535,116.88030357235046,113.97912940790738,116.2207260131836,12533600.0
2025-10-15,116.75136092892338,117.52997146837029,115.4321907223026,116.38933563232422,10836000.0
2025-10-16,116.47860236106517,116.80591664434486,114.3957063563716,115.26358032226562,13036800.0
2025-10-17,115.20407482971453,116.53315822492654,114.93131291882828,116.25543975830078,11769800.0
2025-10-20,116.79103324631062,117.32167978973578,116.62241955797853,117.1778564453125,8356400.0
2025-10-21,117.40103370841098,119.05743898499274,117.33656821393565,118.61109924316406,8674600.0
2025-10-22,118.37801199285872,118.45736228893848,117.02908722854545,117.6837158203125,12749600.0
2025-10-23,116.7067301394871,118.36312774387295,116.31990692809784,118.21434783935547,11286800.0
2025-10-24,118.65572386725947,118.93840644361003,117.74321821483925,117.86224365234375,6481600.0
2025-10-27,119.0921455768511,119.98977401563539,118.83426090676738,119.55831909179688,7407800.0
2025-10-28,119.37979250141609,120.4658760661672,118.96321478452171,119.58808135986328,8999400.0
2025-10-29,119.61287071783673,119.63270450744395,117.92175448974048,118.6011734008789,11064000.0
2025-10-30,116.7761687771462,117.68867449672385,115.90829476219487,115.92317199707031,11853400.0
2025-10-31,119.20620084529374,119.65254054785862,118.22426560726716,118.98799133300781,13414400.0
2025-11-03,120.21789730817757,120.50553642995852,119.77652173120991,120.10382843017578,10730800.0
2025-11-04,118.57638010440525,119.46408783699697,117.94654946659108,118.1102066040039,9312600.0
2025-11-05,118.59126348392404,119.73189181494186,117.67875022494488,119.54840087890625,11716200.0
2025-11-06,118.8987375845368,119.05743817626741,116.17609014983657,116.78608703613281,14726000.0
2025-11-07,116.54307560799184,117.34647651619167,115.47683347507822,116.96957397460938,11502000.0
2025-11-10,118.1250913296297,118.69540550175432,117.64899712084562,118.5069580078125,10434800.0
2025-11-11,118.30363251918382,118.90866531834796,118.00111611960175,118.799560546875,12775400.0
2025-11-12,119.14669869971314,119.27563725192776,117.69858988789612,118.00110626220703,9314200.0
2025-11-13,117.50517562990166,117.88704228955812,114.84700138069908,115.05529022216797,15268400.0
2025-11-14,113.7410883673443,115.56114319591752,113.36417824913406,114.50481414794922,14662200.0
2025-11-17,113.90970065558247,115.19910888268025,112.78394200516459,113.42864990234375,20233600.0
2025-11-18,112.10452824732639,112.6946837903744,111.16226048735312,111.3358383178711,27057400.0
2025-11-19,112.19378653915139,112.19378653915139,110.75559840171775,111.34078979492188,15912200.0
2025-11-20,112.59053843223911,113.81548125416812,109.5653744656814,109.679443359375,24924400.0
2025-11-21,110.41340983569563,112.91784775410129,110.07618242731378,111.8317642211914,19013200.0
2025-11-24,112.69963450121067,113.99896339934922,112.57565250505971,113.32450103759766,11181800.0
2025-11-25,113.36913975206463,115.9380430674451,113.16084334036199,115.74958801269531,10395400.0
2025-11-26,116.15625234163623,116.78111887362468,115.69999950708366,116.54307556152344,8122200.0
2025-11-28,116.81087521100281,117.4357493202513,116.81087521100281,117.26713562011719,4827200.0
2025-12-01,116.70178348936857,117.99119178102126,116.65714421714225,117.3365707397461,11579800.0
2025-12-02,117.61924272801215,117.69859302407113,116.52820264261375,117.25721740722656,11105800.0
2025-12-03,117.27209464954981,118.83426482110255,117.27209464954981,118.52183532714844,9369800.0
2025-12-04,118.69540045132612,118.81938244583965,117.43078259383608,118.10028839111328,11828800.0
2025-12-05,118.20938954396361,119.11197450150014,118.20938954396361,118.75491333007812,4556800.0
2025-12-08,118.27882388733146,118.38792864891863,116.79103993906314,117.02908325195312,6400100.0
2025-12-09,116.5529991438348,117.52501377336739,116.37446476349565,117.01917266845703,5153900.0
2025-12-10,117.15802954901476,119.30043450280978,117.14810887051158,118.73507690429688,9440800.0
2025-12-11,118.745010541185,119.37979782397207,118.53672167345124,119.20126342773438,5863400.0
2025-12-12,119.52857063010237,120.37164673041319,118.68549452979154,119.7170181274414,7865600.0
2025-12-15,120.72871152348037,121.40317389495694,120.23278353172586,120.73863220214844,12137500.0
2025-12-16,120.66919868267071,121.22463559394548,120.07407905800731,120.93699645996094,12052000.0
2025-12-17,121.03619508080287,121.65114856876987,119.53849029541016,119.53849029541016,10597600.0
2025-12-18,121.22463294934317,122.6231458753677,121.08577372455379,121.3436508178711,11598200.0
2025-12-19,121.3734201088273,121.42300836792528,120.74854599265548,120.85765075683594,9728700.0
2025-12-22,121.60401001130317,122.06116703152529,121.33567393670646,121.5841293334961,8073400.0
2025-12-23,121.51456466533762,121.89222172899537,121.13691518393699,121.4151840209961,9766400.0
2025-12-24,121.52449831123867,121.87233433840477,121.17666228407259,121.83258056640625,2250000.0
2025-12-26,121.6735860854998,122.02142214990081,121.12698113982856,121.29593658447266,4197000.0
2025-12-29,120.80896025694165,120.80896025694165,119.96421335055034,120.10334777832031,6535400.0
2025-12-30,119.8648265605433,120.03377441671711,119.52692326593845,119.61637115478516,4180500.0
2025-12-31,119.69587624849738,119.71574934435709,118.62254709790257,118.6722412109375,4356100.0
2026-01-02,119.33810444763792,119.37785822314102,116.98274442931678,117.61878967285156,16200700.0
2026-01-05,118.21508214424294,120.4014943219263,117.8573057439358,119.55674743652344,17653800.0
2026-01-06,118.79149713136673,120.51081187169304,118.70205682497044,120.32198333740234,17759400.0
2026-01-07,120.5108144225751,121.37543439840309,120.15303802490234,120.15303802490234,11327700.0
2026-01-08,119.83501400306322,122.37919495034599,119.65612580631633,122.16055297851562,12565400.0
2026-01-09,122.16055013851242,123.79041696775626,121.425124272209,123.64134979248047,13817800.0
2026-01-12,123.10467818593165,124.23763414688322,122.57794639508862,123.75065612792969,8773100.0
2026-01-13,123.76061143748186,123.9295593017568,122.65746877643875,123.44258880615234,9033300.0
2026-01-14,122.62765365322397,122.64753433242859,120.88846575343746,121.49469757080078,10758100.0
2026-01-15,122.11087286798774,122.48852237775466,121.64377546401478,121.9419174194336,7447900.0
2026-01-16,122.00154485518864,122.27981369713503,121.12697697220594,121.54438781738281,7058700.0
2026-01-20,119.53686233077835,119.82507150825599,118.16539123522767,118.384033203125,9720000.0
2026-01-21,118.67223768328671,121.14685127727238,118.67223768328671,120.64994049072266,11017600.0
2026-01-22,121.37544103801133,122.3195761988394,120.96797808530742,121.86241912841797,6594200.0
2026-01-23,121.72327706961798,122.62765081379237,121.47482166111571,122.36925506591797,6470900.0
2026-01-26,122.29968060327096,122.63758388157243,121.54438166543358,121.56425476074219,4812700.0
2026-01-27,121.98166284973374,122.16055104364729,121.06734878406775,121.93197631835938,4269700.0
2026-01-28,122.32949864416601,122.92579767747674,120.83876622540352,121.01765441894531,8732200.0
2026-01-29,121.71333650877045,121.8425305913439,119.66606637275953,120.44124603271484,12410400.0
2026-01-30,120.51081171910667,121.24623759459926,119.79525893981345,120.4213638305664,11706400.0
2026-02-02,119.99401911767254,121.65370696956994,119.37785457186395,121.21642303466797,8483000.0
2026-02-03,121.32574694120767,122.00154595585606,119.07970792454428,120.24247741699219,12467800.0
2026-02-04,120.35180047223501,120.78908442518848,118.6126125822251,119.35797882080078,13915400.0
2026-02-05,117.81755672352425,118.09582556547379,116.3466973817459,116.78398132324219,13290000.0
2026-02-06,114.9752165902652,117.42995701152498,114.68700743328971,117.26100158691406,20971100.0
2026-02-09,116.70447677042185,117.47965644497557,115.680841683139,116.82373809814453,10975700.0
2026-02-10,117.03242948259604,118.48340805595352,116.97279503283012,117.59890747070312,9920700.0
2026-02-11,117.71817197138432,118.14551558621403,116.56534279465654,117.03244018554688,10214100.0
2026-02-12,117.6784180675734,118.46353045099497,115.1143565465863,115.4124984741211,16374300.0
2026-02-13,115.28330815484296,116.42620453662258,114.81621077933028,115.46219635009766,10836200.0
2026-02-17,115.26343983795422,115.60133556396981,113.72301322704008,115.32306671142578,9623000.0
2026-02-18,115.39263095223417,117.0324381707813,115.2236830935782,116.29700469970703,9719500.0
2026-02-19,115.6112679546742,115.82990991871374,114.86590175849781,115.52182006835938,9482400.0
2026-02-20,115.21374440098397,116.92311885530822,114.89572177568579,116.72434997558594,16652900.0
2026-02-23,115.91934813411815,116.04854220951502,113.15652536323311,114.279541015625,14604800.0
2026-02-24,114.68701287394971,116.3367527687276,114.60750532709712,116.01873016357422,11320500.0
2026-02-25,116.25725611682705,116.86348032764543,115.79015874357958,116.36656951904297,8776100.0
2026-02-26,116.50570856338086,116.93305215122025,115.42243908535485,116.32682037353516,9560900.0
2026-02-27,115.29325358868411,116.21750804129823,114.93547718236525,116.13800048828125,9636200.0
2026-03-02,113.32547488565481,115.01497614085824,113.0173926185575,114.7068862915039,18205600.0
2026-03-03,112.40122500411367,114.06090530894613,111.11919418963157,113.6534423828125,20773100.0
2026-03-04,114.37892729086477,115.90941350469546,114.17022565928657,115.6708984375,11496700.0
2026-03-05,115.2037978189438,116.35663451209244,114.80626766329748,115.82991027832031,14880400.0
2026-03-06,114.07084401360066,114.27954564335012,112.93788797652809,113.73294830322266,16348500.0
2026-03-09,112.24221938902564,114.21992234617576,110.30426262542227,113.88201904296875,16278500.0
2026-03-10,113.90189615841166,115.01497909933262,113.24597025155006,113.73294830322266,11784400.0
2026-03-11,114.12053853902721,114.98515849649995,112.86832117375621,113.43479919433594,10959300.0
2026-03-12,112.42110671370695,112.72918899596901,110.78129949027391,110.83098602294922,12088200.0
2026-03-13,111.47696796727803,111.79499057859812,110.0359296683526,110.17506408691406,11708600.0
2026-03-16,111.09931961104054,112.17264877846331,110.93037175568433,111.50678253173828,9307600.0
2026-03-17,112.08320559836869,112.94783317215618,112.02357872509285,112.4807357788086,6767000.0
2026-03-18,111.80493210653056,112.29190257667365,109.75766199827996,109.88685607910156,10979200.0
2026-03-19,108.95265721887483,109.65826963166592,108.1973582763772,109.02222442626953,12496400.0
2026-03-20,108.7539018096036,108.7539018096036,106.48798969520931,107.0743408203125,12297000.0
2026-03-23,109.3209027803352,110.96400405929086,109.13169492229216,109.65948486328125,14779100.0
2026-03-24,108.58399817880611,109.85864403310795,108.49437060600971,109.22132110595703,9032200.0
2026-03-25,110.69513932606053,111.44200287193539,109.63956701493163,110.26693725585938,9412900.0
2026-03-26,109.58977714078026,110.43622094601236,108.28525035637496,108.3748779296875,7981000.0
2026-03-27,107.85705111801336,107.85705111801336,105.00901087259317,105.23805236816406,10454700.0
2026-03-30,106.16416376448228,106.72181944573067,104.75010394560881,105.2181396484375,10192000.0
2026-03-31,106.78157226713574,108.95245590829954,106.26374262934141,108.52425384521484,19487500.0
2026-04-01,109.23127972382582,110.0378898790734,108.2852480577751,109.3408203125,14467600.0
2026-04-02,107.010606504496,109.07194955953487,106.65211139949021,107.69772338867188,9684700.0
2026-04-06,107.47864100524968,108.773207491959,107.47864100524968,108.58399963378906,6908800.0
2026-04-07,107.65788749977395,107.72759445775988,106.00482592826683,107.31930541992188,8956400.0
2026-04-08,111.78057991728834,112.13907503528989,109.81881707641563,110.35655975341797,14442400.0
2026-04-09,110.35655534855547,112.41789839604179,109.93831359341071,112.26852416992188,6660500.0
2026-04-10,112.52743304292208,112.98550840732742,111.77060924206233,112.41789245605469,5607400.0
2026-04-13,111.87019394461521,113.47346158216479,111.53161946090344,113.44358825683594,5992600.0
2026-04-14,114.1705411117563,116.34142476769355,114.10083415205831,115.95305633544922,8128600.0
2026-04-15,116.04267447851822,117.94469057340136,115.66426636006773,117.68577575683594,8034700.0
2026-04-16,117.90485327101227,118.05422749120866,116.61028682596141,117.13806915283203,5671900.0
2026-04-17,119.18945819262136,121.34042111004236,118.960416710992,119.90644836425781,9839500.0
2026-04-20,119.63758091174178,119.89649573418666,118.35297470488574,119.36871337890625,5450100.0
2026-04-21,120.33464801238229,120.40436256860089,118.18368500193918,118.47247314453125,7208300.0
2026-04-22,119.03012938157111,119.25917087419718,118.16377254715526,118.4326400756836,5289900.0
2026-04-23,117.72560799384944,118.35297061377214,116.18208701790348,117.24761199951172,7530900.0
2026-04-24,117.64594631388263,118.40277017522794,117.17791060485973,118.19364929199219,5546000.0
2026-04-27,117.59615300544965,117.95464812078376,116.78954279469238,117.34719848632812,6915900.0
2026-04-28,116.95883044805362,117.297412545922,116.38126173578948,116.52067565917969,6740900.0
2026-04-29,115.72401674691555,116.64016754589086,115.64434947809451,116.35137939453125,8155400.0
2026-04-30,118.00443861869988,118.17372586336316,115.94309556444999,117.85506439208984,10280700.0
2026-05-01,118.11397522724741,119.26912017258711,117.32727808462927,118.1338882446289,13071300.0
2026-05-04,117.85506190130188,118.80109358484583,116.69991694140764,117.22769927978516,10737700.0
2026-05-05,118.09405493586728,118.79113210594538,117.5563198927202,117.57623291015625,6216900.0
2026-05-06,118.4724756069731,120.03590965454416,118.2733074368275,119.36871337890625,10430700.0
2026-05-07,120.08569199547061,120.59356131554921,118.82100644653644,119.378662109375,7928000.0
2026-05-08,119.74712060168886,120.62343775124559,119.43841943715535,119.69732666015625,6054100.0
2026-05-11,118.88075654335519,119.35875255213783,118.01439969882684,118.87080383300781,5829100.0
2026-05-12,118.53222183670522,118.85088331031334,116.95882748686383,117.79531860351562,6622100.0
2026-05-13,117.56627482146074,118.73138769690405,116.95882521210208,118.22351837158203,4611800.0
2026-05-14,118.5123033872559,119.1794996299386,118.06418072467928,118.17372131347656,5966700.0
2026-05-15,116.8194157143624,116.87916996503589,115.82359764134597,116.04267883300781,10453900.0
2026-05-18,116.01279704347843,117.287442868358,115.05681267481877,115.83354949951172,9985100.0
2026-05-19,114.64853048178789,114.83773834433329,113.72241938233806,114.5489501953125,8578200.0
2026-05-20,114.78794496650251,117.45673768359877,114.29999624213283,117.44678497314453,12155100.0
2026-05-21,117.09823939294141,118.72142765659932,116.32150253922252,118.20359802246094,7082300.0
2026-05-22,118.66168183063766,119.36871173054129,118.48243427872626,118.68159484863281,5289800.0
2026-05-26,119.22929777557657,119.7371595079293,118.20359880815474,118.9504623413086,5007100.0
2026-05-27,120.18528288095344,121.440008153712,120.04586896175805,121.04168701171875,13116100.0
2026-05-28,120.59356089902666,121.67900649328959,120.06577856316473,121.54954528808594,7591900.0
2026-05-29,121.09147540488235,121.66905170703083,120.32469883633196,120.36453247070312,7258000.0
2026-06-01,119.18946684629128,119.32888076784393,117.47665855579989,117.69573974609375,11012100.0
2026-06-02,117.02853675207554,117.77540030782119,116.07255231241979,117.0982437133789,8219300.0
2026-06-03,116.14225629437685,117.12812163286318,115.64434726998573,116.2418441772461,6086400.0
2026-06-04,117.46670005059008,117.6957415523639,116.55054923847281,116.7696304321289,4969900.0
2026-06-05,116.90904031277013,117.60610990712462,114.09087341454351,114.3796615600586,7699300.0
2026-06-08,114.29003028092266,115.53480280013302,114.29003028092266,114.90744018554688,6307400.0
2026-06-09,115.67422514996628,117.09823762867008,113.77220908003937,115.38543701171875,8203500.0
2026-06-10,114.97715126497793,115.1962324518118,112.90584789535261,113.01538848876953,7515100.0
2026-06-11,113.64275322949764,115.97296370956002,112.96559668360553,115.81363677978516,8680300.0
2026-06-12,116.53062273137904,116.53062273137904,114.3398261005454,116.11238098144531,7655200.0
2026-06-15,118.11397608859669,119.01021382707017,117.81522764327599,118.07414245605469,6590300.0
2026-06-16,118.17372812102323,118.96042530520941,117.84510633570073,117.96460723876953,6050500.0
2026-06-17,117.31731650610546,117.67581159499636,114.69831789322485,115.00701904296875,9065700.0
2026-06-18,116.1621746231348,117.1679529599016,115.05681600294791,116.6700439453125,8728500.0
2026-06-22,115.7350963828364,116.66305290441511,114.61756258489424,114.68740844726562,7555600.0
2026-06-23,113.69957941394094,114.40802581069197,113.22063852931353,113.51000213623047,9196000.0
2026-06-24,113.89913945133091,116.70296161082172,113.67962171693432,114.8171157836914,8301400.0
2026-06-25,114.39804488737201,114.80713990638577,112.88138100009998,113.10089874267578,7151300.0
2026-06-26,112.9512254128499,115.2062609040576,112.91132001710105,114.11865997314453,8948900.0
2026-06-29,114.95681129270784,117.28169266526847,114.7871867151291,116.86261749267578,10586700.0
2026-06-30,115.97457463586656,117.31162617860157,115.97457463586656,117.02226257324219,5167900.0
2026-07-01,117.52116617305856,118.8981383655659,116.64310279623207,117.83048248291016,9864300.0
2026-07-02,118.36929360546779,118.94802081293085,116.32380329393031,116.86261749267578,10882400.0
2026-07-06,117.27171525413355,117.93026849444219,115.84485751275972,117.75066375732422,9063600.0
2026-07-07,118.65865544371928,118.85822048433799,116.85263559873047,117.13201904296875,9191400.0
2026-07-08,116.05439050701415,116.06437066218876,114.18850495863762,115.04661560058594,15042700.0
2026-07-09,114.46789195255327,116.62314116681257,114.29826737246347,116.59320831298828,8521800.0
2026-07-10,117.33157488162199,117.63091863218128,116.22402127485937,116.98234558105469,5971500.0
2026-07-13,116.94243519870217,117.26173165390696,115.36591323323177,115.78498840332031,5984800.0
2026-07-14,115.75505305724991,116.14419536575566,115.206258718266,115.64529418945312,6669300.0
2026-07-15,116.20406756088741,117.55109928961063,116.20406756088741,116.74288177490234,9073000.0
2026-07-16,116.86262029785503,117.96020141973717,116.6031895412773,117.0821304321289,6057000.0
2026-07-17,115.65527815364352,116.61316753017732,115.06657078765087,115.18630981445312,10275100.0
2026-07-20,115.96459384989332,115.96459384989332,114.12863351167913,114.3581314086914,7804500.0
2026-07-21,114.38806344495914,114.91689748468993,114.02885398162731,114.61756134033203,6557800.0
2026-07-22,114.6474954082034,114.97677202185096,113.56986700679032,113.76942443847656,7106000.0
2026-07-23,110.2372097678159,110.34696102547629,108.05202012996477,108.52098846435547,12650300.0
2026-07-24,108.86023937554634,109.69839734286072,108.41123134448272,109.16956329345703,8210700.0
2026-07-27,110.62635312483798,111.11527416177242,110.05760607010212,110.5964126586914,6979100.0
2026-07-28,111.41461335675437,112.28269652373176,111.00551074175715,112.2328109741211,6017900.0
2026-07-29,111.70397235755131,113.34036763652918,111.19509862957396,111.3647232055664,7534100.0
2026-07-30,111.9234876363403,112.55210798815752,111.21504888221729,112.14300537109375,8074000.0
2026-07-31,115.1863115439703,116.13422077934638,114.71734319773837,115.83487701416016,13158000.0
2026-08-03,117.38147114967654,118.85822201880832,117.38147114967654,117.9502182006836,10041500.0
2026-08-04,117.27171261460896,118.30942800430857,116.86261759698752,118.03004455566406,10500800.0
2026-08-05,119.01786536815085,119.37707483003686,117.81052541505598,118.3792724609375,6117400.0
2026-08-06,118.34934308568747,118.5389279774284,117.45131940458322,117.84046173095703,4827900.0
2026-08-07,118.25953659528231,120.1753229807286,118.2395838969236,119.59659576416016,5077300.0
2026-08-10,118.96797745296688,119.5965901924607,118.59878784319113,119.4070053100586,4466100.0
2026-08-11,119.4070063682982,119.69636996566618,118.84823948379609,118.97795104980469,3788600.0
2026-08-12,119.05777809915037,119.05777809915037,117.29167125951398,117.63092041015625,4486900.0
2026-08-13,117.78059461633083,118.66863813130826,117.63092273582976,118.18968963623047,4521100.0
2026-08-14,118.20964985986558,118.91808864024496,117.83048008119208,117.94023895263672,3839300.0
2026-08-17,117.70077109103075,117.70077109103075,116.23400033378776,116.4934310913086,6884900.0
2026-08-18,116.44353535087973,117.32160632226262,115.8149225885172,116.10428619384766,5287000.0
2026-08-19,116.6431029580279,118.79835219963816,116.47347837578549,118.32938385009766,7526400.0
2026-08-20,116.7927736118045,117.14200292822261,116.12424022022911,116.423583984375,5155600.0
2026-08-21,117.18191577214156,118.16973801222302,116.48344952766354,117.76063537597656,6561400.0
2026-08-24,118.11984220797584,118.52894483508081,117.81052590830095,118.04002380371094,4662300.0
2026-08-25,118.1497840652687,118.30942848830665,117.49123083708852,117.69078826904297,4156100.0
2026-08-26,117.43136088238468,117.58102514462294,116.49342423834342,116.90252685546875,3271600.0
2026-08-27,116.28388891047202,116.36371492696348,115.55548983208632,115.62533569335938,5231500.0
2026-08-28,116.45351427878269,117.31162493033749,116.12423766798487,116.9524154663086,4505600.0
2026-08-31,116.30384552731171,116.88257274743397,116.03444222836,116.33377838134766,4912700.0
2026-09-01,115.16635072837374,115.36591577516637,114.06876961521279,114.33817291259766,5883300.0
2026-09-02,114.7372936612709,114.85703268753866,113.99892203085633,114.60758209228516,4238600.0
2026-09-03,115.67522937599679,116.81272347190763,115.57545066124861,116.20406341552734,5658600.0
2026-09-04,115.00670765271829,115.48564854538279,114.2084626814398,114.65747833251953,5120000.0
2026-09-08,114.2184428289894,114.37808725565688,113.50002387741513,113.73949432373047,7821200.0
2026-09-09,112.71175365796485,113.02106995348518,112.02326759361017,112.21285247802734,7683800.0
2026-09-10,111.2449827844642,112.4024371740405,110.77601445808855,111.71395111083984,5814100.0
2026-09-11,112.62195528673828,113.00111744357466,112.30265883555295,112.71175384521484,4536700.0
2026-09-14,112.06318317526554,113.03105270459372,111.86362574375846,112.60199737548828,5276300.0
2026-09-15,112.2826974243973,112.38247613704672,110.31702557342952,110.63632202148438,12691100.0
2026-09-16,110.85584257081835,111.2150520355766,109.38907185849351,109.9378662109375,8874600.0
2026-09-17,111.79377568370542,111.99333310771928,110.92568490272686,111.14520263671875,4508600.0
2026-09-18,111.21505080530075,111.5243671027322,110.38687301445685,110.78599548339844,5418200.0
2026-09-21,111.54000091552734,112.61000061035156,111.12000274658203,112.2300033569336,4977200.0
2026-09-22,112.9800033569336,113.29000091552734,111.9800033569336,112.33000183105469,7643400.0
2026-09-23,111.70999908447266,112.08000183105469,110.36000061035156,110.6500015258789,6961700.0
2026-09-24,110.16000366210938,110.9000015258789,109.62000274658203,110.31999969482422,5000300.0
2026-09-25,110.66999816894531,110.91999816894531,109.6500015258789,110.55999755859375,6128700.0
2026-09-28,109.63999938964844,109.93000030517578,108.91000366210938,109.0,6449200.0
2026-09-29,109.3499984741211,109.56999969482422,108.68000030517578,109.1500015258789,7693300.0
2026-09-30,109.26000213623047,109.69999694824219,108.61000061035156,108.83999633789062,5635000.0
2026-10-01,109.20999908447266,109.37999725341797,107.98999786376953,108.80999755859375,7752600.0
2026-10-02,109.88999938964844,110.63999938964844,109.61000061035156,110.04000091552734,8619400.0
